[2026-09-16T15:44:36.241+0000] {local_task_job_runner.py:120} INFO - ::group::Pre task execution logs
[2026-09-16T15:44:36.277+0000] {taskinstance.py:2076} INFO - Dependencies all met for dep_context=non-requeueable deps ti=<TaskInstance: json_dag.extract manual__2026-09-16T15:44:34.222030+00:00 [queued]>
[2026-09-16T15:44:36.314+0000] {taskinstance.py:2076} INFO - Dependencies all met for dep_context=requeueable deps ti=<TaskInstance: json_dag.extract manual__2026-09-16T15:44:34.222030+00:00 [queued]>
[2026-09-16T15:44:36.317+0000] {taskinstance.py:2306} INFO - Starting attempt 1 of 1
[2026-09-16T15:44:36.398+0000] {taskinstance.py:2330} INFO - Executing <Task(_PythonDecoratedOperator): extract> on 2026-09-16 15:44:34.222030+00:00
[2026-09-16T15:44:36.412+0000] {standard_task_runner.py:63} INFO - Started process 283 to run task
[2026-09-16T15:44:36.419+0000] {standard_task_runner.py:90} INFO - Running: ['airflow', 'tasks', 'run', 'json_dag', 'extract', 'manual__2026-09-16T15:44:34.222030+00:00', '--job-id', '27', '--raw', '--subdir', 'DAGS_FOLDER/json_dag.py', '--cfg-path', '/tmp/tmpgtuo1muo']
[2026-09-16T15:44:36.423+0000] {standard_task_runner.py:91} INFO - Job 27: Subtask extract
[2026-09-16T15:44:36.485+0000] {task_command.py:426} INFO - Running <TaskInstance: json_dag.extract manual__2026-09-16T15:44:34.222030+00:00 [running]> on host bde7cb56f656
[2026-09-16T15:44:36.615+0000] {taskinstance.py:2648} INFO - Exporting env vars: AIRFLOW_CTX_DAG_OWNER='airflow' AIRFLOW_CTX_DAG_ID='json_dag' AIRFLOW_CTX_TASK_ID='extract' AIRFLOW_CTX_EXECUTION_DATE='2026-09-16T15:44:34.222030+00:00' AIRFLOW_CTX_TRY_NUMBER='1' AIRFLOW_CTX_DAG_RUN_ID='manual__2026-09-16T15:44:34.222030+00:00'
[2026-09-16T15:44:36.618+0000] {taskinstance.py:430} INFO - ::endgroup::
[2026-09-16T15:44:40.097+0000] {logging_mixin.py:188} INFO - Start loading informations
[2026-09-16T15:45:46.872+0000] {logging_mixin.py:188} WARNING - Traceback (most recent call last):
[2026-09-16T15:45:46.879+0000] {logging_mixin.py:188} WARNING -   File "/home/airflow/.local/lib/python3.10/site-packages/urllib3/connectionpool.py", line 793, in urlopen
    response = self._make_request(
[2026-09-16T15:45:46.889+0000] {logging_mixin.py:188} WARNING -   File "/home/airflow/.local/lib/python3.10/site-packages/urllib3/connectionpool.py", line 537, in _make_request
    response = conn.getresponse()
[2026-09-16T15:45:46.891+0000] {logging_mixin.py:188} WARNING -   File "/home/airflow/.local/lib/python3.10/site-packages/urllib3/connection.py", line 466, in getresponse
    httplib_response = super().getresponse()
[2026-09-16T15:45:46.901+0000] {logging_mixin.py:188} WARNING -   File "/usr/local/lib/python3.10/http/client.py", line 1375, in getresponse
    response.begin()
[2026-09-16T15:45:46.903+0000] {logging_mixin.py:188} WARNING -   File "/usr/local/lib/python3.10/http/client.py", line 318, in begin
    version, status, reason = self._read_status()
[2026-09-16T15:45:46.917+0000] {logging_mixin.py:188} WARNING -   File "/usr/local/lib/python3.10/http/client.py", line 287, in _read_status
    raise RemoteDisconnected("Remote end closed connection without"
[2026-09-16T15:45:46.963+0000] {logging_mixin.py:188} WARNING - http.client.RemoteDisconnected: Remote end closed connection without response
[2026-09-16T15:45:46.999+0000] {logging_mixin.py:188} WARNING - 
During handling of the above exception, another exception occurred:
[2026-09-16T15:45:47.015+0000] {logging_mixin.py:188} WARNING - Traceback (most recent call last):
[2026-09-16T15:45:47.032+0000] {logging_mixin.py:188} WARNING -   File "/home/airflow/.local/lib/python3.10/site-packages/requests/adapters.py", line 486, in send
    resp = conn.urlopen(
[2026-09-16T15:45:47.068+0000] {logging_mixin.py:188} WARNING -   File "/home/airflow/.local/lib/python3.10/site-packages/urllib3/connectionpool.py", line 847, in urlopen
    retries = retries.increment(
[2026-09-16T15:45:47.106+0000] {logging_mixin.py:188} WARNING -   File "/home/airflow/.local/lib/python3.10/site-packages/urllib3/util/retry.py", line 470, in increment
    raise reraise(type(error), error, _stacktrace)
[2026-09-16T15:45:47.139+0000] {logging_mixin.py:188} WARNING -   File "/home/airflow/.local/lib/python3.10/site-packages/urllib3/util/util.py", line 38, in reraise
    raise value.with_traceback(tb)
[2026-09-16T15:45:47.157+0000] {logging_mixin.py:188} WARNING -   File "/home/airflow/.local/lib/python3.10/site-packages/urllib3/connectionpool.py", line 793, in urlopen
    response = self._make_request(
[2026-09-16T15:45:47.180+0000] {logging_mixin.py:188} WARNING -   File "/home/airflow/.local/lib/python3.10/site-packages/urllib3/connectionpool.py", line 537, in _make_request
    response = conn.getresponse()
[2026-09-16T15:45:47.184+0000] {logging_mixin.py:188} WARNING -   File "/home/airflow/.local/lib/python3.10/site-packages/urllib3/connection.py", line 466, in getresponse
    httplib_response = super().getresponse()
[2026-09-16T15:45:47.222+0000] {logging_mixin.py:188} WARNING -   File "/usr/local/lib/python3.10/http/client.py", line 1375, in getresponse
    response.begin()
[2026-09-16T15:45:47.254+0000] {logging_mixin.py:188} WARNING -   File "/usr/local/lib/python3.10/http/client.py", line 318, in begin
    version, status, reason = self._read_status()
[2026-09-16T15:45:47.266+0000] {logging_mixin.py:188} WARNING -   File "/usr/local/lib/python3.10/http/client.py", line 287, in _read_status
    raise RemoteDisconnected("Remote end closed connection without"
[2026-09-16T15:45:47.273+0000] {logging_mixin.py:188} WARNING - urllib3.exceptions.ProtocolError: ('Connection aborted.', RemoteDisconnected('Remote end closed connection without response'))
[2026-09-16T15:45:47.285+0000] {logging_mixin.py:188} WARNING - 
During handling of the above exception, another exception occurred:
[2026-09-16T15:45:47.292+0000] {logging_mixin.py:188} WARNING - Traceback (most recent call last):
[2026-09-16T15:45:47.305+0000] {logging_mixin.py:188} WARNING -   File "/opt/airflow/src/app.py", line 72, in get_all_videos
    video = clt.get_video_info(id, self.config.videoInfoUrl,
[2026-09-16T15:45:47.314+0000] {logging_mixin.py:188} WARNING -   File "/opt/airflow/src/controller/info.py", line 12, in get_video_info
    response: req.Response = req.get(url, params=params)
[2026-09-16T15:45:47.319+0000] {logging_mixin.py:188} WARNING -   File "/home/airflow/.local/lib/python3.10/site-packages/requests/api.py", line 73, in get
    return request("get", url, params=params, **kwargs)
[2026-09-16T15:45:47.325+0000] {logging_mixin.py:188} WARNING -   File "/home/airflow/.local/lib/python3.10/site-packages/requests/api.py", line 59, in request
    return session.request(method=method, url=url, **kwargs)
[2026-09-16T15:45:47.334+0000] {logging_mixin.py:188} WARNING -   File "/home/airflow/.local/lib/python3.10/site-packages/requests/sessions.py", line 589, in request
    resp = self.send(prep, **send_kwargs)
[2026-09-16T15:45:47.336+0000] {logging_mixin.py:188} WARNING -   File "/home/airflow/.local/lib/python3.10/site-packages/requests/sessions.py", line 703, in send
    r = adapter.send(request, **kwargs)
[2026-09-16T15:45:47.337+0000] {logging_mixin.py:188} WARNING -   File "/home/airflow/.local/lib/python3.10/site-packages/requests/adapters.py", line 501, in send
    raise ConnectionError(err, request=request)
[2026-09-16T15:45:47.338+0000] {logging_mixin.py:188} WARNING - requests.exceptions.ConnectionError: ('Connection aborted.', RemoteDisconnected('Remote end closed connection without response'))
[2026-09-16T15:45:47.389+0000] {logging_mixin.py:188} WARNING - Traceback (most recent call last):
[2026-09-16T15:45:47.390+0000] {logging_mixin.py:188} WARNING -   File "/home/airflow/.local/lib/python3.10/site-packages/urllib3/connection.py", line 198, in _new_conn
    sock = connection.create_connection(
[2026-09-16T15:45:47.391+0000] {logging_mixin.py:188} WARNING -   File "/home/airflow/.local/lib/python3.10/site-packages/urllib3/util/connection.py", line 60, in create_connection
    for res in socket.getaddrinfo(host, port, family, socket.SOCK_STREAM):
[2026-09-16T15:45:47.396+0000] {logging_mixin.py:188} WARNING -   File "/usr/local/lib/python3.10/socket.py", line 955, in getaddrinfo
    for res in _socket.getaddrinfo(host, port, family, type, proto, flags):
[2026-09-16T15:45:47.398+0000] {logging_mixin.py:188} WARNING - socket.gaierror: [Errno -2] Name or service not known
[2026-09-16T15:45:47.399+0000] {logging_mixin.py:188} WARNING - 
The above exception was the direct cause of the following exception:
[2026-09-16T15:45:47.400+0000] {logging_mixin.py:188} WARNING - Traceback (most recent call last):
[2026-09-16T15:45:47.401+0000] {logging_mixin.py:188} WARNING -   File "/home/airflow/.local/lib/python3.10/site-packages/urllib3/connectionpool.py", line 793, in urlopen
    response = self._make_request(
[2026-09-16T15:45:47.402+0000] {logging_mixin.py:188} WARNING -   File "/home/airflow/.local/lib/python3.10/site-packages/urllib3/connectionpool.py", line 491, in _make_request
    raise new_e
[2026-09-16T15:45:47.403+0000] {logging_mixin.py:188} WARNING -   File "/home/airflow/.local/lib/python3.10/site-packages/urllib3/connectionpool.py", line 467, in _make_request
    self._validate_conn(conn)
[2026-09-16T15:45:47.404+0000] {logging_mixin.py:188} WARNING -   File "/home/airflow/.local/lib/python3.10/site-packages/urllib3/connectionpool.py", line 1099, in _validate_conn
    conn.connect()
[2026-09-16T15:45:47.406+0000] {logging_mixin.py:188} WARNING -   File "/home/airflow/.local/lib/python3.10/site-packages/urllib3/connection.py", line 616, in connect
    self.sock = sock = self._new_conn()
[2026-09-16T15:45:47.407+0000] {logging_mixin.py:188} WARNING -   File "/home/airflow/.local/lib/python3.10/site-packages/urllib3/connection.py", line 205, in _new_conn
    raise NameResolutionError(self.host, self, e) from e
[2026-09-16T15:45:47.408+0000] {logging_mixin.py:188} WARNING - urllib3.exceptions.NameResolutionError: <urllib3.connection.HTTPSConnection object at 0x7bc5c06d4970>: Failed to resolve 'www.googleapis.com' ([Errno -2] Name or service not known)
[2026-09-16T15:45:47.412+0000] {logging_mixin.py:188} WARNING - 
The above exception was the direct cause of the following exception:
[2026-09-16T15:45:47.413+0000] {logging_mixin.py:188} WARNING - Traceback (most recent call last):
[2026-09-16T15:45:47.414+0000] {logging_mixin.py:188} WARNING -   File "/home/airflow/.local/lib/python3.10/site-packages/requests/adapters.py", line 486, in send
    resp = conn.urlopen(
[2026-09-16T15:45:47.415+0000] {logging_mixin.py:188} WARNING -   File "/home/airflow/.local/lib/python3.10/site-packages/urllib3/connectionpool.py", line 847, in urlopen
    retries = retries.increment(
[2026-09-16T15:45:47.416+0000] {logging_mixin.py:188} WARNING -   File "/home/airflow/.local/lib/python3.10/site-packages/urllib3/util/retry.py", line 515, in increment
    raise MaxRetryError(_pool, url, reason) from reason  # type: ignore[arg-type]
[2026-09-16T15:45:47.417+0000] {logging_mixin.py:188} WARNING - urllib3.exceptions.MaxRetryError: HTTPSConnectionPool(host='www.googleapis.com', port=443): Max retries exceeded with url: /youtube/v3/videos?part=snippet%2Cstatistics%2CcontentDetails&id=Qtl8lJwbd4g&key=AIzaSyCu0SeP4QtsaF8H6qeF4NcFYaRehf3ot8w (Caused by NameResolutionError("<urllib3.connection.HTTPSConnection object at 0x7bc5c06d4970>: Failed to resolve 'www.googleapis.com' ([Errno -2] Name or service not known)"))
[2026-09-16T15:45:47.417+0000] {logging_mixin.py:188} WARNING - 
During handling of the above exception, another exception occurred:
[2026-09-16T15:45:47.418+0000] {logging_mixin.py:188} WARNING - Traceback (most recent call last):
[2026-09-16T15:45:47.419+0000] {logging_mixin.py:188} WARNING -   File "/opt/airflow/src/app.py", line 72, in get_all_videos
    video = clt.get_video_info(id, self.config.videoInfoUrl,
[2026-09-16T15:45:47.420+0000] {logging_mixin.py:188} WARNING -   File "/opt/airflow/src/controller/info.py", line 12, in get_video_info
    response: req.Response = req.get(url, params=params)
[2026-09-16T15:45:47.421+0000] {logging_mixin.py:188} WARNING -   File "/home/airflow/.local/lib/python3.10/site-packages/requests/api.py", line 73, in get
    return request("get", url, params=params, **kwargs)
[2026-09-16T15:45:47.421+0000] {logging_mixin.py:188} WARNING -   File "/home/airflow/.local/lib/python3.10/site-packages/requests/api.py", line 59, in request
    return session.request(method=method, url=url, **kwargs)
[2026-09-16T15:45:47.422+0000] {logging_mixin.py:188} WARNING -   File "/home/airflow/.local/lib/python3.10/site-packages/requests/sessions.py", line 589, in request
    resp = self.send(prep, **send_kwargs)
[2026-09-16T15:45:47.423+0000] {logging_mixin.py:188} WARNING -   File "/home/airflow/.local/lib/python3.10/site-packages/requests/sessions.py", line 703, in send
    r = adapter.send(request, **kwargs)
[2026-09-16T15:45:47.424+0000] {logging_mixin.py:188} WARNING -   File "/home/airflow/.local/lib/python3.10/site-packages/requests/adapters.py", line 519, in send
    raise ConnectionError(e, request=request)
[2026-09-16T15:45:47.425+0000] {logging_mixin.py:188} WARNING - requests.exceptions.ConnectionError: HTTPSConnectionPool(host='www.googleapis.com', port=443): Max retries exceeded with url: /youtube/v3/videos?part=snippet%2Cstatistics%2CcontentDetails&id=Qtl8lJwbd4g&key=AIzaSyCu0SeP4QtsaF8H6qeF4NcFYaRehf3ot8w (Caused by NameResolutionError("<urllib3.connection.HTTPSConnection object at 0x7bc5c06d4970>: Failed to resolve 'www.googleapis.com' ([Errno -2] Name or service not known)"))
[2026-09-16T15:45:47.448+0000] {logging_mixin.py:188} WARNING - Traceback (most recent call last):
[2026-09-16T15:45:47.449+0000] {logging_mixin.py:188} WARNING -   File "/home/airflow/.local/lib/python3.10/site-packages/urllib3/connection.py", line 198, in _new_conn
    sock = connection.create_connection(
[2026-09-16T15:45:47.451+0000] {logging_mixin.py:188} WARNING -   File "/home/airflow/.local/lib/python3.10/site-packages/urllib3/util/connection.py", line 60, in create_connection
    for res in socket.getaddrinfo(host, port, family, socket.SOCK_STREAM):
[2026-09-16T15:45:47.451+0000] {logging_mixin.py:188} WARNING -   File "/usr/local/lib/python3.10/socket.py", line 955, in getaddrinfo
    for res in _socket.getaddrinfo(host, port, family, type, proto, flags):
[2026-09-16T15:45:47.452+0000] {logging_mixin.py:188} WARNING - socket.gaierror: [Errno -2] Name or service not known
[2026-09-16T15:45:47.453+0000] {logging_mixin.py:188} WARNING - 
The above exception was the direct cause of the following exception:
[2026-09-16T15:45:47.454+0000] {logging_mixin.py:188} WARNING - Traceback (most recent call last):
[2026-09-16T15:45:47.455+0000] {logging_mixin.py:188} WARNING -   File "/home/airflow/.local/lib/python3.10/site-packages/urllib3/connectionpool.py", line 793, in urlopen
    response = self._make_request(
[2026-09-16T15:45:47.456+0000] {logging_mixin.py:188} WARNING -   File "/home/airflow/.local/lib/python3.10/site-packages/urllib3/connectionpool.py", line 491, in _make_request
    raise new_e
[2026-09-16T15:45:47.457+0000] {logging_mixin.py:188} WARNING -   File "/home/airflow/.local/lib/python3.10/site-packages/urllib3/connectionpool.py", line 467, in _make_request
    self._validate_conn(conn)
[2026-09-16T15:45:47.457+0000] {logging_mixin.py:188} WARNING -   File "/home/airflow/.local/lib/python3.10/site-packages/urllib3/connectionpool.py", line 1099, in _validate_conn
    conn.connect()
[2026-09-16T15:45:47.458+0000] {logging_mixin.py:188} WARNING -   File "/home/airflow/.local/lib/python3.10/site-packages/urllib3/connection.py", line 616, in connect
    self.sock = sock = self._new_conn()
[2026-09-16T15:45:47.462+0000] {logging_mixin.py:188} WARNING -   File "/home/airflow/.local/lib/python3.10/site-packages/urllib3/connection.py", line 205, in _new_conn
    raise NameResolutionError(self.host, self, e) from e
[2026-09-16T15:45:47.463+0000] {logging_mixin.py:188} WARNING - urllib3.exceptions.NameResolutionError: <urllib3.connection.HTTPSConnection object at 0x7bc5c06d67a0>: Failed to resolve 'www.googleapis.com' ([Errno -2] Name or service not known)
[2026-09-16T15:45:47.465+0000] {logging_mixin.py:188} WARNING - 
The above exception was the direct cause of the following exception:
[2026-09-16T15:45:47.466+0000] {logging_mixin.py:188} WARNING - Traceback (most recent call last):
[2026-09-16T15:45:47.467+0000] {logging_mixin.py:188} WARNING -   File "/home/airflow/.local/lib/python3.10/site-packages/requests/adapters.py", line 486, in send
    resp = conn.urlopen(
[2026-09-16T15:45:47.468+0000] {logging_mixin.py:188} WARNING -   File "/home/airflow/.local/lib/python3.10/site-packages/urllib3/connectionpool.py", line 847, in urlopen
    retries = retries.increment(
[2026-09-16T15:45:47.469+0000] {logging_mixin.py:188} WARNING -   File "/home/airflow/.local/lib/python3.10/site-packages/urllib3/util/retry.py", line 515, in increment
    raise MaxRetryError(_pool, url, reason) from reason  # type: ignore[arg-type]
[2026-09-16T15:45:47.469+0000] {logging_mixin.py:188} WARNING - urllib3.exceptions.MaxRetryError: HTTPSConnectionPool(host='www.googleapis.com', port=443): Max retries exceeded with url: /youtube/v3/videos?part=snippet%2Cstatistics%2CcontentDetails&id=LiH-P4rSkLI&key=AIzaSyCu0SeP4QtsaF8H6qeF4NcFYaRehf3ot8w (Caused by NameResolutionError("<urllib3.connection.HTTPSConnection object at 0x7bc5c06d67a0>: Failed to resolve 'www.googleapis.com' ([Errno -2] Name or service not known)"))
[2026-09-16T15:45:47.470+0000] {logging_mixin.py:188} WARNING - 
During handling of the above exception, another exception occurred:
[2026-09-16T15:45:47.471+0000] {logging_mixin.py:188} WARNING - Traceback (most recent call last):
[2026-09-16T15:45:47.471+0000] {logging_mixin.py:188} WARNING -   File "/opt/airflow/src/app.py", line 72, in get_all_videos
    video = clt.get_video_info(id, self.config.videoInfoUrl,
[2026-09-16T15:45:47.472+0000] {logging_mixin.py:188} WARNING -   File "/opt/airflow/src/controller/info.py", line 12, in get_video_info
    response: req.Response = req.get(url, params=params)
[2026-09-16T15:45:47.472+0000] {logging_mixin.py:188} WARNING -   File "/home/airflow/.local/lib/python3.10/site-packages/requests/api.py", line 73, in get
    return request("get", url, params=params, **kwargs)
[2026-09-16T15:45:47.472+0000] {logging_mixin.py:188} WARNING -   File "/home/airflow/.local/lib/python3.10/site-packages/requests/api.py", line 59, in request
    return session.request(method=method, url=url, **kwargs)
[2026-09-16T15:45:47.473+0000] {logging_mixin.py:188} WARNING -   File "/home/airflow/.local/lib/python3.10/site-packages/requests/sessions.py", line 589, in request
    resp = self.send(prep, **send_kwargs)
[2026-09-16T15:45:47.473+0000] {logging_mixin.py:188} WARNING -   File "/home/airflow/.local/lib/python3.10/site-packages/requests/sessions.py", line 703, in send
    r = adapter.send(request, **kwargs)
[2026-09-16T15:45:47.474+0000] {logging_mixin.py:188} WARNING -   File "/home/airflow/.local/lib/python3.10/site-packages/requests/adapters.py", line 519, in send
    raise ConnectionError(e, request=request)
[2026-09-16T15:45:47.475+0000] {logging_mixin.py:188} WARNING - requests.exceptions.ConnectionError: HTTPSConnectionPool(host='www.googleapis.com', port=443): Max retries exceeded with url: /youtube/v3/videos?part=snippet%2Cstatistics%2CcontentDetails&id=LiH-P4rSkLI&key=AIzaSyCu0SeP4QtsaF8H6qeF4NcFYaRehf3ot8w (Caused by NameResolutionError("<urllib3.connection.HTTPSConnection object at 0x7bc5c06d67a0>: Failed to resolve 'www.googleapis.com' ([Errno -2] Name or service not known)"))
[2026-09-16T15:45:47.489+0000] {logging_mixin.py:188} WARNING - Traceback (most recent call last):
[2026-09-16T15:45:47.490+0000] {logging_mixin.py:188} WARNING -   File "/home/airflow/.local/lib/python3.10/site-packages/urllib3/connection.py", line 198, in _new_conn
    sock = connection.create_connection(
[2026-09-16T15:45:47.491+0000] {logging_mixin.py:188} WARNING -   File "/home/airflow/.local/lib/python3.10/site-packages/urllib3/util/connection.py", line 60, in create_connection
    for res in socket.getaddrinfo(host, port, family, socket.SOCK_STREAM):
[2026-09-16T15:45:47.491+0000] {logging_mixin.py:188} WARNING -   File "/usr/local/lib/python3.10/socket.py", line 955, in getaddrinfo
    for res in _socket.getaddrinfo(host, port, family, type, proto, flags):
[2026-09-16T15:45:47.492+0000] {logging_mixin.py:188} WARNING - socket.gaierror: [Errno -2] Name or service not known
[2026-09-16T15:45:47.493+0000] {logging_mixin.py:188} WARNING - 
The above exception was the direct cause of the following exception:
[2026-09-16T15:45:47.494+0000] {logging_mixin.py:188} WARNING - Traceback (most recent call last):
[2026-09-16T15:45:47.495+0000] {logging_mixin.py:188} WARNING -   File "/home/airflow/.local/lib/python3.10/site-packages/urllib3/connectionpool.py", line 793, in urlopen
    response = self._make_request(
[2026-09-16T15:45:47.498+0000] {logging_mixin.py:188} WARNING -   File "/home/airflow/.local/lib/python3.10/site-packages/urllib3/connectionpool.py", line 491, in _make_request
    raise new_e
[2026-09-16T15:45:47.499+0000] {logging_mixin.py:188} WARNING -   File "/home/airflow/.local/lib/python3.10/site-packages/urllib3/connectionpool.py", line 467, in _make_request
    self._validate_conn(conn)
[2026-09-16T15:45:47.499+0000] {logging_mixin.py:188} WARNING -   File "/home/airflow/.local/lib/python3.10/site-packages/urllib3/connectionpool.py", line 1099, in _validate_conn
    conn.connect()
[2026-09-16T15:45:47.500+0000] {logging_mixin.py:188} WARNING -   File "/home/airflow/.local/lib/python3.10/site-packages/urllib3/connection.py", line 616, in connect
    self.sock = sock = self._new_conn()
[2026-09-16T15:45:47.501+0000] {logging_mixin.py:188} WARNING -   File "/home/airflow/.local/lib/python3.10/site-packages/urllib3/connection.py", line 205, in _new_conn
    raise NameResolutionError(self.host, self, e) from e
[2026-09-16T15:45:47.502+0000] {logging_mixin.py:188} WARNING - urllib3.exceptions.NameResolutionError: <urllib3.connection.HTTPSConnection object at 0x7bc5c06d5d20>: Failed to resolve 'www.googleapis.com' ([Errno -2] Name or service not known)
[2026-09-16T15:45:47.503+0000] {logging_mixin.py:188} WARNING - 
The above exception was the direct cause of the following exception:
[2026-09-16T15:45:47.504+0000] {logging_mixin.py:188} WARNING - Traceback (most recent call last):
[2026-09-16T15:45:47.505+0000] {logging_mixin.py:188} WARNING -   File "/home/airflow/.local/lib/python3.10/site-packages/requests/adapters.py", line 486, in send
    resp = conn.urlopen(
[2026-09-16T15:45:47.506+0000] {logging_mixin.py:188} WARNING -   File "/home/airflow/.local/lib/python3.10/site-packages/urllib3/connectionpool.py", line 847, in urlopen
    retries = retries.increment(
[2026-09-16T15:45:47.506+0000] {logging_mixin.py:188} WARNING -   File "/home/airflow/.local/lib/python3.10/site-packages/urllib3/util/retry.py", line 515, in increment
    raise MaxRetryError(_pool, url, reason) from reason  # type: ignore[arg-type]
[2026-09-16T15:45:47.507+0000] {logging_mixin.py:188} WARNING - urllib3.exceptions.MaxRetryError: HTTPSConnectionPool(host='www.googleapis.com', port=443): Max retries exceeded with url: /youtube/v3/videos?part=snippet%2Cstatistics%2CcontentDetails&id=Af6i6ChAVTw&key=AIzaSyCu0SeP4QtsaF8H6qeF4NcFYaRehf3ot8w (Caused by NameResolutionError("<urllib3.connection.HTTPSConnection object at 0x7bc5c06d5d20>: Failed to resolve 'www.googleapis.com' ([Errno -2] Name or service not known)"))
[2026-09-16T15:45:47.507+0000] {logging_mixin.py:188} WARNING - 
During handling of the above exception, another exception occurred:
[2026-09-16T15:45:47.508+0000] {logging_mixin.py:188} WARNING - Traceback (most recent call last):
[2026-09-16T15:45:47.508+0000] {logging_mixin.py:188} WARNING -   File "/opt/airflow/src/app.py", line 72, in get_all_videos
    video = clt.get_video_info(id, self.config.videoInfoUrl,
[2026-09-16T15:45:47.509+0000] {logging_mixin.py:188} WARNING -   File "/opt/airflow/src/controller/info.py", line 12, in get_video_info
    response: req.Response = req.get(url, params=params)
[2026-09-16T15:45:47.511+0000] {logging_mixin.py:188} WARNING -   File "/home/airflow/.local/lib/python3.10/site-packages/requests/api.py", line 73, in get
    return request("get", url, params=params, **kwargs)
[2026-09-16T15:45:47.512+0000] {logging_mixin.py:188} WARNING -   File "/home/airflow/.local/lib/python3.10/site-packages/requests/api.py", line 59, in request
    return session.request(method=method, url=url, **kwargs)
[2026-09-16T15:45:47.513+0000] {logging_mixin.py:188} WARNING -   File "/home/airflow/.local/lib/python3.10/site-packages/requests/sessions.py", line 589, in request
    resp = self.send(prep, **send_kwargs)
[2026-09-16T15:45:47.517+0000] {logging_mixin.py:188} WARNING -   File "/home/airflow/.local/lib/python3.10/site-packages/requests/sessions.py", line 703, in send
    r = adapter.send(request, **kwargs)
[2026-09-16T15:45:47.520+0000] {logging_mixin.py:188} WARNING -   File "/home/airflow/.local/lib/python3.10/site-packages/requests/adapters.py", line 519, in send
    raise ConnectionError(e, request=request)
[2026-09-16T15:45:47.524+0000] {logging_mixin.py:188} WARNING - requests.exceptions.ConnectionError: HTTPSConnectionPool(host='www.googleapis.com', port=443): Max retries exceeded with url: /youtube/v3/videos?part=snippet%2Cstatistics%2CcontentDetails&id=Af6i6ChAVTw&key=AIzaSyCu0SeP4QtsaF8H6qeF4NcFYaRehf3ot8w (Caused by NameResolutionError("<urllib3.connection.HTTPSConnection object at 0x7bc5c06d5d20>: Failed to resolve 'www.googleapis.com' ([Errno -2] Name or service not known)"))
[2026-09-16T15:45:47.550+0000] {logging_mixin.py:188} WARNING - Traceback (most recent call last):
[2026-09-16T15:45:47.552+0000] {logging_mixin.py:188} WARNING -   File "/home/airflow/.local/lib/python3.10/site-packages/urllib3/connection.py", line 198, in _new_conn
    sock = connection.create_connection(
[2026-09-16T15:45:47.553+0000] {logging_mixin.py:188} WARNING -   File "/home/airflow/.local/lib/python3.10/site-packages/urllib3/util/connection.py", line 60, in create_connection
    for res in socket.getaddrinfo(host, port, family, socket.SOCK_STREAM):
[2026-09-16T15:45:47.554+0000] {logging_mixin.py:188} WARNING -   File "/usr/local/lib/python3.10/socket.py", line 955, in getaddrinfo
    for res in _socket.getaddrinfo(host, port, family, type, proto, flags):
[2026-09-16T15:45:47.555+0000] {logging_mixin.py:188} WARNING - socket.gaierror: [Errno -2] Name or service not known
[2026-09-16T15:45:47.556+0000] {logging_mixin.py:188} WARNING - 
The above exception was the direct cause of the following exception:
[2026-09-16T15:45:47.556+0000] {logging_mixin.py:188} WARNING - Traceback (most recent call last):
[2026-09-16T15:45:47.557+0000] {logging_mixin.py:188} WARNING -   File "/home/airflow/.local/lib/python3.10/site-packages/urllib3/connectionpool.py", line 793, in urlopen
    response = self._make_request(
[2026-09-16T15:45:47.557+0000] {logging_mixin.py:188} WARNING -   File "/home/airflow/.local/lib/python3.10/site-packages/urllib3/connectionpool.py", line 491, in _make_request
    raise new_e
[2026-09-16T15:45:47.558+0000] {logging_mixin.py:188} WARNING -   File "/home/airflow/.local/lib/python3.10/site-packages/urllib3/connectionpool.py", line 467, in _make_request
    self._validate_conn(conn)
[2026-09-16T15:45:47.558+0000] {logging_mixin.py:188} WARNING -   File "/home/airflow/.local/lib/python3.10/site-packages/urllib3/connectionpool.py", line 1099, in _validate_conn
    conn.connect()
[2026-09-16T15:45:47.558+0000] {logging_mixin.py:188} WARNING -   File "/home/airflow/.local/lib/python3.10/site-packages/urllib3/connection.py", line 616, in connect
    self.sock = sock = self._new_conn()
[2026-09-16T15:45:47.559+0000] {logging_mixin.py:188} WARNING -   File "/home/airflow/.local/lib/python3.10/site-packages/urllib3/connection.py", line 205, in _new_conn
    raise NameResolutionError(self.host, self, e) from e
[2026-09-16T15:45:47.561+0000] {logging_mixin.py:188} WARNING - urllib3.exceptions.NameResolutionError: <urllib3.connection.HTTPSConnection object at 0x7bc5c06d5510>: Failed to resolve 'www.googleapis.com' ([Errno -2] Name or service not known)
[2026-09-16T15:45:47.561+0000] {logging_mixin.py:188} WARNING - 
The above exception was the direct cause of the following exception:
[2026-09-16T15:45:47.562+0000] {logging_mixin.py:188} WARNING - Traceback (most recent call last):
[2026-09-16T15:45:47.564+0000] {logging_mixin.py:188} WARNING -   File "/home/airflow/.local/lib/python3.10/site-packages/requests/adapters.py", line 486, in send
    resp = conn.urlopen(
[2026-09-16T15:45:47.566+0000] {logging_mixin.py:188} WARNING -   File "/home/airflow/.local/lib/python3.10/site-packages/urllib3/connectionpool.py", line 847, in urlopen
    retries = retries.increment(
[2026-09-16T15:45:47.567+0000] {logging_mixin.py:188} WARNING -   File "/home/airflow/.local/lib/python3.10/site-packages/urllib3/util/retry.py", line 515, in increment
    raise MaxRetryError(_pool, url, reason) from reason  # type: ignore[arg-type]
[2026-09-16T15:45:47.567+0000] {logging_mixin.py:188} WARNING - urllib3.exceptions.MaxRetryError: HTTPSConnectionPool(host='www.googleapis.com', port=443): Max retries exceeded with url: /youtube/v3/videos?part=snippet%2Cstatistics%2CcontentDetails&id=NMR32p4kwAQ&key=AIzaSyCu0SeP4QtsaF8H6qeF4NcFYaRehf3ot8w (Caused by NameResolutionError("<urllib3.connection.HTTPSConnection object at 0x7bc5c06d5510>: Failed to resolve 'www.googleapis.com' ([Errno -2] Name or service not known)"))
[2026-09-16T15:45:47.568+0000] {logging_mixin.py:188} WARNING - 
During handling of the above exception, another exception occurred:
[2026-09-16T15:45:47.568+0000] {logging_mixin.py:188} WARNING - Traceback (most recent call last):
[2026-09-16T15:45:47.569+0000] {logging_mixin.py:188} WARNING -   File "/opt/airflow/src/app.py", line 72, in get_all_videos
    video = clt.get_video_info(id, self.config.videoInfoUrl,
[2026-09-16T15:45:47.570+0000] {logging_mixin.py:188} WARNING -   File "/opt/airflow/src/controller/info.py", line 12, in get_video_info
    response: req.Response = req.get(url, params=params)
[2026-09-16T15:45:47.570+0000] {logging_mixin.py:188} WARNING -   File "/home/airflow/.local/lib/python3.10/site-packages/requests/api.py", line 73, in get
    return request("get", url, params=params, **kwargs)
[2026-09-16T15:45:47.571+0000] {logging_mixin.py:188} WARNING -   File "/home/airflow/.local/lib/python3.10/site-packages/requests/api.py", line 59, in request
    return session.request(method=method, url=url, **kwargs)
[2026-09-16T15:45:47.571+0000] {logging_mixin.py:188} WARNING -   File "/home/airflow/.local/lib/python3.10/site-packages/requests/sessions.py", line 589, in request
    resp = self.send(prep, **send_kwargs)
[2026-09-16T15:45:47.572+0000] {logging_mixin.py:188} WARNING -   File "/home/airflow/.local/lib/python3.10/site-packages/requests/sessions.py", line 703, in send
    r = adapter.send(request, **kwargs)
[2026-09-16T15:45:47.572+0000] {logging_mixin.py:188} WARNING -   File "/home/airflow/.local/lib/python3.10/site-packages/requests/adapters.py", line 519, in send
    raise ConnectionError(e, request=request)
[2026-09-16T15:45:47.573+0000] {logging_mixin.py:188} WARNING - requests.exceptions.ConnectionError: HTTPSConnectionPool(host='www.googleapis.com', port=443): Max retries exceeded with url: /youtube/v3/videos?part=snippet%2Cstatistics%2CcontentDetails&id=NMR32p4kwAQ&key=AIzaSyCu0SeP4QtsaF8H6qeF4NcFYaRehf3ot8w (Caused by NameResolutionError("<urllib3.connection.HTTPSConnection object at 0x7bc5c06d5510>: Failed to resolve 'www.googleapis.com' ([Errno -2] Name or service not known)"))
[2026-09-16T15:45:47.586+0000] {logging_mixin.py:188} WARNING - Traceback (most recent call last):
[2026-09-16T15:45:47.587+0000] {logging_mixin.py:188} WARNING -   File "/home/airflow/.local/lib/python3.10/site-packages/urllib3/connection.py", line 198, in _new_conn
    sock = connection.create_connection(
[2026-09-16T15:45:47.587+0000] {logging_mixin.py:188} WARNING -   File "/home/airflow/.local/lib/python3.10/site-packages/urllib3/util/connection.py", line 60, in create_connection
    for res in socket.getaddrinfo(host, port, family, socket.SOCK_STREAM):
[2026-09-16T15:45:47.588+0000] {logging_mixin.py:188} WARNING -   File "/usr/local/lib/python3.10/socket.py", line 955, in getaddrinfo
    for res in _socket.getaddrinfo(host, port, family, type, proto, flags):
[2026-09-16T15:45:47.589+0000] {logging_mixin.py:188} WARNING - socket.gaierror: [Errno -2] Name or service not known
[2026-09-16T15:45:47.589+0000] {logging_mixin.py:188} WARNING - 
The above exception was the direct cause of the following exception:
[2026-09-16T15:45:47.590+0000] {logging_mixin.py:188} WARNING - Traceback (most recent call last):
[2026-09-16T15:45:47.590+0000] {logging_mixin.py:188} WARNING -   File "/home/airflow/.local/lib/python3.10/site-packages/urllib3/connectionpool.py", line 793, in urlopen
    response = self._make_request(
[2026-09-16T15:45:47.591+0000] {logging_mixin.py:188} WARNING -   File "/home/airflow/.local/lib/python3.10/site-packages/urllib3/connectionpool.py", line 491, in _make_request
    raise new_e
[2026-09-16T15:45:47.591+0000] {logging_mixin.py:188} WARNING -   File "/home/airflow/.local/lib/python3.10/site-packages/urllib3/connectionpool.py", line 467, in _make_request
    self._validate_conn(conn)
[2026-09-16T15:45:47.592+0000] {logging_mixin.py:188} WARNING -   File "/home/airflow/.local/lib/python3.10/site-packages/urllib3/connectionpool.py", line 1099, in _validate_conn
    conn.connect()
[2026-09-16T15:45:47.594+0000] {logging_mixin.py:188} WARNING -   File "/home/airflow/.local/lib/python3.10/site-packages/urllib3/connection.py", line 616, in connect
    self.sock = sock = self._new_conn()
[2026-09-16T15:45:47.595+0000] {logging_mixin.py:188} WARNING -   File "/home/airflow/.local/lib/python3.10/site-packages/urllib3/connection.py", line 205, in _new_conn
    raise NameResolutionError(self.host, self, e) from e
[2026-09-16T15:45:47.596+0000] {logging_mixin.py:188} WARNING - urllib3.exceptions.NameResolutionError: <urllib3.connection.HTTPSConnection object at 0x7bc5c06d62f0>: Failed to resolve 'www.googleapis.com' ([Errno -2] Name or service not known)
[2026-09-16T15:45:47.597+0000] {logging_mixin.py:188} WARNING - 
The above exception was the direct cause of the following exception:
[2026-09-16T15:45:47.598+0000] {logging_mixin.py:188} WARNING - Traceback (most recent call last):
[2026-09-16T15:45:47.599+0000] {logging_mixin.py:188} WARNING -   File "/home/airflow/.local/lib/python3.10/site-packages/requests/adapters.py", line 486, in send
    resp = conn.urlopen(
[2026-09-16T15:45:47.599+0000] {logging_mixin.py:188} WARNING -   File "/home/airflow/.local/lib/python3.10/site-packages/urllib3/connectionpool.py", line 847, in urlopen
    retries = retries.increment(
[2026-09-16T15:45:47.600+0000] {logging_mixin.py:188} WARNING -   File "/home/airflow/.local/lib/python3.10/site-packages/urllib3/util/retry.py", line 515, in increment
    raise MaxRetryError(_pool, url, reason) from reason  # type: ignore[arg-type]
[2026-09-16T15:45:47.601+0000] {logging_mixin.py:188} WARNING - urllib3.exceptions.MaxRetryError: HTTPSConnectionPool(host='www.googleapis.com', port=443): Max retries exceeded with url: /youtube/v3/videos?part=snippet%2Cstatistics%2CcontentDetails&id=f7y2XikE7sY&key=AIzaSyCu0SeP4QtsaF8H6qeF4NcFYaRehf3ot8w (Caused by NameResolutionError("<urllib3.connection.HTTPSConnection object at 0x7bc5c06d62f0>: Failed to resolve 'www.googleapis.com' ([Errno -2] Name or service not known)"))
[2026-09-16T15:45:47.602+0000] {logging_mixin.py:188} WARNING - 
During handling of the above exception, another exception occurred:
[2026-09-16T15:45:47.603+0000] {logging_mixin.py:188} WARNING - Traceback (most recent call last):
[2026-09-16T15:45:47.604+0000] {logging_mixin.py:188} WARNING -   File "/opt/airflow/src/app.py", line 72, in get_all_videos
    video = clt.get_video_info(id, self.config.videoInfoUrl,
[2026-09-16T15:45:47.605+0000] {logging_mixin.py:188} WARNING -   File "/opt/airflow/src/controller/info.py", line 12, in get_video_info
    response: req.Response = req.get(url, params=params)
[2026-09-16T15:45:47.605+0000] {logging_mixin.py:188} WARNING -   File "/home/airflow/.local/lib/python3.10/site-packages/requests/api.py", line 73, in get
    return request("get", url, params=params, **kwargs)
[2026-09-16T15:45:47.606+0000] {logging_mixin.py:188} WARNING -   File "/home/airflow/.local/lib/python3.10/site-packages/requests/api.py", line 59, in request
    return session.request(method=method, url=url, **kwargs)
[2026-09-16T15:45:47.607+0000] {logging_mixin.py:188} WARNING -   File "/home/airflow/.local/lib/python3.10/site-packages/requests/sessions.py", line 589, in request
    resp = self.send(prep, **send_kwargs)
[2026-09-16T15:45:47.608+0000] {logging_mixin.py:188} WARNING -   File "/home/airflow/.local/lib/python3.10/site-packages/requests/sessions.py", line 703, in send
    r = adapter.send(request, **kwargs)
[2026-09-16T15:45:47.609+0000] {logging_mixin.py:188} WARNING -   File "/home/airflow/.local/lib/python3.10/site-packages/requests/adapters.py", line 519, in send
    raise ConnectionError(e, request=request)
[2026-09-16T15:45:47.610+0000] {logging_mixin.py:188} WARNING - requests.exceptions.ConnectionError: HTTPSConnectionPool(host='www.googleapis.com', port=443): Max retries exceeded with url: /youtube/v3/videos?part=snippet%2Cstatistics%2CcontentDetails&id=f7y2XikE7sY&key=AIzaSyCu0SeP4QtsaF8H6qeF4NcFYaRehf3ot8w (Caused by NameResolutionError("<urllib3.connection.HTTPSConnection object at 0x7bc5c06d62f0>: Failed to resolve 'www.googleapis.com' ([Errno -2] Name or service not known)"))
[2026-09-16T15:45:47.624+0000] {logging_mixin.py:188} WARNING - Traceback (most recent call last):
[2026-09-16T15:45:47.625+0000] {logging_mixin.py:188} WARNING -   File "/home/airflow/.local/lib/python3.10/site-packages/urllib3/connection.py", line 198, in _new_conn
    sock = connection.create_connection(
[2026-09-16T15:45:47.629+0000] {logging_mixin.py:188} WARNING -   File "/home/airflow/.local/lib/python3.10/site-packages/urllib3/util/connection.py", line 60, in create_connection
    for res in socket.getaddrinfo(host, port, family, socket.SOCK_STREAM):
[2026-09-16T15:45:47.630+0000] {logging_mixin.py:188} WARNING -   File "/usr/local/lib/python3.10/socket.py", line 955, in getaddrinfo
    for res in _socket.getaddrinfo(host, port, family, type, proto, flags):
[2026-09-16T15:45:47.631+0000] {logging_mixin.py:188} WARNING - socket.gaierror: [Errno -2] Name or service not known
[2026-09-16T15:45:47.632+0000] {logging_mixin.py:188} WARNING - 
The above exception was the direct cause of the following exception:
[2026-09-16T15:45:47.632+0000] {logging_mixin.py:188} WARNING - Traceback (most recent call last):
[2026-09-16T15:45:47.633+0000] {logging_mixin.py:188} WARNING -   File "/home/airflow/.local/lib/python3.10/site-packages/urllib3/connectionpool.py", line 793, in urlopen
    response = self._make_request(
[2026-09-16T15:45:47.633+0000] {logging_mixin.py:188} WARNING -   File "/home/airflow/.local/lib/python3.10/site-packages/urllib3/connectionpool.py", line 491, in _make_request
    raise new_e
[2026-09-16T15:45:47.634+0000] {logging_mixin.py:188} WARNING -   File "/home/airflow/.local/lib/python3.10/site-packages/urllib3/connectionpool.py", line 467, in _make_request
    self._validate_conn(conn)
[2026-09-16T15:45:47.634+0000] {logging_mixin.py:188} WARNING -   File "/home/airflow/.local/lib/python3.10/site-packages/urllib3/connectionpool.py", line 1099, in _validate_conn
    conn.connect()
[2026-09-16T15:45:47.635+0000] {logging_mixin.py:188} WARNING -   File "/home/airflow/.local/lib/python3.10/site-packages/urllib3/connection.py", line 616, in connect
    self.sock = sock = self._new_conn()
[2026-09-16T15:45:47.635+0000] {logging_mixin.py:188} WARNING -   File "/home/airflow/.local/lib/python3.10/site-packages/urllib3/connection.py", line 205, in _new_conn
    raise NameResolutionError(self.host, self, e) from e
[2026-09-16T15:45:47.635+0000] {logging_mixin.py:188} WARNING - urllib3.exceptions.NameResolutionError: <urllib3.connection.HTTPSConnection object at 0x7bc5c06d6ad0>: Failed to resolve 'www.googleapis.com' ([Errno -2] Name or service not known)
[2026-09-16T15:45:47.636+0000] {logging_mixin.py:188} WARNING - 
The above exception was the direct cause of the following exception:
[2026-09-16T15:45:47.636+0000] {logging_mixin.py:188} WARNING - Traceback (most recent call last):
[2026-09-16T15:45:47.637+0000] {logging_mixin.py:188} WARNING -   File "/home/airflow/.local/lib/python3.10/site-packages/requests/adapters.py", line 486, in send
    resp = conn.urlopen(
[2026-09-16T15:45:47.637+0000] {logging_mixin.py:188} WARNING -   File "/home/airflow/.local/lib/python3.10/site-packages/urllib3/connectionpool.py", line 847, in urlopen
    retries = retries.increment(
[2026-09-16T15:45:47.638+0000] {logging_mixin.py:188} WARNING -   File "/home/airflow/.local/lib/python3.10/site-packages/urllib3/util/retry.py", line 515, in increment
    raise MaxRetryError(_pool, url, reason) from reason  # type: ignore[arg-type]
[2026-09-16T15:45:47.638+0000] {logging_mixin.py:188} WARNING - urllib3.exceptions.MaxRetryError: HTTPSConnectionPool(host='www.googleapis.com', port=443): Max retries exceeded with url: /youtube/v3/videos?part=snippet%2Cstatistics%2CcontentDetails&id=lVylRtlPOIE&key=AIzaSyCu0SeP4QtsaF8H6qeF4NcFYaRehf3ot8w (Caused by NameResolutionError("<urllib3.connection.HTTPSConnection object at 0x7bc5c06d6ad0>: Failed to resolve 'www.googleapis.com' ([Errno -2] Name or service not known)"))
[2026-09-16T15:45:47.639+0000] {logging_mixin.py:188} WARNING - 
During handling of the above exception, another exception occurred:
[2026-09-16T15:45:47.639+0000] {logging_mixin.py:188} WARNING - Traceback (most recent call last):
[2026-09-16T15:45:47.639+0000] {logging_mixin.py:188} WARNING -   File "/opt/airflow/src/app.py", line 72, in get_all_videos
    video = clt.get_video_info(id, self.config.videoInfoUrl,
[2026-09-16T15:45:47.640+0000] {logging_mixin.py:188} WARNING -   File "/opt/airflow/src/controller/info.py", line 12, in get_video_info
    response: req.Response = req.get(url, params=params)
[2026-09-16T15:45:47.640+0000] {logging_mixin.py:188} WARNING -   File "/home/airflow/.local/lib/python3.10/site-packages/requests/api.py", line 73, in get
    return request("get", url, params=params, **kwargs)
[2026-09-16T15:45:47.641+0000] {logging_mixin.py:188} WARNING -   File "/home/airflow/.local/lib/python3.10/site-packages/requests/api.py", line 59, in request
    return session.request(method=method, url=url, **kwargs)
[2026-09-16T15:45:47.641+0000] {logging_mixin.py:188} WARNING -   File "/home/airflow/.local/lib/python3.10/site-packages/requests/sessions.py", line 589, in request
    resp = self.send(prep, **send_kwargs)
[2026-09-16T15:45:47.641+0000] {logging_mixin.py:188} WARNING -   File "/home/airflow/.local/lib/python3.10/site-packages/requests/sessions.py", line 703, in send
    r = adapter.send(request, **kwargs)
[2026-09-16T15:45:47.642+0000] {logging_mixin.py:188} WARNING -   File "/home/airflow/.local/lib/python3.10/site-packages/requests/adapters.py", line 519, in send
    raise ConnectionError(e, request=request)
[2026-09-16T15:45:47.644+0000] {logging_mixin.py:188} WARNING - requests.exceptions.ConnectionError: HTTPSConnectionPool(host='www.googleapis.com', port=443): Max retries exceeded with url: /youtube/v3/videos?part=snippet%2Cstatistics%2CcontentDetails&id=lVylRtlPOIE&key=AIzaSyCu0SeP4QtsaF8H6qeF4NcFYaRehf3ot8w (Caused by NameResolutionError("<urllib3.connection.HTTPSConnection object at 0x7bc5c06d6ad0>: Failed to resolve 'www.googleapis.com' ([Errno -2] Name or service not known)"))
[2026-09-16T15:45:47.656+0000] {logging_mixin.py:188} WARNING - Traceback (most recent call last):
[2026-09-16T15:45:47.657+0000] {logging_mixin.py:188} WARNING -   File "/home/airflow/.local/lib/python3.10/site-packages/urllib3/connection.py", line 198, in _new_conn
    sock = connection.create_connection(
[2026-09-16T15:45:47.657+0000] {logging_mixin.py:188} WARNING -   File "/home/airflow/.local/lib/python3.10/site-packages/urllib3/util/connection.py", line 60, in create_connection
    for res in socket.getaddrinfo(host, port, family, socket.SOCK_STREAM):
[2026-09-16T15:45:47.658+0000] {logging_mixin.py:188} WARNING -   File "/usr/local/lib/python3.10/socket.py", line 955, in getaddrinfo
    for res in _socket.getaddrinfo(host, port, family, type, proto, flags):
[2026-09-16T15:45:47.660+0000] {logging_mixin.py:188} WARNING - socket.gaierror: [Errno -2] Name or service not known
[2026-09-16T15:45:47.662+0000] {logging_mixin.py:188} WARNING - 
The above exception was the direct cause of the following exception:
[2026-09-16T15:45:47.663+0000] {logging_mixin.py:188} WARNING - Traceback (most recent call last):
[2026-09-16T15:45:47.664+0000] {logging_mixin.py:188} WARNING -   File "/home/airflow/.local/lib/python3.10/site-packages/urllib3/connectionpool.py", line 793, in urlopen
    response = self._make_request(
[2026-09-16T15:45:47.665+0000] {logging_mixin.py:188} WARNING -   File "/home/airflow/.local/lib/python3.10/site-packages/urllib3/connectionpool.py", line 491, in _make_request
    raise new_e
[2026-09-16T15:45:47.666+0000] {logging_mixin.py:188} WARNING -   File "/home/airflow/.local/lib/python3.10/site-packages/urllib3/connectionpool.py", line 467, in _make_request
    self._validate_conn(conn)
[2026-09-16T15:45:47.666+0000] {logging_mixin.py:188} WARNING -   File "/home/airflow/.local/lib/python3.10/site-packages/urllib3/connectionpool.py", line 1099, in _validate_conn
    conn.connect()
[2026-09-16T15:45:47.667+0000] {logging_mixin.py:188} WARNING -   File "/home/airflow/.local/lib/python3.10/site-packages/urllib3/connection.py", line 616, in connect
    self.sock = sock = self._new_conn()
[2026-09-16T15:45:47.667+0000] {logging_mixin.py:188} WARNING -   File "/home/airflow/.local/lib/python3.10/site-packages/urllib3/connection.py", line 205, in _new_conn
    raise NameResolutionError(self.host, self, e) from e
[2026-09-16T15:45:47.668+0000] {logging_mixin.py:188} WARNING - urllib3.exceptions.NameResolutionError: <urllib3.connection.HTTPSConnection object at 0x7bc5c06d5fc0>: Failed to resolve 'www.googleapis.com' ([Errno -2] Name or service not known)
[2026-09-16T15:45:47.668+0000] {logging_mixin.py:188} WARNING - 
The above exception was the direct cause of the following exception:
[2026-09-16T15:45:47.668+0000] {logging_mixin.py:188} WARNING - Traceback (most recent call last):
[2026-09-16T15:45:47.669+0000] {logging_mixin.py:188} WARNING -   File "/home/airflow/.local/lib/python3.10/site-packages/requests/adapters.py", line 486, in send
    resp = conn.urlopen(
[2026-09-16T15:45:47.669+0000] {logging_mixin.py:188} WARNING -   File "/home/airflow/.local/lib/python3.10/site-packages/urllib3/connectionpool.py", line 847, in urlopen
    retries = retries.increment(
[2026-09-16T15:45:47.670+0000] {logging_mixin.py:188} WARNING -   File "/home/airflow/.local/lib/python3.10/site-packages/urllib3/util/retry.py", line 515, in increment
    raise MaxRetryError(_pool, url, reason) from reason  # type: ignore[arg-type]
[2026-09-16T15:45:47.670+0000] {logging_mixin.py:188} WARNING - urllib3.exceptions.MaxRetryError: HTTPSConnectionPool(host='www.googleapis.com', port=443): Max retries exceeded with url: /youtube/v3/videos?part=snippet%2Cstatistics%2CcontentDetails&id=Df5Y-2ndQyU&key=AIzaSyCu0SeP4QtsaF8H6qeF4NcFYaRehf3ot8w (Caused by NameResolutionError("<urllib3.connection.HTTPSConnection object at 0x7bc5c06d5fc0>: Failed to resolve 'www.googleapis.com' ([Errno -2] Name or service not known)"))
[2026-09-16T15:45:47.671+0000] {logging_mixin.py:188} WARNING - 
During handling of the above exception, another exception occurred:
[2026-09-16T15:45:47.671+0000] {logging_mixin.py:188} WARNING - Traceback (most recent call last):
[2026-09-16T15:45:47.672+0000] {logging_mixin.py:188} WARNING -   File "/opt/airflow/src/app.py", line 72, in get_all_videos
    video = clt.get_video_info(id, self.config.videoInfoUrl,
[2026-09-16T15:45:47.672+0000] {logging_mixin.py:188} WARNING -   File "/opt/airflow/src/controller/info.py", line 12, in get_video_info
    response: req.Response = req.get(url, params=params)
[2026-09-16T15:45:47.673+0000] {logging_mixin.py:188} WARNING -   File "/home/airflow/.local/lib/python3.10/site-packages/requests/api.py", line 73, in get
    return request("get", url, params=params, **kwargs)
[2026-09-16T15:45:47.673+0000] {logging_mixin.py:188} WARNING -   File "/home/airflow/.local/lib/python3.10/site-packages/requests/api.py", line 59, in request
    return session.request(method=method, url=url, **kwargs)
[2026-09-16T15:45:47.674+0000] {logging_mixin.py:188} WARNING -   File "/home/airflow/.local/lib/python3.10/site-packages/requests/sessions.py", line 589, in request
    resp = self.send(prep, **send_kwargs)
[2026-09-16T15:45:47.674+0000] {logging_mixin.py:188} WARNING -   File "/home/airflow/.local/lib/python3.10/site-packages/requests/sessions.py", line 703, in send
    r = adapter.send(request, **kwargs)
[2026-09-16T15:45:47.675+0000] {logging_mixin.py:188} WARNING -   File "/home/airflow/.local/lib/python3.10/site-packages/requests/adapters.py", line 519, in send
    raise ConnectionError(e, request=request)
[2026-09-16T15:45:47.676+0000] {logging_mixin.py:188} WARNING - requests.exceptions.ConnectionError: HTTPSConnectionPool(host='www.googleapis.com', port=443): Max retries exceeded with url: /youtube/v3/videos?part=snippet%2Cstatistics%2CcontentDetails&id=Df5Y-2ndQyU&key=AIzaSyCu0SeP4QtsaF8H6qeF4NcFYaRehf3ot8w (Caused by NameResolutionError("<urllib3.connection.HTTPSConnection object at 0x7bc5c06d5fc0>: Failed to resolve 'www.googleapis.com' ([Errno -2] Name or service not known)"))
[2026-09-16T15:45:47.695+0000] {logging_mixin.py:188} WARNING - Traceback (most recent call last):
[2026-09-16T15:45:47.696+0000] {logging_mixin.py:188} WARNING -   File "/home/airflow/.local/lib/python3.10/site-packages/urllib3/connection.py", line 198, in _new_conn
    sock = connection.create_connection(
[2026-09-16T15:45:47.697+0000] {logging_mixin.py:188} WARNING -   File "/home/airflow/.local/lib/python3.10/site-packages/urllib3/util/connection.py", line 60, in create_connection
    for res in socket.getaddrinfo(host, port, family, socket.SOCK_STREAM):
[2026-09-16T15:45:47.697+0000] {logging_mixin.py:188} WARNING -   File "/usr/local/lib/python3.10/socket.py", line 955, in getaddrinfo
    for res in _socket.getaddrinfo(host, port, family, type, proto, flags):
[2026-09-16T15:45:47.698+0000] {logging_mixin.py:188} WARNING - socket.gaierror: [Errno -2] Name or service not known
[2026-09-16T15:45:47.698+0000] {logging_mixin.py:188} WARNING - 
The above exception was the direct cause of the following exception:
[2026-09-16T15:45:47.699+0000] {logging_mixin.py:188} WARNING - Traceback (most recent call last):
[2026-09-16T15:45:47.700+0000] {logging_mixin.py:188} WARNING -   File "/home/airflow/.local/lib/python3.10/site-packages/urllib3/connectionpool.py", line 793, in urlopen
    response = self._make_request(
[2026-09-16T15:45:47.700+0000] {logging_mixin.py:188} WARNING -   File "/home/airflow/.local/lib/python3.10/site-packages/urllib3/connectionpool.py", line 491, in _make_request
    raise new_e
[2026-09-16T15:45:47.701+0000] {logging_mixin.py:188} WARNING -   File "/home/airflow/.local/lib/python3.10/site-packages/urllib3/connectionpool.py", line 467, in _make_request
    self._validate_conn(conn)
[2026-09-16T15:45:47.701+0000] {logging_mixin.py:188} WARNING -   File "/home/airflow/.local/lib/python3.10/site-packages/urllib3/connectionpool.py", line 1099, in _validate_conn
    conn.connect()
[2026-09-16T15:45:47.702+0000] {logging_mixin.py:188} WARNING -   File "/home/airflow/.local/lib/python3.10/site-packages/urllib3/connection.py", line 616, in connect
    self.sock = sock = self._new_conn()
[2026-09-16T15:45:47.703+0000] {logging_mixin.py:188} WARNING -   File "/home/airflow/.local/lib/python3.10/site-packages/urllib3/connection.py", line 205, in _new_conn
    raise NameResolutionError(self.host, self, e) from e
[2026-09-16T15:45:47.704+0000] {logging_mixin.py:188} WARNING - urllib3.exceptions.NameResolutionError: <urllib3.connection.HTTPSConnection object at 0x7bc5c06d7670>: Failed to resolve 'www.googleapis.com' ([Errno -2] Name or service not known)
[2026-09-16T15:45:47.706+0000] {logging_mixin.py:188} WARNING - 
The above exception was the direct cause of the following exception:
[2026-09-16T15:45:47.707+0000] {logging_mixin.py:188} WARNING - Traceback (most recent call last):
[2026-09-16T15:45:47.713+0000] {logging_mixin.py:188} WARNING -   File "/home/airflow/.local/lib/python3.10/site-packages/requests/adapters.py", line 486, in send
    resp = conn.urlopen(
[2026-09-16T15:45:47.719+0000] {logging_mixin.py:188} WARNING -   File "/home/airflow/.local/lib/python3.10/site-packages/urllib3/connectionpool.py", line 847, in urlopen
    retries = retries.increment(
[2026-09-16T15:45:47.732+0000] {logging_mixin.py:188} WARNING -   File "/home/airflow/.local/lib/python3.10/site-packages/urllib3/util/retry.py", line 515, in increment
    raise MaxRetryError(_pool, url, reason) from reason  # type: ignore[arg-type]
[2026-09-16T15:45:47.754+0000] {logging_mixin.py:188} WARNING - urllib3.exceptions.MaxRetryError: HTTPSConnectionPool(host='www.googleapis.com', port=443): Max retries exceeded with url: /youtube/v3/videos?part=snippet%2Cstatistics%2CcontentDetails&id=egvLKQe6I4I&key=AIzaSyCu0SeP4QtsaF8H6qeF4NcFYaRehf3ot8w (Caused by NameResolutionError("<urllib3.connection.HTTPSConnection object at 0x7bc5c06d7670>: Failed to resolve 'www.googleapis.com' ([Errno -2] Name or service not known)"))
[2026-09-16T15:45:47.758+0000] {logging_mixin.py:188} WARNING - 
During handling of the above exception, another exception occurred:
[2026-09-16T15:45:47.763+0000] {logging_mixin.py:188} WARNING - Traceback (most recent call last):
[2026-09-16T15:45:47.766+0000] {logging_mixin.py:188} WARNING -   File "/opt/airflow/src/app.py", line 72, in get_all_videos
    video = clt.get_video_info(id, self.config.videoInfoUrl,
[2026-09-16T15:45:47.770+0000] {logging_mixin.py:188} WARNING -   File "/opt/airflow/src/controller/info.py", line 12, in get_video_info
    response: req.Response = req.get(url, params=params)
[2026-09-16T15:45:47.772+0000] {logging_mixin.py:188} WARNING -   File "/home/airflow/.local/lib/python3.10/site-packages/requests/api.py", line 73, in get
    return request("get", url, params=params, **kwargs)
[2026-09-16T15:45:47.783+0000] {logging_mixin.py:188} WARNING -   File "/home/airflow/.local/lib/python3.10/site-packages/requests/api.py", line 59, in request
    return session.request(method=method, url=url, **kwargs)
[2026-09-16T15:45:47.790+0000] {logging_mixin.py:188} WARNING -   File "/home/airflow/.local/lib/python3.10/site-packages/requests/sessions.py", line 589, in request
    resp = self.send(prep, **send_kwargs)
[2026-09-16T15:45:47.796+0000] {logging_mixin.py:188} WARNING -   File "/home/airflow/.local/lib/python3.10/site-packages/requests/sessions.py", line 703, in send
    r = adapter.send(request, **kwargs)
[2026-09-16T15:45:47.800+0000] {logging_mixin.py:188} WARNING -   File "/home/airflow/.local/lib/python3.10/site-packages/requests/adapters.py", line 519, in send
    raise ConnectionError(e, request=request)
[2026-09-16T15:45:47.802+0000] {logging_mixin.py:188} WARNING - requests.exceptions.ConnectionError: HTTPSConnectionPool(host='www.googleapis.com', port=443): Max retries exceeded with url: /youtube/v3/videos?part=snippet%2Cstatistics%2CcontentDetails&id=egvLKQe6I4I&key=AIzaSyCu0SeP4QtsaF8H6qeF4NcFYaRehf3ot8w (Caused by NameResolutionError("<urllib3.connection.HTTPSConnection object at 0x7bc5c06d7670>: Failed to resolve 'www.googleapis.com' ([Errno -2] Name or service not known)"))
[2026-09-16T15:45:47.837+0000] {logging_mixin.py:188} WARNING - Traceback (most recent call last):
[2026-09-16T15:45:47.838+0000] {logging_mixin.py:188} WARNING -   File "/home/airflow/.local/lib/python3.10/site-packages/urllib3/connection.py", line 198, in _new_conn
    sock = connection.create_connection(
[2026-09-16T15:45:47.839+0000] {logging_mixin.py:188} WARNING -   File "/home/airflow/.local/lib/python3.10/site-packages/urllib3/util/connection.py", line 60, in create_connection
    for res in socket.getaddrinfo(host, port, family, socket.SOCK_STREAM):
[2026-09-16T15:45:47.840+0000] {logging_mixin.py:188} WARNING -   File "/usr/local/lib/python3.10/socket.py", line 955, in getaddrinfo
    for res in _socket.getaddrinfo(host, port, family, type, proto, flags):
[2026-09-16T15:45:47.841+0000] {logging_mixin.py:188} WARNING - socket.gaierror: [Errno -2] Name or service not known
[2026-09-16T15:45:47.846+0000] {logging_mixin.py:188} WARNING - 
The above exception was the direct cause of the following exception:
[2026-09-16T15:45:47.847+0000] {logging_mixin.py:188} WARNING - Traceback (most recent call last):
[2026-09-16T15:45:47.849+0000] {logging_mixin.py:188} WARNING -   File "/home/airflow/.local/lib/python3.10/site-packages/urllib3/connectionpool.py", line 793, in urlopen
    response = self._make_request(
[2026-09-16T15:45:47.850+0000] {logging_mixin.py:188} WARNING -   File "/home/airflow/.local/lib/python3.10/site-packages/urllib3/connectionpool.py", line 491, in _make_request
    raise new_e
[2026-09-16T15:45:47.851+0000] {logging_mixin.py:188} WARNING -   File "/home/airflow/.local/lib/python3.10/site-packages/urllib3/connectionpool.py", line 467, in _make_request
    self._validate_conn(conn)
[2026-09-16T15:45:47.852+0000] {logging_mixin.py:188} WARNING -   File "/home/airflow/.local/lib/python3.10/site-packages/urllib3/connectionpool.py", line 1099, in _validate_conn
    conn.connect()
[2026-09-16T15:45:47.854+0000] {logging_mixin.py:188} WARNING -   File "/home/airflow/.local/lib/python3.10/site-packages/urllib3/connection.py", line 616, in connect
    self.sock = sock = self._new_conn()
[2026-09-16T15:45:47.855+0000] {logging_mixin.py:188} WARNING -   File "/home/airflow/.local/lib/python3.10/site-packages/urllib3/connection.py", line 205, in _new_conn
    raise NameResolutionError(self.host, self, e) from e
[2026-09-16T15:45:47.857+0000] {logging_mixin.py:188} WARNING - urllib3.exceptions.NameResolutionError: <urllib3.connection.HTTPSConnection object at 0x7bc5c06d4b80>: Failed to resolve 'www.googleapis.com' ([Errno -2] Name or service not known)
[2026-09-16T15:45:47.857+0000] {logging_mixin.py:188} WARNING - 
The above exception was the direct cause of the following exception:
[2026-09-16T15:45:47.858+0000] {logging_mixin.py:188} WARNING - Traceback (most recent call last):
[2026-09-16T15:45:47.863+0000] {logging_mixin.py:188} WARNING -   File "/home/airflow/.local/lib/python3.10/site-packages/requests/adapters.py", line 486, in send
    resp = conn.urlopen(
[2026-09-16T15:45:47.866+0000] {logging_mixin.py:188} WARNING -   File "/home/airflow/.local/lib/python3.10/site-packages/urllib3/connectionpool.py", line 847, in urlopen
    retries = retries.increment(
[2026-09-16T15:45:47.868+0000] {logging_mixin.py:188} WARNING -   File "/home/airflow/.local/lib/python3.10/site-packages/urllib3/util/retry.py", line 515, in increment
    raise MaxRetryError(_pool, url, reason) from reason  # type: ignore[arg-type]
[2026-09-16T15:45:47.869+0000] {logging_mixin.py:188} WARNING - urllib3.exceptions.MaxRetryError: HTTPSConnectionPool(host='www.googleapis.com', port=443): Max retries exceeded with url: /youtube/v3/videos?part=snippet%2Cstatistics%2CcontentDetails&id=LgbyEFILLJI&key=AIzaSyCu0SeP4QtsaF8H6qeF4NcFYaRehf3ot8w (Caused by NameResolutionError("<urllib3.connection.HTTPSConnection object at 0x7bc5c06d4b80>: Failed to resolve 'www.googleapis.com' ([Errno -2] Name or service not known)"))
[2026-09-16T15:45:47.870+0000] {logging_mixin.py:188} WARNING - 
During handling of the above exception, another exception occurred:
[2026-09-16T15:45:47.870+0000] {logging_mixin.py:188} WARNING - Traceback (most recent call last):
[2026-09-16T15:45:47.871+0000] {logging_mixin.py:188} WARNING -   File "/opt/airflow/src/app.py", line 72, in get_all_videos
    video = clt.get_video_info(id, self.config.videoInfoUrl,
[2026-09-16T15:45:47.872+0000] {logging_mixin.py:188} WARNING -   File "/opt/airflow/src/controller/info.py", line 12, in get_video_info
    response: req.Response = req.get(url, params=params)
[2026-09-16T15:45:47.872+0000] {logging_mixin.py:188} WARNING -   File "/home/airflow/.local/lib/python3.10/site-packages/requests/api.py", line 73, in get
    return request("get", url, params=params, **kwargs)
[2026-09-16T15:45:47.873+0000] {logging_mixin.py:188} WARNING -   File "/home/airflow/.local/lib/python3.10/site-packages/requests/api.py", line 59, in request
    return session.request(method=method, url=url, **kwargs)
[2026-09-16T15:45:47.874+0000] {logging_mixin.py:188} WARNING -   File "/home/airflow/.local/lib/python3.10/site-packages/requests/sessions.py", line 589, in request
    resp = self.send(prep, **send_kwargs)
[2026-09-16T15:45:47.874+0000] {logging_mixin.py:188} WARNING -   File "/home/airflow/.local/lib/python3.10/site-packages/requests/sessions.py", line 703, in send
    r = adapter.send(request, **kwargs)
[2026-09-16T15:45:47.878+0000] {logging_mixin.py:188} WARNING -   File "/home/airflow/.local/lib/python3.10/site-packages/requests/adapters.py", line 519, in send
    raise ConnectionError(e, request=request)
[2026-09-16T15:45:47.880+0000] {logging_mixin.py:188} WARNING - requests.exceptions.ConnectionError: HTTPSConnectionPool(host='www.googleapis.com', port=443): Max retries exceeded with url: /youtube/v3/videos?part=snippet%2Cstatistics%2CcontentDetails&id=LgbyEFILLJI&key=AIzaSyCu0SeP4QtsaF8H6qeF4NcFYaRehf3ot8w (Caused by NameResolutionError("<urllib3.connection.HTTPSConnection object at 0x7bc5c06d4b80>: Failed to resolve 'www.googleapis.com' ([Errno -2] Name or service not known)"))
[2026-09-16T15:45:47.903+0000] {logging_mixin.py:188} WARNING - Traceback (most recent call last):
[2026-09-16T15:45:47.904+0000] {logging_mixin.py:188} WARNING -   File "/home/airflow/.local/lib/python3.10/site-packages/urllib3/connection.py", line 198, in _new_conn
    sock = connection.create_connection(
[2026-09-16T15:45:47.905+0000] {logging_mixin.py:188} WARNING -   File "/home/airflow/.local/lib/python3.10/site-packages/urllib3/util/connection.py", line 60, in create_connection
    for res in socket.getaddrinfo(host, port, family, socket.SOCK_STREAM):
[2026-09-16T15:45:47.906+0000] {logging_mixin.py:188} WARNING -   File "/usr/local/lib/python3.10/socket.py", line 955, in getaddrinfo
    for res in _socket.getaddrinfo(host, port, family, type, proto, flags):
[2026-09-16T15:45:47.907+0000] {logging_mixin.py:188} WARNING - socket.gaierror: [Errno -2] Name or service not known
[2026-09-16T15:45:47.908+0000] {logging_mixin.py:188} WARNING - 
The above exception was the direct cause of the following exception:
[2026-09-16T15:45:47.912+0000] {logging_mixin.py:188} WARNING - Traceback (most recent call last):
[2026-09-16T15:45:47.913+0000] {logging_mixin.py:188} WARNING -   File "/home/airflow/.local/lib/python3.10/site-packages/urllib3/connectionpool.py", line 793, in urlopen
    response = self._make_request(
[2026-09-16T15:45:47.914+0000] {logging_mixin.py:188} WARNING -   File "/home/airflow/.local/lib/python3.10/site-packages/urllib3/connectionpool.py", line 491, in _make_request
    raise new_e
[2026-09-16T15:45:47.914+0000] {logging_mixin.py:188} WARNING -   File "/home/airflow/.local/lib/python3.10/site-packages/urllib3/connectionpool.py", line 467, in _make_request
    self._validate_conn(conn)
[2026-09-16T15:45:47.915+0000] {logging_mixin.py:188} WARNING -   File "/home/airflow/.local/lib/python3.10/site-packages/urllib3/connectionpool.py", line 1099, in _validate_conn
    conn.connect()
[2026-09-16T15:45:47.919+0000] {logging_mixin.py:188} WARNING -   File "/home/airflow/.local/lib/python3.10/site-packages/urllib3/connection.py", line 616, in connect
    self.sock = sock = self._new_conn()
[2026-09-16T15:45:47.923+0000] {logging_mixin.py:188} WARNING -   File "/home/airflow/.local/lib/python3.10/site-packages/urllib3/connection.py", line 205, in _new_conn
    raise NameResolutionError(self.host, self, e) from e
[2026-09-16T15:45:47.927+0000] {logging_mixin.py:188} WARNING - urllib3.exceptions.NameResolutionError: <urllib3.connection.HTTPSConnection object at 0x7bc5c0664760>: Failed to resolve 'www.googleapis.com' ([Errno -2] Name or service not known)
[2026-09-16T15:45:47.932+0000] {logging_mixin.py:188} WARNING - 
The above exception was the direct cause of the following exception:
[2026-09-16T15:45:47.939+0000] {logging_mixin.py:188} WARNING - Traceback (most recent call last):
[2026-09-16T15:45:47.947+0000] {logging_mixin.py:188} WARNING -   File "/home/airflow/.local/lib/python3.10/site-packages/requests/adapters.py", line 486, in send
    resp = conn.urlopen(
[2026-09-16T15:45:47.952+0000] {logging_mixin.py:188} WARNING -   File "/home/airflow/.local/lib/python3.10/site-packages/urllib3/connectionpool.py", line 847, in urlopen
    retries = retries.increment(
[2026-09-16T15:45:47.962+0000] {logging_mixin.py:188} WARNING -   File "/home/airflow/.local/lib/python3.10/site-packages/urllib3/util/retry.py", line 515, in increment
    raise MaxRetryError(_pool, url, reason) from reason  # type: ignore[arg-type]
[2026-09-16T15:45:47.965+0000] {logging_mixin.py:188} WARNING - urllib3.exceptions.MaxRetryError: HTTPSConnectionPool(host='www.googleapis.com', port=443): Max retries exceeded with url: /youtube/v3/videos?part=snippet%2Cstatistics%2CcontentDetails&id=iYlODtkyw_I&key=AIzaSyCu0SeP4QtsaF8H6qeF4NcFYaRehf3ot8w (Caused by NameResolutionError("<urllib3.connection.HTTPSConnection object at 0x7bc5c0664760>: Failed to resolve 'www.googleapis.com' ([Errno -2] Name or service not known)"))
[2026-09-16T15:45:47.971+0000] {logging_mixin.py:188} WARNING - 
During handling of the above exception, another exception occurred:
[2026-09-16T15:45:47.974+0000] {logging_mixin.py:188} WARNING - Traceback (most recent call last):
[2026-09-16T15:45:47.980+0000] {logging_mixin.py:188} WARNING -   File "/opt/airflow/src/app.py", line 72, in get_all_videos
    video = clt.get_video_info(id, self.config.videoInfoUrl,
[2026-09-16T15:45:47.982+0000] {logging_mixin.py:188} WARNING -   File "/opt/airflow/src/controller/info.py", line 12, in get_video_info
    response: req.Response = req.get(url, params=params)
[2026-09-16T15:45:47.986+0000] {logging_mixin.py:188} WARNING -   File "/home/airflow/.local/lib/python3.10/site-packages/requests/api.py", line 73, in get
    return request("get", url, params=params, **kwargs)
[2026-09-16T15:45:48.007+0000] {logging_mixin.py:188} WARNING -   File "/home/airflow/.local/lib/python3.10/site-packages/requests/api.py", line 59, in request
    return session.request(method=method, url=url, **kwargs)
[2026-09-16T15:45:48.018+0000] {logging_mixin.py:188} WARNING -   File "/home/airflow/.local/lib/python3.10/site-packages/requests/sessions.py", line 589, in request
    resp = self.send(prep, **send_kwargs)
[2026-09-16T15:45:48.022+0000] {logging_mixin.py:188} WARNING -   File "/home/airflow/.local/lib/python3.10/site-packages/requests/sessions.py", line 703, in send
    r = adapter.send(request, **kwargs)
[2026-09-16T15:45:48.025+0000] {logging_mixin.py:188} WARNING -   File "/home/airflow/.local/lib/python3.10/site-packages/requests/adapters.py", line 519, in send
    raise ConnectionError(e, request=request)
[2026-09-16T15:45:48.035+0000] {logging_mixin.py:188} WARNING - requests.exceptions.ConnectionError: HTTPSConnectionPool(host='www.googleapis.com', port=443): Max retries exceeded with url: /youtube/v3/videos?part=snippet%2Cstatistics%2CcontentDetails&id=iYlODtkyw_I&key=AIzaSyCu0SeP4QtsaF8H6qeF4NcFYaRehf3ot8w (Caused by NameResolutionError("<urllib3.connection.HTTPSConnection object at 0x7bc5c0664760>: Failed to resolve 'www.googleapis.com' ([Errno -2] Name or service not known)"))
[2026-09-16T15:45:48.099+0000] {logging_mixin.py:188} WARNING - Traceback (most recent call last):
[2026-09-16T15:45:48.111+0000] {logging_mixin.py:188} WARNING -   File "/home/airflow/.local/lib/python3.10/site-packages/urllib3/connection.py", line 198, in _new_conn
    sock = connection.create_connection(
[2026-09-16T15:45:48.121+0000] {logging_mixin.py:188} WARNING -   File "/home/airflow/.local/lib/python3.10/site-packages/urllib3/util/connection.py", line 60, in create_connection
    for res in socket.getaddrinfo(host, port, family, socket.SOCK_STREAM):
[2026-09-16T15:45:48.130+0000] {logging_mixin.py:188} WARNING -   File "/usr/local/lib/python3.10/socket.py", line 955, in getaddrinfo
    for res in _socket.getaddrinfo(host, port, family, type, proto, flags):
[2026-09-16T15:45:48.134+0000] {logging_mixin.py:188} WARNING - socket.gaierror: [Errno -2] Name or service not known
[2026-09-16T15:45:48.136+0000] {logging_mixin.py:188} WARNING - 
The above exception was the direct cause of the following exception:
[2026-09-16T15:45:48.137+0000] {logging_mixin.py:188} WARNING - Traceback (most recent call last):
[2026-09-16T15:45:48.139+0000] {logging_mixin.py:188} WARNING -   File "/home/airflow/.local/lib/python3.10/site-packages/urllib3/connectionpool.py", line 793, in urlopen
    response = self._make_request(
[2026-09-16T15:45:48.144+0000] {logging_mixin.py:188} WARNING -   File "/home/airflow/.local/lib/python3.10/site-packages/urllib3/connectionpool.py", line 491, in _make_request
    raise new_e
[2026-09-16T15:45:48.148+0000] {logging_mixin.py:188} WARNING -   File "/home/airflow/.local/lib/python3.10/site-packages/urllib3/connectionpool.py", line 467, in _make_request
    self._validate_conn(conn)
[2026-09-16T15:45:48.151+0000] {logging_mixin.py:188} WARNING -   File "/home/airflow/.local/lib/python3.10/site-packages/urllib3/connectionpool.py", line 1099, in _validate_conn
    conn.connect()
[2026-09-16T15:45:48.152+0000] {logging_mixin.py:188} WARNING -   File "/home/airflow/.local/lib/python3.10/site-packages/urllib3/connection.py", line 616, in connect
    self.sock = sock = self._new_conn()
[2026-09-16T15:45:48.154+0000] {logging_mixin.py:188} WARNING -   File "/home/airflow/.local/lib/python3.10/site-packages/urllib3/connection.py", line 205, in _new_conn
    raise NameResolutionError(self.host, self, e) from e
[2026-09-16T15:45:48.156+0000] {logging_mixin.py:188} WARNING - urllib3.exceptions.NameResolutionError: <urllib3.connection.HTTPSConnection object at 0x7bc5c06d51e0>: Failed to resolve 'www.googleapis.com' ([Errno -2] Name or service not known)
[2026-09-16T15:45:48.157+0000] {logging_mixin.py:188} WARNING - 
The above exception was the direct cause of the following exception:
[2026-09-16T15:45:48.158+0000] {logging_mixin.py:188} WARNING - Traceback (most recent call last):
[2026-09-16T15:45:48.160+0000] {logging_mixin.py:188} WARNING -   File "/home/airflow/.local/lib/python3.10/site-packages/requests/adapters.py", line 486, in send
    resp = conn.urlopen(
[2026-09-16T15:45:48.161+0000] {logging_mixin.py:188} WARNING -   File "/home/airflow/.local/lib/python3.10/site-packages/urllib3/connectionpool.py", line 847, in urlopen
    retries = retries.increment(
[2026-09-16T15:45:48.162+0000] {logging_mixin.py:188} WARNING -   File "/home/airflow/.local/lib/python3.10/site-packages/urllib3/util/retry.py", line 515, in increment
    raise MaxRetryError(_pool, url, reason) from reason  # type: ignore[arg-type]
[2026-09-16T15:45:48.163+0000] {logging_mixin.py:188} WARNING - urllib3.exceptions.MaxRetryError: HTTPSConnectionPool(host='www.googleapis.com', port=443): Max retries exceeded with url: /youtube/v3/videos?part=snippet%2Cstatistics%2CcontentDetails&id=YA_kX8hu1gg&key=AIzaSyCu0SeP4QtsaF8H6qeF4NcFYaRehf3ot8w (Caused by NameResolutionError("<urllib3.connection.HTTPSConnection object at 0x7bc5c06d51e0>: Failed to resolve 'www.googleapis.com' ([Errno -2] Name or service not known)"))
[2026-09-16T15:45:48.164+0000] {logging_mixin.py:188} WARNING - 
During handling of the above exception, another exception occurred:
[2026-09-16T15:45:48.165+0000] {logging_mixin.py:188} WARNING - Traceback (most recent call last):
[2026-09-16T15:45:48.166+0000] {logging_mixin.py:188} WARNING -   File "/opt/airflow/src/app.py", line 72, in get_all_videos
    video = clt.get_video_info(id, self.config.videoInfoUrl,
[2026-09-16T15:45:48.167+0000] {logging_mixin.py:188} WARNING -   File "/opt/airflow/src/controller/info.py", line 12, in get_video_info
    response: req.Response = req.get(url, params=params)
[2026-09-16T15:45:48.168+0000] {logging_mixin.py:188} WARNING -   File "/home/airflow/.local/lib/python3.10/site-packages/requests/api.py", line 73, in get
    return request("get", url, params=params, **kwargs)
[2026-09-16T15:45:48.169+0000] {logging_mixin.py:188} WARNING -   File "/home/airflow/.local/lib/python3.10/site-packages/requests/api.py", line 59, in request
    return session.request(method=method, url=url, **kwargs)
[2026-09-16T15:45:48.170+0000] {logging_mixin.py:188} WARNING -   File "/home/airflow/.local/lib/python3.10/site-packages/requests/sessions.py", line 589, in request
    resp = self.send(prep, **send_kwargs)
[2026-09-16T15:45:48.172+0000] {logging_mixin.py:188} WARNING -   File "/home/airflow/.local/lib/python3.10/site-packages/requests/sessions.py", line 703, in send
    r = adapter.send(request, **kwargs)
[2026-09-16T15:45:48.173+0000] {logging_mixin.py:188} WARNING -   File "/home/airflow/.local/lib/python3.10/site-packages/requests/adapters.py", line 519, in send
    raise ConnectionError(e, request=request)
[2026-09-16T15:45:48.173+0000] {logging_mixin.py:188} WARNING - requests.exceptions.ConnectionError: HTTPSConnectionPool(host='www.googleapis.com', port=443): Max retries exceeded with url: /youtube/v3/videos?part=snippet%2Cstatistics%2CcontentDetails&id=YA_kX8hu1gg&key=AIzaSyCu0SeP4QtsaF8H6qeF4NcFYaRehf3ot8w (Caused by NameResolutionError("<urllib3.connection.HTTPSConnection object at 0x7bc5c06d51e0>: Failed to resolve 'www.googleapis.com' ([Errno -2] Name or service not known)"))
[2026-09-16T15:45:48.188+0000] {logging_mixin.py:188} WARNING - Traceback (most recent call last):
[2026-09-16T15:45:48.189+0000] {logging_mixin.py:188} WARNING -   File "/home/airflow/.local/lib/python3.10/site-packages/urllib3/connection.py", line 198, in _new_conn
    sock = connection.create_connection(
[2026-09-16T15:45:48.190+0000] {logging_mixin.py:188} WARNING -   File "/home/airflow/.local/lib/python3.10/site-packages/urllib3/util/connection.py", line 60, in create_connection
    for res in socket.getaddrinfo(host, port, family, socket.SOCK_STREAM):
[2026-09-16T15:45:48.191+0000] {logging_mixin.py:188} WARNING -   File "/usr/local/lib/python3.10/socket.py", line 955, in getaddrinfo
    for res in _socket.getaddrinfo(host, port, family, type, proto, flags):
[2026-09-16T15:45:48.191+0000] {logging_mixin.py:188} WARNING - socket.gaierror: [Errno -2] Name or service not known
[2026-09-16T15:45:48.192+0000] {logging_mixin.py:188} WARNING - 
The above exception was the direct cause of the following exception:
[2026-09-16T15:45:48.193+0000] {logging_mixin.py:188} WARNING - Traceback (most recent call last):
[2026-09-16T15:45:48.194+0000] {logging_mixin.py:188} WARNING -   File "/home/airflow/.local/lib/python3.10/site-packages/urllib3/connectionpool.py", line 793, in urlopen
    response = self._make_request(
[2026-09-16T15:45:48.195+0000] {logging_mixin.py:188} WARNING -   File "/home/airflow/.local/lib/python3.10/site-packages/urllib3/connectionpool.py", line 491, in _make_request
    raise new_e
[2026-09-16T15:45:48.196+0000] {logging_mixin.py:188} WARNING -   File "/home/airflow/.local/lib/python3.10/site-packages/urllib3/connectionpool.py", line 467, in _make_request
    self._validate_conn(conn)
[2026-09-16T15:45:48.197+0000] {logging_mixin.py:188} WARNING -   File "/home/airflow/.local/lib/python3.10/site-packages/urllib3/connectionpool.py", line 1099, in _validate_conn
    conn.connect()
[2026-09-16T15:45:48.198+0000] {logging_mixin.py:188} WARNING -   File "/home/airflow/.local/lib/python3.10/site-packages/urllib3/connection.py", line 616, in connect
    self.sock = sock = self._new_conn()
[2026-09-16T15:45:48.199+0000] {logging_mixin.py:188} WARNING -   File "/home/airflow/.local/lib/python3.10/site-packages/urllib3/connection.py", line 205, in _new_conn
    raise NameResolutionError(self.host, self, e) from e
[2026-09-16T15:45:48.199+0000] {logging_mixin.py:188} WARNING - urllib3.exceptions.NameResolutionError: <urllib3.connection.HTTPSConnection object at 0x7bc5c06d76d0>: Failed to resolve 'www.googleapis.com' ([Errno -2] Name or service not known)
[2026-09-16T15:45:48.200+0000] {logging_mixin.py:188} WARNING - 
The above exception was the direct cause of the following exception:
[2026-09-16T15:45:48.200+0000] {logging_mixin.py:188} WARNING - Traceback (most recent call last):
[2026-09-16T15:45:48.201+0000] {logging_mixin.py:188} WARNING -   File "/home/airflow/.local/lib/python3.10/site-packages/requests/adapters.py", line 486, in send
    resp = conn.urlopen(
[2026-09-16T15:45:48.201+0000] {logging_mixin.py:188} WARNING -   File "/home/airflow/.local/lib/python3.10/site-packages/urllib3/connectionpool.py", line 847, in urlopen
    retries = retries.increment(
[2026-09-16T15:45:48.202+0000] {logging_mixin.py:188} WARNING -   File "/home/airflow/.local/lib/python3.10/site-packages/urllib3/util/retry.py", line 515, in increment
    raise MaxRetryError(_pool, url, reason) from reason  # type: ignore[arg-type]
[2026-09-16T15:45:48.202+0000] {logging_mixin.py:188} WARNING - urllib3.exceptions.MaxRetryError: HTTPSConnectionPool(host='www.googleapis.com', port=443): Max retries exceeded with url: /youtube/v3/videos?part=snippet%2Cstatistics%2CcontentDetails&id=XCGVurja73c&key=AIzaSyCu0SeP4QtsaF8H6qeF4NcFYaRehf3ot8w (Caused by NameResolutionError("<urllib3.connection.HTTPSConnection object at 0x7bc5c06d76d0>: Failed to resolve 'www.googleapis.com' ([Errno -2] Name or service not known)"))
[2026-09-16T15:45:48.203+0000] {logging_mixin.py:188} WARNING - 
During handling of the above exception, another exception occurred:
[2026-09-16T15:45:48.203+0000] {logging_mixin.py:188} WARNING - Traceback (most recent call last):
[2026-09-16T15:45:48.204+0000] {logging_mixin.py:188} WARNING -   File "/opt/airflow/src/app.py", line 72, in get_all_videos
    video = clt.get_video_info(id, self.config.videoInfoUrl,
[2026-09-16T15:45:48.204+0000] {logging_mixin.py:188} WARNING -   File "/opt/airflow/src/controller/info.py", line 12, in get_video_info
    response: req.Response = req.get(url, params=params)
[2026-09-16T15:45:48.205+0000] {logging_mixin.py:188} WARNING -   File "/home/airflow/.local/lib/python3.10/site-packages/requests/api.py", line 73, in get
    return request("get", url, params=params, **kwargs)
[2026-09-16T15:45:48.205+0000] {logging_mixin.py:188} WARNING -   File "/home/airflow/.local/lib/python3.10/site-packages/requests/api.py", line 59, in request
    return session.request(method=method, url=url, **kwargs)
[2026-09-16T15:45:48.206+0000] {logging_mixin.py:188} WARNING -   File "/home/airflow/.local/lib/python3.10/site-packages/requests/sessions.py", line 589, in request
    resp = self.send(prep, **send_kwargs)
[2026-09-16T15:45:48.206+0000] {logging_mixin.py:188} WARNING -   File "/home/airflow/.local/lib/python3.10/site-packages/requests/sessions.py", line 703, in send
    r = adapter.send(request, **kwargs)
[2026-09-16T15:45:48.207+0000] {logging_mixin.py:188} WARNING -   File "/home/airflow/.local/lib/python3.10/site-packages/requests/adapters.py", line 519, in send
    raise ConnectionError(e, request=request)
[2026-09-16T15:45:48.207+0000] {logging_mixin.py:188} WARNING - requests.exceptions.ConnectionError: HTTPSConnectionPool(host='www.googleapis.com', port=443): Max retries exceeded with url: /youtube/v3/videos?part=snippet%2Cstatistics%2CcontentDetails&id=XCGVurja73c&key=AIzaSyCu0SeP4QtsaF8H6qeF4NcFYaRehf3ot8w (Caused by NameResolutionError("<urllib3.connection.HTTPSConnection object at 0x7bc5c06d76d0>: Failed to resolve 'www.googleapis.com' ([Errno -2] Name or service not known)"))
[2026-09-16T15:45:48.232+0000] {logging_mixin.py:188} WARNING - Traceback (most recent call last):
[2026-09-16T15:45:48.233+0000] {logging_mixin.py:188} WARNING -   File "/home/airflow/.local/lib/python3.10/site-packages/urllib3/connection.py", line 198, in _new_conn
    sock = connection.create_connection(
[2026-09-16T15:45:48.235+0000] {logging_mixin.py:188} WARNING -   File "/home/airflow/.local/lib/python3.10/site-packages/urllib3/util/connection.py", line 60, in create_connection
    for res in socket.getaddrinfo(host, port, family, socket.SOCK_STREAM):
[2026-09-16T15:45:48.236+0000] {logging_mixin.py:188} WARNING -   File "/usr/local/lib/python3.10/socket.py", line 955, in getaddrinfo
    for res in _socket.getaddrinfo(host, port, family, type, proto, flags):
[2026-09-16T15:45:48.237+0000] {logging_mixin.py:188} WARNING - socket.gaierror: [Errno -2] Name or service not known
[2026-09-16T15:45:48.237+0000] {logging_mixin.py:188} WARNING - 
The above exception was the direct cause of the following exception:
[2026-09-16T15:45:48.238+0000] {logging_mixin.py:188} WARNING - Traceback (most recent call last):
[2026-09-16T15:45:48.239+0000] {logging_mixin.py:188} WARNING -   File "/home/airflow/.local/lib/python3.10/site-packages/urllib3/connectionpool.py", line 793, in urlopen
    response = self._make_request(
[2026-09-16T15:45:48.239+0000] {logging_mixin.py:188} WARNING -   File "/home/airflow/.local/lib/python3.10/site-packages/urllib3/connectionpool.py", line 491, in _make_request
    raise new_e
[2026-09-16T15:45:48.240+0000] {logging_mixin.py:188} WARNING -   File "/home/airflow/.local/lib/python3.10/site-packages/urllib3/connectionpool.py", line 467, in _make_request
    self._validate_conn(conn)
[2026-09-16T15:45:48.241+0000] {logging_mixin.py:188} WARNING -   File "/home/airflow/.local/lib/python3.10/site-packages/urllib3/connectionpool.py", line 1099, in _validate_conn
    conn.connect()
[2026-09-16T15:45:48.244+0000] {logging_mixin.py:188} WARNING -   File "/home/airflow/.local/lib/python3.10/site-packages/urllib3/connection.py", line 616, in connect
    self.sock = sock = self._new_conn()
[2026-09-16T15:45:48.247+0000] {logging_mixin.py:188} WARNING -   File "/home/airflow/.local/lib/python3.10/site-packages/urllib3/connection.py", line 205, in _new_conn
    raise NameResolutionError(self.host, self, e) from e
[2026-09-16T15:45:48.248+0000] {logging_mixin.py:188} WARNING - urllib3.exceptions.NameResolutionError: <urllib3.connection.HTTPSConnection object at 0x7bc5c06d7130>: Failed to resolve 'www.googleapis.com' ([Errno -2] Name or service not known)
[2026-09-16T15:45:48.249+0000] {logging_mixin.py:188} WARNING - 
The above exception was the direct cause of the following exception:
[2026-09-16T15:45:48.249+0000] {logging_mixin.py:188} WARNING - Traceback (most recent call last):
[2026-09-16T15:45:48.250+0000] {logging_mixin.py:188} WARNING -   File "/home/airflow/.local/lib/python3.10/site-packages/requests/adapters.py", line 486, in send
    resp = conn.urlopen(
[2026-09-16T15:45:48.250+0000] {logging_mixin.py:188} WARNING -   File "/home/airflow/.local/lib/python3.10/site-packages/urllib3/connectionpool.py", line 847, in urlopen
    retries = retries.increment(
[2026-09-16T15:45:48.251+0000] {logging_mixin.py:188} WARNING -   File "/home/airflow/.local/lib/python3.10/site-packages/urllib3/util/retry.py", line 515, in increment
    raise MaxRetryError(_pool, url, reason) from reason  # type: ignore[arg-type]
[2026-09-16T15:45:48.252+0000] {logging_mixin.py:188} WARNING - urllib3.exceptions.MaxRetryError: HTTPSConnectionPool(host='www.googleapis.com', port=443): Max retries exceeded with url: /youtube/v3/videos?part=snippet%2Cstatistics%2CcontentDetails&id=r9aWeGqp43s&key=AIzaSyCu0SeP4QtsaF8H6qeF4NcFYaRehf3ot8w (Caused by NameResolutionError("<urllib3.connection.HTTPSConnection object at 0x7bc5c06d7130>: Failed to resolve 'www.googleapis.com' ([Errno -2] Name or service not known)"))
[2026-09-16T15:45:48.252+0000] {logging_mixin.py:188} WARNING - 
During handling of the above exception, another exception occurred:
[2026-09-16T15:45:48.253+0000] {logging_mixin.py:188} WARNING - Traceback (most recent call last):
[2026-09-16T15:45:48.253+0000] {logging_mixin.py:188} WARNING -   File "/opt/airflow/src/app.py", line 72, in get_all_videos
    video = clt.get_video_info(id, self.config.videoInfoUrl,
[2026-09-16T15:45:48.253+0000] {logging_mixin.py:188} WARNING -   File "/opt/airflow/src/controller/info.py", line 12, in get_video_info
    response: req.Response = req.get(url, params=params)
[2026-09-16T15:45:48.254+0000] {logging_mixin.py:188} WARNING -   File "/home/airflow/.local/lib/python3.10/site-packages/requests/api.py", line 73, in get
    return request("get", url, params=params, **kwargs)
[2026-09-16T15:45:48.254+0000] {logging_mixin.py:188} WARNING -   File "/home/airflow/.local/lib/python3.10/site-packages/requests/api.py", line 59, in request
    return session.request(method=method, url=url, **kwargs)
[2026-09-16T15:45:48.255+0000] {logging_mixin.py:188} WARNING -   File "/home/airflow/.local/lib/python3.10/site-packages/requests/sessions.py", line 589, in request
    resp = self.send(prep, **send_kwargs)
[2026-09-16T15:45:48.255+0000] {logging_mixin.py:188} WARNING -   File "/home/airflow/.local/lib/python3.10/site-packages/requests/sessions.py", line 703, in send
    r = adapter.send(request, **kwargs)
[2026-09-16T15:45:48.256+0000] {logging_mixin.py:188} WARNING -   File "/home/airflow/.local/lib/python3.10/site-packages/requests/adapters.py", line 519, in send
    raise ConnectionError(e, request=request)
[2026-09-16T15:45:48.257+0000] {logging_mixin.py:188} WARNING - requests.exceptions.ConnectionError: HTTPSConnectionPool(host='www.googleapis.com', port=443): Max retries exceeded with url: /youtube/v3/videos?part=snippet%2Cstatistics%2CcontentDetails&id=r9aWeGqp43s&key=AIzaSyCu0SeP4QtsaF8H6qeF4NcFYaRehf3ot8w (Caused by NameResolutionError("<urllib3.connection.HTTPSConnection object at 0x7bc5c06d7130>: Failed to resolve 'www.googleapis.com' ([Errno -2] Name or service not known)"))
[2026-09-16T15:45:48.272+0000] {logging_mixin.py:188} WARNING - Traceback (most recent call last):
[2026-09-16T15:45:48.272+0000] {logging_mixin.py:188} WARNING -   File "/home/airflow/.local/lib/python3.10/site-packages/urllib3/connection.py", line 198, in _new_conn
    sock = connection.create_connection(
[2026-09-16T15:45:48.273+0000] {logging_mixin.py:188} WARNING -   File "/home/airflow/.local/lib/python3.10/site-packages/urllib3/util/connection.py", line 60, in create_connection
    for res in socket.getaddrinfo(host, port, family, socket.SOCK_STREAM):
[2026-09-16T15:45:48.274+0000] {logging_mixin.py:188} WARNING -   File "/usr/local/lib/python3.10/socket.py", line 955, in getaddrinfo
    for res in _socket.getaddrinfo(host, port, family, type, proto, flags):
[2026-09-16T15:45:48.276+0000] {logging_mixin.py:188} WARNING - socket.gaierror: [Errno -2] Name or service not known
[2026-09-16T15:45:48.278+0000] {logging_mixin.py:188} WARNING - 
The above exception was the direct cause of the following exception:
[2026-09-16T15:45:48.280+0000] {logging_mixin.py:188} WARNING - Traceback (most recent call last):
[2026-09-16T15:45:48.280+0000] {logging_mixin.py:188} WARNING -   File "/home/airflow/.local/lib/python3.10/site-packages/urllib3/connectionpool.py", line 793, in urlopen
    response = self._make_request(
[2026-09-16T15:45:48.281+0000] {logging_mixin.py:188} WARNING -   File "/home/airflow/.local/lib/python3.10/site-packages/urllib3/connectionpool.py", line 491, in _make_request
    raise new_e
[2026-09-16T15:45:48.282+0000] {logging_mixin.py:188} WARNING -   File "/home/airflow/.local/lib/python3.10/site-packages/urllib3/connectionpool.py", line 467, in _make_request
    self._validate_conn(conn)
[2026-09-16T15:45:48.282+0000] {logging_mixin.py:188} WARNING -   File "/home/airflow/.local/lib/python3.10/site-packages/urllib3/connectionpool.py", line 1099, in _validate_conn
    conn.connect()
[2026-09-16T15:45:48.283+0000] {logging_mixin.py:188} WARNING -   File "/home/airflow/.local/lib/python3.10/site-packages/urllib3/connection.py", line 616, in connect
    self.sock = sock = self._new_conn()
[2026-09-16T15:45:48.284+0000] {logging_mixin.py:188} WARNING -   File "/home/airflow/.local/lib/python3.10/site-packages/urllib3/connection.py", line 205, in _new_conn
    raise NameResolutionError(self.host, self, e) from e
[2026-09-16T15:45:48.284+0000] {logging_mixin.py:188} WARNING - urllib3.exceptions.NameResolutionError: <urllib3.connection.HTTPSConnection object at 0x7bc5c06d6530>: Failed to resolve 'www.googleapis.com' ([Errno -2] Name or service not known)
[2026-09-16T15:45:48.285+0000] {logging_mixin.py:188} WARNING - 
The above exception was the direct cause of the following exception:
[2026-09-16T15:45:48.285+0000] {logging_mixin.py:188} WARNING - Traceback (most recent call last):
[2026-09-16T15:45:48.286+0000] {logging_mixin.py:188} WARNING -   File "/home/airflow/.local/lib/python3.10/site-packages/requests/adapters.py", line 486, in send
    resp = conn.urlopen(
[2026-09-16T15:45:48.286+0000] {logging_mixin.py:188} WARNING -   File "/home/airflow/.local/lib/python3.10/site-packages/urllib3/connectionpool.py", line 847, in urlopen
    retries = retries.increment(
[2026-09-16T15:45:48.286+0000] {logging_mixin.py:188} WARNING -   File "/home/airflow/.local/lib/python3.10/site-packages/urllib3/util/retry.py", line 515, in increment
    raise MaxRetryError(_pool, url, reason) from reason  # type: ignore[arg-type]
[2026-09-16T15:45:48.287+0000] {logging_mixin.py:188} WARNING - urllib3.exceptions.MaxRetryError: HTTPSConnectionPool(host='www.googleapis.com', port=443): Max retries exceeded with url: /youtube/v3/videos?part=snippet%2Cstatistics%2CcontentDetails&id=xDuuM3ERr5Q&key=AIzaSyCu0SeP4QtsaF8H6qeF4NcFYaRehf3ot8w (Caused by NameResolutionError("<urllib3.connection.HTTPSConnection object at 0x7bc5c06d6530>: Failed to resolve 'www.googleapis.com' ([Errno -2] Name or service not known)"))
[2026-09-16T15:45:48.287+0000] {logging_mixin.py:188} WARNING - 
During handling of the above exception, another exception occurred:
[2026-09-16T15:45:48.288+0000] {logging_mixin.py:188} WARNING - Traceback (most recent call last):
[2026-09-16T15:45:48.288+0000] {logging_mixin.py:188} WARNING -   File "/opt/airflow/src/app.py", line 72, in get_all_videos
    video = clt.get_video_info(id, self.config.videoInfoUrl,
[2026-09-16T15:45:48.289+0000] {logging_mixin.py:188} WARNING -   File "/opt/airflow/src/controller/info.py", line 12, in get_video_info
    response: req.Response = req.get(url, params=params)
[2026-09-16T15:45:48.289+0000] {logging_mixin.py:188} WARNING -   File "/home/airflow/.local/lib/python3.10/site-packages/requests/api.py", line 73, in get
    return request("get", url, params=params, **kwargs)
[2026-09-16T15:45:48.289+0000] {logging_mixin.py:188} WARNING -   File "/home/airflow/.local/lib/python3.10/site-packages/requests/api.py", line 59, in request
    return session.request(method=method, url=url, **kwargs)
[2026-09-16T15:45:48.290+0000] {logging_mixin.py:188} WARNING -   File "/home/airflow/.local/lib/python3.10/site-packages/requests/sessions.py", line 589, in request
    resp = self.send(prep, **send_kwargs)
[2026-09-16T15:45:48.290+0000] {logging_mixin.py:188} WARNING -   File "/home/airflow/.local/lib/python3.10/site-packages/requests/sessions.py", line 703, in send
    r = adapter.send(request, **kwargs)
[2026-09-16T15:45:48.291+0000] {logging_mixin.py:188} WARNING -   File "/home/airflow/.local/lib/python3.10/site-packages/requests/adapters.py", line 519, in send
    raise ConnectionError(e, request=request)
[2026-09-16T15:45:48.291+0000] {logging_mixin.py:188} WARNING - requests.exceptions.ConnectionError: HTTPSConnectionPool(host='www.googleapis.com', port=443): Max retries exceeded with url: /youtube/v3/videos?part=snippet%2Cstatistics%2CcontentDetails&id=xDuuM3ERr5Q&key=AIzaSyCu0SeP4QtsaF8H6qeF4NcFYaRehf3ot8w (Caused by NameResolutionError("<urllib3.connection.HTTPSConnection object at 0x7bc5c06d6530>: Failed to resolve 'www.googleapis.com' ([Errno -2] Name or service not known)"))
[2026-09-16T15:45:48.305+0000] {logging_mixin.py:188} WARNING - Traceback (most recent call last):
[2026-09-16T15:45:48.305+0000] {logging_mixin.py:188} WARNING -   File "/home/airflow/.local/lib/python3.10/site-packages/urllib3/connection.py", line 198, in _new_conn
    sock = connection.create_connection(
[2026-09-16T15:45:48.306+0000] {logging_mixin.py:188} WARNING -   File "/home/airflow/.local/lib/python3.10/site-packages/urllib3/util/connection.py", line 60, in create_connection
    for res in socket.getaddrinfo(host, port, family, socket.SOCK_STREAM):
[2026-09-16T15:45:48.306+0000] {logging_mixin.py:188} WARNING -   File "/usr/local/lib/python3.10/socket.py", line 955, in getaddrinfo
    for res in _socket.getaddrinfo(host, port, family, type, proto, flags):
[2026-09-16T15:45:48.307+0000] {logging_mixin.py:188} WARNING - socket.gaierror: [Errno -2] Name or service not known
[2026-09-16T15:45:48.307+0000] {logging_mixin.py:188} WARNING - 
The above exception was the direct cause of the following exception:
[2026-09-16T15:45:48.308+0000] {logging_mixin.py:188} WARNING - Traceback (most recent call last):
[2026-09-16T15:45:48.309+0000] {logging_mixin.py:188} WARNING -   File "/home/airflow/.local/lib/python3.10/site-packages/urllib3/connectionpool.py", line 793, in urlopen
    response = self._make_request(
[2026-09-16T15:45:48.311+0000] {logging_mixin.py:188} WARNING -   File "/home/airflow/.local/lib/python3.10/site-packages/urllib3/connectionpool.py", line 491, in _make_request
    raise new_e
[2026-09-16T15:45:48.312+0000] {logging_mixin.py:188} WARNING -   File "/home/airflow/.local/lib/python3.10/site-packages/urllib3/connectionpool.py", line 467, in _make_request
    self._validate_conn(conn)
[2026-09-16T15:45:48.312+0000] {logging_mixin.py:188} WARNING -   File "/home/airflow/.local/lib/python3.10/site-packages/urllib3/connectionpool.py", line 1099, in _validate_conn
    conn.connect()
[2026-09-16T15:45:48.313+0000] {logging_mixin.py:188} WARNING -   File "/home/airflow/.local/lib/python3.10/site-packages/urllib3/connection.py", line 616, in connect
    self.sock = sock = self._new_conn()
[2026-09-16T15:45:48.314+0000] {logging_mixin.py:188} WARNING -   File "/home/airflow/.local/lib/python3.10/site-packages/urllib3/connection.py", line 205, in _new_conn
    raise NameResolutionError(self.host, self, e) from e
[2026-09-16T15:45:48.314+0000] {logging_mixin.py:188} WARNING - urllib3.exceptions.NameResolutionError: <urllib3.connection.HTTPSConnection object at 0x7bc5c06d79a0>: Failed to resolve 'www.googleapis.com' ([Errno -2] Name or service not known)
[2026-09-16T15:45:48.314+0000] {logging_mixin.py:188} WARNING - 
The above exception was the direct cause of the following exception:
[2026-09-16T15:45:48.315+0000] {logging_mixin.py:188} WARNING - Traceback (most recent call last):
[2026-09-16T15:45:48.315+0000] {logging_mixin.py:188} WARNING -   File "/home/airflow/.local/lib/python3.10/site-packages/requests/adapters.py", line 486, in send
    resp = conn.urlopen(
[2026-09-16T15:45:48.316+0000] {logging_mixin.py:188} WARNING -   File "/home/airflow/.local/lib/python3.10/site-packages/urllib3/connectionpool.py", line 847, in urlopen
    retries = retries.increment(
[2026-09-16T15:45:48.316+0000] {logging_mixin.py:188} WARNING -   File "/home/airflow/.local/lib/python3.10/site-packages/urllib3/util/retry.py", line 515, in increment
    raise MaxRetryError(_pool, url, reason) from reason  # type: ignore[arg-type]
[2026-09-16T15:45:48.317+0000] {logging_mixin.py:188} WARNING - urllib3.exceptions.MaxRetryError: HTTPSConnectionPool(host='www.googleapis.com', port=443): Max retries exceeded with url: /youtube/v3/videos?part=snippet%2Cstatistics%2CcontentDetails&id=__fmDj0ZJ1Q&key=AIzaSyCu0SeP4QtsaF8H6qeF4NcFYaRehf3ot8w (Caused by NameResolutionError("<urllib3.connection.HTTPSConnection object at 0x7bc5c06d79a0>: Failed to resolve 'www.googleapis.com' ([Errno -2] Name or service not known)"))
[2026-09-16T15:45:48.317+0000] {logging_mixin.py:188} WARNING - 
During handling of the above exception, another exception occurred:
[2026-09-16T15:45:48.317+0000] {logging_mixin.py:188} WARNING - Traceback (most recent call last):
[2026-09-16T15:45:48.318+0000] {logging_mixin.py:188} WARNING -   File "/opt/airflow/src/app.py", line 72, in get_all_videos
    video = clt.get_video_info(id, self.config.videoInfoUrl,
[2026-09-16T15:45:48.318+0000] {logging_mixin.py:188} WARNING -   File "/opt/airflow/src/controller/info.py", line 12, in get_video_info
    response: req.Response = req.get(url, params=params)
[2026-09-16T15:45:48.318+0000] {logging_mixin.py:188} WARNING -   File "/home/airflow/.local/lib/python3.10/site-packages/requests/api.py", line 73, in get
    return request("get", url, params=params, **kwargs)
[2026-09-16T15:45:48.319+0000] {logging_mixin.py:188} WARNING -   File "/home/airflow/.local/lib/python3.10/site-packages/requests/api.py", line 59, in request
    return session.request(method=method, url=url, **kwargs)
[2026-09-16T15:45:48.319+0000] {logging_mixin.py:188} WARNING -   File "/home/airflow/.local/lib/python3.10/site-packages/requests/sessions.py", line 589, in request
    resp = self.send(prep, **send_kwargs)
[2026-09-16T15:45:48.319+0000] {logging_mixin.py:188} WARNING -   File "/home/airflow/.local/lib/python3.10/site-packages/requests/sessions.py", line 703, in send
    r = adapter.send(request, **kwargs)
[2026-09-16T15:45:48.320+0000] {logging_mixin.py:188} WARNING -   File "/home/airflow/.local/lib/python3.10/site-packages/requests/adapters.py", line 519, in send
    raise ConnectionError(e, request=request)
[2026-09-16T15:45:48.320+0000] {logging_mixin.py:188} WARNING - requests.exceptions.ConnectionError: HTTPSConnectionPool(host='www.googleapis.com', port=443): Max retries exceeded with url: /youtube/v3/videos?part=snippet%2Cstatistics%2CcontentDetails&id=__fmDj0ZJ1Q&key=AIzaSyCu0SeP4QtsaF8H6qeF4NcFYaRehf3ot8w (Caused by NameResolutionError("<urllib3.connection.HTTPSConnection object at 0x7bc5c06d79a0>: Failed to resolve 'www.googleapis.com' ([Errno -2] Name or service not known)"))
[2026-09-16T15:45:48.330+0000] {logging_mixin.py:188} WARNING - Traceback (most recent call last):
[2026-09-16T15:45:48.331+0000] {logging_mixin.py:188} WARNING -   File "/home/airflow/.local/lib/python3.10/site-packages/urllib3/connection.py", line 198, in _new_conn
    sock = connection.create_connection(
[2026-09-16T15:45:48.332+0000] {logging_mixin.py:188} WARNING -   File "/home/airflow/.local/lib/python3.10/site-packages/urllib3/util/connection.py", line 60, in create_connection
    for res in socket.getaddrinfo(host, port, family, socket.SOCK_STREAM):
[2026-09-16T15:45:48.332+0000] {logging_mixin.py:188} WARNING -   File "/usr/local/lib/python3.10/socket.py", line 955, in getaddrinfo
    for res in _socket.getaddrinfo(host, port, family, type, proto, flags):
[2026-09-16T15:45:48.333+0000] {logging_mixin.py:188} WARNING - socket.gaierror: [Errno -2] Name or service not known
[2026-09-16T15:45:48.333+0000] {logging_mixin.py:188} WARNING - 
The above exception was the direct cause of the following exception:
[2026-09-16T15:45:48.333+0000] {logging_mixin.py:188} WARNING - Traceback (most recent call last):
[2026-09-16T15:45:48.334+0000] {logging_mixin.py:188} WARNING -   File "/home/airflow/.local/lib/python3.10/site-packages/urllib3/connectionpool.py", line 793, in urlopen
    response = self._make_request(
[2026-09-16T15:45:48.334+0000] {logging_mixin.py:188} WARNING -   File "/home/airflow/.local/lib/python3.10/site-packages/urllib3/connectionpool.py", line 491, in _make_request
    raise new_e
[2026-09-16T15:45:48.335+0000] {logging_mixin.py:188} WARNING -   File "/home/airflow/.local/lib/python3.10/site-packages/urllib3/connectionpool.py", line 467, in _make_request
    self._validate_conn(conn)
[2026-09-16T15:45:48.335+0000] {logging_mixin.py:188} WARNING -   File "/home/airflow/.local/lib/python3.10/site-packages/urllib3/connectionpool.py", line 1099, in _validate_conn
    conn.connect()
[2026-09-16T15:45:48.335+0000] {logging_mixin.py:188} WARNING -   File "/home/airflow/.local/lib/python3.10/site-packages/urllib3/connection.py", line 616, in connect
    self.sock = sock = self._new_conn()
[2026-09-16T15:45:48.336+0000] {logging_mixin.py:188} WARNING -   File "/home/airflow/.local/lib/python3.10/site-packages/urllib3/connection.py", line 205, in _new_conn
    raise NameResolutionError(self.host, self, e) from e
[2026-09-16T15:45:48.336+0000] {logging_mixin.py:188} WARNING - urllib3.exceptions.NameResolutionError: <urllib3.connection.HTTPSConnection object at 0x7bc5c06d63b0>: Failed to resolve 'www.googleapis.com' ([Errno -2] Name or service not known)
[2026-09-16T15:45:48.337+0000] {logging_mixin.py:188} WARNING - 
The above exception was the direct cause of the following exception:
[2026-09-16T15:45:48.337+0000] {logging_mixin.py:188} WARNING - Traceback (most recent call last):
[2026-09-16T15:45:48.337+0000] {logging_mixin.py:188} WARNING -   File "/home/airflow/.local/lib/python3.10/site-packages/requests/adapters.py", line 486, in send
    resp = conn.urlopen(
[2026-09-16T15:45:48.338+0000] {logging_mixin.py:188} WARNING -   File "/home/airflow/.local/lib/python3.10/site-packages/urllib3/connectionpool.py", line 847, in urlopen
    retries = retries.increment(
[2026-09-16T15:45:48.338+0000] {logging_mixin.py:188} WARNING -   File "/home/airflow/.local/lib/python3.10/site-packages/urllib3/util/retry.py", line 515, in increment
    raise MaxRetryError(_pool, url, reason) from reason  # type: ignore[arg-type]
[2026-09-16T15:45:48.339+0000] {logging_mixin.py:188} WARNING - urllib3.exceptions.MaxRetryError: HTTPSConnectionPool(host='www.googleapis.com', port=443): Max retries exceeded with url: /youtube/v3/videos?part=snippet%2Cstatistics%2CcontentDetails&id=xCl2gndzFqE&key=AIzaSyCu0SeP4QtsaF8H6qeF4NcFYaRehf3ot8w (Caused by NameResolutionError("<urllib3.connection.HTTPSConnection object at 0x7bc5c06d63b0>: Failed to resolve 'www.googleapis.com' ([Errno -2] Name or service not known)"))
[2026-09-16T15:45:48.339+0000] {logging_mixin.py:188} WARNING - 
During handling of the above exception, another exception occurred:
[2026-09-16T15:45:48.339+0000] {logging_mixin.py:188} WARNING - Traceback (most recent call last):
[2026-09-16T15:45:48.340+0000] {logging_mixin.py:188} WARNING -   File "/opt/airflow/src/app.py", line 72, in get_all_videos
    video = clt.get_video_info(id, self.config.videoInfoUrl,
[2026-09-16T15:45:48.340+0000] {logging_mixin.py:188} WARNING -   File "/opt/airflow/src/controller/info.py", line 12, in get_video_info
    response: req.Response = req.get(url, params=params)
[2026-09-16T15:45:48.341+0000] {logging_mixin.py:188} WARNING -   File "/home/airflow/.local/lib/python3.10/site-packages/requests/api.py", line 73, in get
    return request("get", url, params=params, **kwargs)
[2026-09-16T15:45:48.341+0000] {logging_mixin.py:188} WARNING -   File "/home/airflow/.local/lib/python3.10/site-packages/requests/api.py", line 59, in request
    return session.request(method=method, url=url, **kwargs)
[2026-09-16T15:45:48.341+0000] {logging_mixin.py:188} WARNING -   File "/home/airflow/.local/lib/python3.10/site-packages/requests/sessions.py", line 589, in request
    resp = self.send(prep, **send_kwargs)
[2026-09-16T15:45:48.345+0000] {logging_mixin.py:188} WARNING -   File "/home/airflow/.local/lib/python3.10/site-packages/requests/sessions.py", line 703, in send
    r = adapter.send(request, **kwargs)
[2026-09-16T15:45:48.346+0000] {logging_mixin.py:188} WARNING -   File "/home/airflow/.local/lib/python3.10/site-packages/requests/adapters.py", line 519, in send
    raise ConnectionError(e, request=request)
[2026-09-16T15:45:48.347+0000] {logging_mixin.py:188} WARNING - requests.exceptions.ConnectionError: HTTPSConnectionPool(host='www.googleapis.com', port=443): Max retries exceeded with url: /youtube/v3/videos?part=snippet%2Cstatistics%2CcontentDetails&id=xCl2gndzFqE&key=AIzaSyCu0SeP4QtsaF8H6qeF4NcFYaRehf3ot8w (Caused by NameResolutionError("<urllib3.connection.HTTPSConnection object at 0x7bc5c06d63b0>: Failed to resolve 'www.googleapis.com' ([Errno -2] Name or service not known)"))
[2026-09-16T15:45:48.357+0000] {logging_mixin.py:188} WARNING - Traceback (most recent call last):
[2026-09-16T15:45:48.358+0000] {logging_mixin.py:188} WARNING -   File "/home/airflow/.local/lib/python3.10/site-packages/urllib3/connection.py", line 198, in _new_conn
    sock = connection.create_connection(
[2026-09-16T15:45:48.359+0000] {logging_mixin.py:188} WARNING -   File "/home/airflow/.local/lib/python3.10/site-packages/urllib3/util/connection.py", line 60, in create_connection
    for res in socket.getaddrinfo(host, port, family, socket.SOCK_STREAM):
[2026-09-16T15:45:48.361+0000] {logging_mixin.py:188} WARNING -   File "/usr/local/lib/python3.10/socket.py", line 955, in getaddrinfo
    for res in _socket.getaddrinfo(host, port, family, type, proto, flags):
[2026-09-16T15:45:48.361+0000] {logging_mixin.py:188} WARNING - socket.gaierror: [Errno -2] Name or service not known
[2026-09-16T15:45:48.362+0000] {logging_mixin.py:188} WARNING - 
The above exception was the direct cause of the following exception:
[2026-09-16T15:45:48.363+0000] {logging_mixin.py:188} WARNING - Traceback (most recent call last):
[2026-09-16T15:45:48.363+0000] {logging_mixin.py:188} WARNING -   File "/home/airflow/.local/lib/python3.10/site-packages/urllib3/connectionpool.py", line 793, in urlopen
    response = self._make_request(
[2026-09-16T15:45:48.364+0000] {logging_mixin.py:188} WARNING -   File "/home/airflow/.local/lib/python3.10/site-packages/urllib3/connectionpool.py", line 491, in _make_request
    raise new_e
[2026-09-16T15:45:48.364+0000] {logging_mixin.py:188} WARNING -   File "/home/airflow/.local/lib/python3.10/site-packages/urllib3/connectionpool.py", line 467, in _make_request
    self._validate_conn(conn)
[2026-09-16T15:45:48.365+0000] {logging_mixin.py:188} WARNING -   File "/home/airflow/.local/lib/python3.10/site-packages/urllib3/connectionpool.py", line 1099, in _validate_conn
    conn.connect()
[2026-09-16T15:45:48.365+0000] {logging_mixin.py:188} WARNING -   File "/home/airflow/.local/lib/python3.10/site-packages/urllib3/connection.py", line 616, in connect
    self.sock = sock = self._new_conn()
[2026-09-16T15:45:48.365+0000] {logging_mixin.py:188} WARNING -   File "/home/airflow/.local/lib/python3.10/site-packages/urllib3/connection.py", line 205, in _new_conn
    raise NameResolutionError(self.host, self, e) from e
[2026-09-16T15:45:48.366+0000] {logging_mixin.py:188} WARNING - urllib3.exceptions.NameResolutionError: <urllib3.connection.HTTPSConnection object at 0x7bc5c06d6b90>: Failed to resolve 'www.googleapis.com' ([Errno -2] Name or service not known)
[2026-09-16T15:45:48.366+0000] {logging_mixin.py:188} WARNING - 
The above exception was the direct cause of the following exception:
[2026-09-16T15:45:48.366+0000] {logging_mixin.py:188} WARNING - Traceback (most recent call last):
[2026-09-16T15:45:48.367+0000] {logging_mixin.py:188} WARNING -   File "/home/airflow/.local/lib/python3.10/site-packages/requests/adapters.py", line 486, in send
    resp = conn.urlopen(
[2026-09-16T15:45:48.367+0000] {logging_mixin.py:188} WARNING -   File "/home/airflow/.local/lib/python3.10/site-packages/urllib3/connectionpool.py", line 847, in urlopen
    retries = retries.increment(
[2026-09-16T15:45:48.368+0000] {logging_mixin.py:188} WARNING -   File "/home/airflow/.local/lib/python3.10/site-packages/urllib3/util/retry.py", line 515, in increment
    raise MaxRetryError(_pool, url, reason) from reason  # type: ignore[arg-type]
[2026-09-16T15:45:48.368+0000] {logging_mixin.py:188} WARNING - urllib3.exceptions.MaxRetryError: HTTPSConnectionPool(host='www.googleapis.com', port=443): Max retries exceeded with url: /youtube/v3/videos?part=snippet%2Cstatistics%2CcontentDetails&id=GpQSUjNsNm0&key=AIzaSyCu0SeP4QtsaF8H6qeF4NcFYaRehf3ot8w (Caused by NameResolutionError("<urllib3.connection.HTTPSConnection object at 0x7bc5c06d6b90>: Failed to resolve 'www.googleapis.com' ([Errno -2] Name or service not known)"))
[2026-09-16T15:45:48.368+0000] {logging_mixin.py:188} WARNING - 
During handling of the above exception, another exception occurred:
[2026-09-16T15:45:48.368+0000] {logging_mixin.py:188} WARNING - Traceback (most recent call last):
[2026-09-16T15:45:48.369+0000] {logging_mixin.py:188} WARNING -   File "/opt/airflow/src/app.py", line 72, in get_all_videos
    video = clt.get_video_info(id, self.config.videoInfoUrl,
[2026-09-16T15:45:48.369+0000] {logging_mixin.py:188} WARNING -   File "/opt/airflow/src/controller/info.py", line 12, in get_video_info
    response: req.Response = req.get(url, params=params)
[2026-09-16T15:45:48.369+0000] {logging_mixin.py:188} WARNING -   File "/home/airflow/.local/lib/python3.10/site-packages/requests/api.py", line 73, in get
    return request("get", url, params=params, **kwargs)
[2026-09-16T15:45:48.370+0000] {logging_mixin.py:188} WARNING -   File "/home/airflow/.local/lib/python3.10/site-packages/requests/api.py", line 59, in request
    return session.request(method=method, url=url, **kwargs)
[2026-09-16T15:45:48.370+0000] {logging_mixin.py:188} WARNING -   File "/home/airflow/.local/lib/python3.10/site-packages/requests/sessions.py", line 589, in request
    resp = self.send(prep, **send_kwargs)
[2026-09-16T15:45:48.370+0000] {logging_mixin.py:188} WARNING -   File "/home/airflow/.local/lib/python3.10/site-packages/requests/sessions.py", line 703, in send
    r = adapter.send(request, **kwargs)
[2026-09-16T15:45:48.371+0000] {logging_mixin.py:188} WARNING -   File "/home/airflow/.local/lib/python3.10/site-packages/requests/adapters.py", line 519, in send
    raise ConnectionError(e, request=request)
[2026-09-16T15:45:48.371+0000] {logging_mixin.py:188} WARNING - requests.exceptions.ConnectionError: HTTPSConnectionPool(host='www.googleapis.com', port=443): Max retries exceeded with url: /youtube/v3/videos?part=snippet%2Cstatistics%2CcontentDetails&id=GpQSUjNsNm0&key=AIzaSyCu0SeP4QtsaF8H6qeF4NcFYaRehf3ot8w (Caused by NameResolutionError("<urllib3.connection.HTTPSConnection object at 0x7bc5c06d6b90>: Failed to resolve 'www.googleapis.com' ([Errno -2] Name or service not known)"))
[2026-09-16T15:45:48.382+0000] {logging_mixin.py:188} WARNING - Traceback (most recent call last):
[2026-09-16T15:45:48.383+0000] {logging_mixin.py:188} WARNING -   File "/home/airflow/.local/lib/python3.10/site-packages/urllib3/connection.py", line 198, in _new_conn
    sock = connection.create_connection(
[2026-09-16T15:45:48.384+0000] {logging_mixin.py:188} WARNING -   File "/home/airflow/.local/lib/python3.10/site-packages/urllib3/util/connection.py", line 60, in create_connection
    for res in socket.getaddrinfo(host, port, family, socket.SOCK_STREAM):
[2026-09-16T15:45:48.384+0000] {logging_mixin.py:188} WARNING -   File "/usr/local/lib/python3.10/socket.py", line 955, in getaddrinfo
    for res in _socket.getaddrinfo(host, port, family, type, proto, flags):
[2026-09-16T15:45:48.385+0000] {logging_mixin.py:188} WARNING - socket.gaierror: [Errno -2] Name or service not known
[2026-09-16T15:45:48.385+0000] {logging_mixin.py:188} WARNING - 
The above exception was the direct cause of the following exception:
[2026-09-16T15:45:48.385+0000] {logging_mixin.py:188} WARNING - Traceback (most recent call last):
[2026-09-16T15:45:48.385+0000] {logging_mixin.py:188} WARNING -   File "/home/airflow/.local/lib/python3.10/site-packages/urllib3/connectionpool.py", line 793, in urlopen
    response = self._make_request(
[2026-09-16T15:45:48.386+0000] {logging_mixin.py:188} WARNING -   File "/home/airflow/.local/lib/python3.10/site-packages/urllib3/connectionpool.py", line 491, in _make_request
    raise new_e
[2026-09-16T15:45:48.386+0000] {logging_mixin.py:188} WARNING -   File "/home/airflow/.local/lib/python3.10/site-packages/urllib3/connectionpool.py", line 467, in _make_request
    self._validate_conn(conn)
[2026-09-16T15:45:48.386+0000] {logging_mixin.py:188} WARNING -   File "/home/airflow/.local/lib/python3.10/site-packages/urllib3/connectionpool.py", line 1099, in _validate_conn
    conn.connect()
[2026-09-16T15:45:48.387+0000] {logging_mixin.py:188} WARNING -   File "/home/airflow/.local/lib/python3.10/site-packages/urllib3/connection.py", line 616, in connect
    self.sock = sock = self._new_conn()
[2026-09-16T15:45:48.387+0000] {logging_mixin.py:188} WARNING -   File "/home/airflow/.local/lib/python3.10/site-packages/urllib3/connection.py", line 205, in _new_conn
    raise NameResolutionError(self.host, self, e) from e
[2026-09-16T15:45:48.387+0000] {logging_mixin.py:188} WARNING - urllib3.exceptions.NameResolutionError: <urllib3.connection.HTTPSConnection object at 0x7bc5c06d4fd0>: Failed to resolve 'www.googleapis.com' ([Errno -2] Name or service not known)
[2026-09-16T15:45:48.387+0000] {logging_mixin.py:188} WARNING - 
The above exception was the direct cause of the following exception:
[2026-09-16T15:45:48.388+0000] {logging_mixin.py:188} WARNING - Traceback (most recent call last):
[2026-09-16T15:45:48.388+0000] {logging_mixin.py:188} WARNING -   File "/home/airflow/.local/lib/python3.10/site-packages/requests/adapters.py", line 486, in send
    resp = conn.urlopen(
[2026-09-16T15:45:48.388+0000] {logging_mixin.py:188} WARNING -   File "/home/airflow/.local/lib/python3.10/site-packages/urllib3/connectionpool.py", line 847, in urlopen
    retries = retries.increment(
[2026-09-16T15:45:48.389+0000] {logging_mixin.py:188} WARNING -   File "/home/airflow/.local/lib/python3.10/site-packages/urllib3/util/retry.py", line 515, in increment
    raise MaxRetryError(_pool, url, reason) from reason  # type: ignore[arg-type]
[2026-09-16T15:45:48.389+0000] {logging_mixin.py:188} WARNING - urllib3.exceptions.MaxRetryError: HTTPSConnectionPool(host='www.googleapis.com', port=443): Max retries exceeded with url: /youtube/v3/videos?part=snippet%2Cstatistics%2CcontentDetails&id=y1UVAtHALaA&key=AIzaSyCu0SeP4QtsaF8H6qeF4NcFYaRehf3ot8w (Caused by NameResolutionError("<urllib3.connection.HTTPSConnection object at 0x7bc5c06d4fd0>: Failed to resolve 'www.googleapis.com' ([Errno -2] Name or service not known)"))
[2026-09-16T15:45:48.389+0000] {logging_mixin.py:188} WARNING - 
During handling of the above exception, another exception occurred:
[2026-09-16T15:45:48.390+0000] {logging_mixin.py:188} WARNING - Traceback (most recent call last):
[2026-09-16T15:45:48.390+0000] {logging_mixin.py:188} WARNING -   File "/opt/airflow/src/app.py", line 72, in get_all_videos
    video = clt.get_video_info(id, self.config.videoInfoUrl,
[2026-09-16T15:45:48.391+0000] {logging_mixin.py:188} WARNING -   File "/opt/airflow/src/controller/info.py", line 12, in get_video_info
    response: req.Response = req.get(url, params=params)
[2026-09-16T15:45:48.391+0000] {logging_mixin.py:188} WARNING -   File "/home/airflow/.local/lib/python3.10/site-packages/requests/api.py", line 73, in get
    return request("get", url, params=params, **kwargs)
[2026-09-16T15:45:48.392+0000] {logging_mixin.py:188} WARNING -   File "/home/airflow/.local/lib/python3.10/site-packages/requests/api.py", line 59, in request
    return session.request(method=method, url=url, **kwargs)
[2026-09-16T15:45:48.393+0000] {logging_mixin.py:188} WARNING -   File "/home/airflow/.local/lib/python3.10/site-packages/requests/sessions.py", line 589, in request
    resp = self.send(prep, **send_kwargs)
[2026-09-16T15:45:48.393+0000] {logging_mixin.py:188} WARNING -   File "/home/airflow/.local/lib/python3.10/site-packages/requests/sessions.py", line 703, in send
    r = adapter.send(request, **kwargs)
[2026-09-16T15:45:48.394+0000] {logging_mixin.py:188} WARNING -   File "/home/airflow/.local/lib/python3.10/site-packages/requests/adapters.py", line 519, in send
    raise ConnectionError(e, request=request)
[2026-09-16T15:45:48.394+0000] {logging_mixin.py:188} WARNING - requests.exceptions.ConnectionError: HTTPSConnectionPool(host='www.googleapis.com', port=443): Max retries exceeded with url: /youtube/v3/videos?part=snippet%2Cstatistics%2CcontentDetails&id=y1UVAtHALaA&key=AIzaSyCu0SeP4QtsaF8H6qeF4NcFYaRehf3ot8w (Caused by NameResolutionError("<urllib3.connection.HTTPSConnection object at 0x7bc5c06d4fd0>: Failed to resolve 'www.googleapis.com' ([Errno -2] Name or service not known)"))
[2026-09-16T15:45:48.404+0000] {logging_mixin.py:188} WARNING - Traceback (most recent call last):
[2026-09-16T15:45:48.405+0000] {logging_mixin.py:188} WARNING -   File "/home/airflow/.local/lib/python3.10/site-packages/urllib3/connection.py", line 198, in _new_conn
    sock = connection.create_connection(
[2026-09-16T15:45:48.405+0000] {logging_mixin.py:188} WARNING -   File "/home/airflow/.local/lib/python3.10/site-packages/urllib3/util/connection.py", line 60, in create_connection
    for res in socket.getaddrinfo(host, port, family, socket.SOCK_STREAM):
[2026-09-16T15:45:48.406+0000] {logging_mixin.py:188} WARNING -   File "/usr/local/lib/python3.10/socket.py", line 955, in getaddrinfo
    for res in _socket.getaddrinfo(host, port, family, type, proto, flags):
[2026-09-16T15:45:48.407+0000] {logging_mixin.py:188} WARNING - socket.gaierror: [Errno -2] Name or service not known
[2026-09-16T15:45:48.408+0000] {logging_mixin.py:188} WARNING - 
The above exception was the direct cause of the following exception:
[2026-09-16T15:45:48.409+0000] {logging_mixin.py:188} WARNING - Traceback (most recent call last):
[2026-09-16T15:45:48.410+0000] {logging_mixin.py:188} WARNING -   File "/home/airflow/.local/lib/python3.10/site-packages/urllib3/connectionpool.py", line 793, in urlopen
    response = self._make_request(
[2026-09-16T15:45:48.411+0000] {logging_mixin.py:188} WARNING -   File "/home/airflow/.local/lib/python3.10/site-packages/urllib3/connectionpool.py", line 491, in _make_request
    raise new_e
[2026-09-16T15:45:48.411+0000] {logging_mixin.py:188} WARNING -   File "/home/airflow/.local/lib/python3.10/site-packages/urllib3/connectionpool.py", line 467, in _make_request
    self._validate_conn(conn)
[2026-09-16T15:45:48.412+0000] {logging_mixin.py:188} WARNING -   File "/home/airflow/.local/lib/python3.10/site-packages/urllib3/connectionpool.py", line 1099, in _validate_conn
    conn.connect()
[2026-09-16T15:45:48.413+0000] {logging_mixin.py:188} WARNING -   File "/home/airflow/.local/lib/python3.10/site-packages/urllib3/connection.py", line 616, in connect
    self.sock = sock = self._new_conn()
[2026-09-16T15:45:48.413+0000] {logging_mixin.py:188} WARNING -   File "/home/airflow/.local/lib/python3.10/site-packages/urllib3/connection.py", line 205, in _new_conn
    raise NameResolutionError(self.host, self, e) from e
[2026-09-16T15:45:48.414+0000] {logging_mixin.py:188} WARNING - urllib3.exceptions.NameResolutionError: <urllib3.connection.HTTPSConnection object at 0x7bc5c06d4f40>: Failed to resolve 'www.googleapis.com' ([Errno -2] Name or service not known)
[2026-09-16T15:45:48.414+0000] {logging_mixin.py:188} WARNING - 
The above exception was the direct cause of the following exception:
[2026-09-16T15:45:48.415+0000] {logging_mixin.py:188} WARNING - Traceback (most recent call last):
[2026-09-16T15:45:48.415+0000] {logging_mixin.py:188} WARNING -   File "/home/airflow/.local/lib/python3.10/site-packages/requests/adapters.py", line 486, in send
    resp = conn.urlopen(
[2026-09-16T15:45:48.416+0000] {logging_mixin.py:188} WARNING -   File "/home/airflow/.local/lib/python3.10/site-packages/urllib3/connectionpool.py", line 847, in urlopen
    retries = retries.increment(
[2026-09-16T15:45:48.416+0000] {logging_mixin.py:188} WARNING -   File "/home/airflow/.local/lib/python3.10/site-packages/urllib3/util/retry.py", line 515, in increment
    raise MaxRetryError(_pool, url, reason) from reason  # type: ignore[arg-type]
[2026-09-16T15:45:48.417+0000] {logging_mixin.py:188} WARNING - urllib3.exceptions.MaxRetryError: HTTPSConnectionPool(host='www.googleapis.com', port=443): Max retries exceeded with url: /youtube/v3/videos?part=snippet%2Cstatistics%2CcontentDetails&id=hYahU_Cqwp8&key=AIzaSyCu0SeP4QtsaF8H6qeF4NcFYaRehf3ot8w (Caused by NameResolutionError("<urllib3.connection.HTTPSConnection object at 0x7bc5c06d4f40>: Failed to resolve 'www.googleapis.com' ([Errno -2] Name or service not known)"))
[2026-09-16T15:45:48.417+0000] {logging_mixin.py:188} WARNING - 
During handling of the above exception, another exception occurred:
[2026-09-16T15:45:48.417+0000] {logging_mixin.py:188} WARNING - Traceback (most recent call last):
[2026-09-16T15:45:48.418+0000] {logging_mixin.py:188} WARNING -   File "/opt/airflow/src/app.py", line 72, in get_all_videos
    video = clt.get_video_info(id, self.config.videoInfoUrl,
[2026-09-16T15:45:48.418+0000] {logging_mixin.py:188} WARNING -   File "/opt/airflow/src/controller/info.py", line 12, in get_video_info
    response: req.Response = req.get(url, params=params)
[2026-09-16T15:45:48.419+0000] {logging_mixin.py:188} WARNING -   File "/home/airflow/.local/lib/python3.10/site-packages/requests/api.py", line 73, in get
    return request("get", url, params=params, **kwargs)
[2026-09-16T15:45:48.419+0000] {logging_mixin.py:188} WARNING -   File "/home/airflow/.local/lib/python3.10/site-packages/requests/api.py", line 59, in request
    return session.request(method=method, url=url, **kwargs)
[2026-09-16T15:45:48.420+0000] {logging_mixin.py:188} WARNING -   File "/home/airflow/.local/lib/python3.10/site-packages/requests/sessions.py", line 589, in request
    resp = self.send(prep, **send_kwargs)
[2026-09-16T15:45:48.420+0000] {logging_mixin.py:188} WARNING -   File "/home/airflow/.local/lib/python3.10/site-packages/requests/sessions.py", line 703, in send
    r = adapter.send(request, **kwargs)
[2026-09-16T15:45:48.420+0000] {logging_mixin.py:188} WARNING -   File "/home/airflow/.local/lib/python3.10/site-packages/requests/adapters.py", line 519, in send
    raise ConnectionError(e, request=request)
[2026-09-16T15:45:48.421+0000] {logging_mixin.py:188} WARNING - requests.exceptions.ConnectionError: HTTPSConnectionPool(host='www.googleapis.com', port=443): Max retries exceeded with url: /youtube/v3/videos?part=snippet%2Cstatistics%2CcontentDetails&id=hYahU_Cqwp8&key=AIzaSyCu0SeP4QtsaF8H6qeF4NcFYaRehf3ot8w (Caused by NameResolutionError("<urllib3.connection.HTTPSConnection object at 0x7bc5c06d4f40>: Failed to resolve 'www.googleapis.com' ([Errno -2] Name or service not known)"))
[2026-09-16T15:45:48.433+0000] {logging_mixin.py:188} WARNING - Traceback (most recent call last):
[2026-09-16T15:45:48.434+0000] {logging_mixin.py:188} WARNING -   File "/home/airflow/.local/lib/python3.10/site-packages/urllib3/connection.py", line 198, in _new_conn
    sock = connection.create_connection(
[2026-09-16T15:45:48.435+0000] {logging_mixin.py:188} WARNING -   File "/home/airflow/.local/lib/python3.10/site-packages/urllib3/util/connection.py", line 60, in create_connection
    for res in socket.getaddrinfo(host, port, family, socket.SOCK_STREAM):
[2026-09-16T15:45:48.435+0000] {logging_mixin.py:188} WARNING -   File "/usr/local/lib/python3.10/socket.py", line 955, in getaddrinfo
    for res in _socket.getaddrinfo(host, port, family, type, proto, flags):
[2026-09-16T15:45:48.435+0000] {logging_mixin.py:188} WARNING - socket.gaierror: [Errno -2] Name or service not known
[2026-09-16T15:45:48.436+0000] {logging_mixin.py:188} WARNING - 
The above exception was the direct cause of the following exception:
[2026-09-16T15:45:48.436+0000] {logging_mixin.py:188} WARNING - Traceback (most recent call last):
[2026-09-16T15:45:48.436+0000] {logging_mixin.py:188} WARNING -   File "/home/airflow/.local/lib/python3.10/site-packages/urllib3/connectionpool.py", line 793, in urlopen
    response = self._make_request(
[2026-09-16T15:45:48.437+0000] {logging_mixin.py:188} WARNING -   File "/home/airflow/.local/lib/python3.10/site-packages/urllib3/connectionpool.py", line 491, in _make_request
    raise new_e
[2026-09-16T15:45:48.438+0000] {logging_mixin.py:188} WARNING -   File "/home/airflow/.local/lib/python3.10/site-packages/urllib3/connectionpool.py", line 467, in _make_request
    self._validate_conn(conn)
[2026-09-16T15:45:48.439+0000] {logging_mixin.py:188} WARNING -   File "/home/airflow/.local/lib/python3.10/site-packages/urllib3/connectionpool.py", line 1099, in _validate_conn
    conn.connect()
[2026-09-16T15:45:48.439+0000] {logging_mixin.py:188} WARNING -   File "/home/airflow/.local/lib/python3.10/site-packages/urllib3/connection.py", line 616, in connect
    self.sock = sock = self._new_conn()
[2026-09-16T15:45:48.440+0000] {logging_mixin.py:188} WARNING -   File "/home/airflow/.local/lib/python3.10/site-packages/urllib3/connection.py", line 205, in _new_conn
    raise NameResolutionError(self.host, self, e) from e
[2026-09-16T15:45:48.440+0000] {logging_mixin.py:188} WARNING - urllib3.exceptions.NameResolutionError: <urllib3.connection.HTTPSConnection object at 0x7bc5c06d4a00>: Failed to resolve 'www.googleapis.com' ([Errno -2] Name or service not known)
[2026-09-16T15:45:48.441+0000] {logging_mixin.py:188} WARNING - 
The above exception was the direct cause of the following exception:
[2026-09-16T15:45:48.441+0000] {logging_mixin.py:188} WARNING - Traceback (most recent call last):
[2026-09-16T15:45:48.443+0000] {logging_mixin.py:188} WARNING -   File "/home/airflow/.local/lib/python3.10/site-packages/requests/adapters.py", line 486, in send
    resp = conn.urlopen(
[2026-09-16T15:45:48.444+0000] {logging_mixin.py:188} WARNING -   File "/home/airflow/.local/lib/python3.10/site-packages/urllib3/connectionpool.py", line 847, in urlopen
    retries = retries.increment(
[2026-09-16T15:45:48.445+0000] {logging_mixin.py:188} WARNING -   File "/home/airflow/.local/lib/python3.10/site-packages/urllib3/util/retry.py", line 515, in increment
    raise MaxRetryError(_pool, url, reason) from reason  # type: ignore[arg-type]
[2026-09-16T15:45:48.445+0000] {logging_mixin.py:188} WARNING - urllib3.exceptions.MaxRetryError: HTTPSConnectionPool(host='www.googleapis.com', port=443): Max retries exceeded with url: /youtube/v3/videos?part=snippet%2Cstatistics%2CcontentDetails&id=SllXaJiQjBA&key=AIzaSyCu0SeP4QtsaF8H6qeF4NcFYaRehf3ot8w (Caused by NameResolutionError("<urllib3.connection.HTTPSConnection object at 0x7bc5c06d4a00>: Failed to resolve 'www.googleapis.com' ([Errno -2] Name or service not known)"))
[2026-09-16T15:45:48.446+0000] {logging_mixin.py:188} WARNING - 
During handling of the above exception, another exception occurred:
[2026-09-16T15:45:48.446+0000] {logging_mixin.py:188} WARNING - Traceback (most recent call last):
[2026-09-16T15:45:48.447+0000] {logging_mixin.py:188} WARNING -   File "/opt/airflow/src/app.py", line 72, in get_all_videos
    video = clt.get_video_info(id, self.config.videoInfoUrl,
[2026-09-16T15:45:48.447+0000] {logging_mixin.py:188} WARNING -   File "/opt/airflow/src/controller/info.py", line 12, in get_video_info
    response: req.Response = req.get(url, params=params)
[2026-09-16T15:45:48.448+0000] {logging_mixin.py:188} WARNING -   File "/home/airflow/.local/lib/python3.10/site-packages/requests/api.py", line 73, in get
    return request("get", url, params=params, **kwargs)
[2026-09-16T15:45:48.448+0000] {logging_mixin.py:188} WARNING -   File "/home/airflow/.local/lib/python3.10/site-packages/requests/api.py", line 59, in request
    return session.request(method=method, url=url, **kwargs)
[2026-09-16T15:45:48.449+0000] {logging_mixin.py:188} WARNING -   File "/home/airflow/.local/lib/python3.10/site-packages/requests/sessions.py", line 589, in request
    resp = self.send(prep, **send_kwargs)
[2026-09-16T15:45:48.449+0000] {logging_mixin.py:188} WARNING -   File "/home/airflow/.local/lib/python3.10/site-packages/requests/sessions.py", line 703, in send
    r = adapter.send(request, **kwargs)
[2026-09-16T15:45:48.450+0000] {logging_mixin.py:188} WARNING -   File "/home/airflow/.local/lib/python3.10/site-packages/requests/adapters.py", line 519, in send
    raise ConnectionError(e, request=request)
[2026-09-16T15:45:48.450+0000] {logging_mixin.py:188} WARNING - requests.exceptions.ConnectionError: HTTPSConnectionPool(host='www.googleapis.com', port=443): Max retries exceeded with url: /youtube/v3/videos?part=snippet%2Cstatistics%2CcontentDetails&id=SllXaJiQjBA&key=AIzaSyCu0SeP4QtsaF8H6qeF4NcFYaRehf3ot8w (Caused by NameResolutionError("<urllib3.connection.HTTPSConnection object at 0x7bc5c06d4a00>: Failed to resolve 'www.googleapis.com' ([Errno -2] Name or service not known)"))
[2026-09-16T15:45:48.461+0000] {logging_mixin.py:188} WARNING - Traceback (most recent call last):
[2026-09-16T15:45:48.462+0000] {logging_mixin.py:188} WARNING -   File "/home/airflow/.local/lib/python3.10/site-packages/urllib3/connection.py", line 198, in _new_conn
    sock = connection.create_connection(
[2026-09-16T15:45:48.462+0000] {logging_mixin.py:188} WARNING -   File "/home/airflow/.local/lib/python3.10/site-packages/urllib3/util/connection.py", line 60, in create_connection
    for res in socket.getaddrinfo(host, port, family, socket.SOCK_STREAM):
[2026-09-16T15:45:48.463+0000] {logging_mixin.py:188} WARNING -   File "/usr/local/lib/python3.10/socket.py", line 955, in getaddrinfo
    for res in _socket.getaddrinfo(host, port, family, type, proto, flags):
[2026-09-16T15:45:48.463+0000] {logging_mixin.py:188} WARNING - socket.gaierror: [Errno -2] Name or service not known
[2026-09-16T15:45:48.464+0000] {logging_mixin.py:188} WARNING - 
The above exception was the direct cause of the following exception:
[2026-09-16T15:45:48.464+0000] {logging_mixin.py:188} WARNING - Traceback (most recent call last):
[2026-09-16T15:45:48.465+0000] {logging_mixin.py:188} WARNING -   File "/home/airflow/.local/lib/python3.10/site-packages/urllib3/connectionpool.py", line 793, in urlopen
    response = self._make_request(
[2026-09-16T15:45:48.465+0000] {logging_mixin.py:188} WARNING -   File "/home/airflow/.local/lib/python3.10/site-packages/urllib3/connectionpool.py", line 491, in _make_request
    raise new_e
[2026-09-16T15:45:48.465+0000] {logging_mixin.py:188} WARNING -   File "/home/airflow/.local/lib/python3.10/site-packages/urllib3/connectionpool.py", line 467, in _make_request
    self._validate_conn(conn)
[2026-09-16T15:45:48.466+0000] {logging_mixin.py:188} WARNING -   File "/home/airflow/.local/lib/python3.10/site-packages/urllib3/connectionpool.py", line 1099, in _validate_conn
    conn.connect()
[2026-09-16T15:45:48.466+0000] {logging_mixin.py:188} WARNING -   File "/home/airflow/.local/lib/python3.10/site-packages/urllib3/connection.py", line 616, in connect
    self.sock = sock = self._new_conn()
[2026-09-16T15:45:48.466+0000] {logging_mixin.py:188} WARNING -   File "/home/airflow/.local/lib/python3.10/site-packages/urllib3/connection.py", line 205, in _new_conn
    raise NameResolutionError(self.host, self, e) from e
[2026-09-16T15:45:48.467+0000] {logging_mixin.py:188} WARNING - urllib3.exceptions.NameResolutionError: <urllib3.connection.HTTPSConnection object at 0x7bc5c06d4640>: Failed to resolve 'www.googleapis.com' ([Errno -2] Name or service not known)
[2026-09-16T15:45:48.467+0000] {logging_mixin.py:188} WARNING - 
The above exception was the direct cause of the following exception:
[2026-09-16T15:45:48.467+0000] {logging_mixin.py:188} WARNING - Traceback (most recent call last):
[2026-09-16T15:45:48.468+0000] {logging_mixin.py:188} WARNING -   File "/home/airflow/.local/lib/python3.10/site-packages/requests/adapters.py", line 486, in send
    resp = conn.urlopen(
[2026-09-16T15:45:48.468+0000] {logging_mixin.py:188} WARNING -   File "/home/airflow/.local/lib/python3.10/site-packages/urllib3/connectionpool.py", line 847, in urlopen
    retries = retries.increment(
[2026-09-16T15:45:48.468+0000] {logging_mixin.py:188} WARNING -   File "/home/airflow/.local/lib/python3.10/site-packages/urllib3/util/retry.py", line 515, in increment
    raise MaxRetryError(_pool, url, reason) from reason  # type: ignore[arg-type]
[2026-09-16T15:45:48.469+0000] {logging_mixin.py:188} WARNING - urllib3.exceptions.MaxRetryError: HTTPSConnectionPool(host='www.googleapis.com', port=443): Max retries exceeded with url: /youtube/v3/videos?part=snippet%2Cstatistics%2CcontentDetails&id=dqpCvSU-ECE&key=AIzaSyCu0SeP4QtsaF8H6qeF4NcFYaRehf3ot8w (Caused by NameResolutionError("<urllib3.connection.HTTPSConnection object at 0x7bc5c06d4640>: Failed to resolve 'www.googleapis.com' ([Errno -2] Name or service not known)"))
[2026-09-16T15:45:48.469+0000] {logging_mixin.py:188} WARNING - 
During handling of the above exception, another exception occurred:
[2026-09-16T15:45:48.469+0000] {logging_mixin.py:188} WARNING - Traceback (most recent call last):
[2026-09-16T15:45:48.470+0000] {logging_mixin.py:188} WARNING -   File "/opt/airflow/src/app.py", line 72, in get_all_videos
    video = clt.get_video_info(id, self.config.videoInfoUrl,
[2026-09-16T15:45:48.470+0000] {logging_mixin.py:188} WARNING -   File "/opt/airflow/src/controller/info.py", line 12, in get_video_info
    response: req.Response = req.get(url, params=params)
[2026-09-16T15:45:48.471+0000] {logging_mixin.py:188} WARNING -   File "/home/airflow/.local/lib/python3.10/site-packages/requests/api.py", line 73, in get
    return request("get", url, params=params, **kwargs)
[2026-09-16T15:45:48.471+0000] {logging_mixin.py:188} WARNING -   File "/home/airflow/.local/lib/python3.10/site-packages/requests/api.py", line 59, in request
    return session.request(method=method, url=url, **kwargs)
[2026-09-16T15:45:48.471+0000] {logging_mixin.py:188} WARNING -   File "/home/airflow/.local/lib/python3.10/site-packages/requests/sessions.py", line 589, in request
    resp = self.send(prep, **send_kwargs)
[2026-09-16T15:45:48.472+0000] {logging_mixin.py:188} WARNING -   File "/home/airflow/.local/lib/python3.10/site-packages/requests/sessions.py", line 703, in send
    r = adapter.send(request, **kwargs)
[2026-09-16T15:45:48.472+0000] {logging_mixin.py:188} WARNING -   File "/home/airflow/.local/lib/python3.10/site-packages/requests/adapters.py", line 519, in send
    raise ConnectionError(e, request=request)
[2026-09-16T15:45:48.472+0000] {logging_mixin.py:188} WARNING - requests.exceptions.ConnectionError: HTTPSConnectionPool(host='www.googleapis.com', port=443): Max retries exceeded with url: /youtube/v3/videos?part=snippet%2Cstatistics%2CcontentDetails&id=dqpCvSU-ECE&key=AIzaSyCu0SeP4QtsaF8H6qeF4NcFYaRehf3ot8w (Caused by NameResolutionError("<urllib3.connection.HTTPSConnection object at 0x7bc5c06d4640>: Failed to resolve 'www.googleapis.com' ([Errno -2] Name or service not known)"))
[2026-09-16T15:45:48.484+0000] {logging_mixin.py:188} WARNING - Traceback (most recent call last):
[2026-09-16T15:45:48.485+0000] {logging_mixin.py:188} WARNING -   File "/home/airflow/.local/lib/python3.10/site-packages/urllib3/connection.py", line 198, in _new_conn
    sock = connection.create_connection(
[2026-09-16T15:45:48.485+0000] {logging_mixin.py:188} WARNING -   File "/home/airflow/.local/lib/python3.10/site-packages/urllib3/util/connection.py", line 60, in create_connection
    for res in socket.getaddrinfo(host, port, family, socket.SOCK_STREAM):
[2026-09-16T15:45:48.486+0000] {logging_mixin.py:188} WARNING -   File "/usr/local/lib/python3.10/socket.py", line 955, in getaddrinfo
    for res in _socket.getaddrinfo(host, port, family, type, proto, flags):
[2026-09-16T15:45:48.487+0000] {logging_mixin.py:188} WARNING - socket.gaierror: [Errno -2] Name or service not known
[2026-09-16T15:45:48.487+0000] {logging_mixin.py:188} WARNING - 
The above exception was the direct cause of the following exception:
[2026-09-16T15:45:48.487+0000] {logging_mixin.py:188} WARNING - Traceback (most recent call last):
[2026-09-16T15:45:48.488+0000] {logging_mixin.py:188} WARNING -   File "/home/airflow/.local/lib/python3.10/site-packages/urllib3/connectionpool.py", line 793, in urlopen
    response = self._make_request(
[2026-09-16T15:45:48.488+0000] {logging_mixin.py:188} WARNING -   File "/home/airflow/.local/lib/python3.10/site-packages/urllib3/connectionpool.py", line 491, in _make_request
    raise new_e
[2026-09-16T15:45:48.489+0000] {logging_mixin.py:188} WARNING -   File "/home/airflow/.local/lib/python3.10/site-packages/urllib3/connectionpool.py", line 467, in _make_request
    self._validate_conn(conn)
[2026-09-16T15:45:48.489+0000] {logging_mixin.py:188} WARNING -   File "/home/airflow/.local/lib/python3.10/site-packages/urllib3/connectionpool.py", line 1099, in _validate_conn
    conn.connect()
[2026-09-16T15:45:48.489+0000] {logging_mixin.py:188} WARNING -   File "/home/airflow/.local/lib/python3.10/site-packages/urllib3/connection.py", line 616, in connect
    self.sock = sock = self._new_conn()
[2026-09-16T15:45:48.490+0000] {logging_mixin.py:188} WARNING -   File "/home/airflow/.local/lib/python3.10/site-packages/urllib3/connection.py", line 205, in _new_conn
    raise NameResolutionError(self.host, self, e) from e
[2026-09-16T15:45:48.490+0000] {logging_mixin.py:188} WARNING - urllib3.exceptions.NameResolutionError: <urllib3.connection.HTTPSConnection object at 0x7bc5c06d4f70>: Failed to resolve 'www.googleapis.com' ([Errno -2] Name or service not known)
[2026-09-16T15:45:48.491+0000] {logging_mixin.py:188} WARNING - 
The above exception was the direct cause of the following exception:
[2026-09-16T15:45:48.491+0000] {logging_mixin.py:188} WARNING - Traceback (most recent call last):
[2026-09-16T15:45:48.494+0000] {logging_mixin.py:188} WARNING -   File "/home/airflow/.local/lib/python3.10/site-packages/requests/adapters.py", line 486, in send
    resp = conn.urlopen(
[2026-09-16T15:45:48.495+0000] {logging_mixin.py:188} WARNING -   File "/home/airflow/.local/lib/python3.10/site-packages/urllib3/connectionpool.py", line 847, in urlopen
    retries = retries.increment(
[2026-09-16T15:45:48.495+0000] {logging_mixin.py:188} WARNING -   File "/home/airflow/.local/lib/python3.10/site-packages/urllib3/util/retry.py", line 515, in increment
    raise MaxRetryError(_pool, url, reason) from reason  # type: ignore[arg-type]
[2026-09-16T15:45:48.496+0000] {logging_mixin.py:188} WARNING - urllib3.exceptions.MaxRetryError: HTTPSConnectionPool(host='www.googleapis.com', port=443): Max retries exceeded with url: /youtube/v3/videos?part=snippet%2Cstatistics%2CcontentDetails&id=AaMdXZMvT3w&key=AIzaSyCu0SeP4QtsaF8H6qeF4NcFYaRehf3ot8w (Caused by NameResolutionError("<urllib3.connection.HTTPSConnection object at 0x7bc5c06d4f70>: Failed to resolve 'www.googleapis.com' ([Errno -2] Name or service not known)"))
[2026-09-16T15:45:48.497+0000] {logging_mixin.py:188} WARNING - 
During handling of the above exception, another exception occurred:
[2026-09-16T15:45:48.497+0000] {logging_mixin.py:188} WARNING - Traceback (most recent call last):
[2026-09-16T15:45:48.498+0000] {logging_mixin.py:188} WARNING -   File "/opt/airflow/src/app.py", line 72, in get_all_videos
    video = clt.get_video_info(id, self.config.videoInfoUrl,
[2026-09-16T15:45:48.498+0000] {logging_mixin.py:188} WARNING -   File "/opt/airflow/src/controller/info.py", line 12, in get_video_info
    response: req.Response = req.get(url, params=params)
[2026-09-16T15:45:48.499+0000] {logging_mixin.py:188} WARNING -   File "/home/airflow/.local/lib/python3.10/site-packages/requests/api.py", line 73, in get
    return request("get", url, params=params, **kwargs)
[2026-09-16T15:45:48.500+0000] {logging_mixin.py:188} WARNING -   File "/home/airflow/.local/lib/python3.10/site-packages/requests/api.py", line 59, in request
    return session.request(method=method, url=url, **kwargs)
[2026-09-16T15:45:48.500+0000] {logging_mixin.py:188} WARNING -   File "/home/airflow/.local/lib/python3.10/site-packages/requests/sessions.py", line 589, in request
    resp = self.send(prep, **send_kwargs)
[2026-09-16T15:45:48.501+0000] {logging_mixin.py:188} WARNING -   File "/home/airflow/.local/lib/python3.10/site-packages/requests/sessions.py", line 703, in send
    r = adapter.send(request, **kwargs)
[2026-09-16T15:45:48.501+0000] {logging_mixin.py:188} WARNING -   File "/home/airflow/.local/lib/python3.10/site-packages/requests/adapters.py", line 519, in send
    raise ConnectionError(e, request=request)
[2026-09-16T15:45:48.501+0000] {logging_mixin.py:188} WARNING - requests.exceptions.ConnectionError: HTTPSConnectionPool(host='www.googleapis.com', port=443): Max retries exceeded with url: /youtube/v3/videos?part=snippet%2Cstatistics%2CcontentDetails&id=AaMdXZMvT3w&key=AIzaSyCu0SeP4QtsaF8H6qeF4NcFYaRehf3ot8w (Caused by NameResolutionError("<urllib3.connection.HTTPSConnection object at 0x7bc5c06d4f70>: Failed to resolve 'www.googleapis.com' ([Errno -2] Name or service not known)"))
[2026-09-16T15:45:48.513+0000] {logging_mixin.py:188} WARNING - Traceback (most recent call last):
[2026-09-16T15:45:48.514+0000] {logging_mixin.py:188} WARNING -   File "/home/airflow/.local/lib/python3.10/site-packages/urllib3/connection.py", line 198, in _new_conn
    sock = connection.create_connection(
[2026-09-16T15:45:48.515+0000] {logging_mixin.py:188} WARNING -   File "/home/airflow/.local/lib/python3.10/site-packages/urllib3/util/connection.py", line 60, in create_connection
    for res in socket.getaddrinfo(host, port, family, socket.SOCK_STREAM):
[2026-09-16T15:45:48.516+0000] {logging_mixin.py:188} WARNING -   File "/usr/local/lib/python3.10/socket.py", line 955, in getaddrinfo
    for res in _socket.getaddrinfo(host, port, family, type, proto, flags):
[2026-09-16T15:45:48.516+0000] {logging_mixin.py:188} WARNING - socket.gaierror: [Errno -2] Name or service not known
[2026-09-16T15:45:48.517+0000] {logging_mixin.py:188} WARNING - 
The above exception was the direct cause of the following exception:
[2026-09-16T15:45:48.518+0000] {logging_mixin.py:188} WARNING - Traceback (most recent call last):
[2026-09-16T15:45:48.518+0000] {logging_mixin.py:188} WARNING -   File "/home/airflow/.local/lib/python3.10/site-packages/urllib3/connectionpool.py", line 793, in urlopen
    response = self._make_request(
[2026-09-16T15:45:48.519+0000] {logging_mixin.py:188} WARNING -   File "/home/airflow/.local/lib/python3.10/site-packages/urllib3/connectionpool.py", line 491, in _make_request
    raise new_e
[2026-09-16T15:45:48.519+0000] {logging_mixin.py:188} WARNING -   File "/home/airflow/.local/lib/python3.10/site-packages/urllib3/connectionpool.py", line 467, in _make_request
    self._validate_conn(conn)
[2026-09-16T15:45:48.520+0000] {logging_mixin.py:188} WARNING -   File "/home/airflow/.local/lib/python3.10/site-packages/urllib3/connectionpool.py", line 1099, in _validate_conn
    conn.connect()
[2026-09-16T15:45:48.520+0000] {logging_mixin.py:188} WARNING -   File "/home/airflow/.local/lib/python3.10/site-packages/urllib3/connection.py", line 616, in connect
    self.sock = sock = self._new_conn()
[2026-09-16T15:45:48.521+0000] {logging_mixin.py:188} WARNING -   File "/home/airflow/.local/lib/python3.10/site-packages/urllib3/connection.py", line 205, in _new_conn
    raise NameResolutionError(self.host, self, e) from e
[2026-09-16T15:45:48.521+0000] {logging_mixin.py:188} WARNING - urllib3.exceptions.NameResolutionError: <urllib3.connection.HTTPSConnection object at 0x7bc5c06d4fd0>: Failed to resolve 'www.googleapis.com' ([Errno -2] Name or service not known)
[2026-09-16T15:45:48.521+0000] {logging_mixin.py:188} WARNING - 
The above exception was the direct cause of the following exception:
[2026-09-16T15:45:48.522+0000] {logging_mixin.py:188} WARNING - Traceback (most recent call last):
[2026-09-16T15:45:48.522+0000] {logging_mixin.py:188} WARNING -   File "/home/airflow/.local/lib/python3.10/site-packages/requests/adapters.py", line 486, in send
    resp = conn.urlopen(
[2026-09-16T15:45:48.523+0000] {logging_mixin.py:188} WARNING -   File "/home/airflow/.local/lib/python3.10/site-packages/urllib3/connectionpool.py", line 847, in urlopen
    retries = retries.increment(
[2026-09-16T15:45:48.523+0000] {logging_mixin.py:188} WARNING -   File "/home/airflow/.local/lib/python3.10/site-packages/urllib3/util/retry.py", line 515, in increment
    raise MaxRetryError(_pool, url, reason) from reason  # type: ignore[arg-type]
[2026-09-16T15:45:48.523+0000] {logging_mixin.py:188} WARNING - urllib3.exceptions.MaxRetryError: HTTPSConnectionPool(host='www.googleapis.com', port=443): Max retries exceeded with url: /youtube/v3/videos?part=snippet%2Cstatistics%2CcontentDetails&id=QAkEMtJpq3c&key=AIzaSyCu0SeP4QtsaF8H6qeF4NcFYaRehf3ot8w (Caused by NameResolutionError("<urllib3.connection.HTTPSConnection object at 0x7bc5c06d4fd0>: Failed to resolve 'www.googleapis.com' ([Errno -2] Name or service not known)"))
[2026-09-16T15:45:48.524+0000] {logging_mixin.py:188} WARNING - 
During handling of the above exception, another exception occurred:
[2026-09-16T15:45:48.527+0000] {logging_mixin.py:188} WARNING - Traceback (most recent call last):
[2026-09-16T15:45:48.528+0000] {logging_mixin.py:188} WARNING -   File "/opt/airflow/src/app.py", line 72, in get_all_videos
    video = clt.get_video_info(id, self.config.videoInfoUrl,
[2026-09-16T15:45:48.529+0000] {logging_mixin.py:188} WARNING -   File "/opt/airflow/src/controller/info.py", line 12, in get_video_info
    response: req.Response = req.get(url, params=params)
[2026-09-16T15:45:48.530+0000] {logging_mixin.py:188} WARNING -   File "/home/airflow/.local/lib/python3.10/site-packages/requests/api.py", line 73, in get
    return request("get", url, params=params, **kwargs)
[2026-09-16T15:45:48.531+0000] {logging_mixin.py:188} WARNING -   File "/home/airflow/.local/lib/python3.10/site-packages/requests/api.py", line 59, in request
    return session.request(method=method, url=url, **kwargs)
[2026-09-16T15:45:48.532+0000] {logging_mixin.py:188} WARNING -   File "/home/airflow/.local/lib/python3.10/site-packages/requests/sessions.py", line 589, in request
    resp = self.send(prep, **send_kwargs)
[2026-09-16T15:45:48.532+0000] {logging_mixin.py:188} WARNING -   File "/home/airflow/.local/lib/python3.10/site-packages/requests/sessions.py", line 703, in send
    r = adapter.send(request, **kwargs)
[2026-09-16T15:45:48.533+0000] {logging_mixin.py:188} WARNING -   File "/home/airflow/.local/lib/python3.10/site-packages/requests/adapters.py", line 519, in send
    raise ConnectionError(e, request=request)
[2026-09-16T15:45:48.533+0000] {logging_mixin.py:188} WARNING - requests.exceptions.ConnectionError: HTTPSConnectionPool(host='www.googleapis.com', port=443): Max retries exceeded with url: /youtube/v3/videos?part=snippet%2Cstatistics%2CcontentDetails&id=QAkEMtJpq3c&key=AIzaSyCu0SeP4QtsaF8H6qeF4NcFYaRehf3ot8w (Caused by NameResolutionError("<urllib3.connection.HTTPSConnection object at 0x7bc5c06d4fd0>: Failed to resolve 'www.googleapis.com' ([Errno -2] Name or service not known)"))
[2026-09-16T15:45:48.550+0000] {logging_mixin.py:188} WARNING - Traceback (most recent call last):
[2026-09-16T15:45:48.551+0000] {logging_mixin.py:188} WARNING -   File "/home/airflow/.local/lib/python3.10/site-packages/urllib3/connection.py", line 198, in _new_conn
    sock = connection.create_connection(
[2026-09-16T15:45:48.552+0000] {logging_mixin.py:188} WARNING -   File "/home/airflow/.local/lib/python3.10/site-packages/urllib3/util/connection.py", line 60, in create_connection
    for res in socket.getaddrinfo(host, port, family, socket.SOCK_STREAM):
[2026-09-16T15:45:48.552+0000] {logging_mixin.py:188} WARNING -   File "/usr/local/lib/python3.10/socket.py", line 955, in getaddrinfo
    for res in _socket.getaddrinfo(host, port, family, type, proto, flags):
[2026-09-16T15:45:48.553+0000] {logging_mixin.py:188} WARNING - socket.gaierror: [Errno -2] Name or service not known
[2026-09-16T15:45:48.554+0000] {logging_mixin.py:188} WARNING - 
The above exception was the direct cause of the following exception:
[2026-09-16T15:45:48.554+0000] {logging_mixin.py:188} WARNING - Traceback (most recent call last):
[2026-09-16T15:45:48.565+0000] {logging_mixin.py:188} WARNING -   File "/home/airflow/.local/lib/python3.10/site-packages/urllib3/connectionpool.py", line 793, in urlopen
    response = self._make_request(
[2026-09-16T15:45:48.569+0000] {logging_mixin.py:188} WARNING -   File "/home/airflow/.local/lib/python3.10/site-packages/urllib3/connectionpool.py", line 491, in _make_request
    raise new_e
[2026-09-16T15:45:48.570+0000] {logging_mixin.py:188} WARNING -   File "/home/airflow/.local/lib/python3.10/site-packages/urllib3/connectionpool.py", line 467, in _make_request
    self._validate_conn(conn)
[2026-09-16T15:45:48.571+0000] {logging_mixin.py:188} WARNING -   File "/home/airflow/.local/lib/python3.10/site-packages/urllib3/connectionpool.py", line 1099, in _validate_conn
    conn.connect()
[2026-09-16T15:45:48.572+0000] {logging_mixin.py:188} WARNING -   File "/home/airflow/.local/lib/python3.10/site-packages/urllib3/connection.py", line 616, in connect
    self.sock = sock = self._new_conn()
[2026-09-16T15:45:48.572+0000] {logging_mixin.py:188} WARNING -   File "/home/airflow/.local/lib/python3.10/site-packages/urllib3/connection.py", line 205, in _new_conn
    raise NameResolutionError(self.host, self, e) from e
[2026-09-16T15:45:48.573+0000] {logging_mixin.py:188} WARNING - urllib3.exceptions.NameResolutionError: <urllib3.connection.HTTPSConnection object at 0x7bc5c06d6b60>: Failed to resolve 'www.googleapis.com' ([Errno -2] Name or service not known)
[2026-09-16T15:45:48.573+0000] {logging_mixin.py:188} WARNING - 
The above exception was the direct cause of the following exception:
[2026-09-16T15:45:48.577+0000] {logging_mixin.py:188} WARNING - Traceback (most recent call last):
[2026-09-16T15:45:48.578+0000] {logging_mixin.py:188} WARNING -   File "/home/airflow/.local/lib/python3.10/site-packages/requests/adapters.py", line 486, in send
    resp = conn.urlopen(
[2026-09-16T15:45:48.579+0000] {logging_mixin.py:188} WARNING -   File "/home/airflow/.local/lib/python3.10/site-packages/urllib3/connectionpool.py", line 847, in urlopen
    retries = retries.increment(
[2026-09-16T15:45:48.579+0000] {logging_mixin.py:188} WARNING -   File "/home/airflow/.local/lib/python3.10/site-packages/urllib3/util/retry.py", line 515, in increment
    raise MaxRetryError(_pool, url, reason) from reason  # type: ignore[arg-type]
[2026-09-16T15:45:48.580+0000] {logging_mixin.py:188} WARNING - urllib3.exceptions.MaxRetryError: HTTPSConnectionPool(host='www.googleapis.com', port=443): Max retries exceeded with url: /youtube/v3/videos?part=snippet%2Cstatistics%2CcontentDetails&id=hCuqh2NU2Yg&key=AIzaSyCu0SeP4QtsaF8H6qeF4NcFYaRehf3ot8w (Caused by NameResolutionError("<urllib3.connection.HTTPSConnection object at 0x7bc5c06d6b60>: Failed to resolve 'www.googleapis.com' ([Errno -2] Name or service not known)"))
[2026-09-16T15:45:48.580+0000] {logging_mixin.py:188} WARNING - 
During handling of the above exception, another exception occurred:
[2026-09-16T15:45:48.581+0000] {logging_mixin.py:188} WARNING - Traceback (most recent call last):
[2026-09-16T15:45:48.581+0000] {logging_mixin.py:188} WARNING -   File "/opt/airflow/src/app.py", line 72, in get_all_videos
    video = clt.get_video_info(id, self.config.videoInfoUrl,
[2026-09-16T15:45:48.581+0000] {logging_mixin.py:188} WARNING -   File "/opt/airflow/src/controller/info.py", line 12, in get_video_info
    response: req.Response = req.get(url, params=params)
[2026-09-16T15:45:48.582+0000] {logging_mixin.py:188} WARNING -   File "/home/airflow/.local/lib/python3.10/site-packages/requests/api.py", line 73, in get
    return request("get", url, params=params, **kwargs)
[2026-09-16T15:45:48.583+0000] {logging_mixin.py:188} WARNING -   File "/home/airflow/.local/lib/python3.10/site-packages/requests/api.py", line 59, in request
    return session.request(method=method, url=url, **kwargs)
[2026-09-16T15:45:48.583+0000] {logging_mixin.py:188} WARNING -   File "/home/airflow/.local/lib/python3.10/site-packages/requests/sessions.py", line 589, in request
    resp = self.send(prep, **send_kwargs)
[2026-09-16T15:45:48.583+0000] {logging_mixin.py:188} WARNING -   File "/home/airflow/.local/lib/python3.10/site-packages/requests/sessions.py", line 703, in send
    r = adapter.send(request, **kwargs)
[2026-09-16T15:45:48.584+0000] {logging_mixin.py:188} WARNING -   File "/home/airflow/.local/lib/python3.10/site-packages/requests/adapters.py", line 519, in send
    raise ConnectionError(e, request=request)
[2026-09-16T15:45:48.584+0000] {logging_mixin.py:188} WARNING - requests.exceptions.ConnectionError: HTTPSConnectionPool(host='www.googleapis.com', port=443): Max retries exceeded with url: /youtube/v3/videos?part=snippet%2Cstatistics%2CcontentDetails&id=hCuqh2NU2Yg&key=AIzaSyCu0SeP4QtsaF8H6qeF4NcFYaRehf3ot8w (Caused by NameResolutionError("<urllib3.connection.HTTPSConnection object at 0x7bc5c06d6b60>: Failed to resolve 'www.googleapis.com' ([Errno -2] Name or service not known)"))
[2026-09-16T15:45:48.592+0000] {logging_mixin.py:188} WARNING - Traceback (most recent call last):
[2026-09-16T15:45:48.594+0000] {logging_mixin.py:188} WARNING -   File "/home/airflow/.local/lib/python3.10/site-packages/urllib3/connection.py", line 198, in _new_conn
    sock = connection.create_connection(
[2026-09-16T15:45:48.594+0000] {logging_mixin.py:188} WARNING -   File "/home/airflow/.local/lib/python3.10/site-packages/urllib3/util/connection.py", line 60, in create_connection
    for res in socket.getaddrinfo(host, port, family, socket.SOCK_STREAM):
[2026-09-16T15:45:48.595+0000] {logging_mixin.py:188} WARNING -   File "/usr/local/lib/python3.10/socket.py", line 955, in getaddrinfo
    for res in _socket.getaddrinfo(host, port, family, type, proto, flags):
[2026-09-16T15:45:48.595+0000] {logging_mixin.py:188} WARNING - socket.gaierror: [Errno -2] Name or service not known
[2026-09-16T15:45:48.596+0000] {logging_mixin.py:188} WARNING - 
The above exception was the direct cause of the following exception:
[2026-09-16T15:45:48.596+0000] {logging_mixin.py:188} WARNING - Traceback (most recent call last):
[2026-09-16T15:45:48.596+0000] {logging_mixin.py:188} WARNING -   File "/home/airflow/.local/lib/python3.10/site-packages/urllib3/connectionpool.py", line 793, in urlopen
    response = self._make_request(
[2026-09-16T15:45:48.597+0000] {logging_mixin.py:188} WARNING -   File "/home/airflow/.local/lib/python3.10/site-packages/urllib3/connectionpool.py", line 491, in _make_request
    raise new_e
[2026-09-16T15:45:48.597+0000] {logging_mixin.py:188} WARNING -   File "/home/airflow/.local/lib/python3.10/site-packages/urllib3/connectionpool.py", line 467, in _make_request
    self._validate_conn(conn)
[2026-09-16T15:45:48.597+0000] {logging_mixin.py:188} WARNING -   File "/home/airflow/.local/lib/python3.10/site-packages/urllib3/connectionpool.py", line 1099, in _validate_conn
    conn.connect()
[2026-09-16T15:45:48.598+0000] {logging_mixin.py:188} WARNING -   File "/home/airflow/.local/lib/python3.10/site-packages/urllib3/connection.py", line 616, in connect
    self.sock = sock = self._new_conn()
[2026-09-16T15:45:48.598+0000] {logging_mixin.py:188} WARNING -   File "/home/airflow/.local/lib/python3.10/site-packages/urllib3/connection.py", line 205, in _new_conn
    raise NameResolutionError(self.host, self, e) from e
[2026-09-16T15:45:48.598+0000] {logging_mixin.py:188} WARNING - urllib3.exceptions.NameResolutionError: <urllib3.connection.HTTPSConnection object at 0x7bc5c06d6620>: Failed to resolve 'www.googleapis.com' ([Errno -2] Name or service not known)
[2026-09-16T15:45:48.599+0000] {logging_mixin.py:188} WARNING - 
The above exception was the direct cause of the following exception:
[2026-09-16T15:45:48.599+0000] {logging_mixin.py:188} WARNING - Traceback (most recent call last):
[2026-09-16T15:45:48.600+0000] {logging_mixin.py:188} WARNING -   File "/home/airflow/.local/lib/python3.10/site-packages/requests/adapters.py", line 486, in send
    resp = conn.urlopen(
[2026-09-16T15:45:48.600+0000] {logging_mixin.py:188} WARNING -   File "/home/airflow/.local/lib/python3.10/site-packages/urllib3/connectionpool.py", line 847, in urlopen
    retries = retries.increment(
[2026-09-16T15:45:48.600+0000] {logging_mixin.py:188} WARNING -   File "/home/airflow/.local/lib/python3.10/site-packages/urllib3/util/retry.py", line 515, in increment
    raise MaxRetryError(_pool, url, reason) from reason  # type: ignore[arg-type]
[2026-09-16T15:45:48.601+0000] {logging_mixin.py:188} WARNING - urllib3.exceptions.MaxRetryError: HTTPSConnectionPool(host='www.googleapis.com', port=443): Max retries exceeded with url: /youtube/v3/videos?part=snippet%2Cstatistics%2CcontentDetails&id=B9LizOAAoLg&key=AIzaSyCu0SeP4QtsaF8H6qeF4NcFYaRehf3ot8w (Caused by NameResolutionError("<urllib3.connection.HTTPSConnection object at 0x7bc5c06d6620>: Failed to resolve 'www.googleapis.com' ([Errno -2] Name or service not known)"))
[2026-09-16T15:45:48.601+0000] {logging_mixin.py:188} WARNING - 
During handling of the above exception, another exception occurred:
[2026-09-16T15:45:48.601+0000] {logging_mixin.py:188} WARNING - Traceback (most recent call last):
[2026-09-16T15:45:48.602+0000] {logging_mixin.py:188} WARNING -   File "/opt/airflow/src/app.py", line 72, in get_all_videos
    video = clt.get_video_info(id, self.config.videoInfoUrl,
[2026-09-16T15:45:48.602+0000] {logging_mixin.py:188} WARNING -   File "/opt/airflow/src/controller/info.py", line 12, in get_video_info
    response: req.Response = req.get(url, params=params)
[2026-09-16T15:45:48.602+0000] {logging_mixin.py:188} WARNING -   File "/home/airflow/.local/lib/python3.10/site-packages/requests/api.py", line 73, in get
    return request("get", url, params=params, **kwargs)
[2026-09-16T15:45:48.603+0000] {logging_mixin.py:188} WARNING -   File "/home/airflow/.local/lib/python3.10/site-packages/requests/api.py", line 59, in request
    return session.request(method=method, url=url, **kwargs)
[2026-09-16T15:45:48.603+0000] {logging_mixin.py:188} WARNING -   File "/home/airflow/.local/lib/python3.10/site-packages/requests/sessions.py", line 589, in request
    resp = self.send(prep, **send_kwargs)
[2026-09-16T15:45:48.603+0000] {logging_mixin.py:188} WARNING -   File "/home/airflow/.local/lib/python3.10/site-packages/requests/sessions.py", line 703, in send
    r = adapter.send(request, **kwargs)
[2026-09-16T15:45:48.604+0000] {logging_mixin.py:188} WARNING -   File "/home/airflow/.local/lib/python3.10/site-packages/requests/adapters.py", line 519, in send
    raise ConnectionError(e, request=request)
[2026-09-16T15:45:48.604+0000] {logging_mixin.py:188} WARNING - requests.exceptions.ConnectionError: HTTPSConnectionPool(host='www.googleapis.com', port=443): Max retries exceeded with url: /youtube/v3/videos?part=snippet%2Cstatistics%2CcontentDetails&id=B9LizOAAoLg&key=AIzaSyCu0SeP4QtsaF8H6qeF4NcFYaRehf3ot8w (Caused by NameResolutionError("<urllib3.connection.HTTPSConnection object at 0x7bc5c06d6620>: Failed to resolve 'www.googleapis.com' ([Errno -2] Name or service not known)"))
[2026-09-16T15:45:48.615+0000] {logging_mixin.py:188} WARNING - Traceback (most recent call last):
[2026-09-16T15:45:48.615+0000] {logging_mixin.py:188} WARNING -   File "/home/airflow/.local/lib/python3.10/site-packages/urllib3/connection.py", line 198, in _new_conn
    sock = connection.create_connection(
[2026-09-16T15:45:48.616+0000] {logging_mixin.py:188} WARNING -   File "/home/airflow/.local/lib/python3.10/site-packages/urllib3/util/connection.py", line 60, in create_connection
    for res in socket.getaddrinfo(host, port, family, socket.SOCK_STREAM):
[2026-09-16T15:45:48.616+0000] {logging_mixin.py:188} WARNING -   File "/usr/local/lib/python3.10/socket.py", line 955, in getaddrinfo
    for res in _socket.getaddrinfo(host, port, family, type, proto, flags):
[2026-09-16T15:45:48.617+0000] {logging_mixin.py:188} WARNING - socket.gaierror: [Errno -2] Name or service not known
[2026-09-16T15:45:48.617+0000] {logging_mixin.py:188} WARNING - 
The above exception was the direct cause of the following exception:
[2026-09-16T15:45:48.618+0000] {logging_mixin.py:188} WARNING - Traceback (most recent call last):
[2026-09-16T15:45:48.618+0000] {logging_mixin.py:188} WARNING -   File "/home/airflow/.local/lib/python3.10/site-packages/urllib3/connectionpool.py", line 793, in urlopen
    response = self._make_request(
[2026-09-16T15:45:48.618+0000] {logging_mixin.py:188} WARNING -   File "/home/airflow/.local/lib/python3.10/site-packages/urllib3/connectionpool.py", line 491, in _make_request
    raise new_e
[2026-09-16T15:45:48.619+0000] {logging_mixin.py:188} WARNING -   File "/home/airflow/.local/lib/python3.10/site-packages/urllib3/connectionpool.py", line 467, in _make_request
    self._validate_conn(conn)
[2026-09-16T15:45:48.619+0000] {logging_mixin.py:188} WARNING -   File "/home/airflow/.local/lib/python3.10/site-packages/urllib3/connectionpool.py", line 1099, in _validate_conn
    conn.connect()
[2026-09-16T15:45:48.620+0000] {logging_mixin.py:188} WARNING -   File "/home/airflow/.local/lib/python3.10/site-packages/urllib3/connection.py", line 616, in connect
    self.sock = sock = self._new_conn()
[2026-09-16T15:45:48.620+0000] {logging_mixin.py:188} WARNING -   File "/home/airflow/.local/lib/python3.10/site-packages/urllib3/connection.py", line 205, in _new_conn
    raise NameResolutionError(self.host, self, e) from e
[2026-09-16T15:45:48.620+0000] {logging_mixin.py:188} WARNING - urllib3.exceptions.NameResolutionError: <urllib3.connection.HTTPSConnection object at 0x7bc5c05d01c0>: Failed to resolve 'www.googleapis.com' ([Errno -2] Name or service not known)
[2026-09-16T15:45:48.621+0000] {logging_mixin.py:188} WARNING - 
The above exception was the direct cause of the following exception:
[2026-09-16T15:45:48.622+0000] {logging_mixin.py:188} WARNING - Traceback (most recent call last):
[2026-09-16T15:45:48.622+0000] {logging_mixin.py:188} WARNING -   File "/home/airflow/.local/lib/python3.10/site-packages/requests/adapters.py", line 486, in send
    resp = conn.urlopen(
[2026-09-16T15:45:48.623+0000] {logging_mixin.py:188} WARNING -   File "/home/airflow/.local/lib/python3.10/site-packages/urllib3/connectionpool.py", line 847, in urlopen
    retries = retries.increment(
[2026-09-16T15:45:48.623+0000] {logging_mixin.py:188} WARNING -   File "/home/airflow/.local/lib/python3.10/site-packages/urllib3/util/retry.py", line 515, in increment
    raise MaxRetryError(_pool, url, reason) from reason  # type: ignore[arg-type]
[2026-09-16T15:45:48.624+0000] {logging_mixin.py:188} WARNING - urllib3.exceptions.MaxRetryError: HTTPSConnectionPool(host='www.googleapis.com', port=443): Max retries exceeded with url: /youtube/v3/videos?part=snippet%2Cstatistics%2CcontentDetails&id=rqsRdfdN4uI&key=AIzaSyCu0SeP4QtsaF8H6qeF4NcFYaRehf3ot8w (Caused by NameResolutionError("<urllib3.connection.HTTPSConnection object at 0x7bc5c05d01c0>: Failed to resolve 'www.googleapis.com' ([Errno -2] Name or service not known)"))
[2026-09-16T15:45:48.625+0000] {logging_mixin.py:188} WARNING - 
During handling of the above exception, another exception occurred:
[2026-09-16T15:45:48.626+0000] {logging_mixin.py:188} WARNING - Traceback (most recent call last):
[2026-09-16T15:45:48.627+0000] {logging_mixin.py:188} WARNING -   File "/opt/airflow/src/app.py", line 72, in get_all_videos
    video = clt.get_video_info(id, self.config.videoInfoUrl,
[2026-09-16T15:45:48.627+0000] {logging_mixin.py:188} WARNING -   File "/opt/airflow/src/controller/info.py", line 12, in get_video_info
    response: req.Response = req.get(url, params=params)
[2026-09-16T15:45:48.628+0000] {logging_mixin.py:188} WARNING -   File "/home/airflow/.local/lib/python3.10/site-packages/requests/api.py", line 73, in get
    return request("get", url, params=params, **kwargs)
[2026-09-16T15:45:48.628+0000] {logging_mixin.py:188} WARNING -   File "/home/airflow/.local/lib/python3.10/site-packages/requests/api.py", line 59, in request
    return session.request(method=method, url=url, **kwargs)
[2026-09-16T15:45:48.629+0000] {logging_mixin.py:188} WARNING -   File "/home/airflow/.local/lib/python3.10/site-packages/requests/sessions.py", line 589, in request
    resp = self.send(prep, **send_kwargs)
[2026-09-16T15:45:48.629+0000] {logging_mixin.py:188} WARNING -   File "/home/airflow/.local/lib/python3.10/site-packages/requests/sessions.py", line 703, in send
    r = adapter.send(request, **kwargs)
[2026-09-16T15:45:48.629+0000] {logging_mixin.py:188} WARNING -   File "/home/airflow/.local/lib/python3.10/site-packages/requests/adapters.py", line 519, in send
    raise ConnectionError(e, request=request)
[2026-09-16T15:45:48.630+0000] {logging_mixin.py:188} WARNING - requests.exceptions.ConnectionError: HTTPSConnectionPool(host='www.googleapis.com', port=443): Max retries exceeded with url: /youtube/v3/videos?part=snippet%2Cstatistics%2CcontentDetails&id=rqsRdfdN4uI&key=AIzaSyCu0SeP4QtsaF8H6qeF4NcFYaRehf3ot8w (Caused by NameResolutionError("<urllib3.connection.HTTPSConnection object at 0x7bc5c05d01c0>: Failed to resolve 'www.googleapis.com' ([Errno -2] Name or service not known)"))
[2026-09-16T15:45:48.638+0000] {logging_mixin.py:188} WARNING - Traceback (most recent call last):
[2026-09-16T15:45:48.638+0000] {logging_mixin.py:188} WARNING -   File "/home/airflow/.local/lib/python3.10/site-packages/urllib3/connection.py", line 198, in _new_conn
    sock = connection.create_connection(
[2026-09-16T15:45:48.639+0000] {logging_mixin.py:188} WARNING -   File "/home/airflow/.local/lib/python3.10/site-packages/urllib3/util/connection.py", line 60, in create_connection
    for res in socket.getaddrinfo(host, port, family, socket.SOCK_STREAM):
[2026-09-16T15:45:48.639+0000] {logging_mixin.py:188} WARNING -   File "/usr/local/lib/python3.10/socket.py", line 955, in getaddrinfo
    for res in _socket.getaddrinfo(host, port, family, type, proto, flags):
[2026-09-16T15:45:48.640+0000] {logging_mixin.py:188} WARNING - socket.gaierror: [Errno -2] Name or service not known
[2026-09-16T15:45:48.640+0000] {logging_mixin.py:188} WARNING - 
The above exception was the direct cause of the following exception:
[2026-09-16T15:45:48.640+0000] {logging_mixin.py:188} WARNING - Traceback (most recent call last):
[2026-09-16T15:45:48.641+0000] {logging_mixin.py:188} WARNING -   File "/home/airflow/.local/lib/python3.10/site-packages/urllib3/connectionpool.py", line 793, in urlopen
    response = self._make_request(
[2026-09-16T15:45:48.641+0000] {logging_mixin.py:188} WARNING -   File "/home/airflow/.local/lib/python3.10/site-packages/urllib3/connectionpool.py", line 491, in _make_request
    raise new_e
[2026-09-16T15:45:48.642+0000] {logging_mixin.py:188} WARNING -   File "/home/airflow/.local/lib/python3.10/site-packages/urllib3/connectionpool.py", line 467, in _make_request
    self._validate_conn(conn)
[2026-09-16T15:45:48.643+0000] {logging_mixin.py:188} WARNING -   File "/home/airflow/.local/lib/python3.10/site-packages/urllib3/connectionpool.py", line 1099, in _validate_conn
    conn.connect()
[2026-09-16T15:45:48.643+0000] {logging_mixin.py:188} WARNING -   File "/home/airflow/.local/lib/python3.10/site-packages/urllib3/connection.py", line 616, in connect
    self.sock = sock = self._new_conn()
[2026-09-16T15:45:48.644+0000] {logging_mixin.py:188} WARNING -   File "/home/airflow/.local/lib/python3.10/site-packages/urllib3/connection.py", line 205, in _new_conn
    raise NameResolutionError(self.host, self, e) from e
[2026-09-16T15:45:48.644+0000] {logging_mixin.py:188} WARNING - urllib3.exceptions.NameResolutionError: <urllib3.connection.HTTPSConnection object at 0x7bc5c06d68c0>: Failed to resolve 'www.googleapis.com' ([Errno -2] Name or service not known)
[2026-09-16T15:45:48.645+0000] {logging_mixin.py:188} WARNING - 
The above exception was the direct cause of the following exception:
[2026-09-16T15:45:48.645+0000] {logging_mixin.py:188} WARNING - Traceback (most recent call last):
[2026-09-16T15:45:48.646+0000] {logging_mixin.py:188} WARNING -   File "/home/airflow/.local/lib/python3.10/site-packages/requests/adapters.py", line 486, in send
    resp = conn.urlopen(
[2026-09-16T15:45:48.646+0000] {logging_mixin.py:188} WARNING -   File "/home/airflow/.local/lib/python3.10/site-packages/urllib3/connectionpool.py", line 847, in urlopen
    retries = retries.increment(
[2026-09-16T15:45:48.646+0000] {logging_mixin.py:188} WARNING -   File "/home/airflow/.local/lib/python3.10/site-packages/urllib3/util/retry.py", line 515, in increment
    raise MaxRetryError(_pool, url, reason) from reason  # type: ignore[arg-type]
[2026-09-16T15:45:48.647+0000] {logging_mixin.py:188} WARNING - urllib3.exceptions.MaxRetryError: HTTPSConnectionPool(host='www.googleapis.com', port=443): Max retries exceeded with url: /youtube/v3/videos?part=snippet%2Cstatistics%2CcontentDetails&id=feu5PQvoCiA&key=AIzaSyCu0SeP4QtsaF8H6qeF4NcFYaRehf3ot8w (Caused by NameResolutionError("<urllib3.connection.HTTPSConnection object at 0x7bc5c06d68c0>: Failed to resolve 'www.googleapis.com' ([Errno -2] Name or service not known)"))
[2026-09-16T15:45:48.647+0000] {logging_mixin.py:188} WARNING - 
During handling of the above exception, another exception occurred:
[2026-09-16T15:45:48.648+0000] {logging_mixin.py:188} WARNING - Traceback (most recent call last):
[2026-09-16T15:45:48.648+0000] {logging_mixin.py:188} WARNING -   File "/opt/airflow/src/app.py", line 72, in get_all_videos
    video = clt.get_video_info(id, self.config.videoInfoUrl,
[2026-09-16T15:45:48.648+0000] {logging_mixin.py:188} WARNING -   File "/opt/airflow/src/controller/info.py", line 12, in get_video_info
    response: req.Response = req.get(url, params=params)
[2026-09-16T15:45:48.649+0000] {logging_mixin.py:188} WARNING -   File "/home/airflow/.local/lib/python3.10/site-packages/requests/api.py", line 73, in get
    return request("get", url, params=params, **kwargs)
[2026-09-16T15:45:48.649+0000] {logging_mixin.py:188} WARNING -   File "/home/airflow/.local/lib/python3.10/site-packages/requests/api.py", line 59, in request
    return session.request(method=method, url=url, **kwargs)
[2026-09-16T15:45:48.649+0000] {logging_mixin.py:188} WARNING -   File "/home/airflow/.local/lib/python3.10/site-packages/requests/sessions.py", line 589, in request
    resp = self.send(prep, **send_kwargs)
[2026-09-16T15:45:48.650+0000] {logging_mixin.py:188} WARNING -   File "/home/airflow/.local/lib/python3.10/site-packages/requests/sessions.py", line 703, in send
    r = adapter.send(request, **kwargs)
[2026-09-16T15:45:48.650+0000] {logging_mixin.py:188} WARNING -   File "/home/airflow/.local/lib/python3.10/site-packages/requests/adapters.py", line 519, in send
    raise ConnectionError(e, request=request)
[2026-09-16T15:45:48.650+0000] {logging_mixin.py:188} WARNING - requests.exceptions.ConnectionError: HTTPSConnectionPool(host='www.googleapis.com', port=443): Max retries exceeded with url: /youtube/v3/videos?part=snippet%2Cstatistics%2CcontentDetails&id=feu5PQvoCiA&key=AIzaSyCu0SeP4QtsaF8H6qeF4NcFYaRehf3ot8w (Caused by NameResolutionError("<urllib3.connection.HTTPSConnection object at 0x7bc5c06d68c0>: Failed to resolve 'www.googleapis.com' ([Errno -2] Name or service not known)"))
[2026-09-16T15:45:48.660+0000] {logging_mixin.py:188} WARNING - Traceback (most recent call last):
[2026-09-16T15:45:48.661+0000] {logging_mixin.py:188} WARNING -   File "/home/airflow/.local/lib/python3.10/site-packages/urllib3/connection.py", line 198, in _new_conn
    sock = connection.create_connection(
[2026-09-16T15:45:48.661+0000] {logging_mixin.py:188} WARNING -   File "/home/airflow/.local/lib/python3.10/site-packages/urllib3/util/connection.py", line 60, in create_connection
    for res in socket.getaddrinfo(host, port, family, socket.SOCK_STREAM):
[2026-09-16T15:45:48.662+0000] {logging_mixin.py:188} WARNING -   File "/usr/local/lib/python3.10/socket.py", line 955, in getaddrinfo
    for res in _socket.getaddrinfo(host, port, family, type, proto, flags):
[2026-09-16T15:45:48.662+0000] {logging_mixin.py:188} WARNING - socket.gaierror: [Errno -2] Name or service not known
[2026-09-16T15:45:48.663+0000] {logging_mixin.py:188} WARNING - 
The above exception was the direct cause of the following exception:
[2026-09-16T15:45:48.663+0000] {logging_mixin.py:188} WARNING - Traceback (most recent call last):
[2026-09-16T15:45:48.663+0000] {logging_mixin.py:188} WARNING -   File "/home/airflow/.local/lib/python3.10/site-packages/urllib3/connectionpool.py", line 793, in urlopen
    response = self._make_request(
[2026-09-16T15:45:48.664+0000] {logging_mixin.py:188} WARNING -   File "/home/airflow/.local/lib/python3.10/site-packages/urllib3/connectionpool.py", line 491, in _make_request
    raise new_e
[2026-09-16T15:45:48.664+0000] {logging_mixin.py:188} WARNING -   File "/home/airflow/.local/lib/python3.10/site-packages/urllib3/connectionpool.py", line 467, in _make_request
    self._validate_conn(conn)
[2026-09-16T15:45:48.664+0000] {logging_mixin.py:188} WARNING -   File "/home/airflow/.local/lib/python3.10/site-packages/urllib3/connectionpool.py", line 1099, in _validate_conn
    conn.connect()
[2026-09-16T15:45:48.665+0000] {logging_mixin.py:188} WARNING -   File "/home/airflow/.local/lib/python3.10/site-packages/urllib3/connection.py", line 616, in connect
    self.sock = sock = self._new_conn()
[2026-09-16T15:45:48.665+0000] {logging_mixin.py:188} WARNING -   File "/home/airflow/.local/lib/python3.10/site-packages/urllib3/connection.py", line 205, in _new_conn
    raise NameResolutionError(self.host, self, e) from e
[2026-09-16T15:45:48.665+0000] {logging_mixin.py:188} WARNING - urllib3.exceptions.NameResolutionError: <urllib3.connection.HTTPSConnection object at 0x7bc5c06d5060>: Failed to resolve 'www.googleapis.com' ([Errno -2] Name or service not known)
[2026-09-16T15:45:48.666+0000] {logging_mixin.py:188} WARNING - 
The above exception was the direct cause of the following exception:
[2026-09-16T15:45:48.666+0000] {logging_mixin.py:188} WARNING - Traceback (most recent call last):
[2026-09-16T15:45:48.666+0000] {logging_mixin.py:188} WARNING -   File "/home/airflow/.local/lib/python3.10/site-packages/requests/adapters.py", line 486, in send
    resp = conn.urlopen(
[2026-09-16T15:45:48.667+0000] {logging_mixin.py:188} WARNING -   File "/home/airflow/.local/lib/python3.10/site-packages/urllib3/connectionpool.py", line 847, in urlopen
    retries = retries.increment(
[2026-09-16T15:45:48.667+0000] {logging_mixin.py:188} WARNING -   File "/home/airflow/.local/lib/python3.10/site-packages/urllib3/util/retry.py", line 515, in increment
    raise MaxRetryError(_pool, url, reason) from reason  # type: ignore[arg-type]
[2026-09-16T15:45:48.667+0000] {logging_mixin.py:188} WARNING - urllib3.exceptions.MaxRetryError: HTTPSConnectionPool(host='www.googleapis.com', port=443): Max retries exceeded with url: /youtube/v3/videos?part=snippet%2Cstatistics%2CcontentDetails&id=6Zy5VLcEbZc&key=AIzaSyCu0SeP4QtsaF8H6qeF4NcFYaRehf3ot8w (Caused by NameResolutionError("<urllib3.connection.HTTPSConnection object at 0x7bc5c06d5060>: Failed to resolve 'www.googleapis.com' ([Errno -2] Name or service not known)"))
[2026-09-16T15:45:48.667+0000] {logging_mixin.py:188} WARNING - 
During handling of the above exception, another exception occurred:
[2026-09-16T15:45:48.668+0000] {logging_mixin.py:188} WARNING - Traceback (most recent call last):
[2026-09-16T15:45:48.668+0000] {logging_mixin.py:188} WARNING -   File "/opt/airflow/src/app.py", line 72, in get_all_videos
    video = clt.get_video_info(id, self.config.videoInfoUrl,
[2026-09-16T15:45:48.668+0000] {logging_mixin.py:188} WARNING -   File "/opt/airflow/src/controller/info.py", line 12, in get_video_info
    response: req.Response = req.get(url, params=params)
[2026-09-16T15:45:48.669+0000] {logging_mixin.py:188} WARNING -   File "/home/airflow/.local/lib/python3.10/site-packages/requests/api.py", line 73, in get
    return request("get", url, params=params, **kwargs)
[2026-09-16T15:45:48.669+0000] {logging_mixin.py:188} WARNING -   File "/home/airflow/.local/lib/python3.10/site-packages/requests/api.py", line 59, in request
    return session.request(method=method, url=url, **kwargs)
[2026-09-16T15:45:48.669+0000] {logging_mixin.py:188} WARNING -   File "/home/airflow/.local/lib/python3.10/site-packages/requests/sessions.py", line 589, in request
    resp = self.send(prep, **send_kwargs)
[2026-09-16T15:45:48.669+0000] {logging_mixin.py:188} WARNING -   File "/home/airflow/.local/lib/python3.10/site-packages/requests/sessions.py", line 703, in send
    r = adapter.send(request, **kwargs)
[2026-09-16T15:45:48.670+0000] {logging_mixin.py:188} WARNING -   File "/home/airflow/.local/lib/python3.10/site-packages/requests/adapters.py", line 519, in send
    raise ConnectionError(e, request=request)
[2026-09-16T15:45:48.670+0000] {logging_mixin.py:188} WARNING - requests.exceptions.ConnectionError: HTTPSConnectionPool(host='www.googleapis.com', port=443): Max retries exceeded with url: /youtube/v3/videos?part=snippet%2Cstatistics%2CcontentDetails&id=6Zy5VLcEbZc&key=AIzaSyCu0SeP4QtsaF8H6qeF4NcFYaRehf3ot8w (Caused by NameResolutionError("<urllib3.connection.HTTPSConnection object at 0x7bc5c06d5060>: Failed to resolve 'www.googleapis.com' ([Errno -2] Name or service not known)"))
[2026-09-16T15:45:48.680+0000] {logging_mixin.py:188} WARNING - Traceback (most recent call last):
[2026-09-16T15:45:48.680+0000] {logging_mixin.py:188} WARNING -   File "/home/airflow/.local/lib/python3.10/site-packages/urllib3/connection.py", line 198, in _new_conn
    sock = connection.create_connection(
[2026-09-16T15:45:48.681+0000] {logging_mixin.py:188} WARNING -   File "/home/airflow/.local/lib/python3.10/site-packages/urllib3/util/connection.py", line 60, in create_connection
    for res in socket.getaddrinfo(host, port, family, socket.SOCK_STREAM):
[2026-09-16T15:45:48.681+0000] {logging_mixin.py:188} WARNING -   File "/usr/local/lib/python3.10/socket.py", line 955, in getaddrinfo
    for res in _socket.getaddrinfo(host, port, family, type, proto, flags):
[2026-09-16T15:45:48.682+0000] {logging_mixin.py:188} WARNING - socket.gaierror: [Errno -2] Name or service not known
[2026-09-16T15:45:48.682+0000] {logging_mixin.py:188} WARNING - 
The above exception was the direct cause of the following exception:
[2026-09-16T15:45:48.682+0000] {logging_mixin.py:188} WARNING - Traceback (most recent call last):
[2026-09-16T15:45:48.683+0000] {logging_mixin.py:188} WARNING -   File "/home/airflow/.local/lib/python3.10/site-packages/urllib3/connectionpool.py", line 793, in urlopen
    response = self._make_request(
[2026-09-16T15:45:48.683+0000] {logging_mixin.py:188} WARNING -   File "/home/airflow/.local/lib/python3.10/site-packages/urllib3/connectionpool.py", line 491, in _make_request
    raise new_e
[2026-09-16T15:45:48.683+0000] {logging_mixin.py:188} WARNING -   File "/home/airflow/.local/lib/python3.10/site-packages/urllib3/connectionpool.py", line 467, in _make_request
    self._validate_conn(conn)
[2026-09-16T15:45:48.684+0000] {logging_mixin.py:188} WARNING -   File "/home/airflow/.local/lib/python3.10/site-packages/urllib3/connectionpool.py", line 1099, in _validate_conn
    conn.connect()
[2026-09-16T15:45:48.684+0000] {logging_mixin.py:188} WARNING -   File "/home/airflow/.local/lib/python3.10/site-packages/urllib3/connection.py", line 616, in connect
    self.sock = sock = self._new_conn()
[2026-09-16T15:45:48.684+0000] {logging_mixin.py:188} WARNING -   File "/home/airflow/.local/lib/python3.10/site-packages/urllib3/connection.py", line 205, in _new_conn
    raise NameResolutionError(self.host, self, e) from e
[2026-09-16T15:45:48.685+0000] {logging_mixin.py:188} WARNING - urllib3.exceptions.NameResolutionError: <urllib3.connection.HTTPSConnection object at 0x7bc5c06d4f10>: Failed to resolve 'www.googleapis.com' ([Errno -2] Name or service not known)
[2026-09-16T15:45:48.685+0000] {logging_mixin.py:188} WARNING - 
The above exception was the direct cause of the following exception:
[2026-09-16T15:45:48.686+0000] {logging_mixin.py:188} WARNING - Traceback (most recent call last):
[2026-09-16T15:45:48.686+0000] {logging_mixin.py:188} WARNING -   File "/home/airflow/.local/lib/python3.10/site-packages/requests/adapters.py", line 486, in send
    resp = conn.urlopen(
[2026-09-16T15:45:48.686+0000] {logging_mixin.py:188} WARNING -   File "/home/airflow/.local/lib/python3.10/site-packages/urllib3/connectionpool.py", line 847, in urlopen
    retries = retries.increment(
[2026-09-16T15:45:48.687+0000] {logging_mixin.py:188} WARNING -   File "/home/airflow/.local/lib/python3.10/site-packages/urllib3/util/retry.py", line 515, in increment
    raise MaxRetryError(_pool, url, reason) from reason  # type: ignore[arg-type]
[2026-09-16T15:45:48.687+0000] {logging_mixin.py:188} WARNING - urllib3.exceptions.MaxRetryError: HTTPSConnectionPool(host='www.googleapis.com', port=443): Max retries exceeded with url: /youtube/v3/videos?part=snippet%2Cstatistics%2CcontentDetails&id=EdT5Z16Y5WE&key=AIzaSyCu0SeP4QtsaF8H6qeF4NcFYaRehf3ot8w (Caused by NameResolutionError("<urllib3.connection.HTTPSConnection object at 0x7bc5c06d4f10>: Failed to resolve 'www.googleapis.com' ([Errno -2] Name or service not known)"))
[2026-09-16T15:45:48.688+0000] {logging_mixin.py:188} WARNING - 
During handling of the above exception, another exception occurred:
[2026-09-16T15:45:48.688+0000] {logging_mixin.py:188} WARNING - Traceback (most recent call last):
[2026-09-16T15:45:48.688+0000] {logging_mixin.py:188} WARNING -   File "/opt/airflow/src/app.py", line 72, in get_all_videos
    video = clt.get_video_info(id, self.config.videoInfoUrl,
[2026-09-16T15:45:48.689+0000] {logging_mixin.py:188} WARNING -   File "/opt/airflow/src/controller/info.py", line 12, in get_video_info
    response: req.Response = req.get(url, params=params)
[2026-09-16T15:45:48.690+0000] {logging_mixin.py:188} WARNING -   File "/home/airflow/.local/lib/python3.10/site-packages/requests/api.py", line 73, in get
    return request("get", url, params=params, **kwargs)
[2026-09-16T15:45:48.690+0000] {logging_mixin.py:188} WARNING -   File "/home/airflow/.local/lib/python3.10/site-packages/requests/api.py", line 59, in request
    return session.request(method=method, url=url, **kwargs)
[2026-09-16T15:45:48.691+0000] {logging_mixin.py:188} WARNING -   File "/home/airflow/.local/lib/python3.10/site-packages/requests/sessions.py", line 589, in request
    resp = self.send(prep, **send_kwargs)
[2026-09-16T15:45:48.691+0000] {logging_mixin.py:188} WARNING -   File "/home/airflow/.local/lib/python3.10/site-packages/requests/sessions.py", line 703, in send
    r = adapter.send(request, **kwargs)
[2026-09-16T15:45:48.692+0000] {logging_mixin.py:188} WARNING -   File "/home/airflow/.local/lib/python3.10/site-packages/requests/adapters.py", line 519, in send
    raise ConnectionError(e, request=request)
[2026-09-16T15:45:48.693+0000] {logging_mixin.py:188} WARNING - requests.exceptions.ConnectionError: HTTPSConnectionPool(host='www.googleapis.com', port=443): Max retries exceeded with url: /youtube/v3/videos?part=snippet%2Cstatistics%2CcontentDetails&id=EdT5Z16Y5WE&key=AIzaSyCu0SeP4QtsaF8H6qeF4NcFYaRehf3ot8w (Caused by NameResolutionError("<urllib3.connection.HTTPSConnection object at 0x7bc5c06d4f10>: Failed to resolve 'www.googleapis.com' ([Errno -2] Name or service not known)"))
[2026-09-16T15:45:48.701+0000] {logging_mixin.py:188} WARNING - Traceback (most recent call last):
[2026-09-16T15:45:48.702+0000] {logging_mixin.py:188} WARNING -   File "/home/airflow/.local/lib/python3.10/site-packages/urllib3/connection.py", line 198, in _new_conn
    sock = connection.create_connection(
[2026-09-16T15:45:48.702+0000] {logging_mixin.py:188} WARNING -   File "/home/airflow/.local/lib/python3.10/site-packages/urllib3/util/connection.py", line 60, in create_connection
    for res in socket.getaddrinfo(host, port, family, socket.SOCK_STREAM):
[2026-09-16T15:45:48.703+0000] {logging_mixin.py:188} WARNING -   File "/usr/local/lib/python3.10/socket.py", line 955, in getaddrinfo
    for res in _socket.getaddrinfo(host, port, family, type, proto, flags):
[2026-09-16T15:45:48.703+0000] {logging_mixin.py:188} WARNING - socket.gaierror: [Errno -2] Name or service not known
[2026-09-16T15:45:48.704+0000] {logging_mixin.py:188} WARNING - 
The above exception was the direct cause of the following exception:
[2026-09-16T15:45:48.704+0000] {logging_mixin.py:188} WARNING - Traceback (most recent call last):
[2026-09-16T15:45:48.705+0000] {logging_mixin.py:188} WARNING -   File "/home/airflow/.local/lib/python3.10/site-packages/urllib3/connectionpool.py", line 793, in urlopen
    response = self._make_request(
[2026-09-16T15:45:48.706+0000] {logging_mixin.py:188} WARNING -   File "/home/airflow/.local/lib/python3.10/site-packages/urllib3/connectionpool.py", line 491, in _make_request
    raise new_e
[2026-09-16T15:45:48.706+0000] {logging_mixin.py:188} WARNING -   File "/home/airflow/.local/lib/python3.10/site-packages/urllib3/connectionpool.py", line 467, in _make_request
    self._validate_conn(conn)
[2026-09-16T15:45:48.706+0000] {logging_mixin.py:188} WARNING -   File "/home/airflow/.local/lib/python3.10/site-packages/urllib3/connectionpool.py", line 1099, in _validate_conn
    conn.connect()
[2026-09-16T15:45:48.707+0000] {logging_mixin.py:188} WARNING -   File "/home/airflow/.local/lib/python3.10/site-packages/urllib3/connection.py", line 616, in connect
    self.sock = sock = self._new_conn()
[2026-09-16T15:45:48.707+0000] {logging_mixin.py:188} WARNING -   File "/home/airflow/.local/lib/python3.10/site-packages/urllib3/connection.py", line 205, in _new_conn
    raise NameResolutionError(self.host, self, e) from e
[2026-09-16T15:45:48.708+0000] {logging_mixin.py:188} WARNING - urllib3.exceptions.NameResolutionError: <urllib3.connection.HTTPSConnection object at 0x7bc5c06d4880>: Failed to resolve 'www.googleapis.com' ([Errno -2] Name or service not known)
[2026-09-16T15:45:48.710+0000] {logging_mixin.py:188} WARNING - 
The above exception was the direct cause of the following exception:
[2026-09-16T15:45:48.710+0000] {logging_mixin.py:188} WARNING - Traceback (most recent call last):
[2026-09-16T15:45:48.711+0000] {logging_mixin.py:188} WARNING -   File "/home/airflow/.local/lib/python3.10/site-packages/requests/adapters.py", line 486, in send
    resp = conn.urlopen(
[2026-09-16T15:45:48.711+0000] {logging_mixin.py:188} WARNING -   File "/home/airflow/.local/lib/python3.10/site-packages/urllib3/connectionpool.py", line 847, in urlopen
    retries = retries.increment(
[2026-09-16T15:45:48.712+0000] {logging_mixin.py:188} WARNING -   File "/home/airflow/.local/lib/python3.10/site-packages/urllib3/util/retry.py", line 515, in increment
    raise MaxRetryError(_pool, url, reason) from reason  # type: ignore[arg-type]
[2026-09-16T15:45:48.712+0000] {logging_mixin.py:188} WARNING - urllib3.exceptions.MaxRetryError: HTTPSConnectionPool(host='www.googleapis.com', port=443): Max retries exceeded with url: /youtube/v3/videos?part=snippet%2Cstatistics%2CcontentDetails&id=ScjQAcbA9e4&key=AIzaSyCu0SeP4QtsaF8H6qeF4NcFYaRehf3ot8w (Caused by NameResolutionError("<urllib3.connection.HTTPSConnection object at 0x7bc5c06d4880>: Failed to resolve 'www.googleapis.com' ([Errno -2] Name or service not known)"))
[2026-09-16T15:45:48.712+0000] {logging_mixin.py:188} WARNING - 
During handling of the above exception, another exception occurred:
[2026-09-16T15:45:48.713+0000] {logging_mixin.py:188} WARNING - Traceback (most recent call last):
[2026-09-16T15:45:48.713+0000] {logging_mixin.py:188} WARNING -   File "/opt/airflow/src/app.py", line 72, in get_all_videos
    video = clt.get_video_info(id, self.config.videoInfoUrl,
[2026-09-16T15:45:48.713+0000] {logging_mixin.py:188} WARNING -   File "/opt/airflow/src/controller/info.py", line 12, in get_video_info
    response: req.Response = req.get(url, params=params)
[2026-09-16T15:45:48.714+0000] {logging_mixin.py:188} WARNING -   File "/home/airflow/.local/lib/python3.10/site-packages/requests/api.py", line 73, in get
    return request("get", url, params=params, **kwargs)
[2026-09-16T15:45:48.714+0000] {logging_mixin.py:188} WARNING -   File "/home/airflow/.local/lib/python3.10/site-packages/requests/api.py", line 59, in request
    return session.request(method=method, url=url, **kwargs)
[2026-09-16T15:45:48.714+0000] {logging_mixin.py:188} WARNING -   File "/home/airflow/.local/lib/python3.10/site-packages/requests/sessions.py", line 589, in request
    resp = self.send(prep, **send_kwargs)
[2026-09-16T15:45:48.715+0000] {logging_mixin.py:188} WARNING -   File "/home/airflow/.local/lib/python3.10/site-packages/requests/sessions.py", line 703, in send
    r = adapter.send(request, **kwargs)
[2026-09-16T15:45:48.715+0000] {logging_mixin.py:188} WARNING -   File "/home/airflow/.local/lib/python3.10/site-packages/requests/adapters.py", line 519, in send
    raise ConnectionError(e, request=request)
[2026-09-16T15:45:48.716+0000] {logging_mixin.py:188} WARNING - requests.exceptions.ConnectionError: HTTPSConnectionPool(host='www.googleapis.com', port=443): Max retries exceeded with url: /youtube/v3/videos?part=snippet%2Cstatistics%2CcontentDetails&id=ScjQAcbA9e4&key=AIzaSyCu0SeP4QtsaF8H6qeF4NcFYaRehf3ot8w (Caused by NameResolutionError("<urllib3.connection.HTTPSConnection object at 0x7bc5c06d4880>: Failed to resolve 'www.googleapis.com' ([Errno -2] Name or service not known)"))
[2026-09-16T15:45:48.724+0000] {logging_mixin.py:188} WARNING - Traceback (most recent call last):
[2026-09-16T15:45:48.724+0000] {logging_mixin.py:188} WARNING -   File "/home/airflow/.local/lib/python3.10/site-packages/urllib3/connection.py", line 198, in _new_conn
    sock = connection.create_connection(
[2026-09-16T15:45:48.726+0000] {logging_mixin.py:188} WARNING -   File "/home/airflow/.local/lib/python3.10/site-packages/urllib3/util/connection.py", line 60, in create_connection
    for res in socket.getaddrinfo(host, port, family, socket.SOCK_STREAM):
[2026-09-16T15:45:48.727+0000] {logging_mixin.py:188} WARNING -   File "/usr/local/lib/python3.10/socket.py", line 955, in getaddrinfo
    for res in _socket.getaddrinfo(host, port, family, type, proto, flags):
[2026-09-16T15:45:48.727+0000] {logging_mixin.py:188} WARNING - socket.gaierror: [Errno -2] Name or service not known
[2026-09-16T15:45:48.728+0000] {logging_mixin.py:188} WARNING - 
The above exception was the direct cause of the following exception:
[2026-09-16T15:45:48.728+0000] {logging_mixin.py:188} WARNING - Traceback (most recent call last):
[2026-09-16T15:45:48.729+0000] {logging_mixin.py:188} WARNING -   File "/home/airflow/.local/lib/python3.10/site-packages/urllib3/connectionpool.py", line 793, in urlopen
    response = self._make_request(
[2026-09-16T15:45:48.729+0000] {logging_mixin.py:188} WARNING -   File "/home/airflow/.local/lib/python3.10/site-packages/urllib3/connectionpool.py", line 491, in _make_request
    raise new_e
[2026-09-16T15:45:48.729+0000] {logging_mixin.py:188} WARNING -   File "/home/airflow/.local/lib/python3.10/site-packages/urllib3/connectionpool.py", line 467, in _make_request
    self._validate_conn(conn)
[2026-09-16T15:45:48.730+0000] {logging_mixin.py:188} WARNING -   File "/home/airflow/.local/lib/python3.10/site-packages/urllib3/connectionpool.py", line 1099, in _validate_conn
    conn.connect()
[2026-09-16T15:45:48.730+0000] {logging_mixin.py:188} WARNING -   File "/home/airflow/.local/lib/python3.10/site-packages/urllib3/connection.py", line 616, in connect
    self.sock = sock = self._new_conn()
[2026-09-16T15:45:48.730+0000] {logging_mixin.py:188} WARNING -   File "/home/airflow/.local/lib/python3.10/site-packages/urllib3/connection.py", line 205, in _new_conn
    raise NameResolutionError(self.host, self, e) from e
[2026-09-16T15:45:48.731+0000] {logging_mixin.py:188} WARNING - urllib3.exceptions.NameResolutionError: <urllib3.connection.HTTPSConnection object at 0x7bc5c06d51b0>: Failed to resolve 'www.googleapis.com' ([Errno -2] Name or service not known)
[2026-09-16T15:45:48.731+0000] {logging_mixin.py:188} WARNING - 
The above exception was the direct cause of the following exception:
[2026-09-16T15:45:48.731+0000] {logging_mixin.py:188} WARNING - Traceback (most recent call last):
[2026-09-16T15:45:48.732+0000] {logging_mixin.py:188} WARNING -   File "/home/airflow/.local/lib/python3.10/site-packages/requests/adapters.py", line 486, in send
    resp = conn.urlopen(
[2026-09-16T15:45:48.732+0000] {logging_mixin.py:188} WARNING -   File "/home/airflow/.local/lib/python3.10/site-packages/urllib3/connectionpool.py", line 847, in urlopen
    retries = retries.increment(
[2026-09-16T15:45:48.732+0000] {logging_mixin.py:188} WARNING -   File "/home/airflow/.local/lib/python3.10/site-packages/urllib3/util/retry.py", line 515, in increment
    raise MaxRetryError(_pool, url, reason) from reason  # type: ignore[arg-type]
[2026-09-16T15:45:48.733+0000] {logging_mixin.py:188} WARNING - urllib3.exceptions.MaxRetryError: HTTPSConnectionPool(host='www.googleapis.com', port=443): Max retries exceeded with url: /youtube/v3/videos?part=snippet%2Cstatistics%2CcontentDetails&id=hRBpDdWbUpI&key=AIzaSyCu0SeP4QtsaF8H6qeF4NcFYaRehf3ot8w (Caused by NameResolutionError("<urllib3.connection.HTTPSConnection object at 0x7bc5c06d51b0>: Failed to resolve 'www.googleapis.com' ([Errno -2] Name or service not known)"))
[2026-09-16T15:45:48.733+0000] {logging_mixin.py:188} WARNING - 
During handling of the above exception, another exception occurred:
[2026-09-16T15:45:48.733+0000] {logging_mixin.py:188} WARNING - Traceback (most recent call last):
[2026-09-16T15:45:48.734+0000] {logging_mixin.py:188} WARNING -   File "/opt/airflow/src/app.py", line 72, in get_all_videos
    video = clt.get_video_info(id, self.config.videoInfoUrl,
[2026-09-16T15:45:48.734+0000] {logging_mixin.py:188} WARNING -   File "/opt/airflow/src/controller/info.py", line 12, in get_video_info
    response: req.Response = req.get(url, params=params)
[2026-09-16T15:45:48.734+0000] {logging_mixin.py:188} WARNING -   File "/home/airflow/.local/lib/python3.10/site-packages/requests/api.py", line 73, in get
    return request("get", url, params=params, **kwargs)
[2026-09-16T15:45:48.735+0000] {logging_mixin.py:188} WARNING -   File "/home/airflow/.local/lib/python3.10/site-packages/requests/api.py", line 59, in request
    return session.request(method=method, url=url, **kwargs)
[2026-09-16T15:45:48.735+0000] {logging_mixin.py:188} WARNING -   File "/home/airflow/.local/lib/python3.10/site-packages/requests/sessions.py", line 589, in request
    resp = self.send(prep, **send_kwargs)
[2026-09-16T15:45:48.736+0000] {logging_mixin.py:188} WARNING -   File "/home/airflow/.local/lib/python3.10/site-packages/requests/sessions.py", line 703, in send
    r = adapter.send(request, **kwargs)
[2026-09-16T15:45:48.736+0000] {logging_mixin.py:188} WARNING -   File "/home/airflow/.local/lib/python3.10/site-packages/requests/adapters.py", line 519, in send
    raise ConnectionError(e, request=request)
[2026-09-16T15:45:48.736+0000] {logging_mixin.py:188} WARNING - requests.exceptions.ConnectionError: HTTPSConnectionPool(host='www.googleapis.com', port=443): Max retries exceeded with url: /youtube/v3/videos?part=snippet%2Cstatistics%2CcontentDetails&id=hRBpDdWbUpI&key=AIzaSyCu0SeP4QtsaF8H6qeF4NcFYaRehf3ot8w (Caused by NameResolutionError("<urllib3.connection.HTTPSConnection object at 0x7bc5c06d51b0>: Failed to resolve 'www.googleapis.com' ([Errno -2] Name or service not known)"))
[2026-09-16T15:45:48.747+0000] {logging_mixin.py:188} WARNING - Traceback (most recent call last):
[2026-09-16T15:45:48.748+0000] {logging_mixin.py:188} WARNING -   File "/home/airflow/.local/lib/python3.10/site-packages/urllib3/connection.py", line 198, in _new_conn
    sock = connection.create_connection(
[2026-09-16T15:45:48.748+0000] {logging_mixin.py:188} WARNING -   File "/home/airflow/.local/lib/python3.10/site-packages/urllib3/util/connection.py", line 60, in create_connection
    for res in socket.getaddrinfo(host, port, family, socket.SOCK_STREAM):
[2026-09-16T15:45:48.748+0000] {logging_mixin.py:188} WARNING -   File "/usr/local/lib/python3.10/socket.py", line 955, in getaddrinfo
    for res in _socket.getaddrinfo(host, port, family, type, proto, flags):
[2026-09-16T15:45:48.749+0000] {logging_mixin.py:188} WARNING - socket.gaierror: [Errno -2] Name or service not known
[2026-09-16T15:45:48.749+0000] {logging_mixin.py:188} WARNING - 
The above exception was the direct cause of the following exception:
[2026-09-16T15:45:48.749+0000] {logging_mixin.py:188} WARNING - Traceback (most recent call last):
[2026-09-16T15:45:48.750+0000] {logging_mixin.py:188} WARNING -   File "/home/airflow/.local/lib/python3.10/site-packages/urllib3/connectionpool.py", line 793, in urlopen
    response = self._make_request(
[2026-09-16T15:45:48.750+0000] {logging_mixin.py:188} WARNING -   File "/home/airflow/.local/lib/python3.10/site-packages/urllib3/connectionpool.py", line 491, in _make_request
    raise new_e
[2026-09-16T15:45:48.750+0000] {logging_mixin.py:188} WARNING -   File "/home/airflow/.local/lib/python3.10/site-packages/urllib3/connectionpool.py", line 467, in _make_request
    self._validate_conn(conn)
[2026-09-16T15:45:48.751+0000] {logging_mixin.py:188} WARNING -   File "/home/airflow/.local/lib/python3.10/site-packages/urllib3/connectionpool.py", line 1099, in _validate_conn
    conn.connect()
[2026-09-16T15:45:48.751+0000] {logging_mixin.py:188} WARNING -   File "/home/airflow/.local/lib/python3.10/site-packages/urllib3/connection.py", line 616, in connect
    self.sock = sock = self._new_conn()
[2026-09-16T15:45:48.751+0000] {logging_mixin.py:188} WARNING -   File "/home/airflow/.local/lib/python3.10/site-packages/urllib3/connection.py", line 205, in _new_conn
    raise NameResolutionError(self.host, self, e) from e
[2026-09-16T15:45:48.751+0000] {logging_mixin.py:188} WARNING - urllib3.exceptions.NameResolutionError: <urllib3.connection.HTTPSConnection object at 0x7bc5c06d7f70>: Failed to resolve 'www.googleapis.com' ([Errno -2] Name or service not known)
[2026-09-16T15:45:48.752+0000] {logging_mixin.py:188} WARNING - 
The above exception was the direct cause of the following exception:
[2026-09-16T15:45:48.752+0000] {logging_mixin.py:188} WARNING - Traceback (most recent call last):
[2026-09-16T15:45:48.752+0000] {logging_mixin.py:188} WARNING -   File "/home/airflow/.local/lib/python3.10/site-packages/requests/adapters.py", line 486, in send
    resp = conn.urlopen(
[2026-09-16T15:45:48.753+0000] {logging_mixin.py:188} WARNING -   File "/home/airflow/.local/lib/python3.10/site-packages/urllib3/connectionpool.py", line 847, in urlopen
    retries = retries.increment(
[2026-09-16T15:45:48.753+0000] {logging_mixin.py:188} WARNING -   File "/home/airflow/.local/lib/python3.10/site-packages/urllib3/util/retry.py", line 515, in increment
    raise MaxRetryError(_pool, url, reason) from reason  # type: ignore[arg-type]
[2026-09-16T15:45:48.753+0000] {logging_mixin.py:188} WARNING - urllib3.exceptions.MaxRetryError: HTTPSConnectionPool(host='www.googleapis.com', port=443): Max retries exceeded with url: /youtube/v3/videos?part=snippet%2Cstatistics%2CcontentDetails&id=pzxtGL9kzPs&key=AIzaSyCu0SeP4QtsaF8H6qeF4NcFYaRehf3ot8w (Caused by NameResolutionError("<urllib3.connection.HTTPSConnection object at 0x7bc5c06d7f70>: Failed to resolve 'www.googleapis.com' ([Errno -2] Name or service not known)"))
[2026-09-16T15:45:48.753+0000] {logging_mixin.py:188} WARNING - 
During handling of the above exception, another exception occurred:
[2026-09-16T15:45:48.754+0000] {logging_mixin.py:188} WARNING - Traceback (most recent call last):
[2026-09-16T15:45:48.754+0000] {logging_mixin.py:188} WARNING -   File "/opt/airflow/src/app.py", line 72, in get_all_videos
    video = clt.get_video_info(id, self.config.videoInfoUrl,
[2026-09-16T15:45:48.755+0000] {logging_mixin.py:188} WARNING -   File "/opt/airflow/src/controller/info.py", line 12, in get_video_info
    response: req.Response = req.get(url, params=params)
[2026-09-16T15:45:48.755+0000] {logging_mixin.py:188} WARNING -   File "/home/airflow/.local/lib/python3.10/site-packages/requests/api.py", line 73, in get
    return request("get", url, params=params, **kwargs)
[2026-09-16T15:45:48.755+0000] {logging_mixin.py:188} WARNING -   File "/home/airflow/.local/lib/python3.10/site-packages/requests/api.py", line 59, in request
    return session.request(method=method, url=url, **kwargs)
[2026-09-16T15:45:48.756+0000] {logging_mixin.py:188} WARNING -   File "/home/airflow/.local/lib/python3.10/site-packages/requests/sessions.py", line 589, in request
    resp = self.send(prep, **send_kwargs)
[2026-09-16T15:45:48.756+0000] {logging_mixin.py:188} WARNING -   File "/home/airflow/.local/lib/python3.10/site-packages/requests/sessions.py", line 703, in send
    r = adapter.send(request, **kwargs)
[2026-09-16T15:45:48.756+0000] {logging_mixin.py:188} WARNING -   File "/home/airflow/.local/lib/python3.10/site-packages/requests/adapters.py", line 519, in send
    raise ConnectionError(e, request=request)
[2026-09-16T15:45:48.756+0000] {logging_mixin.py:188} WARNING - requests.exceptions.ConnectionError: HTTPSConnectionPool(host='www.googleapis.com', port=443): Max retries exceeded with url: /youtube/v3/videos?part=snippet%2Cstatistics%2CcontentDetails&id=pzxtGL9kzPs&key=AIzaSyCu0SeP4QtsaF8H6qeF4NcFYaRehf3ot8w (Caused by NameResolutionError("<urllib3.connection.HTTPSConnection object at 0x7bc5c06d7f70>: Failed to resolve 'www.googleapis.com' ([Errno -2] Name or service not known)"))
[2026-09-16T15:45:48.772+0000] {logging_mixin.py:188} WARNING - Traceback (most recent call last):
[2026-09-16T15:45:48.773+0000] {logging_mixin.py:188} WARNING -   File "/home/airflow/.local/lib/python3.10/site-packages/urllib3/connection.py", line 198, in _new_conn
    sock = connection.create_connection(
[2026-09-16T15:45:48.773+0000] {logging_mixin.py:188} WARNING -   File "/home/airflow/.local/lib/python3.10/site-packages/urllib3/util/connection.py", line 60, in create_connection
    for res in socket.getaddrinfo(host, port, family, socket.SOCK_STREAM):
[2026-09-16T15:45:48.774+0000] {logging_mixin.py:188} WARNING -   File "/usr/local/lib/python3.10/socket.py", line 955, in getaddrinfo
    for res in _socket.getaddrinfo(host, port, family, type, proto, flags):
[2026-09-16T15:45:48.776+0000] {logging_mixin.py:188} WARNING - socket.gaierror: [Errno -2] Name or service not known
[2026-09-16T15:45:48.777+0000] {logging_mixin.py:188} WARNING - 
The above exception was the direct cause of the following exception:
[2026-09-16T15:45:48.778+0000] {logging_mixin.py:188} WARNING - Traceback (most recent call last):
[2026-09-16T15:45:48.778+0000] {logging_mixin.py:188} WARNING -   File "/home/airflow/.local/lib/python3.10/site-packages/urllib3/connectionpool.py", line 793, in urlopen
    response = self._make_request(
[2026-09-16T15:45:48.779+0000] {logging_mixin.py:188} WARNING -   File "/home/airflow/.local/lib/python3.10/site-packages/urllib3/connectionpool.py", line 491, in _make_request
    raise new_e
[2026-09-16T15:45:48.780+0000] {logging_mixin.py:188} WARNING -   File "/home/airflow/.local/lib/python3.10/site-packages/urllib3/connectionpool.py", line 467, in _make_request
    self._validate_conn(conn)
[2026-09-16T15:45:48.781+0000] {logging_mixin.py:188} WARNING -   File "/home/airflow/.local/lib/python3.10/site-packages/urllib3/connectionpool.py", line 1099, in _validate_conn
    conn.connect()
[2026-09-16T15:45:48.782+0000] {logging_mixin.py:188} WARNING -   File "/home/airflow/.local/lib/python3.10/site-packages/urllib3/connection.py", line 616, in connect
    self.sock = sock = self._new_conn()
[2026-09-16T15:45:48.783+0000] {logging_mixin.py:188} WARNING -   File "/home/airflow/.local/lib/python3.10/site-packages/urllib3/connection.py", line 205, in _new_conn
    raise NameResolutionError(self.host, self, e) from e
[2026-09-16T15:45:48.784+0000] {logging_mixin.py:188} WARNING - urllib3.exceptions.NameResolutionError: <urllib3.connection.HTTPSConnection object at 0x7bc5c06d4700>: Failed to resolve 'www.googleapis.com' ([Errno -2] Name or service not known)
[2026-09-16T15:45:48.785+0000] {logging_mixin.py:188} WARNING - 
The above exception was the direct cause of the following exception:
[2026-09-16T15:45:48.786+0000] {logging_mixin.py:188} WARNING - Traceback (most recent call last):
[2026-09-16T15:45:48.786+0000] {logging_mixin.py:188} WARNING -   File "/home/airflow/.local/lib/python3.10/site-packages/requests/adapters.py", line 486, in send
    resp = conn.urlopen(
[2026-09-16T15:45:48.787+0000] {logging_mixin.py:188} WARNING -   File "/home/airflow/.local/lib/python3.10/site-packages/urllib3/connectionpool.py", line 847, in urlopen
    retries = retries.increment(
[2026-09-16T15:45:48.788+0000] {logging_mixin.py:188} WARNING -   File "/home/airflow/.local/lib/python3.10/site-packages/urllib3/util/retry.py", line 515, in increment
    raise MaxRetryError(_pool, url, reason) from reason  # type: ignore[arg-type]
[2026-09-16T15:45:48.789+0000] {logging_mixin.py:188} WARNING - urllib3.exceptions.MaxRetryError: HTTPSConnectionPool(host='www.googleapis.com', port=443): Max retries exceeded with url: /youtube/v3/videos?part=snippet%2Cstatistics%2CcontentDetails&id=yy-Nt0dRhNI&key=AIzaSyCu0SeP4QtsaF8H6qeF4NcFYaRehf3ot8w (Caused by NameResolutionError("<urllib3.connection.HTTPSConnection object at 0x7bc5c06d4700>: Failed to resolve 'www.googleapis.com' ([Errno -2] Name or service not known)"))
[2026-09-16T15:45:48.789+0000] {logging_mixin.py:188} WARNING - 
During handling of the above exception, another exception occurred:
[2026-09-16T15:45:48.790+0000] {logging_mixin.py:188} WARNING - Traceback (most recent call last):
[2026-09-16T15:45:48.791+0000] {logging_mixin.py:188} WARNING -   File "/opt/airflow/src/app.py", line 72, in get_all_videos
    video = clt.get_video_info(id, self.config.videoInfoUrl,
[2026-09-16T15:45:48.791+0000] {logging_mixin.py:188} WARNING -   File "/opt/airflow/src/controller/info.py", line 12, in get_video_info
    response: req.Response = req.get(url, params=params)
[2026-09-16T15:45:48.792+0000] {logging_mixin.py:188} WARNING -   File "/home/airflow/.local/lib/python3.10/site-packages/requests/api.py", line 73, in get
    return request("get", url, params=params, **kwargs)
[2026-09-16T15:45:48.793+0000] {logging_mixin.py:188} WARNING -   File "/home/airflow/.local/lib/python3.10/site-packages/requests/api.py", line 59, in request
    return session.request(method=method, url=url, **kwargs)
[2026-09-16T15:45:48.794+0000] {logging_mixin.py:188} WARNING -   File "/home/airflow/.local/lib/python3.10/site-packages/requests/sessions.py", line 589, in request
    resp = self.send(prep, **send_kwargs)
[2026-09-16T15:45:48.795+0000] {logging_mixin.py:188} WARNING -   File "/home/airflow/.local/lib/python3.10/site-packages/requests/sessions.py", line 703, in send
    r = adapter.send(request, **kwargs)
[2026-09-16T15:45:48.795+0000] {logging_mixin.py:188} WARNING -   File "/home/airflow/.local/lib/python3.10/site-packages/requests/adapters.py", line 519, in send
    raise ConnectionError(e, request=request)
[2026-09-16T15:45:48.796+0000] {logging_mixin.py:188} WARNING - requests.exceptions.ConnectionError: HTTPSConnectionPool(host='www.googleapis.com', port=443): Max retries exceeded with url: /youtube/v3/videos?part=snippet%2Cstatistics%2CcontentDetails&id=yy-Nt0dRhNI&key=AIzaSyCu0SeP4QtsaF8H6qeF4NcFYaRehf3ot8w (Caused by NameResolutionError("<urllib3.connection.HTTPSConnection object at 0x7bc5c06d4700>: Failed to resolve 'www.googleapis.com' ([Errno -2] Name or service not known)"))
[2026-09-16T15:45:48.808+0000] {logging_mixin.py:188} WARNING - Traceback (most recent call last):
[2026-09-16T15:45:48.810+0000] {logging_mixin.py:188} WARNING -   File "/home/airflow/.local/lib/python3.10/site-packages/urllib3/connection.py", line 198, in _new_conn
    sock = connection.create_connection(
[2026-09-16T15:45:48.811+0000] {logging_mixin.py:188} WARNING -   File "/home/airflow/.local/lib/python3.10/site-packages/urllib3/util/connection.py", line 60, in create_connection
    for res in socket.getaddrinfo(host, port, family, socket.SOCK_STREAM):
[2026-09-16T15:45:48.812+0000] {logging_mixin.py:188} WARNING -   File "/usr/local/lib/python3.10/socket.py", line 955, in getaddrinfo
    for res in _socket.getaddrinfo(host, port, family, type, proto, flags):
[2026-09-16T15:45:48.813+0000] {logging_mixin.py:188} WARNING - socket.gaierror: [Errno -2] Name or service not known
[2026-09-16T15:45:48.813+0000] {logging_mixin.py:188} WARNING - 
The above exception was the direct cause of the following exception:
[2026-09-16T15:45:48.814+0000] {logging_mixin.py:188} WARNING - Traceback (most recent call last):
[2026-09-16T15:45:48.815+0000] {logging_mixin.py:188} WARNING -   File "/home/airflow/.local/lib/python3.10/site-packages/urllib3/connectionpool.py", line 793, in urlopen
    response = self._make_request(
[2026-09-16T15:45:48.815+0000] {logging_mixin.py:188} WARNING -   File "/home/airflow/.local/lib/python3.10/site-packages/urllib3/connectionpool.py", line 491, in _make_request
    raise new_e
[2026-09-16T15:45:48.815+0000] {logging_mixin.py:188} WARNING -   File "/home/airflow/.local/lib/python3.10/site-packages/urllib3/connectionpool.py", line 467, in _make_request
    self._validate_conn(conn)
[2026-09-16T15:45:48.816+0000] {logging_mixin.py:188} WARNING -   File "/home/airflow/.local/lib/python3.10/site-packages/urllib3/connectionpool.py", line 1099, in _validate_conn
    conn.connect()
[2026-09-16T15:45:48.816+0000] {logging_mixin.py:188} WARNING -   File "/home/airflow/.local/lib/python3.10/site-packages/urllib3/connection.py", line 616, in connect
    self.sock = sock = self._new_conn()
[2026-09-16T15:45:48.817+0000] {logging_mixin.py:188} WARNING -   File "/home/airflow/.local/lib/python3.10/site-packages/urllib3/connection.py", line 205, in _new_conn
    raise NameResolutionError(self.host, self, e) from e
[2026-09-16T15:45:48.817+0000] {logging_mixin.py:188} WARNING - urllib3.exceptions.NameResolutionError: <urllib3.connection.HTTPSConnection object at 0x7bc5c06d6ce0>: Failed to resolve 'www.googleapis.com' ([Errno -2] Name or service not known)
[2026-09-16T15:45:48.817+0000] {logging_mixin.py:188} WARNING - 
The above exception was the direct cause of the following exception:
[2026-09-16T15:45:48.818+0000] {logging_mixin.py:188} WARNING - Traceback (most recent call last):
[2026-09-16T15:45:48.818+0000] {logging_mixin.py:188} WARNING -   File "/home/airflow/.local/lib/python3.10/site-packages/requests/adapters.py", line 486, in send
    resp = conn.urlopen(
[2026-09-16T15:45:48.819+0000] {logging_mixin.py:188} WARNING -   File "/home/airflow/.local/lib/python3.10/site-packages/urllib3/connectionpool.py", line 847, in urlopen
    retries = retries.increment(
[2026-09-16T15:45:48.819+0000] {logging_mixin.py:188} WARNING -   File "/home/airflow/.local/lib/python3.10/site-packages/urllib3/util/retry.py", line 515, in increment
    raise MaxRetryError(_pool, url, reason) from reason  # type: ignore[arg-type]
[2026-09-16T15:45:48.820+0000] {logging_mixin.py:188} WARNING - urllib3.exceptions.MaxRetryError: HTTPSConnectionPool(host='www.googleapis.com', port=443): Max retries exceeded with url: /youtube/v3/videos?part=snippet%2Cstatistics%2CcontentDetails&id=zRtGL0-5rg4&key=AIzaSyCu0SeP4QtsaF8H6qeF4NcFYaRehf3ot8w (Caused by NameResolutionError("<urllib3.connection.HTTPSConnection object at 0x7bc5c06d6ce0>: Failed to resolve 'www.googleapis.com' ([Errno -2] Name or service not known)"))
[2026-09-16T15:45:48.820+0000] {logging_mixin.py:188} WARNING - 
During handling of the above exception, another exception occurred:
[2026-09-16T15:45:48.821+0000] {logging_mixin.py:188} WARNING - Traceback (most recent call last):
[2026-09-16T15:45:48.821+0000] {logging_mixin.py:188} WARNING -   File "/opt/airflow/src/app.py", line 72, in get_all_videos
    video = clt.get_video_info(id, self.config.videoInfoUrl,
[2026-09-16T15:45:48.822+0000] {logging_mixin.py:188} WARNING -   File "/opt/airflow/src/controller/info.py", line 12, in get_video_info
    response: req.Response = req.get(url, params=params)
[2026-09-16T15:45:48.822+0000] {logging_mixin.py:188} WARNING -   File "/home/airflow/.local/lib/python3.10/site-packages/requests/api.py", line 73, in get
    return request("get", url, params=params, **kwargs)
[2026-09-16T15:45:48.822+0000] {logging_mixin.py:188} WARNING -   File "/home/airflow/.local/lib/python3.10/site-packages/requests/api.py", line 59, in request
    return session.request(method=method, url=url, **kwargs)
[2026-09-16T15:45:48.823+0000] {logging_mixin.py:188} WARNING -   File "/home/airflow/.local/lib/python3.10/site-packages/requests/sessions.py", line 589, in request
    resp = self.send(prep, **send_kwargs)
[2026-09-16T15:45:48.823+0000] {logging_mixin.py:188} WARNING -   File "/home/airflow/.local/lib/python3.10/site-packages/requests/sessions.py", line 703, in send
    r = adapter.send(request, **kwargs)
[2026-09-16T15:45:48.824+0000] {logging_mixin.py:188} WARNING -   File "/home/airflow/.local/lib/python3.10/site-packages/requests/adapters.py", line 519, in send
    raise ConnectionError(e, request=request)
[2026-09-16T15:45:48.824+0000] {logging_mixin.py:188} WARNING - requests.exceptions.ConnectionError: HTTPSConnectionPool(host='www.googleapis.com', port=443): Max retries exceeded with url: /youtube/v3/videos?part=snippet%2Cstatistics%2CcontentDetails&id=zRtGL0-5rg4&key=AIzaSyCu0SeP4QtsaF8H6qeF4NcFYaRehf3ot8w (Caused by NameResolutionError("<urllib3.connection.HTTPSConnection object at 0x7bc5c06d6ce0>: Failed to resolve 'www.googleapis.com' ([Errno -2] Name or service not known)"))
[2026-09-16T15:45:48.836+0000] {logging_mixin.py:188} WARNING - Traceback (most recent call last):
[2026-09-16T15:45:48.837+0000] {logging_mixin.py:188} WARNING -   File "/home/airflow/.local/lib/python3.10/site-packages/urllib3/connection.py", line 198, in _new_conn
    sock = connection.create_connection(
[2026-09-16T15:45:48.838+0000] {logging_mixin.py:188} WARNING -   File "/home/airflow/.local/lib/python3.10/site-packages/urllib3/util/connection.py", line 60, in create_connection
    for res in socket.getaddrinfo(host, port, family, socket.SOCK_STREAM):
[2026-09-16T15:45:48.839+0000] {logging_mixin.py:188} WARNING -   File "/usr/local/lib/python3.10/socket.py", line 955, in getaddrinfo
    for res in _socket.getaddrinfo(host, port, family, type, proto, flags):
[2026-09-16T15:45:48.839+0000] {logging_mixin.py:188} WARNING - socket.gaierror: [Errno -2] Name or service not known
[2026-09-16T15:45:48.840+0000] {logging_mixin.py:188} WARNING - 
The above exception was the direct cause of the following exception:
[2026-09-16T15:45:48.841+0000] {logging_mixin.py:188} WARNING - Traceback (most recent call last):
[2026-09-16T15:45:48.842+0000] {logging_mixin.py:188} WARNING -   File "/home/airflow/.local/lib/python3.10/site-packages/urllib3/connectionpool.py", line 793, in urlopen
    response = self._make_request(
[2026-09-16T15:45:48.843+0000] {logging_mixin.py:188} WARNING -   File "/home/airflow/.local/lib/python3.10/site-packages/urllib3/connectionpool.py", line 491, in _make_request
    raise new_e
[2026-09-16T15:45:48.845+0000] {logging_mixin.py:188} WARNING -   File "/home/airflow/.local/lib/python3.10/site-packages/urllib3/connectionpool.py", line 467, in _make_request
    self._validate_conn(conn)
[2026-09-16T15:45:48.845+0000] {logging_mixin.py:188} WARNING -   File "/home/airflow/.local/lib/python3.10/site-packages/urllib3/connectionpool.py", line 1099, in _validate_conn
    conn.connect()
[2026-09-16T15:45:48.846+0000] {logging_mixin.py:188} WARNING -   File "/home/airflow/.local/lib/python3.10/site-packages/urllib3/connection.py", line 616, in connect
    self.sock = sock = self._new_conn()
[2026-09-16T15:45:48.847+0000] {logging_mixin.py:188} WARNING -   File "/home/airflow/.local/lib/python3.10/site-packages/urllib3/connection.py", line 205, in _new_conn
    raise NameResolutionError(self.host, self, e) from e
[2026-09-16T15:45:48.847+0000] {logging_mixin.py:188} WARNING - urllib3.exceptions.NameResolutionError: <urllib3.connection.HTTPSConnection object at 0x7bc5c06d7910>: Failed to resolve 'www.googleapis.com' ([Errno -2] Name or service not known)
[2026-09-16T15:45:48.848+0000] {logging_mixin.py:188} WARNING - 
The above exception was the direct cause of the following exception:
[2026-09-16T15:45:48.848+0000] {logging_mixin.py:188} WARNING - Traceback (most recent call last):
[2026-09-16T15:45:48.848+0000] {logging_mixin.py:188} WARNING -   File "/home/airflow/.local/lib/python3.10/site-packages/requests/adapters.py", line 486, in send
    resp = conn.urlopen(
[2026-09-16T15:45:48.849+0000] {logging_mixin.py:188} WARNING -   File "/home/airflow/.local/lib/python3.10/site-packages/urllib3/connectionpool.py", line 847, in urlopen
    retries = retries.increment(
[2026-09-16T15:45:48.849+0000] {logging_mixin.py:188} WARNING -   File "/home/airflow/.local/lib/python3.10/site-packages/urllib3/util/retry.py", line 515, in increment
    raise MaxRetryError(_pool, url, reason) from reason  # type: ignore[arg-type]
[2026-09-16T15:45:48.849+0000] {logging_mixin.py:188} WARNING - urllib3.exceptions.MaxRetryError: HTTPSConnectionPool(host='www.googleapis.com', port=443): Max retries exceeded with url: /youtube/v3/videos?part=snippet%2Cstatistics%2CcontentDetails&id=mFWpUx3FiyU&key=AIzaSyCu0SeP4QtsaF8H6qeF4NcFYaRehf3ot8w (Caused by NameResolutionError("<urllib3.connection.HTTPSConnection object at 0x7bc5c06d7910>: Failed to resolve 'www.googleapis.com' ([Errno -2] Name or service not known)"))
[2026-09-16T15:45:48.850+0000] {logging_mixin.py:188} WARNING - 
During handling of the above exception, another exception occurred:
[2026-09-16T15:45:48.850+0000] {logging_mixin.py:188} WARNING - Traceback (most recent call last):
[2026-09-16T15:45:48.851+0000] {logging_mixin.py:188} WARNING -   File "/opt/airflow/src/app.py", line 72, in get_all_videos
    video = clt.get_video_info(id, self.config.videoInfoUrl,
[2026-09-16T15:45:48.851+0000] {logging_mixin.py:188} WARNING -   File "/opt/airflow/src/controller/info.py", line 12, in get_video_info
    response: req.Response = req.get(url, params=params)
[2026-09-16T15:45:48.851+0000] {logging_mixin.py:188} WARNING -   File "/home/airflow/.local/lib/python3.10/site-packages/requests/api.py", line 73, in get
    return request("get", url, params=params, **kwargs)
[2026-09-16T15:45:48.852+0000] {logging_mixin.py:188} WARNING -   File "/home/airflow/.local/lib/python3.10/site-packages/requests/api.py", line 59, in request
    return session.request(method=method, url=url, **kwargs)
[2026-09-16T15:45:48.852+0000] {logging_mixin.py:188} WARNING -   File "/home/airflow/.local/lib/python3.10/site-packages/requests/sessions.py", line 589, in request
    resp = self.send(prep, **send_kwargs)
[2026-09-16T15:45:48.852+0000] {logging_mixin.py:188} WARNING -   File "/home/airflow/.local/lib/python3.10/site-packages/requests/sessions.py", line 703, in send
    r = adapter.send(request, **kwargs)
[2026-09-16T15:45:48.853+0000] {logging_mixin.py:188} WARNING -   File "/home/airflow/.local/lib/python3.10/site-packages/requests/adapters.py", line 519, in send
    raise ConnectionError(e, request=request)
[2026-09-16T15:45:48.853+0000] {logging_mixin.py:188} WARNING - requests.exceptions.ConnectionError: HTTPSConnectionPool(host='www.googleapis.com', port=443): Max retries exceeded with url: /youtube/v3/videos?part=snippet%2Cstatistics%2CcontentDetails&id=mFWpUx3FiyU&key=AIzaSyCu0SeP4QtsaF8H6qeF4NcFYaRehf3ot8w (Caused by NameResolutionError("<urllib3.connection.HTTPSConnection object at 0x7bc5c06d7910>: Failed to resolve 'www.googleapis.com' ([Errno -2] Name or service not known)"))
[2026-09-16T15:45:48.864+0000] {logging_mixin.py:188} WARNING - Traceback (most recent call last):
[2026-09-16T15:45:48.865+0000] {logging_mixin.py:188} WARNING -   File "/home/airflow/.local/lib/python3.10/site-packages/urllib3/connection.py", line 198, in _new_conn
    sock = connection.create_connection(
[2026-09-16T15:45:48.866+0000] {logging_mixin.py:188} WARNING -   File "/home/airflow/.local/lib/python3.10/site-packages/urllib3/util/connection.py", line 60, in create_connection
    for res in socket.getaddrinfo(host, port, family, socket.SOCK_STREAM):
[2026-09-16T15:45:48.867+0000] {logging_mixin.py:188} WARNING -   File "/usr/local/lib/python3.10/socket.py", line 955, in getaddrinfo
    for res in _socket.getaddrinfo(host, port, family, type, proto, flags):
[2026-09-16T15:45:48.867+0000] {logging_mixin.py:188} WARNING - socket.gaierror: [Errno -2] Name or service not known
[2026-09-16T15:45:48.868+0000] {logging_mixin.py:188} WARNING - 
The above exception was the direct cause of the following exception:
[2026-09-16T15:45:48.868+0000] {logging_mixin.py:188} WARNING - Traceback (most recent call last):
[2026-09-16T15:45:48.869+0000] {logging_mixin.py:188} WARNING -   File "/home/airflow/.local/lib/python3.10/site-packages/urllib3/connectionpool.py", line 793, in urlopen
    response = self._make_request(
[2026-09-16T15:45:48.869+0000] {logging_mixin.py:188} WARNING -   File "/home/airflow/.local/lib/python3.10/site-packages/urllib3/connectionpool.py", line 491, in _make_request
    raise new_e
[2026-09-16T15:45:48.870+0000] {logging_mixin.py:188} WARNING -   File "/home/airflow/.local/lib/python3.10/site-packages/urllib3/connectionpool.py", line 467, in _make_request
    self._validate_conn(conn)
[2026-09-16T15:45:48.871+0000] {logging_mixin.py:188} WARNING -   File "/home/airflow/.local/lib/python3.10/site-packages/urllib3/connectionpool.py", line 1099, in _validate_conn
    conn.connect()
[2026-09-16T15:45:48.871+0000] {logging_mixin.py:188} WARNING -   File "/home/airflow/.local/lib/python3.10/site-packages/urllib3/connection.py", line 616, in connect
    self.sock = sock = self._new_conn()
[2026-09-16T15:45:48.872+0000] {logging_mixin.py:188} WARNING -   File "/home/airflow/.local/lib/python3.10/site-packages/urllib3/connection.py", line 205, in _new_conn
    raise NameResolutionError(self.host, self, e) from e
[2026-09-16T15:45:48.872+0000] {logging_mixin.py:188} WARNING - urllib3.exceptions.NameResolutionError: <urllib3.connection.HTTPSConnection object at 0x7bc5c06d69e0>: Failed to resolve 'www.googleapis.com' ([Errno -2] Name or service not known)
[2026-09-16T15:45:48.873+0000] {logging_mixin.py:188} WARNING - 
The above exception was the direct cause of the following exception:
[2026-09-16T15:45:48.873+0000] {logging_mixin.py:188} WARNING - Traceback (most recent call last):
[2026-09-16T15:45:48.873+0000] {logging_mixin.py:188} WARNING -   File "/home/airflow/.local/lib/python3.10/site-packages/requests/adapters.py", line 486, in send
    resp = conn.urlopen(
[2026-09-16T15:45:48.874+0000] {logging_mixin.py:188} WARNING -   File "/home/airflow/.local/lib/python3.10/site-packages/urllib3/connectionpool.py", line 847, in urlopen
    retries = retries.increment(
[2026-09-16T15:45:48.875+0000] {logging_mixin.py:188} WARNING -   File "/home/airflow/.local/lib/python3.10/site-packages/urllib3/util/retry.py", line 515, in increment
    raise MaxRetryError(_pool, url, reason) from reason  # type: ignore[arg-type]
[2026-09-16T15:45:48.876+0000] {logging_mixin.py:188} WARNING - urllib3.exceptions.MaxRetryError: HTTPSConnectionPool(host='www.googleapis.com', port=443): Max retries exceeded with url: /youtube/v3/videos?part=snippet%2Cstatistics%2CcontentDetails&id=6W_841xoprg&key=AIzaSyCu0SeP4QtsaF8H6qeF4NcFYaRehf3ot8w (Caused by NameResolutionError("<urllib3.connection.HTTPSConnection object at 0x7bc5c06d69e0>: Failed to resolve 'www.googleapis.com' ([Errno -2] Name or service not known)"))
[2026-09-16T15:45:48.877+0000] {logging_mixin.py:188} WARNING - 
During handling of the above exception, another exception occurred:
[2026-09-16T15:45:48.878+0000] {logging_mixin.py:188} WARNING - Traceback (most recent call last):
[2026-09-16T15:45:48.878+0000] {logging_mixin.py:188} WARNING -   File "/opt/airflow/src/app.py", line 72, in get_all_videos
    video = clt.get_video_info(id, self.config.videoInfoUrl,
[2026-09-16T15:45:48.878+0000] {logging_mixin.py:188} WARNING -   File "/opt/airflow/src/controller/info.py", line 12, in get_video_info
    response: req.Response = req.get(url, params=params)
[2026-09-16T15:45:48.879+0000] {logging_mixin.py:188} WARNING -   File "/home/airflow/.local/lib/python3.10/site-packages/requests/api.py", line 73, in get
    return request("get", url, params=params, **kwargs)
[2026-09-16T15:45:48.879+0000] {logging_mixin.py:188} WARNING -   File "/home/airflow/.local/lib/python3.10/site-packages/requests/api.py", line 59, in request
    return session.request(method=method, url=url, **kwargs)
[2026-09-16T15:45:48.880+0000] {logging_mixin.py:188} WARNING -   File "/home/airflow/.local/lib/python3.10/site-packages/requests/sessions.py", line 589, in request
    resp = self.send(prep, **send_kwargs)
[2026-09-16T15:45:48.880+0000] {logging_mixin.py:188} WARNING -   File "/home/airflow/.local/lib/python3.10/site-packages/requests/sessions.py", line 703, in send
    r = adapter.send(request, **kwargs)
[2026-09-16T15:45:48.881+0000] {logging_mixin.py:188} WARNING -   File "/home/airflow/.local/lib/python3.10/site-packages/requests/adapters.py", line 519, in send
    raise ConnectionError(e, request=request)
[2026-09-16T15:45:48.881+0000] {logging_mixin.py:188} WARNING - requests.exceptions.ConnectionError: HTTPSConnectionPool(host='www.googleapis.com', port=443): Max retries exceeded with url: /youtube/v3/videos?part=snippet%2Cstatistics%2CcontentDetails&id=6W_841xoprg&key=AIzaSyCu0SeP4QtsaF8H6qeF4NcFYaRehf3ot8w (Caused by NameResolutionError("<urllib3.connection.HTTPSConnection object at 0x7bc5c06d69e0>: Failed to resolve 'www.googleapis.com' ([Errno -2] Name or service not known)"))
[2026-09-16T15:45:48.893+0000] {logging_mixin.py:188} WARNING - Traceback (most recent call last):
[2026-09-16T15:45:48.894+0000] {logging_mixin.py:188} WARNING -   File "/home/airflow/.local/lib/python3.10/site-packages/urllib3/connection.py", line 198, in _new_conn
    sock = connection.create_connection(
[2026-09-16T15:45:48.894+0000] {logging_mixin.py:188} WARNING -   File "/home/airflow/.local/lib/python3.10/site-packages/urllib3/util/connection.py", line 60, in create_connection
    for res in socket.getaddrinfo(host, port, family, socket.SOCK_STREAM):
[2026-09-16T15:45:48.895+0000] {logging_mixin.py:188} WARNING -   File "/usr/local/lib/python3.10/socket.py", line 955, in getaddrinfo
    for res in _socket.getaddrinfo(host, port, family, type, proto, flags):
[2026-09-16T15:45:48.895+0000] {logging_mixin.py:188} WARNING - socket.gaierror: [Errno -2] Name or service not known
[2026-09-16T15:45:48.896+0000] {logging_mixin.py:188} WARNING - 
The above exception was the direct cause of the following exception:
[2026-09-16T15:45:48.896+0000] {logging_mixin.py:188} WARNING - Traceback (most recent call last):
[2026-09-16T15:45:48.897+0000] {logging_mixin.py:188} WARNING -   File "/home/airflow/.local/lib/python3.10/site-packages/urllib3/connectionpool.py", line 793, in urlopen
    response = self._make_request(
[2026-09-16T15:45:48.897+0000] {logging_mixin.py:188} WARNING -   File "/home/airflow/.local/lib/python3.10/site-packages/urllib3/connectionpool.py", line 491, in _make_request
    raise new_e
[2026-09-16T15:45:48.898+0000] {logging_mixin.py:188} WARNING -   File "/home/airflow/.local/lib/python3.10/site-packages/urllib3/connectionpool.py", line 467, in _make_request
    self._validate_conn(conn)
[2026-09-16T15:45:48.898+0000] {logging_mixin.py:188} WARNING -   File "/home/airflow/.local/lib/python3.10/site-packages/urllib3/connectionpool.py", line 1099, in _validate_conn
    conn.connect()
[2026-09-16T15:45:48.898+0000] {logging_mixin.py:188} WARNING -   File "/home/airflow/.local/lib/python3.10/site-packages/urllib3/connection.py", line 616, in connect
    self.sock = sock = self._new_conn()
[2026-09-16T15:45:48.899+0000] {logging_mixin.py:188} WARNING -   File "/home/airflow/.local/lib/python3.10/site-packages/urllib3/connection.py", line 205, in _new_conn
    raise NameResolutionError(self.host, self, e) from e
[2026-09-16T15:45:48.899+0000] {logging_mixin.py:188} WARNING - urllib3.exceptions.NameResolutionError: <urllib3.connection.HTTPSConnection object at 0x7bc5c05d0b50>: Failed to resolve 'www.googleapis.com' ([Errno -2] Name or service not known)
[2026-09-16T15:45:48.900+0000] {logging_mixin.py:188} WARNING - 
The above exception was the direct cause of the following exception:
[2026-09-16T15:45:48.900+0000] {logging_mixin.py:188} WARNING - Traceback (most recent call last):
[2026-09-16T15:45:48.900+0000] {logging_mixin.py:188} WARNING -   File "/home/airflow/.local/lib/python3.10/site-packages/requests/adapters.py", line 486, in send
    resp = conn.urlopen(
[2026-09-16T15:45:48.901+0000] {logging_mixin.py:188} WARNING -   File "/home/airflow/.local/lib/python3.10/site-packages/urllib3/connectionpool.py", line 847, in urlopen
    retries = retries.increment(
[2026-09-16T15:45:48.901+0000] {logging_mixin.py:188} WARNING -   File "/home/airflow/.local/lib/python3.10/site-packages/urllib3/util/retry.py", line 515, in increment
    raise MaxRetryError(_pool, url, reason) from reason  # type: ignore[arg-type]
[2026-09-16T15:45:48.901+0000] {logging_mixin.py:188} WARNING - urllib3.exceptions.MaxRetryError: HTTPSConnectionPool(host='www.googleapis.com', port=443): Max retries exceeded with url: /youtube/v3/videos?part=snippet%2Cstatistics%2CcontentDetails&id=VIJLIo5yT1I&key=AIzaSyCu0SeP4QtsaF8H6qeF4NcFYaRehf3ot8w (Caused by NameResolutionError("<urllib3.connection.HTTPSConnection object at 0x7bc5c05d0b50>: Failed to resolve 'www.googleapis.com' ([Errno -2] Name or service not known)"))
[2026-09-16T15:45:48.902+0000] {logging_mixin.py:188} WARNING - 
During handling of the above exception, another exception occurred:
[2026-09-16T15:45:48.902+0000] {logging_mixin.py:188} WARNING - Traceback (most recent call last):
[2026-09-16T15:45:48.903+0000] {logging_mixin.py:188} WARNING -   File "/opt/airflow/src/app.py", line 72, in get_all_videos
    video = clt.get_video_info(id, self.config.videoInfoUrl,
[2026-09-16T15:45:48.904+0000] {logging_mixin.py:188} WARNING -   File "/opt/airflow/src/controller/info.py", line 12, in get_video_info
    response: req.Response = req.get(url, params=params)
[2026-09-16T15:45:48.904+0000] {logging_mixin.py:188} WARNING -   File "/home/airflow/.local/lib/python3.10/site-packages/requests/api.py", line 73, in get
    return request("get", url, params=params, **kwargs)
[2026-09-16T15:45:48.905+0000] {logging_mixin.py:188} WARNING -   File "/home/airflow/.local/lib/python3.10/site-packages/requests/api.py", line 59, in request
    return session.request(method=method, url=url, **kwargs)
[2026-09-16T15:45:48.906+0000] {logging_mixin.py:188} WARNING -   File "/home/airflow/.local/lib/python3.10/site-packages/requests/sessions.py", line 589, in request
    resp = self.send(prep, **send_kwargs)
[2026-09-16T15:45:48.906+0000] {logging_mixin.py:188} WARNING -   File "/home/airflow/.local/lib/python3.10/site-packages/requests/sessions.py", line 703, in send
    r = adapter.send(request, **kwargs)
[2026-09-16T15:45:48.907+0000] {logging_mixin.py:188} WARNING -   File "/home/airflow/.local/lib/python3.10/site-packages/requests/adapters.py", line 519, in send
    raise ConnectionError(e, request=request)
[2026-09-16T15:45:48.907+0000] {logging_mixin.py:188} WARNING - requests.exceptions.ConnectionError: HTTPSConnectionPool(host='www.googleapis.com', port=443): Max retries exceeded with url: /youtube/v3/videos?part=snippet%2Cstatistics%2CcontentDetails&id=VIJLIo5yT1I&key=AIzaSyCu0SeP4QtsaF8H6qeF4NcFYaRehf3ot8w (Caused by NameResolutionError("<urllib3.connection.HTTPSConnection object at 0x7bc5c05d0b50>: Failed to resolve 'www.googleapis.com' ([Errno -2] Name or service not known)"))
[2026-09-16T15:45:48.921+0000] {logging_mixin.py:188} WARNING - Traceback (most recent call last):
[2026-09-16T15:45:48.922+0000] {logging_mixin.py:188} WARNING -   File "/home/airflow/.local/lib/python3.10/site-packages/urllib3/connection.py", line 198, in _new_conn
    sock = connection.create_connection(
[2026-09-16T15:45:48.923+0000] {logging_mixin.py:188} WARNING -   File "/home/airflow/.local/lib/python3.10/site-packages/urllib3/util/connection.py", line 60, in create_connection
    for res in socket.getaddrinfo(host, port, family, socket.SOCK_STREAM):
[2026-09-16T15:45:48.923+0000] {logging_mixin.py:188} WARNING -   File "/usr/local/lib/python3.10/socket.py", line 955, in getaddrinfo
    for res in _socket.getaddrinfo(host, port, family, type, proto, flags):
[2026-09-16T15:45:48.924+0000] {logging_mixin.py:188} WARNING - socket.gaierror: [Errno -2] Name or service not known
[2026-09-16T15:45:48.926+0000] {logging_mixin.py:188} WARNING - 
The above exception was the direct cause of the following exception:
[2026-09-16T15:45:48.927+0000] {logging_mixin.py:188} WARNING - Traceback (most recent call last):
[2026-09-16T15:45:48.928+0000] {logging_mixin.py:188} WARNING -   File "/home/airflow/.local/lib/python3.10/site-packages/urllib3/connectionpool.py", line 793, in urlopen
    response = self._make_request(
[2026-09-16T15:45:48.928+0000] {logging_mixin.py:188} WARNING -   File "/home/airflow/.local/lib/python3.10/site-packages/urllib3/connectionpool.py", line 491, in _make_request
    raise new_e
[2026-09-16T15:45:48.929+0000] {logging_mixin.py:188} WARNING -   File "/home/airflow/.local/lib/python3.10/site-packages/urllib3/connectionpool.py", line 467, in _make_request
    self._validate_conn(conn)
[2026-09-16T15:45:48.930+0000] {logging_mixin.py:188} WARNING -   File "/home/airflow/.local/lib/python3.10/site-packages/urllib3/connectionpool.py", line 1099, in _validate_conn
    conn.connect()
[2026-09-16T15:45:48.930+0000] {logging_mixin.py:188} WARNING -   File "/home/airflow/.local/lib/python3.10/site-packages/urllib3/connection.py", line 616, in connect
    self.sock = sock = self._new_conn()
[2026-09-16T15:45:48.931+0000] {logging_mixin.py:188} WARNING -   File "/home/airflow/.local/lib/python3.10/site-packages/urllib3/connection.py", line 205, in _new_conn
    raise NameResolutionError(self.host, self, e) from e
[2026-09-16T15:45:48.931+0000] {logging_mixin.py:188} WARNING - urllib3.exceptions.NameResolutionError: <urllib3.connection.HTTPSConnection object at 0x7bc5c06d7220>: Failed to resolve 'www.googleapis.com' ([Errno -2] Name or service not known)
[2026-09-16T15:45:48.932+0000] {logging_mixin.py:188} WARNING - 
The above exception was the direct cause of the following exception:
[2026-09-16T15:45:48.932+0000] {logging_mixin.py:188} WARNING - Traceback (most recent call last):
[2026-09-16T15:45:48.933+0000] {logging_mixin.py:188} WARNING -   File "/home/airflow/.local/lib/python3.10/site-packages/requests/adapters.py", line 486, in send
    resp = conn.urlopen(
[2026-09-16T15:45:48.934+0000] {logging_mixin.py:188} WARNING -   File "/home/airflow/.local/lib/python3.10/site-packages/urllib3/connectionpool.py", line 847, in urlopen
    retries = retries.increment(
[2026-09-16T15:45:48.934+0000] {logging_mixin.py:188} WARNING -   File "/home/airflow/.local/lib/python3.10/site-packages/urllib3/util/retry.py", line 515, in increment
    raise MaxRetryError(_pool, url, reason) from reason  # type: ignore[arg-type]
[2026-09-16T15:45:48.935+0000] {logging_mixin.py:188} WARNING - urllib3.exceptions.MaxRetryError: HTTPSConnectionPool(host='www.googleapis.com', port=443): Max retries exceeded with url: /youtube/v3/videos?part=snippet%2Cstatistics%2CcontentDetails&id=uNu6XEPTy5g&key=AIzaSyCu0SeP4QtsaF8H6qeF4NcFYaRehf3ot8w (Caused by NameResolutionError("<urllib3.connection.HTTPSConnection object at 0x7bc5c06d7220>: Failed to resolve 'www.googleapis.com' ([Errno -2] Name or service not known)"))
[2026-09-16T15:45:48.935+0000] {logging_mixin.py:188} WARNING - 
During handling of the above exception, another exception occurred:
[2026-09-16T15:45:48.936+0000] {logging_mixin.py:188} WARNING - Traceback (most recent call last):
[2026-09-16T15:45:48.936+0000] {logging_mixin.py:188} WARNING -   File "/opt/airflow/src/app.py", line 72, in get_all_videos
    video = clt.get_video_info(id, self.config.videoInfoUrl,
[2026-09-16T15:45:48.937+0000] {logging_mixin.py:188} WARNING -   File "/opt/airflow/src/controller/info.py", line 12, in get_video_info
    response: req.Response = req.get(url, params=params)
[2026-09-16T15:45:48.937+0000] {logging_mixin.py:188} WARNING -   File "/home/airflow/.local/lib/python3.10/site-packages/requests/api.py", line 73, in get
    return request("get", url, params=params, **kwargs)
[2026-09-16T15:45:48.938+0000] {logging_mixin.py:188} WARNING -   File "/home/airflow/.local/lib/python3.10/site-packages/requests/api.py", line 59, in request
    return session.request(method=method, url=url, **kwargs)
[2026-09-16T15:45:48.938+0000] {logging_mixin.py:188} WARNING -   File "/home/airflow/.local/lib/python3.10/site-packages/requests/sessions.py", line 589, in request
    resp = self.send(prep, **send_kwargs)
[2026-09-16T15:45:48.939+0000] {logging_mixin.py:188} WARNING -   File "/home/airflow/.local/lib/python3.10/site-packages/requests/sessions.py", line 703, in send
    r = adapter.send(request, **kwargs)
[2026-09-16T15:45:48.939+0000] {logging_mixin.py:188} WARNING -   File "/home/airflow/.local/lib/python3.10/site-packages/requests/adapters.py", line 519, in send
    raise ConnectionError(e, request=request)
[2026-09-16T15:45:48.939+0000] {logging_mixin.py:188} WARNING - requests.exceptions.ConnectionError: HTTPSConnectionPool(host='www.googleapis.com', port=443): Max retries exceeded with url: /youtube/v3/videos?part=snippet%2Cstatistics%2CcontentDetails&id=uNu6XEPTy5g&key=AIzaSyCu0SeP4QtsaF8H6qeF4NcFYaRehf3ot8w (Caused by NameResolutionError("<urllib3.connection.HTTPSConnection object at 0x7bc5c06d7220>: Failed to resolve 'www.googleapis.com' ([Errno -2] Name or service not known)"))
[2026-09-16T15:45:48.951+0000] {logging_mixin.py:188} WARNING - Traceback (most recent call last):
[2026-09-16T15:45:48.952+0000] {logging_mixin.py:188} WARNING -   File "/home/airflow/.local/lib/python3.10/site-packages/urllib3/connection.py", line 198, in _new_conn
    sock = connection.create_connection(
[2026-09-16T15:45:48.953+0000] {logging_mixin.py:188} WARNING -   File "/home/airflow/.local/lib/python3.10/site-packages/urllib3/util/connection.py", line 60, in create_connection
    for res in socket.getaddrinfo(host, port, family, socket.SOCK_STREAM):
[2026-09-16T15:45:48.953+0000] {logging_mixin.py:188} WARNING -   File "/usr/local/lib/python3.10/socket.py", line 955, in getaddrinfo
    for res in _socket.getaddrinfo(host, port, family, type, proto, flags):
[2026-09-16T15:45:48.954+0000] {logging_mixin.py:188} WARNING - socket.gaierror: [Errno -2] Name or service not known
[2026-09-16T15:45:48.954+0000] {logging_mixin.py:188} WARNING - 
The above exception was the direct cause of the following exception:
[2026-09-16T15:45:48.955+0000] {logging_mixin.py:188} WARNING - Traceback (most recent call last):
[2026-09-16T15:45:48.955+0000] {logging_mixin.py:188} WARNING -   File "/home/airflow/.local/lib/python3.10/site-packages/urllib3/connectionpool.py", line 793, in urlopen
    response = self._make_request(
[2026-09-16T15:45:48.956+0000] {logging_mixin.py:188} WARNING -   File "/home/airflow/.local/lib/python3.10/site-packages/urllib3/connectionpool.py", line 491, in _make_request
    raise new_e
[2026-09-16T15:45:48.956+0000] {logging_mixin.py:188} WARNING -   File "/home/airflow/.local/lib/python3.10/site-packages/urllib3/connectionpool.py", line 467, in _make_request
    self._validate_conn(conn)
[2026-09-16T15:45:48.957+0000] {logging_mixin.py:188} WARNING -   File "/home/airflow/.local/lib/python3.10/site-packages/urllib3/connectionpool.py", line 1099, in _validate_conn
    conn.connect()
[2026-09-16T15:45:48.957+0000] {logging_mixin.py:188} WARNING -   File "/home/airflow/.local/lib/python3.10/site-packages/urllib3/connection.py", line 616, in connect
    self.sock = sock = self._new_conn()
[2026-09-16T15:45:48.959+0000] {logging_mixin.py:188} WARNING -   File "/home/airflow/.local/lib/python3.10/site-packages/urllib3/connection.py", line 205, in _new_conn
    raise NameResolutionError(self.host, self, e) from e
[2026-09-16T15:45:48.960+0000] {logging_mixin.py:188} WARNING - urllib3.exceptions.NameResolutionError: <urllib3.connection.HTTPSConnection object at 0x7bc5c06d76d0>: Failed to resolve 'www.googleapis.com' ([Errno -2] Name or service not known)
[2026-09-16T15:45:48.961+0000] {logging_mixin.py:188} WARNING - 
The above exception was the direct cause of the following exception:
[2026-09-16T15:45:48.961+0000] {logging_mixin.py:188} WARNING - Traceback (most recent call last):
[2026-09-16T15:45:48.962+0000] {logging_mixin.py:188} WARNING -   File "/home/airflow/.local/lib/python3.10/site-packages/requests/adapters.py", line 486, in send
    resp = conn.urlopen(
[2026-09-16T15:45:48.963+0000] {logging_mixin.py:188} WARNING -   File "/home/airflow/.local/lib/python3.10/site-packages/urllib3/connectionpool.py", line 847, in urlopen
    retries = retries.increment(
[2026-09-16T15:45:48.964+0000] {logging_mixin.py:188} WARNING -   File "/home/airflow/.local/lib/python3.10/site-packages/urllib3/util/retry.py", line 515, in increment
    raise MaxRetryError(_pool, url, reason) from reason  # type: ignore[arg-type]
[2026-09-16T15:45:48.965+0000] {logging_mixin.py:188} WARNING - urllib3.exceptions.MaxRetryError: HTTPSConnectionPool(host='www.googleapis.com', port=443): Max retries exceeded with url: /youtube/v3/videos?part=snippet%2Cstatistics%2CcontentDetails&id=DXVHmGoCTco&key=AIzaSyCu0SeP4QtsaF8H6qeF4NcFYaRehf3ot8w (Caused by NameResolutionError("<urllib3.connection.HTTPSConnection object at 0x7bc5c06d76d0>: Failed to resolve 'www.googleapis.com' ([Errno -2] Name or service not known)"))
[2026-09-16T15:45:48.965+0000] {logging_mixin.py:188} WARNING - 
During handling of the above exception, another exception occurred:
[2026-09-16T15:45:48.966+0000] {logging_mixin.py:188} WARNING - Traceback (most recent call last):
[2026-09-16T15:45:48.967+0000] {logging_mixin.py:188} WARNING -   File "/opt/airflow/src/app.py", line 72, in get_all_videos
    video = clt.get_video_info(id, self.config.videoInfoUrl,
[2026-09-16T15:45:48.967+0000] {logging_mixin.py:188} WARNING -   File "/opt/airflow/src/controller/info.py", line 12, in get_video_info
    response: req.Response = req.get(url, params=params)
[2026-09-16T15:45:48.968+0000] {logging_mixin.py:188} WARNING -   File "/home/airflow/.local/lib/python3.10/site-packages/requests/api.py", line 73, in get
    return request("get", url, params=params, **kwargs)
[2026-09-16T15:45:48.968+0000] {logging_mixin.py:188} WARNING -   File "/home/airflow/.local/lib/python3.10/site-packages/requests/api.py", line 59, in request
    return session.request(method=method, url=url, **kwargs)
[2026-09-16T15:45:48.969+0000] {logging_mixin.py:188} WARNING -   File "/home/airflow/.local/lib/python3.10/site-packages/requests/sessions.py", line 589, in request
    resp = self.send(prep, **send_kwargs)
[2026-09-16T15:45:48.969+0000] {logging_mixin.py:188} WARNING -   File "/home/airflow/.local/lib/python3.10/site-packages/requests/sessions.py", line 703, in send
    r = adapter.send(request, **kwargs)
[2026-09-16T15:45:48.970+0000] {logging_mixin.py:188} WARNING -   File "/home/airflow/.local/lib/python3.10/site-packages/requests/adapters.py", line 519, in send
    raise ConnectionError(e, request=request)
[2026-09-16T15:45:48.971+0000] {logging_mixin.py:188} WARNING - requests.exceptions.ConnectionError: HTTPSConnectionPool(host='www.googleapis.com', port=443): Max retries exceeded with url: /youtube/v3/videos?part=snippet%2Cstatistics%2CcontentDetails&id=DXVHmGoCTco&key=AIzaSyCu0SeP4QtsaF8H6qeF4NcFYaRehf3ot8w (Caused by NameResolutionError("<urllib3.connection.HTTPSConnection object at 0x7bc5c06d76d0>: Failed to resolve 'www.googleapis.com' ([Errno -2] Name or service not known)"))
[2026-09-16T15:45:48.985+0000] {logging_mixin.py:188} WARNING - Traceback (most recent call last):
[2026-09-16T15:45:48.986+0000] {logging_mixin.py:188} WARNING -   File "/home/airflow/.local/lib/python3.10/site-packages/urllib3/connection.py", line 198, in _new_conn
    sock = connection.create_connection(
[2026-09-16T15:45:48.987+0000] {logging_mixin.py:188} WARNING -   File "/home/airflow/.local/lib/python3.10/site-packages/urllib3/util/connection.py", line 60, in create_connection
    for res in socket.getaddrinfo(host, port, family, socket.SOCK_STREAM):
[2026-09-16T15:45:48.988+0000] {logging_mixin.py:188} WARNING -   File "/usr/local/lib/python3.10/socket.py", line 955, in getaddrinfo
    for res in _socket.getaddrinfo(host, port, family, type, proto, flags):
[2026-09-16T15:45:48.989+0000] {logging_mixin.py:188} WARNING - socket.gaierror: [Errno -2] Name or service not known
[2026-09-16T15:45:48.990+0000] {logging_mixin.py:188} WARNING - 
The above exception was the direct cause of the following exception:
[2026-09-16T15:45:48.994+0000] {logging_mixin.py:188} WARNING - Traceback (most recent call last):
[2026-09-16T15:45:48.996+0000] {logging_mixin.py:188} WARNING -   File "/home/airflow/.local/lib/python3.10/site-packages/urllib3/connectionpool.py", line 793, in urlopen
    response = self._make_request(
[2026-09-16T15:45:48.999+0000] {logging_mixin.py:188} WARNING -   File "/home/airflow/.local/lib/python3.10/site-packages/urllib3/connectionpool.py", line 491, in _make_request
    raise new_e
[2026-09-16T15:45:49.005+0000] {logging_mixin.py:188} WARNING -   File "/home/airflow/.local/lib/python3.10/site-packages/urllib3/connectionpool.py", line 467, in _make_request
    self._validate_conn(conn)
[2026-09-16T15:45:49.007+0000] {logging_mixin.py:188} WARNING -   File "/home/airflow/.local/lib/python3.10/site-packages/urllib3/connectionpool.py", line 1099, in _validate_conn
    conn.connect()
[2026-09-16T15:45:49.011+0000] {logging_mixin.py:188} WARNING -   File "/home/airflow/.local/lib/python3.10/site-packages/urllib3/connection.py", line 616, in connect
    self.sock = sock = self._new_conn()
[2026-09-16T15:45:49.013+0000] {logging_mixin.py:188} WARNING -   File "/home/airflow/.local/lib/python3.10/site-packages/urllib3/connection.py", line 205, in _new_conn
    raise NameResolutionError(self.host, self, e) from e
[2026-09-16T15:45:49.015+0000] {logging_mixin.py:188} WARNING - urllib3.exceptions.NameResolutionError: <urllib3.connection.HTTPSConnection object at 0x7bc5c06d4670>: Failed to resolve 'www.googleapis.com' ([Errno -2] Name or service not known)
[2026-09-16T15:45:49.036+0000] {logging_mixin.py:188} WARNING - 
The above exception was the direct cause of the following exception:
[2026-09-16T15:45:49.038+0000] {logging_mixin.py:188} WARNING - Traceback (most recent call last):
[2026-09-16T15:45:49.039+0000] {logging_mixin.py:188} WARNING -   File "/home/airflow/.local/lib/python3.10/site-packages/requests/adapters.py", line 486, in send
    resp = conn.urlopen(
[2026-09-16T15:45:49.041+0000] {logging_mixin.py:188} WARNING -   File "/home/airflow/.local/lib/python3.10/site-packages/urllib3/connectionpool.py", line 847, in urlopen
    retries = retries.increment(
[2026-09-16T15:45:49.044+0000] {logging_mixin.py:188} WARNING -   File "/home/airflow/.local/lib/python3.10/site-packages/urllib3/util/retry.py", line 515, in increment
    raise MaxRetryError(_pool, url, reason) from reason  # type: ignore[arg-type]
[2026-09-16T15:45:49.045+0000] {logging_mixin.py:188} WARNING - urllib3.exceptions.MaxRetryError: HTTPSConnectionPool(host='www.googleapis.com', port=443): Max retries exceeded with url: /youtube/v3/videos?part=snippet%2Cstatistics%2CcontentDetails&id=_JUlWtSCNbs&key=AIzaSyCu0SeP4QtsaF8H6qeF4NcFYaRehf3ot8w (Caused by NameResolutionError("<urllib3.connection.HTTPSConnection object at 0x7bc5c06d4670>: Failed to resolve 'www.googleapis.com' ([Errno -2] Name or service not known)"))
[2026-09-16T15:45:49.047+0000] {logging_mixin.py:188} WARNING - 
During handling of the above exception, another exception occurred:
[2026-09-16T15:45:49.051+0000] {logging_mixin.py:188} WARNING - Traceback (most recent call last):
[2026-09-16T15:45:49.052+0000] {logging_mixin.py:188} WARNING -   File "/opt/airflow/src/app.py", line 72, in get_all_videos
    video = clt.get_video_info(id, self.config.videoInfoUrl,
[2026-09-16T15:45:49.053+0000] {logging_mixin.py:188} WARNING -   File "/opt/airflow/src/controller/info.py", line 12, in get_video_info
    response: req.Response = req.get(url, params=params)
[2026-09-16T15:45:49.055+0000] {logging_mixin.py:188} WARNING -   File "/home/airflow/.local/lib/python3.10/site-packages/requests/api.py", line 73, in get
    return request("get", url, params=params, **kwargs)
[2026-09-16T15:45:49.056+0000] {logging_mixin.py:188} WARNING -   File "/home/airflow/.local/lib/python3.10/site-packages/requests/api.py", line 59, in request
    return session.request(method=method, url=url, **kwargs)
[2026-09-16T15:45:49.057+0000] {logging_mixin.py:188} WARNING -   File "/home/airflow/.local/lib/python3.10/site-packages/requests/sessions.py", line 589, in request
    resp = self.send(prep, **send_kwargs)
[2026-09-16T15:45:49.061+0000] {logging_mixin.py:188} WARNING -   File "/home/airflow/.local/lib/python3.10/site-packages/requests/sessions.py", line 703, in send
    r = adapter.send(request, **kwargs)
[2026-09-16T15:45:49.062+0000] {logging_mixin.py:188} WARNING -   File "/home/airflow/.local/lib/python3.10/site-packages/requests/adapters.py", line 519, in send
    raise ConnectionError(e, request=request)
[2026-09-16T15:45:49.063+0000] {logging_mixin.py:188} WARNING - requests.exceptions.ConnectionError: HTTPSConnectionPool(host='www.googleapis.com', port=443): Max retries exceeded with url: /youtube/v3/videos?part=snippet%2Cstatistics%2CcontentDetails&id=_JUlWtSCNbs&key=AIzaSyCu0SeP4QtsaF8H6qeF4NcFYaRehf3ot8w (Caused by NameResolutionError("<urllib3.connection.HTTPSConnection object at 0x7bc5c06d4670>: Failed to resolve 'www.googleapis.com' ([Errno -2] Name or service not known)"))
[2026-09-16T15:45:49.081+0000] {logging_mixin.py:188} WARNING - Traceback (most recent call last):
[2026-09-16T15:45:49.082+0000] {logging_mixin.py:188} WARNING -   File "/home/airflow/.local/lib/python3.10/site-packages/urllib3/connection.py", line 198, in _new_conn
    sock = connection.create_connection(
[2026-09-16T15:45:49.082+0000] {logging_mixin.py:188} WARNING -   File "/home/airflow/.local/lib/python3.10/site-packages/urllib3/util/connection.py", line 60, in create_connection
    for res in socket.getaddrinfo(host, port, family, socket.SOCK_STREAM):
[2026-09-16T15:45:49.083+0000] {logging_mixin.py:188} WARNING -   File "/usr/local/lib/python3.10/socket.py", line 955, in getaddrinfo
    for res in _socket.getaddrinfo(host, port, family, type, proto, flags):
[2026-09-16T15:45:49.084+0000] {logging_mixin.py:188} WARNING - socket.gaierror: [Errno -2] Name or service not known
[2026-09-16T15:45:49.084+0000] {logging_mixin.py:188} WARNING - 
The above exception was the direct cause of the following exception:
[2026-09-16T15:45:49.085+0000] {logging_mixin.py:188} WARNING - Traceback (most recent call last):
[2026-09-16T15:45:49.085+0000] {logging_mixin.py:188} WARNING -   File "/home/airflow/.local/lib/python3.10/site-packages/urllib3/connectionpool.py", line 793, in urlopen
    response = self._make_request(
[2026-09-16T15:45:49.086+0000] {logging_mixin.py:188} WARNING -   File "/home/airflow/.local/lib/python3.10/site-packages/urllib3/connectionpool.py", line 491, in _make_request
    raise new_e
[2026-09-16T15:45:49.087+0000] {logging_mixin.py:188} WARNING -   File "/home/airflow/.local/lib/python3.10/site-packages/urllib3/connectionpool.py", line 467, in _make_request
    self._validate_conn(conn)
[2026-09-16T15:45:49.088+0000] {logging_mixin.py:188} WARNING -   File "/home/airflow/.local/lib/python3.10/site-packages/urllib3/connectionpool.py", line 1099, in _validate_conn
    conn.connect()
[2026-09-16T15:45:49.088+0000] {logging_mixin.py:188} WARNING -   File "/home/airflow/.local/lib/python3.10/site-packages/urllib3/connection.py", line 616, in connect
    self.sock = sock = self._new_conn()
[2026-09-16T15:45:49.089+0000] {logging_mixin.py:188} WARNING -   File "/home/airflow/.local/lib/python3.10/site-packages/urllib3/connection.py", line 205, in _new_conn
    raise NameResolutionError(self.host, self, e) from e
[2026-09-16T15:45:49.090+0000] {logging_mixin.py:188} WARNING - urllib3.exceptions.NameResolutionError: <urllib3.connection.HTTPSConnection object at 0x7bc5c06d4ee0>: Failed to resolve 'www.googleapis.com' ([Errno -2] Name or service not known)
[2026-09-16T15:45:49.090+0000] {logging_mixin.py:188} WARNING - 
The above exception was the direct cause of the following exception:
[2026-09-16T15:45:49.091+0000] {logging_mixin.py:188} WARNING - Traceback (most recent call last):
[2026-09-16T15:45:49.093+0000] {logging_mixin.py:188} WARNING -   File "/home/airflow/.local/lib/python3.10/site-packages/requests/adapters.py", line 486, in send
    resp = conn.urlopen(
[2026-09-16T15:45:49.094+0000] {logging_mixin.py:188} WARNING -   File "/home/airflow/.local/lib/python3.10/site-packages/urllib3/connectionpool.py", line 847, in urlopen
    retries = retries.increment(
[2026-09-16T15:45:49.095+0000] {logging_mixin.py:188} WARNING -   File "/home/airflow/.local/lib/python3.10/site-packages/urllib3/util/retry.py", line 515, in increment
    raise MaxRetryError(_pool, url, reason) from reason  # type: ignore[arg-type]
[2026-09-16T15:45:49.095+0000] {logging_mixin.py:188} WARNING - urllib3.exceptions.MaxRetryError: HTTPSConnectionPool(host='www.googleapis.com', port=443): Max retries exceeded with url: /youtube/v3/videos?part=snippet%2Cstatistics%2CcontentDetails&id=AKC50SZQFN8&key=AIzaSyCu0SeP4QtsaF8H6qeF4NcFYaRehf3ot8w (Caused by NameResolutionError("<urllib3.connection.HTTPSConnection object at 0x7bc5c06d4ee0>: Failed to resolve 'www.googleapis.com' ([Errno -2] Name or service not known)"))
[2026-09-16T15:45:49.096+0000] {logging_mixin.py:188} WARNING - 
During handling of the above exception, another exception occurred:
[2026-09-16T15:45:49.096+0000] {logging_mixin.py:188} WARNING - Traceback (most recent call last):
[2026-09-16T15:45:49.097+0000] {logging_mixin.py:188} WARNING -   File "/opt/airflow/src/app.py", line 72, in get_all_videos
    video = clt.get_video_info(id, self.config.videoInfoUrl,
[2026-09-16T15:45:49.097+0000] {logging_mixin.py:188} WARNING -   File "/opt/airflow/src/controller/info.py", line 12, in get_video_info
    response: req.Response = req.get(url, params=params)
[2026-09-16T15:45:49.098+0000] {logging_mixin.py:188} WARNING -   File "/home/airflow/.local/lib/python3.10/site-packages/requests/api.py", line 73, in get
    return request("get", url, params=params, **kwargs)
[2026-09-16T15:45:49.099+0000] {logging_mixin.py:188} WARNING -   File "/home/airflow/.local/lib/python3.10/site-packages/requests/api.py", line 59, in request
    return session.request(method=method, url=url, **kwargs)
[2026-09-16T15:45:49.099+0000] {logging_mixin.py:188} WARNING -   File "/home/airflow/.local/lib/python3.10/site-packages/requests/sessions.py", line 589, in request
    resp = self.send(prep, **send_kwargs)
[2026-09-16T15:45:49.100+0000] {logging_mixin.py:188} WARNING -   File "/home/airflow/.local/lib/python3.10/site-packages/requests/sessions.py", line 703, in send
    r = adapter.send(request, **kwargs)
[2026-09-16T15:45:49.100+0000] {logging_mixin.py:188} WARNING -   File "/home/airflow/.local/lib/python3.10/site-packages/requests/adapters.py", line 519, in send
    raise ConnectionError(e, request=request)
[2026-09-16T15:45:49.101+0000] {logging_mixin.py:188} WARNING - requests.exceptions.ConnectionError: HTTPSConnectionPool(host='www.googleapis.com', port=443): Max retries exceeded with url: /youtube/v3/videos?part=snippet%2Cstatistics%2CcontentDetails&id=AKC50SZQFN8&key=AIzaSyCu0SeP4QtsaF8H6qeF4NcFYaRehf3ot8w (Caused by NameResolutionError("<urllib3.connection.HTTPSConnection object at 0x7bc5c06d4ee0>: Failed to resolve 'www.googleapis.com' ([Errno -2] Name or service not known)"))
[2026-09-16T15:45:49.112+0000] {logging_mixin.py:188} WARNING - Traceback (most recent call last):
[2026-09-16T15:45:49.113+0000] {logging_mixin.py:188} WARNING -   File "/home/airflow/.local/lib/python3.10/site-packages/urllib3/connection.py", line 198, in _new_conn
    sock = connection.create_connection(
[2026-09-16T15:45:49.114+0000] {logging_mixin.py:188} WARNING -   File "/home/airflow/.local/lib/python3.10/site-packages/urllib3/util/connection.py", line 60, in create_connection
    for res in socket.getaddrinfo(host, port, family, socket.SOCK_STREAM):
[2026-09-16T15:45:49.114+0000] {logging_mixin.py:188} WARNING -   File "/usr/local/lib/python3.10/socket.py", line 955, in getaddrinfo
    for res in _socket.getaddrinfo(host, port, family, type, proto, flags):
[2026-09-16T15:45:49.115+0000] {logging_mixin.py:188} WARNING - socket.gaierror: [Errno -2] Name or service not known
[2026-09-16T15:45:49.116+0000] {logging_mixin.py:188} WARNING - 
The above exception was the direct cause of the following exception:
[2026-09-16T15:45:49.116+0000] {logging_mixin.py:188} WARNING - Traceback (most recent call last):
[2026-09-16T15:45:49.117+0000] {logging_mixin.py:188} WARNING -   File "/home/airflow/.local/lib/python3.10/site-packages/urllib3/connectionpool.py", line 793, in urlopen
    response = self._make_request(
[2026-09-16T15:45:49.118+0000] {logging_mixin.py:188} WARNING -   File "/home/airflow/.local/lib/python3.10/site-packages/urllib3/connectionpool.py", line 491, in _make_request
    raise new_e
[2026-09-16T15:45:49.119+0000] {logging_mixin.py:188} WARNING -   File "/home/airflow/.local/lib/python3.10/site-packages/urllib3/connectionpool.py", line 467, in _make_request
    self._validate_conn(conn)
[2026-09-16T15:45:49.119+0000] {logging_mixin.py:188} WARNING -   File "/home/airflow/.local/lib/python3.10/site-packages/urllib3/connectionpool.py", line 1099, in _validate_conn
    conn.connect()
[2026-09-16T15:45:49.120+0000] {logging_mixin.py:188} WARNING -   File "/home/airflow/.local/lib/python3.10/site-packages/urllib3/connection.py", line 616, in connect
    self.sock = sock = self._new_conn()
[2026-09-16T15:45:49.121+0000] {logging_mixin.py:188} WARNING -   File "/home/airflow/.local/lib/python3.10/site-packages/urllib3/connection.py", line 205, in _new_conn
    raise NameResolutionError(self.host, self, e) from e
[2026-09-16T15:45:49.122+0000] {logging_mixin.py:188} WARNING - urllib3.exceptions.NameResolutionError: <urllib3.connection.HTTPSConnection object at 0x7bc5c05d0310>: Failed to resolve 'www.googleapis.com' ([Errno -2] Name or service not known)
[2026-09-16T15:45:49.124+0000] {logging_mixin.py:188} WARNING - 
The above exception was the direct cause of the following exception:
[2026-09-16T15:45:49.124+0000] {logging_mixin.py:188} WARNING - Traceback (most recent call last):
[2026-09-16T15:45:49.125+0000] {logging_mixin.py:188} WARNING -   File "/home/airflow/.local/lib/python3.10/site-packages/requests/adapters.py", line 486, in send
    resp = conn.urlopen(
[2026-09-16T15:45:49.126+0000] {logging_mixin.py:188} WARNING -   File "/home/airflow/.local/lib/python3.10/site-packages/urllib3/connectionpool.py", line 847, in urlopen
    retries = retries.increment(
[2026-09-16T15:45:49.126+0000] {logging_mixin.py:188} WARNING -   File "/home/airflow/.local/lib/python3.10/site-packages/urllib3/util/retry.py", line 515, in increment
    raise MaxRetryError(_pool, url, reason) from reason  # type: ignore[arg-type]
[2026-09-16T15:45:49.127+0000] {logging_mixin.py:188} WARNING - urllib3.exceptions.MaxRetryError: HTTPSConnectionPool(host='www.googleapis.com', port=443): Max retries exceeded with url: /youtube/v3/videos?part=snippet%2Cstatistics%2CcontentDetails&id=897gvApD6V4&key=AIzaSyCu0SeP4QtsaF8H6qeF4NcFYaRehf3ot8w (Caused by NameResolutionError("<urllib3.connection.HTTPSConnection object at 0x7bc5c05d0310>: Failed to resolve 'www.googleapis.com' ([Errno -2] Name or service not known)"))
[2026-09-16T15:45:49.128+0000] {logging_mixin.py:188} WARNING - 
During handling of the above exception, another exception occurred:
[2026-09-16T15:45:49.128+0000] {logging_mixin.py:188} WARNING - Traceback (most recent call last):
[2026-09-16T15:45:49.129+0000] {logging_mixin.py:188} WARNING -   File "/opt/airflow/src/app.py", line 72, in get_all_videos
    video = clt.get_video_info(id, self.config.videoInfoUrl,
[2026-09-16T15:45:49.130+0000] {logging_mixin.py:188} WARNING -   File "/opt/airflow/src/controller/info.py", line 12, in get_video_info
    response: req.Response = req.get(url, params=params)
[2026-09-16T15:45:49.130+0000] {logging_mixin.py:188} WARNING -   File "/home/airflow/.local/lib/python3.10/site-packages/requests/api.py", line 73, in get
    return request("get", url, params=params, **kwargs)
[2026-09-16T15:45:49.131+0000] {logging_mixin.py:188} WARNING -   File "/home/airflow/.local/lib/python3.10/site-packages/requests/api.py", line 59, in request
    return session.request(method=method, url=url, **kwargs)
[2026-09-16T15:45:49.131+0000] {logging_mixin.py:188} WARNING -   File "/home/airflow/.local/lib/python3.10/site-packages/requests/sessions.py", line 589, in request
    resp = self.send(prep, **send_kwargs)
[2026-09-16T15:45:49.132+0000] {logging_mixin.py:188} WARNING -   File "/home/airflow/.local/lib/python3.10/site-packages/requests/sessions.py", line 703, in send
    r = adapter.send(request, **kwargs)
[2026-09-16T15:45:49.132+0000] {logging_mixin.py:188} WARNING -   File "/home/airflow/.local/lib/python3.10/site-packages/requests/adapters.py", line 519, in send
    raise ConnectionError(e, request=request)
[2026-09-16T15:45:49.133+0000] {logging_mixin.py:188} WARNING - requests.exceptions.ConnectionError: HTTPSConnectionPool(host='www.googleapis.com', port=443): Max retries exceeded with url: /youtube/v3/videos?part=snippet%2Cstatistics%2CcontentDetails&id=897gvApD6V4&key=AIzaSyCu0SeP4QtsaF8H6qeF4NcFYaRehf3ot8w (Caused by NameResolutionError("<urllib3.connection.HTTPSConnection object at 0x7bc5c05d0310>: Failed to resolve 'www.googleapis.com' ([Errno -2] Name or service not known)"))
[2026-09-16T15:45:49.147+0000] {logging_mixin.py:188} WARNING - Traceback (most recent call last):
[2026-09-16T15:45:49.148+0000] {logging_mixin.py:188} WARNING -   File "/home/airflow/.local/lib/python3.10/site-packages/urllib3/connection.py", line 198, in _new_conn
    sock = connection.create_connection(
[2026-09-16T15:45:49.149+0000] {logging_mixin.py:188} WARNING -   File "/home/airflow/.local/lib/python3.10/site-packages/urllib3/util/connection.py", line 60, in create_connection
    for res in socket.getaddrinfo(host, port, family, socket.SOCK_STREAM):
[2026-09-16T15:45:49.149+0000] {logging_mixin.py:188} WARNING -   File "/usr/local/lib/python3.10/socket.py", line 955, in getaddrinfo
    for res in _socket.getaddrinfo(host, port, family, type, proto, flags):
[2026-09-16T15:45:49.150+0000] {logging_mixin.py:188} WARNING - socket.gaierror: [Errno -2] Name or service not known
[2026-09-16T15:45:49.151+0000] {logging_mixin.py:188} WARNING - 
The above exception was the direct cause of the following exception:
[2026-09-16T15:45:49.151+0000] {logging_mixin.py:188} WARNING - Traceback (most recent call last):
[2026-09-16T15:45:49.152+0000] {logging_mixin.py:188} WARNING -   File "/home/airflow/.local/lib/python3.10/site-packages/urllib3/connectionpool.py", line 793, in urlopen
    response = self._make_request(
[2026-09-16T15:45:49.152+0000] {logging_mixin.py:188} WARNING -   File "/home/airflow/.local/lib/python3.10/site-packages/urllib3/connectionpool.py", line 491, in _make_request
    raise new_e
[2026-09-16T15:45:49.153+0000] {logging_mixin.py:188} WARNING -   File "/home/airflow/.local/lib/python3.10/site-packages/urllib3/connectionpool.py", line 467, in _make_request
    self._validate_conn(conn)
[2026-09-16T15:45:49.153+0000] {logging_mixin.py:188} WARNING -   File "/home/airflow/.local/lib/python3.10/site-packages/urllib3/connectionpool.py", line 1099, in _validate_conn
    conn.connect()
[2026-09-16T15:45:49.154+0000] {logging_mixin.py:188} WARNING -   File "/home/airflow/.local/lib/python3.10/site-packages/urllib3/connection.py", line 616, in connect
    self.sock = sock = self._new_conn()
[2026-09-16T15:45:49.154+0000] {logging_mixin.py:188} WARNING -   File "/home/airflow/.local/lib/python3.10/site-packages/urllib3/connection.py", line 205, in _new_conn
    raise NameResolutionError(self.host, self, e) from e
[2026-09-16T15:45:49.154+0000] {logging_mixin.py:188} WARNING - urllib3.exceptions.NameResolutionError: <urllib3.connection.HTTPSConnection object at 0x7bc5c06d4e80>: Failed to resolve 'www.googleapis.com' ([Errno -2] Name or service not known)
[2026-09-16T15:45:49.156+0000] {logging_mixin.py:188} WARNING - 
The above exception was the direct cause of the following exception:
[2026-09-16T15:45:49.157+0000] {logging_mixin.py:188} WARNING - Traceback (most recent call last):
[2026-09-16T15:45:49.158+0000] {logging_mixin.py:188} WARNING -   File "/home/airflow/.local/lib/python3.10/site-packages/requests/adapters.py", line 486, in send
    resp = conn.urlopen(
[2026-09-16T15:45:49.158+0000] {logging_mixin.py:188} WARNING -   File "/home/airflow/.local/lib/python3.10/site-packages/urllib3/connectionpool.py", line 847, in urlopen
    retries = retries.increment(
[2026-09-16T15:45:49.159+0000] {logging_mixin.py:188} WARNING -   File "/home/airflow/.local/lib/python3.10/site-packages/urllib3/util/retry.py", line 515, in increment
    raise MaxRetryError(_pool, url, reason) from reason  # type: ignore[arg-type]
[2026-09-16T15:45:49.159+0000] {logging_mixin.py:188} WARNING - urllib3.exceptions.MaxRetryError: HTTPSConnectionPool(host='www.googleapis.com', port=443): Max retries exceeded with url: /youtube/v3/videos?part=snippet%2Cstatistics%2CcontentDetails&id=Z9NxQdQ8Rpg&key=AIzaSyCu0SeP4QtsaF8H6qeF4NcFYaRehf3ot8w (Caused by NameResolutionError("<urllib3.connection.HTTPSConnection object at 0x7bc5c06d4e80>: Failed to resolve 'www.googleapis.com' ([Errno -2] Name or service not known)"))
[2026-09-16T15:45:49.159+0000] {logging_mixin.py:188} WARNING - 
During handling of the above exception, another exception occurred:
[2026-09-16T15:45:49.160+0000] {logging_mixin.py:188} WARNING - Traceback (most recent call last):
[2026-09-16T15:45:49.160+0000] {logging_mixin.py:188} WARNING -   File "/opt/airflow/src/app.py", line 72, in get_all_videos
    video = clt.get_video_info(id, self.config.videoInfoUrl,
[2026-09-16T15:45:49.161+0000] {logging_mixin.py:188} WARNING -   File "/opt/airflow/src/controller/info.py", line 12, in get_video_info
    response: req.Response = req.get(url, params=params)
[2026-09-16T15:45:49.161+0000] {logging_mixin.py:188} WARNING -   File "/home/airflow/.local/lib/python3.10/site-packages/requests/api.py", line 73, in get
    return request("get", url, params=params, **kwargs)
[2026-09-16T15:45:49.162+0000] {logging_mixin.py:188} WARNING -   File "/home/airflow/.local/lib/python3.10/site-packages/requests/api.py", line 59, in request
    return session.request(method=method, url=url, **kwargs)
[2026-09-16T15:45:49.162+0000] {logging_mixin.py:188} WARNING -   File "/home/airflow/.local/lib/python3.10/site-packages/requests/sessions.py", line 589, in request
    resp = self.send(prep, **send_kwargs)
[2026-09-16T15:45:49.162+0000] {logging_mixin.py:188} WARNING -   File "/home/airflow/.local/lib/python3.10/site-packages/requests/sessions.py", line 703, in send
    r = adapter.send(request, **kwargs)
[2026-09-16T15:45:49.163+0000] {logging_mixin.py:188} WARNING -   File "/home/airflow/.local/lib/python3.10/site-packages/requests/adapters.py", line 519, in send
    raise ConnectionError(e, request=request)
[2026-09-16T15:45:49.163+0000] {logging_mixin.py:188} WARNING - requests.exceptions.ConnectionError: HTTPSConnectionPool(host='www.googleapis.com', port=443): Max retries exceeded with url: /youtube/v3/videos?part=snippet%2Cstatistics%2CcontentDetails&id=Z9NxQdQ8Rpg&key=AIzaSyCu0SeP4QtsaF8H6qeF4NcFYaRehf3ot8w (Caused by NameResolutionError("<urllib3.connection.HTTPSConnection object at 0x7bc5c06d4e80>: Failed to resolve 'www.googleapis.com' ([Errno -2] Name or service not known)"))
[2026-09-16T15:45:49.174+0000] {logging_mixin.py:188} WARNING - Traceback (most recent call last):
[2026-09-16T15:45:49.174+0000] {logging_mixin.py:188} WARNING -   File "/home/airflow/.local/lib/python3.10/site-packages/urllib3/connection.py", line 198, in _new_conn
    sock = connection.create_connection(
[2026-09-16T15:45:49.175+0000] {logging_mixin.py:188} WARNING -   File "/home/airflow/.local/lib/python3.10/site-packages/urllib3/util/connection.py", line 60, in create_connection
    for res in socket.getaddrinfo(host, port, family, socket.SOCK_STREAM):
[2026-09-16T15:45:49.176+0000] {logging_mixin.py:188} WARNING -   File "/usr/local/lib/python3.10/socket.py", line 955, in getaddrinfo
    for res in _socket.getaddrinfo(host, port, family, type, proto, flags):
[2026-09-16T15:45:49.176+0000] {logging_mixin.py:188} WARNING - socket.gaierror: [Errno -2] Name or service not known
[2026-09-16T15:45:49.177+0000] {logging_mixin.py:188} WARNING - 
The above exception was the direct cause of the following exception:
[2026-09-16T15:45:49.177+0000] {logging_mixin.py:188} WARNING - Traceback (most recent call last):
[2026-09-16T15:45:49.177+0000] {logging_mixin.py:188} WARNING -   File "/home/airflow/.local/lib/python3.10/site-packages/urllib3/connectionpool.py", line 793, in urlopen
    response = self._make_request(
[2026-09-16T15:45:49.178+0000] {logging_mixin.py:188} WARNING -   File "/home/airflow/.local/lib/python3.10/site-packages/urllib3/connectionpool.py", line 491, in _make_request
    raise new_e
[2026-09-16T15:45:49.178+0000] {logging_mixin.py:188} WARNING -   File "/home/airflow/.local/lib/python3.10/site-packages/urllib3/connectionpool.py", line 467, in _make_request
    self._validate_conn(conn)
[2026-09-16T15:45:49.179+0000] {logging_mixin.py:188} WARNING -   File "/home/airflow/.local/lib/python3.10/site-packages/urllib3/connectionpool.py", line 1099, in _validate_conn
    conn.connect()
[2026-09-16T15:45:49.179+0000] {logging_mixin.py:188} WARNING -   File "/home/airflow/.local/lib/python3.10/site-packages/urllib3/connection.py", line 616, in connect
    self.sock = sock = self._new_conn()
[2026-09-16T15:45:49.179+0000] {logging_mixin.py:188} WARNING -   File "/home/airflow/.local/lib/python3.10/site-packages/urllib3/connection.py", line 205, in _new_conn
    raise NameResolutionError(self.host, self, e) from e
[2026-09-16T15:45:49.180+0000] {logging_mixin.py:188} WARNING - urllib3.exceptions.NameResolutionError: <urllib3.connection.HTTPSConnection object at 0x7bc5c06d7d60>: Failed to resolve 'www.googleapis.com' ([Errno -2] Name or service not known)
[2026-09-16T15:45:49.180+0000] {logging_mixin.py:188} WARNING - 
The above exception was the direct cause of the following exception:
[2026-09-16T15:45:49.181+0000] {logging_mixin.py:188} WARNING - Traceback (most recent call last):
[2026-09-16T15:45:49.181+0000] {logging_mixin.py:188} WARNING -   File "/home/airflow/.local/lib/python3.10/site-packages/requests/adapters.py", line 486, in send
    resp = conn.urlopen(
[2026-09-16T15:45:49.181+0000] {logging_mixin.py:188} WARNING -   File "/home/airflow/.local/lib/python3.10/site-packages/urllib3/connectionpool.py", line 847, in urlopen
    retries = retries.increment(
[2026-09-16T15:45:49.182+0000] {logging_mixin.py:188} WARNING -   File "/home/airflow/.local/lib/python3.10/site-packages/urllib3/util/retry.py", line 515, in increment
    raise MaxRetryError(_pool, url, reason) from reason  # type: ignore[arg-type]
[2026-09-16T15:45:49.182+0000] {logging_mixin.py:188} WARNING - urllib3.exceptions.MaxRetryError: HTTPSConnectionPool(host='www.googleapis.com', port=443): Max retries exceeded with url: /youtube/v3/videos?part=snippet%2Cstatistics%2CcontentDetails&id=JFtlf8RoPZY&key=AIzaSyCu0SeP4QtsaF8H6qeF4NcFYaRehf3ot8w (Caused by NameResolutionError("<urllib3.connection.HTTPSConnection object at 0x7bc5c06d7d60>: Failed to resolve 'www.googleapis.com' ([Errno -2] Name or service not known)"))
[2026-09-16T15:45:49.183+0000] {logging_mixin.py:188} WARNING - 
During handling of the above exception, another exception occurred:
[2026-09-16T15:45:49.183+0000] {logging_mixin.py:188} WARNING - Traceback (most recent call last):
[2026-09-16T15:45:49.184+0000] {logging_mixin.py:188} WARNING -   File "/opt/airflow/src/app.py", line 72, in get_all_videos
    video = clt.get_video_info(id, self.config.videoInfoUrl,
[2026-09-16T15:45:49.184+0000] {logging_mixin.py:188} WARNING -   File "/opt/airflow/src/controller/info.py", line 12, in get_video_info
    response: req.Response = req.get(url, params=params)
[2026-09-16T15:45:49.185+0000] {logging_mixin.py:188} WARNING -   File "/home/airflow/.local/lib/python3.10/site-packages/requests/api.py", line 73, in get
    return request("get", url, params=params, **kwargs)
[2026-09-16T15:45:49.185+0000] {logging_mixin.py:188} WARNING -   File "/home/airflow/.local/lib/python3.10/site-packages/requests/api.py", line 59, in request
    return session.request(method=method, url=url, **kwargs)
[2026-09-16T15:45:49.185+0000] {logging_mixin.py:188} WARNING -   File "/home/airflow/.local/lib/python3.10/site-packages/requests/sessions.py", line 589, in request
    resp = self.send(prep, **send_kwargs)
[2026-09-16T15:45:49.186+0000] {logging_mixin.py:188} WARNING -   File "/home/airflow/.local/lib/python3.10/site-packages/requests/sessions.py", line 703, in send
    r = adapter.send(request, **kwargs)
[2026-09-16T15:45:49.186+0000] {logging_mixin.py:188} WARNING -   File "/home/airflow/.local/lib/python3.10/site-packages/requests/adapters.py", line 519, in send
    raise ConnectionError(e, request=request)
[2026-09-16T15:45:49.187+0000] {logging_mixin.py:188} WARNING - requests.exceptions.ConnectionError: HTTPSConnectionPool(host='www.googleapis.com', port=443): Max retries exceeded with url: /youtube/v3/videos?part=snippet%2Cstatistics%2CcontentDetails&id=JFtlf8RoPZY&key=AIzaSyCu0SeP4QtsaF8H6qeF4NcFYaRehf3ot8w (Caused by NameResolutionError("<urllib3.connection.HTTPSConnection object at 0x7bc5c06d7d60>: Failed to resolve 'www.googleapis.com' ([Errno -2] Name or service not known)"))
[2026-09-16T15:45:49.197+0000] {logging_mixin.py:188} WARNING - Traceback (most recent call last):
[2026-09-16T15:45:49.198+0000] {logging_mixin.py:188} WARNING -   File "/home/airflow/.local/lib/python3.10/site-packages/urllib3/connection.py", line 198, in _new_conn
    sock = connection.create_connection(
[2026-09-16T15:45:49.198+0000] {logging_mixin.py:188} WARNING -   File "/home/airflow/.local/lib/python3.10/site-packages/urllib3/util/connection.py", line 60, in create_connection
    for res in socket.getaddrinfo(host, port, family, socket.SOCK_STREAM):
[2026-09-16T15:45:49.199+0000] {logging_mixin.py:188} WARNING -   File "/usr/local/lib/python3.10/socket.py", line 955, in getaddrinfo
    for res in _socket.getaddrinfo(host, port, family, type, proto, flags):
[2026-09-16T15:45:49.199+0000] {logging_mixin.py:188} WARNING - socket.gaierror: [Errno -2] Name or service not known
[2026-09-16T15:45:49.200+0000] {logging_mixin.py:188} WARNING - 
The above exception was the direct cause of the following exception:
[2026-09-16T15:45:49.200+0000] {logging_mixin.py:188} WARNING - Traceback (most recent call last):
[2026-09-16T15:45:49.201+0000] {logging_mixin.py:188} WARNING -   File "/home/airflow/.local/lib/python3.10/site-packages/urllib3/connectionpool.py", line 793, in urlopen
    response = self._make_request(
[2026-09-16T15:45:49.201+0000] {logging_mixin.py:188} WARNING -   File "/home/airflow/.local/lib/python3.10/site-packages/urllib3/connectionpool.py", line 491, in _make_request
    raise new_e
[2026-09-16T15:45:49.202+0000] {logging_mixin.py:188} WARNING -   File "/home/airflow/.local/lib/python3.10/site-packages/urllib3/connectionpool.py", line 467, in _make_request
    self._validate_conn(conn)
[2026-09-16T15:45:49.203+0000] {logging_mixin.py:188} WARNING -   File "/home/airflow/.local/lib/python3.10/site-packages/urllib3/connectionpool.py", line 1099, in _validate_conn
    conn.connect()
[2026-09-16T15:45:49.203+0000] {logging_mixin.py:188} WARNING -   File "/home/airflow/.local/lib/python3.10/site-packages/urllib3/connection.py", line 616, in connect
    self.sock = sock = self._new_conn()
[2026-09-16T15:45:49.204+0000] {logging_mixin.py:188} WARNING -   File "/home/airflow/.local/lib/python3.10/site-packages/urllib3/connection.py", line 205, in _new_conn
    raise NameResolutionError(self.host, self, e) from e
[2026-09-16T15:45:49.204+0000] {logging_mixin.py:188} WARNING - urllib3.exceptions.NameResolutionError: <urllib3.connection.HTTPSConnection object at 0x7bc5c06d4e20>: Failed to resolve 'www.googleapis.com' ([Errno -2] Name or service not known)
[2026-09-16T15:45:49.205+0000] {logging_mixin.py:188} WARNING - 
The above exception was the direct cause of the following exception:
[2026-09-16T15:45:49.206+0000] {logging_mixin.py:188} WARNING - Traceback (most recent call last):
[2026-09-16T15:45:49.207+0000] {logging_mixin.py:188} WARNING -   File "/home/airflow/.local/lib/python3.10/site-packages/requests/adapters.py", line 486, in send
    resp = conn.urlopen(
[2026-09-16T15:45:49.208+0000] {logging_mixin.py:188} WARNING -   File "/home/airflow/.local/lib/python3.10/site-packages/urllib3/connectionpool.py", line 847, in urlopen
    retries = retries.increment(
[2026-09-16T15:45:49.209+0000] {logging_mixin.py:188} WARNING -   File "/home/airflow/.local/lib/python3.10/site-packages/urllib3/util/retry.py", line 515, in increment
    raise MaxRetryError(_pool, url, reason) from reason  # type: ignore[arg-type]
[2026-09-16T15:45:49.209+0000] {logging_mixin.py:188} WARNING - urllib3.exceptions.MaxRetryError: HTTPSConnectionPool(host='www.googleapis.com', port=443): Max retries exceeded with url: /youtube/v3/videos?part=snippet%2Cstatistics%2CcontentDetails&id=jCE1Ol3PYDs&key=AIzaSyCu0SeP4QtsaF8H6qeF4NcFYaRehf3ot8w (Caused by NameResolutionError("<urllib3.connection.HTTPSConnection object at 0x7bc5c06d4e20>: Failed to resolve 'www.googleapis.com' ([Errno -2] Name or service not known)"))
[2026-09-16T15:45:49.210+0000] {logging_mixin.py:188} WARNING - 
During handling of the above exception, another exception occurred:
[2026-09-16T15:45:49.210+0000] {logging_mixin.py:188} WARNING - Traceback (most recent call last):
[2026-09-16T15:45:49.211+0000] {logging_mixin.py:188} WARNING -   File "/opt/airflow/src/app.py", line 72, in get_all_videos
    video = clt.get_video_info(id, self.config.videoInfoUrl,
[2026-09-16T15:45:49.211+0000] {logging_mixin.py:188} WARNING -   File "/opt/airflow/src/controller/info.py", line 12, in get_video_info
    response: req.Response = req.get(url, params=params)
[2026-09-16T15:45:49.212+0000] {logging_mixin.py:188} WARNING -   File "/home/airflow/.local/lib/python3.10/site-packages/requests/api.py", line 73, in get
    return request("get", url, params=params, **kwargs)
[2026-09-16T15:45:49.212+0000] {logging_mixin.py:188} WARNING -   File "/home/airflow/.local/lib/python3.10/site-packages/requests/api.py", line 59, in request
    return session.request(method=method, url=url, **kwargs)
[2026-09-16T15:45:49.213+0000] {logging_mixin.py:188} WARNING -   File "/home/airflow/.local/lib/python3.10/site-packages/requests/sessions.py", line 589, in request
    resp = self.send(prep, **send_kwargs)
[2026-09-16T15:45:49.213+0000] {logging_mixin.py:188} WARNING -   File "/home/airflow/.local/lib/python3.10/site-packages/requests/sessions.py", line 703, in send
    r = adapter.send(request, **kwargs)
[2026-09-16T15:45:49.213+0000] {logging_mixin.py:188} WARNING -   File "/home/airflow/.local/lib/python3.10/site-packages/requests/adapters.py", line 519, in send
    raise ConnectionError(e, request=request)
[2026-09-16T15:45:49.214+0000] {logging_mixin.py:188} WARNING - requests.exceptions.ConnectionError: HTTPSConnectionPool(host='www.googleapis.com', port=443): Max retries exceeded with url: /youtube/v3/videos?part=snippet%2Cstatistics%2CcontentDetails&id=jCE1Ol3PYDs&key=AIzaSyCu0SeP4QtsaF8H6qeF4NcFYaRehf3ot8w (Caused by NameResolutionError("<urllib3.connection.HTTPSConnection object at 0x7bc5c06d4e20>: Failed to resolve 'www.googleapis.com' ([Errno -2] Name or service not known)"))
[2026-09-16T15:45:49.224+0000] {logging_mixin.py:188} WARNING - Traceback (most recent call last):
[2026-09-16T15:45:49.225+0000] {logging_mixin.py:188} WARNING -   File "/home/airflow/.local/lib/python3.10/site-packages/urllib3/connection.py", line 198, in _new_conn
    sock = connection.create_connection(
[2026-09-16T15:45:49.226+0000] {logging_mixin.py:188} WARNING -   File "/home/airflow/.local/lib/python3.10/site-packages/urllib3/util/connection.py", line 60, in create_connection
    for res in socket.getaddrinfo(host, port, family, socket.SOCK_STREAM):
[2026-09-16T15:45:49.227+0000] {logging_mixin.py:188} WARNING -   File "/usr/local/lib/python3.10/socket.py", line 955, in getaddrinfo
    for res in _socket.getaddrinfo(host, port, family, type, proto, flags):
[2026-09-16T15:45:49.227+0000] {logging_mixin.py:188} WARNING - socket.gaierror: [Errno -2] Name or service not known
[2026-09-16T15:45:49.228+0000] {logging_mixin.py:188} WARNING - 
The above exception was the direct cause of the following exception:
[2026-09-16T15:45:49.228+0000] {logging_mixin.py:188} WARNING - Traceback (most recent call last):
[2026-09-16T15:45:49.229+0000] {logging_mixin.py:188} WARNING -   File "/home/airflow/.local/lib/python3.10/site-packages/urllib3/connectionpool.py", line 793, in urlopen
    response = self._make_request(
[2026-09-16T15:45:49.229+0000] {logging_mixin.py:188} WARNING -   File "/home/airflow/.local/lib/python3.10/site-packages/urllib3/connectionpool.py", line 491, in _make_request
    raise new_e
[2026-09-16T15:45:49.230+0000] {logging_mixin.py:188} WARNING -   File "/home/airflow/.local/lib/python3.10/site-packages/urllib3/connectionpool.py", line 467, in _make_request
    self._validate_conn(conn)
[2026-09-16T15:45:49.231+0000] {logging_mixin.py:188} WARNING -   File "/home/airflow/.local/lib/python3.10/site-packages/urllib3/connectionpool.py", line 1099, in _validate_conn
    conn.connect()
[2026-09-16T15:45:49.231+0000] {logging_mixin.py:188} WARNING -   File "/home/airflow/.local/lib/python3.10/site-packages/urllib3/connection.py", line 616, in connect
    self.sock = sock = self._new_conn()
[2026-09-16T15:45:49.232+0000] {logging_mixin.py:188} WARNING -   File "/home/airflow/.local/lib/python3.10/site-packages/urllib3/connection.py", line 205, in _new_conn
    raise NameResolutionError(self.host, self, e) from e
[2026-09-16T15:45:49.232+0000] {logging_mixin.py:188} WARNING - urllib3.exceptions.NameResolutionError: <urllib3.connection.HTTPSConnection object at 0x7bc5c06d5f00>: Failed to resolve 'www.googleapis.com' ([Errno -2] Name or service not known)
[2026-09-16T15:45:49.233+0000] {logging_mixin.py:188} WARNING - 
The above exception was the direct cause of the following exception:
[2026-09-16T15:45:49.233+0000] {logging_mixin.py:188} WARNING - Traceback (most recent call last):
[2026-09-16T15:45:49.233+0000] {logging_mixin.py:188} WARNING -   File "/home/airflow/.local/lib/python3.10/site-packages/requests/adapters.py", line 486, in send
    resp = conn.urlopen(
[2026-09-16T15:45:49.234+0000] {logging_mixin.py:188} WARNING -   File "/home/airflow/.local/lib/python3.10/site-packages/urllib3/connectionpool.py", line 847, in urlopen
    retries = retries.increment(
[2026-09-16T15:45:49.234+0000] {logging_mixin.py:188} WARNING -   File "/home/airflow/.local/lib/python3.10/site-packages/urllib3/util/retry.py", line 515, in increment
    raise MaxRetryError(_pool, url, reason) from reason  # type: ignore[arg-type]
[2026-09-16T15:45:49.235+0000] {logging_mixin.py:188} WARNING - urllib3.exceptions.MaxRetryError: HTTPSConnectionPool(host='www.googleapis.com', port=443): Max retries exceeded with url: /youtube/v3/videos?part=snippet%2Cstatistics%2CcontentDetails&id=IqL-ZunFfpk&key=AIzaSyCu0SeP4QtsaF8H6qeF4NcFYaRehf3ot8w (Caused by NameResolutionError("<urllib3.connection.HTTPSConnection object at 0x7bc5c06d5f00>: Failed to resolve 'www.googleapis.com' ([Errno -2] Name or service not known)"))
[2026-09-16T15:45:49.235+0000] {logging_mixin.py:188} WARNING - 
During handling of the above exception, another exception occurred:
[2026-09-16T15:45:49.235+0000] {logging_mixin.py:188} WARNING - Traceback (most recent call last):
[2026-09-16T15:45:49.236+0000] {logging_mixin.py:188} WARNING -   File "/opt/airflow/src/app.py", line 72, in get_all_videos
    video = clt.get_video_info(id, self.config.videoInfoUrl,
[2026-09-16T15:45:49.236+0000] {logging_mixin.py:188} WARNING -   File "/opt/airflow/src/controller/info.py", line 12, in get_video_info
    response: req.Response = req.get(url, params=params)
[2026-09-16T15:45:49.237+0000] {logging_mixin.py:188} WARNING -   File "/home/airflow/.local/lib/python3.10/site-packages/requests/api.py", line 73, in get
    return request("get", url, params=params, **kwargs)
[2026-09-16T15:45:49.237+0000] {logging_mixin.py:188} WARNING -   File "/home/airflow/.local/lib/python3.10/site-packages/requests/api.py", line 59, in request
    return session.request(method=method, url=url, **kwargs)
[2026-09-16T15:45:49.237+0000] {logging_mixin.py:188} WARNING -   File "/home/airflow/.local/lib/python3.10/site-packages/requests/sessions.py", line 589, in request
    resp = self.send(prep, **send_kwargs)
[2026-09-16T15:45:49.238+0000] {logging_mixin.py:188} WARNING -   File "/home/airflow/.local/lib/python3.10/site-packages/requests/sessions.py", line 703, in send
    r = adapter.send(request, **kwargs)
[2026-09-16T15:45:49.240+0000] {logging_mixin.py:188} WARNING -   File "/home/airflow/.local/lib/python3.10/site-packages/requests/adapters.py", line 519, in send
    raise ConnectionError(e, request=request)
[2026-09-16T15:45:49.241+0000] {logging_mixin.py:188} WARNING - requests.exceptions.ConnectionError: HTTPSConnectionPool(host='www.googleapis.com', port=443): Max retries exceeded with url: /youtube/v3/videos?part=snippet%2Cstatistics%2CcontentDetails&id=IqL-ZunFfpk&key=AIzaSyCu0SeP4QtsaF8H6qeF4NcFYaRehf3ot8w (Caused by NameResolutionError("<urllib3.connection.HTTPSConnection object at 0x7bc5c06d5f00>: Failed to resolve 'www.googleapis.com' ([Errno -2] Name or service not known)"))
[2026-09-16T15:45:49.249+0000] {logging_mixin.py:188} WARNING - Traceback (most recent call last):
[2026-09-16T15:45:49.250+0000] {logging_mixin.py:188} WARNING -   File "/home/airflow/.local/lib/python3.10/site-packages/urllib3/connection.py", line 198, in _new_conn
    sock = connection.create_connection(
[2026-09-16T15:45:49.250+0000] {logging_mixin.py:188} WARNING -   File "/home/airflow/.local/lib/python3.10/site-packages/urllib3/util/connection.py", line 60, in create_connection
    for res in socket.getaddrinfo(host, port, family, socket.SOCK_STREAM):
[2026-09-16T15:45:49.251+0000] {logging_mixin.py:188} WARNING -   File "/usr/local/lib/python3.10/socket.py", line 955, in getaddrinfo
    for res in _socket.getaddrinfo(host, port, family, type, proto, flags):
[2026-09-16T15:45:49.251+0000] {logging_mixin.py:188} WARNING - socket.gaierror: [Errno -2] Name or service not known
[2026-09-16T15:45:49.252+0000] {logging_mixin.py:188} WARNING - 
The above exception was the direct cause of the following exception:
[2026-09-16T15:45:49.252+0000] {logging_mixin.py:188} WARNING - Traceback (most recent call last):
[2026-09-16T15:45:49.253+0000] {logging_mixin.py:188} WARNING -   File "/home/airflow/.local/lib/python3.10/site-packages/urllib3/connectionpool.py", line 793, in urlopen
    response = self._make_request(
[2026-09-16T15:45:49.253+0000] {logging_mixin.py:188} WARNING -   File "/home/airflow/.local/lib/python3.10/site-packages/urllib3/connectionpool.py", line 491, in _make_request
    raise new_e
[2026-09-16T15:45:49.253+0000] {logging_mixin.py:188} WARNING -   File "/home/airflow/.local/lib/python3.10/site-packages/urllib3/connectionpool.py", line 467, in _make_request
    self._validate_conn(conn)
[2026-09-16T15:45:49.254+0000] {logging_mixin.py:188} WARNING -   File "/home/airflow/.local/lib/python3.10/site-packages/urllib3/connectionpool.py", line 1099, in _validate_conn
    conn.connect()
[2026-09-16T15:45:49.254+0000] {logging_mixin.py:188} WARNING -   File "/home/airflow/.local/lib/python3.10/site-packages/urllib3/connection.py", line 616, in connect
    self.sock = sock = self._new_conn()
[2026-09-16T15:45:49.255+0000] {logging_mixin.py:188} WARNING -   File "/home/airflow/.local/lib/python3.10/site-packages/urllib3/connection.py", line 205, in _new_conn
    raise NameResolutionError(self.host, self, e) from e
[2026-09-16T15:45:49.256+0000] {logging_mixin.py:188} WARNING - urllib3.exceptions.NameResolutionError: <urllib3.connection.HTTPSConnection object at 0x7bc5c06d6770>: Failed to resolve 'www.googleapis.com' ([Errno -2] Name or service not known)
[2026-09-16T15:45:49.257+0000] {logging_mixin.py:188} WARNING - 
The above exception was the direct cause of the following exception:
[2026-09-16T15:45:49.257+0000] {logging_mixin.py:188} WARNING - Traceback (most recent call last):
[2026-09-16T15:45:49.258+0000] {logging_mixin.py:188} WARNING -   File "/home/airflow/.local/lib/python3.10/site-packages/requests/adapters.py", line 486, in send
    resp = conn.urlopen(
[2026-09-16T15:45:49.258+0000] {logging_mixin.py:188} WARNING -   File "/home/airflow/.local/lib/python3.10/site-packages/urllib3/connectionpool.py", line 847, in urlopen
    retries = retries.increment(
[2026-09-16T15:45:49.259+0000] {logging_mixin.py:188} WARNING -   File "/home/airflow/.local/lib/python3.10/site-packages/urllib3/util/retry.py", line 515, in increment
    raise MaxRetryError(_pool, url, reason) from reason  # type: ignore[arg-type]
[2026-09-16T15:45:49.259+0000] {logging_mixin.py:188} WARNING - urllib3.exceptions.MaxRetryError: HTTPSConnectionPool(host='www.googleapis.com', port=443): Max retries exceeded with url: /youtube/v3/videos?part=snippet%2Cstatistics%2CcontentDetails&id=purAsH7pXTQ&key=AIzaSyCu0SeP4QtsaF8H6qeF4NcFYaRehf3ot8w (Caused by NameResolutionError("<urllib3.connection.HTTPSConnection object at 0x7bc5c06d6770>: Failed to resolve 'www.googleapis.com' ([Errno -2] Name or service not known)"))
[2026-09-16T15:45:49.259+0000] {logging_mixin.py:188} WARNING - 
During handling of the above exception, another exception occurred:
[2026-09-16T15:45:49.260+0000] {logging_mixin.py:188} WARNING - Traceback (most recent call last):
[2026-09-16T15:45:49.260+0000] {logging_mixin.py:188} WARNING -   File "/opt/airflow/src/app.py", line 72, in get_all_videos
    video = clt.get_video_info(id, self.config.videoInfoUrl,
[2026-09-16T15:45:49.261+0000] {logging_mixin.py:188} WARNING -   File "/opt/airflow/src/controller/info.py", line 12, in get_video_info
    response: req.Response = req.get(url, params=params)
[2026-09-16T15:45:49.261+0000] {logging_mixin.py:188} WARNING -   File "/home/airflow/.local/lib/python3.10/site-packages/requests/api.py", line 73, in get
    return request("get", url, params=params, **kwargs)
[2026-09-16T15:45:49.262+0000] {logging_mixin.py:188} WARNING -   File "/home/airflow/.local/lib/python3.10/site-packages/requests/api.py", line 59, in request
    return session.request(method=method, url=url, **kwargs)
[2026-09-16T15:45:49.262+0000] {logging_mixin.py:188} WARNING -   File "/home/airflow/.local/lib/python3.10/site-packages/requests/sessions.py", line 589, in request
    resp = self.send(prep, **send_kwargs)
[2026-09-16T15:45:49.263+0000] {logging_mixin.py:188} WARNING -   File "/home/airflow/.local/lib/python3.10/site-packages/requests/sessions.py", line 703, in send
    r = adapter.send(request, **kwargs)
[2026-09-16T15:45:49.263+0000] {logging_mixin.py:188} WARNING -   File "/home/airflow/.local/lib/python3.10/site-packages/requests/adapters.py", line 519, in send
    raise ConnectionError(e, request=request)
[2026-09-16T15:45:49.263+0000] {logging_mixin.py:188} WARNING - requests.exceptions.ConnectionError: HTTPSConnectionPool(host='www.googleapis.com', port=443): Max retries exceeded with url: /youtube/v3/videos?part=snippet%2Cstatistics%2CcontentDetails&id=purAsH7pXTQ&key=AIzaSyCu0SeP4QtsaF8H6qeF4NcFYaRehf3ot8w (Caused by NameResolutionError("<urllib3.connection.HTTPSConnection object at 0x7bc5c06d6770>: Failed to resolve 'www.googleapis.com' ([Errno -2] Name or service not known)"))
[2026-09-16T15:45:49.274+0000] {logging_mixin.py:188} WARNING - Traceback (most recent call last):
[2026-09-16T15:45:49.275+0000] {logging_mixin.py:188} WARNING -   File "/home/airflow/.local/lib/python3.10/site-packages/urllib3/connection.py", line 198, in _new_conn
    sock = connection.create_connection(
[2026-09-16T15:45:49.275+0000] {logging_mixin.py:188} WARNING -   File "/home/airflow/.local/lib/python3.10/site-packages/urllib3/util/connection.py", line 60, in create_connection
    for res in socket.getaddrinfo(host, port, family, socket.SOCK_STREAM):
[2026-09-16T15:45:49.276+0000] {logging_mixin.py:188} WARNING -   File "/usr/local/lib/python3.10/socket.py", line 955, in getaddrinfo
    for res in _socket.getaddrinfo(host, port, family, type, proto, flags):
[2026-09-16T15:45:49.276+0000] {logging_mixin.py:188} WARNING - socket.gaierror: [Errno -2] Name or service not known
[2026-09-16T15:45:49.277+0000] {logging_mixin.py:188} WARNING - 
The above exception was the direct cause of the following exception:
[2026-09-16T15:45:49.277+0000] {logging_mixin.py:188} WARNING - Traceback (most recent call last):
[2026-09-16T15:45:49.278+0000] {logging_mixin.py:188} WARNING -   File "/home/airflow/.local/lib/python3.10/site-packages/urllib3/connectionpool.py", line 793, in urlopen
    response = self._make_request(
[2026-09-16T15:45:49.278+0000] {logging_mixin.py:188} WARNING -   File "/home/airflow/.local/lib/python3.10/site-packages/urllib3/connectionpool.py", line 491, in _make_request
    raise new_e
[2026-09-16T15:45:49.279+0000] {logging_mixin.py:188} WARNING -   File "/home/airflow/.local/lib/python3.10/site-packages/urllib3/connectionpool.py", line 467, in _make_request
    self._validate_conn(conn)
[2026-09-16T15:45:49.279+0000] {logging_mixin.py:188} WARNING -   File "/home/airflow/.local/lib/python3.10/site-packages/urllib3/connectionpool.py", line 1099, in _validate_conn
    conn.connect()
[2026-09-16T15:45:49.279+0000] {logging_mixin.py:188} WARNING -   File "/home/airflow/.local/lib/python3.10/site-packages/urllib3/connection.py", line 616, in connect
    self.sock = sock = self._new_conn()
[2026-09-16T15:45:49.280+0000] {logging_mixin.py:188} WARNING -   File "/home/airflow/.local/lib/python3.10/site-packages/urllib3/connection.py", line 205, in _new_conn
    raise NameResolutionError(self.host, self, e) from e
[2026-09-16T15:45:49.280+0000] {logging_mixin.py:188} WARNING - urllib3.exceptions.NameResolutionError: <urllib3.connection.HTTPSConnection object at 0x7bc5c05d1330>: Failed to resolve 'www.googleapis.com' ([Errno -2] Name or service not known)
[2026-09-16T15:45:49.281+0000] {logging_mixin.py:188} WARNING - 
The above exception was the direct cause of the following exception:
[2026-09-16T15:45:49.281+0000] {logging_mixin.py:188} WARNING - Traceback (most recent call last):
[2026-09-16T15:45:49.281+0000] {logging_mixin.py:188} WARNING -   File "/home/airflow/.local/lib/python3.10/site-packages/requests/adapters.py", line 486, in send
    resp = conn.urlopen(
[2026-09-16T15:45:49.282+0000] {logging_mixin.py:188} WARNING -   File "/home/airflow/.local/lib/python3.10/site-packages/urllib3/connectionpool.py", line 847, in urlopen
    retries = retries.increment(
[2026-09-16T15:45:49.282+0000] {logging_mixin.py:188} WARNING -   File "/home/airflow/.local/lib/python3.10/site-packages/urllib3/util/retry.py", line 515, in increment
    raise MaxRetryError(_pool, url, reason) from reason  # type: ignore[arg-type]
[2026-09-16T15:45:49.283+0000] {logging_mixin.py:188} WARNING - urllib3.exceptions.MaxRetryError: HTTPSConnectionPool(host='www.googleapis.com', port=443): Max retries exceeded with url: /youtube/v3/videos?part=snippet%2Cstatistics%2CcontentDetails&id=IEuDUhGIJ5c&key=AIzaSyCu0SeP4QtsaF8H6qeF4NcFYaRehf3ot8w (Caused by NameResolutionError("<urllib3.connection.HTTPSConnection object at 0x7bc5c05d1330>: Failed to resolve 'www.googleapis.com' ([Errno -2] Name or service not known)"))
[2026-09-16T15:45:49.283+0000] {logging_mixin.py:188} WARNING - 
During handling of the above exception, another exception occurred:
[2026-09-16T15:45:49.284+0000] {logging_mixin.py:188} WARNING - Traceback (most recent call last):
[2026-09-16T15:45:49.284+0000] {logging_mixin.py:188} WARNING -   File "/opt/airflow/src/app.py", line 72, in get_all_videos
    video = clt.get_video_info(id, self.config.videoInfoUrl,
[2026-09-16T15:45:49.284+0000] {logging_mixin.py:188} WARNING -   File "/opt/airflow/src/controller/info.py", line 12, in get_video_info
    response: req.Response = req.get(url, params=params)
[2026-09-16T15:45:49.285+0000] {logging_mixin.py:188} WARNING -   File "/home/airflow/.local/lib/python3.10/site-packages/requests/api.py", line 73, in get
    return request("get", url, params=params, **kwargs)
[2026-09-16T15:45:49.285+0000] {logging_mixin.py:188} WARNING -   File "/home/airflow/.local/lib/python3.10/site-packages/requests/api.py", line 59, in request
    return session.request(method=method, url=url, **kwargs)
[2026-09-16T15:45:49.286+0000] {logging_mixin.py:188} WARNING -   File "/home/airflow/.local/lib/python3.10/site-packages/requests/sessions.py", line 589, in request
    resp = self.send(prep, **send_kwargs)
[2026-09-16T15:45:49.286+0000] {logging_mixin.py:188} WARNING -   File "/home/airflow/.local/lib/python3.10/site-packages/requests/sessions.py", line 703, in send
    r = adapter.send(request, **kwargs)
[2026-09-16T15:45:49.286+0000] {logging_mixin.py:188} WARNING -   File "/home/airflow/.local/lib/python3.10/site-packages/requests/adapters.py", line 519, in send
    raise ConnectionError(e, request=request)
[2026-09-16T15:45:49.287+0000] {logging_mixin.py:188} WARNING - requests.exceptions.ConnectionError: HTTPSConnectionPool(host='www.googleapis.com', port=443): Max retries exceeded with url: /youtube/v3/videos?part=snippet%2Cstatistics%2CcontentDetails&id=IEuDUhGIJ5c&key=AIzaSyCu0SeP4QtsaF8H6qeF4NcFYaRehf3ot8w (Caused by NameResolutionError("<urllib3.connection.HTTPSConnection object at 0x7bc5c05d1330>: Failed to resolve 'www.googleapis.com' ([Errno -2] Name or service not known)"))
[2026-09-16T15:45:49.297+0000] {logging_mixin.py:188} WARNING - Traceback (most recent call last):
[2026-09-16T15:45:49.298+0000] {logging_mixin.py:188} WARNING -   File "/home/airflow/.local/lib/python3.10/site-packages/urllib3/connection.py", line 198, in _new_conn
    sock = connection.create_connection(
[2026-09-16T15:45:49.298+0000] {logging_mixin.py:188} WARNING -   File "/home/airflow/.local/lib/python3.10/site-packages/urllib3/util/connection.py", line 60, in create_connection
    for res in socket.getaddrinfo(host, port, family, socket.SOCK_STREAM):
[2026-09-16T15:45:49.298+0000] {logging_mixin.py:188} WARNING -   File "/usr/local/lib/python3.10/socket.py", line 955, in getaddrinfo
    for res in _socket.getaddrinfo(host, port, family, type, proto, flags):
[2026-09-16T15:45:49.299+0000] {logging_mixin.py:188} WARNING - socket.gaierror: [Errno -2] Name or service not known
[2026-09-16T15:45:49.299+0000] {logging_mixin.py:188} WARNING - 
The above exception was the direct cause of the following exception:
[2026-09-16T15:45:49.299+0000] {logging_mixin.py:188} WARNING - Traceback (most recent call last):
[2026-09-16T15:45:49.300+0000] {logging_mixin.py:188} WARNING -   File "/home/airflow/.local/lib/python3.10/site-packages/urllib3/connectionpool.py", line 793, in urlopen
    response = self._make_request(
[2026-09-16T15:45:49.300+0000] {logging_mixin.py:188} WARNING -   File "/home/airflow/.local/lib/python3.10/site-packages/urllib3/connectionpool.py", line 491, in _make_request
    raise new_e
[2026-09-16T15:45:49.301+0000] {logging_mixin.py:188} WARNING -   File "/home/airflow/.local/lib/python3.10/site-packages/urllib3/connectionpool.py", line 467, in _make_request
    self._validate_conn(conn)
[2026-09-16T15:45:49.301+0000] {logging_mixin.py:188} WARNING -   File "/home/airflow/.local/lib/python3.10/site-packages/urllib3/connectionpool.py", line 1099, in _validate_conn
    conn.connect()
[2026-09-16T15:45:49.302+0000] {logging_mixin.py:188} WARNING -   File "/home/airflow/.local/lib/python3.10/site-packages/urllib3/connection.py", line 616, in connect
    self.sock = sock = self._new_conn()
[2026-09-16T15:45:49.302+0000] {logging_mixin.py:188} WARNING -   File "/home/airflow/.local/lib/python3.10/site-packages/urllib3/connection.py", line 205, in _new_conn
    raise NameResolutionError(self.host, self, e) from e
[2026-09-16T15:45:49.302+0000] {logging_mixin.py:188} WARNING - urllib3.exceptions.NameResolutionError: <urllib3.connection.HTTPSConnection object at 0x7bc5c06d6f20>: Failed to resolve 'www.googleapis.com' ([Errno -2] Name or service not known)
[2026-09-16T15:45:49.303+0000] {logging_mixin.py:188} WARNING - 
The above exception was the direct cause of the following exception:
[2026-09-16T15:45:49.303+0000] {logging_mixin.py:188} WARNING - Traceback (most recent call last):
[2026-09-16T15:45:49.303+0000] {logging_mixin.py:188} WARNING -   File "/home/airflow/.local/lib/python3.10/site-packages/requests/adapters.py", line 486, in send
    resp = conn.urlopen(
[2026-09-16T15:45:49.304+0000] {logging_mixin.py:188} WARNING -   File "/home/airflow/.local/lib/python3.10/site-packages/urllib3/connectionpool.py", line 847, in urlopen
    retries = retries.increment(
[2026-09-16T15:45:49.304+0000] {logging_mixin.py:188} WARNING -   File "/home/airflow/.local/lib/python3.10/site-packages/urllib3/util/retry.py", line 515, in increment
    raise MaxRetryError(_pool, url, reason) from reason  # type: ignore[arg-type]
[2026-09-16T15:45:49.305+0000] {logging_mixin.py:188} WARNING - urllib3.exceptions.MaxRetryError: HTTPSConnectionPool(host='www.googleapis.com', port=443): Max retries exceeded with url: /youtube/v3/videos?part=snippet%2Cstatistics%2CcontentDetails&id=AoN1K4c7VKE&key=AIzaSyCu0SeP4QtsaF8H6qeF4NcFYaRehf3ot8w (Caused by NameResolutionError("<urllib3.connection.HTTPSConnection object at 0x7bc5c06d6f20>: Failed to resolve 'www.googleapis.com' ([Errno -2] Name or service not known)"))
[2026-09-16T15:45:49.306+0000] {logging_mixin.py:188} WARNING - 
During handling of the above exception, another exception occurred:
[2026-09-16T15:45:49.307+0000] {logging_mixin.py:188} WARNING - Traceback (most recent call last):
[2026-09-16T15:45:49.308+0000] {logging_mixin.py:188} WARNING -   File "/opt/airflow/src/app.py", line 72, in get_all_videos
    video = clt.get_video_info(id, self.config.videoInfoUrl,
[2026-09-16T15:45:49.308+0000] {logging_mixin.py:188} WARNING -   File "/opt/airflow/src/controller/info.py", line 12, in get_video_info
    response: req.Response = req.get(url, params=params)
[2026-09-16T15:45:49.309+0000] {logging_mixin.py:188} WARNING -   File "/home/airflow/.local/lib/python3.10/site-packages/requests/api.py", line 73, in get
    return request("get", url, params=params, **kwargs)
[2026-09-16T15:45:49.309+0000] {logging_mixin.py:188} WARNING -   File "/home/airflow/.local/lib/python3.10/site-packages/requests/api.py", line 59, in request
    return session.request(method=method, url=url, **kwargs)
[2026-09-16T15:45:49.310+0000] {logging_mixin.py:188} WARNING -   File "/home/airflow/.local/lib/python3.10/site-packages/requests/sessions.py", line 589, in request
    resp = self.send(prep, **send_kwargs)
[2026-09-16T15:45:49.310+0000] {logging_mixin.py:188} WARNING -   File "/home/airflow/.local/lib/python3.10/site-packages/requests/sessions.py", line 703, in send
    r = adapter.send(request, **kwargs)
[2026-09-16T15:45:49.310+0000] {logging_mixin.py:188} WARNING -   File "/home/airflow/.local/lib/python3.10/site-packages/requests/adapters.py", line 519, in send
    raise ConnectionError(e, request=request)
[2026-09-16T15:45:49.311+0000] {logging_mixin.py:188} WARNING - requests.exceptions.ConnectionError: HTTPSConnectionPool(host='www.googleapis.com', port=443): Max retries exceeded with url: /youtube/v3/videos?part=snippet%2Cstatistics%2CcontentDetails&id=AoN1K4c7VKE&key=AIzaSyCu0SeP4QtsaF8H6qeF4NcFYaRehf3ot8w (Caused by NameResolutionError("<urllib3.connection.HTTPSConnection object at 0x7bc5c06d6f20>: Failed to resolve 'www.googleapis.com' ([Errno -2] Name or service not known)"))
[2026-09-16T15:45:49.319+0000] {logging_mixin.py:188} WARNING - Traceback (most recent call last):
[2026-09-16T15:45:49.320+0000] {logging_mixin.py:188} WARNING -   File "/home/airflow/.local/lib/python3.10/site-packages/urllib3/connection.py", line 198, in _new_conn
    sock = connection.create_connection(
[2026-09-16T15:45:49.321+0000] {logging_mixin.py:188} WARNING -   File "/home/airflow/.local/lib/python3.10/site-packages/urllib3/util/connection.py", line 60, in create_connection
    for res in socket.getaddrinfo(host, port, family, socket.SOCK_STREAM):
[2026-09-16T15:45:49.321+0000] {logging_mixin.py:188} WARNING -   File "/usr/local/lib/python3.10/socket.py", line 955, in getaddrinfo
    for res in _socket.getaddrinfo(host, port, family, type, proto, flags):
[2026-09-16T15:45:49.322+0000] {logging_mixin.py:188} WARNING - socket.gaierror: [Errno -2] Name or service not known
[2026-09-16T15:45:49.323+0000] {logging_mixin.py:188} WARNING - 
The above exception was the direct cause of the following exception:
[2026-09-16T15:45:49.324+0000] {logging_mixin.py:188} WARNING - Traceback (most recent call last):
[2026-09-16T15:45:49.324+0000] {logging_mixin.py:188} WARNING -   File "/home/airflow/.local/lib/python3.10/site-packages/urllib3/connectionpool.py", line 793, in urlopen
    response = self._make_request(
[2026-09-16T15:45:49.325+0000] {logging_mixin.py:188} WARNING -   File "/home/airflow/.local/lib/python3.10/site-packages/urllib3/connectionpool.py", line 491, in _make_request
    raise new_e
[2026-09-16T15:45:49.325+0000] {logging_mixin.py:188} WARNING -   File "/home/airflow/.local/lib/python3.10/site-packages/urllib3/connectionpool.py", line 467, in _make_request
    self._validate_conn(conn)
[2026-09-16T15:45:49.326+0000] {logging_mixin.py:188} WARNING -   File "/home/airflow/.local/lib/python3.10/site-packages/urllib3/connectionpool.py", line 1099, in _validate_conn
    conn.connect()
[2026-09-16T15:45:49.326+0000] {logging_mixin.py:188} WARNING -   File "/home/airflow/.local/lib/python3.10/site-packages/urllib3/connection.py", line 616, in connect
    self.sock = sock = self._new_conn()
[2026-09-16T15:45:49.327+0000] {logging_mixin.py:188} WARNING -   File "/home/airflow/.local/lib/python3.10/site-packages/urllib3/connection.py", line 205, in _new_conn
    raise NameResolutionError(self.host, self, e) from e
[2026-09-16T15:45:49.327+0000] {logging_mixin.py:188} WARNING - urllib3.exceptions.NameResolutionError: <urllib3.connection.HTTPSConnection object at 0x7bc5c06d55d0>: Failed to resolve 'www.googleapis.com' ([Errno -2] Name or service not known)
[2026-09-16T15:45:49.328+0000] {logging_mixin.py:188} WARNING - 
The above exception was the direct cause of the following exception:
[2026-09-16T15:45:49.328+0000] {logging_mixin.py:188} WARNING - Traceback (most recent call last):
[2026-09-16T15:45:49.328+0000] {logging_mixin.py:188} WARNING -   File "/home/airflow/.local/lib/python3.10/site-packages/requests/adapters.py", line 486, in send
    resp = conn.urlopen(
[2026-09-16T15:45:49.329+0000] {logging_mixin.py:188} WARNING -   File "/home/airflow/.local/lib/python3.10/site-packages/urllib3/connectionpool.py", line 847, in urlopen
    retries = retries.increment(
[2026-09-16T15:45:49.329+0000] {logging_mixin.py:188} WARNING -   File "/home/airflow/.local/lib/python3.10/site-packages/urllib3/util/retry.py", line 515, in increment
    raise MaxRetryError(_pool, url, reason) from reason  # type: ignore[arg-type]
[2026-09-16T15:45:49.330+0000] {logging_mixin.py:188} WARNING - urllib3.exceptions.MaxRetryError: HTTPSConnectionPool(host='www.googleapis.com', port=443): Max retries exceeded with url: /youtube/v3/videos?part=snippet%2Cstatistics%2CcontentDetails&id=IcuJ3vO_t3k&key=AIzaSyCu0SeP4QtsaF8H6qeF4NcFYaRehf3ot8w (Caused by NameResolutionError("<urllib3.connection.HTTPSConnection object at 0x7bc5c06d55d0>: Failed to resolve 'www.googleapis.com' ([Errno -2] Name or service not known)"))
[2026-09-16T15:45:49.330+0000] {logging_mixin.py:188} WARNING - 
During handling of the above exception, another exception occurred:
[2026-09-16T15:45:49.331+0000] {logging_mixin.py:188} WARNING - Traceback (most recent call last):
[2026-09-16T15:45:49.331+0000] {logging_mixin.py:188} WARNING -   File "/opt/airflow/src/app.py", line 72, in get_all_videos
    video = clt.get_video_info(id, self.config.videoInfoUrl,
[2026-09-16T15:45:49.332+0000] {logging_mixin.py:188} WARNING -   File "/opt/airflow/src/controller/info.py", line 12, in get_video_info
    response: req.Response = req.get(url, params=params)
[2026-09-16T15:45:49.332+0000] {logging_mixin.py:188} WARNING -   File "/home/airflow/.local/lib/python3.10/site-packages/requests/api.py", line 73, in get
    return request("get", url, params=params, **kwargs)
[2026-09-16T15:45:49.333+0000] {logging_mixin.py:188} WARNING -   File "/home/airflow/.local/lib/python3.10/site-packages/requests/api.py", line 59, in request
    return session.request(method=method, url=url, **kwargs)
[2026-09-16T15:45:49.333+0000] {logging_mixin.py:188} WARNING -   File "/home/airflow/.local/lib/python3.10/site-packages/requests/sessions.py", line 589, in request
    resp = self.send(prep, **send_kwargs)
[2026-09-16T15:45:49.333+0000] {logging_mixin.py:188} WARNING -   File "/home/airflow/.local/lib/python3.10/site-packages/requests/sessions.py", line 703, in send
    r = adapter.send(request, **kwargs)
[2026-09-16T15:45:49.334+0000] {logging_mixin.py:188} WARNING -   File "/home/airflow/.local/lib/python3.10/site-packages/requests/adapters.py", line 519, in send
    raise ConnectionError(e, request=request)
[2026-09-16T15:45:49.334+0000] {logging_mixin.py:188} WARNING - requests.exceptions.ConnectionError: HTTPSConnectionPool(host='www.googleapis.com', port=443): Max retries exceeded with url: /youtube/v3/videos?part=snippet%2Cstatistics%2CcontentDetails&id=IcuJ3vO_t3k&key=AIzaSyCu0SeP4QtsaF8H6qeF4NcFYaRehf3ot8w (Caused by NameResolutionError("<urllib3.connection.HTTPSConnection object at 0x7bc5c06d55d0>: Failed to resolve 'www.googleapis.com' ([Errno -2] Name or service not known)"))
[2026-09-16T15:45:49.345+0000] {logging_mixin.py:188} WARNING - Traceback (most recent call last):
[2026-09-16T15:45:49.346+0000] {logging_mixin.py:188} WARNING -   File "/home/airflow/.local/lib/python3.10/site-packages/urllib3/connection.py", line 198, in _new_conn
    sock = connection.create_connection(
[2026-09-16T15:45:49.346+0000] {logging_mixin.py:188} WARNING -   File "/home/airflow/.local/lib/python3.10/site-packages/urllib3/util/connection.py", line 60, in create_connection
    for res in socket.getaddrinfo(host, port, family, socket.SOCK_STREAM):
[2026-09-16T15:45:49.347+0000] {logging_mixin.py:188} WARNING -   File "/usr/local/lib/python3.10/socket.py", line 955, in getaddrinfo
    for res in _socket.getaddrinfo(host, port, family, type, proto, flags):
[2026-09-16T15:45:49.347+0000] {logging_mixin.py:188} WARNING - socket.gaierror: [Errno -2] Name or service not known
[2026-09-16T15:45:49.348+0000] {logging_mixin.py:188} WARNING - 
The above exception was the direct cause of the following exception:
[2026-09-16T15:45:49.348+0000] {logging_mixin.py:188} WARNING - Traceback (most recent call last):
[2026-09-16T15:45:49.349+0000] {logging_mixin.py:188} WARNING -   File "/home/airflow/.local/lib/python3.10/site-packages/urllib3/connectionpool.py", line 793, in urlopen
    response = self._make_request(
[2026-09-16T15:45:49.349+0000] {logging_mixin.py:188} WARNING -   File "/home/airflow/.local/lib/python3.10/site-packages/urllib3/connectionpool.py", line 491, in _make_request
    raise new_e
[2026-09-16T15:45:49.350+0000] {logging_mixin.py:188} WARNING -   File "/home/airflow/.local/lib/python3.10/site-packages/urllib3/connectionpool.py", line 467, in _make_request
    self._validate_conn(conn)
[2026-09-16T15:45:49.350+0000] {logging_mixin.py:188} WARNING -   File "/home/airflow/.local/lib/python3.10/site-packages/urllib3/connectionpool.py", line 1099, in _validate_conn
    conn.connect()
[2026-09-16T15:45:49.350+0000] {logging_mixin.py:188} WARNING -   File "/home/airflow/.local/lib/python3.10/site-packages/urllib3/connection.py", line 616, in connect
    self.sock = sock = self._new_conn()
[2026-09-16T15:45:49.351+0000] {logging_mixin.py:188} WARNING -   File "/home/airflow/.local/lib/python3.10/site-packages/urllib3/connection.py", line 205, in _new_conn
    raise NameResolutionError(self.host, self, e) from e
[2026-09-16T15:45:49.351+0000] {logging_mixin.py:188} WARNING - urllib3.exceptions.NameResolutionError: <urllib3.connection.HTTPSConnection object at 0x7bc5c06d4b80>: Failed to resolve 'www.googleapis.com' ([Errno -2] Name or service not known)
[2026-09-16T15:45:49.352+0000] {logging_mixin.py:188} WARNING - 
The above exception was the direct cause of the following exception:
[2026-09-16T15:45:49.352+0000] {logging_mixin.py:188} WARNING - Traceback (most recent call last):
[2026-09-16T15:45:49.352+0000] {logging_mixin.py:188} WARNING -   File "/home/airflow/.local/lib/python3.10/site-packages/requests/adapters.py", line 486, in send
    resp = conn.urlopen(
[2026-09-16T15:45:49.353+0000] {logging_mixin.py:188} WARNING -   File "/home/airflow/.local/lib/python3.10/site-packages/urllib3/connectionpool.py", line 847, in urlopen
    retries = retries.increment(
[2026-09-16T15:45:49.353+0000] {logging_mixin.py:188} WARNING -   File "/home/airflow/.local/lib/python3.10/site-packages/urllib3/util/retry.py", line 515, in increment
    raise MaxRetryError(_pool, url, reason) from reason  # type: ignore[arg-type]
[2026-09-16T15:45:49.354+0000] {logging_mixin.py:188} WARNING - urllib3.exceptions.MaxRetryError: HTTPSConnectionPool(host='www.googleapis.com', port=443): Max retries exceeded with url: /youtube/v3/videos?part=snippet%2Cstatistics%2CcontentDetails&id=c9VS_cgInT4&key=AIzaSyCu0SeP4QtsaF8H6qeF4NcFYaRehf3ot8w (Caused by NameResolutionError("<urllib3.connection.HTTPSConnection object at 0x7bc5c06d4b80>: Failed to resolve 'www.googleapis.com' ([Errno -2] Name or service not known)"))
[2026-09-16T15:45:49.354+0000] {logging_mixin.py:188} WARNING - 
During handling of the above exception, another exception occurred:
[2026-09-16T15:45:49.356+0000] {logging_mixin.py:188} WARNING - Traceback (most recent call last):
[2026-09-16T15:45:49.357+0000] {logging_mixin.py:188} WARNING -   File "/opt/airflow/src/app.py", line 72, in get_all_videos
    video = clt.get_video_info(id, self.config.videoInfoUrl,
[2026-09-16T15:45:49.358+0000] {logging_mixin.py:188} WARNING -   File "/opt/airflow/src/controller/info.py", line 12, in get_video_info
    response: req.Response = req.get(url, params=params)
[2026-09-16T15:45:49.358+0000] {logging_mixin.py:188} WARNING -   File "/home/airflow/.local/lib/python3.10/site-packages/requests/api.py", line 73, in get
    return request("get", url, params=params, **kwargs)
[2026-09-16T15:45:49.359+0000] {logging_mixin.py:188} WARNING -   File "/home/airflow/.local/lib/python3.10/site-packages/requests/api.py", line 59, in request
    return session.request(method=method, url=url, **kwargs)
[2026-09-16T15:45:49.359+0000] {logging_mixin.py:188} WARNING -   File "/home/airflow/.local/lib/python3.10/site-packages/requests/sessions.py", line 589, in request
    resp = self.send(prep, **send_kwargs)
[2026-09-16T15:45:49.360+0000] {logging_mixin.py:188} WARNING -   File "/home/airflow/.local/lib/python3.10/site-packages/requests/sessions.py", line 703, in send
    r = adapter.send(request, **kwargs)
[2026-09-16T15:45:49.360+0000] {logging_mixin.py:188} WARNING -   File "/home/airflow/.local/lib/python3.10/site-packages/requests/adapters.py", line 519, in send
    raise ConnectionError(e, request=request)
[2026-09-16T15:45:49.360+0000] {logging_mixin.py:188} WARNING - requests.exceptions.ConnectionError: HTTPSConnectionPool(host='www.googleapis.com', port=443): Max retries exceeded with url: /youtube/v3/videos?part=snippet%2Cstatistics%2CcontentDetails&id=c9VS_cgInT4&key=AIzaSyCu0SeP4QtsaF8H6qeF4NcFYaRehf3ot8w (Caused by NameResolutionError("<urllib3.connection.HTTPSConnection object at 0x7bc5c06d4b80>: Failed to resolve 'www.googleapis.com' ([Errno -2] Name or service not known)"))
[2026-09-16T15:45:49.372+0000] {logging_mixin.py:188} WARNING - Traceback (most recent call last):
[2026-09-16T15:45:49.374+0000] {logging_mixin.py:188} WARNING -   File "/home/airflow/.local/lib/python3.10/site-packages/urllib3/connection.py", line 198, in _new_conn
    sock = connection.create_connection(
[2026-09-16T15:45:49.374+0000] {logging_mixin.py:188} WARNING -   File "/home/airflow/.local/lib/python3.10/site-packages/urllib3/util/connection.py", line 60, in create_connection
    for res in socket.getaddrinfo(host, port, family, socket.SOCK_STREAM):
[2026-09-16T15:45:49.375+0000] {logging_mixin.py:188} WARNING -   File "/usr/local/lib/python3.10/socket.py", line 955, in getaddrinfo
    for res in _socket.getaddrinfo(host, port, family, type, proto, flags):
[2026-09-16T15:45:49.376+0000] {logging_mixin.py:188} WARNING - socket.gaierror: [Errno -2] Name or service not known
[2026-09-16T15:45:49.377+0000] {logging_mixin.py:188} WARNING - 
The above exception was the direct cause of the following exception:
[2026-09-16T15:45:49.377+0000] {logging_mixin.py:188} WARNING - Traceback (most recent call last):
[2026-09-16T15:45:49.377+0000] {logging_mixin.py:188} WARNING -   File "/home/airflow/.local/lib/python3.10/site-packages/urllib3/connectionpool.py", line 793, in urlopen
    response = self._make_request(
[2026-09-16T15:45:49.378+0000] {logging_mixin.py:188} WARNING -   File "/home/airflow/.local/lib/python3.10/site-packages/urllib3/connectionpool.py", line 491, in _make_request
    raise new_e
[2026-09-16T15:45:49.378+0000] {logging_mixin.py:188} WARNING -   File "/home/airflow/.local/lib/python3.10/site-packages/urllib3/connectionpool.py", line 467, in _make_request
    self._validate_conn(conn)
[2026-09-16T15:45:49.378+0000] {logging_mixin.py:188} WARNING -   File "/home/airflow/.local/lib/python3.10/site-packages/urllib3/connectionpool.py", line 1099, in _validate_conn
    conn.connect()
[2026-09-16T15:45:49.379+0000] {logging_mixin.py:188} WARNING -   File "/home/airflow/.local/lib/python3.10/site-packages/urllib3/connection.py", line 616, in connect
    self.sock = sock = self._new_conn()
[2026-09-16T15:45:49.379+0000] {logging_mixin.py:188} WARNING -   File "/home/airflow/.local/lib/python3.10/site-packages/urllib3/connection.py", line 205, in _new_conn
    raise NameResolutionError(self.host, self, e) from e
[2026-09-16T15:45:49.380+0000] {logging_mixin.py:188} WARNING - urllib3.exceptions.NameResolutionError: <urllib3.connection.HTTPSConnection object at 0x7bc5c06d7b50>: Failed to resolve 'www.googleapis.com' ([Errno -2] Name or service not known)
[2026-09-16T15:45:49.380+0000] {logging_mixin.py:188} WARNING - 
The above exception was the direct cause of the following exception:
[2026-09-16T15:45:49.381+0000] {logging_mixin.py:188} WARNING - Traceback (most recent call last):
[2026-09-16T15:45:49.381+0000] {logging_mixin.py:188} WARNING -   File "/home/airflow/.local/lib/python3.10/site-packages/requests/adapters.py", line 486, in send
    resp = conn.urlopen(
[2026-09-16T15:45:49.382+0000] {logging_mixin.py:188} WARNING -   File "/home/airflow/.local/lib/python3.10/site-packages/urllib3/connectionpool.py", line 847, in urlopen
    retries = retries.increment(
[2026-09-16T15:45:49.382+0000] {logging_mixin.py:188} WARNING -   File "/home/airflow/.local/lib/python3.10/site-packages/urllib3/util/retry.py", line 515, in increment
    raise MaxRetryError(_pool, url, reason) from reason  # type: ignore[arg-type]
[2026-09-16T15:45:49.382+0000] {logging_mixin.py:188} WARNING - urllib3.exceptions.MaxRetryError: HTTPSConnectionPool(host='www.googleapis.com', port=443): Max retries exceeded with url: /youtube/v3/videos?part=snippet%2Cstatistics%2CcontentDetails&id=KaUuPNYHFNg&key=AIzaSyCu0SeP4QtsaF8H6qeF4NcFYaRehf3ot8w (Caused by NameResolutionError("<urllib3.connection.HTTPSConnection object at 0x7bc5c06d7b50>: Failed to resolve 'www.googleapis.com' ([Errno -2] Name or service not known)"))
[2026-09-16T15:45:49.383+0000] {logging_mixin.py:188} WARNING - 
During handling of the above exception, another exception occurred:
[2026-09-16T15:45:49.383+0000] {logging_mixin.py:188} WARNING - Traceback (most recent call last):
[2026-09-16T15:45:49.384+0000] {logging_mixin.py:188} WARNING -   File "/opt/airflow/src/app.py", line 72, in get_all_videos
    video = clt.get_video_info(id, self.config.videoInfoUrl,
[2026-09-16T15:45:49.384+0000] {logging_mixin.py:188} WARNING -   File "/opt/airflow/src/controller/info.py", line 12, in get_video_info
    response: req.Response = req.get(url, params=params)
[2026-09-16T15:45:49.384+0000] {logging_mixin.py:188} WARNING -   File "/home/airflow/.local/lib/python3.10/site-packages/requests/api.py", line 73, in get
    return request("get", url, params=params, **kwargs)
[2026-09-16T15:45:49.385+0000] {logging_mixin.py:188} WARNING -   File "/home/airflow/.local/lib/python3.10/site-packages/requests/api.py", line 59, in request
    return session.request(method=method, url=url, **kwargs)
[2026-09-16T15:45:49.385+0000] {logging_mixin.py:188} WARNING -   File "/home/airflow/.local/lib/python3.10/site-packages/requests/sessions.py", line 589, in request
    resp = self.send(prep, **send_kwargs)
[2026-09-16T15:45:49.386+0000] {logging_mixin.py:188} WARNING -   File "/home/airflow/.local/lib/python3.10/site-packages/requests/sessions.py", line 703, in send
    r = adapter.send(request, **kwargs)
[2026-09-16T15:45:49.386+0000] {logging_mixin.py:188} WARNING -   File "/home/airflow/.local/lib/python3.10/site-packages/requests/adapters.py", line 519, in send
    raise ConnectionError(e, request=request)
[2026-09-16T15:45:49.386+0000] {logging_mixin.py:188} WARNING - requests.exceptions.ConnectionError: HTTPSConnectionPool(host='www.googleapis.com', port=443): Max retries exceeded with url: /youtube/v3/videos?part=snippet%2Cstatistics%2CcontentDetails&id=KaUuPNYHFNg&key=AIzaSyCu0SeP4QtsaF8H6qeF4NcFYaRehf3ot8w (Caused by NameResolutionError("<urllib3.connection.HTTPSConnection object at 0x7bc5c06d7b50>: Failed to resolve 'www.googleapis.com' ([Errno -2] Name or service not known)"))
[2026-09-16T15:45:49.397+0000] {logging_mixin.py:188} WARNING - Traceback (most recent call last):
[2026-09-16T15:45:49.398+0000] {logging_mixin.py:188} WARNING -   File "/home/airflow/.local/lib/python3.10/site-packages/urllib3/connection.py", line 198, in _new_conn
    sock = connection.create_connection(
[2026-09-16T15:45:49.398+0000] {logging_mixin.py:188} WARNING -   File "/home/airflow/.local/lib/python3.10/site-packages/urllib3/util/connection.py", line 60, in create_connection
    for res in socket.getaddrinfo(host, port, family, socket.SOCK_STREAM):
[2026-09-16T15:45:49.399+0000] {logging_mixin.py:188} WARNING -   File "/usr/local/lib/python3.10/socket.py", line 955, in getaddrinfo
    for res in _socket.getaddrinfo(host, port, family, type, proto, flags):
[2026-09-16T15:45:49.399+0000] {logging_mixin.py:188} WARNING - socket.gaierror: [Errno -2] Name or service not known
[2026-09-16T15:45:49.400+0000] {logging_mixin.py:188} WARNING - 
The above exception was the direct cause of the following exception:
[2026-09-16T15:45:49.400+0000] {logging_mixin.py:188} WARNING - Traceback (most recent call last):
[2026-09-16T15:45:49.401+0000] {logging_mixin.py:188} WARNING -   File "/home/airflow/.local/lib/python3.10/site-packages/urllib3/connectionpool.py", line 793, in urlopen
    response = self._make_request(
[2026-09-16T15:45:49.401+0000] {logging_mixin.py:188} WARNING -   File "/home/airflow/.local/lib/python3.10/site-packages/urllib3/connectionpool.py", line 491, in _make_request
    raise new_e
[2026-09-16T15:45:49.402+0000] {logging_mixin.py:188} WARNING -   File "/home/airflow/.local/lib/python3.10/site-packages/urllib3/connectionpool.py", line 467, in _make_request
    self._validate_conn(conn)
[2026-09-16T15:45:49.402+0000] {logging_mixin.py:188} WARNING -   File "/home/airflow/.local/lib/python3.10/site-packages/urllib3/connectionpool.py", line 1099, in _validate_conn
    conn.connect()
[2026-09-16T15:45:49.402+0000] {logging_mixin.py:188} WARNING -   File "/home/airflow/.local/lib/python3.10/site-packages/urllib3/connection.py", line 616, in connect
    self.sock = sock = self._new_conn()
[2026-09-16T15:45:49.403+0000] {logging_mixin.py:188} WARNING -   File "/home/airflow/.local/lib/python3.10/site-packages/urllib3/connection.py", line 205, in _new_conn
    raise NameResolutionError(self.host, self, e) from e
[2026-09-16T15:45:49.403+0000] {logging_mixin.py:188} WARNING - urllib3.exceptions.NameResolutionError: <urllib3.connection.HTTPSConnection object at 0x7bc5c05d0d30>: Failed to resolve 'www.googleapis.com' ([Errno -2] Name or service not known)
[2026-09-16T15:45:49.404+0000] {logging_mixin.py:188} WARNING - 
The above exception was the direct cause of the following exception:
[2026-09-16T15:45:49.404+0000] {logging_mixin.py:188} WARNING - Traceback (most recent call last):
[2026-09-16T15:45:49.407+0000] {logging_mixin.py:188} WARNING -   File "/home/airflow/.local/lib/python3.10/site-packages/requests/adapters.py", line 486, in send
    resp = conn.urlopen(
[2026-09-16T15:45:49.407+0000] {logging_mixin.py:188} WARNING -   File "/home/airflow/.local/lib/python3.10/site-packages/urllib3/connectionpool.py", line 847, in urlopen
    retries = retries.increment(
[2026-09-16T15:45:49.408+0000] {logging_mixin.py:188} WARNING -   File "/home/airflow/.local/lib/python3.10/site-packages/urllib3/util/retry.py", line 515, in increment
    raise MaxRetryError(_pool, url, reason) from reason  # type: ignore[arg-type]
[2026-09-16T15:45:49.409+0000] {logging_mixin.py:188} WARNING - urllib3.exceptions.MaxRetryError: HTTPSConnectionPool(host='www.googleapis.com', port=443): Max retries exceeded with url: /youtube/v3/videos?part=snippet%2Cstatistics%2CcontentDetails&id=5OLs1GWB4OA&key=AIzaSyCu0SeP4QtsaF8H6qeF4NcFYaRehf3ot8w (Caused by NameResolutionError("<urllib3.connection.HTTPSConnection object at 0x7bc5c05d0d30>: Failed to resolve 'www.googleapis.com' ([Errno -2] Name or service not known)"))
[2026-09-16T15:45:49.409+0000] {logging_mixin.py:188} WARNING - 
During handling of the above exception, another exception occurred:
[2026-09-16T15:45:49.409+0000] {logging_mixin.py:188} WARNING - Traceback (most recent call last):
[2026-09-16T15:45:49.410+0000] {logging_mixin.py:188} WARNING -   File "/opt/airflow/src/app.py", line 72, in get_all_videos
    video = clt.get_video_info(id, self.config.videoInfoUrl,
[2026-09-16T15:45:49.410+0000] {logging_mixin.py:188} WARNING -   File "/opt/airflow/src/controller/info.py", line 12, in get_video_info
    response: req.Response = req.get(url, params=params)
[2026-09-16T15:45:49.411+0000] {logging_mixin.py:188} WARNING -   File "/home/airflow/.local/lib/python3.10/site-packages/requests/api.py", line 73, in get
    return request("get", url, params=params, **kwargs)
[2026-09-16T15:45:49.411+0000] {logging_mixin.py:188} WARNING -   File "/home/airflow/.local/lib/python3.10/site-packages/requests/api.py", line 59, in request
    return session.request(method=method, url=url, **kwargs)
[2026-09-16T15:45:49.412+0000] {logging_mixin.py:188} WARNING -   File "/home/airflow/.local/lib/python3.10/site-packages/requests/sessions.py", line 589, in request
    resp = self.send(prep, **send_kwargs)
[2026-09-16T15:45:49.412+0000] {logging_mixin.py:188} WARNING -   File "/home/airflow/.local/lib/python3.10/site-packages/requests/sessions.py", line 703, in send
    r = adapter.send(request, **kwargs)
[2026-09-16T15:45:49.412+0000] {logging_mixin.py:188} WARNING -   File "/home/airflow/.local/lib/python3.10/site-packages/requests/adapters.py", line 519, in send
    raise ConnectionError(e, request=request)
[2026-09-16T15:45:49.413+0000] {logging_mixin.py:188} WARNING - requests.exceptions.ConnectionError: HTTPSConnectionPool(host='www.googleapis.com', port=443): Max retries exceeded with url: /youtube/v3/videos?part=snippet%2Cstatistics%2CcontentDetails&id=5OLs1GWB4OA&key=AIzaSyCu0SeP4QtsaF8H6qeF4NcFYaRehf3ot8w (Caused by NameResolutionError("<urllib3.connection.HTTPSConnection object at 0x7bc5c05d0d30>: Failed to resolve 'www.googleapis.com' ([Errno -2] Name or service not known)"))
[2026-09-16T15:45:49.425+0000] {logging_mixin.py:188} WARNING - Traceback (most recent call last):
[2026-09-16T15:45:49.426+0000] {logging_mixin.py:188} WARNING -   File "/home/airflow/.local/lib/python3.10/site-packages/urllib3/connection.py", line 198, in _new_conn
    sock = connection.create_connection(
[2026-09-16T15:45:49.428+0000] {logging_mixin.py:188} WARNING -   File "/home/airflow/.local/lib/python3.10/site-packages/urllib3/util/connection.py", line 60, in create_connection
    for res in socket.getaddrinfo(host, port, family, socket.SOCK_STREAM):
[2026-09-16T15:45:49.429+0000] {logging_mixin.py:188} WARNING -   File "/usr/local/lib/python3.10/socket.py", line 955, in getaddrinfo
    for res in _socket.getaddrinfo(host, port, family, type, proto, flags):
[2026-09-16T15:45:49.429+0000] {logging_mixin.py:188} WARNING - socket.gaierror: [Errno -2] Name or service not known
[2026-09-16T15:45:49.430+0000] {logging_mixin.py:188} WARNING - 
The above exception was the direct cause of the following exception:
[2026-09-16T15:45:49.434+0000] {logging_mixin.py:188} WARNING - Traceback (most recent call last):
[2026-09-16T15:45:49.434+0000] {logging_mixin.py:188} WARNING -   File "/home/airflow/.local/lib/python3.10/site-packages/urllib3/connectionpool.py", line 793, in urlopen
    response = self._make_request(
[2026-09-16T15:45:49.435+0000] {logging_mixin.py:188} WARNING -   File "/home/airflow/.local/lib/python3.10/site-packages/urllib3/connectionpool.py", line 491, in _make_request
    raise new_e
[2026-09-16T15:45:49.446+0000] {logging_mixin.py:188} WARNING -   File "/home/airflow/.local/lib/python3.10/site-packages/urllib3/connectionpool.py", line 467, in _make_request
    self._validate_conn(conn)
[2026-09-16T15:45:49.448+0000] {logging_mixin.py:188} WARNING -   File "/home/airflow/.local/lib/python3.10/site-packages/urllib3/connectionpool.py", line 1099, in _validate_conn
    conn.connect()
[2026-09-16T15:45:49.449+0000] {logging_mixin.py:188} WARNING -   File "/home/airflow/.local/lib/python3.10/site-packages/urllib3/connection.py", line 616, in connect
    self.sock = sock = self._new_conn()
[2026-09-16T15:45:49.450+0000] {logging_mixin.py:188} WARNING -   File "/home/airflow/.local/lib/python3.10/site-packages/urllib3/connection.py", line 205, in _new_conn
    raise NameResolutionError(self.host, self, e) from e
[2026-09-16T15:45:49.452+0000] {logging_mixin.py:188} WARNING - urllib3.exceptions.NameResolutionError: <urllib3.connection.HTTPSConnection object at 0x7bc5c06d46a0>: Failed to resolve 'www.googleapis.com' ([Errno -2] Name or service not known)
[2026-09-16T15:45:49.453+0000] {logging_mixin.py:188} WARNING - 
The above exception was the direct cause of the following exception:
[2026-09-16T15:45:49.453+0000] {logging_mixin.py:188} WARNING - Traceback (most recent call last):
[2026-09-16T15:45:49.454+0000] {logging_mixin.py:188} WARNING -   File "/home/airflow/.local/lib/python3.10/site-packages/requests/adapters.py", line 486, in send
    resp = conn.urlopen(
[2026-09-16T15:45:49.454+0000] {logging_mixin.py:188} WARNING -   File "/home/airflow/.local/lib/python3.10/site-packages/urllib3/connectionpool.py", line 847, in urlopen
    retries = retries.increment(
[2026-09-16T15:45:49.456+0000] {logging_mixin.py:188} WARNING -   File "/home/airflow/.local/lib/python3.10/site-packages/urllib3/util/retry.py", line 515, in increment
    raise MaxRetryError(_pool, url, reason) from reason  # type: ignore[arg-type]
[2026-09-16T15:45:49.460+0000] {logging_mixin.py:188} WARNING - urllib3.exceptions.MaxRetryError: HTTPSConnectionPool(host='www.googleapis.com', port=443): Max retries exceeded with url: /youtube/v3/videos?part=snippet%2Cstatistics%2CcontentDetails&id=hjkbqeWQAM8&key=AIzaSyCu0SeP4QtsaF8H6qeF4NcFYaRehf3ot8w (Caused by NameResolutionError("<urllib3.connection.HTTPSConnection object at 0x7bc5c06d46a0>: Failed to resolve 'www.googleapis.com' ([Errno -2] Name or service not known)"))
[2026-09-16T15:45:49.460+0000] {logging_mixin.py:188} WARNING - 
During handling of the above exception, another exception occurred:
[2026-09-16T15:45:49.461+0000] {logging_mixin.py:188} WARNING - Traceback (most recent call last):
[2026-09-16T15:45:49.461+0000] {logging_mixin.py:188} WARNING -   File "/opt/airflow/src/app.py", line 72, in get_all_videos
    video = clt.get_video_info(id, self.config.videoInfoUrl,
[2026-09-16T15:45:49.462+0000] {logging_mixin.py:188} WARNING -   File "/opt/airflow/src/controller/info.py", line 12, in get_video_info
    response: req.Response = req.get(url, params=params)
[2026-09-16T15:45:49.463+0000] {logging_mixin.py:188} WARNING -   File "/home/airflow/.local/lib/python3.10/site-packages/requests/api.py", line 73, in get
    return request("get", url, params=params, **kwargs)
[2026-09-16T15:45:49.463+0000] {logging_mixin.py:188} WARNING -   File "/home/airflow/.local/lib/python3.10/site-packages/requests/api.py", line 59, in request
    return session.request(method=method, url=url, **kwargs)
[2026-09-16T15:45:49.464+0000] {logging_mixin.py:188} WARNING -   File "/home/airflow/.local/lib/python3.10/site-packages/requests/sessions.py", line 589, in request
    resp = self.send(prep, **send_kwargs)
[2026-09-16T15:45:49.464+0000] {logging_mixin.py:188} WARNING -   File "/home/airflow/.local/lib/python3.10/site-packages/requests/sessions.py", line 703, in send
    r = adapter.send(request, **kwargs)
[2026-09-16T15:45:49.465+0000] {logging_mixin.py:188} WARNING -   File "/home/airflow/.local/lib/python3.10/site-packages/requests/adapters.py", line 519, in send
    raise ConnectionError(e, request=request)
[2026-09-16T15:45:49.465+0000] {logging_mixin.py:188} WARNING - requests.exceptions.ConnectionError: HTTPSConnectionPool(host='www.googleapis.com', port=443): Max retries exceeded with url: /youtube/v3/videos?part=snippet%2Cstatistics%2CcontentDetails&id=hjkbqeWQAM8&key=AIzaSyCu0SeP4QtsaF8H6qeF4NcFYaRehf3ot8w (Caused by NameResolutionError("<urllib3.connection.HTTPSConnection object at 0x7bc5c06d46a0>: Failed to resolve 'www.googleapis.com' ([Errno -2] Name or service not known)"))
[2026-09-16T15:45:49.479+0000] {logging_mixin.py:188} WARNING - Traceback (most recent call last):
[2026-09-16T15:45:49.480+0000] {logging_mixin.py:188} WARNING -   File "/home/airflow/.local/lib/python3.10/site-packages/urllib3/connection.py", line 198, in _new_conn
    sock = connection.create_connection(
[2026-09-16T15:45:49.481+0000] {logging_mixin.py:188} WARNING -   File "/home/airflow/.local/lib/python3.10/site-packages/urllib3/util/connection.py", line 60, in create_connection
    for res in socket.getaddrinfo(host, port, family, socket.SOCK_STREAM):
[2026-09-16T15:45:49.481+0000] {logging_mixin.py:188} WARNING -   File "/usr/local/lib/python3.10/socket.py", line 955, in getaddrinfo
    for res in _socket.getaddrinfo(host, port, family, type, proto, flags):
[2026-09-16T15:45:49.482+0000] {logging_mixin.py:188} WARNING - socket.gaierror: [Errno -2] Name or service not known
[2026-09-16T15:45:49.482+0000] {logging_mixin.py:188} WARNING - 
The above exception was the direct cause of the following exception:
[2026-09-16T15:45:49.483+0000] {logging_mixin.py:188} WARNING - Traceback (most recent call last):
[2026-09-16T15:45:49.483+0000] {logging_mixin.py:188} WARNING -   File "/home/airflow/.local/lib/python3.10/site-packages/urllib3/connectionpool.py", line 793, in urlopen
    response = self._make_request(
[2026-09-16T15:45:49.484+0000] {logging_mixin.py:188} WARNING -   File "/home/airflow/.local/lib/python3.10/site-packages/urllib3/connectionpool.py", line 491, in _make_request
    raise new_e
[2026-09-16T15:45:49.485+0000] {logging_mixin.py:188} WARNING -   File "/home/airflow/.local/lib/python3.10/site-packages/urllib3/connectionpool.py", line 467, in _make_request
    self._validate_conn(conn)
[2026-09-16T15:45:49.485+0000] {logging_mixin.py:188} WARNING -   File "/home/airflow/.local/lib/python3.10/site-packages/urllib3/connectionpool.py", line 1099, in _validate_conn
    conn.connect()
[2026-09-16T15:45:49.486+0000] {logging_mixin.py:188} WARNING -   File "/home/airflow/.local/lib/python3.10/site-packages/urllib3/connection.py", line 616, in connect
    self.sock = sock = self._new_conn()
[2026-09-16T15:45:49.486+0000] {logging_mixin.py:188} WARNING -   File "/home/airflow/.local/lib/python3.10/site-packages/urllib3/connection.py", line 205, in _new_conn
    raise NameResolutionError(self.host, self, e) from e
[2026-09-16T15:45:49.487+0000] {logging_mixin.py:188} WARNING - urllib3.exceptions.NameResolutionError: <urllib3.connection.HTTPSConnection object at 0x7bc5c06d44f0>: Failed to resolve 'www.googleapis.com' ([Errno -2] Name or service not known)
[2026-09-16T15:45:49.487+0000] {logging_mixin.py:188} WARNING - 
The above exception was the direct cause of the following exception:
[2026-09-16T15:45:49.489+0000] {logging_mixin.py:188} WARNING - Traceback (most recent call last):
[2026-09-16T15:45:49.491+0000] {logging_mixin.py:188} WARNING -   File "/home/airflow/.local/lib/python3.10/site-packages/requests/adapters.py", line 486, in send
    resp = conn.urlopen(
[2026-09-16T15:45:49.494+0000] {logging_mixin.py:188} WARNING -   File "/home/airflow/.local/lib/python3.10/site-packages/urllib3/connectionpool.py", line 847, in urlopen
    retries = retries.increment(
[2026-09-16T15:45:49.495+0000] {logging_mixin.py:188} WARNING -   File "/home/airflow/.local/lib/python3.10/site-packages/urllib3/util/retry.py", line 515, in increment
    raise MaxRetryError(_pool, url, reason) from reason  # type: ignore[arg-type]
[2026-09-16T15:45:49.497+0000] {logging_mixin.py:188} WARNING - urllib3.exceptions.MaxRetryError: HTTPSConnectionPool(host='www.googleapis.com', port=443): Max retries exceeded with url: /youtube/v3/videos?part=snippet%2Cstatistics%2CcontentDetails&id=XbaZ45LVzzM&key=AIzaSyCu0SeP4QtsaF8H6qeF4NcFYaRehf3ot8w (Caused by NameResolutionError("<urllib3.connection.HTTPSConnection object at 0x7bc5c06d44f0>: Failed to resolve 'www.googleapis.com' ([Errno -2] Name or service not known)"))
[2026-09-16T15:45:49.499+0000] {logging_mixin.py:188} WARNING - 
During handling of the above exception, another exception occurred:
[2026-09-16T15:45:49.501+0000] {logging_mixin.py:188} WARNING - Traceback (most recent call last):
[2026-09-16T15:45:49.502+0000] {logging_mixin.py:188} WARNING -   File "/opt/airflow/src/app.py", line 72, in get_all_videos
    video = clt.get_video_info(id, self.config.videoInfoUrl,
[2026-09-16T15:45:49.503+0000] {logging_mixin.py:188} WARNING -   File "/opt/airflow/src/controller/info.py", line 12, in get_video_info
    response: req.Response = req.get(url, params=params)
[2026-09-16T15:45:49.504+0000] {logging_mixin.py:188} WARNING -   File "/home/airflow/.local/lib/python3.10/site-packages/requests/api.py", line 73, in get
    return request("get", url, params=params, **kwargs)
[2026-09-16T15:45:49.508+0000] {logging_mixin.py:188} WARNING -   File "/home/airflow/.local/lib/python3.10/site-packages/requests/api.py", line 59, in request
    return session.request(method=method, url=url, **kwargs)
[2026-09-16T15:45:49.509+0000] {logging_mixin.py:188} WARNING -   File "/home/airflow/.local/lib/python3.10/site-packages/requests/sessions.py", line 589, in request
    resp = self.send(prep, **send_kwargs)
[2026-09-16T15:45:49.510+0000] {logging_mixin.py:188} WARNING -   File "/home/airflow/.local/lib/python3.10/site-packages/requests/sessions.py", line 703, in send
    r = adapter.send(request, **kwargs)
[2026-09-16T15:45:49.511+0000] {logging_mixin.py:188} WARNING -   File "/home/airflow/.local/lib/python3.10/site-packages/requests/adapters.py", line 519, in send
    raise ConnectionError(e, request=request)
[2026-09-16T15:45:49.511+0000] {logging_mixin.py:188} WARNING - requests.exceptions.ConnectionError: HTTPSConnectionPool(host='www.googleapis.com', port=443): Max retries exceeded with url: /youtube/v3/videos?part=snippet%2Cstatistics%2CcontentDetails&id=XbaZ45LVzzM&key=AIzaSyCu0SeP4QtsaF8H6qeF4NcFYaRehf3ot8w (Caused by NameResolutionError("<urllib3.connection.HTTPSConnection object at 0x7bc5c06d44f0>: Failed to resolve 'www.googleapis.com' ([Errno -2] Name or service not known)"))
[2026-09-16T15:45:49.533+0000] {logging_mixin.py:188} WARNING - Traceback (most recent call last):
[2026-09-16T15:45:49.534+0000] {logging_mixin.py:188} WARNING -   File "/home/airflow/.local/lib/python3.10/site-packages/urllib3/connection.py", line 198, in _new_conn
    sock = connection.create_connection(
[2026-09-16T15:45:49.535+0000] {logging_mixin.py:188} WARNING -   File "/home/airflow/.local/lib/python3.10/site-packages/urllib3/util/connection.py", line 60, in create_connection
    for res in socket.getaddrinfo(host, port, family, socket.SOCK_STREAM):
[2026-09-16T15:45:49.536+0000] {logging_mixin.py:188} WARNING -   File "/usr/local/lib/python3.10/socket.py", line 955, in getaddrinfo
    for res in _socket.getaddrinfo(host, port, family, type, proto, flags):
[2026-09-16T15:45:49.537+0000] {logging_mixin.py:188} WARNING - socket.gaierror: [Errno -2] Name or service not known
[2026-09-16T15:45:49.537+0000] {logging_mixin.py:188} WARNING - 
The above exception was the direct cause of the following exception:
[2026-09-16T15:45:49.543+0000] {logging_mixin.py:188} WARNING - Traceback (most recent call last):
[2026-09-16T15:45:49.545+0000] {logging_mixin.py:188} WARNING -   File "/home/airflow/.local/lib/python3.10/site-packages/urllib3/connectionpool.py", line 793, in urlopen
    response = self._make_request(
[2026-09-16T15:45:49.549+0000] {logging_mixin.py:188} WARNING -   File "/home/airflow/.local/lib/python3.10/site-packages/urllib3/connectionpool.py", line 491, in _make_request
    raise new_e
[2026-09-16T15:45:49.550+0000] {logging_mixin.py:188} WARNING -   File "/home/airflow/.local/lib/python3.10/site-packages/urllib3/connectionpool.py", line 467, in _make_request
    self._validate_conn(conn)
[2026-09-16T15:45:49.551+0000] {logging_mixin.py:188} WARNING -   File "/home/airflow/.local/lib/python3.10/site-packages/urllib3/connectionpool.py", line 1099, in _validate_conn
    conn.connect()
[2026-09-16T15:45:49.552+0000] {logging_mixin.py:188} WARNING -   File "/home/airflow/.local/lib/python3.10/site-packages/urllib3/connection.py", line 616, in connect
    self.sock = sock = self._new_conn()
[2026-09-16T15:45:49.553+0000] {logging_mixin.py:188} WARNING -   File "/home/airflow/.local/lib/python3.10/site-packages/urllib3/connection.py", line 205, in _new_conn
    raise NameResolutionError(self.host, self, e) from e
[2026-09-16T15:45:49.554+0000] {logging_mixin.py:188} WARNING - urllib3.exceptions.NameResolutionError: <urllib3.connection.HTTPSConnection object at 0x7bc5c06d5210>: Failed to resolve 'www.googleapis.com' ([Errno -2] Name or service not known)
[2026-09-16T15:45:49.554+0000] {logging_mixin.py:188} WARNING - 
The above exception was the direct cause of the following exception:
[2026-09-16T15:45:49.556+0000] {logging_mixin.py:188} WARNING - Traceback (most recent call last):
[2026-09-16T15:45:49.558+0000] {logging_mixin.py:188} WARNING -   File "/home/airflow/.local/lib/python3.10/site-packages/requests/adapters.py", line 486, in send
    resp = conn.urlopen(
[2026-09-16T15:45:49.560+0000] {logging_mixin.py:188} WARNING -   File "/home/airflow/.local/lib/python3.10/site-packages/urllib3/connectionpool.py", line 847, in urlopen
    retries = retries.increment(
[2026-09-16T15:45:49.561+0000] {logging_mixin.py:188} WARNING -   File "/home/airflow/.local/lib/python3.10/site-packages/urllib3/util/retry.py", line 515, in increment
    raise MaxRetryError(_pool, url, reason) from reason  # type: ignore[arg-type]
[2026-09-16T15:45:49.564+0000] {logging_mixin.py:188} WARNING - urllib3.exceptions.MaxRetryError: HTTPSConnectionPool(host='www.googleapis.com', port=443): Max retries exceeded with url: /youtube/v3/videos?part=snippet%2Cstatistics%2CcontentDetails&id=gar4U3n-ILY&key=AIzaSyCu0SeP4QtsaF8H6qeF4NcFYaRehf3ot8w (Caused by NameResolutionError("<urllib3.connection.HTTPSConnection object at 0x7bc5c06d5210>: Failed to resolve 'www.googleapis.com' ([Errno -2] Name or service not known)"))
[2026-09-16T15:45:49.566+0000] {logging_mixin.py:188} WARNING - 
During handling of the above exception, another exception occurred:
[2026-09-16T15:45:49.567+0000] {logging_mixin.py:188} WARNING - Traceback (most recent call last):
[2026-09-16T15:45:49.568+0000] {logging_mixin.py:188} WARNING -   File "/opt/airflow/src/app.py", line 72, in get_all_videos
    video = clt.get_video_info(id, self.config.videoInfoUrl,
[2026-09-16T15:45:49.569+0000] {logging_mixin.py:188} WARNING -   File "/opt/airflow/src/controller/info.py", line 12, in get_video_info
    response: req.Response = req.get(url, params=params)
[2026-09-16T15:45:49.570+0000] {logging_mixin.py:188} WARNING -   File "/home/airflow/.local/lib/python3.10/site-packages/requests/api.py", line 73, in get
    return request("get", url, params=params, **kwargs)
[2026-09-16T15:45:49.574+0000] {logging_mixin.py:188} WARNING -   File "/home/airflow/.local/lib/python3.10/site-packages/requests/api.py", line 59, in request
    return session.request(method=method, url=url, **kwargs)
[2026-09-16T15:45:49.579+0000] {logging_mixin.py:188} WARNING -   File "/home/airflow/.local/lib/python3.10/site-packages/requests/sessions.py", line 589, in request
    resp = self.send(prep, **send_kwargs)
[2026-09-16T15:45:49.584+0000] {logging_mixin.py:188} WARNING -   File "/home/airflow/.local/lib/python3.10/site-packages/requests/sessions.py", line 703, in send
    r = adapter.send(request, **kwargs)
[2026-09-16T15:45:49.586+0000] {logging_mixin.py:188} WARNING -   File "/home/airflow/.local/lib/python3.10/site-packages/requests/adapters.py", line 519, in send
    raise ConnectionError(e, request=request)
[2026-09-16T15:45:49.590+0000] {logging_mixin.py:188} WARNING - requests.exceptions.ConnectionError: HTTPSConnectionPool(host='www.googleapis.com', port=443): Max retries exceeded with url: /youtube/v3/videos?part=snippet%2Cstatistics%2CcontentDetails&id=gar4U3n-ILY&key=AIzaSyCu0SeP4QtsaF8H6qeF4NcFYaRehf3ot8w (Caused by NameResolutionError("<urllib3.connection.HTTPSConnection object at 0x7bc5c06d5210>: Failed to resolve 'www.googleapis.com' ([Errno -2] Name or service not known)"))
[2026-09-16T15:45:49.614+0000] {logging_mixin.py:188} WARNING - Traceback (most recent call last):
[2026-09-16T15:45:49.615+0000] {logging_mixin.py:188} WARNING -   File "/home/airflow/.local/lib/python3.10/site-packages/urllib3/connection.py", line 198, in _new_conn
    sock = connection.create_connection(
[2026-09-16T15:45:49.618+0000] {logging_mixin.py:188} WARNING -   File "/home/airflow/.local/lib/python3.10/site-packages/urllib3/util/connection.py", line 60, in create_connection
    for res in socket.getaddrinfo(host, port, family, socket.SOCK_STREAM):
[2026-09-16T15:45:49.619+0000] {logging_mixin.py:188} WARNING -   File "/usr/local/lib/python3.10/socket.py", line 955, in getaddrinfo
    for res in _socket.getaddrinfo(host, port, family, type, proto, flags):
[2026-09-16T15:45:49.620+0000] {logging_mixin.py:188} WARNING - socket.gaierror: [Errno -2] Name or service not known
[2026-09-16T15:45:49.624+0000] {logging_mixin.py:188} WARNING - 
The above exception was the direct cause of the following exception:
[2026-09-16T15:45:49.625+0000] {logging_mixin.py:188} WARNING - Traceback (most recent call last):
[2026-09-16T15:45:49.627+0000] {logging_mixin.py:188} WARNING -   File "/home/airflow/.local/lib/python3.10/site-packages/urllib3/connectionpool.py", line 793, in urlopen
    response = self._make_request(
[2026-09-16T15:45:49.628+0000] {logging_mixin.py:188} WARNING -   File "/home/airflow/.local/lib/python3.10/site-packages/urllib3/connectionpool.py", line 491, in _make_request
    raise new_e
[2026-09-16T15:45:49.629+0000] {logging_mixin.py:188} WARNING -   File "/home/airflow/.local/lib/python3.10/site-packages/urllib3/connectionpool.py", line 467, in _make_request
    self._validate_conn(conn)
[2026-09-16T15:45:49.630+0000] {logging_mixin.py:188} WARNING -   File "/home/airflow/.local/lib/python3.10/site-packages/urllib3/connectionpool.py", line 1099, in _validate_conn
    conn.connect()
[2026-09-16T15:45:49.631+0000] {logging_mixin.py:188} WARNING -   File "/home/airflow/.local/lib/python3.10/site-packages/urllib3/connection.py", line 616, in connect
    self.sock = sock = self._new_conn()
[2026-09-16T15:45:49.631+0000] {logging_mixin.py:188} WARNING -   File "/home/airflow/.local/lib/python3.10/site-packages/urllib3/connection.py", line 205, in _new_conn
    raise NameResolutionError(self.host, self, e) from e
[2026-09-16T15:45:49.632+0000] {logging_mixin.py:188} WARNING - urllib3.exceptions.NameResolutionError: <urllib3.connection.HTTPSConnection object at 0x7bc5c06d4370>: Failed to resolve 'www.googleapis.com' ([Errno -2] Name or service not known)
[2026-09-16T15:45:49.634+0000] {logging_mixin.py:188} WARNING - 
The above exception was the direct cause of the following exception:
[2026-09-16T15:45:49.635+0000] {logging_mixin.py:188} WARNING - Traceback (most recent call last):
[2026-09-16T15:45:49.636+0000] {logging_mixin.py:188} WARNING -   File "/home/airflow/.local/lib/python3.10/site-packages/requests/adapters.py", line 486, in send
    resp = conn.urlopen(
[2026-09-16T15:45:49.636+0000] {logging_mixin.py:188} WARNING -   File "/home/airflow/.local/lib/python3.10/site-packages/urllib3/connectionpool.py", line 847, in urlopen
    retries = retries.increment(
[2026-09-16T15:45:49.637+0000] {logging_mixin.py:188} WARNING -   File "/home/airflow/.local/lib/python3.10/site-packages/urllib3/util/retry.py", line 515, in increment
    raise MaxRetryError(_pool, url, reason) from reason  # type: ignore[arg-type]
[2026-09-16T15:45:49.638+0000] {logging_mixin.py:188} WARNING - urllib3.exceptions.MaxRetryError: HTTPSConnectionPool(host='www.googleapis.com', port=443): Max retries exceeded with url: /youtube/v3/videos?part=snippet%2Cstatistics%2CcontentDetails&id=9WEQts7b8Pw&key=AIzaSyCu0SeP4QtsaF8H6qeF4NcFYaRehf3ot8w (Caused by NameResolutionError("<urllib3.connection.HTTPSConnection object at 0x7bc5c06d4370>: Failed to resolve 'www.googleapis.com' ([Errno -2] Name or service not known)"))
[2026-09-16T15:45:49.640+0000] {logging_mixin.py:188} WARNING - 
During handling of the above exception, another exception occurred:
[2026-09-16T15:45:49.641+0000] {logging_mixin.py:188} WARNING - Traceback (most recent call last):
[2026-09-16T15:45:49.642+0000] {logging_mixin.py:188} WARNING -   File "/opt/airflow/src/app.py", line 72, in get_all_videos
    video = clt.get_video_info(id, self.config.videoInfoUrl,
[2026-09-16T15:45:49.642+0000] {logging_mixin.py:188} WARNING -   File "/opt/airflow/src/controller/info.py", line 12, in get_video_info
    response: req.Response = req.get(url, params=params)
[2026-09-16T15:45:49.643+0000] {logging_mixin.py:188} WARNING -   File "/home/airflow/.local/lib/python3.10/site-packages/requests/api.py", line 73, in get
    return request("get", url, params=params, **kwargs)
[2026-09-16T15:45:49.644+0000] {logging_mixin.py:188} WARNING -   File "/home/airflow/.local/lib/python3.10/site-packages/requests/api.py", line 59, in request
    return session.request(method=method, url=url, **kwargs)
[2026-09-16T15:45:49.645+0000] {logging_mixin.py:188} WARNING -   File "/home/airflow/.local/lib/python3.10/site-packages/requests/sessions.py", line 589, in request
    resp = self.send(prep, **send_kwargs)
[2026-09-16T15:45:49.645+0000] {logging_mixin.py:188} WARNING -   File "/home/airflow/.local/lib/python3.10/site-packages/requests/sessions.py", line 703, in send
    r = adapter.send(request, **kwargs)
[2026-09-16T15:45:49.646+0000] {logging_mixin.py:188} WARNING -   File "/home/airflow/.local/lib/python3.10/site-packages/requests/adapters.py", line 519, in send
    raise ConnectionError(e, request=request)
[2026-09-16T15:45:49.647+0000] {logging_mixin.py:188} WARNING - requests.exceptions.ConnectionError: HTTPSConnectionPool(host='www.googleapis.com', port=443): Max retries exceeded with url: /youtube/v3/videos?part=snippet%2Cstatistics%2CcontentDetails&id=9WEQts7b8Pw&key=AIzaSyCu0SeP4QtsaF8H6qeF4NcFYaRehf3ot8w (Caused by NameResolutionError("<urllib3.connection.HTTPSConnection object at 0x7bc5c06d4370>: Failed to resolve 'www.googleapis.com' ([Errno -2] Name or service not known)"))
[2026-09-16T15:45:49.665+0000] {logging_mixin.py:188} WARNING - Traceback (most recent call last):
[2026-09-16T15:45:49.666+0000] {logging_mixin.py:188} WARNING -   File "/home/airflow/.local/lib/python3.10/site-packages/urllib3/connection.py", line 198, in _new_conn
    sock = connection.create_connection(
[2026-09-16T15:45:49.667+0000] {logging_mixin.py:188} WARNING -   File "/home/airflow/.local/lib/python3.10/site-packages/urllib3/util/connection.py", line 60, in create_connection
    for res in socket.getaddrinfo(host, port, family, socket.SOCK_STREAM):
[2026-09-16T15:45:49.668+0000] {logging_mixin.py:188} WARNING -   File "/usr/local/lib/python3.10/socket.py", line 955, in getaddrinfo
    for res in _socket.getaddrinfo(host, port, family, type, proto, flags):
[2026-09-16T15:45:49.669+0000] {logging_mixin.py:188} WARNING - socket.gaierror: [Errno -2] Name or service not known
[2026-09-16T15:45:49.669+0000] {logging_mixin.py:188} WARNING - 
The above exception was the direct cause of the following exception:
[2026-09-16T15:45:49.670+0000] {logging_mixin.py:188} WARNING - Traceback (most recent call last):
[2026-09-16T15:45:49.672+0000] {logging_mixin.py:188} WARNING -   File "/home/airflow/.local/lib/python3.10/site-packages/urllib3/connectionpool.py", line 793, in urlopen
    response = self._make_request(
[2026-09-16T15:45:49.674+0000] {logging_mixin.py:188} WARNING -   File "/home/airflow/.local/lib/python3.10/site-packages/urllib3/connectionpool.py", line 491, in _make_request
    raise new_e
[2026-09-16T15:45:49.675+0000] {logging_mixin.py:188} WARNING -   File "/home/airflow/.local/lib/python3.10/site-packages/urllib3/connectionpool.py", line 467, in _make_request
    self._validate_conn(conn)
[2026-09-16T15:45:49.676+0000] {logging_mixin.py:188} WARNING -   File "/home/airflow/.local/lib/python3.10/site-packages/urllib3/connectionpool.py", line 1099, in _validate_conn
    conn.connect()
[2026-09-16T15:45:49.677+0000] {logging_mixin.py:188} WARNING -   File "/home/airflow/.local/lib/python3.10/site-packages/urllib3/connection.py", line 616, in connect
    self.sock = sock = self._new_conn()
[2026-09-16T15:45:49.677+0000] {logging_mixin.py:188} WARNING -   File "/home/airflow/.local/lib/python3.10/site-packages/urllib3/connection.py", line 205, in _new_conn
    raise NameResolutionError(self.host, self, e) from e
[2026-09-16T15:45:49.678+0000] {logging_mixin.py:188} WARNING - urllib3.exceptions.NameResolutionError: <urllib3.connection.HTTPSConnection object at 0x7bc5c06d69e0>: Failed to resolve 'www.googleapis.com' ([Errno -2] Name or service not known)
[2026-09-16T15:45:49.679+0000] {logging_mixin.py:188} WARNING - 
The above exception was the direct cause of the following exception:
[2026-09-16T15:45:49.680+0000] {logging_mixin.py:188} WARNING - Traceback (most recent call last):
[2026-09-16T15:45:49.681+0000] {logging_mixin.py:188} WARNING -   File "/home/airflow/.local/lib/python3.10/site-packages/requests/adapters.py", line 486, in send
    resp = conn.urlopen(
[2026-09-16T15:45:49.681+0000] {logging_mixin.py:188} WARNING -   File "/home/airflow/.local/lib/python3.10/site-packages/urllib3/connectionpool.py", line 847, in urlopen
    retries = retries.increment(
[2026-09-16T15:45:49.682+0000] {logging_mixin.py:188} WARNING -   File "/home/airflow/.local/lib/python3.10/site-packages/urllib3/util/retry.py", line 515, in increment
    raise MaxRetryError(_pool, url, reason) from reason  # type: ignore[arg-type]
[2026-09-16T15:45:49.682+0000] {logging_mixin.py:188} WARNING - urllib3.exceptions.MaxRetryError: HTTPSConnectionPool(host='www.googleapis.com', port=443): Max retries exceeded with url: /youtube/v3/videos?part=snippet%2Cstatistics%2CcontentDetails&id=toIeUtplfWQ&key=AIzaSyCu0SeP4QtsaF8H6qeF4NcFYaRehf3ot8w (Caused by NameResolutionError("<urllib3.connection.HTTPSConnection object at 0x7bc5c06d69e0>: Failed to resolve 'www.googleapis.com' ([Errno -2] Name or service not known)"))
[2026-09-16T15:45:49.683+0000] {logging_mixin.py:188} WARNING - 
During handling of the above exception, another exception occurred:
[2026-09-16T15:45:49.683+0000] {logging_mixin.py:188} WARNING - Traceback (most recent call last):
[2026-09-16T15:45:49.684+0000] {logging_mixin.py:188} WARNING -   File "/opt/airflow/src/app.py", line 72, in get_all_videos
    video = clt.get_video_info(id, self.config.videoInfoUrl,
[2026-09-16T15:45:49.685+0000] {logging_mixin.py:188} WARNING -   File "/opt/airflow/src/controller/info.py", line 12, in get_video_info
    response: req.Response = req.get(url, params=params)
[2026-09-16T15:45:49.686+0000] {logging_mixin.py:188} WARNING -   File "/home/airflow/.local/lib/python3.10/site-packages/requests/api.py", line 73, in get
    return request("get", url, params=params, **kwargs)
[2026-09-16T15:45:49.686+0000] {logging_mixin.py:188} WARNING -   File "/home/airflow/.local/lib/python3.10/site-packages/requests/api.py", line 59, in request
    return session.request(method=method, url=url, **kwargs)
[2026-09-16T15:45:49.687+0000] {logging_mixin.py:188} WARNING -   File "/home/airflow/.local/lib/python3.10/site-packages/requests/sessions.py", line 589, in request
    resp = self.send(prep, **send_kwargs)
[2026-09-16T15:45:49.687+0000] {logging_mixin.py:188} WARNING -   File "/home/airflow/.local/lib/python3.10/site-packages/requests/sessions.py", line 703, in send
    r = adapter.send(request, **kwargs)
[2026-09-16T15:45:49.689+0000] {logging_mixin.py:188} WARNING -   File "/home/airflow/.local/lib/python3.10/site-packages/requests/adapters.py", line 519, in send
    raise ConnectionError(e, request=request)
[2026-09-16T15:45:49.690+0000] {logging_mixin.py:188} WARNING - requests.exceptions.ConnectionError: HTTPSConnectionPool(host='www.googleapis.com', port=443): Max retries exceeded with url: /youtube/v3/videos?part=snippet%2Cstatistics%2CcontentDetails&id=toIeUtplfWQ&key=AIzaSyCu0SeP4QtsaF8H6qeF4NcFYaRehf3ot8w (Caused by NameResolutionError("<urllib3.connection.HTTPSConnection object at 0x7bc5c06d69e0>: Failed to resolve 'www.googleapis.com' ([Errno -2] Name or service not known)"))
[2026-09-16T15:45:49.702+0000] {logging_mixin.py:188} WARNING - Traceback (most recent call last):
[2026-09-16T15:45:49.703+0000] {logging_mixin.py:188} WARNING -   File "/home/airflow/.local/lib/python3.10/site-packages/urllib3/connection.py", line 198, in _new_conn
    sock = connection.create_connection(
[2026-09-16T15:45:49.703+0000] {logging_mixin.py:188} WARNING -   File "/home/airflow/.local/lib/python3.10/site-packages/urllib3/util/connection.py", line 60, in create_connection
    for res in socket.getaddrinfo(host, port, family, socket.SOCK_STREAM):
[2026-09-16T15:45:49.704+0000] {logging_mixin.py:188} WARNING -   File "/usr/local/lib/python3.10/socket.py", line 955, in getaddrinfo
    for res in _socket.getaddrinfo(host, port, family, type, proto, flags):
[2026-09-16T15:45:49.705+0000] {logging_mixin.py:188} WARNING - socket.gaierror: [Errno -2] Name or service not known
[2026-09-16T15:45:49.706+0000] {logging_mixin.py:188} WARNING - 
The above exception was the direct cause of the following exception:
[2026-09-16T15:45:49.707+0000] {logging_mixin.py:188} WARNING - Traceback (most recent call last):
[2026-09-16T15:45:49.707+0000] {logging_mixin.py:188} WARNING -   File "/home/airflow/.local/lib/python3.10/site-packages/urllib3/connectionpool.py", line 793, in urlopen
    response = self._make_request(
[2026-09-16T15:45:49.708+0000] {logging_mixin.py:188} WARNING -   File "/home/airflow/.local/lib/python3.10/site-packages/urllib3/connectionpool.py", line 491, in _make_request
    raise new_e
[2026-09-16T15:45:49.708+0000] {logging_mixin.py:188} WARNING -   File "/home/airflow/.local/lib/python3.10/site-packages/urllib3/connectionpool.py", line 467, in _make_request
    self._validate_conn(conn)
[2026-09-16T15:45:49.709+0000] {logging_mixin.py:188} WARNING -   File "/home/airflow/.local/lib/python3.10/site-packages/urllib3/connectionpool.py", line 1099, in _validate_conn
    conn.connect()
[2026-09-16T15:45:49.710+0000] {logging_mixin.py:188} WARNING -   File "/home/airflow/.local/lib/python3.10/site-packages/urllib3/connection.py", line 616, in connect
    self.sock = sock = self._new_conn()
[2026-09-16T15:45:49.710+0000] {logging_mixin.py:188} WARNING -   File "/home/airflow/.local/lib/python3.10/site-packages/urllib3/connection.py", line 205, in _new_conn
    raise NameResolutionError(self.host, self, e) from e
[2026-09-16T15:45:49.710+0000] {logging_mixin.py:188} WARNING - urllib3.exceptions.NameResolutionError: <urllib3.connection.HTTPSConnection object at 0x7bc5c05d1b10>: Failed to resolve 'www.googleapis.com' ([Errno -2] Name or service not known)
[2026-09-16T15:45:49.711+0000] {logging_mixin.py:188} WARNING - 
The above exception was the direct cause of the following exception:
[2026-09-16T15:45:49.711+0000] {logging_mixin.py:188} WARNING - Traceback (most recent call last):
[2026-09-16T15:45:49.712+0000] {logging_mixin.py:188} WARNING -   File "/home/airflow/.local/lib/python3.10/site-packages/requests/adapters.py", line 486, in send
    resp = conn.urlopen(
[2026-09-16T15:45:49.713+0000] {logging_mixin.py:188} WARNING -   File "/home/airflow/.local/lib/python3.10/site-packages/urllib3/connectionpool.py", line 847, in urlopen
    retries = retries.increment(
[2026-09-16T15:45:49.713+0000] {logging_mixin.py:188} WARNING -   File "/home/airflow/.local/lib/python3.10/site-packages/urllib3/util/retry.py", line 515, in increment
    raise MaxRetryError(_pool, url, reason) from reason  # type: ignore[arg-type]
[2026-09-16T15:45:49.714+0000] {logging_mixin.py:188} WARNING - urllib3.exceptions.MaxRetryError: HTTPSConnectionPool(host='www.googleapis.com', port=443): Max retries exceeded with url: /youtube/v3/videos?part=snippet%2Cstatistics%2CcontentDetails&id=_sBRk9ADpK8&key=AIzaSyCu0SeP4QtsaF8H6qeF4NcFYaRehf3ot8w (Caused by NameResolutionError("<urllib3.connection.HTTPSConnection object at 0x7bc5c05d1b10>: Failed to resolve 'www.googleapis.com' ([Errno -2] Name or service not known)"))
[2026-09-16T15:45:49.714+0000] {logging_mixin.py:188} WARNING - 
During handling of the above exception, another exception occurred:
[2026-09-16T15:45:49.715+0000] {logging_mixin.py:188} WARNING - Traceback (most recent call last):
[2026-09-16T15:45:49.716+0000] {logging_mixin.py:188} WARNING -   File "/opt/airflow/src/app.py", line 72, in get_all_videos
    video = clt.get_video_info(id, self.config.videoInfoUrl,
[2026-09-16T15:45:49.716+0000] {logging_mixin.py:188} WARNING -   File "/opt/airflow/src/controller/info.py", line 12, in get_video_info
    response: req.Response = req.get(url, params=params)
[2026-09-16T15:45:49.717+0000] {logging_mixin.py:188} WARNING -   File "/home/airflow/.local/lib/python3.10/site-packages/requests/api.py", line 73, in get
    return request("get", url, params=params, **kwargs)
[2026-09-16T15:45:49.717+0000] {logging_mixin.py:188} WARNING -   File "/home/airflow/.local/lib/python3.10/site-packages/requests/api.py", line 59, in request
    return session.request(method=method, url=url, **kwargs)
[2026-09-16T15:45:49.718+0000] {logging_mixin.py:188} WARNING -   File "/home/airflow/.local/lib/python3.10/site-packages/requests/sessions.py", line 589, in request
    resp = self.send(prep, **send_kwargs)
[2026-09-16T15:45:49.718+0000] {logging_mixin.py:188} WARNING -   File "/home/airflow/.local/lib/python3.10/site-packages/requests/sessions.py", line 703, in send
    r = adapter.send(request, **kwargs)
[2026-09-16T15:45:49.719+0000] {logging_mixin.py:188} WARNING -   File "/home/airflow/.local/lib/python3.10/site-packages/requests/adapters.py", line 519, in send
    raise ConnectionError(e, request=request)
[2026-09-16T15:45:49.719+0000] {logging_mixin.py:188} WARNING - requests.exceptions.ConnectionError: HTTPSConnectionPool(host='www.googleapis.com', port=443): Max retries exceeded with url: /youtube/v3/videos?part=snippet%2Cstatistics%2CcontentDetails&id=_sBRk9ADpK8&key=AIzaSyCu0SeP4QtsaF8H6qeF4NcFYaRehf3ot8w (Caused by NameResolutionError("<urllib3.connection.HTTPSConnection object at 0x7bc5c05d1b10>: Failed to resolve 'www.googleapis.com' ([Errno -2] Name or service not known)"))
[2026-09-16T15:45:49.732+0000] {logging_mixin.py:188} WARNING - Traceback (most recent call last):
[2026-09-16T15:45:49.733+0000] {logging_mixin.py:188} WARNING -   File "/home/airflow/.local/lib/python3.10/site-packages/urllib3/connection.py", line 198, in _new_conn
    sock = connection.create_connection(
[2026-09-16T15:45:49.734+0000] {logging_mixin.py:188} WARNING -   File "/home/airflow/.local/lib/python3.10/site-packages/urllib3/util/connection.py", line 60, in create_connection
    for res in socket.getaddrinfo(host, port, family, socket.SOCK_STREAM):
[2026-09-16T15:45:49.734+0000] {logging_mixin.py:188} WARNING -   File "/usr/local/lib/python3.10/socket.py", line 955, in getaddrinfo
    for res in _socket.getaddrinfo(host, port, family, type, proto, flags):
[2026-09-16T15:45:49.734+0000] {logging_mixin.py:188} WARNING - socket.gaierror: [Errno -2] Name or service not known
[2026-09-16T15:45:49.735+0000] {logging_mixin.py:188} WARNING - 
The above exception was the direct cause of the following exception:
[2026-09-16T15:45:49.735+0000] {logging_mixin.py:188} WARNING - Traceback (most recent call last):
[2026-09-16T15:45:49.736+0000] {logging_mixin.py:188} WARNING -   File "/home/airflow/.local/lib/python3.10/site-packages/urllib3/connectionpool.py", line 793, in urlopen
    response = self._make_request(
[2026-09-16T15:45:49.737+0000] {logging_mixin.py:188} WARNING -   File "/home/airflow/.local/lib/python3.10/site-packages/urllib3/connectionpool.py", line 491, in _make_request
    raise new_e
[2026-09-16T15:45:49.737+0000] {logging_mixin.py:188} WARNING -   File "/home/airflow/.local/lib/python3.10/site-packages/urllib3/connectionpool.py", line 467, in _make_request
    self._validate_conn(conn)
[2026-09-16T15:45:49.738+0000] {logging_mixin.py:188} WARNING -   File "/home/airflow/.local/lib/python3.10/site-packages/urllib3/connectionpool.py", line 1099, in _validate_conn
    conn.connect()
[2026-09-16T15:45:49.739+0000] {logging_mixin.py:188} WARNING -   File "/home/airflow/.local/lib/python3.10/site-packages/urllib3/connection.py", line 616, in connect
    self.sock = sock = self._new_conn()
[2026-09-16T15:45:49.740+0000] {logging_mixin.py:188} WARNING -   File "/home/airflow/.local/lib/python3.10/site-packages/urllib3/connection.py", line 205, in _new_conn
    raise NameResolutionError(self.host, self, e) from e
[2026-09-16T15:45:49.740+0000] {logging_mixin.py:188} WARNING - urllib3.exceptions.NameResolutionError: <urllib3.connection.HTTPSConnection object at 0x7bc5c06d7010>: Failed to resolve 'www.googleapis.com' ([Errno -2] Name or service not known)
[2026-09-16T15:45:49.741+0000] {logging_mixin.py:188} WARNING - 
The above exception was the direct cause of the following exception:
[2026-09-16T15:45:49.741+0000] {logging_mixin.py:188} WARNING - Traceback (most recent call last):
[2026-09-16T15:45:49.742+0000] {logging_mixin.py:188} WARNING -   File "/home/airflow/.local/lib/python3.10/site-packages/requests/adapters.py", line 486, in send
    resp = conn.urlopen(
[2026-09-16T15:45:49.743+0000] {logging_mixin.py:188} WARNING -   File "/home/airflow/.local/lib/python3.10/site-packages/urllib3/connectionpool.py", line 847, in urlopen
    retries = retries.increment(
[2026-09-16T15:45:49.743+0000] {logging_mixin.py:188} WARNING -   File "/home/airflow/.local/lib/python3.10/site-packages/urllib3/util/retry.py", line 515, in increment
    raise MaxRetryError(_pool, url, reason) from reason  # type: ignore[arg-type]
[2026-09-16T15:45:49.744+0000] {logging_mixin.py:188} WARNING - urllib3.exceptions.MaxRetryError: HTTPSConnectionPool(host='www.googleapis.com', port=443): Max retries exceeded with url: /youtube/v3/videos?part=snippet%2Cstatistics%2CcontentDetails&id=kNLr-cduzuo&key=AIzaSyCu0SeP4QtsaF8H6qeF4NcFYaRehf3ot8w (Caused by NameResolutionError("<urllib3.connection.HTTPSConnection object at 0x7bc5c06d7010>: Failed to resolve 'www.googleapis.com' ([Errno -2] Name or service not known)"))
[2026-09-16T15:45:49.744+0000] {logging_mixin.py:188} WARNING - 
During handling of the above exception, another exception occurred:
[2026-09-16T15:45:49.745+0000] {logging_mixin.py:188} WARNING - Traceback (most recent call last):
[2026-09-16T15:45:49.745+0000] {logging_mixin.py:188} WARNING -   File "/opt/airflow/src/app.py", line 72, in get_all_videos
    video = clt.get_video_info(id, self.config.videoInfoUrl,
[2026-09-16T15:45:49.745+0000] {logging_mixin.py:188} WARNING -   File "/opt/airflow/src/controller/info.py", line 12, in get_video_info
    response: req.Response = req.get(url, params=params)
[2026-09-16T15:45:49.746+0000] {logging_mixin.py:188} WARNING -   File "/home/airflow/.local/lib/python3.10/site-packages/requests/api.py", line 73, in get
    return request("get", url, params=params, **kwargs)
[2026-09-16T15:45:49.746+0000] {logging_mixin.py:188} WARNING -   File "/home/airflow/.local/lib/python3.10/site-packages/requests/api.py", line 59, in request
    return session.request(method=method, url=url, **kwargs)
[2026-09-16T15:45:49.747+0000] {logging_mixin.py:188} WARNING -   File "/home/airflow/.local/lib/python3.10/site-packages/requests/sessions.py", line 589, in request
    resp = self.send(prep, **send_kwargs)
[2026-09-16T15:45:49.747+0000] {logging_mixin.py:188} WARNING -   File "/home/airflow/.local/lib/python3.10/site-packages/requests/sessions.py", line 703, in send
    r = adapter.send(request, **kwargs)
[2026-09-16T15:45:49.748+0000] {logging_mixin.py:188} WARNING -   File "/home/airflow/.local/lib/python3.10/site-packages/requests/adapters.py", line 519, in send
    raise ConnectionError(e, request=request)
[2026-09-16T15:45:49.748+0000] {logging_mixin.py:188} WARNING - requests.exceptions.ConnectionError: HTTPSConnectionPool(host='www.googleapis.com', port=443): Max retries exceeded with url: /youtube/v3/videos?part=snippet%2Cstatistics%2CcontentDetails&id=kNLr-cduzuo&key=AIzaSyCu0SeP4QtsaF8H6qeF4NcFYaRehf3ot8w (Caused by NameResolutionError("<urllib3.connection.HTTPSConnection object at 0x7bc5c06d7010>: Failed to resolve 'www.googleapis.com' ([Errno -2] Name or service not known)"))
[2026-09-16T15:45:49.759+0000] {logging_mixin.py:188} WARNING - Traceback (most recent call last):
[2026-09-16T15:45:49.760+0000] {logging_mixin.py:188} WARNING -   File "/home/airflow/.local/lib/python3.10/site-packages/urllib3/connection.py", line 198, in _new_conn
    sock = connection.create_connection(
[2026-09-16T15:45:49.760+0000] {logging_mixin.py:188} WARNING -   File "/home/airflow/.local/lib/python3.10/site-packages/urllib3/util/connection.py", line 60, in create_connection
    for res in socket.getaddrinfo(host, port, family, socket.SOCK_STREAM):
[2026-09-16T15:45:49.761+0000] {logging_mixin.py:188} WARNING -   File "/usr/local/lib/python3.10/socket.py", line 955, in getaddrinfo
    for res in _socket.getaddrinfo(host, port, family, type, proto, flags):
[2026-09-16T15:45:49.762+0000] {logging_mixin.py:188} WARNING - socket.gaierror: [Errno -2] Name or service not known
[2026-09-16T15:45:49.762+0000] {logging_mixin.py:188} WARNING - 
The above exception was the direct cause of the following exception:
[2026-09-16T15:45:49.763+0000] {logging_mixin.py:188} WARNING - Traceback (most recent call last):
[2026-09-16T15:45:49.763+0000] {logging_mixin.py:188} WARNING -   File "/home/airflow/.local/lib/python3.10/site-packages/urllib3/connectionpool.py", line 793, in urlopen
    response = self._make_request(
[2026-09-16T15:45:49.764+0000] {logging_mixin.py:188} WARNING -   File "/home/airflow/.local/lib/python3.10/site-packages/urllib3/connectionpool.py", line 491, in _make_request
    raise new_e
[2026-09-16T15:45:49.764+0000] {logging_mixin.py:188} WARNING -   File "/home/airflow/.local/lib/python3.10/site-packages/urllib3/connectionpool.py", line 467, in _make_request
    self._validate_conn(conn)
[2026-09-16T15:45:49.765+0000] {logging_mixin.py:188} WARNING -   File "/home/airflow/.local/lib/python3.10/site-packages/urllib3/connectionpool.py", line 1099, in _validate_conn
    conn.connect()
[2026-09-16T15:45:49.765+0000] {logging_mixin.py:188} WARNING -   File "/home/airflow/.local/lib/python3.10/site-packages/urllib3/connection.py", line 616, in connect
    self.sock = sock = self._new_conn()
[2026-09-16T15:45:49.766+0000] {logging_mixin.py:188} WARNING -   File "/home/airflow/.local/lib/python3.10/site-packages/urllib3/connection.py", line 205, in _new_conn
    raise NameResolutionError(self.host, self, e) from e
[2026-09-16T15:45:49.766+0000] {logging_mixin.py:188} WARNING - urllib3.exceptions.NameResolutionError: <urllib3.connection.HTTPSConnection object at 0x7bc5c06d48e0>: Failed to resolve 'www.googleapis.com' ([Errno -2] Name or service not known)
[2026-09-16T15:45:49.767+0000] {logging_mixin.py:188} WARNING - 
The above exception was the direct cause of the following exception:
[2026-09-16T15:45:49.767+0000] {logging_mixin.py:188} WARNING - Traceback (most recent call last):
[2026-09-16T15:45:49.768+0000] {logging_mixin.py:188} WARNING -   File "/home/airflow/.local/lib/python3.10/site-packages/requests/adapters.py", line 486, in send
    resp = conn.urlopen(
[2026-09-16T15:45:49.768+0000] {logging_mixin.py:188} WARNING -   File "/home/airflow/.local/lib/python3.10/site-packages/urllib3/connectionpool.py", line 847, in urlopen
    retries = retries.increment(
[2026-09-16T15:45:49.769+0000] {logging_mixin.py:188} WARNING -   File "/home/airflow/.local/lib/python3.10/site-packages/urllib3/util/retry.py", line 515, in increment
    raise MaxRetryError(_pool, url, reason) from reason  # type: ignore[arg-type]
[2026-09-16T15:45:49.769+0000] {logging_mixin.py:188} WARNING - urllib3.exceptions.MaxRetryError: HTTPSConnectionPool(host='www.googleapis.com', port=443): Max retries exceeded with url: /youtube/v3/videos?part=snippet%2Cstatistics%2CcontentDetails&id=pAnGwRiQ4-4&key=AIzaSyCu0SeP4QtsaF8H6qeF4NcFYaRehf3ot8w (Caused by NameResolutionError("<urllib3.connection.HTTPSConnection object at 0x7bc5c06d48e0>: Failed to resolve 'www.googleapis.com' ([Errno -2] Name or service not known)"))
[2026-09-16T15:45:49.770+0000] {logging_mixin.py:188} WARNING - 
During handling of the above exception, another exception occurred:
[2026-09-16T15:45:49.771+0000] {logging_mixin.py:188} WARNING - Traceback (most recent call last):
[2026-09-16T15:45:49.772+0000] {logging_mixin.py:188} WARNING -   File "/opt/airflow/src/app.py", line 72, in get_all_videos
    video = clt.get_video_info(id, self.config.videoInfoUrl,
[2026-09-16T15:45:49.774+0000] {logging_mixin.py:188} WARNING -   File "/opt/airflow/src/controller/info.py", line 12, in get_video_info
    response: req.Response = req.get(url, params=params)
[2026-09-16T15:45:49.774+0000] {logging_mixin.py:188} WARNING -   File "/home/airflow/.local/lib/python3.10/site-packages/requests/api.py", line 73, in get
    return request("get", url, params=params, **kwargs)
[2026-09-16T15:45:49.775+0000] {logging_mixin.py:188} WARNING -   File "/home/airflow/.local/lib/python3.10/site-packages/requests/api.py", line 59, in request
    return session.request(method=method, url=url, **kwargs)
[2026-09-16T15:45:49.775+0000] {logging_mixin.py:188} WARNING -   File "/home/airflow/.local/lib/python3.10/site-packages/requests/sessions.py", line 589, in request
    resp = self.send(prep, **send_kwargs)
[2026-09-16T15:45:49.776+0000] {logging_mixin.py:188} WARNING -   File "/home/airflow/.local/lib/python3.10/site-packages/requests/sessions.py", line 703, in send
    r = adapter.send(request, **kwargs)
[2026-09-16T15:45:49.776+0000] {logging_mixin.py:188} WARNING -   File "/home/airflow/.local/lib/python3.10/site-packages/requests/adapters.py", line 519, in send
    raise ConnectionError(e, request=request)
[2026-09-16T15:45:49.777+0000] {logging_mixin.py:188} WARNING - requests.exceptions.ConnectionError: HTTPSConnectionPool(host='www.googleapis.com', port=443): Max retries exceeded with url: /youtube/v3/videos?part=snippet%2Cstatistics%2CcontentDetails&id=pAnGwRiQ4-4&key=AIzaSyCu0SeP4QtsaF8H6qeF4NcFYaRehf3ot8w (Caused by NameResolutionError("<urllib3.connection.HTTPSConnection object at 0x7bc5c06d48e0>: Failed to resolve 'www.googleapis.com' ([Errno -2] Name or service not known)"))
[2026-09-16T15:45:49.787+0000] {logging_mixin.py:188} WARNING - Traceback (most recent call last):
[2026-09-16T15:45:49.790+0000] {logging_mixin.py:188} WARNING -   File "/home/airflow/.local/lib/python3.10/site-packages/urllib3/connection.py", line 198, in _new_conn
    sock = connection.create_connection(
[2026-09-16T15:45:49.791+0000] {logging_mixin.py:188} WARNING -   File "/home/airflow/.local/lib/python3.10/site-packages/urllib3/util/connection.py", line 60, in create_connection
    for res in socket.getaddrinfo(host, port, family, socket.SOCK_STREAM):
[2026-09-16T15:45:49.791+0000] {logging_mixin.py:188} WARNING -   File "/usr/local/lib/python3.10/socket.py", line 955, in getaddrinfo
    for res in _socket.getaddrinfo(host, port, family, type, proto, flags):
[2026-09-16T15:45:49.792+0000] {logging_mixin.py:188} WARNING - socket.gaierror: [Errno -2] Name or service not known
[2026-09-16T15:45:49.793+0000] {logging_mixin.py:188} WARNING - 
The above exception was the direct cause of the following exception:
[2026-09-16T15:45:49.793+0000] {logging_mixin.py:188} WARNING - Traceback (most recent call last):
[2026-09-16T15:45:49.794+0000] {logging_mixin.py:188} WARNING -   File "/home/airflow/.local/lib/python3.10/site-packages/urllib3/connectionpool.py", line 793, in urlopen
    response = self._make_request(
[2026-09-16T15:45:49.794+0000] {logging_mixin.py:188} WARNING -   File "/home/airflow/.local/lib/python3.10/site-packages/urllib3/connectionpool.py", line 491, in _make_request
    raise new_e
[2026-09-16T15:45:49.795+0000] {logging_mixin.py:188} WARNING -   File "/home/airflow/.local/lib/python3.10/site-packages/urllib3/connectionpool.py", line 467, in _make_request
    self._validate_conn(conn)
[2026-09-16T15:45:49.796+0000] {logging_mixin.py:188} WARNING -   File "/home/airflow/.local/lib/python3.10/site-packages/urllib3/connectionpool.py", line 1099, in _validate_conn
    conn.connect()
[2026-09-16T15:45:49.796+0000] {logging_mixin.py:188} WARNING -   File "/home/airflow/.local/lib/python3.10/site-packages/urllib3/connection.py", line 616, in connect
    self.sock = sock = self._new_conn()
[2026-09-16T15:45:49.797+0000] {logging_mixin.py:188} WARNING -   File "/home/airflow/.local/lib/python3.10/site-packages/urllib3/connection.py", line 205, in _new_conn
    raise NameResolutionError(self.host, self, e) from e
[2026-09-16T15:45:49.798+0000] {logging_mixin.py:188} WARNING - urllib3.exceptions.NameResolutionError: <urllib3.connection.HTTPSConnection object at 0x7bc5c06d4df0>: Failed to resolve 'www.googleapis.com' ([Errno -2] Name or service not known)
[2026-09-16T15:45:49.798+0000] {logging_mixin.py:188} WARNING - 
The above exception was the direct cause of the following exception:
[2026-09-16T15:45:49.799+0000] {logging_mixin.py:188} WARNING - Traceback (most recent call last):
[2026-09-16T15:45:49.799+0000] {logging_mixin.py:188} WARNING -   File "/home/airflow/.local/lib/python3.10/site-packages/requests/adapters.py", line 486, in send
    resp = conn.urlopen(
[2026-09-16T15:45:49.800+0000] {logging_mixin.py:188} WARNING -   File "/home/airflow/.local/lib/python3.10/site-packages/urllib3/connectionpool.py", line 847, in urlopen
    retries = retries.increment(
[2026-09-16T15:45:49.800+0000] {logging_mixin.py:188} WARNING -   File "/home/airflow/.local/lib/python3.10/site-packages/urllib3/util/retry.py", line 515, in increment
    raise MaxRetryError(_pool, url, reason) from reason  # type: ignore[arg-type]
[2026-09-16T15:45:49.801+0000] {logging_mixin.py:188} WARNING - urllib3.exceptions.MaxRetryError: HTTPSConnectionPool(host='www.googleapis.com', port=443): Max retries exceeded with url: /youtube/v3/videos?part=snippet%2Cstatistics%2CcontentDetails&id=wSh8fAFWEWs&key=AIzaSyCu0SeP4QtsaF8H6qeF4NcFYaRehf3ot8w (Caused by NameResolutionError("<urllib3.connection.HTTPSConnection object at 0x7bc5c06d4df0>: Failed to resolve 'www.googleapis.com' ([Errno -2] Name or service not known)"))
[2026-09-16T15:45:49.801+0000] {logging_mixin.py:188} WARNING - 
During handling of the above exception, another exception occurred:
[2026-09-16T15:45:49.802+0000] {logging_mixin.py:188} WARNING - Traceback (most recent call last):
[2026-09-16T15:45:49.802+0000] {logging_mixin.py:188} WARNING -   File "/opt/airflow/src/app.py", line 72, in get_all_videos
    video = clt.get_video_info(id, self.config.videoInfoUrl,
[2026-09-16T15:45:49.803+0000] {logging_mixin.py:188} WARNING -   File "/opt/airflow/src/controller/info.py", line 12, in get_video_info
    response: req.Response = req.get(url, params=params)
[2026-09-16T15:45:49.803+0000] {logging_mixin.py:188} WARNING -   File "/home/airflow/.local/lib/python3.10/site-packages/requests/api.py", line 73, in get
    return request("get", url, params=params, **kwargs)
[2026-09-16T15:45:49.804+0000] {logging_mixin.py:188} WARNING -   File "/home/airflow/.local/lib/python3.10/site-packages/requests/api.py", line 59, in request
    return session.request(method=method, url=url, **kwargs)
[2026-09-16T15:45:49.806+0000] {logging_mixin.py:188} WARNING -   File "/home/airflow/.local/lib/python3.10/site-packages/requests/sessions.py", line 589, in request
    resp = self.send(prep, **send_kwargs)
[2026-09-16T15:45:49.807+0000] {logging_mixin.py:188} WARNING -   File "/home/airflow/.local/lib/python3.10/site-packages/requests/sessions.py", line 703, in send
    r = adapter.send(request, **kwargs)
[2026-09-16T15:45:49.808+0000] {logging_mixin.py:188} WARNING -   File "/home/airflow/.local/lib/python3.10/site-packages/requests/adapters.py", line 519, in send
    raise ConnectionError(e, request=request)
[2026-09-16T15:45:49.808+0000] {logging_mixin.py:188} WARNING - requests.exceptions.ConnectionError: HTTPSConnectionPool(host='www.googleapis.com', port=443): Max retries exceeded with url: /youtube/v3/videos?part=snippet%2Cstatistics%2CcontentDetails&id=wSh8fAFWEWs&key=AIzaSyCu0SeP4QtsaF8H6qeF4NcFYaRehf3ot8w (Caused by NameResolutionError("<urllib3.connection.HTTPSConnection object at 0x7bc5c06d4df0>: Failed to resolve 'www.googleapis.com' ([Errno -2] Name or service not known)"))
[2026-09-16T15:45:49.819+0000] {logging_mixin.py:188} WARNING - Traceback (most recent call last):
[2026-09-16T15:45:49.820+0000] {logging_mixin.py:188} WARNING -   File "/home/airflow/.local/lib/python3.10/site-packages/urllib3/connection.py", line 198, in _new_conn
    sock = connection.create_connection(
[2026-09-16T15:45:49.822+0000] {logging_mixin.py:188} WARNING -   File "/home/airflow/.local/lib/python3.10/site-packages/urllib3/util/connection.py", line 60, in create_connection
    for res in socket.getaddrinfo(host, port, family, socket.SOCK_STREAM):
[2026-09-16T15:45:49.823+0000] {logging_mixin.py:188} WARNING -   File "/usr/local/lib/python3.10/socket.py", line 955, in getaddrinfo
    for res in _socket.getaddrinfo(host, port, family, type, proto, flags):
[2026-09-16T15:45:49.824+0000] {logging_mixin.py:188} WARNING - socket.gaierror: [Errno -2] Name or service not known
[2026-09-16T15:45:49.825+0000] {logging_mixin.py:188} WARNING - 
The above exception was the direct cause of the following exception:
[2026-09-16T15:45:49.826+0000] {logging_mixin.py:188} WARNING - Traceback (most recent call last):
[2026-09-16T15:45:49.826+0000] {logging_mixin.py:188} WARNING -   File "/home/airflow/.local/lib/python3.10/site-packages/urllib3/connectionpool.py", line 793, in urlopen
    response = self._make_request(
[2026-09-16T15:45:49.827+0000] {logging_mixin.py:188} WARNING -   File "/home/airflow/.local/lib/python3.10/site-packages/urllib3/connectionpool.py", line 491, in _make_request
    raise new_e
[2026-09-16T15:45:49.827+0000] {logging_mixin.py:188} WARNING -   File "/home/airflow/.local/lib/python3.10/site-packages/urllib3/connectionpool.py", line 467, in _make_request
    self._validate_conn(conn)
[2026-09-16T15:45:49.828+0000] {logging_mixin.py:188} WARNING -   File "/home/airflow/.local/lib/python3.10/site-packages/urllib3/connectionpool.py", line 1099, in _validate_conn
    conn.connect()
[2026-09-16T15:45:49.829+0000] {logging_mixin.py:188} WARNING -   File "/home/airflow/.local/lib/python3.10/site-packages/urllib3/connection.py", line 616, in connect
    self.sock = sock = self._new_conn()
[2026-09-16T15:45:49.829+0000] {logging_mixin.py:188} WARNING -   File "/home/airflow/.local/lib/python3.10/site-packages/urllib3/connection.py", line 205, in _new_conn
    raise NameResolutionError(self.host, self, e) from e
[2026-09-16T15:45:49.829+0000] {logging_mixin.py:188} WARNING - urllib3.exceptions.NameResolutionError: <urllib3.connection.HTTPSConnection object at 0x7bc5c06d44c0>: Failed to resolve 'www.googleapis.com' ([Errno -2] Name or service not known)
[2026-09-16T15:45:49.830+0000] {logging_mixin.py:188} WARNING - 
The above exception was the direct cause of the following exception:
[2026-09-16T15:45:49.830+0000] {logging_mixin.py:188} WARNING - Traceback (most recent call last):
[2026-09-16T15:45:49.831+0000] {logging_mixin.py:188} WARNING -   File "/home/airflow/.local/lib/python3.10/site-packages/requests/adapters.py", line 486, in send
    resp = conn.urlopen(
[2026-09-16T15:45:49.831+0000] {logging_mixin.py:188} WARNING -   File "/home/airflow/.local/lib/python3.10/site-packages/urllib3/connectionpool.py", line 847, in urlopen
    retries = retries.increment(
[2026-09-16T15:45:49.832+0000] {logging_mixin.py:188} WARNING -   File "/home/airflow/.local/lib/python3.10/site-packages/urllib3/util/retry.py", line 515, in increment
    raise MaxRetryError(_pool, url, reason) from reason  # type: ignore[arg-type]
[2026-09-16T15:45:49.833+0000] {logging_mixin.py:188} WARNING - urllib3.exceptions.MaxRetryError: HTTPSConnectionPool(host='www.googleapis.com', port=443): Max retries exceeded with url: /youtube/v3/videos?part=snippet%2Cstatistics%2CcontentDetails&id=3GNyw4uaAqU&key=AIzaSyCu0SeP4QtsaF8H6qeF4NcFYaRehf3ot8w (Caused by NameResolutionError("<urllib3.connection.HTTPSConnection object at 0x7bc5c06d44c0>: Failed to resolve 'www.googleapis.com' ([Errno -2] Name or service not known)"))
[2026-09-16T15:45:49.833+0000] {logging_mixin.py:188} WARNING - 
During handling of the above exception, another exception occurred:
[2026-09-16T15:45:49.834+0000] {logging_mixin.py:188} WARNING - Traceback (most recent call last):
[2026-09-16T15:45:49.834+0000] {logging_mixin.py:188} WARNING -   File "/opt/airflow/src/app.py", line 72, in get_all_videos
    video = clt.get_video_info(id, self.config.videoInfoUrl,
[2026-09-16T15:45:49.835+0000] {logging_mixin.py:188} WARNING -   File "/opt/airflow/src/controller/info.py", line 12, in get_video_info
    response: req.Response = req.get(url, params=params)
[2026-09-16T15:45:49.835+0000] {logging_mixin.py:188} WARNING -   File "/home/airflow/.local/lib/python3.10/site-packages/requests/api.py", line 73, in get
    return request("get", url, params=params, **kwargs)
[2026-09-16T15:45:49.835+0000] {logging_mixin.py:188} WARNING -   File "/home/airflow/.local/lib/python3.10/site-packages/requests/api.py", line 59, in request
    return session.request(method=method, url=url, **kwargs)
[2026-09-16T15:45:49.836+0000] {logging_mixin.py:188} WARNING -   File "/home/airflow/.local/lib/python3.10/site-packages/requests/sessions.py", line 589, in request
    resp = self.send(prep, **send_kwargs)
[2026-09-16T15:45:49.837+0000] {logging_mixin.py:188} WARNING -   File "/home/airflow/.local/lib/python3.10/site-packages/requests/sessions.py", line 703, in send
    r = adapter.send(request, **kwargs)
[2026-09-16T15:45:49.837+0000] {logging_mixin.py:188} WARNING -   File "/home/airflow/.local/lib/python3.10/site-packages/requests/adapters.py", line 519, in send
    raise ConnectionError(e, request=request)
[2026-09-16T15:45:49.838+0000] {logging_mixin.py:188} WARNING - requests.exceptions.ConnectionError: HTTPSConnectionPool(host='www.googleapis.com', port=443): Max retries exceeded with url: /youtube/v3/videos?part=snippet%2Cstatistics%2CcontentDetails&id=3GNyw4uaAqU&key=AIzaSyCu0SeP4QtsaF8H6qeF4NcFYaRehf3ot8w (Caused by NameResolutionError("<urllib3.connection.HTTPSConnection object at 0x7bc5c06d44c0>: Failed to resolve 'www.googleapis.com' ([Errno -2] Name or service not known)"))
[2026-09-16T15:45:49.850+0000] {logging_mixin.py:188} WARNING - Traceback (most recent call last):
[2026-09-16T15:45:49.851+0000] {logging_mixin.py:188} WARNING -   File "/home/airflow/.local/lib/python3.10/site-packages/urllib3/connection.py", line 198, in _new_conn
    sock = connection.create_connection(
[2026-09-16T15:45:49.851+0000] {logging_mixin.py:188} WARNING -   File "/home/airflow/.local/lib/python3.10/site-packages/urllib3/util/connection.py", line 60, in create_connection
    for res in socket.getaddrinfo(host, port, family, socket.SOCK_STREAM):
[2026-09-16T15:45:49.852+0000] {logging_mixin.py:188} WARNING -   File "/usr/local/lib/python3.10/socket.py", line 955, in getaddrinfo
    for res in _socket.getaddrinfo(host, port, family, type, proto, flags):
[2026-09-16T15:45:49.853+0000] {logging_mixin.py:188} WARNING - socket.gaierror: [Errno -2] Name or service not known
[2026-09-16T15:45:49.853+0000] {logging_mixin.py:188} WARNING - 
The above exception was the direct cause of the following exception:
[2026-09-16T15:45:49.854+0000] {logging_mixin.py:188} WARNING - Traceback (most recent call last):
[2026-09-16T15:45:49.855+0000] {logging_mixin.py:188} WARNING -   File "/home/airflow/.local/lib/python3.10/site-packages/urllib3/connectionpool.py", line 793, in urlopen
    response = self._make_request(
[2026-09-16T15:45:49.856+0000] {logging_mixin.py:188} WARNING -   File "/home/airflow/.local/lib/python3.10/site-packages/urllib3/connectionpool.py", line 491, in _make_request
    raise new_e
[2026-09-16T15:45:49.857+0000] {logging_mixin.py:188} WARNING -   File "/home/airflow/.local/lib/python3.10/site-packages/urllib3/connectionpool.py", line 467, in _make_request
    self._validate_conn(conn)
[2026-09-16T15:45:49.858+0000] {logging_mixin.py:188} WARNING -   File "/home/airflow/.local/lib/python3.10/site-packages/urllib3/connectionpool.py", line 1099, in _validate_conn
    conn.connect()
[2026-09-16T15:45:49.859+0000] {logging_mixin.py:188} WARNING -   File "/home/airflow/.local/lib/python3.10/site-packages/urllib3/connection.py", line 616, in connect
    self.sock = sock = self._new_conn()
[2026-09-16T15:45:49.860+0000] {logging_mixin.py:188} WARNING -   File "/home/airflow/.local/lib/python3.10/site-packages/urllib3/connection.py", line 205, in _new_conn
    raise NameResolutionError(self.host, self, e) from e
[2026-09-16T15:45:49.860+0000] {logging_mixin.py:188} WARNING - urllib3.exceptions.NameResolutionError: <urllib3.connection.HTTPSConnection object at 0x7bc5c05d1510>: Failed to resolve 'www.googleapis.com' ([Errno -2] Name or service not known)
[2026-09-16T15:45:49.861+0000] {logging_mixin.py:188} WARNING - 
The above exception was the direct cause of the following exception:
[2026-09-16T15:45:49.861+0000] {logging_mixin.py:188} WARNING - Traceback (most recent call last):
[2026-09-16T15:45:49.862+0000] {logging_mixin.py:188} WARNING -   File "/home/airflow/.local/lib/python3.10/site-packages/requests/adapters.py", line 486, in send
    resp = conn.urlopen(
[2026-09-16T15:45:49.862+0000] {logging_mixin.py:188} WARNING -   File "/home/airflow/.local/lib/python3.10/site-packages/urllib3/connectionpool.py", line 847, in urlopen
    retries = retries.increment(
[2026-09-16T15:45:49.863+0000] {logging_mixin.py:188} WARNING -   File "/home/airflow/.local/lib/python3.10/site-packages/urllib3/util/retry.py", line 515, in increment
    raise MaxRetryError(_pool, url, reason) from reason  # type: ignore[arg-type]
[2026-09-16T15:45:49.863+0000] {logging_mixin.py:188} WARNING - urllib3.exceptions.MaxRetryError: HTTPSConnectionPool(host='www.googleapis.com', port=443): Max retries exceeded with url: /youtube/v3/videos?part=snippet%2Cstatistics%2CcontentDetails&id=ywIcdSNJolo&key=AIzaSyCu0SeP4QtsaF8H6qeF4NcFYaRehf3ot8w (Caused by NameResolutionError("<urllib3.connection.HTTPSConnection object at 0x7bc5c05d1510>: Failed to resolve 'www.googleapis.com' ([Errno -2] Name or service not known)"))
[2026-09-16T15:45:49.864+0000] {logging_mixin.py:188} WARNING - 
During handling of the above exception, another exception occurred:
[2026-09-16T15:45:49.865+0000] {logging_mixin.py:188} WARNING - Traceback (most recent call last):
[2026-09-16T15:45:49.865+0000] {logging_mixin.py:188} WARNING -   File "/opt/airflow/src/app.py", line 72, in get_all_videos
    video = clt.get_video_info(id, self.config.videoInfoUrl,
[2026-09-16T15:45:49.866+0000] {logging_mixin.py:188} WARNING -   File "/opt/airflow/src/controller/info.py", line 12, in get_video_info
    response: req.Response = req.get(url, params=params)
[2026-09-16T15:45:49.867+0000] {logging_mixin.py:188} WARNING -   File "/home/airflow/.local/lib/python3.10/site-packages/requests/api.py", line 73, in get
    return request("get", url, params=params, **kwargs)
[2026-09-16T15:45:49.867+0000] {logging_mixin.py:188} WARNING -   File "/home/airflow/.local/lib/python3.10/site-packages/requests/api.py", line 59, in request
    return session.request(method=method, url=url, **kwargs)
[2026-09-16T15:45:49.868+0000] {logging_mixin.py:188} WARNING -   File "/home/airflow/.local/lib/python3.10/site-packages/requests/sessions.py", line 589, in request
    resp = self.send(prep, **send_kwargs)
[2026-09-16T15:45:49.868+0000] {logging_mixin.py:188} WARNING -   File "/home/airflow/.local/lib/python3.10/site-packages/requests/sessions.py", line 703, in send
    r = adapter.send(request, **kwargs)
[2026-09-16T15:45:49.869+0000] {logging_mixin.py:188} WARNING -   File "/home/airflow/.local/lib/python3.10/site-packages/requests/adapters.py", line 519, in send
    raise ConnectionError(e, request=request)
[2026-09-16T15:45:49.870+0000] {logging_mixin.py:188} WARNING - requests.exceptions.ConnectionError: HTTPSConnectionPool(host='www.googleapis.com', port=443): Max retries exceeded with url: /youtube/v3/videos?part=snippet%2Cstatistics%2CcontentDetails&id=ywIcdSNJolo&key=AIzaSyCu0SeP4QtsaF8H6qeF4NcFYaRehf3ot8w (Caused by NameResolutionError("<urllib3.connection.HTTPSConnection object at 0x7bc5c05d1510>: Failed to resolve 'www.googleapis.com' ([Errno -2] Name or service not known)"))
[2026-09-16T15:45:49.885+0000] {logging_mixin.py:188} WARNING - Traceback (most recent call last):
[2026-09-16T15:45:49.886+0000] {logging_mixin.py:188} WARNING -   File "/home/airflow/.local/lib/python3.10/site-packages/urllib3/connection.py", line 198, in _new_conn
    sock = connection.create_connection(
[2026-09-16T15:45:49.887+0000] {logging_mixin.py:188} WARNING -   File "/home/airflow/.local/lib/python3.10/site-packages/urllib3/util/connection.py", line 60, in create_connection
    for res in socket.getaddrinfo(host, port, family, socket.SOCK_STREAM):
[2026-09-16T15:45:49.888+0000] {logging_mixin.py:188} WARNING -   File "/usr/local/lib/python3.10/socket.py", line 955, in getaddrinfo
    for res in _socket.getaddrinfo(host, port, family, type, proto, flags):
[2026-09-16T15:45:49.889+0000] {logging_mixin.py:188} WARNING - socket.gaierror: [Errno -2] Name or service not known
[2026-09-16T15:45:49.890+0000] {logging_mixin.py:188} WARNING - 
The above exception was the direct cause of the following exception:
[2026-09-16T15:45:49.891+0000] {logging_mixin.py:188} WARNING - Traceback (most recent call last):
[2026-09-16T15:45:49.892+0000] {logging_mixin.py:188} WARNING -   File "/home/airflow/.local/lib/python3.10/site-packages/urllib3/connectionpool.py", line 793, in urlopen
    response = self._make_request(
[2026-09-16T15:45:49.892+0000] {logging_mixin.py:188} WARNING -   File "/home/airflow/.local/lib/python3.10/site-packages/urllib3/connectionpool.py", line 491, in _make_request
    raise new_e
[2026-09-16T15:45:49.893+0000] {logging_mixin.py:188} WARNING -   File "/home/airflow/.local/lib/python3.10/site-packages/urllib3/connectionpool.py", line 467, in _make_request
    self._validate_conn(conn)
[2026-09-16T15:45:49.893+0000] {logging_mixin.py:188} WARNING -   File "/home/airflow/.local/lib/python3.10/site-packages/urllib3/connectionpool.py", line 1099, in _validate_conn
    conn.connect()
[2026-09-16T15:45:49.894+0000] {logging_mixin.py:188} WARNING -   File "/home/airflow/.local/lib/python3.10/site-packages/urllib3/connection.py", line 616, in connect
    self.sock = sock = self._new_conn()
[2026-09-16T15:45:49.894+0000] {logging_mixin.py:188} WARNING -   File "/home/airflow/.local/lib/python3.10/site-packages/urllib3/connection.py", line 205, in _new_conn
    raise NameResolutionError(self.host, self, e) from e
[2026-09-16T15:45:49.895+0000] {logging_mixin.py:188} WARNING - urllib3.exceptions.NameResolutionError: <urllib3.connection.HTTPSConnection object at 0x7bc5c0667730>: Failed to resolve 'www.googleapis.com' ([Errno -2] Name or service not known)
[2026-09-16T15:45:49.895+0000] {logging_mixin.py:188} WARNING - 
The above exception was the direct cause of the following exception:
[2026-09-16T15:45:49.896+0000] {logging_mixin.py:188} WARNING - Traceback (most recent call last):
[2026-09-16T15:45:49.896+0000] {logging_mixin.py:188} WARNING -   File "/home/airflow/.local/lib/python3.10/site-packages/requests/adapters.py", line 486, in send
    resp = conn.urlopen(
[2026-09-16T15:45:49.897+0000] {logging_mixin.py:188} WARNING -   File "/home/airflow/.local/lib/python3.10/site-packages/urllib3/connectionpool.py", line 847, in urlopen
    retries = retries.increment(
[2026-09-16T15:45:49.897+0000] {logging_mixin.py:188} WARNING -   File "/home/airflow/.local/lib/python3.10/site-packages/urllib3/util/retry.py", line 515, in increment
    raise MaxRetryError(_pool, url, reason) from reason  # type: ignore[arg-type]
[2026-09-16T15:45:49.898+0000] {logging_mixin.py:188} WARNING - urllib3.exceptions.MaxRetryError: HTTPSConnectionPool(host='www.googleapis.com', port=443): Max retries exceeded with url: /youtube/v3/videos?part=snippet%2Cstatistics%2CcontentDetails&id=QJI0an6irrA&key=AIzaSyCu0SeP4QtsaF8H6qeF4NcFYaRehf3ot8w (Caused by NameResolutionError("<urllib3.connection.HTTPSConnection object at 0x7bc5c0667730>: Failed to resolve 'www.googleapis.com' ([Errno -2] Name or service not known)"))
[2026-09-16T15:45:49.899+0000] {logging_mixin.py:188} WARNING - 
During handling of the above exception, another exception occurred:
[2026-09-16T15:45:49.899+0000] {logging_mixin.py:188} WARNING - Traceback (most recent call last):
[2026-09-16T15:45:49.900+0000] {logging_mixin.py:188} WARNING -   File "/opt/airflow/src/app.py", line 72, in get_all_videos
    video = clt.get_video_info(id, self.config.videoInfoUrl,
[2026-09-16T15:45:49.900+0000] {logging_mixin.py:188} WARNING -   File "/opt/airflow/src/controller/info.py", line 12, in get_video_info
    response: req.Response = req.get(url, params=params)
[2026-09-16T15:45:49.901+0000] {logging_mixin.py:188} WARNING -   File "/home/airflow/.local/lib/python3.10/site-packages/requests/api.py", line 73, in get
    return request("get", url, params=params, **kwargs)
[2026-09-16T15:45:49.901+0000] {logging_mixin.py:188} WARNING -   File "/home/airflow/.local/lib/python3.10/site-packages/requests/api.py", line 59, in request
    return session.request(method=method, url=url, **kwargs)
[2026-09-16T15:45:49.902+0000] {logging_mixin.py:188} WARNING -   File "/home/airflow/.local/lib/python3.10/site-packages/requests/sessions.py", line 589, in request
    resp = self.send(prep, **send_kwargs)
[2026-09-16T15:45:49.902+0000] {logging_mixin.py:188} WARNING -   File "/home/airflow/.local/lib/python3.10/site-packages/requests/sessions.py", line 703, in send
    r = adapter.send(request, **kwargs)
[2026-09-16T15:45:49.903+0000] {logging_mixin.py:188} WARNING -   File "/home/airflow/.local/lib/python3.10/site-packages/requests/adapters.py", line 519, in send
    raise ConnectionError(e, request=request)
[2026-09-16T15:45:49.903+0000] {logging_mixin.py:188} WARNING - requests.exceptions.ConnectionError: HTTPSConnectionPool(host='www.googleapis.com', port=443): Max retries exceeded with url: /youtube/v3/videos?part=snippet%2Cstatistics%2CcontentDetails&id=QJI0an6irrA&key=AIzaSyCu0SeP4QtsaF8H6qeF4NcFYaRehf3ot8w (Caused by NameResolutionError("<urllib3.connection.HTTPSConnection object at 0x7bc5c0667730>: Failed to resolve 'www.googleapis.com' ([Errno -2] Name or service not known)"))
[2026-09-16T15:45:49.914+0000] {logging_mixin.py:188} WARNING - Traceback (most recent call last):
[2026-09-16T15:45:49.914+0000] {logging_mixin.py:188} WARNING -   File "/home/airflow/.local/lib/python3.10/site-packages/urllib3/connection.py", line 198, in _new_conn
    sock = connection.create_connection(
[2026-09-16T15:45:49.915+0000] {logging_mixin.py:188} WARNING -   File "/home/airflow/.local/lib/python3.10/site-packages/urllib3/util/connection.py", line 60, in create_connection
    for res in socket.getaddrinfo(host, port, family, socket.SOCK_STREAM):
[2026-09-16T15:45:49.915+0000] {logging_mixin.py:188} WARNING -   File "/usr/local/lib/python3.10/socket.py", line 955, in getaddrinfo
    for res in _socket.getaddrinfo(host, port, family, type, proto, flags):
[2026-09-16T15:45:49.916+0000] {logging_mixin.py:188} WARNING - socket.gaierror: [Errno -2] Name or service not known
[2026-09-16T15:45:49.916+0000] {logging_mixin.py:188} WARNING - 
The above exception was the direct cause of the following exception:
[2026-09-16T15:45:49.917+0000] {logging_mixin.py:188} WARNING - Traceback (most recent call last):
[2026-09-16T15:45:49.917+0000] {logging_mixin.py:188} WARNING -   File "/home/airflow/.local/lib/python3.10/site-packages/urllib3/connectionpool.py", line 793, in urlopen
    response = self._make_request(
[2026-09-16T15:45:49.918+0000] {logging_mixin.py:188} WARNING -   File "/home/airflow/.local/lib/python3.10/site-packages/urllib3/connectionpool.py", line 491, in _make_request
    raise new_e
[2026-09-16T15:45:49.918+0000] {logging_mixin.py:188} WARNING -   File "/home/airflow/.local/lib/python3.10/site-packages/urllib3/connectionpool.py", line 467, in _make_request
    self._validate_conn(conn)
[2026-09-16T15:45:49.918+0000] {logging_mixin.py:188} WARNING -   File "/home/airflow/.local/lib/python3.10/site-packages/urllib3/connectionpool.py", line 1099, in _validate_conn
    conn.connect()
[2026-09-16T15:45:49.919+0000] {logging_mixin.py:188} WARNING -   File "/home/airflow/.local/lib/python3.10/site-packages/urllib3/connection.py", line 616, in connect
    self.sock = sock = self._new_conn()
[2026-09-16T15:45:49.919+0000] {logging_mixin.py:188} WARNING -   File "/home/airflow/.local/lib/python3.10/site-packages/urllib3/connection.py", line 205, in _new_conn
    raise NameResolutionError(self.host, self, e) from e
[2026-09-16T15:45:49.919+0000] {logging_mixin.py:188} WARNING - urllib3.exceptions.NameResolutionError: <urllib3.connection.HTTPSConnection object at 0x7bc5c06d7cd0>: Failed to resolve 'www.googleapis.com' ([Errno -2] Name or service not known)
[2026-09-16T15:45:49.920+0000] {logging_mixin.py:188} WARNING - 
The above exception was the direct cause of the following exception:
[2026-09-16T15:45:49.920+0000] {logging_mixin.py:188} WARNING - Traceback (most recent call last):
[2026-09-16T15:45:49.921+0000] {logging_mixin.py:188} WARNING -   File "/home/airflow/.local/lib/python3.10/site-packages/requests/adapters.py", line 486, in send
    resp = conn.urlopen(
[2026-09-16T15:45:49.922+0000] {logging_mixin.py:188} WARNING -   File "/home/airflow/.local/lib/python3.10/site-packages/urllib3/connectionpool.py", line 847, in urlopen
    retries = retries.increment(
[2026-09-16T15:45:49.923+0000] {logging_mixin.py:188} WARNING -   File "/home/airflow/.local/lib/python3.10/site-packages/urllib3/util/retry.py", line 515, in increment
    raise MaxRetryError(_pool, url, reason) from reason  # type: ignore[arg-type]
[2026-09-16T15:45:49.923+0000] {logging_mixin.py:188} WARNING - urllib3.exceptions.MaxRetryError: HTTPSConnectionPool(host='www.googleapis.com', port=443): Max retries exceeded with url: /youtube/v3/videos?part=snippet%2Cstatistics%2CcontentDetails&id=mktYW177p6U&key=AIzaSyCu0SeP4QtsaF8H6qeF4NcFYaRehf3ot8w (Caused by NameResolutionError("<urllib3.connection.HTTPSConnection object at 0x7bc5c06d7cd0>: Failed to resolve 'www.googleapis.com' ([Errno -2] Name or service not known)"))
[2026-09-16T15:45:49.924+0000] {logging_mixin.py:188} WARNING - 
During handling of the above exception, another exception occurred:
[2026-09-16T15:45:49.925+0000] {logging_mixin.py:188} WARNING - Traceback (most recent call last):
[2026-09-16T15:45:49.925+0000] {logging_mixin.py:188} WARNING -   File "/opt/airflow/src/app.py", line 72, in get_all_videos
    video = clt.get_video_info(id, self.config.videoInfoUrl,
[2026-09-16T15:45:49.926+0000] {logging_mixin.py:188} WARNING -   File "/opt/airflow/src/controller/info.py", line 12, in get_video_info
    response: req.Response = req.get(url, params=params)
[2026-09-16T15:45:49.926+0000] {logging_mixin.py:188} WARNING -   File "/home/airflow/.local/lib/python3.10/site-packages/requests/api.py", line 73, in get
    return request("get", url, params=params, **kwargs)
[2026-09-16T15:45:49.926+0000] {logging_mixin.py:188} WARNING -   File "/home/airflow/.local/lib/python3.10/site-packages/requests/api.py", line 59, in request
    return session.request(method=method, url=url, **kwargs)
[2026-09-16T15:45:49.927+0000] {logging_mixin.py:188} WARNING -   File "/home/airflow/.local/lib/python3.10/site-packages/requests/sessions.py", line 589, in request
    resp = self.send(prep, **send_kwargs)
[2026-09-16T15:45:49.927+0000] {logging_mixin.py:188} WARNING -   File "/home/airflow/.local/lib/python3.10/site-packages/requests/sessions.py", line 703, in send
    r = adapter.send(request, **kwargs)
[2026-09-16T15:45:49.927+0000] {logging_mixin.py:188} WARNING -   File "/home/airflow/.local/lib/python3.10/site-packages/requests/adapters.py", line 519, in send
    raise ConnectionError(e, request=request)
[2026-09-16T15:45:49.928+0000] {logging_mixin.py:188} WARNING - requests.exceptions.ConnectionError: HTTPSConnectionPool(host='www.googleapis.com', port=443): Max retries exceeded with url: /youtube/v3/videos?part=snippet%2Cstatistics%2CcontentDetails&id=mktYW177p6U&key=AIzaSyCu0SeP4QtsaF8H6qeF4NcFYaRehf3ot8w (Caused by NameResolutionError("<urllib3.connection.HTTPSConnection object at 0x7bc5c06d7cd0>: Failed to resolve 'www.googleapis.com' ([Errno -2] Name or service not known)"))
[2026-09-16T15:45:49.936+0000] {logging_mixin.py:188} WARNING - Traceback (most recent call last):
[2026-09-16T15:45:49.937+0000] {logging_mixin.py:188} WARNING -   File "/home/airflow/.local/lib/python3.10/site-packages/urllib3/connection.py", line 198, in _new_conn
    sock = connection.create_connection(
[2026-09-16T15:45:49.938+0000] {logging_mixin.py:188} WARNING -   File "/home/airflow/.local/lib/python3.10/site-packages/urllib3/util/connection.py", line 60, in create_connection
    for res in socket.getaddrinfo(host, port, family, socket.SOCK_STREAM):
[2026-09-16T15:45:49.939+0000] {logging_mixin.py:188} WARNING -   File "/usr/local/lib/python3.10/socket.py", line 955, in getaddrinfo
    for res in _socket.getaddrinfo(host, port, family, type, proto, flags):
[2026-09-16T15:45:49.940+0000] {logging_mixin.py:188} WARNING - socket.gaierror: [Errno -2] Name or service not known
[2026-09-16T15:45:49.941+0000] {logging_mixin.py:188} WARNING - 
The above exception was the direct cause of the following exception:
[2026-09-16T15:45:49.941+0000] {logging_mixin.py:188} WARNING - Traceback (most recent call last):
[2026-09-16T15:45:49.942+0000] {logging_mixin.py:188} WARNING -   File "/home/airflow/.local/lib/python3.10/site-packages/urllib3/connectionpool.py", line 793, in urlopen
    response = self._make_request(
[2026-09-16T15:45:49.942+0000] {logging_mixin.py:188} WARNING -   File "/home/airflow/.local/lib/python3.10/site-packages/urllib3/connectionpool.py", line 491, in _make_request
    raise new_e
[2026-09-16T15:45:49.942+0000] {logging_mixin.py:188} WARNING -   File "/home/airflow/.local/lib/python3.10/site-packages/urllib3/connectionpool.py", line 467, in _make_request
    self._validate_conn(conn)
[2026-09-16T15:45:49.943+0000] {logging_mixin.py:188} WARNING -   File "/home/airflow/.local/lib/python3.10/site-packages/urllib3/connectionpool.py", line 1099, in _validate_conn
    conn.connect()
[2026-09-16T15:45:49.943+0000] {logging_mixin.py:188} WARNING -   File "/home/airflow/.local/lib/python3.10/site-packages/urllib3/connection.py", line 616, in connect
    self.sock = sock = self._new_conn()
[2026-09-16T15:45:49.944+0000] {logging_mixin.py:188} WARNING -   File "/home/airflow/.local/lib/python3.10/site-packages/urllib3/connection.py", line 205, in _new_conn
    raise NameResolutionError(self.host, self, e) from e
[2026-09-16T15:45:49.944+0000] {logging_mixin.py:188} WARNING - urllib3.exceptions.NameResolutionError: <urllib3.connection.HTTPSConnection object at 0x7bc5c06d7c40>: Failed to resolve 'www.googleapis.com' ([Errno -2] Name or service not known)
[2026-09-16T15:45:49.945+0000] {logging_mixin.py:188} WARNING - 
The above exception was the direct cause of the following exception:
[2026-09-16T15:45:49.945+0000] {logging_mixin.py:188} WARNING - Traceback (most recent call last):
[2026-09-16T15:45:49.945+0000] {logging_mixin.py:188} WARNING -   File "/home/airflow/.local/lib/python3.10/site-packages/requests/adapters.py", line 486, in send
    resp = conn.urlopen(
[2026-09-16T15:45:49.946+0000] {logging_mixin.py:188} WARNING -   File "/home/airflow/.local/lib/python3.10/site-packages/urllib3/connectionpool.py", line 847, in urlopen
    retries = retries.increment(
[2026-09-16T15:45:49.946+0000] {logging_mixin.py:188} WARNING -   File "/home/airflow/.local/lib/python3.10/site-packages/urllib3/util/retry.py", line 515, in increment
    raise MaxRetryError(_pool, url, reason) from reason  # type: ignore[arg-type]
[2026-09-16T15:45:49.947+0000] {logging_mixin.py:188} WARNING - urllib3.exceptions.MaxRetryError: HTTPSConnectionPool(host='www.googleapis.com', port=443): Max retries exceeded with url: /youtube/v3/videos?part=snippet%2Cstatistics%2CcontentDetails&id=7aE4EhHXzlA&key=AIzaSyCu0SeP4QtsaF8H6qeF4NcFYaRehf3ot8w (Caused by NameResolutionError("<urllib3.connection.HTTPSConnection object at 0x7bc5c06d7c40>: Failed to resolve 'www.googleapis.com' ([Errno -2] Name or service not known)"))
[2026-09-16T15:45:49.947+0000] {logging_mixin.py:188} WARNING - 
During handling of the above exception, another exception occurred:
[2026-09-16T15:45:49.948+0000] {logging_mixin.py:188} WARNING - Traceback (most recent call last):
[2026-09-16T15:45:49.948+0000] {logging_mixin.py:188} WARNING -   File "/opt/airflow/src/app.py", line 72, in get_all_videos
    video = clt.get_video_info(id, self.config.videoInfoUrl,
[2026-09-16T15:45:49.948+0000] {logging_mixin.py:188} WARNING -   File "/opt/airflow/src/controller/info.py", line 12, in get_video_info
    response: req.Response = req.get(url, params=params)
[2026-09-16T15:45:49.949+0000] {logging_mixin.py:188} WARNING -   File "/home/airflow/.local/lib/python3.10/site-packages/requests/api.py", line 73, in get
    return request("get", url, params=params, **kwargs)
[2026-09-16T15:45:49.949+0000] {logging_mixin.py:188} WARNING -   File "/home/airflow/.local/lib/python3.10/site-packages/requests/api.py", line 59, in request
    return session.request(method=method, url=url, **kwargs)
[2026-09-16T15:45:49.950+0000] {logging_mixin.py:188} WARNING -   File "/home/airflow/.local/lib/python3.10/site-packages/requests/sessions.py", line 589, in request
    resp = self.send(prep, **send_kwargs)
[2026-09-16T15:45:49.950+0000] {logging_mixin.py:188} WARNING -   File "/home/airflow/.local/lib/python3.10/site-packages/requests/sessions.py", line 703, in send
    r = adapter.send(request, **kwargs)
[2026-09-16T15:45:49.951+0000] {logging_mixin.py:188} WARNING -   File "/home/airflow/.local/lib/python3.10/site-packages/requests/adapters.py", line 519, in send
    raise ConnectionError(e, request=request)
[2026-09-16T15:45:49.951+0000] {logging_mixin.py:188} WARNING - requests.exceptions.ConnectionError: HTTPSConnectionPool(host='www.googleapis.com', port=443): Max retries exceeded with url: /youtube/v3/videos?part=snippet%2Cstatistics%2CcontentDetails&id=7aE4EhHXzlA&key=AIzaSyCu0SeP4QtsaF8H6qeF4NcFYaRehf3ot8w (Caused by NameResolutionError("<urllib3.connection.HTTPSConnection object at 0x7bc5c06d7c40>: Failed to resolve 'www.googleapis.com' ([Errno -2] Name or service not known)"))
[2026-09-16T15:45:49.961+0000] {logging_mixin.py:188} WARNING - Traceback (most recent call last):
[2026-09-16T15:45:49.962+0000] {logging_mixin.py:188} WARNING -   File "/home/airflow/.local/lib/python3.10/site-packages/urllib3/connection.py", line 198, in _new_conn
    sock = connection.create_connection(
[2026-09-16T15:45:49.962+0000] {logging_mixin.py:188} WARNING -   File "/home/airflow/.local/lib/python3.10/site-packages/urllib3/util/connection.py", line 60, in create_connection
    for res in socket.getaddrinfo(host, port, family, socket.SOCK_STREAM):
[2026-09-16T15:45:49.963+0000] {logging_mixin.py:188} WARNING -   File "/usr/local/lib/python3.10/socket.py", line 955, in getaddrinfo
    for res in _socket.getaddrinfo(host, port, family, type, proto, flags):
[2026-09-16T15:45:49.963+0000] {logging_mixin.py:188} WARNING - socket.gaierror: [Errno -2] Name or service not known
[2026-09-16T15:45:49.964+0000] {logging_mixin.py:188} WARNING - 
The above exception was the direct cause of the following exception:
[2026-09-16T15:45:49.964+0000] {logging_mixin.py:188} WARNING - Traceback (most recent call last):
[2026-09-16T15:45:49.965+0000] {logging_mixin.py:188} WARNING -   File "/home/airflow/.local/lib/python3.10/site-packages/urllib3/connectionpool.py", line 793, in urlopen
    response = self._make_request(
[2026-09-16T15:45:49.965+0000] {logging_mixin.py:188} WARNING -   File "/home/airflow/.local/lib/python3.10/site-packages/urllib3/connectionpool.py", line 491, in _make_request
    raise new_e
[2026-09-16T15:45:49.966+0000] {logging_mixin.py:188} WARNING -   File "/home/airflow/.local/lib/python3.10/site-packages/urllib3/connectionpool.py", line 467, in _make_request
    self._validate_conn(conn)
[2026-09-16T15:45:49.966+0000] {logging_mixin.py:188} WARNING -   File "/home/airflow/.local/lib/python3.10/site-packages/urllib3/connectionpool.py", line 1099, in _validate_conn
    conn.connect()
[2026-09-16T15:45:49.966+0000] {logging_mixin.py:188} WARNING -   File "/home/airflow/.local/lib/python3.10/site-packages/urllib3/connection.py", line 616, in connect
    self.sock = sock = self._new_conn()
[2026-09-16T15:45:49.967+0000] {logging_mixin.py:188} WARNING -   File "/home/airflow/.local/lib/python3.10/site-packages/urllib3/connection.py", line 205, in _new_conn
    raise NameResolutionError(self.host, self, e) from e
[2026-09-16T15:45:49.967+0000] {logging_mixin.py:188} WARNING - urllib3.exceptions.NameResolutionError: <urllib3.connection.HTTPSConnection object at 0x7bc5c06d7820>: Failed to resolve 'www.googleapis.com' ([Errno -2] Name or service not known)
[2026-09-16T15:45:49.968+0000] {logging_mixin.py:188} WARNING - 
The above exception was the direct cause of the following exception:
[2026-09-16T15:45:49.968+0000] {logging_mixin.py:188} WARNING - Traceback (most recent call last):
[2026-09-16T15:45:49.969+0000] {logging_mixin.py:188} WARNING -   File "/home/airflow/.local/lib/python3.10/site-packages/requests/adapters.py", line 486, in send
    resp = conn.urlopen(
[2026-09-16T15:45:49.970+0000] {logging_mixin.py:188} WARNING -   File "/home/airflow/.local/lib/python3.10/site-packages/urllib3/connectionpool.py", line 847, in urlopen
    retries = retries.increment(
[2026-09-16T15:45:49.971+0000] {logging_mixin.py:188} WARNING -   File "/home/airflow/.local/lib/python3.10/site-packages/urllib3/util/retry.py", line 515, in increment
    raise MaxRetryError(_pool, url, reason) from reason  # type: ignore[arg-type]
[2026-09-16T15:45:49.973+0000] {logging_mixin.py:188} WARNING - urllib3.exceptions.MaxRetryError: HTTPSConnectionPool(host='www.googleapis.com', port=443): Max retries exceeded with url: /youtube/v3/videos?part=snippet%2Cstatistics%2CcontentDetails&id=IJkB-oapuks&key=AIzaSyCu0SeP4QtsaF8H6qeF4NcFYaRehf3ot8w (Caused by NameResolutionError("<urllib3.connection.HTTPSConnection object at 0x7bc5c06d7820>: Failed to resolve 'www.googleapis.com' ([Errno -2] Name or service not known)"))
[2026-09-16T15:45:49.973+0000] {logging_mixin.py:188} WARNING - 
During handling of the above exception, another exception occurred:
[2026-09-16T15:45:49.974+0000] {logging_mixin.py:188} WARNING - Traceback (most recent call last):
[2026-09-16T15:45:49.974+0000] {logging_mixin.py:188} WARNING -   File "/opt/airflow/src/app.py", line 72, in get_all_videos
    video = clt.get_video_info(id, self.config.videoInfoUrl,
[2026-09-16T15:45:49.975+0000] {logging_mixin.py:188} WARNING -   File "/opt/airflow/src/controller/info.py", line 12, in get_video_info
    response: req.Response = req.get(url, params=params)
[2026-09-16T15:45:49.975+0000] {logging_mixin.py:188} WARNING -   File "/home/airflow/.local/lib/python3.10/site-packages/requests/api.py", line 73, in get
    return request("get", url, params=params, **kwargs)
[2026-09-16T15:45:49.976+0000] {logging_mixin.py:188} WARNING -   File "/home/airflow/.local/lib/python3.10/site-packages/requests/api.py", line 59, in request
    return session.request(method=method, url=url, **kwargs)
[2026-09-16T15:45:49.976+0000] {logging_mixin.py:188} WARNING -   File "/home/airflow/.local/lib/python3.10/site-packages/requests/sessions.py", line 589, in request
    resp = self.send(prep, **send_kwargs)
[2026-09-16T15:45:49.977+0000] {logging_mixin.py:188} WARNING -   File "/home/airflow/.local/lib/python3.10/site-packages/requests/sessions.py", line 703, in send
    r = adapter.send(request, **kwargs)
[2026-09-16T15:45:49.977+0000] {logging_mixin.py:188} WARNING -   File "/home/airflow/.local/lib/python3.10/site-packages/requests/adapters.py", line 519, in send
    raise ConnectionError(e, request=request)
[2026-09-16T15:45:49.977+0000] {logging_mixin.py:188} WARNING - requests.exceptions.ConnectionError: HTTPSConnectionPool(host='www.googleapis.com', port=443): Max retries exceeded with url: /youtube/v3/videos?part=snippet%2Cstatistics%2CcontentDetails&id=IJkB-oapuks&key=AIzaSyCu0SeP4QtsaF8H6qeF4NcFYaRehf3ot8w (Caused by NameResolutionError("<urllib3.connection.HTTPSConnection object at 0x7bc5c06d7820>: Failed to resolve 'www.googleapis.com' ([Errno -2] Name or service not known)"))
[2026-09-16T15:45:49.986+0000] {logging_mixin.py:188} WARNING - Traceback (most recent call last):
[2026-09-16T15:45:49.987+0000] {logging_mixin.py:188} WARNING -   File "/home/airflow/.local/lib/python3.10/site-packages/urllib3/connection.py", line 198, in _new_conn
    sock = connection.create_connection(
[2026-09-16T15:45:49.987+0000] {logging_mixin.py:188} WARNING -   File "/home/airflow/.local/lib/python3.10/site-packages/urllib3/util/connection.py", line 60, in create_connection
    for res in socket.getaddrinfo(host, port, family, socket.SOCK_STREAM):
[2026-09-16T15:45:49.989+0000] {logging_mixin.py:188} WARNING -   File "/usr/local/lib/python3.10/socket.py", line 955, in getaddrinfo
    for res in _socket.getaddrinfo(host, port, family, type, proto, flags):
[2026-09-16T15:45:49.990+0000] {logging_mixin.py:188} WARNING - socket.gaierror: [Errno -2] Name or service not known
[2026-09-16T15:45:49.990+0000] {logging_mixin.py:188} WARNING - 
The above exception was the direct cause of the following exception:
[2026-09-16T15:45:49.991+0000] {logging_mixin.py:188} WARNING - Traceback (most recent call last):
[2026-09-16T15:45:49.991+0000] {logging_mixin.py:188} WARNING -   File "/home/airflow/.local/lib/python3.10/site-packages/urllib3/connectionpool.py", line 793, in urlopen
    response = self._make_request(
[2026-09-16T15:45:49.992+0000] {logging_mixin.py:188} WARNING -   File "/home/airflow/.local/lib/python3.10/site-packages/urllib3/connectionpool.py", line 491, in _make_request
    raise new_e
[2026-09-16T15:45:49.992+0000] {logging_mixin.py:188} WARNING -   File "/home/airflow/.local/lib/python3.10/site-packages/urllib3/connectionpool.py", line 467, in _make_request
    self._validate_conn(conn)
[2026-09-16T15:45:49.993+0000] {logging_mixin.py:188} WARNING -   File "/home/airflow/.local/lib/python3.10/site-packages/urllib3/connectionpool.py", line 1099, in _validate_conn
    conn.connect()
[2026-09-16T15:45:49.993+0000] {logging_mixin.py:188} WARNING -   File "/home/airflow/.local/lib/python3.10/site-packages/urllib3/connection.py", line 616, in connect
    self.sock = sock = self._new_conn()
[2026-09-16T15:45:49.993+0000] {logging_mixin.py:188} WARNING -   File "/home/airflow/.local/lib/python3.10/site-packages/urllib3/connection.py", line 205, in _new_conn
    raise NameResolutionError(self.host, self, e) from e
[2026-09-16T15:45:49.994+0000] {logging_mixin.py:188} WARNING - urllib3.exceptions.NameResolutionError: <urllib3.connection.HTTPSConnection object at 0x7bc5c06d7340>: Failed to resolve 'www.googleapis.com' ([Errno -2] Name or service not known)
[2026-09-16T15:45:49.994+0000] {logging_mixin.py:188} WARNING - 
The above exception was the direct cause of the following exception:
[2026-09-16T15:45:49.994+0000] {logging_mixin.py:188} WARNING - Traceback (most recent call last):
[2026-09-16T15:45:49.995+0000] {logging_mixin.py:188} WARNING -   File "/home/airflow/.local/lib/python3.10/site-packages/requests/adapters.py", line 486, in send
    resp = conn.urlopen(
[2026-09-16T15:45:49.995+0000] {logging_mixin.py:188} WARNING -   File "/home/airflow/.local/lib/python3.10/site-packages/urllib3/connectionpool.py", line 847, in urlopen
    retries = retries.increment(
[2026-09-16T15:45:49.996+0000] {logging_mixin.py:188} WARNING -   File "/home/airflow/.local/lib/python3.10/site-packages/urllib3/util/retry.py", line 515, in increment
    raise MaxRetryError(_pool, url, reason) from reason  # type: ignore[arg-type]
[2026-09-16T15:45:49.996+0000] {logging_mixin.py:188} WARNING - urllib3.exceptions.MaxRetryError: HTTPSConnectionPool(host='www.googleapis.com', port=443): Max retries exceeded with url: /youtube/v3/videos?part=snippet%2Cstatistics%2CcontentDetails&id=ZFoNBxpXen4&key=AIzaSyCu0SeP4QtsaF8H6qeF4NcFYaRehf3ot8w (Caused by NameResolutionError("<urllib3.connection.HTTPSConnection object at 0x7bc5c06d7340>: Failed to resolve 'www.googleapis.com' ([Errno -2] Name or service not known)"))
[2026-09-16T15:45:49.996+0000] {logging_mixin.py:188} WARNING - 
During handling of the above exception, another exception occurred:
[2026-09-16T15:45:49.997+0000] {logging_mixin.py:188} WARNING - Traceback (most recent call last):
[2026-09-16T15:45:49.997+0000] {logging_mixin.py:188} WARNING -   File "/opt/airflow/src/app.py", line 72, in get_all_videos
    video = clt.get_video_info(id, self.config.videoInfoUrl,
[2026-09-16T15:45:49.997+0000] {logging_mixin.py:188} WARNING -   File "/opt/airflow/src/controller/info.py", line 12, in get_video_info
    response: req.Response = req.get(url, params=params)
[2026-09-16T15:45:49.998+0000] {logging_mixin.py:188} WARNING -   File "/home/airflow/.local/lib/python3.10/site-packages/requests/api.py", line 73, in get
    return request("get", url, params=params, **kwargs)
[2026-09-16T15:45:49.998+0000] {logging_mixin.py:188} WARNING -   File "/home/airflow/.local/lib/python3.10/site-packages/requests/api.py", line 59, in request
    return session.request(method=method, url=url, **kwargs)
[2026-09-16T15:45:49.999+0000] {logging_mixin.py:188} WARNING -   File "/home/airflow/.local/lib/python3.10/site-packages/requests/sessions.py", line 589, in request
    resp = self.send(prep, **send_kwargs)
[2026-09-16T15:45:49.999+0000] {logging_mixin.py:188} WARNING -   File "/home/airflow/.local/lib/python3.10/site-packages/requests/sessions.py", line 703, in send
    r = adapter.send(request, **kwargs)
[2026-09-16T15:45:49.999+0000] {logging_mixin.py:188} WARNING -   File "/home/airflow/.local/lib/python3.10/site-packages/requests/adapters.py", line 519, in send
    raise ConnectionError(e, request=request)
[2026-09-16T15:45:50.000+0000] {logging_mixin.py:188} WARNING - requests.exceptions.ConnectionError: HTTPSConnectionPool(host='www.googleapis.com', port=443): Max retries exceeded with url: /youtube/v3/videos?part=snippet%2Cstatistics%2CcontentDetails&id=ZFoNBxpXen4&key=AIzaSyCu0SeP4QtsaF8H6qeF4NcFYaRehf3ot8w (Caused by NameResolutionError("<urllib3.connection.HTTPSConnection object at 0x7bc5c06d7340>: Failed to resolve 'www.googleapis.com' ([Errno -2] Name or service not known)"))
[2026-09-16T15:45:50.010+0000] {logging_mixin.py:188} WARNING - Traceback (most recent call last):
[2026-09-16T15:45:50.011+0000] {logging_mixin.py:188} WARNING -   File "/home/airflow/.local/lib/python3.10/site-packages/urllib3/connection.py", line 198, in _new_conn
    sock = connection.create_connection(
[2026-09-16T15:45:50.012+0000] {logging_mixin.py:188} WARNING -   File "/home/airflow/.local/lib/python3.10/site-packages/urllib3/util/connection.py", line 60, in create_connection
    for res in socket.getaddrinfo(host, port, family, socket.SOCK_STREAM):
[2026-09-16T15:45:50.013+0000] {logging_mixin.py:188} WARNING -   File "/usr/local/lib/python3.10/socket.py", line 955, in getaddrinfo
    for res in _socket.getaddrinfo(host, port, family, type, proto, flags):
[2026-09-16T15:45:50.013+0000] {logging_mixin.py:188} WARNING - socket.gaierror: [Errno -2] Name or service not known
[2026-09-16T15:45:50.013+0000] {logging_mixin.py:188} WARNING - 
The above exception was the direct cause of the following exception:
[2026-09-16T15:45:50.014+0000] {logging_mixin.py:188} WARNING - Traceback (most recent call last):
[2026-09-16T15:45:50.014+0000] {logging_mixin.py:188} WARNING -   File "/home/airflow/.local/lib/python3.10/site-packages/urllib3/connectionpool.py", line 793, in urlopen
    response = self._make_request(
[2026-09-16T15:45:50.015+0000] {logging_mixin.py:188} WARNING -   File "/home/airflow/.local/lib/python3.10/site-packages/urllib3/connectionpool.py", line 491, in _make_request
    raise new_e
[2026-09-16T15:45:50.015+0000] {logging_mixin.py:188} WARNING -   File "/home/airflow/.local/lib/python3.10/site-packages/urllib3/connectionpool.py", line 467, in _make_request
    self._validate_conn(conn)
[2026-09-16T15:45:50.016+0000] {logging_mixin.py:188} WARNING -   File "/home/airflow/.local/lib/python3.10/site-packages/urllib3/connectionpool.py", line 1099, in _validate_conn
    conn.connect()
[2026-09-16T15:45:50.016+0000] {logging_mixin.py:188} WARNING -   File "/home/airflow/.local/lib/python3.10/site-packages/urllib3/connection.py", line 616, in connect
    self.sock = sock = self._new_conn()
[2026-09-16T15:45:50.017+0000] {logging_mixin.py:188} WARNING -   File "/home/airflow/.local/lib/python3.10/site-packages/urllib3/connection.py", line 205, in _new_conn
    raise NameResolutionError(self.host, self, e) from e
[2026-09-16T15:45:50.017+0000] {logging_mixin.py:188} WARNING - urllib3.exceptions.NameResolutionError: <urllib3.connection.HTTPSConnection object at 0x7bc5c06d6d40>: Failed to resolve 'www.googleapis.com' ([Errno -2] Name or service not known)
[2026-09-16T15:45:50.018+0000] {logging_mixin.py:188} WARNING - 
The above exception was the direct cause of the following exception:
[2026-09-16T15:45:50.018+0000] {logging_mixin.py:188} WARNING - Traceback (most recent call last):
[2026-09-16T15:45:50.019+0000] {logging_mixin.py:188} WARNING -   File "/home/airflow/.local/lib/python3.10/site-packages/requests/adapters.py", line 486, in send
    resp = conn.urlopen(
[2026-09-16T15:45:50.019+0000] {logging_mixin.py:188} WARNING -   File "/home/airflow/.local/lib/python3.10/site-packages/urllib3/connectionpool.py", line 847, in urlopen
    retries = retries.increment(
[2026-09-16T15:45:50.020+0000] {logging_mixin.py:188} WARNING -   File "/home/airflow/.local/lib/python3.10/site-packages/urllib3/util/retry.py", line 515, in increment
    raise MaxRetryError(_pool, url, reason) from reason  # type: ignore[arg-type]
[2026-09-16T15:45:50.021+0000] {logging_mixin.py:188} WARNING - urllib3.exceptions.MaxRetryError: HTTPSConnectionPool(host='www.googleapis.com', port=443): Max retries exceeded with url: /youtube/v3/videos?part=snippet%2Cstatistics%2CcontentDetails&id=RB71Z-vVvCc&key=AIzaSyCu0SeP4QtsaF8H6qeF4NcFYaRehf3ot8w (Caused by NameResolutionError("<urllib3.connection.HTTPSConnection object at 0x7bc5c06d6d40>: Failed to resolve 'www.googleapis.com' ([Errno -2] Name or service not known)"))
[2026-09-16T15:45:50.022+0000] {logging_mixin.py:188} WARNING - 
During handling of the above exception, another exception occurred:
[2026-09-16T15:45:50.023+0000] {logging_mixin.py:188} WARNING - Traceback (most recent call last):
[2026-09-16T15:45:50.024+0000] {logging_mixin.py:188} WARNING -   File "/opt/airflow/src/app.py", line 72, in get_all_videos
    video = clt.get_video_info(id, self.config.videoInfoUrl,
[2026-09-16T15:45:50.024+0000] {logging_mixin.py:188} WARNING -   File "/opt/airflow/src/controller/info.py", line 12, in get_video_info
    response: req.Response = req.get(url, params=params)
[2026-09-16T15:45:50.025+0000] {logging_mixin.py:188} WARNING -   File "/home/airflow/.local/lib/python3.10/site-packages/requests/api.py", line 73, in get
    return request("get", url, params=params, **kwargs)
[2026-09-16T15:45:50.025+0000] {logging_mixin.py:188} WARNING -   File "/home/airflow/.local/lib/python3.10/site-packages/requests/api.py", line 59, in request
    return session.request(method=method, url=url, **kwargs)
[2026-09-16T15:45:50.025+0000] {logging_mixin.py:188} WARNING -   File "/home/airflow/.local/lib/python3.10/site-packages/requests/sessions.py", line 589, in request
    resp = self.send(prep, **send_kwargs)
[2026-09-16T15:45:50.026+0000] {logging_mixin.py:188} WARNING -   File "/home/airflow/.local/lib/python3.10/site-packages/requests/sessions.py", line 703, in send
    r = adapter.send(request, **kwargs)
[2026-09-16T15:45:50.026+0000] {logging_mixin.py:188} WARNING -   File "/home/airflow/.local/lib/python3.10/site-packages/requests/adapters.py", line 519, in send
    raise ConnectionError(e, request=request)
[2026-09-16T15:45:50.026+0000] {logging_mixin.py:188} WARNING - requests.exceptions.ConnectionError: HTTPSConnectionPool(host='www.googleapis.com', port=443): Max retries exceeded with url: /youtube/v3/videos?part=snippet%2Cstatistics%2CcontentDetails&id=RB71Z-vVvCc&key=AIzaSyCu0SeP4QtsaF8H6qeF4NcFYaRehf3ot8w (Caused by NameResolutionError("<urllib3.connection.HTTPSConnection object at 0x7bc5c06d6d40>: Failed to resolve 'www.googleapis.com' ([Errno -2] Name or service not known)"))
[2026-09-16T15:45:50.035+0000] {logging_mixin.py:188} WARNING - Traceback (most recent call last):
[2026-09-16T15:45:50.036+0000] {logging_mixin.py:188} WARNING -   File "/home/airflow/.local/lib/python3.10/site-packages/urllib3/connection.py", line 198, in _new_conn
    sock = connection.create_connection(
[2026-09-16T15:45:50.037+0000] {logging_mixin.py:188} WARNING -   File "/home/airflow/.local/lib/python3.10/site-packages/urllib3/util/connection.py", line 60, in create_connection
    for res in socket.getaddrinfo(host, port, family, socket.SOCK_STREAM):
[2026-09-16T15:45:50.037+0000] {logging_mixin.py:188} WARNING -   File "/usr/local/lib/python3.10/socket.py", line 955, in getaddrinfo
    for res in _socket.getaddrinfo(host, port, family, type, proto, flags):
[2026-09-16T15:45:50.038+0000] {logging_mixin.py:188} WARNING - socket.gaierror: [Errno -2] Name or service not known
[2026-09-16T15:45:50.039+0000] {logging_mixin.py:188} WARNING - 
The above exception was the direct cause of the following exception:
[2026-09-16T15:45:50.040+0000] {logging_mixin.py:188} WARNING - Traceback (most recent call last):
[2026-09-16T15:45:50.041+0000] {logging_mixin.py:188} WARNING -   File "/home/airflow/.local/lib/python3.10/site-packages/urllib3/connectionpool.py", line 793, in urlopen
    response = self._make_request(
[2026-09-16T15:45:50.041+0000] {logging_mixin.py:188} WARNING -   File "/home/airflow/.local/lib/python3.10/site-packages/urllib3/connectionpool.py", line 491, in _make_request
    raise new_e
[2026-09-16T15:45:50.042+0000] {logging_mixin.py:188} WARNING -   File "/home/airflow/.local/lib/python3.10/site-packages/urllib3/connectionpool.py", line 467, in _make_request
    self._validate_conn(conn)
[2026-09-16T15:45:50.042+0000] {logging_mixin.py:188} WARNING -   File "/home/airflow/.local/lib/python3.10/site-packages/urllib3/connectionpool.py", line 1099, in _validate_conn
    conn.connect()
[2026-09-16T15:45:50.043+0000] {logging_mixin.py:188} WARNING -   File "/home/airflow/.local/lib/python3.10/site-packages/urllib3/connection.py", line 616, in connect
    self.sock = sock = self._new_conn()
[2026-09-16T15:45:50.043+0000] {logging_mixin.py:188} WARNING -   File "/home/airflow/.local/lib/python3.10/site-packages/urllib3/connection.py", line 205, in _new_conn
    raise NameResolutionError(self.host, self, e) from e
[2026-09-16T15:45:50.044+0000] {logging_mixin.py:188} WARNING - urllib3.exceptions.NameResolutionError: <urllib3.connection.HTTPSConnection object at 0x7bc5c06d7760>: Failed to resolve 'www.googleapis.com' ([Errno -2] Name or service not known)
[2026-09-16T15:45:50.045+0000] {logging_mixin.py:188} WARNING - 
The above exception was the direct cause of the following exception:
[2026-09-16T15:45:50.045+0000] {logging_mixin.py:188} WARNING - Traceback (most recent call last):
[2026-09-16T15:45:50.045+0000] {logging_mixin.py:188} WARNING -   File "/home/airflow/.local/lib/python3.10/site-packages/requests/adapters.py", line 486, in send
    resp = conn.urlopen(
[2026-09-16T15:45:50.046+0000] {logging_mixin.py:188} WARNING -   File "/home/airflow/.local/lib/python3.10/site-packages/urllib3/connectionpool.py", line 847, in urlopen
    retries = retries.increment(
[2026-09-16T15:45:50.046+0000] {logging_mixin.py:188} WARNING -   File "/home/airflow/.local/lib/python3.10/site-packages/urllib3/util/retry.py", line 515, in increment
    raise MaxRetryError(_pool, url, reason) from reason  # type: ignore[arg-type]
[2026-09-16T15:45:50.047+0000] {logging_mixin.py:188} WARNING - urllib3.exceptions.MaxRetryError: HTTPSConnectionPool(host='www.googleapis.com', port=443): Max retries exceeded with url: /youtube/v3/videos?part=snippet%2Cstatistics%2CcontentDetails&id=fO5FwBcCJBY&key=AIzaSyCu0SeP4QtsaF8H6qeF4NcFYaRehf3ot8w (Caused by NameResolutionError("<urllib3.connection.HTTPSConnection object at 0x7bc5c06d7760>: Failed to resolve 'www.googleapis.com' ([Errno -2] Name or service not known)"))
[2026-09-16T15:45:50.047+0000] {logging_mixin.py:188} WARNING - 
During handling of the above exception, another exception occurred:
[2026-09-16T15:45:50.047+0000] {logging_mixin.py:188} WARNING - Traceback (most recent call last):
[2026-09-16T15:45:50.048+0000] {logging_mixin.py:188} WARNING -   File "/opt/airflow/src/app.py", line 72, in get_all_videos
    video = clt.get_video_info(id, self.config.videoInfoUrl,
[2026-09-16T15:45:50.048+0000] {logging_mixin.py:188} WARNING -   File "/opt/airflow/src/controller/info.py", line 12, in get_video_info
    response: req.Response = req.get(url, params=params)
[2026-09-16T15:45:50.049+0000] {logging_mixin.py:188} WARNING -   File "/home/airflow/.local/lib/python3.10/site-packages/requests/api.py", line 73, in get
    return request("get", url, params=params, **kwargs)
[2026-09-16T15:45:50.049+0000] {logging_mixin.py:188} WARNING -   File "/home/airflow/.local/lib/python3.10/site-packages/requests/api.py", line 59, in request
    return session.request(method=method, url=url, **kwargs)
[2026-09-16T15:45:50.049+0000] {logging_mixin.py:188} WARNING -   File "/home/airflow/.local/lib/python3.10/site-packages/requests/sessions.py", line 589, in request
    resp = self.send(prep, **send_kwargs)
[2026-09-16T15:45:50.050+0000] {logging_mixin.py:188} WARNING -   File "/home/airflow/.local/lib/python3.10/site-packages/requests/sessions.py", line 703, in send
    r = adapter.send(request, **kwargs)
[2026-09-16T15:45:50.050+0000] {logging_mixin.py:188} WARNING -   File "/home/airflow/.local/lib/python3.10/site-packages/requests/adapters.py", line 519, in send
    raise ConnectionError(e, request=request)
[2026-09-16T15:45:50.050+0000] {logging_mixin.py:188} WARNING - requests.exceptions.ConnectionError: HTTPSConnectionPool(host='www.googleapis.com', port=443): Max retries exceeded with url: /youtube/v3/videos?part=snippet%2Cstatistics%2CcontentDetails&id=fO5FwBcCJBY&key=AIzaSyCu0SeP4QtsaF8H6qeF4NcFYaRehf3ot8w (Caused by NameResolutionError("<urllib3.connection.HTTPSConnection object at 0x7bc5c06d7760>: Failed to resolve 'www.googleapis.com' ([Errno -2] Name or service not known)"))
[2026-09-16T15:45:50.061+0000] {logging_mixin.py:188} WARNING - Traceback (most recent call last):
[2026-09-16T15:45:50.062+0000] {logging_mixin.py:188} WARNING -   File "/home/airflow/.local/lib/python3.10/site-packages/urllib3/connection.py", line 198, in _new_conn
    sock = connection.create_connection(
[2026-09-16T15:45:50.062+0000] {logging_mixin.py:188} WARNING -   File "/home/airflow/.local/lib/python3.10/site-packages/urllib3/util/connection.py", line 60, in create_connection
    for res in socket.getaddrinfo(host, port, family, socket.SOCK_STREAM):
[2026-09-16T15:45:50.063+0000] {logging_mixin.py:188} WARNING -   File "/usr/local/lib/python3.10/socket.py", line 955, in getaddrinfo
    for res in _socket.getaddrinfo(host, port, family, type, proto, flags):
[2026-09-16T15:45:50.063+0000] {logging_mixin.py:188} WARNING - socket.gaierror: [Errno -2] Name or service not known
[2026-09-16T15:45:50.064+0000] {logging_mixin.py:188} WARNING - 
The above exception was the direct cause of the following exception:
[2026-09-16T15:45:50.064+0000] {logging_mixin.py:188} WARNING - Traceback (most recent call last):
[2026-09-16T15:45:50.065+0000] {logging_mixin.py:188} WARNING -   File "/home/airflow/.local/lib/python3.10/site-packages/urllib3/connectionpool.py", line 793, in urlopen
    response = self._make_request(
[2026-09-16T15:45:50.065+0000] {logging_mixin.py:188} WARNING -   File "/home/airflow/.local/lib/python3.10/site-packages/urllib3/connectionpool.py", line 491, in _make_request
    raise new_e
[2026-09-16T15:45:50.065+0000] {logging_mixin.py:188} WARNING -   File "/home/airflow/.local/lib/python3.10/site-packages/urllib3/connectionpool.py", line 467, in _make_request
    self._validate_conn(conn)
[2026-09-16T15:45:50.066+0000] {logging_mixin.py:188} WARNING -   File "/home/airflow/.local/lib/python3.10/site-packages/urllib3/connectionpool.py", line 1099, in _validate_conn
    conn.connect()
[2026-09-16T15:45:50.066+0000] {logging_mixin.py:188} WARNING -   File "/home/airflow/.local/lib/python3.10/site-packages/urllib3/connection.py", line 616, in connect
    self.sock = sock = self._new_conn()
[2026-09-16T15:45:50.067+0000] {logging_mixin.py:188} WARNING -   File "/home/airflow/.local/lib/python3.10/site-packages/urllib3/connection.py", line 205, in _new_conn
    raise NameResolutionError(self.host, self, e) from e
[2026-09-16T15:45:50.067+0000] {logging_mixin.py:188} WARNING - urllib3.exceptions.NameResolutionError: <urllib3.connection.HTTPSConnection object at 0x7bc5c06d5000>: Failed to resolve 'www.googleapis.com' ([Errno -2] Name or service not known)
[2026-09-16T15:45:50.068+0000] {logging_mixin.py:188} WARNING - 
The above exception was the direct cause of the following exception:
[2026-09-16T15:45:50.068+0000] {logging_mixin.py:188} WARNING - Traceback (most recent call last):
[2026-09-16T15:45:50.068+0000] {logging_mixin.py:188} WARNING -   File "/home/airflow/.local/lib/python3.10/site-packages/requests/adapters.py", line 486, in send
    resp = conn.urlopen(
[2026-09-16T15:45:50.069+0000] {logging_mixin.py:188} WARNING -   File "/home/airflow/.local/lib/python3.10/site-packages/urllib3/connectionpool.py", line 847, in urlopen
    retries = retries.increment(
[2026-09-16T15:45:50.069+0000] {logging_mixin.py:188} WARNING -   File "/home/airflow/.local/lib/python3.10/site-packages/urllib3/util/retry.py", line 515, in increment
    raise MaxRetryError(_pool, url, reason) from reason  # type: ignore[arg-type]
[2026-09-16T15:45:50.070+0000] {logging_mixin.py:188} WARNING - urllib3.exceptions.MaxRetryError: HTTPSConnectionPool(host='www.googleapis.com', port=443): Max retries exceeded with url: /youtube/v3/videos?part=snippet%2Cstatistics%2CcontentDetails&id=U-x6KxH1kB4&key=AIzaSyCu0SeP4QtsaF8H6qeF4NcFYaRehf3ot8w (Caused by NameResolutionError("<urllib3.connection.HTTPSConnection object at 0x7bc5c06d5000>: Failed to resolve 'www.googleapis.com' ([Errno -2] Name or service not known)"))
[2026-09-16T15:45:50.071+0000] {logging_mixin.py:188} WARNING - 
During handling of the above exception, another exception occurred:
[2026-09-16T15:45:50.072+0000] {logging_mixin.py:188} WARNING - Traceback (most recent call last):
[2026-09-16T15:45:50.073+0000] {logging_mixin.py:188} WARNING -   File "/opt/airflow/src/app.py", line 72, in get_all_videos
    video = clt.get_video_info(id, self.config.videoInfoUrl,
[2026-09-16T15:45:50.074+0000] {logging_mixin.py:188} WARNING -   File "/opt/airflow/src/controller/info.py", line 12, in get_video_info
    response: req.Response = req.get(url, params=params)
[2026-09-16T15:45:50.074+0000] {logging_mixin.py:188} WARNING -   File "/home/airflow/.local/lib/python3.10/site-packages/requests/api.py", line 73, in get
    return request("get", url, params=params, **kwargs)
[2026-09-16T15:45:50.075+0000] {logging_mixin.py:188} WARNING -   File "/home/airflow/.local/lib/python3.10/site-packages/requests/api.py", line 59, in request
    return session.request(method=method, url=url, **kwargs)
[2026-09-16T15:45:50.075+0000] {logging_mixin.py:188} WARNING -   File "/home/airflow/.local/lib/python3.10/site-packages/requests/sessions.py", line 589, in request
    resp = self.send(prep, **send_kwargs)
[2026-09-16T15:45:50.075+0000] {logging_mixin.py:188} WARNING -   File "/home/airflow/.local/lib/python3.10/site-packages/requests/sessions.py", line 703, in send
    r = adapter.send(request, **kwargs)
[2026-09-16T15:45:50.076+0000] {logging_mixin.py:188} WARNING -   File "/home/airflow/.local/lib/python3.10/site-packages/requests/adapters.py", line 519, in send
    raise ConnectionError(e, request=request)
[2026-09-16T15:45:50.076+0000] {logging_mixin.py:188} WARNING - requests.exceptions.ConnectionError: HTTPSConnectionPool(host='www.googleapis.com', port=443): Max retries exceeded with url: /youtube/v3/videos?part=snippet%2Cstatistics%2CcontentDetails&id=U-x6KxH1kB4&key=AIzaSyCu0SeP4QtsaF8H6qeF4NcFYaRehf3ot8w (Caused by NameResolutionError("<urllib3.connection.HTTPSConnection object at 0x7bc5c06d5000>: Failed to resolve 'www.googleapis.com' ([Errno -2] Name or service not known)"))
[2026-09-16T15:45:50.085+0000] {logging_mixin.py:188} WARNING - Traceback (most recent call last):
[2026-09-16T15:45:50.085+0000] {logging_mixin.py:188} WARNING -   File "/home/airflow/.local/lib/python3.10/site-packages/urllib3/connection.py", line 198, in _new_conn
    sock = connection.create_connection(
[2026-09-16T15:45:50.086+0000] {logging_mixin.py:188} WARNING -   File "/home/airflow/.local/lib/python3.10/site-packages/urllib3/util/connection.py", line 60, in create_connection
    for res in socket.getaddrinfo(host, port, family, socket.SOCK_STREAM):
[2026-09-16T15:45:50.087+0000] {logging_mixin.py:188} WARNING -   File "/usr/local/lib/python3.10/socket.py", line 955, in getaddrinfo
    for res in _socket.getaddrinfo(host, port, family, type, proto, flags):
[2026-09-16T15:45:50.087+0000] {logging_mixin.py:188} WARNING - socket.gaierror: [Errno -2] Name or service not known
[2026-09-16T15:45:50.089+0000] {logging_mixin.py:188} WARNING - 
The above exception was the direct cause of the following exception:
[2026-09-16T15:45:50.089+0000] {logging_mixin.py:188} WARNING - Traceback (most recent call last):
[2026-09-16T15:45:50.090+0000] {logging_mixin.py:188} WARNING -   File "/home/airflow/.local/lib/python3.10/site-packages/urllib3/connectionpool.py", line 793, in urlopen
    response = self._make_request(
[2026-09-16T15:45:50.090+0000] {logging_mixin.py:188} WARNING -   File "/home/airflow/.local/lib/python3.10/site-packages/urllib3/connectionpool.py", line 491, in _make_request
    raise new_e
[2026-09-16T15:45:50.091+0000] {logging_mixin.py:188} WARNING -   File "/home/airflow/.local/lib/python3.10/site-packages/urllib3/connectionpool.py", line 467, in _make_request
    self._validate_conn(conn)
[2026-09-16T15:45:50.092+0000] {logging_mixin.py:188} WARNING -   File "/home/airflow/.local/lib/python3.10/site-packages/urllib3/connectionpool.py", line 1099, in _validate_conn
    conn.connect()
[2026-09-16T15:45:50.092+0000] {logging_mixin.py:188} WARNING -   File "/home/airflow/.local/lib/python3.10/site-packages/urllib3/connection.py", line 616, in connect
    self.sock = sock = self._new_conn()
[2026-09-16T15:45:50.092+0000] {logging_mixin.py:188} WARNING -   File "/home/airflow/.local/lib/python3.10/site-packages/urllib3/connection.py", line 205, in _new_conn
    raise NameResolutionError(self.host, self, e) from e
[2026-09-16T15:45:50.093+0000] {logging_mixin.py:188} WARNING - urllib3.exceptions.NameResolutionError: <urllib3.connection.HTTPSConnection object at 0x7bc5c06d4cd0>: Failed to resolve 'www.googleapis.com' ([Errno -2] Name or service not known)
[2026-09-16T15:45:50.093+0000] {logging_mixin.py:188} WARNING - 
The above exception was the direct cause of the following exception:
[2026-09-16T15:45:50.094+0000] {logging_mixin.py:188} WARNING - Traceback (most recent call last):
[2026-09-16T15:45:50.094+0000] {logging_mixin.py:188} WARNING -   File "/home/airflow/.local/lib/python3.10/site-packages/requests/adapters.py", line 486, in send
    resp = conn.urlopen(
[2026-09-16T15:45:50.095+0000] {logging_mixin.py:188} WARNING -   File "/home/airflow/.local/lib/python3.10/site-packages/urllib3/connectionpool.py", line 847, in urlopen
    retries = retries.increment(
[2026-09-16T15:45:50.095+0000] {logging_mixin.py:188} WARNING -   File "/home/airflow/.local/lib/python3.10/site-packages/urllib3/util/retry.py", line 515, in increment
    raise MaxRetryError(_pool, url, reason) from reason  # type: ignore[arg-type]
[2026-09-16T15:45:50.096+0000] {logging_mixin.py:188} WARNING - urllib3.exceptions.MaxRetryError: HTTPSConnectionPool(host='www.googleapis.com', port=443): Max retries exceeded with url: /youtube/v3/videos?part=snippet%2Cstatistics%2CcontentDetails&id=8bMh8azh3CY&key=AIzaSyCu0SeP4QtsaF8H6qeF4NcFYaRehf3ot8w (Caused by NameResolutionError("<urllib3.connection.HTTPSConnection object at 0x7bc5c06d4cd0>: Failed to resolve 'www.googleapis.com' ([Errno -2] Name or service not known)"))
[2026-09-16T15:45:50.096+0000] {logging_mixin.py:188} WARNING - 
During handling of the above exception, another exception occurred:
[2026-09-16T15:45:50.096+0000] {logging_mixin.py:188} WARNING - Traceback (most recent call last):
[2026-09-16T15:45:50.097+0000] {logging_mixin.py:188} WARNING -   File "/opt/airflow/src/app.py", line 72, in get_all_videos
    video = clt.get_video_info(id, self.config.videoInfoUrl,
[2026-09-16T15:45:50.097+0000] {logging_mixin.py:188} WARNING -   File "/opt/airflow/src/controller/info.py", line 12, in get_video_info
    response: req.Response = req.get(url, params=params)
[2026-09-16T15:45:50.098+0000] {logging_mixin.py:188} WARNING -   File "/home/airflow/.local/lib/python3.10/site-packages/requests/api.py", line 73, in get
    return request("get", url, params=params, **kwargs)
[2026-09-16T15:45:50.098+0000] {logging_mixin.py:188} WARNING -   File "/home/airflow/.local/lib/python3.10/site-packages/requests/api.py", line 59, in request
    return session.request(method=method, url=url, **kwargs)
[2026-09-16T15:45:50.099+0000] {logging_mixin.py:188} WARNING -   File "/home/airflow/.local/lib/python3.10/site-packages/requests/sessions.py", line 589, in request
    resp = self.send(prep, **send_kwargs)
[2026-09-16T15:45:50.099+0000] {logging_mixin.py:188} WARNING -   File "/home/airflow/.local/lib/python3.10/site-packages/requests/sessions.py", line 703, in send
    r = adapter.send(request, **kwargs)
[2026-09-16T15:45:50.100+0000] {logging_mixin.py:188} WARNING -   File "/home/airflow/.local/lib/python3.10/site-packages/requests/adapters.py", line 519, in send
    raise ConnectionError(e, request=request)
[2026-09-16T15:45:50.100+0000] {logging_mixin.py:188} WARNING - requests.exceptions.ConnectionError: HTTPSConnectionPool(host='www.googleapis.com', port=443): Max retries exceeded with url: /youtube/v3/videos?part=snippet%2Cstatistics%2CcontentDetails&id=8bMh8azh3CY&key=AIzaSyCu0SeP4QtsaF8H6qeF4NcFYaRehf3ot8w (Caused by NameResolutionError("<urllib3.connection.HTTPSConnection object at 0x7bc5c06d4cd0>: Failed to resolve 'www.googleapis.com' ([Errno -2] Name or service not known)"))
[2026-09-16T15:45:50.112+0000] {logging_mixin.py:188} WARNING - Traceback (most recent call last):
[2026-09-16T15:45:50.113+0000] {logging_mixin.py:188} WARNING -   File "/home/airflow/.local/lib/python3.10/site-packages/urllib3/connection.py", line 198, in _new_conn
    sock = connection.create_connection(
[2026-09-16T15:45:50.114+0000] {logging_mixin.py:188} WARNING -   File "/home/airflow/.local/lib/python3.10/site-packages/urllib3/util/connection.py", line 60, in create_connection
    for res in socket.getaddrinfo(host, port, family, socket.SOCK_STREAM):
[2026-09-16T15:45:50.114+0000] {logging_mixin.py:188} WARNING -   File "/usr/local/lib/python3.10/socket.py", line 955, in getaddrinfo
    for res in _socket.getaddrinfo(host, port, family, type, proto, flags):
[2026-09-16T15:45:50.115+0000] {logging_mixin.py:188} WARNING - socket.gaierror: [Errno -2] Name or service not known
[2026-09-16T15:45:50.115+0000] {logging_mixin.py:188} WARNING - 
The above exception was the direct cause of the following exception:
[2026-09-16T15:45:50.116+0000] {logging_mixin.py:188} WARNING - Traceback (most recent call last):
[2026-09-16T15:45:50.117+0000] {logging_mixin.py:188} WARNING -   File "/home/airflow/.local/lib/python3.10/site-packages/urllib3/connectionpool.py", line 793, in urlopen
    response = self._make_request(
[2026-09-16T15:45:50.117+0000] {logging_mixin.py:188} WARNING -   File "/home/airflow/.local/lib/python3.10/site-packages/urllib3/connectionpool.py", line 491, in _make_request
    raise new_e
[2026-09-16T15:45:50.118+0000] {logging_mixin.py:188} WARNING -   File "/home/airflow/.local/lib/python3.10/site-packages/urllib3/connectionpool.py", line 467, in _make_request
    self._validate_conn(conn)
[2026-09-16T15:45:50.118+0000] {logging_mixin.py:188} WARNING -   File "/home/airflow/.local/lib/python3.10/site-packages/urllib3/connectionpool.py", line 1099, in _validate_conn
    conn.connect()
[2026-09-16T15:45:50.119+0000] {logging_mixin.py:188} WARNING -   File "/home/airflow/.local/lib/python3.10/site-packages/urllib3/connection.py", line 616, in connect
    self.sock = sock = self._new_conn()
[2026-09-16T15:45:50.119+0000] {logging_mixin.py:188} WARNING -   File "/home/airflow/.local/lib/python3.10/site-packages/urllib3/connection.py", line 205, in _new_conn
    raise NameResolutionError(self.host, self, e) from e
[2026-09-16T15:45:50.120+0000] {logging_mixin.py:188} WARNING - urllib3.exceptions.NameResolutionError: <urllib3.connection.HTTPSConnection object at 0x7bc5c06d5390>: Failed to resolve 'www.googleapis.com' ([Errno -2] Name or service not known)
[2026-09-16T15:45:50.121+0000] {logging_mixin.py:188} WARNING - 
The above exception was the direct cause of the following exception:
[2026-09-16T15:45:50.122+0000] {logging_mixin.py:188} WARNING - Traceback (most recent call last):
[2026-09-16T15:45:50.123+0000] {logging_mixin.py:188} WARNING -   File "/home/airflow/.local/lib/python3.10/site-packages/requests/adapters.py", line 486, in send
    resp = conn.urlopen(
[2026-09-16T15:45:50.124+0000] {logging_mixin.py:188} WARNING -   File "/home/airflow/.local/lib/python3.10/site-packages/urllib3/connectionpool.py", line 847, in urlopen
    retries = retries.increment(
[2026-09-16T15:45:50.124+0000] {logging_mixin.py:188} WARNING -   File "/home/airflow/.local/lib/python3.10/site-packages/urllib3/util/retry.py", line 515, in increment
    raise MaxRetryError(_pool, url, reason) from reason  # type: ignore[arg-type]
[2026-09-16T15:45:50.125+0000] {logging_mixin.py:188} WARNING - urllib3.exceptions.MaxRetryError: HTTPSConnectionPool(host='www.googleapis.com', port=443): Max retries exceeded with url: /youtube/v3/videos?part=snippet%2Cstatistics%2CcontentDetails&id=SE9xF1l3ZwE&key=AIzaSyCu0SeP4QtsaF8H6qeF4NcFYaRehf3ot8w (Caused by NameResolutionError("<urllib3.connection.HTTPSConnection object at 0x7bc5c06d5390>: Failed to resolve 'www.googleapis.com' ([Errno -2] Name or service not known)"))
[2026-09-16T15:45:50.125+0000] {logging_mixin.py:188} WARNING - 
During handling of the above exception, another exception occurred:
[2026-09-16T15:45:50.126+0000] {logging_mixin.py:188} WARNING - Traceback (most recent call last):
[2026-09-16T15:45:50.127+0000] {logging_mixin.py:188} WARNING -   File "/opt/airflow/src/app.py", line 72, in get_all_videos
    video = clt.get_video_info(id, self.config.videoInfoUrl,
[2026-09-16T15:45:50.127+0000] {logging_mixin.py:188} WARNING -   File "/opt/airflow/src/controller/info.py", line 12, in get_video_info
    response: req.Response = req.get(url, params=params)
[2026-09-16T15:45:50.128+0000] {logging_mixin.py:188} WARNING -   File "/home/airflow/.local/lib/python3.10/site-packages/requests/api.py", line 73, in get
    return request("get", url, params=params, **kwargs)
[2026-09-16T15:45:50.129+0000] {logging_mixin.py:188} WARNING -   File "/home/airflow/.local/lib/python3.10/site-packages/requests/api.py", line 59, in request
    return session.request(method=method, url=url, **kwargs)
[2026-09-16T15:45:50.129+0000] {logging_mixin.py:188} WARNING -   File "/home/airflow/.local/lib/python3.10/site-packages/requests/sessions.py", line 589, in request
    resp = self.send(prep, **send_kwargs)
[2026-09-16T15:45:50.130+0000] {logging_mixin.py:188} WARNING -   File "/home/airflow/.local/lib/python3.10/site-packages/requests/sessions.py", line 703, in send
    r = adapter.send(request, **kwargs)
[2026-09-16T15:45:50.130+0000] {logging_mixin.py:188} WARNING -   File "/home/airflow/.local/lib/python3.10/site-packages/requests/adapters.py", line 519, in send
    raise ConnectionError(e, request=request)
[2026-09-16T15:45:50.131+0000] {logging_mixin.py:188} WARNING - requests.exceptions.ConnectionError: HTTPSConnectionPool(host='www.googleapis.com', port=443): Max retries exceeded with url: /youtube/v3/videos?part=snippet%2Cstatistics%2CcontentDetails&id=SE9xF1l3ZwE&key=AIzaSyCu0SeP4QtsaF8H6qeF4NcFYaRehf3ot8w (Caused by NameResolutionError("<urllib3.connection.HTTPSConnection object at 0x7bc5c06d5390>: Failed to resolve 'www.googleapis.com' ([Errno -2] Name or service not known)"))
[2026-09-16T15:45:50.144+0000] {logging_mixin.py:188} WARNING - Traceback (most recent call last):
[2026-09-16T15:45:50.145+0000] {logging_mixin.py:188} WARNING -   File "/home/airflow/.local/lib/python3.10/site-packages/urllib3/connection.py", line 198, in _new_conn
    sock = connection.create_connection(
[2026-09-16T15:45:50.146+0000] {logging_mixin.py:188} WARNING -   File "/home/airflow/.local/lib/python3.10/site-packages/urllib3/util/connection.py", line 60, in create_connection
    for res in socket.getaddrinfo(host, port, family, socket.SOCK_STREAM):
[2026-09-16T15:45:50.146+0000] {logging_mixin.py:188} WARNING -   File "/usr/local/lib/python3.10/socket.py", line 955, in getaddrinfo
    for res in _socket.getaddrinfo(host, port, family, type, proto, flags):
[2026-09-16T15:45:50.147+0000] {logging_mixin.py:188} WARNING - socket.gaierror: [Errno -2] Name or service not known
[2026-09-16T15:45:50.147+0000] {logging_mixin.py:188} WARNING - 
The above exception was the direct cause of the following exception:
[2026-09-16T15:45:50.148+0000] {logging_mixin.py:188} WARNING - Traceback (most recent call last):
[2026-09-16T15:45:50.149+0000] {logging_mixin.py:188} WARNING -   File "/home/airflow/.local/lib/python3.10/site-packages/urllib3/connectionpool.py", line 793, in urlopen
    response = self._make_request(
[2026-09-16T15:45:50.149+0000] {logging_mixin.py:188} WARNING -   File "/home/airflow/.local/lib/python3.10/site-packages/urllib3/connectionpool.py", line 491, in _make_request
    raise new_e
[2026-09-16T15:45:50.150+0000] {logging_mixin.py:188} WARNING -   File "/home/airflow/.local/lib/python3.10/site-packages/urllib3/connectionpool.py", line 467, in _make_request
    self._validate_conn(conn)
[2026-09-16T15:45:50.150+0000] {logging_mixin.py:188} WARNING -   File "/home/airflow/.local/lib/python3.10/site-packages/urllib3/connectionpool.py", line 1099, in _validate_conn
    conn.connect()
[2026-09-16T15:45:50.151+0000] {logging_mixin.py:188} WARNING -   File "/home/airflow/.local/lib/python3.10/site-packages/urllib3/connection.py", line 616, in connect
    self.sock = sock = self._new_conn()
[2026-09-16T15:45:50.151+0000] {logging_mixin.py:188} WARNING -   File "/home/airflow/.local/lib/python3.10/site-packages/urllib3/connection.py", line 205, in _new_conn
    raise NameResolutionError(self.host, self, e) from e
[2026-09-16T15:45:50.152+0000] {logging_mixin.py:188} WARNING - urllib3.exceptions.NameResolutionError: <urllib3.connection.HTTPSConnection object at 0x7bc5c06d65f0>: Failed to resolve 'www.googleapis.com' ([Errno -2] Name or service not known)
[2026-09-16T15:45:50.152+0000] {logging_mixin.py:188} WARNING - 
The above exception was the direct cause of the following exception:
[2026-09-16T15:45:50.153+0000] {logging_mixin.py:188} WARNING - Traceback (most recent call last):
[2026-09-16T15:45:50.153+0000] {logging_mixin.py:188} WARNING -   File "/home/airflow/.local/lib/python3.10/site-packages/requests/adapters.py", line 486, in send
    resp = conn.urlopen(
[2026-09-16T15:45:50.154+0000] {logging_mixin.py:188} WARNING -   File "/home/airflow/.local/lib/python3.10/site-packages/urllib3/connectionpool.py", line 847, in urlopen
    retries = retries.increment(
[2026-09-16T15:45:50.155+0000] {logging_mixin.py:188} WARNING -   File "/home/airflow/.local/lib/python3.10/site-packages/urllib3/util/retry.py", line 515, in increment
    raise MaxRetryError(_pool, url, reason) from reason  # type: ignore[arg-type]
[2026-09-16T15:45:50.156+0000] {logging_mixin.py:188} WARNING - urllib3.exceptions.MaxRetryError: HTTPSConnectionPool(host='www.googleapis.com', port=443): Max retries exceeded with url: /youtube/v3/videos?part=snippet%2Cstatistics%2CcontentDetails&id=rF00lQ_upzg&key=AIzaSyCu0SeP4QtsaF8H6qeF4NcFYaRehf3ot8w (Caused by NameResolutionError("<urllib3.connection.HTTPSConnection object at 0x7bc5c06d65f0>: Failed to resolve 'www.googleapis.com' ([Errno -2] Name or service not known)"))
[2026-09-16T15:45:50.157+0000] {logging_mixin.py:188} WARNING - 
During handling of the above exception, another exception occurred:
[2026-09-16T15:45:50.158+0000] {logging_mixin.py:188} WARNING - Traceback (most recent call last):
[2026-09-16T15:45:50.159+0000] {logging_mixin.py:188} WARNING -   File "/opt/airflow/src/app.py", line 72, in get_all_videos
    video = clt.get_video_info(id, self.config.videoInfoUrl,
[2026-09-16T15:45:50.159+0000] {logging_mixin.py:188} WARNING -   File "/opt/airflow/src/controller/info.py", line 12, in get_video_info
    response: req.Response = req.get(url, params=params)
[2026-09-16T15:45:50.160+0000] {logging_mixin.py:188} WARNING -   File "/home/airflow/.local/lib/python3.10/site-packages/requests/api.py", line 73, in get
    return request("get", url, params=params, **kwargs)
[2026-09-16T15:45:50.161+0000] {logging_mixin.py:188} WARNING -   File "/home/airflow/.local/lib/python3.10/site-packages/requests/api.py", line 59, in request
    return session.request(method=method, url=url, **kwargs)
[2026-09-16T15:45:50.161+0000] {logging_mixin.py:188} WARNING -   File "/home/airflow/.local/lib/python3.10/site-packages/requests/sessions.py", line 589, in request
    resp = self.send(prep, **send_kwargs)
[2026-09-16T15:45:50.162+0000] {logging_mixin.py:188} WARNING -   File "/home/airflow/.local/lib/python3.10/site-packages/requests/sessions.py", line 703, in send
    r = adapter.send(request, **kwargs)
[2026-09-16T15:45:50.162+0000] {logging_mixin.py:188} WARNING -   File "/home/airflow/.local/lib/python3.10/site-packages/requests/adapters.py", line 519, in send
    raise ConnectionError(e, request=request)
[2026-09-16T15:45:50.163+0000] {logging_mixin.py:188} WARNING - requests.exceptions.ConnectionError: HTTPSConnectionPool(host='www.googleapis.com', port=443): Max retries exceeded with url: /youtube/v3/videos?part=snippet%2Cstatistics%2CcontentDetails&id=rF00lQ_upzg&key=AIzaSyCu0SeP4QtsaF8H6qeF4NcFYaRehf3ot8w (Caused by NameResolutionError("<urllib3.connection.HTTPSConnection object at 0x7bc5c06d65f0>: Failed to resolve 'www.googleapis.com' ([Errno -2] Name or service not known)"))
[2026-09-16T15:45:50.175+0000] {logging_mixin.py:188} WARNING - Traceback (most recent call last):
[2026-09-16T15:45:50.176+0000] {logging_mixin.py:188} WARNING -   File "/home/airflow/.local/lib/python3.10/site-packages/urllib3/connection.py", line 198, in _new_conn
    sock = connection.create_connection(
[2026-09-16T15:45:50.177+0000] {logging_mixin.py:188} WARNING -   File "/home/airflow/.local/lib/python3.10/site-packages/urllib3/util/connection.py", line 60, in create_connection
    for res in socket.getaddrinfo(host, port, family, socket.SOCK_STREAM):
[2026-09-16T15:45:50.178+0000] {logging_mixin.py:188} WARNING -   File "/usr/local/lib/python3.10/socket.py", line 955, in getaddrinfo
    for res in _socket.getaddrinfo(host, port, family, type, proto, flags):
[2026-09-16T15:45:50.178+0000] {logging_mixin.py:188} WARNING - socket.gaierror: [Errno -2] Name or service not known
[2026-09-16T15:45:50.179+0000] {logging_mixin.py:188} WARNING - 
The above exception was the direct cause of the following exception:
[2026-09-16T15:45:50.180+0000] {logging_mixin.py:188} WARNING - Traceback (most recent call last):
[2026-09-16T15:45:50.181+0000] {logging_mixin.py:188} WARNING -   File "/home/airflow/.local/lib/python3.10/site-packages/urllib3/connectionpool.py", line 793, in urlopen
    response = self._make_request(
[2026-09-16T15:45:50.181+0000] {logging_mixin.py:188} WARNING -   File "/home/airflow/.local/lib/python3.10/site-packages/urllib3/connectionpool.py", line 491, in _make_request
    raise new_e
[2026-09-16T15:45:50.182+0000] {logging_mixin.py:188} WARNING -   File "/home/airflow/.local/lib/python3.10/site-packages/urllib3/connectionpool.py", line 467, in _make_request
    self._validate_conn(conn)
[2026-09-16T15:45:50.182+0000] {logging_mixin.py:188} WARNING -   File "/home/airflow/.local/lib/python3.10/site-packages/urllib3/connectionpool.py", line 1099, in _validate_conn
    conn.connect()
[2026-09-16T15:45:50.183+0000] {logging_mixin.py:188} WARNING -   File "/home/airflow/.local/lib/python3.10/site-packages/urllib3/connection.py", line 616, in connect
    self.sock = sock = self._new_conn()
[2026-09-16T15:45:50.184+0000] {logging_mixin.py:188} WARNING -   File "/home/airflow/.local/lib/python3.10/site-packages/urllib3/connection.py", line 205, in _new_conn
    raise NameResolutionError(self.host, self, e) from e
[2026-09-16T15:45:50.184+0000] {logging_mixin.py:188} WARNING - urllib3.exceptions.NameResolutionError: <urllib3.connection.HTTPSConnection object at 0x7bc5c0667e20>: Failed to resolve 'www.googleapis.com' ([Errno -2] Name or service not known)
[2026-09-16T15:45:50.185+0000] {logging_mixin.py:188} WARNING - 
The above exception was the direct cause of the following exception:
[2026-09-16T15:45:50.185+0000] {logging_mixin.py:188} WARNING - Traceback (most recent call last):
[2026-09-16T15:45:50.186+0000] {logging_mixin.py:188} WARNING -   File "/home/airflow/.local/lib/python3.10/site-packages/requests/adapters.py", line 486, in send
    resp = conn.urlopen(
[2026-09-16T15:45:50.186+0000] {logging_mixin.py:188} WARNING -   File "/home/airflow/.local/lib/python3.10/site-packages/urllib3/connectionpool.py", line 847, in urlopen
    retries = retries.increment(
[2026-09-16T15:45:50.186+0000] {logging_mixin.py:188} WARNING -   File "/home/airflow/.local/lib/python3.10/site-packages/urllib3/util/retry.py", line 515, in increment
    raise MaxRetryError(_pool, url, reason) from reason  # type: ignore[arg-type]
[2026-09-16T15:45:50.187+0000] {logging_mixin.py:188} WARNING - urllib3.exceptions.MaxRetryError: HTTPSConnectionPool(host='www.googleapis.com', port=443): Max retries exceeded with url: /youtube/v3/videos?part=snippet%2Cstatistics%2CcontentDetails&id=uZY9xr-QAk0&key=AIzaSyCu0SeP4QtsaF8H6qeF4NcFYaRehf3ot8w (Caused by NameResolutionError("<urllib3.connection.HTTPSConnection object at 0x7bc5c0667e20>: Failed to resolve 'www.googleapis.com' ([Errno -2] Name or service not known)"))
[2026-09-16T15:45:50.188+0000] {logging_mixin.py:188} WARNING - 
During handling of the above exception, another exception occurred:
[2026-09-16T15:45:50.189+0000] {logging_mixin.py:188} WARNING - Traceback (most recent call last):
[2026-09-16T15:45:50.190+0000] {logging_mixin.py:188} WARNING -   File "/opt/airflow/src/app.py", line 72, in get_all_videos
    video = clt.get_video_info(id, self.config.videoInfoUrl,
[2026-09-16T15:45:50.191+0000] {logging_mixin.py:188} WARNING -   File "/opt/airflow/src/controller/info.py", line 12, in get_video_info
    response: req.Response = req.get(url, params=params)
[2026-09-16T15:45:50.192+0000] {logging_mixin.py:188} WARNING -   File "/home/airflow/.local/lib/python3.10/site-packages/requests/api.py", line 73, in get
    return request("get", url, params=params, **kwargs)
[2026-09-16T15:45:50.192+0000] {logging_mixin.py:188} WARNING -   File "/home/airflow/.local/lib/python3.10/site-packages/requests/api.py", line 59, in request
    return session.request(method=method, url=url, **kwargs)
[2026-09-16T15:45:50.193+0000] {logging_mixin.py:188} WARNING -   File "/home/airflow/.local/lib/python3.10/site-packages/requests/sessions.py", line 589, in request
    resp = self.send(prep, **send_kwargs)
[2026-09-16T15:45:50.193+0000] {logging_mixin.py:188} WARNING -   File "/home/airflow/.local/lib/python3.10/site-packages/requests/sessions.py", line 703, in send
    r = adapter.send(request, **kwargs)
[2026-09-16T15:45:50.194+0000] {logging_mixin.py:188} WARNING -   File "/home/airflow/.local/lib/python3.10/site-packages/requests/adapters.py", line 519, in send
    raise ConnectionError(e, request=request)
[2026-09-16T15:45:50.194+0000] {logging_mixin.py:188} WARNING - requests.exceptions.ConnectionError: HTTPSConnectionPool(host='www.googleapis.com', port=443): Max retries exceeded with url: /youtube/v3/videos?part=snippet%2Cstatistics%2CcontentDetails&id=uZY9xr-QAk0&key=AIzaSyCu0SeP4QtsaF8H6qeF4NcFYaRehf3ot8w (Caused by NameResolutionError("<urllib3.connection.HTTPSConnection object at 0x7bc5c0667e20>: Failed to resolve 'www.googleapis.com' ([Errno -2] Name or service not known)"))
[2026-09-16T15:45:50.206+0000] {logging_mixin.py:188} WARNING - Traceback (most recent call last):
[2026-09-16T15:45:50.207+0000] {logging_mixin.py:188} WARNING -   File "/home/airflow/.local/lib/python3.10/site-packages/urllib3/connection.py", line 198, in _new_conn
    sock = connection.create_connection(
[2026-09-16T15:45:50.208+0000] {logging_mixin.py:188} WARNING -   File "/home/airflow/.local/lib/python3.10/site-packages/urllib3/util/connection.py", line 60, in create_connection
    for res in socket.getaddrinfo(host, port, family, socket.SOCK_STREAM):
[2026-09-16T15:45:50.209+0000] {logging_mixin.py:188} WARNING -   File "/usr/local/lib/python3.10/socket.py", line 955, in getaddrinfo
    for res in _socket.getaddrinfo(host, port, family, type, proto, flags):
[2026-09-16T15:45:50.210+0000] {logging_mixin.py:188} WARNING - socket.gaierror: [Errno -2] Name or service not known
[2026-09-16T15:45:50.211+0000] {logging_mixin.py:188} WARNING - 
The above exception was the direct cause of the following exception:
[2026-09-16T15:45:50.211+0000] {logging_mixin.py:188} WARNING - Traceback (most recent call last):
[2026-09-16T15:45:50.212+0000] {logging_mixin.py:188} WARNING -   File "/home/airflow/.local/lib/python3.10/site-packages/urllib3/connectionpool.py", line 793, in urlopen
    response = self._make_request(
[2026-09-16T15:45:50.213+0000] {logging_mixin.py:188} WARNING -   File "/home/airflow/.local/lib/python3.10/site-packages/urllib3/connectionpool.py", line 491, in _make_request
    raise new_e
[2026-09-16T15:45:50.214+0000] {logging_mixin.py:188} WARNING -   File "/home/airflow/.local/lib/python3.10/site-packages/urllib3/connectionpool.py", line 467, in _make_request
    self._validate_conn(conn)
[2026-09-16T15:45:50.214+0000] {logging_mixin.py:188} WARNING -   File "/home/airflow/.local/lib/python3.10/site-packages/urllib3/connectionpool.py", line 1099, in _validate_conn
    conn.connect()
[2026-09-16T15:45:50.215+0000] {logging_mixin.py:188} WARNING -   File "/home/airflow/.local/lib/python3.10/site-packages/urllib3/connection.py", line 616, in connect
    self.sock = sock = self._new_conn()
[2026-09-16T15:45:50.216+0000] {logging_mixin.py:188} WARNING -   File "/home/airflow/.local/lib/python3.10/site-packages/urllib3/connection.py", line 205, in _new_conn
    raise NameResolutionError(self.host, self, e) from e
[2026-09-16T15:45:50.216+0000] {logging_mixin.py:188} WARNING - urllib3.exceptions.NameResolutionError: <urllib3.connection.HTTPSConnection object at 0x7bc5c06d44c0>: Failed to resolve 'www.googleapis.com' ([Errno -2] Name or service not known)
[2026-09-16T15:45:50.217+0000] {logging_mixin.py:188} WARNING - 
The above exception was the direct cause of the following exception:
[2026-09-16T15:45:50.218+0000] {logging_mixin.py:188} WARNING - Traceback (most recent call last):
[2026-09-16T15:45:50.218+0000] {logging_mixin.py:188} WARNING -   File "/home/airflow/.local/lib/python3.10/site-packages/requests/adapters.py", line 486, in send
    resp = conn.urlopen(
[2026-09-16T15:45:50.219+0000] {logging_mixin.py:188} WARNING -   File "/home/airflow/.local/lib/python3.10/site-packages/urllib3/connectionpool.py", line 847, in urlopen
    retries = retries.increment(
[2026-09-16T15:45:50.219+0000] {logging_mixin.py:188} WARNING -   File "/home/airflow/.local/lib/python3.10/site-packages/urllib3/util/retry.py", line 515, in increment
    raise MaxRetryError(_pool, url, reason) from reason  # type: ignore[arg-type]
[2026-09-16T15:45:50.220+0000] {logging_mixin.py:188} WARNING - urllib3.exceptions.MaxRetryError: HTTPSConnectionPool(host='www.googleapis.com', port=443): Max retries exceeded with url: /youtube/v3/videos?part=snippet%2Cstatistics%2CcontentDetails&id=AWBsoArakNY&key=AIzaSyCu0SeP4QtsaF8H6qeF4NcFYaRehf3ot8w (Caused by NameResolutionError("<urllib3.connection.HTTPSConnection object at 0x7bc5c06d44c0>: Failed to resolve 'www.googleapis.com' ([Errno -2] Name or service not known)"))
[2026-09-16T15:45:50.221+0000] {logging_mixin.py:188} WARNING - 
During handling of the above exception, another exception occurred:
[2026-09-16T15:45:50.223+0000] {logging_mixin.py:188} WARNING - Traceback (most recent call last):
[2026-09-16T15:45:50.225+0000] {logging_mixin.py:188} WARNING -   File "/opt/airflow/src/app.py", line 72, in get_all_videos
    video = clt.get_video_info(id, self.config.videoInfoUrl,
[2026-09-16T15:45:50.225+0000] {logging_mixin.py:188} WARNING -   File "/opt/airflow/src/controller/info.py", line 12, in get_video_info
    response: req.Response = req.get(url, params=params)
[2026-09-16T15:45:50.226+0000] {logging_mixin.py:188} WARNING -   File "/home/airflow/.local/lib/python3.10/site-packages/requests/api.py", line 73, in get
    return request("get", url, params=params, **kwargs)
[2026-09-16T15:45:50.227+0000] {logging_mixin.py:188} WARNING -   File "/home/airflow/.local/lib/python3.10/site-packages/requests/api.py", line 59, in request
    return session.request(method=method, url=url, **kwargs)
[2026-09-16T15:45:50.228+0000] {logging_mixin.py:188} WARNING -   File "/home/airflow/.local/lib/python3.10/site-packages/requests/sessions.py", line 589, in request
    resp = self.send(prep, **send_kwargs)
[2026-09-16T15:45:50.228+0000] {logging_mixin.py:188} WARNING -   File "/home/airflow/.local/lib/python3.10/site-packages/requests/sessions.py", line 703, in send
    r = adapter.send(request, **kwargs)
[2026-09-16T15:45:50.229+0000] {logging_mixin.py:188} WARNING -   File "/home/airflow/.local/lib/python3.10/site-packages/requests/adapters.py", line 519, in send
    raise ConnectionError(e, request=request)
[2026-09-16T15:45:50.230+0000] {logging_mixin.py:188} WARNING - requests.exceptions.ConnectionError: HTTPSConnectionPool(host='www.googleapis.com', port=443): Max retries exceeded with url: /youtube/v3/videos?part=snippet%2Cstatistics%2CcontentDetails&id=AWBsoArakNY&key=AIzaSyCu0SeP4QtsaF8H6qeF4NcFYaRehf3ot8w (Caused by NameResolutionError("<urllib3.connection.HTTPSConnection object at 0x7bc5c06d44c0>: Failed to resolve 'www.googleapis.com' ([Errno -2] Name or service not known)"))
[2026-09-16T15:45:50.243+0000] {logging_mixin.py:188} WARNING - Traceback (most recent call last):
[2026-09-16T15:45:50.244+0000] {logging_mixin.py:188} WARNING -   File "/home/airflow/.local/lib/python3.10/site-packages/urllib3/connection.py", line 198, in _new_conn
    sock = connection.create_connection(
[2026-09-16T15:45:50.245+0000] {logging_mixin.py:188} WARNING -   File "/home/airflow/.local/lib/python3.10/site-packages/urllib3/util/connection.py", line 60, in create_connection
    for res in socket.getaddrinfo(host, port, family, socket.SOCK_STREAM):
[2026-09-16T15:45:50.245+0000] {logging_mixin.py:188} WARNING -   File "/usr/local/lib/python3.10/socket.py", line 955, in getaddrinfo
    for res in _socket.getaddrinfo(host, port, family, type, proto, flags):
[2026-09-16T15:45:50.246+0000] {logging_mixin.py:188} WARNING - socket.gaierror: [Errno -2] Name or service not known
[2026-09-16T15:45:50.246+0000] {logging_mixin.py:188} WARNING - 
The above exception was the direct cause of the following exception:
[2026-09-16T15:45:50.247+0000] {logging_mixin.py:188} WARNING - Traceback (most recent call last):
[2026-09-16T15:45:50.247+0000] {logging_mixin.py:188} WARNING -   File "/home/airflow/.local/lib/python3.10/site-packages/urllib3/connectionpool.py", line 793, in urlopen
    response = self._make_request(
[2026-09-16T15:45:50.248+0000] {logging_mixin.py:188} WARNING -   File "/home/airflow/.local/lib/python3.10/site-packages/urllib3/connectionpool.py", line 491, in _make_request
    raise new_e
[2026-09-16T15:45:50.249+0000] {logging_mixin.py:188} WARNING -   File "/home/airflow/.local/lib/python3.10/site-packages/urllib3/connectionpool.py", line 467, in _make_request
    self._validate_conn(conn)
[2026-09-16T15:45:50.249+0000] {logging_mixin.py:188} WARNING -   File "/home/airflow/.local/lib/python3.10/site-packages/urllib3/connectionpool.py", line 1099, in _validate_conn
    conn.connect()
[2026-09-16T15:45:50.250+0000] {logging_mixin.py:188} WARNING -   File "/home/airflow/.local/lib/python3.10/site-packages/urllib3/connection.py", line 616, in connect
    self.sock = sock = self._new_conn()
[2026-09-16T15:45:50.251+0000] {logging_mixin.py:188} WARNING -   File "/home/airflow/.local/lib/python3.10/site-packages/urllib3/connection.py", line 205, in _new_conn
    raise NameResolutionError(self.host, self, e) from e
[2026-09-16T15:45:50.251+0000] {logging_mixin.py:188} WARNING - urllib3.exceptions.NameResolutionError: <urllib3.connection.HTTPSConnection object at 0x7bc5c06d75e0>: Failed to resolve 'www.googleapis.com' ([Errno -2] Name or service not known)
[2026-09-16T15:45:50.252+0000] {logging_mixin.py:188} WARNING - 
The above exception was the direct cause of the following exception:
[2026-09-16T15:45:50.253+0000] {logging_mixin.py:188} WARNING - Traceback (most recent call last):
[2026-09-16T15:45:50.253+0000] {logging_mixin.py:188} WARNING -   File "/home/airflow/.local/lib/python3.10/site-packages/requests/adapters.py", line 486, in send
    resp = conn.urlopen(
[2026-09-16T15:45:50.254+0000] {logging_mixin.py:188} WARNING -   File "/home/airflow/.local/lib/python3.10/site-packages/urllib3/connectionpool.py", line 847, in urlopen
    retries = retries.increment(
[2026-09-16T15:45:50.256+0000] {logging_mixin.py:188} WARNING -   File "/home/airflow/.local/lib/python3.10/site-packages/urllib3/util/retry.py", line 515, in increment
    raise MaxRetryError(_pool, url, reason) from reason  # type: ignore[arg-type]
[2026-09-16T15:45:50.257+0000] {logging_mixin.py:188} WARNING - urllib3.exceptions.MaxRetryError: HTTPSConnectionPool(host='www.googleapis.com', port=443): Max retries exceeded with url: /youtube/v3/videos?part=snippet%2Cstatistics%2CcontentDetails&id=Ah_uuTwGOYU&key=AIzaSyCu0SeP4QtsaF8H6qeF4NcFYaRehf3ot8w (Caused by NameResolutionError("<urllib3.connection.HTTPSConnection object at 0x7bc5c06d75e0>: Failed to resolve 'www.googleapis.com' ([Errno -2] Name or service not known)"))
[2026-09-16T15:45:50.258+0000] {logging_mixin.py:188} WARNING - 
During handling of the above exception, another exception occurred:
[2026-09-16T15:45:50.258+0000] {logging_mixin.py:188} WARNING - Traceback (most recent call last):
[2026-09-16T15:45:50.259+0000] {logging_mixin.py:188} WARNING -   File "/opt/airflow/src/app.py", line 72, in get_all_videos
    video = clt.get_video_info(id, self.config.videoInfoUrl,
[2026-09-16T15:45:50.260+0000] {logging_mixin.py:188} WARNING -   File "/opt/airflow/src/controller/info.py", line 12, in get_video_info
    response: req.Response = req.get(url, params=params)
[2026-09-16T15:45:50.261+0000] {logging_mixin.py:188} WARNING -   File "/home/airflow/.local/lib/python3.10/site-packages/requests/api.py", line 73, in get
    return request("get", url, params=params, **kwargs)
[2026-09-16T15:45:50.262+0000] {logging_mixin.py:188} WARNING -   File "/home/airflow/.local/lib/python3.10/site-packages/requests/api.py", line 59, in request
    return session.request(method=method, url=url, **kwargs)
[2026-09-16T15:45:50.262+0000] {logging_mixin.py:188} WARNING -   File "/home/airflow/.local/lib/python3.10/site-packages/requests/sessions.py", line 589, in request
    resp = self.send(prep, **send_kwargs)
[2026-09-16T15:45:50.263+0000] {logging_mixin.py:188} WARNING -   File "/home/airflow/.local/lib/python3.10/site-packages/requests/sessions.py", line 703, in send
    r = adapter.send(request, **kwargs)
[2026-09-16T15:45:50.263+0000] {logging_mixin.py:188} WARNING -   File "/home/airflow/.local/lib/python3.10/site-packages/requests/adapters.py", line 519, in send
    raise ConnectionError(e, request=request)
[2026-09-16T15:45:50.264+0000] {logging_mixin.py:188} WARNING - requests.exceptions.ConnectionError: HTTPSConnectionPool(host='www.googleapis.com', port=443): Max retries exceeded with url: /youtube/v3/videos?part=snippet%2Cstatistics%2CcontentDetails&id=Ah_uuTwGOYU&key=AIzaSyCu0SeP4QtsaF8H6qeF4NcFYaRehf3ot8w (Caused by NameResolutionError("<urllib3.connection.HTTPSConnection object at 0x7bc5c06d75e0>: Failed to resolve 'www.googleapis.com' ([Errno -2] Name or service not known)"))
[2026-09-16T15:45:50.276+0000] {logging_mixin.py:188} WARNING - Traceback (most recent call last):
[2026-09-16T15:45:50.277+0000] {logging_mixin.py:188} WARNING -   File "/home/airflow/.local/lib/python3.10/site-packages/urllib3/connection.py", line 198, in _new_conn
    sock = connection.create_connection(
[2026-09-16T15:45:50.278+0000] {logging_mixin.py:188} WARNING -   File "/home/airflow/.local/lib/python3.10/site-packages/urllib3/util/connection.py", line 60, in create_connection
    for res in socket.getaddrinfo(host, port, family, socket.SOCK_STREAM):
[2026-09-16T15:45:50.278+0000] {logging_mixin.py:188} WARNING -   File "/usr/local/lib/python3.10/socket.py", line 955, in getaddrinfo
    for res in _socket.getaddrinfo(host, port, family, type, proto, flags):
[2026-09-16T15:45:50.279+0000] {logging_mixin.py:188} WARNING - socket.gaierror: [Errno -2] Name or service not known
[2026-09-16T15:45:50.279+0000] {logging_mixin.py:188} WARNING - 
The above exception was the direct cause of the following exception:
[2026-09-16T15:45:50.280+0000] {logging_mixin.py:188} WARNING - Traceback (most recent call last):
[2026-09-16T15:45:50.281+0000] {logging_mixin.py:188} WARNING -   File "/home/airflow/.local/lib/python3.10/site-packages/urllib3/connectionpool.py", line 793, in urlopen
    response = self._make_request(
[2026-09-16T15:45:50.281+0000] {logging_mixin.py:188} WARNING -   File "/home/airflow/.local/lib/python3.10/site-packages/urllib3/connectionpool.py", line 491, in _make_request
    raise new_e
[2026-09-16T15:45:50.282+0000] {logging_mixin.py:188} WARNING -   File "/home/airflow/.local/lib/python3.10/site-packages/urllib3/connectionpool.py", line 467, in _make_request
    self._validate_conn(conn)
[2026-09-16T15:45:50.282+0000] {logging_mixin.py:188} WARNING -   File "/home/airflow/.local/lib/python3.10/site-packages/urllib3/connectionpool.py", line 1099, in _validate_conn
    conn.connect()
[2026-09-16T15:45:50.283+0000] {logging_mixin.py:188} WARNING -   File "/home/airflow/.local/lib/python3.10/site-packages/urllib3/connection.py", line 616, in connect
    self.sock = sock = self._new_conn()
[2026-09-16T15:45:50.283+0000] {logging_mixin.py:188} WARNING -   File "/home/airflow/.local/lib/python3.10/site-packages/urllib3/connection.py", line 205, in _new_conn
    raise NameResolutionError(self.host, self, e) from e
[2026-09-16T15:45:50.284+0000] {logging_mixin.py:188} WARNING - urllib3.exceptions.NameResolutionError: <urllib3.connection.HTTPSConnection object at 0x7bc5c06d5ea0>: Failed to resolve 'www.googleapis.com' ([Errno -2] Name or service not known)
[2026-09-16T15:45:50.285+0000] {logging_mixin.py:188} WARNING - 
The above exception was the direct cause of the following exception:
[2026-09-16T15:45:50.285+0000] {logging_mixin.py:188} WARNING - Traceback (most recent call last):
[2026-09-16T15:45:50.286+0000] {logging_mixin.py:188} WARNING -   File "/home/airflow/.local/lib/python3.10/site-packages/requests/adapters.py", line 486, in send
    resp = conn.urlopen(
[2026-09-16T15:45:50.286+0000] {logging_mixin.py:188} WARNING -   File "/home/airflow/.local/lib/python3.10/site-packages/urllib3/connectionpool.py", line 847, in urlopen
    retries = retries.increment(
[2026-09-16T15:45:50.287+0000] {logging_mixin.py:188} WARNING -   File "/home/airflow/.local/lib/python3.10/site-packages/urllib3/util/retry.py", line 515, in increment
    raise MaxRetryError(_pool, url, reason) from reason  # type: ignore[arg-type]
[2026-09-16T15:45:50.289+0000] {logging_mixin.py:188} WARNING - urllib3.exceptions.MaxRetryError: HTTPSConnectionPool(host='www.googleapis.com', port=443): Max retries exceeded with url: /youtube/v3/videos?part=snippet%2Cstatistics%2CcontentDetails&id=HISfrcjiNPM&key=AIzaSyCu0SeP4QtsaF8H6qeF4NcFYaRehf3ot8w (Caused by NameResolutionError("<urllib3.connection.HTTPSConnection object at 0x7bc5c06d5ea0>: Failed to resolve 'www.googleapis.com' ([Errno -2] Name or service not known)"))
[2026-09-16T15:45:50.289+0000] {logging_mixin.py:188} WARNING - 
During handling of the above exception, another exception occurred:
[2026-09-16T15:45:50.290+0000] {logging_mixin.py:188} WARNING - Traceback (most recent call last):
[2026-09-16T15:45:50.291+0000] {logging_mixin.py:188} WARNING -   File "/opt/airflow/src/app.py", line 72, in get_all_videos
    video = clt.get_video_info(id, self.config.videoInfoUrl,
[2026-09-16T15:45:50.292+0000] {logging_mixin.py:188} WARNING -   File "/opt/airflow/src/controller/info.py", line 12, in get_video_info
    response: req.Response = req.get(url, params=params)
[2026-09-16T15:45:50.292+0000] {logging_mixin.py:188} WARNING -   File "/home/airflow/.local/lib/python3.10/site-packages/requests/api.py", line 73, in get
    return request("get", url, params=params, **kwargs)
[2026-09-16T15:45:50.292+0000] {logging_mixin.py:188} WARNING -   File "/home/airflow/.local/lib/python3.10/site-packages/requests/api.py", line 59, in request
    return session.request(method=method, url=url, **kwargs)
[2026-09-16T15:45:50.293+0000] {logging_mixin.py:188} WARNING -   File "/home/airflow/.local/lib/python3.10/site-packages/requests/sessions.py", line 589, in request
    resp = self.send(prep, **send_kwargs)
[2026-09-16T15:45:50.293+0000] {logging_mixin.py:188} WARNING -   File "/home/airflow/.local/lib/python3.10/site-packages/requests/sessions.py", line 703, in send
    r = adapter.send(request, **kwargs)
[2026-09-16T15:45:50.294+0000] {logging_mixin.py:188} WARNING -   File "/home/airflow/.local/lib/python3.10/site-packages/requests/adapters.py", line 519, in send
    raise ConnectionError(e, request=request)
[2026-09-16T15:45:50.294+0000] {logging_mixin.py:188} WARNING - requests.exceptions.ConnectionError: HTTPSConnectionPool(host='www.googleapis.com', port=443): Max retries exceeded with url: /youtube/v3/videos?part=snippet%2Cstatistics%2CcontentDetails&id=HISfrcjiNPM&key=AIzaSyCu0SeP4QtsaF8H6qeF4NcFYaRehf3ot8w (Caused by NameResolutionError("<urllib3.connection.HTTPSConnection object at 0x7bc5c06d5ea0>: Failed to resolve 'www.googleapis.com' ([Errno -2] Name or service not known)"))
[2026-09-16T15:45:50.303+0000] {logging_mixin.py:188} WARNING - Traceback (most recent call last):
[2026-09-16T15:45:50.305+0000] {logging_mixin.py:188} WARNING -   File "/home/airflow/.local/lib/python3.10/site-packages/urllib3/connection.py", line 198, in _new_conn
    sock = connection.create_connection(
[2026-09-16T15:45:50.306+0000] {logging_mixin.py:188} WARNING -   File "/home/airflow/.local/lib/python3.10/site-packages/urllib3/util/connection.py", line 60, in create_connection
    for res in socket.getaddrinfo(host, port, family, socket.SOCK_STREAM):
[2026-09-16T15:45:50.307+0000] {logging_mixin.py:188} WARNING -   File "/usr/local/lib/python3.10/socket.py", line 955, in getaddrinfo
    for res in _socket.getaddrinfo(host, port, family, type, proto, flags):
[2026-09-16T15:45:50.308+0000] {logging_mixin.py:188} WARNING - socket.gaierror: [Errno -2] Name or service not known
[2026-09-16T15:45:50.308+0000] {logging_mixin.py:188} WARNING - 
The above exception was the direct cause of the following exception:
[2026-09-16T15:45:50.309+0000] {logging_mixin.py:188} WARNING - Traceback (most recent call last):
[2026-09-16T15:45:50.309+0000] {logging_mixin.py:188} WARNING -   File "/home/airflow/.local/lib/python3.10/site-packages/urllib3/connectionpool.py", line 793, in urlopen
    response = self._make_request(
[2026-09-16T15:45:50.310+0000] {logging_mixin.py:188} WARNING -   File "/home/airflow/.local/lib/python3.10/site-packages/urllib3/connectionpool.py", line 491, in _make_request
    raise new_e
[2026-09-16T15:45:50.310+0000] {logging_mixin.py:188} WARNING -   File "/home/airflow/.local/lib/python3.10/site-packages/urllib3/connectionpool.py", line 467, in _make_request
    self._validate_conn(conn)
[2026-09-16T15:45:50.311+0000] {logging_mixin.py:188} WARNING -   File "/home/airflow/.local/lib/python3.10/site-packages/urllib3/connectionpool.py", line 1099, in _validate_conn
    conn.connect()
[2026-09-16T15:45:50.311+0000] {logging_mixin.py:188} WARNING -   File "/home/airflow/.local/lib/python3.10/site-packages/urllib3/connection.py", line 616, in connect
    self.sock = sock = self._new_conn()
[2026-09-16T15:45:50.311+0000] {logging_mixin.py:188} WARNING -   File "/home/airflow/.local/lib/python3.10/site-packages/urllib3/connection.py", line 205, in _new_conn
    raise NameResolutionError(self.host, self, e) from e
[2026-09-16T15:45:50.312+0000] {logging_mixin.py:188} WARNING - urllib3.exceptions.NameResolutionError: <urllib3.connection.HTTPSConnection object at 0x7bc5c06d69b0>: Failed to resolve 'www.googleapis.com' ([Errno -2] Name or service not known)
[2026-09-16T15:45:50.312+0000] {logging_mixin.py:188} WARNING - 
The above exception was the direct cause of the following exception:
[2026-09-16T15:45:50.312+0000] {logging_mixin.py:188} WARNING - Traceback (most recent call last):
[2026-09-16T15:45:50.313+0000] {logging_mixin.py:188} WARNING -   File "/home/airflow/.local/lib/python3.10/site-packages/requests/adapters.py", line 486, in send
    resp = conn.urlopen(
[2026-09-16T15:45:50.313+0000] {logging_mixin.py:188} WARNING -   File "/home/airflow/.local/lib/python3.10/site-packages/urllib3/connectionpool.py", line 847, in urlopen
    retries = retries.increment(
[2026-09-16T15:45:50.314+0000] {logging_mixin.py:188} WARNING -   File "/home/airflow/.local/lib/python3.10/site-packages/urllib3/util/retry.py", line 515, in increment
    raise MaxRetryError(_pool, url, reason) from reason  # type: ignore[arg-type]
[2026-09-16T15:45:50.314+0000] {logging_mixin.py:188} WARNING - urllib3.exceptions.MaxRetryError: HTTPSConnectionPool(host='www.googleapis.com', port=443): Max retries exceeded with url: /youtube/v3/videos?part=snippet%2Cstatistics%2CcontentDetails&id=WROMyJAJmp4&key=AIzaSyCu0SeP4QtsaF8H6qeF4NcFYaRehf3ot8w (Caused by NameResolutionError("<urllib3.connection.HTTPSConnection object at 0x7bc5c06d69b0>: Failed to resolve 'www.googleapis.com' ([Errno -2] Name or service not known)"))
[2026-09-16T15:45:50.314+0000] {logging_mixin.py:188} WARNING - 
During handling of the above exception, another exception occurred:
[2026-09-16T15:45:50.315+0000] {logging_mixin.py:188} WARNING - Traceback (most recent call last):
[2026-09-16T15:45:50.315+0000] {logging_mixin.py:188} WARNING -   File "/opt/airflow/src/app.py", line 72, in get_all_videos
    video = clt.get_video_info(id, self.config.videoInfoUrl,
[2026-09-16T15:45:50.316+0000] {logging_mixin.py:188} WARNING -   File "/opt/airflow/src/controller/info.py", line 12, in get_video_info
    response: req.Response = req.get(url, params=params)
[2026-09-16T15:45:50.316+0000] {logging_mixin.py:188} WARNING -   File "/home/airflow/.local/lib/python3.10/site-packages/requests/api.py", line 73, in get
    return request("get", url, params=params, **kwargs)
[2026-09-16T15:45:50.316+0000] {logging_mixin.py:188} WARNING -   File "/home/airflow/.local/lib/python3.10/site-packages/requests/api.py", line 59, in request
    return session.request(method=method, url=url, **kwargs)
[2026-09-16T15:45:50.317+0000] {logging_mixin.py:188} WARNING -   File "/home/airflow/.local/lib/python3.10/site-packages/requests/sessions.py", line 589, in request
    resp = self.send(prep, **send_kwargs)
[2026-09-16T15:45:50.317+0000] {logging_mixin.py:188} WARNING -   File "/home/airflow/.local/lib/python3.10/site-packages/requests/sessions.py", line 703, in send
    r = adapter.send(request, **kwargs)
[2026-09-16T15:45:50.318+0000] {logging_mixin.py:188} WARNING -   File "/home/airflow/.local/lib/python3.10/site-packages/requests/adapters.py", line 519, in send
    raise ConnectionError(e, request=request)
[2026-09-16T15:45:50.318+0000] {logging_mixin.py:188} WARNING - requests.exceptions.ConnectionError: HTTPSConnectionPool(host='www.googleapis.com', port=443): Max retries exceeded with url: /youtube/v3/videos?part=snippet%2Cstatistics%2CcontentDetails&id=WROMyJAJmp4&key=AIzaSyCu0SeP4QtsaF8H6qeF4NcFYaRehf3ot8w (Caused by NameResolutionError("<urllib3.connection.HTTPSConnection object at 0x7bc5c06d69b0>: Failed to resolve 'www.googleapis.com' ([Errno -2] Name or service not known)"))
[2026-09-16T15:45:50.329+0000] {logging_mixin.py:188} WARNING - Traceback (most recent call last):
[2026-09-16T15:45:50.330+0000] {logging_mixin.py:188} WARNING -   File "/home/airflow/.local/lib/python3.10/site-packages/urllib3/connection.py", line 198, in _new_conn
    sock = connection.create_connection(
[2026-09-16T15:45:50.330+0000] {logging_mixin.py:188} WARNING -   File "/home/airflow/.local/lib/python3.10/site-packages/urllib3/util/connection.py", line 60, in create_connection
    for res in socket.getaddrinfo(host, port, family, socket.SOCK_STREAM):
[2026-09-16T15:45:50.331+0000] {logging_mixin.py:188} WARNING -   File "/usr/local/lib/python3.10/socket.py", line 955, in getaddrinfo
    for res in _socket.getaddrinfo(host, port, family, type, proto, flags):
[2026-09-16T15:45:50.331+0000] {logging_mixin.py:188} WARNING - socket.gaierror: [Errno -2] Name or service not known
[2026-09-16T15:45:50.332+0000] {logging_mixin.py:188} WARNING - 
The above exception was the direct cause of the following exception:
[2026-09-16T15:45:50.332+0000] {logging_mixin.py:188} WARNING - Traceback (most recent call last):
[2026-09-16T15:45:50.332+0000] {logging_mixin.py:188} WARNING -   File "/home/airflow/.local/lib/python3.10/site-packages/urllib3/connectionpool.py", line 793, in urlopen
    response = self._make_request(
[2026-09-16T15:45:50.333+0000] {logging_mixin.py:188} WARNING -   File "/home/airflow/.local/lib/python3.10/site-packages/urllib3/connectionpool.py", line 491, in _make_request
    raise new_e
[2026-09-16T15:45:50.334+0000] {logging_mixin.py:188} WARNING -   File "/home/airflow/.local/lib/python3.10/site-packages/urllib3/connectionpool.py", line 467, in _make_request
    self._validate_conn(conn)
[2026-09-16T15:45:50.334+0000] {logging_mixin.py:188} WARNING -   File "/home/airflow/.local/lib/python3.10/site-packages/urllib3/connectionpool.py", line 1099, in _validate_conn
    conn.connect()
[2026-09-16T15:45:50.334+0000] {logging_mixin.py:188} WARNING -   File "/home/airflow/.local/lib/python3.10/site-packages/urllib3/connection.py", line 616, in connect
    self.sock = sock = self._new_conn()
[2026-09-16T15:45:50.335+0000] {logging_mixin.py:188} WARNING -   File "/home/airflow/.local/lib/python3.10/site-packages/urllib3/connection.py", line 205, in _new_conn
    raise NameResolutionError(self.host, self, e) from e
[2026-09-16T15:45:50.335+0000] {logging_mixin.py:188} WARNING - urllib3.exceptions.NameResolutionError: <urllib3.connection.HTTPSConnection object at 0x7bc5c06d55a0>: Failed to resolve 'www.googleapis.com' ([Errno -2] Name or service not known)
[2026-09-16T15:45:50.336+0000] {logging_mixin.py:188} WARNING - 
The above exception was the direct cause of the following exception:
[2026-09-16T15:45:50.336+0000] {logging_mixin.py:188} WARNING - Traceback (most recent call last):
[2026-09-16T15:45:50.337+0000] {logging_mixin.py:188} WARNING -   File "/home/airflow/.local/lib/python3.10/site-packages/requests/adapters.py", line 486, in send
    resp = conn.urlopen(
[2026-09-16T15:45:50.339+0000] {logging_mixin.py:188} WARNING -   File "/home/airflow/.local/lib/python3.10/site-packages/urllib3/connectionpool.py", line 847, in urlopen
    retries = retries.increment(
[2026-09-16T15:45:50.339+0000] {logging_mixin.py:188} WARNING -   File "/home/airflow/.local/lib/python3.10/site-packages/urllib3/util/retry.py", line 515, in increment
    raise MaxRetryError(_pool, url, reason) from reason  # type: ignore[arg-type]
[2026-09-16T15:45:50.340+0000] {logging_mixin.py:188} WARNING - urllib3.exceptions.MaxRetryError: HTTPSConnectionPool(host='www.googleapis.com', port=443): Max retries exceeded with url: /youtube/v3/videos?part=snippet%2Cstatistics%2CcontentDetails&id=tAwzBYE18Us&key=AIzaSyCu0SeP4QtsaF8H6qeF4NcFYaRehf3ot8w (Caused by NameResolutionError("<urllib3.connection.HTTPSConnection object at 0x7bc5c06d55a0>: Failed to resolve 'www.googleapis.com' ([Errno -2] Name or service not known)"))
[2026-09-16T15:45:50.340+0000] {logging_mixin.py:188} WARNING - 
During handling of the above exception, another exception occurred:
[2026-09-16T15:45:50.341+0000] {logging_mixin.py:188} WARNING - Traceback (most recent call last):
[2026-09-16T15:45:50.341+0000] {logging_mixin.py:188} WARNING -   File "/opt/airflow/src/app.py", line 72, in get_all_videos
    video = clt.get_video_info(id, self.config.videoInfoUrl,
[2026-09-16T15:45:50.342+0000] {logging_mixin.py:188} WARNING -   File "/opt/airflow/src/controller/info.py", line 12, in get_video_info
    response: req.Response = req.get(url, params=params)
[2026-09-16T15:45:50.342+0000] {logging_mixin.py:188} WARNING -   File "/home/airflow/.local/lib/python3.10/site-packages/requests/api.py", line 73, in get
    return request("get", url, params=params, **kwargs)
[2026-09-16T15:45:50.343+0000] {logging_mixin.py:188} WARNING -   File "/home/airflow/.local/lib/python3.10/site-packages/requests/api.py", line 59, in request
    return session.request(method=method, url=url, **kwargs)
[2026-09-16T15:45:50.343+0000] {logging_mixin.py:188} WARNING -   File "/home/airflow/.local/lib/python3.10/site-packages/requests/sessions.py", line 589, in request
    resp = self.send(prep, **send_kwargs)
[2026-09-16T15:45:50.343+0000] {logging_mixin.py:188} WARNING -   File "/home/airflow/.local/lib/python3.10/site-packages/requests/sessions.py", line 703, in send
    r = adapter.send(request, **kwargs)
[2026-09-16T15:45:50.344+0000] {logging_mixin.py:188} WARNING -   File "/home/airflow/.local/lib/python3.10/site-packages/requests/adapters.py", line 519, in send
    raise ConnectionError(e, request=request)
[2026-09-16T15:45:50.344+0000] {logging_mixin.py:188} WARNING - requests.exceptions.ConnectionError: HTTPSConnectionPool(host='www.googleapis.com', port=443): Max retries exceeded with url: /youtube/v3/videos?part=snippet%2Cstatistics%2CcontentDetails&id=tAwzBYE18Us&key=AIzaSyCu0SeP4QtsaF8H6qeF4NcFYaRehf3ot8w (Caused by NameResolutionError("<urllib3.connection.HTTPSConnection object at 0x7bc5c06d55a0>: Failed to resolve 'www.googleapis.com' ([Errno -2] Name or service not known)"))
[2026-09-16T15:45:50.354+0000] {logging_mixin.py:188} WARNING - Traceback (most recent call last):
[2026-09-16T15:45:50.355+0000] {logging_mixin.py:188} WARNING -   File "/home/airflow/.local/lib/python3.10/site-packages/urllib3/connection.py", line 198, in _new_conn
    sock = connection.create_connection(
[2026-09-16T15:45:50.356+0000] {logging_mixin.py:188} WARNING -   File "/home/airflow/.local/lib/python3.10/site-packages/urllib3/util/connection.py", line 60, in create_connection
    for res in socket.getaddrinfo(host, port, family, socket.SOCK_STREAM):
[2026-09-16T15:45:50.357+0000] {logging_mixin.py:188} WARNING -   File "/usr/local/lib/python3.10/socket.py", line 955, in getaddrinfo
    for res in _socket.getaddrinfo(host, port, family, type, proto, flags):
[2026-09-16T15:45:50.357+0000] {logging_mixin.py:188} WARNING - socket.gaierror: [Errno -2] Name or service not known
[2026-09-16T15:45:50.358+0000] {logging_mixin.py:188} WARNING - 
The above exception was the direct cause of the following exception:
[2026-09-16T15:45:50.358+0000] {logging_mixin.py:188} WARNING - Traceback (most recent call last):
[2026-09-16T15:45:50.359+0000] {logging_mixin.py:188} WARNING -   File "/home/airflow/.local/lib/python3.10/site-packages/urllib3/connectionpool.py", line 793, in urlopen
    response = self._make_request(
[2026-09-16T15:45:50.359+0000] {logging_mixin.py:188} WARNING -   File "/home/airflow/.local/lib/python3.10/site-packages/urllib3/connectionpool.py", line 491, in _make_request
    raise new_e
[2026-09-16T15:45:50.360+0000] {logging_mixin.py:188} WARNING -   File "/home/airflow/.local/lib/python3.10/site-packages/urllib3/connectionpool.py", line 467, in _make_request
    self._validate_conn(conn)
[2026-09-16T15:45:50.360+0000] {logging_mixin.py:188} WARNING -   File "/home/airflow/.local/lib/python3.10/site-packages/urllib3/connectionpool.py", line 1099, in _validate_conn
    conn.connect()
[2026-09-16T15:45:50.361+0000] {logging_mixin.py:188} WARNING -   File "/home/airflow/.local/lib/python3.10/site-packages/urllib3/connection.py", line 616, in connect
    self.sock = sock = self._new_conn()
[2026-09-16T15:45:50.361+0000] {logging_mixin.py:188} WARNING -   File "/home/airflow/.local/lib/python3.10/site-packages/urllib3/connection.py", line 205, in _new_conn
    raise NameResolutionError(self.host, self, e) from e
[2026-09-16T15:45:50.361+0000] {logging_mixin.py:188} WARNING - urllib3.exceptions.NameResolutionError: <urllib3.connection.HTTPSConnection object at 0x7bc5c06d6fb0>: Failed to resolve 'www.googleapis.com' ([Errno -2] Name or service not known)
[2026-09-16T15:45:50.362+0000] {logging_mixin.py:188} WARNING - 
The above exception was the direct cause of the following exception:
[2026-09-16T15:45:50.362+0000] {logging_mixin.py:188} WARNING - Traceback (most recent call last):
[2026-09-16T15:45:50.362+0000] {logging_mixin.py:188} WARNING -   File "/home/airflow/.local/lib/python3.10/site-packages/requests/adapters.py", line 486, in send
    resp = conn.urlopen(
[2026-09-16T15:45:50.363+0000] {logging_mixin.py:188} WARNING -   File "/home/airflow/.local/lib/python3.10/site-packages/urllib3/connectionpool.py", line 847, in urlopen
    retries = retries.increment(
[2026-09-16T15:45:50.363+0000] {logging_mixin.py:188} WARNING -   File "/home/airflow/.local/lib/python3.10/site-packages/urllib3/util/retry.py", line 515, in increment
    raise MaxRetryError(_pool, url, reason) from reason  # type: ignore[arg-type]
[2026-09-16T15:45:50.364+0000] {logging_mixin.py:188} WARNING - urllib3.exceptions.MaxRetryError: HTTPSConnectionPool(host='www.googleapis.com', port=443): Max retries exceeded with url: /youtube/v3/videos?part=snippet%2Cstatistics%2CcontentDetails&id=LyFMbY-c_Lc&key=AIzaSyCu0SeP4QtsaF8H6qeF4NcFYaRehf3ot8w (Caused by NameResolutionError("<urllib3.connection.HTTPSConnection object at 0x7bc5c06d6fb0>: Failed to resolve 'www.googleapis.com' ([Errno -2] Name or service not known)"))
[2026-09-16T15:45:50.364+0000] {logging_mixin.py:188} WARNING - 
During handling of the above exception, another exception occurred:
[2026-09-16T15:45:50.364+0000] {logging_mixin.py:188} WARNING - Traceback (most recent call last):
[2026-09-16T15:45:50.365+0000] {logging_mixin.py:188} WARNING -   File "/opt/airflow/src/app.py", line 72, in get_all_videos
    video = clt.get_video_info(id, self.config.videoInfoUrl,
[2026-09-16T15:45:50.365+0000] {logging_mixin.py:188} WARNING -   File "/opt/airflow/src/controller/info.py", line 12, in get_video_info
    response: req.Response = req.get(url, params=params)
[2026-09-16T15:45:50.365+0000] {logging_mixin.py:188} WARNING -   File "/home/airflow/.local/lib/python3.10/site-packages/requests/api.py", line 73, in get
    return request("get", url, params=params, **kwargs)
[2026-09-16T15:45:50.366+0000] {logging_mixin.py:188} WARNING -   File "/home/airflow/.local/lib/python3.10/site-packages/requests/api.py", line 59, in request
    return session.request(method=method, url=url, **kwargs)
[2026-09-16T15:45:50.366+0000] {logging_mixin.py:188} WARNING -   File "/home/airflow/.local/lib/python3.10/site-packages/requests/sessions.py", line 589, in request
    resp = self.send(prep, **send_kwargs)
[2026-09-16T15:45:50.367+0000] {logging_mixin.py:188} WARNING -   File "/home/airflow/.local/lib/python3.10/site-packages/requests/sessions.py", line 703, in send
    r = adapter.send(request, **kwargs)
[2026-09-16T15:45:50.367+0000] {logging_mixin.py:188} WARNING -   File "/home/airflow/.local/lib/python3.10/site-packages/requests/adapters.py", line 519, in send
    raise ConnectionError(e, request=request)
[2026-09-16T15:45:50.367+0000] {logging_mixin.py:188} WARNING - requests.exceptions.ConnectionError: HTTPSConnectionPool(host='www.googleapis.com', port=443): Max retries exceeded with url: /youtube/v3/videos?part=snippet%2Cstatistics%2CcontentDetails&id=LyFMbY-c_Lc&key=AIzaSyCu0SeP4QtsaF8H6qeF4NcFYaRehf3ot8w (Caused by NameResolutionError("<urllib3.connection.HTTPSConnection object at 0x7bc5c06d6fb0>: Failed to resolve 'www.googleapis.com' ([Errno -2] Name or service not known)"))
[2026-09-16T15:45:50.378+0000] {logging_mixin.py:188} WARNING - Traceback (most recent call last):
[2026-09-16T15:45:50.379+0000] {logging_mixin.py:188} WARNING -   File "/home/airflow/.local/lib/python3.10/site-packages/urllib3/connection.py", line 198, in _new_conn
    sock = connection.create_connection(
[2026-09-16T15:45:50.379+0000] {logging_mixin.py:188} WARNING -   File "/home/airflow/.local/lib/python3.10/site-packages/urllib3/util/connection.py", line 60, in create_connection
    for res in socket.getaddrinfo(host, port, family, socket.SOCK_STREAM):
[2026-09-16T15:45:50.379+0000] {logging_mixin.py:188} WARNING -   File "/usr/local/lib/python3.10/socket.py", line 955, in getaddrinfo
    for res in _socket.getaddrinfo(host, port, family, type, proto, flags):
[2026-09-16T15:45:50.380+0000] {logging_mixin.py:188} WARNING - socket.gaierror: [Errno -2] Name or service not known
[2026-09-16T15:45:50.380+0000] {logging_mixin.py:188} WARNING - 
The above exception was the direct cause of the following exception:
[2026-09-16T15:45:50.381+0000] {logging_mixin.py:188} WARNING - Traceback (most recent call last):
[2026-09-16T15:45:50.381+0000] {logging_mixin.py:188} WARNING -   File "/home/airflow/.local/lib/python3.10/site-packages/urllib3/connectionpool.py", line 793, in urlopen
    response = self._make_request(
[2026-09-16T15:45:50.382+0000] {logging_mixin.py:188} WARNING -   File "/home/airflow/.local/lib/python3.10/site-packages/urllib3/connectionpool.py", line 491, in _make_request
    raise new_e
[2026-09-16T15:45:50.382+0000] {logging_mixin.py:188} WARNING -   File "/home/airflow/.local/lib/python3.10/site-packages/urllib3/connectionpool.py", line 467, in _make_request
    self._validate_conn(conn)
[2026-09-16T15:45:50.382+0000] {logging_mixin.py:188} WARNING -   File "/home/airflow/.local/lib/python3.10/site-packages/urllib3/connectionpool.py", line 1099, in _validate_conn
    conn.connect()
[2026-09-16T15:45:50.383+0000] {logging_mixin.py:188} WARNING -   File "/home/airflow/.local/lib/python3.10/site-packages/urllib3/connection.py", line 616, in connect
    self.sock = sock = self._new_conn()
[2026-09-16T15:45:50.383+0000] {logging_mixin.py:188} WARNING -   File "/home/airflow/.local/lib/python3.10/site-packages/urllib3/connection.py", line 205, in _new_conn
    raise NameResolutionError(self.host, self, e) from e
[2026-09-16T15:45:50.384+0000] {logging_mixin.py:188} WARNING - urllib3.exceptions.NameResolutionError: <urllib3.connection.HTTPSConnection object at 0x7bc5c06d5360>: Failed to resolve 'www.googleapis.com' ([Errno -2] Name or service not known)
[2026-09-16T15:45:50.384+0000] {logging_mixin.py:188} WARNING - 
The above exception was the direct cause of the following exception:
[2026-09-16T15:45:50.385+0000] {logging_mixin.py:188} WARNING - Traceback (most recent call last):
[2026-09-16T15:45:50.385+0000] {logging_mixin.py:188} WARNING -   File "/home/airflow/.local/lib/python3.10/site-packages/requests/adapters.py", line 486, in send
    resp = conn.urlopen(
[2026-09-16T15:45:50.386+0000] {logging_mixin.py:188} WARNING -   File "/home/airflow/.local/lib/python3.10/site-packages/urllib3/connectionpool.py", line 847, in urlopen
    retries = retries.increment(
[2026-09-16T15:45:50.386+0000] {logging_mixin.py:188} WARNING -   File "/home/airflow/.local/lib/python3.10/site-packages/urllib3/util/retry.py", line 515, in increment
    raise MaxRetryError(_pool, url, reason) from reason  # type: ignore[arg-type]
[2026-09-16T15:45:50.387+0000] {logging_mixin.py:188} WARNING - urllib3.exceptions.MaxRetryError: HTTPSConnectionPool(host='www.googleapis.com', port=443): Max retries exceeded with url: /youtube/v3/videos?part=snippet%2Cstatistics%2CcontentDetails&id=3RmOvxilbPM&key=AIzaSyCu0SeP4QtsaF8H6qeF4NcFYaRehf3ot8w (Caused by NameResolutionError("<urllib3.connection.HTTPSConnection object at 0x7bc5c06d5360>: Failed to resolve 'www.googleapis.com' ([Errno -2] Name or service not known)"))
[2026-09-16T15:45:50.388+0000] {logging_mixin.py:188} WARNING - 
During handling of the above exception, another exception occurred:
[2026-09-16T15:45:50.389+0000] {logging_mixin.py:188} WARNING - Traceback (most recent call last):
[2026-09-16T15:45:50.390+0000] {logging_mixin.py:188} WARNING -   File "/opt/airflow/src/app.py", line 72, in get_all_videos
    video = clt.get_video_info(id, self.config.videoInfoUrl,
[2026-09-16T15:45:50.390+0000] {logging_mixin.py:188} WARNING -   File "/opt/airflow/src/controller/info.py", line 12, in get_video_info
    response: req.Response = req.get(url, params=params)
[2026-09-16T15:45:50.391+0000] {logging_mixin.py:188} WARNING -   File "/home/airflow/.local/lib/python3.10/site-packages/requests/api.py", line 73, in get
    return request("get", url, params=params, **kwargs)
[2026-09-16T15:45:50.391+0000] {logging_mixin.py:188} WARNING -   File "/home/airflow/.local/lib/python3.10/site-packages/requests/api.py", line 59, in request
    return session.request(method=method, url=url, **kwargs)
[2026-09-16T15:45:50.392+0000] {logging_mixin.py:188} WARNING -   File "/home/airflow/.local/lib/python3.10/site-packages/requests/sessions.py", line 589, in request
    resp = self.send(prep, **send_kwargs)
[2026-09-16T15:45:50.393+0000] {logging_mixin.py:188} WARNING -   File "/home/airflow/.local/lib/python3.10/site-packages/requests/sessions.py", line 703, in send
    r = adapter.send(request, **kwargs)
[2026-09-16T15:45:50.393+0000] {logging_mixin.py:188} WARNING -   File "/home/airflow/.local/lib/python3.10/site-packages/requests/adapters.py", line 519, in send
    raise ConnectionError(e, request=request)
[2026-09-16T15:45:50.393+0000] {logging_mixin.py:188} WARNING - requests.exceptions.ConnectionError: HTTPSConnectionPool(host='www.googleapis.com', port=443): Max retries exceeded with url: /youtube/v3/videos?part=snippet%2Cstatistics%2CcontentDetails&id=3RmOvxilbPM&key=AIzaSyCu0SeP4QtsaF8H6qeF4NcFYaRehf3ot8w (Caused by NameResolutionError("<urllib3.connection.HTTPSConnection object at 0x7bc5c06d5360>: Failed to resolve 'www.googleapis.com' ([Errno -2] Name or service not known)"))
[2026-09-16T15:45:50.402+0000] {logging_mixin.py:188} WARNING - Traceback (most recent call last):
[2026-09-16T15:45:50.403+0000] {logging_mixin.py:188} WARNING -   File "/home/airflow/.local/lib/python3.10/site-packages/urllib3/connection.py", line 198, in _new_conn
    sock = connection.create_connection(
[2026-09-16T15:45:50.404+0000] {logging_mixin.py:188} WARNING -   File "/home/airflow/.local/lib/python3.10/site-packages/urllib3/util/connection.py", line 60, in create_connection
    for res in socket.getaddrinfo(host, port, family, socket.SOCK_STREAM):
[2026-09-16T15:45:50.405+0000] {logging_mixin.py:188} WARNING -   File "/usr/local/lib/python3.10/socket.py", line 955, in getaddrinfo
    for res in _socket.getaddrinfo(host, port, family, type, proto, flags):
[2026-09-16T15:45:50.406+0000] {logging_mixin.py:188} WARNING - socket.gaierror: [Errno -2] Name or service not known
[2026-09-16T15:45:50.407+0000] {logging_mixin.py:188} WARNING - 
The above exception was the direct cause of the following exception:
[2026-09-16T15:45:50.407+0000] {logging_mixin.py:188} WARNING - Traceback (most recent call last):
[2026-09-16T15:45:50.408+0000] {logging_mixin.py:188} WARNING -   File "/home/airflow/.local/lib/python3.10/site-packages/urllib3/connectionpool.py", line 793, in urlopen
    response = self._make_request(
[2026-09-16T15:45:50.408+0000] {logging_mixin.py:188} WARNING -   File "/home/airflow/.local/lib/python3.10/site-packages/urllib3/connectionpool.py", line 491, in _make_request
    raise new_e
[2026-09-16T15:45:50.409+0000] {logging_mixin.py:188} WARNING -   File "/home/airflow/.local/lib/python3.10/site-packages/urllib3/connectionpool.py", line 467, in _make_request
    self._validate_conn(conn)
[2026-09-16T15:45:50.409+0000] {logging_mixin.py:188} WARNING -   File "/home/airflow/.local/lib/python3.10/site-packages/urllib3/connectionpool.py", line 1099, in _validate_conn
    conn.connect()
[2026-09-16T15:45:50.409+0000] {logging_mixin.py:188} WARNING -   File "/home/airflow/.local/lib/python3.10/site-packages/urllib3/connection.py", line 616, in connect
    self.sock = sock = self._new_conn()
[2026-09-16T15:45:50.410+0000] {logging_mixin.py:188} WARNING -   File "/home/airflow/.local/lib/python3.10/site-packages/urllib3/connection.py", line 205, in _new_conn
    raise NameResolutionError(self.host, self, e) from e
[2026-09-16T15:45:50.410+0000] {logging_mixin.py:188} WARNING - urllib3.exceptions.NameResolutionError: <urllib3.connection.HTTPSConnection object at 0x7bc5c06d75e0>: Failed to resolve 'www.googleapis.com' ([Errno -2] Name or service not known)
[2026-09-16T15:45:50.411+0000] {logging_mixin.py:188} WARNING - 
The above exception was the direct cause of the following exception:
[2026-09-16T15:45:50.411+0000] {logging_mixin.py:188} WARNING - Traceback (most recent call last):
[2026-09-16T15:45:50.411+0000] {logging_mixin.py:188} WARNING -   File "/home/airflow/.local/lib/python3.10/site-packages/requests/adapters.py", line 486, in send
    resp = conn.urlopen(
[2026-09-16T15:45:50.412+0000] {logging_mixin.py:188} WARNING -   File "/home/airflow/.local/lib/python3.10/site-packages/urllib3/connectionpool.py", line 847, in urlopen
    retries = retries.increment(
[2026-09-16T15:45:50.412+0000] {logging_mixin.py:188} WARNING -   File "/home/airflow/.local/lib/python3.10/site-packages/urllib3/util/retry.py", line 515, in increment
    raise MaxRetryError(_pool, url, reason) from reason  # type: ignore[arg-type]
[2026-09-16T15:45:50.412+0000] {logging_mixin.py:188} WARNING - urllib3.exceptions.MaxRetryError: HTTPSConnectionPool(host='www.googleapis.com', port=443): Max retries exceeded with url: /youtube/v3/videos?part=snippet%2Cstatistics%2CcontentDetails&id=R7MkZL5i3FQ&key=AIzaSyCu0SeP4QtsaF8H6qeF4NcFYaRehf3ot8w (Caused by NameResolutionError("<urllib3.connection.HTTPSConnection object at 0x7bc5c06d75e0>: Failed to resolve 'www.googleapis.com' ([Errno -2] Name or service not known)"))
[2026-09-16T15:45:50.413+0000] {logging_mixin.py:188} WARNING - 
During handling of the above exception, another exception occurred:
[2026-09-16T15:45:50.413+0000] {logging_mixin.py:188} WARNING - Traceback (most recent call last):
[2026-09-16T15:45:50.414+0000] {logging_mixin.py:188} WARNING -   File "/opt/airflow/src/app.py", line 72, in get_all_videos
    video = clt.get_video_info(id, self.config.videoInfoUrl,
[2026-09-16T15:45:50.414+0000] {logging_mixin.py:188} WARNING -   File "/opt/airflow/src/controller/info.py", line 12, in get_video_info
    response: req.Response = req.get(url, params=params)
[2026-09-16T15:45:50.414+0000] {logging_mixin.py:188} WARNING -   File "/home/airflow/.local/lib/python3.10/site-packages/requests/api.py", line 73, in get
    return request("get", url, params=params, **kwargs)
[2026-09-16T15:45:50.415+0000] {logging_mixin.py:188} WARNING -   File "/home/airflow/.local/lib/python3.10/site-packages/requests/api.py", line 59, in request
    return session.request(method=method, url=url, **kwargs)
[2026-09-16T15:45:50.415+0000] {logging_mixin.py:188} WARNING -   File "/home/airflow/.local/lib/python3.10/site-packages/requests/sessions.py", line 589, in request
    resp = self.send(prep, **send_kwargs)
[2026-09-16T15:45:50.415+0000] {logging_mixin.py:188} WARNING -   File "/home/airflow/.local/lib/python3.10/site-packages/requests/sessions.py", line 703, in send
    r = adapter.send(request, **kwargs)
[2026-09-16T15:45:50.416+0000] {logging_mixin.py:188} WARNING -   File "/home/airflow/.local/lib/python3.10/site-packages/requests/adapters.py", line 519, in send
    raise ConnectionError(e, request=request)
[2026-09-16T15:45:50.416+0000] {logging_mixin.py:188} WARNING - requests.exceptions.ConnectionError: HTTPSConnectionPool(host='www.googleapis.com', port=443): Max retries exceeded with url: /youtube/v3/videos?part=snippet%2Cstatistics%2CcontentDetails&id=R7MkZL5i3FQ&key=AIzaSyCu0SeP4QtsaF8H6qeF4NcFYaRehf3ot8w (Caused by NameResolutionError("<urllib3.connection.HTTPSConnection object at 0x7bc5c06d75e0>: Failed to resolve 'www.googleapis.com' ([Errno -2] Name or service not known)"))
[2026-09-16T15:45:50.426+0000] {logging_mixin.py:188} WARNING - Traceback (most recent call last):
[2026-09-16T15:45:50.426+0000] {logging_mixin.py:188} WARNING -   File "/home/airflow/.local/lib/python3.10/site-packages/urllib3/connection.py", line 198, in _new_conn
    sock = connection.create_connection(
[2026-09-16T15:45:50.427+0000] {logging_mixin.py:188} WARNING -   File "/home/airflow/.local/lib/python3.10/site-packages/urllib3/util/connection.py", line 60, in create_connection
    for res in socket.getaddrinfo(host, port, family, socket.SOCK_STREAM):
[2026-09-16T15:45:50.427+0000] {logging_mixin.py:188} WARNING -   File "/usr/local/lib/python3.10/socket.py", line 955, in getaddrinfo
    for res in _socket.getaddrinfo(host, port, family, type, proto, flags):
[2026-09-16T15:45:50.428+0000] {logging_mixin.py:188} WARNING - socket.gaierror: [Errno -2] Name or service not known
[2026-09-16T15:45:50.428+0000] {logging_mixin.py:188} WARNING - 
The above exception was the direct cause of the following exception:
[2026-09-16T15:45:50.429+0000] {logging_mixin.py:188} WARNING - Traceback (most recent call last):
[2026-09-16T15:45:50.429+0000] {logging_mixin.py:188} WARNING -   File "/home/airflow/.local/lib/python3.10/site-packages/urllib3/connectionpool.py", line 793, in urlopen
    response = self._make_request(
[2026-09-16T15:45:50.430+0000] {logging_mixin.py:188} WARNING -   File "/home/airflow/.local/lib/python3.10/site-packages/urllib3/connectionpool.py", line 491, in _make_request
    raise new_e
[2026-09-16T15:45:50.430+0000] {logging_mixin.py:188} WARNING -   File "/home/airflow/.local/lib/python3.10/site-packages/urllib3/connectionpool.py", line 467, in _make_request
    self._validate_conn(conn)
[2026-09-16T15:45:50.431+0000] {logging_mixin.py:188} WARNING -   File "/home/airflow/.local/lib/python3.10/site-packages/urllib3/connectionpool.py", line 1099, in _validate_conn
    conn.connect()
[2026-09-16T15:45:50.431+0000] {logging_mixin.py:188} WARNING -   File "/home/airflow/.local/lib/python3.10/site-packages/urllib3/connection.py", line 616, in connect
    self.sock = sock = self._new_conn()
[2026-09-16T15:45:50.431+0000] {logging_mixin.py:188} WARNING -   File "/home/airflow/.local/lib/python3.10/site-packages/urllib3/connection.py", line 205, in _new_conn
    raise NameResolutionError(self.host, self, e) from e
[2026-09-16T15:45:50.432+0000] {logging_mixin.py:188} WARNING - urllib3.exceptions.NameResolutionError: <urllib3.connection.HTTPSConnection object at 0x7bc5c06d46a0>: Failed to resolve 'www.googleapis.com' ([Errno -2] Name or service not known)
[2026-09-16T15:45:50.432+0000] {logging_mixin.py:188} WARNING - 
The above exception was the direct cause of the following exception:
[2026-09-16T15:45:50.433+0000] {logging_mixin.py:188} WARNING - Traceback (most recent call last):
[2026-09-16T15:45:50.433+0000] {logging_mixin.py:188} WARNING -   File "/home/airflow/.local/lib/python3.10/site-packages/requests/adapters.py", line 486, in send
    resp = conn.urlopen(
[2026-09-16T15:45:50.434+0000] {logging_mixin.py:188} WARNING -   File "/home/airflow/.local/lib/python3.10/site-packages/urllib3/connectionpool.py", line 847, in urlopen
    retries = retries.increment(
[2026-09-16T15:45:50.434+0000] {logging_mixin.py:188} WARNING -   File "/home/airflow/.local/lib/python3.10/site-packages/urllib3/util/retry.py", line 515, in increment
    raise MaxRetryError(_pool, url, reason) from reason  # type: ignore[arg-type]
[2026-09-16T15:45:50.435+0000] {logging_mixin.py:188} WARNING - urllib3.exceptions.MaxRetryError: HTTPSConnectionPool(host='www.googleapis.com', port=443): Max retries exceeded with url: /youtube/v3/videos?part=snippet%2Cstatistics%2CcontentDetails&id=26QQE7EsnLA&key=AIzaSyCu0SeP4QtsaF8H6qeF4NcFYaRehf3ot8w (Caused by NameResolutionError("<urllib3.connection.HTTPSConnection object at 0x7bc5c06d46a0>: Failed to resolve 'www.googleapis.com' ([Errno -2] Name or service not known)"))
[2026-09-16T15:45:50.435+0000] {logging_mixin.py:188} WARNING - 
During handling of the above exception, another exception occurred:
[2026-09-16T15:45:50.436+0000] {logging_mixin.py:188} WARNING - Traceback (most recent call last):
[2026-09-16T15:45:50.436+0000] {logging_mixin.py:188} WARNING -   File "/opt/airflow/src/app.py", line 72, in get_all_videos
    video = clt.get_video_info(id, self.config.videoInfoUrl,
[2026-09-16T15:45:50.438+0000] {logging_mixin.py:188} WARNING -   File "/opt/airflow/src/controller/info.py", line 12, in get_video_info
    response: req.Response = req.get(url, params=params)
[2026-09-16T15:45:50.439+0000] {logging_mixin.py:188} WARNING -   File "/home/airflow/.local/lib/python3.10/site-packages/requests/api.py", line 73, in get
    return request("get", url, params=params, **kwargs)
[2026-09-16T15:45:50.440+0000] {logging_mixin.py:188} WARNING -   File "/home/airflow/.local/lib/python3.10/site-packages/requests/api.py", line 59, in request
    return session.request(method=method, url=url, **kwargs)
[2026-09-16T15:45:50.440+0000] {logging_mixin.py:188} WARNING -   File "/home/airflow/.local/lib/python3.10/site-packages/requests/sessions.py", line 589, in request
    resp = self.send(prep, **send_kwargs)
[2026-09-16T15:45:50.441+0000] {logging_mixin.py:188} WARNING -   File "/home/airflow/.local/lib/python3.10/site-packages/requests/sessions.py", line 703, in send
    r = adapter.send(request, **kwargs)
[2026-09-16T15:45:50.441+0000] {logging_mixin.py:188} WARNING -   File "/home/airflow/.local/lib/python3.10/site-packages/requests/adapters.py", line 519, in send
    raise ConnectionError(e, request=request)
[2026-09-16T15:45:50.442+0000] {logging_mixin.py:188} WARNING - requests.exceptions.ConnectionError: HTTPSConnectionPool(host='www.googleapis.com', port=443): Max retries exceeded with url: /youtube/v3/videos?part=snippet%2Cstatistics%2CcontentDetails&id=26QQE7EsnLA&key=AIzaSyCu0SeP4QtsaF8H6qeF4NcFYaRehf3ot8w (Caused by NameResolutionError("<urllib3.connection.HTTPSConnection object at 0x7bc5c06d46a0>: Failed to resolve 'www.googleapis.com' ([Errno -2] Name or service not known)"))
[2026-09-16T15:45:50.450+0000] {logging_mixin.py:188} WARNING - Traceback (most recent call last):
[2026-09-16T15:45:50.451+0000] {logging_mixin.py:188} WARNING -   File "/home/airflow/.local/lib/python3.10/site-packages/urllib3/connection.py", line 198, in _new_conn
    sock = connection.create_connection(
[2026-09-16T15:45:50.452+0000] {logging_mixin.py:188} WARNING -   File "/home/airflow/.local/lib/python3.10/site-packages/urllib3/util/connection.py", line 60, in create_connection
    for res in socket.getaddrinfo(host, port, family, socket.SOCK_STREAM):
[2026-09-16T15:45:50.453+0000] {logging_mixin.py:188} WARNING -   File "/usr/local/lib/python3.10/socket.py", line 955, in getaddrinfo
    for res in _socket.getaddrinfo(host, port, family, type, proto, flags):
[2026-09-16T15:45:50.453+0000] {logging_mixin.py:188} WARNING - socket.gaierror: [Errno -2] Name or service not known
[2026-09-16T15:45:50.454+0000] {logging_mixin.py:188} WARNING - 
The above exception was the direct cause of the following exception:
[2026-09-16T15:45:50.455+0000] {logging_mixin.py:188} WARNING - Traceback (most recent call last):
[2026-09-16T15:45:50.456+0000] {logging_mixin.py:188} WARNING -   File "/home/airflow/.local/lib/python3.10/site-packages/urllib3/connectionpool.py", line 793, in urlopen
    response = self._make_request(
[2026-09-16T15:45:50.456+0000] {logging_mixin.py:188} WARNING -   File "/home/airflow/.local/lib/python3.10/site-packages/urllib3/connectionpool.py", line 491, in _make_request
    raise new_e
[2026-09-16T15:45:50.457+0000] {logging_mixin.py:188} WARNING -   File "/home/airflow/.local/lib/python3.10/site-packages/urllib3/connectionpool.py", line 467, in _make_request
    self._validate_conn(conn)
[2026-09-16T15:45:50.457+0000] {logging_mixin.py:188} WARNING -   File "/home/airflow/.local/lib/python3.10/site-packages/urllib3/connectionpool.py", line 1099, in _validate_conn
    conn.connect()
[2026-09-16T15:45:50.458+0000] {logging_mixin.py:188} WARNING -   File "/home/airflow/.local/lib/python3.10/site-packages/urllib3/connection.py", line 616, in connect
    self.sock = sock = self._new_conn()
[2026-09-16T15:45:50.458+0000] {logging_mixin.py:188} WARNING -   File "/home/airflow/.local/lib/python3.10/site-packages/urllib3/connection.py", line 205, in _new_conn
    raise NameResolutionError(self.host, self, e) from e
[2026-09-16T15:45:50.459+0000] {logging_mixin.py:188} WARNING - urllib3.exceptions.NameResolutionError: <urllib3.connection.HTTPSConnection object at 0x7bc5c06d63e0>: Failed to resolve 'www.googleapis.com' ([Errno -2] Name or service not known)
[2026-09-16T15:45:50.459+0000] {logging_mixin.py:188} WARNING - 
The above exception was the direct cause of the following exception:
[2026-09-16T15:45:50.459+0000] {logging_mixin.py:188} WARNING - Traceback (most recent call last):
[2026-09-16T15:45:50.460+0000] {logging_mixin.py:188} WARNING -   File "/home/airflow/.local/lib/python3.10/site-packages/requests/adapters.py", line 486, in send
    resp = conn.urlopen(
[2026-09-16T15:45:50.460+0000] {logging_mixin.py:188} WARNING -   File "/home/airflow/.local/lib/python3.10/site-packages/urllib3/connectionpool.py", line 847, in urlopen
    retries = retries.increment(
[2026-09-16T15:45:50.461+0000] {logging_mixin.py:188} WARNING -   File "/home/airflow/.local/lib/python3.10/site-packages/urllib3/util/retry.py", line 515, in increment
    raise MaxRetryError(_pool, url, reason) from reason  # type: ignore[arg-type]
[2026-09-16T15:45:50.461+0000] {logging_mixin.py:188} WARNING - urllib3.exceptions.MaxRetryError: HTTPSConnectionPool(host='www.googleapis.com', port=443): Max retries exceeded with url: /youtube/v3/videos?part=snippet%2Cstatistics%2CcontentDetails&id=PryTbmudhS8&key=AIzaSyCu0SeP4QtsaF8H6qeF4NcFYaRehf3ot8w (Caused by NameResolutionError("<urllib3.connection.HTTPSConnection object at 0x7bc5c06d63e0>: Failed to resolve 'www.googleapis.com' ([Errno -2] Name or service not known)"))
[2026-09-16T15:45:50.461+0000] {logging_mixin.py:188} WARNING - 
During handling of the above exception, another exception occurred:
[2026-09-16T15:45:50.462+0000] {logging_mixin.py:188} WARNING - Traceback (most recent call last):
[2026-09-16T15:45:50.462+0000] {logging_mixin.py:188} WARNING -   File "/opt/airflow/src/app.py", line 72, in get_all_videos
    video = clt.get_video_info(id, self.config.videoInfoUrl,
[2026-09-16T15:45:50.463+0000] {logging_mixin.py:188} WARNING -   File "/opt/airflow/src/controller/info.py", line 12, in get_video_info
    response: req.Response = req.get(url, params=params)
[2026-09-16T15:45:50.463+0000] {logging_mixin.py:188} WARNING -   File "/home/airflow/.local/lib/python3.10/site-packages/requests/api.py", line 73, in get
    return request("get", url, params=params, **kwargs)
[2026-09-16T15:45:50.463+0000] {logging_mixin.py:188} WARNING -   File "/home/airflow/.local/lib/python3.10/site-packages/requests/api.py", line 59, in request
    return session.request(method=method, url=url, **kwargs)
[2026-09-16T15:45:50.463+0000] {logging_mixin.py:188} WARNING -   File "/home/airflow/.local/lib/python3.10/site-packages/requests/sessions.py", line 589, in request
    resp = self.send(prep, **send_kwargs)
[2026-09-16T15:45:50.464+0000] {logging_mixin.py:188} WARNING -   File "/home/airflow/.local/lib/python3.10/site-packages/requests/sessions.py", line 703, in send
    r = adapter.send(request, **kwargs)
[2026-09-16T15:45:50.464+0000] {logging_mixin.py:188} WARNING -   File "/home/airflow/.local/lib/python3.10/site-packages/requests/adapters.py", line 519, in send
    raise ConnectionError(e, request=request)
[2026-09-16T15:45:50.465+0000] {logging_mixin.py:188} WARNING - requests.exceptions.ConnectionError: HTTPSConnectionPool(host='www.googleapis.com', port=443): Max retries exceeded with url: /youtube/v3/videos?part=snippet%2Cstatistics%2CcontentDetails&id=PryTbmudhS8&key=AIzaSyCu0SeP4QtsaF8H6qeF4NcFYaRehf3ot8w (Caused by NameResolutionError("<urllib3.connection.HTTPSConnection object at 0x7bc5c06d63e0>: Failed to resolve 'www.googleapis.com' ([Errno -2] Name or service not known)"))
[2026-09-16T15:45:50.475+0000] {logging_mixin.py:188} WARNING - Traceback (most recent call last):
[2026-09-16T15:45:50.476+0000] {logging_mixin.py:188} WARNING -   File "/home/airflow/.local/lib/python3.10/site-packages/urllib3/connection.py", line 198, in _new_conn
    sock = connection.create_connection(
[2026-09-16T15:45:50.477+0000] {logging_mixin.py:188} WARNING -   File "/home/airflow/.local/lib/python3.10/site-packages/urllib3/util/connection.py", line 60, in create_connection
    for res in socket.getaddrinfo(host, port, family, socket.SOCK_STREAM):
[2026-09-16T15:45:50.477+0000] {logging_mixin.py:188} WARNING -   File "/usr/local/lib/python3.10/socket.py", line 955, in getaddrinfo
    for res in _socket.getaddrinfo(host, port, family, type, proto, flags):
[2026-09-16T15:45:50.478+0000] {logging_mixin.py:188} WARNING - socket.gaierror: [Errno -2] Name or service not known
[2026-09-16T15:45:50.479+0000] {logging_mixin.py:188} WARNING - 
The above exception was the direct cause of the following exception:
[2026-09-16T15:45:50.479+0000] {logging_mixin.py:188} WARNING - Traceback (most recent call last):
[2026-09-16T15:45:50.479+0000] {logging_mixin.py:188} WARNING -   File "/home/airflow/.local/lib/python3.10/site-packages/urllib3/connectionpool.py", line 793, in urlopen
    response = self._make_request(
[2026-09-16T15:45:50.480+0000] {logging_mixin.py:188} WARNING -   File "/home/airflow/.local/lib/python3.10/site-packages/urllib3/connectionpool.py", line 491, in _make_request
    raise new_e
[2026-09-16T15:45:50.480+0000] {logging_mixin.py:188} WARNING -   File "/home/airflow/.local/lib/python3.10/site-packages/urllib3/connectionpool.py", line 467, in _make_request
    self._validate_conn(conn)
[2026-09-16T15:45:50.480+0000] {logging_mixin.py:188} WARNING -   File "/home/airflow/.local/lib/python3.10/site-packages/urllib3/connectionpool.py", line 1099, in _validate_conn
    conn.connect()
[2026-09-16T15:45:50.481+0000] {logging_mixin.py:188} WARNING -   File "/home/airflow/.local/lib/python3.10/site-packages/urllib3/connection.py", line 616, in connect
    self.sock = sock = self._new_conn()
[2026-09-16T15:45:50.481+0000] {logging_mixin.py:188} WARNING -   File "/home/airflow/.local/lib/python3.10/site-packages/urllib3/connection.py", line 205, in _new_conn
    raise NameResolutionError(self.host, self, e) from e
[2026-09-16T15:45:50.482+0000] {logging_mixin.py:188} WARNING - urllib3.exceptions.NameResolutionError: <urllib3.connection.HTTPSConnection object at 0x7bc5c06d42b0>: Failed to resolve 'www.googleapis.com' ([Errno -2] Name or service not known)
[2026-09-16T15:45:50.482+0000] {logging_mixin.py:188} WARNING - 
The above exception was the direct cause of the following exception:
[2026-09-16T15:45:50.483+0000] {logging_mixin.py:188} WARNING - Traceback (most recent call last):
[2026-09-16T15:45:50.483+0000] {logging_mixin.py:188} WARNING -   File "/home/airflow/.local/lib/python3.10/site-packages/requests/adapters.py", line 486, in send
    resp = conn.urlopen(
[2026-09-16T15:45:50.483+0000] {logging_mixin.py:188} WARNING -   File "/home/airflow/.local/lib/python3.10/site-packages/urllib3/connectionpool.py", line 847, in urlopen
    retries = retries.increment(
[2026-09-16T15:45:50.484+0000] {logging_mixin.py:188} WARNING -   File "/home/airflow/.local/lib/python3.10/site-packages/urllib3/util/retry.py", line 515, in increment
    raise MaxRetryError(_pool, url, reason) from reason  # type: ignore[arg-type]
[2026-09-16T15:45:50.484+0000] {logging_mixin.py:188} WARNING - urllib3.exceptions.MaxRetryError: HTTPSConnectionPool(host='www.googleapis.com', port=443): Max retries exceeded with url: /youtube/v3/videos?part=snippet%2Cstatistics%2CcontentDetails&id=Oo9EbArcQ1c&key=AIzaSyCu0SeP4QtsaF8H6qeF4NcFYaRehf3ot8w (Caused by NameResolutionError("<urllib3.connection.HTTPSConnection object at 0x7bc5c06d42b0>: Failed to resolve 'www.googleapis.com' ([Errno -2] Name or service not known)"))
[2026-09-16T15:45:50.485+0000] {logging_mixin.py:188} WARNING - 
During handling of the above exception, another exception occurred:
[2026-09-16T15:45:50.485+0000] {logging_mixin.py:188} WARNING - Traceback (most recent call last):
[2026-09-16T15:45:50.486+0000] {logging_mixin.py:188} WARNING -   File "/opt/airflow/src/app.py", line 72, in get_all_videos
    video = clt.get_video_info(id, self.config.videoInfoUrl,
[2026-09-16T15:45:50.486+0000] {logging_mixin.py:188} WARNING -   File "/opt/airflow/src/controller/info.py", line 12, in get_video_info
    response: req.Response = req.get(url, params=params)
[2026-09-16T15:45:50.486+0000] {logging_mixin.py:188} WARNING -   File "/home/airflow/.local/lib/python3.10/site-packages/requests/api.py", line 73, in get
    return request("get", url, params=params, **kwargs)
[2026-09-16T15:45:50.487+0000] {logging_mixin.py:188} WARNING -   File "/home/airflow/.local/lib/python3.10/site-packages/requests/api.py", line 59, in request
    return session.request(method=method, url=url, **kwargs)
[2026-09-16T15:45:50.488+0000] {logging_mixin.py:188} WARNING -   File "/home/airflow/.local/lib/python3.10/site-packages/requests/sessions.py", line 589, in request
    resp = self.send(prep, **send_kwargs)
[2026-09-16T15:45:50.489+0000] {logging_mixin.py:188} WARNING -   File "/home/airflow/.local/lib/python3.10/site-packages/requests/sessions.py", line 703, in send
    r = adapter.send(request, **kwargs)
[2026-09-16T15:45:50.489+0000] {logging_mixin.py:188} WARNING -   File "/home/airflow/.local/lib/python3.10/site-packages/requests/adapters.py", line 519, in send
    raise ConnectionError(e, request=request)
[2026-09-16T15:45:50.490+0000] {logging_mixin.py:188} WARNING - requests.exceptions.ConnectionError: HTTPSConnectionPool(host='www.googleapis.com', port=443): Max retries exceeded with url: /youtube/v3/videos?part=snippet%2Cstatistics%2CcontentDetails&id=Oo9EbArcQ1c&key=AIzaSyCu0SeP4QtsaF8H6qeF4NcFYaRehf3ot8w (Caused by NameResolutionError("<urllib3.connection.HTTPSConnection object at 0x7bc5c06d42b0>: Failed to resolve 'www.googleapis.com' ([Errno -2] Name or service not known)"))
[2026-09-16T15:45:50.499+0000] {logging_mixin.py:188} WARNING - Traceback (most recent call last):
[2026-09-16T15:45:50.499+0000] {logging_mixin.py:188} WARNING -   File "/home/airflow/.local/lib/python3.10/site-packages/urllib3/connection.py", line 198, in _new_conn
    sock = connection.create_connection(
[2026-09-16T15:45:50.500+0000] {logging_mixin.py:188} WARNING -   File "/home/airflow/.local/lib/python3.10/site-packages/urllib3/util/connection.py", line 60, in create_connection
    for res in socket.getaddrinfo(host, port, family, socket.SOCK_STREAM):
[2026-09-16T15:45:50.500+0000] {logging_mixin.py:188} WARNING -   File "/usr/local/lib/python3.10/socket.py", line 955, in getaddrinfo
    for res in _socket.getaddrinfo(host, port, family, type, proto, flags):
[2026-09-16T15:45:50.501+0000] {logging_mixin.py:188} WARNING - socket.gaierror: [Errno -2] Name or service not known
[2026-09-16T15:45:50.501+0000] {logging_mixin.py:188} WARNING - 
The above exception was the direct cause of the following exception:
[2026-09-16T15:45:50.502+0000] {logging_mixin.py:188} WARNING - Traceback (most recent call last):
[2026-09-16T15:45:50.502+0000] {logging_mixin.py:188} WARNING -   File "/home/airflow/.local/lib/python3.10/site-packages/urllib3/connectionpool.py", line 793, in urlopen
    response = self._make_request(
[2026-09-16T15:45:50.503+0000] {logging_mixin.py:188} WARNING -   File "/home/airflow/.local/lib/python3.10/site-packages/urllib3/connectionpool.py", line 491, in _make_request
    raise new_e
[2026-09-16T15:45:50.503+0000] {logging_mixin.py:188} WARNING -   File "/home/airflow/.local/lib/python3.10/site-packages/urllib3/connectionpool.py", line 467, in _make_request
    self._validate_conn(conn)
[2026-09-16T15:45:50.505+0000] {logging_mixin.py:188} WARNING -   File "/home/airflow/.local/lib/python3.10/site-packages/urllib3/connectionpool.py", line 1099, in _validate_conn
    conn.connect()
[2026-09-16T15:45:50.506+0000] {logging_mixin.py:188} WARNING -   File "/home/airflow/.local/lib/python3.10/site-packages/urllib3/connection.py", line 616, in connect
    self.sock = sock = self._new_conn()
[2026-09-16T15:45:50.507+0000] {logging_mixin.py:188} WARNING -   File "/home/airflow/.local/lib/python3.10/site-packages/urllib3/connection.py", line 205, in _new_conn
    raise NameResolutionError(self.host, self, e) from e
[2026-09-16T15:45:50.507+0000] {logging_mixin.py:188} WARNING - urllib3.exceptions.NameResolutionError: <urllib3.connection.HTTPSConnection object at 0x7bc5c06d7d90>: Failed to resolve 'www.googleapis.com' ([Errno -2] Name or service not known)
[2026-09-16T15:45:50.508+0000] {logging_mixin.py:188} WARNING - 
The above exception was the direct cause of the following exception:
[2026-09-16T15:45:50.508+0000] {logging_mixin.py:188} WARNING - Traceback (most recent call last):
[2026-09-16T15:45:50.509+0000] {logging_mixin.py:188} WARNING -   File "/home/airflow/.local/lib/python3.10/site-packages/requests/adapters.py", line 486, in send
    resp = conn.urlopen(
[2026-09-16T15:45:50.509+0000] {logging_mixin.py:188} WARNING -   File "/home/airflow/.local/lib/python3.10/site-packages/urllib3/connectionpool.py", line 847, in urlopen
    retries = retries.increment(
[2026-09-16T15:45:50.510+0000] {logging_mixin.py:188} WARNING -   File "/home/airflow/.local/lib/python3.10/site-packages/urllib3/util/retry.py", line 515, in increment
    raise MaxRetryError(_pool, url, reason) from reason  # type: ignore[arg-type]
[2026-09-16T15:45:50.510+0000] {logging_mixin.py:188} WARNING - urllib3.exceptions.MaxRetryError: HTTPSConnectionPool(host='www.googleapis.com', port=443): Max retries exceeded with url: /youtube/v3/videos?part=snippet%2Cstatistics%2CcontentDetails&id=yWEUL3crU_E&key=AIzaSyCu0SeP4QtsaF8H6qeF4NcFYaRehf3ot8w (Caused by NameResolutionError("<urllib3.connection.HTTPSConnection object at 0x7bc5c06d7d90>: Failed to resolve 'www.googleapis.com' ([Errno -2] Name or service not known)"))
[2026-09-16T15:45:50.511+0000] {logging_mixin.py:188} WARNING - 
During handling of the above exception, another exception occurred:
[2026-09-16T15:45:50.511+0000] {logging_mixin.py:188} WARNING - Traceback (most recent call last):
[2026-09-16T15:45:50.512+0000] {logging_mixin.py:188} WARNING -   File "/opt/airflow/src/app.py", line 72, in get_all_videos
    video = clt.get_video_info(id, self.config.videoInfoUrl,
[2026-09-16T15:45:50.512+0000] {logging_mixin.py:188} WARNING -   File "/opt/airflow/src/controller/info.py", line 12, in get_video_info
    response: req.Response = req.get(url, params=params)
[2026-09-16T15:45:50.513+0000] {logging_mixin.py:188} WARNING -   File "/home/airflow/.local/lib/python3.10/site-packages/requests/api.py", line 73, in get
    return request("get", url, params=params, **kwargs)
[2026-09-16T15:45:50.513+0000] {logging_mixin.py:188} WARNING -   File "/home/airflow/.local/lib/python3.10/site-packages/requests/api.py", line 59, in request
    return session.request(method=method, url=url, **kwargs)
[2026-09-16T15:45:50.513+0000] {logging_mixin.py:188} WARNING -   File "/home/airflow/.local/lib/python3.10/site-packages/requests/sessions.py", line 589, in request
    resp = self.send(prep, **send_kwargs)
[2026-09-16T15:45:50.514+0000] {logging_mixin.py:188} WARNING -   File "/home/airflow/.local/lib/python3.10/site-packages/requests/sessions.py", line 703, in send
    r = adapter.send(request, **kwargs)
[2026-09-16T15:45:50.514+0000] {logging_mixin.py:188} WARNING -   File "/home/airflow/.local/lib/python3.10/site-packages/requests/adapters.py", line 519, in send
    raise ConnectionError(e, request=request)
[2026-09-16T15:45:50.515+0000] {logging_mixin.py:188} WARNING - requests.exceptions.ConnectionError: HTTPSConnectionPool(host='www.googleapis.com', port=443): Max retries exceeded with url: /youtube/v3/videos?part=snippet%2Cstatistics%2CcontentDetails&id=yWEUL3crU_E&key=AIzaSyCu0SeP4QtsaF8H6qeF4NcFYaRehf3ot8w (Caused by NameResolutionError("<urllib3.connection.HTTPSConnection object at 0x7bc5c06d7d90>: Failed to resolve 'www.googleapis.com' ([Errno -2] Name or service not known)"))
[2026-09-16T15:45:50.525+0000] {logging_mixin.py:188} WARNING - Traceback (most recent call last):
[2026-09-16T15:45:50.526+0000] {logging_mixin.py:188} WARNING -   File "/home/airflow/.local/lib/python3.10/site-packages/urllib3/connection.py", line 198, in _new_conn
    sock = connection.create_connection(
[2026-09-16T15:45:50.527+0000] {logging_mixin.py:188} WARNING -   File "/home/airflow/.local/lib/python3.10/site-packages/urllib3/util/connection.py", line 60, in create_connection
    for res in socket.getaddrinfo(host, port, family, socket.SOCK_STREAM):
[2026-09-16T15:45:50.527+0000] {logging_mixin.py:188} WARNING -   File "/usr/local/lib/python3.10/socket.py", line 955, in getaddrinfo
    for res in _socket.getaddrinfo(host, port, family, type, proto, flags):
[2026-09-16T15:45:50.528+0000] {logging_mixin.py:188} WARNING - socket.gaierror: [Errno -2] Name or service not known
[2026-09-16T15:45:50.528+0000] {logging_mixin.py:188} WARNING - 
The above exception was the direct cause of the following exception:
[2026-09-16T15:45:50.529+0000] {logging_mixin.py:188} WARNING - Traceback (most recent call last):
[2026-09-16T15:45:50.529+0000] {logging_mixin.py:188} WARNING -   File "/home/airflow/.local/lib/python3.10/site-packages/urllib3/connectionpool.py", line 793, in urlopen
    response = self._make_request(
[2026-09-16T15:45:50.530+0000] {logging_mixin.py:188} WARNING -   File "/home/airflow/.local/lib/python3.10/site-packages/urllib3/connectionpool.py", line 491, in _make_request
    raise new_e
[2026-09-16T15:45:50.530+0000] {logging_mixin.py:188} WARNING -   File "/home/airflow/.local/lib/python3.10/site-packages/urllib3/connectionpool.py", line 467, in _make_request
    self._validate_conn(conn)
[2026-09-16T15:45:50.530+0000] {logging_mixin.py:188} WARNING -   File "/home/airflow/.local/lib/python3.10/site-packages/urllib3/connectionpool.py", line 1099, in _validate_conn
    conn.connect()
[2026-09-16T15:45:50.531+0000] {logging_mixin.py:188} WARNING -   File "/home/airflow/.local/lib/python3.10/site-packages/urllib3/connection.py", line 616, in connect
    self.sock = sock = self._new_conn()
[2026-09-16T15:45:50.531+0000] {logging_mixin.py:188} WARNING -   File "/home/airflow/.local/lib/python3.10/site-packages/urllib3/connection.py", line 205, in _new_conn
    raise NameResolutionError(self.host, self, e) from e
[2026-09-16T15:45:50.532+0000] {logging_mixin.py:188} WARNING - urllib3.exceptions.NameResolutionError: <urllib3.connection.HTTPSConnection object at 0x7bc5c06d5240>: Failed to resolve 'www.googleapis.com' ([Errno -2] Name or service not known)
[2026-09-16T15:45:50.532+0000] {logging_mixin.py:188} WARNING - 
The above exception was the direct cause of the following exception:
[2026-09-16T15:45:50.532+0000] {logging_mixin.py:188} WARNING - Traceback (most recent call last):
[2026-09-16T15:45:50.533+0000] {logging_mixin.py:188} WARNING -   File "/home/airflow/.local/lib/python3.10/site-packages/requests/adapters.py", line 486, in send
    resp = conn.urlopen(
[2026-09-16T15:45:50.533+0000] {logging_mixin.py:188} WARNING -   File "/home/airflow/.local/lib/python3.10/site-packages/urllib3/connectionpool.py", line 847, in urlopen
    retries = retries.increment(
[2026-09-16T15:45:50.534+0000] {logging_mixin.py:188} WARNING -   File "/home/airflow/.local/lib/python3.10/site-packages/urllib3/util/retry.py", line 515, in increment
    raise MaxRetryError(_pool, url, reason) from reason  # type: ignore[arg-type]
[2026-09-16T15:45:50.534+0000] {logging_mixin.py:188} WARNING - urllib3.exceptions.MaxRetryError: HTTPSConnectionPool(host='www.googleapis.com', port=443): Max retries exceeded with url: /youtube/v3/videos?part=snippet%2Cstatistics%2CcontentDetails&id=JgJrQnDIRgg&key=AIzaSyCu0SeP4QtsaF8H6qeF4NcFYaRehf3ot8w (Caused by NameResolutionError("<urllib3.connection.HTTPSConnection object at 0x7bc5c06d5240>: Failed to resolve 'www.googleapis.com' ([Errno -2] Name or service not known)"))
[2026-09-16T15:45:50.535+0000] {logging_mixin.py:188} WARNING - 
During handling of the above exception, another exception occurred:
[2026-09-16T15:45:50.535+0000] {logging_mixin.py:188} WARNING - Traceback (most recent call last):
[2026-09-16T15:45:50.536+0000] {logging_mixin.py:188} WARNING -   File "/opt/airflow/src/app.py", line 72, in get_all_videos
    video = clt.get_video_info(id, self.config.videoInfoUrl,
[2026-09-16T15:45:50.536+0000] {logging_mixin.py:188} WARNING -   File "/opt/airflow/src/controller/info.py", line 12, in get_video_info
    response: req.Response = req.get(url, params=params)
[2026-09-16T15:45:50.537+0000] {logging_mixin.py:188} WARNING -   File "/home/airflow/.local/lib/python3.10/site-packages/requests/api.py", line 73, in get
    return request("get", url, params=params, **kwargs)
[2026-09-16T15:45:50.539+0000] {logging_mixin.py:188} WARNING -   File "/home/airflow/.local/lib/python3.10/site-packages/requests/api.py", line 59, in request
    return session.request(method=method, url=url, **kwargs)
[2026-09-16T15:45:50.540+0000] {logging_mixin.py:188} WARNING -   File "/home/airflow/.local/lib/python3.10/site-packages/requests/sessions.py", line 589, in request
    resp = self.send(prep, **send_kwargs)
[2026-09-16T15:45:50.540+0000] {logging_mixin.py:188} WARNING -   File "/home/airflow/.local/lib/python3.10/site-packages/requests/sessions.py", line 703, in send
    r = adapter.send(request, **kwargs)
[2026-09-16T15:45:50.541+0000] {logging_mixin.py:188} WARNING -   File "/home/airflow/.local/lib/python3.10/site-packages/requests/adapters.py", line 519, in send
    raise ConnectionError(e, request=request)
[2026-09-16T15:45:50.541+0000] {logging_mixin.py:188} WARNING - requests.exceptions.ConnectionError: HTTPSConnectionPool(host='www.googleapis.com', port=443): Max retries exceeded with url: /youtube/v3/videos?part=snippet%2Cstatistics%2CcontentDetails&id=JgJrQnDIRgg&key=AIzaSyCu0SeP4QtsaF8H6qeF4NcFYaRehf3ot8w (Caused by NameResolutionError("<urllib3.connection.HTTPSConnection object at 0x7bc5c06d5240>: Failed to resolve 'www.googleapis.com' ([Errno -2] Name or service not known)"))
[2026-09-16T15:45:50.552+0000] {logging_mixin.py:188} WARNING - Traceback (most recent call last):
[2026-09-16T15:45:50.553+0000] {logging_mixin.py:188} WARNING -   File "/home/airflow/.local/lib/python3.10/site-packages/urllib3/connection.py", line 198, in _new_conn
    sock = connection.create_connection(
[2026-09-16T15:45:50.553+0000] {logging_mixin.py:188} WARNING -   File "/home/airflow/.local/lib/python3.10/site-packages/urllib3/util/connection.py", line 60, in create_connection
    for res in socket.getaddrinfo(host, port, family, socket.SOCK_STREAM):
[2026-09-16T15:45:50.554+0000] {logging_mixin.py:188} WARNING -   File "/usr/local/lib/python3.10/socket.py", line 955, in getaddrinfo
    for res in _socket.getaddrinfo(host, port, family, type, proto, flags):
[2026-09-16T15:45:50.556+0000] {logging_mixin.py:188} WARNING - socket.gaierror: [Errno -2] Name or service not known
[2026-09-16T15:45:50.556+0000] {logging_mixin.py:188} WARNING - 
The above exception was the direct cause of the following exception:
[2026-09-16T15:45:50.557+0000] {logging_mixin.py:188} WARNING - Traceback (most recent call last):
[2026-09-16T15:45:50.558+0000] {logging_mixin.py:188} WARNING -   File "/home/airflow/.local/lib/python3.10/site-packages/urllib3/connectionpool.py", line 793, in urlopen
    response = self._make_request(
[2026-09-16T15:45:50.559+0000] {logging_mixin.py:188} WARNING -   File "/home/airflow/.local/lib/python3.10/site-packages/urllib3/connectionpool.py", line 491, in _make_request
    raise new_e
[2026-09-16T15:45:50.560+0000] {logging_mixin.py:188} WARNING -   File "/home/airflow/.local/lib/python3.10/site-packages/urllib3/connectionpool.py", line 467, in _make_request
    self._validate_conn(conn)
[2026-09-16T15:45:50.560+0000] {logging_mixin.py:188} WARNING -   File "/home/airflow/.local/lib/python3.10/site-packages/urllib3/connectionpool.py", line 1099, in _validate_conn
    conn.connect()
[2026-09-16T15:45:50.561+0000] {logging_mixin.py:188} WARNING -   File "/home/airflow/.local/lib/python3.10/site-packages/urllib3/connection.py", line 616, in connect
    self.sock = sock = self._new_conn()
[2026-09-16T15:45:50.562+0000] {logging_mixin.py:188} WARNING -   File "/home/airflow/.local/lib/python3.10/site-packages/urllib3/connection.py", line 205, in _new_conn
    raise NameResolutionError(self.host, self, e) from e
[2026-09-16T15:45:50.562+0000] {logging_mixin.py:188} WARNING - urllib3.exceptions.NameResolutionError: <urllib3.connection.HTTPSConnection object at 0x7bc5c06d4af0>: Failed to resolve 'www.googleapis.com' ([Errno -2] Name or service not known)
[2026-09-16T15:45:50.563+0000] {logging_mixin.py:188} WARNING - 
The above exception was the direct cause of the following exception:
[2026-09-16T15:45:50.564+0000] {logging_mixin.py:188} WARNING - Traceback (most recent call last):
[2026-09-16T15:45:50.564+0000] {logging_mixin.py:188} WARNING -   File "/home/airflow/.local/lib/python3.10/site-packages/requests/adapters.py", line 486, in send
    resp = conn.urlopen(
[2026-09-16T15:45:50.565+0000] {logging_mixin.py:188} WARNING -   File "/home/airflow/.local/lib/python3.10/site-packages/urllib3/connectionpool.py", line 847, in urlopen
    retries = retries.increment(
[2026-09-16T15:45:50.565+0000] {logging_mixin.py:188} WARNING -   File "/home/airflow/.local/lib/python3.10/site-packages/urllib3/util/retry.py", line 515, in increment
    raise MaxRetryError(_pool, url, reason) from reason  # type: ignore[arg-type]
[2026-09-16T15:45:50.565+0000] {logging_mixin.py:188} WARNING - urllib3.exceptions.MaxRetryError: HTTPSConnectionPool(host='www.googleapis.com', port=443): Max retries exceeded with url: /youtube/v3/videos?part=snippet%2Cstatistics%2CcontentDetails&id=gtkqnhN0VkU&key=AIzaSyCu0SeP4QtsaF8H6qeF4NcFYaRehf3ot8w (Caused by NameResolutionError("<urllib3.connection.HTTPSConnection object at 0x7bc5c06d4af0>: Failed to resolve 'www.googleapis.com' ([Errno -2] Name or service not known)"))
[2026-09-16T15:45:50.566+0000] {logging_mixin.py:188} WARNING - 
During handling of the above exception, another exception occurred:
[2026-09-16T15:45:50.566+0000] {logging_mixin.py:188} WARNING - Traceback (most recent call last):
[2026-09-16T15:45:50.567+0000] {logging_mixin.py:188} WARNING -   File "/opt/airflow/src/app.py", line 72, in get_all_videos
    video = clt.get_video_info(id, self.config.videoInfoUrl,
[2026-09-16T15:45:50.567+0000] {logging_mixin.py:188} WARNING -   File "/opt/airflow/src/controller/info.py", line 12, in get_video_info
    response: req.Response = req.get(url, params=params)
[2026-09-16T15:45:50.568+0000] {logging_mixin.py:188} WARNING -   File "/home/airflow/.local/lib/python3.10/site-packages/requests/api.py", line 73, in get
    return request("get", url, params=params, **kwargs)
[2026-09-16T15:45:50.568+0000] {logging_mixin.py:188} WARNING -   File "/home/airflow/.local/lib/python3.10/site-packages/requests/api.py", line 59, in request
    return session.request(method=method, url=url, **kwargs)
[2026-09-16T15:45:50.569+0000] {logging_mixin.py:188} WARNING -   File "/home/airflow/.local/lib/python3.10/site-packages/requests/sessions.py", line 589, in request
    resp = self.send(prep, **send_kwargs)
[2026-09-16T15:45:50.569+0000] {logging_mixin.py:188} WARNING -   File "/home/airflow/.local/lib/python3.10/site-packages/requests/sessions.py", line 703, in send
    r = adapter.send(request, **kwargs)
[2026-09-16T15:45:50.569+0000] {logging_mixin.py:188} WARNING -   File "/home/airflow/.local/lib/python3.10/site-packages/requests/adapters.py", line 519, in send
    raise ConnectionError(e, request=request)
[2026-09-16T15:45:50.572+0000] {logging_mixin.py:188} WARNING - requests.exceptions.ConnectionError: HTTPSConnectionPool(host='www.googleapis.com', port=443): Max retries exceeded with url: /youtube/v3/videos?part=snippet%2Cstatistics%2CcontentDetails&id=gtkqnhN0VkU&key=AIzaSyCu0SeP4QtsaF8H6qeF4NcFYaRehf3ot8w (Caused by NameResolutionError("<urllib3.connection.HTTPSConnection object at 0x7bc5c06d4af0>: Failed to resolve 'www.googleapis.com' ([Errno -2] Name or service not known)"))
[2026-09-16T15:45:50.582+0000] {logging_mixin.py:188} WARNING - Traceback (most recent call last):
[2026-09-16T15:45:50.583+0000] {logging_mixin.py:188} WARNING -   File "/home/airflow/.local/lib/python3.10/site-packages/urllib3/connection.py", line 198, in _new_conn
    sock = connection.create_connection(
[2026-09-16T15:45:50.583+0000] {logging_mixin.py:188} WARNING -   File "/home/airflow/.local/lib/python3.10/site-packages/urllib3/util/connection.py", line 60, in create_connection
    for res in socket.getaddrinfo(host, port, family, socket.SOCK_STREAM):
[2026-09-16T15:45:50.584+0000] {logging_mixin.py:188} WARNING -   File "/usr/local/lib/python3.10/socket.py", line 955, in getaddrinfo
    for res in _socket.getaddrinfo(host, port, family, type, proto, flags):
[2026-09-16T15:45:50.584+0000] {logging_mixin.py:188} WARNING - socket.gaierror: [Errno -2] Name or service not known
[2026-09-16T15:45:50.585+0000] {logging_mixin.py:188} WARNING - 
The above exception was the direct cause of the following exception:
[2026-09-16T15:45:50.585+0000] {logging_mixin.py:188} WARNING - Traceback (most recent call last):
[2026-09-16T15:45:50.586+0000] {logging_mixin.py:188} WARNING -   File "/home/airflow/.local/lib/python3.10/site-packages/urllib3/connectionpool.py", line 793, in urlopen
    response = self._make_request(
[2026-09-16T15:45:50.587+0000] {logging_mixin.py:188} WARNING -   File "/home/airflow/.local/lib/python3.10/site-packages/urllib3/connectionpool.py", line 491, in _make_request
    raise new_e
[2026-09-16T15:45:50.590+0000] {logging_mixin.py:188} WARNING -   File "/home/airflow/.local/lib/python3.10/site-packages/urllib3/connectionpool.py", line 467, in _make_request
    self._validate_conn(conn)
[2026-09-16T15:45:50.591+0000] {logging_mixin.py:188} WARNING -   File "/home/airflow/.local/lib/python3.10/site-packages/urllib3/connectionpool.py", line 1099, in _validate_conn
    conn.connect()
[2026-09-16T15:45:50.592+0000] {logging_mixin.py:188} WARNING -   File "/home/airflow/.local/lib/python3.10/site-packages/urllib3/connection.py", line 616, in connect
    self.sock = sock = self._new_conn()
[2026-09-16T15:45:50.593+0000] {logging_mixin.py:188} WARNING -   File "/home/airflow/.local/lib/python3.10/site-packages/urllib3/connection.py", line 205, in _new_conn
    raise NameResolutionError(self.host, self, e) from e
[2026-09-16T15:45:50.593+0000] {logging_mixin.py:188} WARNING - urllib3.exceptions.NameResolutionError: <urllib3.connection.HTTPSConnection object at 0x7bc5c06d6b60>: Failed to resolve 'www.googleapis.com' ([Errno -2] Name or service not known)
[2026-09-16T15:45:50.594+0000] {logging_mixin.py:188} WARNING - 
The above exception was the direct cause of the following exception:
[2026-09-16T15:45:50.595+0000] {logging_mixin.py:188} WARNING - Traceback (most recent call last):
[2026-09-16T15:45:50.596+0000] {logging_mixin.py:188} WARNING -   File "/home/airflow/.local/lib/python3.10/site-packages/requests/adapters.py", line 486, in send
    resp = conn.urlopen(
[2026-09-16T15:45:50.597+0000] {logging_mixin.py:188} WARNING -   File "/home/airflow/.local/lib/python3.10/site-packages/urllib3/connectionpool.py", line 847, in urlopen
    retries = retries.increment(
[2026-09-16T15:45:50.598+0000] {logging_mixin.py:188} WARNING -   File "/home/airflow/.local/lib/python3.10/site-packages/urllib3/util/retry.py", line 515, in increment
    raise MaxRetryError(_pool, url, reason) from reason  # type: ignore[arg-type]
[2026-09-16T15:45:50.598+0000] {logging_mixin.py:188} WARNING - urllib3.exceptions.MaxRetryError: HTTPSConnectionPool(host='www.googleapis.com', port=443): Max retries exceeded with url: /youtube/v3/videos?part=snippet%2Cstatistics%2CcontentDetails&id=oBXSvS2QKxU&key=AIzaSyCu0SeP4QtsaF8H6qeF4NcFYaRehf3ot8w (Caused by NameResolutionError("<urllib3.connection.HTTPSConnection object at 0x7bc5c06d6b60>: Failed to resolve 'www.googleapis.com' ([Errno -2] Name or service not known)"))
[2026-09-16T15:45:50.599+0000] {logging_mixin.py:188} WARNING - 
During handling of the above exception, another exception occurred:
[2026-09-16T15:45:50.599+0000] {logging_mixin.py:188} WARNING - Traceback (most recent call last):
[2026-09-16T15:45:50.600+0000] {logging_mixin.py:188} WARNING -   File "/opt/airflow/src/app.py", line 72, in get_all_videos
    video = clt.get_video_info(id, self.config.videoInfoUrl,
[2026-09-16T15:45:50.600+0000] {logging_mixin.py:188} WARNING -   File "/opt/airflow/src/controller/info.py", line 12, in get_video_info
    response: req.Response = req.get(url, params=params)
[2026-09-16T15:45:50.601+0000] {logging_mixin.py:188} WARNING -   File "/home/airflow/.local/lib/python3.10/site-packages/requests/api.py", line 73, in get
    return request("get", url, params=params, **kwargs)
[2026-09-16T15:45:50.601+0000] {logging_mixin.py:188} WARNING -   File "/home/airflow/.local/lib/python3.10/site-packages/requests/api.py", line 59, in request
    return session.request(method=method, url=url, **kwargs)
[2026-09-16T15:45:50.601+0000] {logging_mixin.py:188} WARNING -   File "/home/airflow/.local/lib/python3.10/site-packages/requests/sessions.py", line 589, in request
    resp = self.send(prep, **send_kwargs)
[2026-09-16T15:45:50.602+0000] {logging_mixin.py:188} WARNING -   File "/home/airflow/.local/lib/python3.10/site-packages/requests/sessions.py", line 703, in send
    r = adapter.send(request, **kwargs)
[2026-09-16T15:45:50.602+0000] {logging_mixin.py:188} WARNING -   File "/home/airflow/.local/lib/python3.10/site-packages/requests/adapters.py", line 519, in send
    raise ConnectionError(e, request=request)
[2026-09-16T15:45:50.603+0000] {logging_mixin.py:188} WARNING - requests.exceptions.ConnectionError: HTTPSConnectionPool(host='www.googleapis.com', port=443): Max retries exceeded with url: /youtube/v3/videos?part=snippet%2Cstatistics%2CcontentDetails&id=oBXSvS2QKxU&key=AIzaSyCu0SeP4QtsaF8H6qeF4NcFYaRehf3ot8w (Caused by NameResolutionError("<urllib3.connection.HTTPSConnection object at 0x7bc5c06d6b60>: Failed to resolve 'www.googleapis.com' ([Errno -2] Name or service not known)"))
[2026-09-16T15:45:50.620+0000] {logging_mixin.py:188} WARNING - Traceback (most recent call last):
[2026-09-16T15:45:50.621+0000] {logging_mixin.py:188} WARNING -   File "/home/airflow/.local/lib/python3.10/site-packages/urllib3/connection.py", line 198, in _new_conn
    sock = connection.create_connection(
[2026-09-16T15:45:50.623+0000] {logging_mixin.py:188} WARNING -   File "/home/airflow/.local/lib/python3.10/site-packages/urllib3/util/connection.py", line 60, in create_connection
    for res in socket.getaddrinfo(host, port, family, socket.SOCK_STREAM):
[2026-09-16T15:45:50.624+0000] {logging_mixin.py:188} WARNING -   File "/usr/local/lib/python3.10/socket.py", line 955, in getaddrinfo
    for res in _socket.getaddrinfo(host, port, family, type, proto, flags):
[2026-09-16T15:45:50.625+0000] {logging_mixin.py:188} WARNING - socket.gaierror: [Errno -2] Name or service not known
[2026-09-16T15:45:50.626+0000] {logging_mixin.py:188} WARNING - 
The above exception was the direct cause of the following exception:
[2026-09-16T15:45:50.627+0000] {logging_mixin.py:188} WARNING - Traceback (most recent call last):
[2026-09-16T15:45:50.628+0000] {logging_mixin.py:188} WARNING -   File "/home/airflow/.local/lib/python3.10/site-packages/urllib3/connectionpool.py", line 793, in urlopen
    response = self._make_request(
[2026-09-16T15:45:50.629+0000] {logging_mixin.py:188} WARNING -   File "/home/airflow/.local/lib/python3.10/site-packages/urllib3/connectionpool.py", line 491, in _make_request
    raise new_e
[2026-09-16T15:45:50.629+0000] {logging_mixin.py:188} WARNING -   File "/home/airflow/.local/lib/python3.10/site-packages/urllib3/connectionpool.py", line 467, in _make_request
    self._validate_conn(conn)
[2026-09-16T15:45:50.630+0000] {logging_mixin.py:188} WARNING -   File "/home/airflow/.local/lib/python3.10/site-packages/urllib3/connectionpool.py", line 1099, in _validate_conn
    conn.connect()
[2026-09-16T15:45:50.630+0000] {logging_mixin.py:188} WARNING -   File "/home/airflow/.local/lib/python3.10/site-packages/urllib3/connection.py", line 616, in connect
    self.sock = sock = self._new_conn()
[2026-09-16T15:45:50.631+0000] {logging_mixin.py:188} WARNING -   File "/home/airflow/.local/lib/python3.10/site-packages/urllib3/connection.py", line 205, in _new_conn
    raise NameResolutionError(self.host, self, e) from e
[2026-09-16T15:45:50.631+0000] {logging_mixin.py:188} WARNING - urllib3.exceptions.NameResolutionError: <urllib3.connection.HTTPSConnection object at 0x7bc5c05d1d80>: Failed to resolve 'www.googleapis.com' ([Errno -2] Name or service not known)
[2026-09-16T15:45:50.632+0000] {logging_mixin.py:188} WARNING - 
The above exception was the direct cause of the following exception:
[2026-09-16T15:45:50.633+0000] {logging_mixin.py:188} WARNING - Traceback (most recent call last):
[2026-09-16T15:45:50.633+0000] {logging_mixin.py:188} WARNING -   File "/home/airflow/.local/lib/python3.10/site-packages/requests/adapters.py", line 486, in send
    resp = conn.urlopen(
[2026-09-16T15:45:50.634+0000] {logging_mixin.py:188} WARNING -   File "/home/airflow/.local/lib/python3.10/site-packages/urllib3/connectionpool.py", line 847, in urlopen
    retries = retries.increment(
[2026-09-16T15:45:50.634+0000] {logging_mixin.py:188} WARNING -   File "/home/airflow/.local/lib/python3.10/site-packages/urllib3/util/retry.py", line 515, in increment
    raise MaxRetryError(_pool, url, reason) from reason  # type: ignore[arg-type]
[2026-09-16T15:45:50.635+0000] {logging_mixin.py:188} WARNING - urllib3.exceptions.MaxRetryError: HTTPSConnectionPool(host='www.googleapis.com', port=443): Max retries exceeded with url: /youtube/v3/videos?part=snippet%2Cstatistics%2CcontentDetails&id=UTdcX1e0cMA&key=AIzaSyCu0SeP4QtsaF8H6qeF4NcFYaRehf3ot8w (Caused by NameResolutionError("<urllib3.connection.HTTPSConnection object at 0x7bc5c05d1d80>: Failed to resolve 'www.googleapis.com' ([Errno -2] Name or service not known)"))
[2026-09-16T15:45:50.636+0000] {logging_mixin.py:188} WARNING - 
During handling of the above exception, another exception occurred:
[2026-09-16T15:45:50.639+0000] {logging_mixin.py:188} WARNING - Traceback (most recent call last):
[2026-09-16T15:45:50.640+0000] {logging_mixin.py:188} WARNING -   File "/opt/airflow/src/app.py", line 72, in get_all_videos
    video = clt.get_video_info(id, self.config.videoInfoUrl,
[2026-09-16T15:45:50.641+0000] {logging_mixin.py:188} WARNING -   File "/opt/airflow/src/controller/info.py", line 12, in get_video_info
    response: req.Response = req.get(url, params=params)
[2026-09-16T15:45:50.642+0000] {logging_mixin.py:188} WARNING -   File "/home/airflow/.local/lib/python3.10/site-packages/requests/api.py", line 73, in get
    return request("get", url, params=params, **kwargs)
[2026-09-16T15:45:50.642+0000] {logging_mixin.py:188} WARNING -   File "/home/airflow/.local/lib/python3.10/site-packages/requests/api.py", line 59, in request
    return session.request(method=method, url=url, **kwargs)
[2026-09-16T15:45:50.643+0000] {logging_mixin.py:188} WARNING -   File "/home/airflow/.local/lib/python3.10/site-packages/requests/sessions.py", line 589, in request
    resp = self.send(prep, **send_kwargs)
[2026-09-16T15:45:50.644+0000] {logging_mixin.py:188} WARNING -   File "/home/airflow/.local/lib/python3.10/site-packages/requests/sessions.py", line 703, in send
    r = adapter.send(request, **kwargs)
[2026-09-16T15:45:50.644+0000] {logging_mixin.py:188} WARNING -   File "/home/airflow/.local/lib/python3.10/site-packages/requests/adapters.py", line 519, in send
    raise ConnectionError(e, request=request)
[2026-09-16T15:45:50.645+0000] {logging_mixin.py:188} WARNING - requests.exceptions.ConnectionError: HTTPSConnectionPool(host='www.googleapis.com', port=443): Max retries exceeded with url: /youtube/v3/videos?part=snippet%2Cstatistics%2CcontentDetails&id=UTdcX1e0cMA&key=AIzaSyCu0SeP4QtsaF8H6qeF4NcFYaRehf3ot8w (Caused by NameResolutionError("<urllib3.connection.HTTPSConnection object at 0x7bc5c05d1d80>: Failed to resolve 'www.googleapis.com' ([Errno -2] Name or service not known)"))
[2026-09-16T15:45:50.657+0000] {logging_mixin.py:188} WARNING - Traceback (most recent call last):
[2026-09-16T15:45:50.657+0000] {logging_mixin.py:188} WARNING -   File "/home/airflow/.local/lib/python3.10/site-packages/urllib3/connection.py", line 198, in _new_conn
    sock = connection.create_connection(
[2026-09-16T15:45:50.658+0000] {logging_mixin.py:188} WARNING -   File "/home/airflow/.local/lib/python3.10/site-packages/urllib3/util/connection.py", line 60, in create_connection
    for res in socket.getaddrinfo(host, port, family, socket.SOCK_STREAM):
[2026-09-16T15:45:50.659+0000] {logging_mixin.py:188} WARNING -   File "/usr/local/lib/python3.10/socket.py", line 955, in getaddrinfo
    for res in _socket.getaddrinfo(host, port, family, type, proto, flags):
[2026-09-16T15:45:50.659+0000] {logging_mixin.py:188} WARNING - socket.gaierror: [Errno -2] Name or service not known
[2026-09-16T15:45:50.659+0000] {logging_mixin.py:188} WARNING - 
The above exception was the direct cause of the following exception:
[2026-09-16T15:45:50.660+0000] {logging_mixin.py:188} WARNING - Traceback (most recent call last):
[2026-09-16T15:45:50.660+0000] {logging_mixin.py:188} WARNING -   File "/home/airflow/.local/lib/python3.10/site-packages/urllib3/connectionpool.py", line 793, in urlopen
    response = self._make_request(
[2026-09-16T15:45:50.661+0000] {logging_mixin.py:188} WARNING -   File "/home/airflow/.local/lib/python3.10/site-packages/urllib3/connectionpool.py", line 491, in _make_request
    raise new_e
[2026-09-16T15:45:50.661+0000] {logging_mixin.py:188} WARNING -   File "/home/airflow/.local/lib/python3.10/site-packages/urllib3/connectionpool.py", line 467, in _make_request
    self._validate_conn(conn)
[2026-09-16T15:45:50.662+0000] {logging_mixin.py:188} WARNING -   File "/home/airflow/.local/lib/python3.10/site-packages/urllib3/connectionpool.py", line 1099, in _validate_conn
    conn.connect()
[2026-09-16T15:45:50.662+0000] {logging_mixin.py:188} WARNING -   File "/home/airflow/.local/lib/python3.10/site-packages/urllib3/connection.py", line 616, in connect
    self.sock = sock = self._new_conn()
[2026-09-16T15:45:50.663+0000] {logging_mixin.py:188} WARNING -   File "/home/airflow/.local/lib/python3.10/site-packages/urllib3/connection.py", line 205, in _new_conn
    raise NameResolutionError(self.host, self, e) from e
[2026-09-16T15:45:50.663+0000] {logging_mixin.py:188} WARNING - urllib3.exceptions.NameResolutionError: <urllib3.connection.HTTPSConnection object at 0x7bc5c06653c0>: Failed to resolve 'www.googleapis.com' ([Errno -2] Name or service not known)
[2026-09-16T15:45:50.664+0000] {logging_mixin.py:188} WARNING - 
The above exception was the direct cause of the following exception:
[2026-09-16T15:45:50.664+0000] {logging_mixin.py:188} WARNING - Traceback (most recent call last):
[2026-09-16T15:45:50.665+0000] {logging_mixin.py:188} WARNING -   File "/home/airflow/.local/lib/python3.10/site-packages/requests/adapters.py", line 486, in send
    resp = conn.urlopen(
[2026-09-16T15:45:50.666+0000] {logging_mixin.py:188} WARNING -   File "/home/airflow/.local/lib/python3.10/site-packages/urllib3/connectionpool.py", line 847, in urlopen
    retries = retries.increment(
[2026-09-16T15:45:50.666+0000] {logging_mixin.py:188} WARNING -   File "/home/airflow/.local/lib/python3.10/site-packages/urllib3/util/retry.py", line 515, in increment
    raise MaxRetryError(_pool, url, reason) from reason  # type: ignore[arg-type]
[2026-09-16T15:45:50.667+0000] {logging_mixin.py:188} WARNING - urllib3.exceptions.MaxRetryError: HTTPSConnectionPool(host='www.googleapis.com', port=443): Max retries exceeded with url: /youtube/v3/videos?part=snippet%2Cstatistics%2CcontentDetails&id=oiZvK6MY7tI&key=AIzaSyCu0SeP4QtsaF8H6qeF4NcFYaRehf3ot8w (Caused by NameResolutionError("<urllib3.connection.HTTPSConnection object at 0x7bc5c06653c0>: Failed to resolve 'www.googleapis.com' ([Errno -2] Name or service not known)"))
[2026-09-16T15:45:50.668+0000] {logging_mixin.py:188} WARNING - 
During handling of the above exception, another exception occurred:
[2026-09-16T15:45:50.669+0000] {logging_mixin.py:188} WARNING - Traceback (most recent call last):
[2026-09-16T15:45:50.672+0000] {logging_mixin.py:188} WARNING -   File "/opt/airflow/src/app.py", line 72, in get_all_videos
    video = clt.get_video_info(id, self.config.videoInfoUrl,
[2026-09-16T15:45:50.673+0000] {logging_mixin.py:188} WARNING -   File "/opt/airflow/src/controller/info.py", line 12, in get_video_info
    response: req.Response = req.get(url, params=params)
[2026-09-16T15:45:50.674+0000] {logging_mixin.py:188} WARNING -   File "/home/airflow/.local/lib/python3.10/site-packages/requests/api.py", line 73, in get
    return request("get", url, params=params, **kwargs)
[2026-09-16T15:45:50.674+0000] {logging_mixin.py:188} WARNING -   File "/home/airflow/.local/lib/python3.10/site-packages/requests/api.py", line 59, in request
    return session.request(method=method, url=url, **kwargs)
[2026-09-16T15:45:50.675+0000] {logging_mixin.py:188} WARNING -   File "/home/airflow/.local/lib/python3.10/site-packages/requests/sessions.py", line 589, in request
    resp = self.send(prep, **send_kwargs)
[2026-09-16T15:45:50.676+0000] {logging_mixin.py:188} WARNING -   File "/home/airflow/.local/lib/python3.10/site-packages/requests/sessions.py", line 703, in send
    r = adapter.send(request, **kwargs)
[2026-09-16T15:45:50.676+0000] {logging_mixin.py:188} WARNING -   File "/home/airflow/.local/lib/python3.10/site-packages/requests/adapters.py", line 519, in send
    raise ConnectionError(e, request=request)
[2026-09-16T15:45:50.677+0000] {logging_mixin.py:188} WARNING - requests.exceptions.ConnectionError: HTTPSConnectionPool(host='www.googleapis.com', port=443): Max retries exceeded with url: /youtube/v3/videos?part=snippet%2Cstatistics%2CcontentDetails&id=oiZvK6MY7tI&key=AIzaSyCu0SeP4QtsaF8H6qeF4NcFYaRehf3ot8w (Caused by NameResolutionError("<urllib3.connection.HTTPSConnection object at 0x7bc5c06653c0>: Failed to resolve 'www.googleapis.com' ([Errno -2] Name or service not known)"))
[2026-09-16T15:45:50.686+0000] {logging_mixin.py:188} WARNING - Traceback (most recent call last):
[2026-09-16T15:45:50.687+0000] {logging_mixin.py:188} WARNING -   File "/home/airflow/.local/lib/python3.10/site-packages/urllib3/connection.py", line 198, in _new_conn
    sock = connection.create_connection(
[2026-09-16T15:45:50.689+0000] {logging_mixin.py:188} WARNING -   File "/home/airflow/.local/lib/python3.10/site-packages/urllib3/util/connection.py", line 60, in create_connection
    for res in socket.getaddrinfo(host, port, family, socket.SOCK_STREAM):
[2026-09-16T15:45:50.690+0000] {logging_mixin.py:188} WARNING -   File "/usr/local/lib/python3.10/socket.py", line 955, in getaddrinfo
    for res in _socket.getaddrinfo(host, port, family, type, proto, flags):
[2026-09-16T15:45:50.691+0000] {logging_mixin.py:188} WARNING - socket.gaierror: [Errno -2] Name or service not known
[2026-09-16T15:45:50.692+0000] {logging_mixin.py:188} WARNING - 
The above exception was the direct cause of the following exception:
[2026-09-16T15:45:50.692+0000] {logging_mixin.py:188} WARNING - Traceback (most recent call last):
[2026-09-16T15:45:50.693+0000] {logging_mixin.py:188} WARNING -   File "/home/airflow/.local/lib/python3.10/site-packages/urllib3/connectionpool.py", line 793, in urlopen
    response = self._make_request(
[2026-09-16T15:45:50.693+0000] {logging_mixin.py:188} WARNING -   File "/home/airflow/.local/lib/python3.10/site-packages/urllib3/connectionpool.py", line 491, in _make_request
    raise new_e
[2026-09-16T15:45:50.694+0000] {logging_mixin.py:188} WARNING -   File "/home/airflow/.local/lib/python3.10/site-packages/urllib3/connectionpool.py", line 467, in _make_request
    self._validate_conn(conn)
[2026-09-16T15:45:50.695+0000] {logging_mixin.py:188} WARNING -   File "/home/airflow/.local/lib/python3.10/site-packages/urllib3/connectionpool.py", line 1099, in _validate_conn
    conn.connect()
[2026-09-16T15:45:50.695+0000] {logging_mixin.py:188} WARNING -   File "/home/airflow/.local/lib/python3.10/site-packages/urllib3/connection.py", line 616, in connect
    self.sock = sock = self._new_conn()
[2026-09-16T15:45:50.696+0000] {logging_mixin.py:188} WARNING -   File "/home/airflow/.local/lib/python3.10/site-packages/urllib3/connection.py", line 205, in _new_conn
    raise NameResolutionError(self.host, self, e) from e
[2026-09-16T15:45:50.697+0000] {logging_mixin.py:188} WARNING - urllib3.exceptions.NameResolutionError: <urllib3.connection.HTTPSConnection object at 0x7bc5c06d67a0>: Failed to resolve 'www.googleapis.com' ([Errno -2] Name or service not known)
[2026-09-16T15:45:50.697+0000] {logging_mixin.py:188} WARNING - 
The above exception was the direct cause of the following exception:
[2026-09-16T15:45:50.698+0000] {logging_mixin.py:188} WARNING - Traceback (most recent call last):
[2026-09-16T15:45:50.698+0000] {logging_mixin.py:188} WARNING -   File "/home/airflow/.local/lib/python3.10/site-packages/requests/adapters.py", line 486, in send
    resp = conn.urlopen(
[2026-09-16T15:45:50.699+0000] {logging_mixin.py:188} WARNING -   File "/home/airflow/.local/lib/python3.10/site-packages/urllib3/connectionpool.py", line 847, in urlopen
    retries = retries.increment(
[2026-09-16T15:45:50.699+0000] {logging_mixin.py:188} WARNING -   File "/home/airflow/.local/lib/python3.10/site-packages/urllib3/util/retry.py", line 515, in increment
    raise MaxRetryError(_pool, url, reason) from reason  # type: ignore[arg-type]
[2026-09-16T15:45:50.700+0000] {logging_mixin.py:188} WARNING - urllib3.exceptions.MaxRetryError: HTTPSConnectionPool(host='www.googleapis.com', port=443): Max retries exceeded with url: /youtube/v3/videos?part=snippet%2Cstatistics%2CcontentDetails&id=F0OkwXKcPSE&key=AIzaSyCu0SeP4QtsaF8H6qeF4NcFYaRehf3ot8w (Caused by NameResolutionError("<urllib3.connection.HTTPSConnection object at 0x7bc5c06d67a0>: Failed to resolve 'www.googleapis.com' ([Errno -2] Name or service not known)"))
[2026-09-16T15:45:50.700+0000] {logging_mixin.py:188} WARNING - 
During handling of the above exception, another exception occurred:
[2026-09-16T15:45:50.701+0000] {logging_mixin.py:188} WARNING - Traceback (most recent call last):
[2026-09-16T15:45:50.701+0000] {logging_mixin.py:188} WARNING -   File "/opt/airflow/src/app.py", line 72, in get_all_videos
    video = clt.get_video_info(id, self.config.videoInfoUrl,
[2026-09-16T15:45:50.702+0000] {logging_mixin.py:188} WARNING -   File "/opt/airflow/src/controller/info.py", line 12, in get_video_info
    response: req.Response = req.get(url, params=params)
[2026-09-16T15:45:50.703+0000] {logging_mixin.py:188} WARNING -   File "/home/airflow/.local/lib/python3.10/site-packages/requests/api.py", line 73, in get
    return request("get", url, params=params, **kwargs)
[2026-09-16T15:45:50.703+0000] {logging_mixin.py:188} WARNING -   File "/home/airflow/.local/lib/python3.10/site-packages/requests/api.py", line 59, in request
    return session.request(method=method, url=url, **kwargs)
[2026-09-16T15:45:50.704+0000] {logging_mixin.py:188} WARNING -   File "/home/airflow/.local/lib/python3.10/site-packages/requests/sessions.py", line 589, in request
    resp = self.send(prep, **send_kwargs)
[2026-09-16T15:45:50.705+0000] {logging_mixin.py:188} WARNING -   File "/home/airflow/.local/lib/python3.10/site-packages/requests/sessions.py", line 703, in send
    r = adapter.send(request, **kwargs)
[2026-09-16T15:45:50.706+0000] {logging_mixin.py:188} WARNING -   File "/home/airflow/.local/lib/python3.10/site-packages/requests/adapters.py", line 519, in send
    raise ConnectionError(e, request=request)
[2026-09-16T15:45:50.707+0000] {logging_mixin.py:188} WARNING - requests.exceptions.ConnectionError: HTTPSConnectionPool(host='www.googleapis.com', port=443): Max retries exceeded with url: /youtube/v3/videos?part=snippet%2Cstatistics%2CcontentDetails&id=F0OkwXKcPSE&key=AIzaSyCu0SeP4QtsaF8H6qeF4NcFYaRehf3ot8w (Caused by NameResolutionError("<urllib3.connection.HTTPSConnection object at 0x7bc5c06d67a0>: Failed to resolve 'www.googleapis.com' ([Errno -2] Name or service not known)"))
[2026-09-16T15:45:50.717+0000] {logging_mixin.py:188} WARNING - Traceback (most recent call last):
[2026-09-16T15:45:50.718+0000] {logging_mixin.py:188} WARNING -   File "/home/airflow/.local/lib/python3.10/site-packages/urllib3/connection.py", line 198, in _new_conn
    sock = connection.create_connection(
[2026-09-16T15:45:50.718+0000] {logging_mixin.py:188} WARNING -   File "/home/airflow/.local/lib/python3.10/site-packages/urllib3/util/connection.py", line 60, in create_connection
    for res in socket.getaddrinfo(host, port, family, socket.SOCK_STREAM):
[2026-09-16T15:45:50.719+0000] {logging_mixin.py:188} WARNING -   File "/usr/local/lib/python3.10/socket.py", line 955, in getaddrinfo
    for res in _socket.getaddrinfo(host, port, family, type, proto, flags):
[2026-09-16T15:45:50.720+0000] {logging_mixin.py:188} WARNING - socket.gaierror: [Errno -2] Name or service not known
[2026-09-16T15:45:50.721+0000] {logging_mixin.py:188} WARNING - 
The above exception was the direct cause of the following exception:
[2026-09-16T15:45:50.722+0000] {logging_mixin.py:188} WARNING - Traceback (most recent call last):
[2026-09-16T15:45:50.723+0000] {logging_mixin.py:188} WARNING -   File "/home/airflow/.local/lib/python3.10/site-packages/urllib3/connectionpool.py", line 793, in urlopen
    response = self._make_request(
[2026-09-16T15:45:50.724+0000] {logging_mixin.py:188} WARNING -   File "/home/airflow/.local/lib/python3.10/site-packages/urllib3/connectionpool.py", line 491, in _make_request
    raise new_e
[2026-09-16T15:45:50.724+0000] {logging_mixin.py:188} WARNING -   File "/home/airflow/.local/lib/python3.10/site-packages/urllib3/connectionpool.py", line 467, in _make_request
    self._validate_conn(conn)
[2026-09-16T15:45:50.725+0000] {logging_mixin.py:188} WARNING -   File "/home/airflow/.local/lib/python3.10/site-packages/urllib3/connectionpool.py", line 1099, in _validate_conn
    conn.connect()
[2026-09-16T15:45:50.726+0000] {logging_mixin.py:188} WARNING -   File "/home/airflow/.local/lib/python3.10/site-packages/urllib3/connection.py", line 616, in connect
    self.sock = sock = self._new_conn()
[2026-09-16T15:45:50.727+0000] {logging_mixin.py:188} WARNING -   File "/home/airflow/.local/lib/python3.10/site-packages/urllib3/connection.py", line 205, in _new_conn
    raise NameResolutionError(self.host, self, e) from e
[2026-09-16T15:45:50.727+0000] {logging_mixin.py:188} WARNING - urllib3.exceptions.NameResolutionError: <urllib3.connection.HTTPSConnection object at 0x7bc5c06d50c0>: Failed to resolve 'www.googleapis.com' ([Errno -2] Name or service not known)
[2026-09-16T15:45:50.728+0000] {logging_mixin.py:188} WARNING - 
The above exception was the direct cause of the following exception:
[2026-09-16T15:45:50.728+0000] {logging_mixin.py:188} WARNING - Traceback (most recent call last):
[2026-09-16T15:45:50.728+0000] {logging_mixin.py:188} WARNING -   File "/home/airflow/.local/lib/python3.10/site-packages/requests/adapters.py", line 486, in send
    resp = conn.urlopen(
[2026-09-16T15:45:50.729+0000] {logging_mixin.py:188} WARNING -   File "/home/airflow/.local/lib/python3.10/site-packages/urllib3/connectionpool.py", line 847, in urlopen
    retries = retries.increment(
[2026-09-16T15:45:50.729+0000] {logging_mixin.py:188} WARNING -   File "/home/airflow/.local/lib/python3.10/site-packages/urllib3/util/retry.py", line 515, in increment
    raise MaxRetryError(_pool, url, reason) from reason  # type: ignore[arg-type]
[2026-09-16T15:45:50.730+0000] {logging_mixin.py:188} WARNING - urllib3.exceptions.MaxRetryError: HTTPSConnectionPool(host='www.googleapis.com', port=443): Max retries exceeded with url: /youtube/v3/videos?part=snippet%2Cstatistics%2CcontentDetails&id=686PL7rt654&key=AIzaSyCu0SeP4QtsaF8H6qeF4NcFYaRehf3ot8w (Caused by NameResolutionError("<urllib3.connection.HTTPSConnection object at 0x7bc5c06d50c0>: Failed to resolve 'www.googleapis.com' ([Errno -2] Name or service not known)"))
[2026-09-16T15:45:50.730+0000] {logging_mixin.py:188} WARNING - 
During handling of the above exception, another exception occurred:
[2026-09-16T15:45:50.731+0000] {logging_mixin.py:188} WARNING - Traceback (most recent call last):
[2026-09-16T15:45:50.731+0000] {logging_mixin.py:188} WARNING -   File "/opt/airflow/src/app.py", line 72, in get_all_videos
    video = clt.get_video_info(id, self.config.videoInfoUrl,
[2026-09-16T15:45:50.732+0000] {logging_mixin.py:188} WARNING -   File "/opt/airflow/src/controller/info.py", line 12, in get_video_info
    response: req.Response = req.get(url, params=params)
[2026-09-16T15:45:50.732+0000] {logging_mixin.py:188} WARNING -   File "/home/airflow/.local/lib/python3.10/site-packages/requests/api.py", line 73, in get
    return request("get", url, params=params, **kwargs)
[2026-09-16T15:45:50.733+0000] {logging_mixin.py:188} WARNING -   File "/home/airflow/.local/lib/python3.10/site-packages/requests/api.py", line 59, in request
    return session.request(method=method, url=url, **kwargs)
[2026-09-16T15:45:50.733+0000] {logging_mixin.py:188} WARNING -   File "/home/airflow/.local/lib/python3.10/site-packages/requests/sessions.py", line 589, in request
    resp = self.send(prep, **send_kwargs)
[2026-09-16T15:45:50.733+0000] {logging_mixin.py:188} WARNING -   File "/home/airflow/.local/lib/python3.10/site-packages/requests/sessions.py", line 703, in send
    r = adapter.send(request, **kwargs)
[2026-09-16T15:45:50.734+0000] {logging_mixin.py:188} WARNING -   File "/home/airflow/.local/lib/python3.10/site-packages/requests/adapters.py", line 519, in send
    raise ConnectionError(e, request=request)
[2026-09-16T15:45:50.734+0000] {logging_mixin.py:188} WARNING - requests.exceptions.ConnectionError: HTTPSConnectionPool(host='www.googleapis.com', port=443): Max retries exceeded with url: /youtube/v3/videos?part=snippet%2Cstatistics%2CcontentDetails&id=686PL7rt654&key=AIzaSyCu0SeP4QtsaF8H6qeF4NcFYaRehf3ot8w (Caused by NameResolutionError("<urllib3.connection.HTTPSConnection object at 0x7bc5c06d50c0>: Failed to resolve 'www.googleapis.com' ([Errno -2] Name or service not known)"))
[2026-09-16T15:45:50.745+0000] {logging_mixin.py:188} WARNING - Traceback (most recent call last):
[2026-09-16T15:45:50.746+0000] {logging_mixin.py:188} WARNING -   File "/home/airflow/.local/lib/python3.10/site-packages/urllib3/connection.py", line 198, in _new_conn
    sock = connection.create_connection(
[2026-09-16T15:45:50.747+0000] {logging_mixin.py:188} WARNING -   File "/home/airflow/.local/lib/python3.10/site-packages/urllib3/util/connection.py", line 60, in create_connection
    for res in socket.getaddrinfo(host, port, family, socket.SOCK_STREAM):
[2026-09-16T15:45:50.747+0000] {logging_mixin.py:188} WARNING -   File "/usr/local/lib/python3.10/socket.py", line 955, in getaddrinfo
    for res in _socket.getaddrinfo(host, port, family, type, proto, flags):
[2026-09-16T15:45:50.748+0000] {logging_mixin.py:188} WARNING - socket.gaierror: [Errno -2] Name or service not known
[2026-09-16T15:45:50.748+0000] {logging_mixin.py:188} WARNING - 
The above exception was the direct cause of the following exception:
[2026-09-16T15:45:50.749+0000] {logging_mixin.py:188} WARNING - Traceback (most recent call last):
[2026-09-16T15:45:50.749+0000] {logging_mixin.py:188} WARNING -   File "/home/airflow/.local/lib/python3.10/site-packages/urllib3/connectionpool.py", line 793, in urlopen
    response = self._make_request(
[2026-09-16T15:45:50.749+0000] {logging_mixin.py:188} WARNING -   File "/home/airflow/.local/lib/python3.10/site-packages/urllib3/connectionpool.py", line 491, in _make_request
    raise new_e
[2026-09-16T15:45:50.750+0000] {logging_mixin.py:188} WARNING -   File "/home/airflow/.local/lib/python3.10/site-packages/urllib3/connectionpool.py", line 467, in _make_request
    self._validate_conn(conn)
[2026-09-16T15:45:50.750+0000] {logging_mixin.py:188} WARNING -   File "/home/airflow/.local/lib/python3.10/site-packages/urllib3/connectionpool.py", line 1099, in _validate_conn
    conn.connect()
[2026-09-16T15:45:50.751+0000] {logging_mixin.py:188} WARNING -   File "/home/airflow/.local/lib/python3.10/site-packages/urllib3/connection.py", line 616, in connect
    self.sock = sock = self._new_conn()
[2026-09-16T15:45:50.751+0000] {logging_mixin.py:188} WARNING -   File "/home/airflow/.local/lib/python3.10/site-packages/urllib3/connection.py", line 205, in _new_conn
    raise NameResolutionError(self.host, self, e) from e
[2026-09-16T15:45:50.752+0000] {logging_mixin.py:188} WARNING - urllib3.exceptions.NameResolutionError: <urllib3.connection.HTTPSConnection object at 0x7bc5c06d4b50>: Failed to resolve 'www.googleapis.com' ([Errno -2] Name or service not known)
[2026-09-16T15:45:50.752+0000] {logging_mixin.py:188} WARNING - 
The above exception was the direct cause of the following exception:
[2026-09-16T15:45:50.753+0000] {logging_mixin.py:188} WARNING - Traceback (most recent call last):
[2026-09-16T15:45:50.753+0000] {logging_mixin.py:188} WARNING -   File "/home/airflow/.local/lib/python3.10/site-packages/requests/adapters.py", line 486, in send
    resp = conn.urlopen(
[2026-09-16T15:45:50.754+0000] {logging_mixin.py:188} WARNING -   File "/home/airflow/.local/lib/python3.10/site-packages/urllib3/connectionpool.py", line 847, in urlopen
    retries = retries.increment(
[2026-09-16T15:45:50.755+0000] {logging_mixin.py:188} WARNING -   File "/home/airflow/.local/lib/python3.10/site-packages/urllib3/util/retry.py", line 515, in increment
    raise MaxRetryError(_pool, url, reason) from reason  # type: ignore[arg-type]
[2026-09-16T15:45:50.756+0000] {logging_mixin.py:188} WARNING - urllib3.exceptions.MaxRetryError: HTTPSConnectionPool(host='www.googleapis.com', port=443): Max retries exceeded with url: /youtube/v3/videos?part=snippet%2Cstatistics%2CcontentDetails&id=zo7i8VTpfNM&key=AIzaSyCu0SeP4QtsaF8H6qeF4NcFYaRehf3ot8w (Caused by NameResolutionError("<urllib3.connection.HTTPSConnection object at 0x7bc5c06d4b50>: Failed to resolve 'www.googleapis.com' ([Errno -2] Name or service not known)"))
[2026-09-16T15:45:50.757+0000] {logging_mixin.py:188} WARNING - 
During handling of the above exception, another exception occurred:
[2026-09-16T15:45:50.757+0000] {logging_mixin.py:188} WARNING - Traceback (most recent call last):
[2026-09-16T15:45:50.758+0000] {logging_mixin.py:188} WARNING -   File "/opt/airflow/src/app.py", line 72, in get_all_videos
    video = clt.get_video_info(id, self.config.videoInfoUrl,
[2026-09-16T15:45:50.758+0000] {logging_mixin.py:188} WARNING -   File "/opt/airflow/src/controller/info.py", line 12, in get_video_info
    response: req.Response = req.get(url, params=params)
[2026-09-16T15:45:50.759+0000] {logging_mixin.py:188} WARNING -   File "/home/airflow/.local/lib/python3.10/site-packages/requests/api.py", line 73, in get
    return request("get", url, params=params, **kwargs)
[2026-09-16T15:45:50.759+0000] {logging_mixin.py:188} WARNING -   File "/home/airflow/.local/lib/python3.10/site-packages/requests/api.py", line 59, in request
    return session.request(method=method, url=url, **kwargs)
[2026-09-16T15:45:50.760+0000] {logging_mixin.py:188} WARNING -   File "/home/airflow/.local/lib/python3.10/site-packages/requests/sessions.py", line 589, in request
    resp = self.send(prep, **send_kwargs)
[2026-09-16T15:45:50.760+0000] {logging_mixin.py:188} WARNING -   File "/home/airflow/.local/lib/python3.10/site-packages/requests/sessions.py", line 703, in send
    r = adapter.send(request, **kwargs)
[2026-09-16T15:45:50.760+0000] {logging_mixin.py:188} WARNING -   File "/home/airflow/.local/lib/python3.10/site-packages/requests/adapters.py", line 519, in send
    raise ConnectionError(e, request=request)
[2026-09-16T15:45:50.761+0000] {logging_mixin.py:188} WARNING - requests.exceptions.ConnectionError: HTTPSConnectionPool(host='www.googleapis.com', port=443): Max retries exceeded with url: /youtube/v3/videos?part=snippet%2Cstatistics%2CcontentDetails&id=zo7i8VTpfNM&key=AIzaSyCu0SeP4QtsaF8H6qeF4NcFYaRehf3ot8w (Caused by NameResolutionError("<urllib3.connection.HTTPSConnection object at 0x7bc5c06d4b50>: Failed to resolve 'www.googleapis.com' ([Errno -2] Name or service not known)"))
[2026-09-16T15:45:50.770+0000] {logging_mixin.py:188} WARNING - Traceback (most recent call last):
[2026-09-16T15:45:50.772+0000] {logging_mixin.py:188} WARNING -   File "/home/airflow/.local/lib/python3.10/site-packages/urllib3/connection.py", line 198, in _new_conn
    sock = connection.create_connection(
[2026-09-16T15:45:50.773+0000] {logging_mixin.py:188} WARNING -   File "/home/airflow/.local/lib/python3.10/site-packages/urllib3/util/connection.py", line 60, in create_connection
    for res in socket.getaddrinfo(host, port, family, socket.SOCK_STREAM):
[2026-09-16T15:45:50.774+0000] {logging_mixin.py:188} WARNING -   File "/usr/local/lib/python3.10/socket.py", line 955, in getaddrinfo
    for res in _socket.getaddrinfo(host, port, family, type, proto, flags):
[2026-09-16T15:45:50.777+0000] {logging_mixin.py:188} WARNING - socket.gaierror: [Errno -2] Name or service not known
[2026-09-16T15:45:50.791+0000] {logging_mixin.py:188} WARNING - 
The above exception was the direct cause of the following exception:
[2026-09-16T15:45:50.815+0000] {logging_mixin.py:188} WARNING - Traceback (most recent call last):
[2026-09-16T15:45:50.833+0000] {logging_mixin.py:188} WARNING -   File "/home/airflow/.local/lib/python3.10/site-packages/urllib3/connectionpool.py", line 793, in urlopen
    response = self._make_request(
[2026-09-16T15:45:50.858+0000] {logging_mixin.py:188} WARNING -   File "/home/airflow/.local/lib/python3.10/site-packages/urllib3/connectionpool.py", line 491, in _make_request
    raise new_e
[2026-09-16T15:45:50.876+0000] {logging_mixin.py:188} WARNING -   File "/home/airflow/.local/lib/python3.10/site-packages/urllib3/connectionpool.py", line 467, in _make_request
    self._validate_conn(conn)
[2026-09-16T15:45:50.902+0000] {logging_mixin.py:188} WARNING -   File "/home/airflow/.local/lib/python3.10/site-packages/urllib3/connectionpool.py", line 1099, in _validate_conn
    conn.connect()
[2026-09-16T15:45:50.909+0000] {logging_mixin.py:188} WARNING -   File "/home/airflow/.local/lib/python3.10/site-packages/urllib3/connection.py", line 616, in connect
    self.sock = sock = self._new_conn()
[2026-09-16T15:45:50.915+0000] {logging_mixin.py:188} WARNING -   File "/home/airflow/.local/lib/python3.10/site-packages/urllib3/connection.py", line 205, in _new_conn
    raise NameResolutionError(self.host, self, e) from e
[2026-09-16T15:45:50.917+0000] {logging_mixin.py:188} WARNING - urllib3.exceptions.NameResolutionError: <urllib3.connection.HTTPSConnection object at 0x7bc5c06d48b0>: Failed to resolve 'www.googleapis.com' ([Errno -2] Name or service not known)
[2026-09-16T15:45:50.923+0000] {logging_mixin.py:188} WARNING - 
The above exception was the direct cause of the following exception:
[2026-09-16T15:45:50.928+0000] {logging_mixin.py:188} WARNING - Traceback (most recent call last):
[2026-09-16T15:45:50.931+0000] {logging_mixin.py:188} WARNING -   File "/home/airflow/.local/lib/python3.10/site-packages/requests/adapters.py", line 486, in send
    resp = conn.urlopen(
[2026-09-16T15:45:50.936+0000] {logging_mixin.py:188} WARNING -   File "/home/airflow/.local/lib/python3.10/site-packages/urllib3/connectionpool.py", line 847, in urlopen
    retries = retries.increment(
[2026-09-16T15:45:50.941+0000] {logging_mixin.py:188} WARNING -   File "/home/airflow/.local/lib/python3.10/site-packages/urllib3/util/retry.py", line 515, in increment
    raise MaxRetryError(_pool, url, reason) from reason  # type: ignore[arg-type]
[2026-09-16T15:45:50.945+0000] {logging_mixin.py:188} WARNING - urllib3.exceptions.MaxRetryError: HTTPSConnectionPool(host='www.googleapis.com', port=443): Max retries exceeded with url: /youtube/v3/videos?part=snippet%2Cstatistics%2CcontentDetails&id=NfhuGUyWYfQ&key=AIzaSyCu0SeP4QtsaF8H6qeF4NcFYaRehf3ot8w (Caused by NameResolutionError("<urllib3.connection.HTTPSConnection object at 0x7bc5c06d48b0>: Failed to resolve 'www.googleapis.com' ([Errno -2] Name or service not known)"))
[2026-09-16T15:45:50.946+0000] {logging_mixin.py:188} WARNING - 
During handling of the above exception, another exception occurred:
[2026-09-16T15:45:50.947+0000] {logging_mixin.py:188} WARNING - Traceback (most recent call last):
[2026-09-16T15:45:50.949+0000] {logging_mixin.py:188} WARNING -   File "/opt/airflow/src/app.py", line 72, in get_all_videos
    video = clt.get_video_info(id, self.config.videoInfoUrl,
[2026-09-16T15:45:50.960+0000] {logging_mixin.py:188} WARNING -   File "/opt/airflow/src/controller/info.py", line 12, in get_video_info
    response: req.Response = req.get(url, params=params)
[2026-09-16T15:45:50.965+0000] {logging_mixin.py:188} WARNING -   File "/home/airflow/.local/lib/python3.10/site-packages/requests/api.py", line 73, in get
    return request("get", url, params=params, **kwargs)
[2026-09-16T15:45:51.015+0000] {logging_mixin.py:188} WARNING -   File "/home/airflow/.local/lib/python3.10/site-packages/requests/api.py", line 59, in request
    return session.request(method=method, url=url, **kwargs)
[2026-09-16T15:45:51.052+0000] {logging_mixin.py:188} WARNING -   File "/home/airflow/.local/lib/python3.10/site-packages/requests/sessions.py", line 589, in request
    resp = self.send(prep, **send_kwargs)
[2026-09-16T15:45:51.077+0000] {logging_mixin.py:188} WARNING -   File "/home/airflow/.local/lib/python3.10/site-packages/requests/sessions.py", line 703, in send
    r = adapter.send(request, **kwargs)
[2026-09-16T15:45:51.092+0000] {logging_mixin.py:188} WARNING -   File "/home/airflow/.local/lib/python3.10/site-packages/requests/adapters.py", line 519, in send
    raise ConnectionError(e, request=request)
[2026-09-16T15:45:51.125+0000] {logging_mixin.py:188} WARNING - requests.exceptions.ConnectionError: HTTPSConnectionPool(host='www.googleapis.com', port=443): Max retries exceeded with url: /youtube/v3/videos?part=snippet%2Cstatistics%2CcontentDetails&id=NfhuGUyWYfQ&key=AIzaSyCu0SeP4QtsaF8H6qeF4NcFYaRehf3ot8w (Caused by NameResolutionError("<urllib3.connection.HTTPSConnection object at 0x7bc5c06d48b0>: Failed to resolve 'www.googleapis.com' ([Errno -2] Name or service not known)"))
[2026-09-16T15:45:51.347+0000] {logging_mixin.py:188} WARNING - Traceback (most recent call last):
[2026-09-16T15:45:51.355+0000] {logging_mixin.py:188} WARNING -   File "/home/airflow/.local/lib/python3.10/site-packages/urllib3/connection.py", line 198, in _new_conn
    sock = connection.create_connection(
[2026-09-16T15:45:51.364+0000] {logging_mixin.py:188} WARNING -   File "/home/airflow/.local/lib/python3.10/site-packages/urllib3/util/connection.py", line 60, in create_connection
    for res in socket.getaddrinfo(host, port, family, socket.SOCK_STREAM):
[2026-09-16T15:45:51.379+0000] {logging_mixin.py:188} WARNING -   File "/usr/local/lib/python3.10/socket.py", line 955, in getaddrinfo
    for res in _socket.getaddrinfo(host, port, family, type, proto, flags):
[2026-09-16T15:45:51.396+0000] {logging_mixin.py:188} WARNING - socket.gaierror: [Errno -5] No address associated with hostname
[2026-09-16T15:45:51.407+0000] {logging_mixin.py:188} WARNING - 
The above exception was the direct cause of the following exception:
[2026-09-16T15:45:51.411+0000] {logging_mixin.py:188} WARNING - Traceback (most recent call last):
[2026-09-16T15:45:51.419+0000] {logging_mixin.py:188} WARNING -   File "/home/airflow/.local/lib/python3.10/site-packages/urllib3/connectionpool.py", line 793, in urlopen
    response = self._make_request(
[2026-09-16T15:45:51.430+0000] {logging_mixin.py:188} WARNING -   File "/home/airflow/.local/lib/python3.10/site-packages/urllib3/connectionpool.py", line 491, in _make_request
    raise new_e
[2026-09-16T15:45:51.437+0000] {logging_mixin.py:188} WARNING -   File "/home/airflow/.local/lib/python3.10/site-packages/urllib3/connectionpool.py", line 467, in _make_request
    self._validate_conn(conn)
[2026-09-16T15:45:51.451+0000] {logging_mixin.py:188} WARNING -   File "/home/airflow/.local/lib/python3.10/site-packages/urllib3/connectionpool.py", line 1099, in _validate_conn
    conn.connect()
[2026-09-16T15:45:51.465+0000] {logging_mixin.py:188} WARNING -   File "/home/airflow/.local/lib/python3.10/site-packages/urllib3/connection.py", line 616, in connect
    self.sock = sock = self._new_conn()
[2026-09-16T15:45:51.474+0000] {logging_mixin.py:188} WARNING -   File "/home/airflow/.local/lib/python3.10/site-packages/urllib3/connection.py", line 205, in _new_conn
    raise NameResolutionError(self.host, self, e) from e
[2026-09-16T15:45:51.477+0000] {logging_mixin.py:188} WARNING - urllib3.exceptions.NameResolutionError: <urllib3.connection.HTTPSConnection object at 0x7bc5c06d7f10>: Failed to resolve 'www.googleapis.com' ([Errno -5] No address associated with hostname)
[2026-09-16T15:45:51.483+0000] {logging_mixin.py:188} WARNING - 
The above exception was the direct cause of the following exception:
[2026-09-16T15:45:51.485+0000] {logging_mixin.py:188} WARNING - Traceback (most recent call last):
[2026-09-16T15:45:51.489+0000] {logging_mixin.py:188} WARNING -   File "/home/airflow/.local/lib/python3.10/site-packages/requests/adapters.py", line 486, in send
    resp = conn.urlopen(
[2026-09-16T15:45:51.492+0000] {logging_mixin.py:188} WARNING -   File "/home/airflow/.local/lib/python3.10/site-packages/urllib3/connectionpool.py", line 847, in urlopen
    retries = retries.increment(
[2026-09-16T15:45:51.494+0000] {logging_mixin.py:188} WARNING -   File "/home/airflow/.local/lib/python3.10/site-packages/urllib3/util/retry.py", line 515, in increment
    raise MaxRetryError(_pool, url, reason) from reason  # type: ignore[arg-type]
[2026-09-16T15:45:51.497+0000] {logging_mixin.py:188} WARNING - urllib3.exceptions.MaxRetryError: HTTPSConnectionPool(host='www.googleapis.com', port=443): Max retries exceeded with url: /youtube/v3/videos?part=snippet%2Cstatistics%2CcontentDetails&id=wIpWCJKfRXs&key=AIzaSyCu0SeP4QtsaF8H6qeF4NcFYaRehf3ot8w (Caused by NameResolutionError("<urllib3.connection.HTTPSConnection object at 0x7bc5c06d7f10>: Failed to resolve 'www.googleapis.com' ([Errno -5] No address associated with hostname)"))
[2026-09-16T15:45:51.502+0000] {logging_mixin.py:188} WARNING - 
During handling of the above exception, another exception occurred:
[2026-09-16T15:45:51.508+0000] {logging_mixin.py:188} WARNING - Traceback (most recent call last):
[2026-09-16T15:45:51.514+0000] {logging_mixin.py:188} WARNING -   File "/opt/airflow/src/app.py", line 72, in get_all_videos
    video = clt.get_video_info(id, self.config.videoInfoUrl,
[2026-09-16T15:45:51.517+0000] {logging_mixin.py:188} WARNING -   File "/opt/airflow/src/controller/info.py", line 12, in get_video_info
    response: req.Response = req.get(url, params=params)
[2026-09-16T15:45:51.519+0000] {logging_mixin.py:188} WARNING -   File "/home/airflow/.local/lib/python3.10/site-packages/requests/api.py", line 73, in get
    return request("get", url, params=params, **kwargs)
[2026-09-16T15:45:51.525+0000] {logging_mixin.py:188} WARNING -   File "/home/airflow/.local/lib/python3.10/site-packages/requests/api.py", line 59, in request
    return session.request(method=method, url=url, **kwargs)
[2026-09-16T15:45:51.527+0000] {logging_mixin.py:188} WARNING -   File "/home/airflow/.local/lib/python3.10/site-packages/requests/sessions.py", line 589, in request
    resp = self.send(prep, **send_kwargs)
[2026-09-16T15:45:51.530+0000] {logging_mixin.py:188} WARNING -   File "/home/airflow/.local/lib/python3.10/site-packages/requests/sessions.py", line 703, in send
    r = adapter.send(request, **kwargs)
[2026-09-16T15:45:51.532+0000] {logging_mixin.py:188} WARNING -   File "/home/airflow/.local/lib/python3.10/site-packages/requests/adapters.py", line 519, in send
    raise ConnectionError(e, request=request)
[2026-09-16T15:45:51.533+0000] {logging_mixin.py:188} WARNING - requests.exceptions.ConnectionError: HTTPSConnectionPool(host='www.googleapis.com', port=443): Max retries exceeded with url: /youtube/v3/videos?part=snippet%2Cstatistics%2CcontentDetails&id=wIpWCJKfRXs&key=AIzaSyCu0SeP4QtsaF8H6qeF4NcFYaRehf3ot8w (Caused by NameResolutionError("<urllib3.connection.HTTPSConnection object at 0x7bc5c06d7f10>: Failed to resolve 'www.googleapis.com' ([Errno -5] No address associated with hostname)"))
[2026-09-16T15:45:51.562+0000] {logging_mixin.py:188} WARNING - Traceback (most recent call last):
[2026-09-16T15:45:51.564+0000] {logging_mixin.py:188} WARNING -   File "/home/airflow/.local/lib/python3.10/site-packages/urllib3/connection.py", line 198, in _new_conn
    sock = connection.create_connection(
[2026-09-16T15:45:51.565+0000] {logging_mixin.py:188} WARNING -   File "/home/airflow/.local/lib/python3.10/site-packages/urllib3/util/connection.py", line 60, in create_connection
    for res in socket.getaddrinfo(host, port, family, socket.SOCK_STREAM):
[2026-09-16T15:45:51.566+0000] {logging_mixin.py:188} WARNING -   File "/usr/local/lib/python3.10/socket.py", line 955, in getaddrinfo
    for res in _socket.getaddrinfo(host, port, family, type, proto, flags):
[2026-09-16T15:45:51.568+0000] {logging_mixin.py:188} WARNING - socket.gaierror: [Errno -5] No address associated with hostname
[2026-09-16T15:45:51.569+0000] {logging_mixin.py:188} WARNING - 
The above exception was the direct cause of the following exception:
[2026-09-16T15:45:51.574+0000] {logging_mixin.py:188} WARNING - Traceback (most recent call last):
[2026-09-16T15:45:51.576+0000] {logging_mixin.py:188} WARNING -   File "/home/airflow/.local/lib/python3.10/site-packages/urllib3/connectionpool.py", line 793, in urlopen
    response = self._make_request(
[2026-09-16T15:45:51.577+0000] {logging_mixin.py:188} WARNING -   File "/home/airflow/.local/lib/python3.10/site-packages/urllib3/connectionpool.py", line 491, in _make_request
    raise new_e
[2026-09-16T15:45:51.579+0000] {logging_mixin.py:188} WARNING -   File "/home/airflow/.local/lib/python3.10/site-packages/urllib3/connectionpool.py", line 467, in _make_request
    self._validate_conn(conn)
[2026-09-16T15:45:51.580+0000] {logging_mixin.py:188} WARNING -   File "/home/airflow/.local/lib/python3.10/site-packages/urllib3/connectionpool.py", line 1099, in _validate_conn
    conn.connect()
[2026-09-16T15:45:51.583+0000] {logging_mixin.py:188} WARNING -   File "/home/airflow/.local/lib/python3.10/site-packages/urllib3/connection.py", line 616, in connect
    self.sock = sock = self._new_conn()
[2026-09-16T15:45:51.584+0000] {logging_mixin.py:188} WARNING -   File "/home/airflow/.local/lib/python3.10/site-packages/urllib3/connection.py", line 205, in _new_conn
    raise NameResolutionError(self.host, self, e) from e
[2026-09-16T15:45:51.585+0000] {logging_mixin.py:188} WARNING - urllib3.exceptions.NameResolutionError: <urllib3.connection.HTTPSConnection object at 0x7bc5c06d4b20>: Failed to resolve 'www.googleapis.com' ([Errno -5] No address associated with hostname)
[2026-09-16T15:45:51.589+0000] {logging_mixin.py:188} WARNING - 
The above exception was the direct cause of the following exception:
[2026-09-16T15:45:51.590+0000] {logging_mixin.py:188} WARNING - Traceback (most recent call last):
[2026-09-16T15:45:51.592+0000] {logging_mixin.py:188} WARNING -   File "/home/airflow/.local/lib/python3.10/site-packages/requests/adapters.py", line 486, in send
    resp = conn.urlopen(
[2026-09-16T15:45:51.596+0000] {logging_mixin.py:188} WARNING -   File "/home/airflow/.local/lib/python3.10/site-packages/urllib3/connectionpool.py", line 847, in urlopen
    retries = retries.increment(
[2026-09-16T15:45:51.598+0000] {logging_mixin.py:188} WARNING -   File "/home/airflow/.local/lib/python3.10/site-packages/urllib3/util/retry.py", line 515, in increment
    raise MaxRetryError(_pool, url, reason) from reason  # type: ignore[arg-type]
[2026-09-16T15:45:51.599+0000] {logging_mixin.py:188} WARNING - urllib3.exceptions.MaxRetryError: HTTPSConnectionPool(host='www.googleapis.com', port=443): Max retries exceeded with url: /youtube/v3/videos?part=snippet%2Cstatistics%2CcontentDetails&id=9Xeepzg1B8I&key=AIzaSyCu0SeP4QtsaF8H6qeF4NcFYaRehf3ot8w (Caused by NameResolutionError("<urllib3.connection.HTTPSConnection object at 0x7bc5c06d4b20>: Failed to resolve 'www.googleapis.com' ([Errno -5] No address associated with hostname)"))
[2026-09-16T15:45:51.599+0000] {logging_mixin.py:188} WARNING - 
During handling of the above exception, another exception occurred:
[2026-09-16T15:45:51.600+0000] {logging_mixin.py:188} WARNING - Traceback (most recent call last):
[2026-09-16T15:45:51.603+0000] {logging_mixin.py:188} WARNING -   File "/opt/airflow/src/app.py", line 72, in get_all_videos
    video = clt.get_video_info(id, self.config.videoInfoUrl,
[2026-09-16T15:45:51.605+0000] {logging_mixin.py:188} WARNING -   File "/opt/airflow/src/controller/info.py", line 12, in get_video_info
    response: req.Response = req.get(url, params=params)
[2026-09-16T15:45:51.607+0000] {logging_mixin.py:188} WARNING -   File "/home/airflow/.local/lib/python3.10/site-packages/requests/api.py", line 73, in get
    return request("get", url, params=params, **kwargs)
[2026-09-16T15:45:51.608+0000] {logging_mixin.py:188} WARNING -   File "/home/airflow/.local/lib/python3.10/site-packages/requests/api.py", line 59, in request
    return session.request(method=method, url=url, **kwargs)
[2026-09-16T15:45:51.609+0000] {logging_mixin.py:188} WARNING -   File "/home/airflow/.local/lib/python3.10/site-packages/requests/sessions.py", line 589, in request
    resp = self.send(prep, **send_kwargs)
[2026-09-16T15:45:51.610+0000] {logging_mixin.py:188} WARNING -   File "/home/airflow/.local/lib/python3.10/site-packages/requests/sessions.py", line 703, in send
    r = adapter.send(request, **kwargs)
[2026-09-16T15:45:51.611+0000] {logging_mixin.py:188} WARNING -   File "/home/airflow/.local/lib/python3.10/site-packages/requests/adapters.py", line 519, in send
    raise ConnectionError(e, request=request)
[2026-09-16T15:45:51.615+0000] {logging_mixin.py:188} WARNING - requests.exceptions.ConnectionError: HTTPSConnectionPool(host='www.googleapis.com', port=443): Max retries exceeded with url: /youtube/v3/videos?part=snippet%2Cstatistics%2CcontentDetails&id=9Xeepzg1B8I&key=AIzaSyCu0SeP4QtsaF8H6qeF4NcFYaRehf3ot8w (Caused by NameResolutionError("<urllib3.connection.HTTPSConnection object at 0x7bc5c06d4b20>: Failed to resolve 'www.googleapis.com' ([Errno -5] No address associated with hostname)"))
[2026-09-16T15:45:51.652+0000] {logging_mixin.py:188} WARNING - Traceback (most recent call last):
[2026-09-16T15:45:51.661+0000] {logging_mixin.py:188} WARNING -   File "/home/airflow/.local/lib/python3.10/site-packages/urllib3/connection.py", line 198, in _new_conn
    sock = connection.create_connection(
[2026-09-16T15:45:51.667+0000] {logging_mixin.py:188} WARNING -   File "/home/airflow/.local/lib/python3.10/site-packages/urllib3/util/connection.py", line 60, in create_connection
    for res in socket.getaddrinfo(host, port, family, socket.SOCK_STREAM):
[2026-09-16T15:45:51.683+0000] {logging_mixin.py:188} WARNING -   File "/usr/local/lib/python3.10/socket.py", line 955, in getaddrinfo
    for res in _socket.getaddrinfo(host, port, family, type, proto, flags):
[2026-09-16T15:45:51.693+0000] {logging_mixin.py:188} WARNING - socket.gaierror: [Errno -5] No address associated with hostname
[2026-09-16T15:45:51.697+0000] {logging_mixin.py:188} WARNING - 
The above exception was the direct cause of the following exception:
[2026-09-16T15:45:51.709+0000] {logging_mixin.py:188} WARNING - Traceback (most recent call last):
[2026-09-16T15:45:51.713+0000] {logging_mixin.py:188} WARNING -   File "/home/airflow/.local/lib/python3.10/site-packages/urllib3/connectionpool.py", line 793, in urlopen
    response = self._make_request(
[2026-09-16T15:45:51.714+0000] {logging_mixin.py:188} WARNING -   File "/home/airflow/.local/lib/python3.10/site-packages/urllib3/connectionpool.py", line 491, in _make_request
    raise new_e
[2026-09-16T15:45:51.719+0000] {logging_mixin.py:188} WARNING -   File "/home/airflow/.local/lib/python3.10/site-packages/urllib3/connectionpool.py", line 467, in _make_request
    self._validate_conn(conn)
[2026-09-16T15:45:51.726+0000] {logging_mixin.py:188} WARNING -   File "/home/airflow/.local/lib/python3.10/site-packages/urllib3/connectionpool.py", line 1099, in _validate_conn
    conn.connect()
[2026-09-16T15:45:51.732+0000] {logging_mixin.py:188} WARNING -   File "/home/airflow/.local/lib/python3.10/site-packages/urllib3/connection.py", line 616, in connect
    self.sock = sock = self._new_conn()
[2026-09-16T15:45:51.743+0000] {logging_mixin.py:188} WARNING -   File "/home/airflow/.local/lib/python3.10/site-packages/urllib3/connection.py", line 205, in _new_conn
    raise NameResolutionError(self.host, self, e) from e
[2026-09-16T15:45:51.744+0000] {logging_mixin.py:188} WARNING - urllib3.exceptions.NameResolutionError: <urllib3.connection.HTTPSConnection object at 0x7bc5c06d7520>: Failed to resolve 'www.googleapis.com' ([Errno -5] No address associated with hostname)
[2026-09-16T15:45:51.747+0000] {logging_mixin.py:188} WARNING - 
The above exception was the direct cause of the following exception:
[2026-09-16T15:45:51.749+0000] {logging_mixin.py:188} WARNING - Traceback (most recent call last):
[2026-09-16T15:45:51.750+0000] {logging_mixin.py:188} WARNING -   File "/home/airflow/.local/lib/python3.10/site-packages/requests/adapters.py", line 486, in send
    resp = conn.urlopen(
[2026-09-16T15:45:51.752+0000] {logging_mixin.py:188} WARNING -   File "/home/airflow/.local/lib/python3.10/site-packages/urllib3/connectionpool.py", line 847, in urlopen
    retries = retries.increment(
[2026-09-16T15:45:51.758+0000] {logging_mixin.py:188} WARNING -   File "/home/airflow/.local/lib/python3.10/site-packages/urllib3/util/retry.py", line 515, in increment
    raise MaxRetryError(_pool, url, reason) from reason  # type: ignore[arg-type]
[2026-09-16T15:45:51.761+0000] {logging_mixin.py:188} WARNING - urllib3.exceptions.MaxRetryError: HTTPSConnectionPool(host='www.googleapis.com', port=443): Max retries exceeded with url: /youtube/v3/videos?part=snippet%2Cstatistics%2CcontentDetails&id=50G0kIty7Cg&key=AIzaSyCu0SeP4QtsaF8H6qeF4NcFYaRehf3ot8w (Caused by NameResolutionError("<urllib3.connection.HTTPSConnection object at 0x7bc5c06d7520>: Failed to resolve 'www.googleapis.com' ([Errno -5] No address associated with hostname)"))
[2026-09-16T15:45:51.763+0000] {logging_mixin.py:188} WARNING - 
During handling of the above exception, another exception occurred:
[2026-09-16T15:45:51.766+0000] {logging_mixin.py:188} WARNING - Traceback (most recent call last):
[2026-09-16T15:45:51.768+0000] {logging_mixin.py:188} WARNING -   File "/opt/airflow/src/app.py", line 72, in get_all_videos
    video = clt.get_video_info(id, self.config.videoInfoUrl,
[2026-09-16T15:45:51.776+0000] {logging_mixin.py:188} WARNING -   File "/opt/airflow/src/controller/info.py", line 12, in get_video_info
    response: req.Response = req.get(url, params=params)
[2026-09-16T15:45:51.777+0000] {logging_mixin.py:188} WARNING -   File "/home/airflow/.local/lib/python3.10/site-packages/requests/api.py", line 73, in get
    return request("get", url, params=params, **kwargs)
[2026-09-16T15:45:51.779+0000] {logging_mixin.py:188} WARNING -   File "/home/airflow/.local/lib/python3.10/site-packages/requests/api.py", line 59, in request
    return session.request(method=method, url=url, **kwargs)
[2026-09-16T15:45:51.780+0000] {logging_mixin.py:188} WARNING -   File "/home/airflow/.local/lib/python3.10/site-packages/requests/sessions.py", line 589, in request
    resp = self.send(prep, **send_kwargs)
[2026-09-16T15:45:51.784+0000] {logging_mixin.py:188} WARNING -   File "/home/airflow/.local/lib/python3.10/site-packages/requests/sessions.py", line 703, in send
    r = adapter.send(request, **kwargs)
[2026-09-16T15:45:51.790+0000] {logging_mixin.py:188} WARNING -   File "/home/airflow/.local/lib/python3.10/site-packages/requests/adapters.py", line 519, in send
    raise ConnectionError(e, request=request)
[2026-09-16T15:45:51.794+0000] {logging_mixin.py:188} WARNING - requests.exceptions.ConnectionError: HTTPSConnectionPool(host='www.googleapis.com', port=443): Max retries exceeded with url: /youtube/v3/videos?part=snippet%2Cstatistics%2CcontentDetails&id=50G0kIty7Cg&key=AIzaSyCu0SeP4QtsaF8H6qeF4NcFYaRehf3ot8w (Caused by NameResolutionError("<urllib3.connection.HTTPSConnection object at 0x7bc5c06d7520>: Failed to resolve 'www.googleapis.com' ([Errno -5] No address associated with hostname)"))
[2026-09-16T15:45:51.849+0000] {logging_mixin.py:188} WARNING - Traceback (most recent call last):
[2026-09-16T15:45:51.850+0000] {logging_mixin.py:188} WARNING -   File "/home/airflow/.local/lib/python3.10/site-packages/urllib3/connection.py", line 198, in _new_conn
    sock = connection.create_connection(
[2026-09-16T15:45:51.851+0000] {logging_mixin.py:188} WARNING -   File "/home/airflow/.local/lib/python3.10/site-packages/urllib3/util/connection.py", line 60, in create_connection
    for res in socket.getaddrinfo(host, port, family, socket.SOCK_STREAM):
[2026-09-16T15:45:51.858+0000] {logging_mixin.py:188} WARNING -   File "/usr/local/lib/python3.10/socket.py", line 955, in getaddrinfo
    for res in _socket.getaddrinfo(host, port, family, type, proto, flags):
[2026-09-16T15:45:51.861+0000] {logging_mixin.py:188} WARNING - socket.gaierror: [Errno -5] No address associated with hostname
[2026-09-16T15:45:51.862+0000] {logging_mixin.py:188} WARNING - 
The above exception was the direct cause of the following exception:
[2026-09-16T15:45:51.864+0000] {logging_mixin.py:188} WARNING - Traceback (most recent call last):
[2026-09-16T15:45:51.865+0000] {logging_mixin.py:188} WARNING -   File "/home/airflow/.local/lib/python3.10/site-packages/urllib3/connectionpool.py", line 793, in urlopen
    response = self._make_request(
[2026-09-16T15:45:51.866+0000] {logging_mixin.py:188} WARNING -   File "/home/airflow/.local/lib/python3.10/site-packages/urllib3/connectionpool.py", line 491, in _make_request
    raise new_e
[2026-09-16T15:45:51.868+0000] {logging_mixin.py:188} WARNING -   File "/home/airflow/.local/lib/python3.10/site-packages/urllib3/connectionpool.py", line 467, in _make_request
    self._validate_conn(conn)
[2026-09-16T15:45:51.912+0000] {logging_mixin.py:188} WARNING -   File "/home/airflow/.local/lib/python3.10/site-packages/urllib3/connectionpool.py", line 1099, in _validate_conn
    conn.connect()
[2026-09-16T15:45:51.944+0000] {logging_mixin.py:188} WARNING -   File "/home/airflow/.local/lib/python3.10/site-packages/urllib3/connection.py", line 616, in connect
    self.sock = sock = self._new_conn()
[2026-09-16T15:45:51.946+0000] {logging_mixin.py:188} WARNING -   File "/home/airflow/.local/lib/python3.10/site-packages/urllib3/connection.py", line 205, in _new_conn
    raise NameResolutionError(self.host, self, e) from e
[2026-09-16T15:45:51.960+0000] {logging_mixin.py:188} WARNING - urllib3.exceptions.NameResolutionError: <urllib3.connection.HTTPSConnection object at 0x7bc5c06d6830>: Failed to resolve 'www.googleapis.com' ([Errno -5] No address associated with hostname)
[2026-09-16T15:45:51.967+0000] {logging_mixin.py:188} WARNING - 
The above exception was the direct cause of the following exception:
[2026-09-16T15:45:51.977+0000] {logging_mixin.py:188} WARNING - Traceback (most recent call last):
[2026-09-16T15:45:51.984+0000] {logging_mixin.py:188} WARNING -   File "/home/airflow/.local/lib/python3.10/site-packages/requests/adapters.py", line 486, in send
    resp = conn.urlopen(
[2026-09-16T15:45:51.986+0000] {logging_mixin.py:188} WARNING -   File "/home/airflow/.local/lib/python3.10/site-packages/urllib3/connectionpool.py", line 847, in urlopen
    retries = retries.increment(
[2026-09-16T15:45:51.991+0000] {logging_mixin.py:188} WARNING -   File "/home/airflow/.local/lib/python3.10/site-packages/urllib3/util/retry.py", line 515, in increment
    raise MaxRetryError(_pool, url, reason) from reason  # type: ignore[arg-type]
[2026-09-16T15:45:51.993+0000] {logging_mixin.py:188} WARNING - urllib3.exceptions.MaxRetryError: HTTPSConnectionPool(host='www.googleapis.com', port=443): Max retries exceeded with url: /youtube/v3/videos?part=snippet%2Cstatistics%2CcontentDetails&id=4l97aNza_Zc&key=AIzaSyCu0SeP4QtsaF8H6qeF4NcFYaRehf3ot8w (Caused by NameResolutionError("<urllib3.connection.HTTPSConnection object at 0x7bc5c06d6830>: Failed to resolve 'www.googleapis.com' ([Errno -5] No address associated with hostname)"))
[2026-09-16T15:45:51.994+0000] {logging_mixin.py:188} WARNING - 
During handling of the above exception, another exception occurred:
[2026-09-16T15:45:51.995+0000] {logging_mixin.py:188} WARNING - Traceback (most recent call last):
[2026-09-16T15:45:51.996+0000] {logging_mixin.py:188} WARNING -   File "/opt/airflow/src/app.py", line 72, in get_all_videos
    video = clt.get_video_info(id, self.config.videoInfoUrl,
[2026-09-16T15:45:51.997+0000] {logging_mixin.py:188} WARNING -   File "/opt/airflow/src/controller/info.py", line 12, in get_video_info
    response: req.Response = req.get(url, params=params)
[2026-09-16T15:45:51.998+0000] {logging_mixin.py:188} WARNING -   File "/home/airflow/.local/lib/python3.10/site-packages/requests/api.py", line 73, in get
    return request("get", url, params=params, **kwargs)
[2026-09-16T15:45:51.999+0000] {logging_mixin.py:188} WARNING -   File "/home/airflow/.local/lib/python3.10/site-packages/requests/api.py", line 59, in request
    return session.request(method=method, url=url, **kwargs)
[2026-09-16T15:45:52.001+0000] {logging_mixin.py:188} WARNING -   File "/home/airflow/.local/lib/python3.10/site-packages/requests/sessions.py", line 589, in request
    resp = self.send(prep, **send_kwargs)
[2026-09-16T15:45:52.001+0000] {logging_mixin.py:188} WARNING -   File "/home/airflow/.local/lib/python3.10/site-packages/requests/sessions.py", line 703, in send
    r = adapter.send(request, **kwargs)
[2026-09-16T15:45:52.009+0000] {logging_mixin.py:188} WARNING -   File "/home/airflow/.local/lib/python3.10/site-packages/requests/adapters.py", line 519, in send
    raise ConnectionError(e, request=request)
[2026-09-16T15:45:52.011+0000] {logging_mixin.py:188} WARNING - requests.exceptions.ConnectionError: HTTPSConnectionPool(host='www.googleapis.com', port=443): Max retries exceeded with url: /youtube/v3/videos?part=snippet%2Cstatistics%2CcontentDetails&id=4l97aNza_Zc&key=AIzaSyCu0SeP4QtsaF8H6qeF4NcFYaRehf3ot8w (Caused by NameResolutionError("<urllib3.connection.HTTPSConnection object at 0x7bc5c06d6830>: Failed to resolve 'www.googleapis.com' ([Errno -5] No address associated with hostname)"))
[2026-09-16T15:45:52.042+0000] {logging_mixin.py:188} WARNING - Traceback (most recent call last):
[2026-09-16T15:45:52.043+0000] {logging_mixin.py:188} WARNING -   File "/home/airflow/.local/lib/python3.10/site-packages/urllib3/connection.py", line 198, in _new_conn
    sock = connection.create_connection(
[2026-09-16T15:45:52.044+0000] {logging_mixin.py:188} WARNING -   File "/home/airflow/.local/lib/python3.10/site-packages/urllib3/util/connection.py", line 60, in create_connection
    for res in socket.getaddrinfo(host, port, family, socket.SOCK_STREAM):
[2026-09-16T15:45:52.045+0000] {logging_mixin.py:188} WARNING -   File "/usr/local/lib/python3.10/socket.py", line 955, in getaddrinfo
    for res in _socket.getaddrinfo(host, port, family, type, proto, flags):
[2026-09-16T15:45:52.046+0000] {logging_mixin.py:188} WARNING - socket.gaierror: [Errno -5] No address associated with hostname
[2026-09-16T15:45:52.047+0000] {logging_mixin.py:188} WARNING - 
The above exception was the direct cause of the following exception:
[2026-09-16T15:45:52.047+0000] {logging_mixin.py:188} WARNING - Traceback (most recent call last):
[2026-09-16T15:45:52.048+0000] {logging_mixin.py:188} WARNING -   File "/home/airflow/.local/lib/python3.10/site-packages/urllib3/connectionpool.py", line 793, in urlopen
    response = self._make_request(
[2026-09-16T15:45:52.049+0000] {logging_mixin.py:188} WARNING -   File "/home/airflow/.local/lib/python3.10/site-packages/urllib3/connectionpool.py", line 491, in _make_request
    raise new_e
[2026-09-16T15:45:52.049+0000] {logging_mixin.py:188} WARNING -   File "/home/airflow/.local/lib/python3.10/site-packages/urllib3/connectionpool.py", line 467, in _make_request
    self._validate_conn(conn)
[2026-09-16T15:45:52.050+0000] {logging_mixin.py:188} WARNING -   File "/home/airflow/.local/lib/python3.10/site-packages/urllib3/connectionpool.py", line 1099, in _validate_conn
    conn.connect()
[2026-09-16T15:45:52.051+0000] {logging_mixin.py:188} WARNING -   File "/home/airflow/.local/lib/python3.10/site-packages/urllib3/connection.py", line 616, in connect
    self.sock = sock = self._new_conn()
[2026-09-16T15:45:52.058+0000] {logging_mixin.py:188} WARNING -   File "/home/airflow/.local/lib/python3.10/site-packages/urllib3/connection.py", line 205, in _new_conn
    raise NameResolutionError(self.host, self, e) from e
[2026-09-16T15:45:52.059+0000] {logging_mixin.py:188} WARNING - urllib3.exceptions.NameResolutionError: <urllib3.connection.HTTPSConnection object at 0x7bc5c06d5030>: Failed to resolve 'www.googleapis.com' ([Errno -5] No address associated with hostname)
[2026-09-16T15:45:52.059+0000] {logging_mixin.py:188} WARNING - 
The above exception was the direct cause of the following exception:
[2026-09-16T15:45:52.060+0000] {logging_mixin.py:188} WARNING - Traceback (most recent call last):
[2026-09-16T15:45:52.061+0000] {logging_mixin.py:188} WARNING -   File "/home/airflow/.local/lib/python3.10/site-packages/requests/adapters.py", line 486, in send
    resp = conn.urlopen(
[2026-09-16T15:45:52.062+0000] {logging_mixin.py:188} WARNING -   File "/home/airflow/.local/lib/python3.10/site-packages/urllib3/connectionpool.py", line 847, in urlopen
    retries = retries.increment(
[2026-09-16T15:45:52.062+0000] {logging_mixin.py:188} WARNING -   File "/home/airflow/.local/lib/python3.10/site-packages/urllib3/util/retry.py", line 515, in increment
    raise MaxRetryError(_pool, url, reason) from reason  # type: ignore[arg-type]
[2026-09-16T15:45:52.063+0000] {logging_mixin.py:188} WARNING - urllib3.exceptions.MaxRetryError: HTTPSConnectionPool(host='www.googleapis.com', port=443): Max retries exceeded with url: /youtube/v3/videos?part=snippet%2Cstatistics%2CcontentDetails&id=3ih2bPKSWsQ&key=AIzaSyCu0SeP4QtsaF8H6qeF4NcFYaRehf3ot8w (Caused by NameResolutionError("<urllib3.connection.HTTPSConnection object at 0x7bc5c06d5030>: Failed to resolve 'www.googleapis.com' ([Errno -5] No address associated with hostname)"))
[2026-09-16T15:45:52.064+0000] {logging_mixin.py:188} WARNING - 
During handling of the above exception, another exception occurred:
[2026-09-16T15:45:52.065+0000] {logging_mixin.py:188} WARNING - Traceback (most recent call last):
[2026-09-16T15:45:52.066+0000] {logging_mixin.py:188} WARNING -   File "/opt/airflow/src/app.py", line 72, in get_all_videos
    video = clt.get_video_info(id, self.config.videoInfoUrl,
[2026-09-16T15:45:52.067+0000] {logging_mixin.py:188} WARNING -   File "/opt/airflow/src/controller/info.py", line 12, in get_video_info
    response: req.Response = req.get(url, params=params)
[2026-09-16T15:45:52.067+0000] {logging_mixin.py:188} WARNING -   File "/home/airflow/.local/lib/python3.10/site-packages/requests/api.py", line 73, in get
    return request("get", url, params=params, **kwargs)
[2026-09-16T15:45:52.068+0000] {logging_mixin.py:188} WARNING -   File "/home/airflow/.local/lib/python3.10/site-packages/requests/api.py", line 59, in request
    return session.request(method=method, url=url, **kwargs)
[2026-09-16T15:45:52.076+0000] {logging_mixin.py:188} WARNING -   File "/home/airflow/.local/lib/python3.10/site-packages/requests/sessions.py", line 589, in request
    resp = self.send(prep, **send_kwargs)
[2026-09-16T15:45:52.077+0000] {logging_mixin.py:188} WARNING -   File "/home/airflow/.local/lib/python3.10/site-packages/requests/sessions.py", line 703, in send
    r = adapter.send(request, **kwargs)
[2026-09-16T15:45:52.078+0000] {logging_mixin.py:188} WARNING -   File "/home/airflow/.local/lib/python3.10/site-packages/requests/adapters.py", line 519, in send
    raise ConnectionError(e, request=request)
[2026-09-16T15:45:52.080+0000] {logging_mixin.py:188} WARNING - requests.exceptions.ConnectionError: HTTPSConnectionPool(host='www.googleapis.com', port=443): Max retries exceeded with url: /youtube/v3/videos?part=snippet%2Cstatistics%2CcontentDetails&id=3ih2bPKSWsQ&key=AIzaSyCu0SeP4QtsaF8H6qeF4NcFYaRehf3ot8w (Caused by NameResolutionError("<urllib3.connection.HTTPSConnection object at 0x7bc5c06d5030>: Failed to resolve 'www.googleapis.com' ([Errno -5] No address associated with hostname)"))
[2026-09-16T15:45:52.098+0000] {logging_mixin.py:188} WARNING - Traceback (most recent call last):
[2026-09-16T15:45:52.099+0000] {logging_mixin.py:188} WARNING -   File "/home/airflow/.local/lib/python3.10/site-packages/urllib3/connection.py", line 198, in _new_conn
    sock = connection.create_connection(
[2026-09-16T15:45:52.100+0000] {logging_mixin.py:188} WARNING -   File "/home/airflow/.local/lib/python3.10/site-packages/urllib3/util/connection.py", line 60, in create_connection
    for res in socket.getaddrinfo(host, port, family, socket.SOCK_STREAM):
[2026-09-16T15:45:52.101+0000] {logging_mixin.py:188} WARNING -   File "/usr/local/lib/python3.10/socket.py", line 955, in getaddrinfo
    for res in _socket.getaddrinfo(host, port, family, type, proto, flags):
[2026-09-16T15:45:52.102+0000] {logging_mixin.py:188} WARNING - socket.gaierror: [Errno -5] No address associated with hostname
[2026-09-16T15:45:52.103+0000] {logging_mixin.py:188} WARNING - 
The above exception was the direct cause of the following exception:
[2026-09-16T15:45:52.109+0000] {logging_mixin.py:188} WARNING - Traceback (most recent call last):
[2026-09-16T15:45:52.113+0000] {logging_mixin.py:188} WARNING -   File "/home/airflow/.local/lib/python3.10/site-packages/urllib3/connectionpool.py", line 793, in urlopen
    response = self._make_request(
[2026-09-16T15:45:52.116+0000] {logging_mixin.py:188} WARNING -   File "/home/airflow/.local/lib/python3.10/site-packages/urllib3/connectionpool.py", line 491, in _make_request
    raise new_e
[2026-09-16T15:45:52.117+0000] {logging_mixin.py:188} WARNING -   File "/home/airflow/.local/lib/python3.10/site-packages/urllib3/connectionpool.py", line 467, in _make_request
    self._validate_conn(conn)
[2026-09-16T15:45:52.118+0000] {logging_mixin.py:188} WARNING -   File "/home/airflow/.local/lib/python3.10/site-packages/urllib3/connectionpool.py", line 1099, in _validate_conn
    conn.connect()
[2026-09-16T15:45:52.121+0000] {logging_mixin.py:188} WARNING -   File "/home/airflow/.local/lib/python3.10/site-packages/urllib3/connection.py", line 616, in connect
    self.sock = sock = self._new_conn()
[2026-09-16T15:45:52.122+0000] {logging_mixin.py:188} WARNING -   File "/home/airflow/.local/lib/python3.10/site-packages/urllib3/connection.py", line 205, in _new_conn
    raise NameResolutionError(self.host, self, e) from e
[2026-09-16T15:45:52.125+0000] {logging_mixin.py:188} WARNING - urllib3.exceptions.NameResolutionError: <urllib3.connection.HTTPSConnection object at 0x7bc5c05d1ed0>: Failed to resolve 'www.googleapis.com' ([Errno -5] No address associated with hostname)
[2026-09-16T15:45:52.126+0000] {logging_mixin.py:188} WARNING - 
The above exception was the direct cause of the following exception:
[2026-09-16T15:45:52.126+0000] {logging_mixin.py:188} WARNING - Traceback (most recent call last):
[2026-09-16T15:45:52.127+0000] {logging_mixin.py:188} WARNING -   File "/home/airflow/.local/lib/python3.10/site-packages/requests/adapters.py", line 486, in send
    resp = conn.urlopen(
[2026-09-16T15:45:52.127+0000] {logging_mixin.py:188} WARNING -   File "/home/airflow/.local/lib/python3.10/site-packages/urllib3/connectionpool.py", line 847, in urlopen
    retries = retries.increment(
[2026-09-16T15:45:52.128+0000] {logging_mixin.py:188} WARNING -   File "/home/airflow/.local/lib/python3.10/site-packages/urllib3/util/retry.py", line 515, in increment
    raise MaxRetryError(_pool, url, reason) from reason  # type: ignore[arg-type]
[2026-09-16T15:45:52.129+0000] {logging_mixin.py:188} WARNING - urllib3.exceptions.MaxRetryError: HTTPSConnectionPool(host='www.googleapis.com', port=443): Max retries exceeded with url: /youtube/v3/videos?part=snippet%2Cstatistics%2CcontentDetails&id=uA9Zcg3vHvo&key=AIzaSyCu0SeP4QtsaF8H6qeF4NcFYaRehf3ot8w (Caused by NameResolutionError("<urllib3.connection.HTTPSConnection object at 0x7bc5c05d1ed0>: Failed to resolve 'www.googleapis.com' ([Errno -5] No address associated with hostname)"))
[2026-09-16T15:45:52.129+0000] {logging_mixin.py:188} WARNING - 
During handling of the above exception, another exception occurred:
[2026-09-16T15:45:52.129+0000] {logging_mixin.py:188} WARNING - Traceback (most recent call last):
[2026-09-16T15:45:52.130+0000] {logging_mixin.py:188} WARNING -   File "/opt/airflow/src/app.py", line 72, in get_all_videos
    video = clt.get_video_info(id, self.config.videoInfoUrl,
[2026-09-16T15:45:52.131+0000] {logging_mixin.py:188} WARNING -   File "/opt/airflow/src/controller/info.py", line 12, in get_video_info
    response: req.Response = req.get(url, params=params)
[2026-09-16T15:45:52.131+0000] {logging_mixin.py:188} WARNING -   File "/home/airflow/.local/lib/python3.10/site-packages/requests/api.py", line 73, in get
    return request("get", url, params=params, **kwargs)
[2026-09-16T15:45:52.131+0000] {logging_mixin.py:188} WARNING -   File "/home/airflow/.local/lib/python3.10/site-packages/requests/api.py", line 59, in request
    return session.request(method=method, url=url, **kwargs)
[2026-09-16T15:45:52.132+0000] {logging_mixin.py:188} WARNING -   File "/home/airflow/.local/lib/python3.10/site-packages/requests/sessions.py", line 589, in request
    resp = self.send(prep, **send_kwargs)
[2026-09-16T15:45:52.132+0000] {logging_mixin.py:188} WARNING -   File "/home/airflow/.local/lib/python3.10/site-packages/requests/sessions.py", line 703, in send
    r = adapter.send(request, **kwargs)
[2026-09-16T15:45:52.133+0000] {logging_mixin.py:188} WARNING -   File "/home/airflow/.local/lib/python3.10/site-packages/requests/adapters.py", line 519, in send
    raise ConnectionError(e, request=request)
[2026-09-16T15:45:52.133+0000] {logging_mixin.py:188} WARNING - requests.exceptions.ConnectionError: HTTPSConnectionPool(host='www.googleapis.com', port=443): Max retries exceeded with url: /youtube/v3/videos?part=snippet%2Cstatistics%2CcontentDetails&id=uA9Zcg3vHvo&key=AIzaSyCu0SeP4QtsaF8H6qeF4NcFYaRehf3ot8w (Caused by NameResolutionError("<urllib3.connection.HTTPSConnection object at 0x7bc5c05d1ed0>: Failed to resolve 'www.googleapis.com' ([Errno -5] No address associated with hostname)"))
[2026-09-16T15:45:52.150+0000] {logging_mixin.py:188} WARNING - Traceback (most recent call last):
[2026-09-16T15:45:52.151+0000] {logging_mixin.py:188} WARNING -   File "/home/airflow/.local/lib/python3.10/site-packages/urllib3/connection.py", line 198, in _new_conn
    sock = connection.create_connection(
[2026-09-16T15:45:52.151+0000] {logging_mixin.py:188} WARNING -   File "/home/airflow/.local/lib/python3.10/site-packages/urllib3/util/connection.py", line 60, in create_connection
    for res in socket.getaddrinfo(host, port, family, socket.SOCK_STREAM):
[2026-09-16T15:45:52.152+0000] {logging_mixin.py:188} WARNING -   File "/usr/local/lib/python3.10/socket.py", line 955, in getaddrinfo
    for res in _socket.getaddrinfo(host, port, family, type, proto, flags):
[2026-09-16T15:45:52.153+0000] {logging_mixin.py:188} WARNING - socket.gaierror: [Errno -5] No address associated with hostname
[2026-09-16T15:45:52.157+0000] {logging_mixin.py:188} WARNING - 
The above exception was the direct cause of the following exception:
[2026-09-16T15:45:52.158+0000] {logging_mixin.py:188} WARNING - Traceback (most recent call last):
[2026-09-16T15:45:52.159+0000] {logging_mixin.py:188} WARNING -   File "/home/airflow/.local/lib/python3.10/site-packages/urllib3/connectionpool.py", line 793, in urlopen
    response = self._make_request(
[2026-09-16T15:45:52.160+0000] {logging_mixin.py:188} WARNING -   File "/home/airflow/.local/lib/python3.10/site-packages/urllib3/connectionpool.py", line 491, in _make_request
    raise new_e
[2026-09-16T15:45:52.161+0000] {logging_mixin.py:188} WARNING -   File "/home/airflow/.local/lib/python3.10/site-packages/urllib3/connectionpool.py", line 467, in _make_request
    self._validate_conn(conn)
[2026-09-16T15:45:52.162+0000] {logging_mixin.py:188} WARNING -   File "/home/airflow/.local/lib/python3.10/site-packages/urllib3/connectionpool.py", line 1099, in _validate_conn
    conn.connect()
[2026-09-16T15:45:52.162+0000] {logging_mixin.py:188} WARNING -   File "/home/airflow/.local/lib/python3.10/site-packages/urllib3/connection.py", line 616, in connect
    self.sock = sock = self._new_conn()
[2026-09-16T15:45:52.163+0000] {logging_mixin.py:188} WARNING -   File "/home/airflow/.local/lib/python3.10/site-packages/urllib3/connection.py", line 205, in _new_conn
    raise NameResolutionError(self.host, self, e) from e
[2026-09-16T15:45:52.164+0000] {logging_mixin.py:188} WARNING - urllib3.exceptions.NameResolutionError: <urllib3.connection.HTTPSConnection object at 0x7bc5c0667f10>: Failed to resolve 'www.googleapis.com' ([Errno -5] No address associated with hostname)
[2026-09-16T15:45:52.165+0000] {logging_mixin.py:188} WARNING - 
The above exception was the direct cause of the following exception:
[2026-09-16T15:45:52.165+0000] {logging_mixin.py:188} WARNING - Traceback (most recent call last):
[2026-09-16T15:45:52.166+0000] {logging_mixin.py:188} WARNING -   File "/home/airflow/.local/lib/python3.10/site-packages/requests/adapters.py", line 486, in send
    resp = conn.urlopen(
[2026-09-16T15:45:52.167+0000] {logging_mixin.py:188} WARNING -   File "/home/airflow/.local/lib/python3.10/site-packages/urllib3/connectionpool.py", line 847, in urlopen
    retries = retries.increment(
[2026-09-16T15:45:52.167+0000] {logging_mixin.py:188} WARNING -   File "/home/airflow/.local/lib/python3.10/site-packages/urllib3/util/retry.py", line 515, in increment
    raise MaxRetryError(_pool, url, reason) from reason  # type: ignore[arg-type]
[2026-09-16T15:45:52.176+0000] {logging_mixin.py:188} WARNING - urllib3.exceptions.MaxRetryError: HTTPSConnectionPool(host='www.googleapis.com', port=443): Max retries exceeded with url: /youtube/v3/videos?part=snippet%2Cstatistics%2CcontentDetails&id=_AbFXuGDRTs&key=AIzaSyCu0SeP4QtsaF8H6qeF4NcFYaRehf3ot8w (Caused by NameResolutionError("<urllib3.connection.HTTPSConnection object at 0x7bc5c0667f10>: Failed to resolve 'www.googleapis.com' ([Errno -5] No address associated with hostname)"))
[2026-09-16T15:45:52.205+0000] {logging_mixin.py:188} WARNING - 
During handling of the above exception, another exception occurred:
[2026-09-16T15:45:52.206+0000] {logging_mixin.py:188} WARNING - Traceback (most recent call last):
[2026-09-16T15:45:52.207+0000] {logging_mixin.py:188} WARNING -   File "/opt/airflow/src/app.py", line 72, in get_all_videos
    video = clt.get_video_info(id, self.config.videoInfoUrl,
[2026-09-16T15:45:52.208+0000] {logging_mixin.py:188} WARNING -   File "/opt/airflow/src/controller/info.py", line 12, in get_video_info
    response: req.Response = req.get(url, params=params)
[2026-09-16T15:45:52.209+0000] {logging_mixin.py:188} WARNING -   File "/home/airflow/.local/lib/python3.10/site-packages/requests/api.py", line 73, in get
    return request("get", url, params=params, **kwargs)
[2026-09-16T15:45:52.210+0000] {logging_mixin.py:188} WARNING -   File "/home/airflow/.local/lib/python3.10/site-packages/requests/api.py", line 59, in request
    return session.request(method=method, url=url, **kwargs)
[2026-09-16T15:45:52.211+0000] {logging_mixin.py:188} WARNING -   File "/home/airflow/.local/lib/python3.10/site-packages/requests/sessions.py", line 589, in request
    resp = self.send(prep, **send_kwargs)
[2026-09-16T15:45:52.212+0000] {logging_mixin.py:188} WARNING -   File "/home/airflow/.local/lib/python3.10/site-packages/requests/sessions.py", line 703, in send
    r = adapter.send(request, **kwargs)
[2026-09-16T15:45:52.213+0000] {logging_mixin.py:188} WARNING -   File "/home/airflow/.local/lib/python3.10/site-packages/requests/adapters.py", line 519, in send
    raise ConnectionError(e, request=request)
[2026-09-16T15:45:52.213+0000] {logging_mixin.py:188} WARNING - requests.exceptions.ConnectionError: HTTPSConnectionPool(host='www.googleapis.com', port=443): Max retries exceeded with url: /youtube/v3/videos?part=snippet%2Cstatistics%2CcontentDetails&id=_AbFXuGDRTs&key=AIzaSyCu0SeP4QtsaF8H6qeF4NcFYaRehf3ot8w (Caused by NameResolutionError("<urllib3.connection.HTTPSConnection object at 0x7bc5c0667f10>: Failed to resolve 'www.googleapis.com' ([Errno -5] No address associated with hostname)"))
[2026-09-16T15:45:52.234+0000] {logging_mixin.py:188} WARNING - Traceback (most recent call last):
[2026-09-16T15:45:52.235+0000] {logging_mixin.py:188} WARNING -   File "/home/airflow/.local/lib/python3.10/site-packages/urllib3/connection.py", line 198, in _new_conn
    sock = connection.create_connection(
[2026-09-16T15:45:52.237+0000] {logging_mixin.py:188} WARNING -   File "/home/airflow/.local/lib/python3.10/site-packages/urllib3/util/connection.py", line 60, in create_connection
    for res in socket.getaddrinfo(host, port, family, socket.SOCK_STREAM):
[2026-09-16T15:45:52.239+0000] {logging_mixin.py:188} WARNING -   File "/usr/local/lib/python3.10/socket.py", line 955, in getaddrinfo
    for res in _socket.getaddrinfo(host, port, family, type, proto, flags):
[2026-09-16T15:45:52.242+0000] {logging_mixin.py:188} WARNING - socket.gaierror: [Errno -5] No address associated with hostname
[2026-09-16T15:45:52.244+0000] {logging_mixin.py:188} WARNING - 
The above exception was the direct cause of the following exception:
[2026-09-16T15:45:52.245+0000] {logging_mixin.py:188} WARNING - Traceback (most recent call last):
[2026-09-16T15:45:52.246+0000] {logging_mixin.py:188} WARNING -   File "/home/airflow/.local/lib/python3.10/site-packages/urllib3/connectionpool.py", line 793, in urlopen
    response = self._make_request(
[2026-09-16T15:45:52.247+0000] {logging_mixin.py:188} WARNING -   File "/home/airflow/.local/lib/python3.10/site-packages/urllib3/connectionpool.py", line 491, in _make_request
    raise new_e
[2026-09-16T15:45:52.249+0000] {logging_mixin.py:188} WARNING -   File "/home/airflow/.local/lib/python3.10/site-packages/urllib3/connectionpool.py", line 467, in _make_request
    self._validate_conn(conn)
[2026-09-16T15:45:52.250+0000] {logging_mixin.py:188} WARNING -   File "/home/airflow/.local/lib/python3.10/site-packages/urllib3/connectionpool.py", line 1099, in _validate_conn
    conn.connect()
[2026-09-16T15:45:52.250+0000] {logging_mixin.py:188} WARNING -   File "/home/airflow/.local/lib/python3.10/site-packages/urllib3/connection.py", line 616, in connect
    self.sock = sock = self._new_conn()
[2026-09-16T15:45:52.251+0000] {logging_mixin.py:188} WARNING -   File "/home/airflow/.local/lib/python3.10/site-packages/urllib3/connection.py", line 205, in _new_conn
    raise NameResolutionError(self.host, self, e) from e
[2026-09-16T15:45:52.252+0000] {logging_mixin.py:188} WARNING - urllib3.exceptions.NameResolutionError: <urllib3.connection.HTTPSConnection object at 0x7bc5c06d6fb0>: Failed to resolve 'www.googleapis.com' ([Errno -5] No address associated with hostname)
[2026-09-16T15:45:52.253+0000] {logging_mixin.py:188} WARNING - 
The above exception was the direct cause of the following exception:
[2026-09-16T15:45:52.255+0000] {logging_mixin.py:188} WARNING - Traceback (most recent call last):
[2026-09-16T15:45:52.256+0000] {logging_mixin.py:188} WARNING -   File "/home/airflow/.local/lib/python3.10/site-packages/requests/adapters.py", line 486, in send
    resp = conn.urlopen(
[2026-09-16T15:45:52.257+0000] {logging_mixin.py:188} WARNING -   File "/home/airflow/.local/lib/python3.10/site-packages/urllib3/connectionpool.py", line 847, in urlopen
    retries = retries.increment(
[2026-09-16T15:45:52.258+0000] {logging_mixin.py:188} WARNING -   File "/home/airflow/.local/lib/python3.10/site-packages/urllib3/util/retry.py", line 515, in increment
    raise MaxRetryError(_pool, url, reason) from reason  # type: ignore[arg-type]
[2026-09-16T15:45:52.259+0000] {logging_mixin.py:188} WARNING - urllib3.exceptions.MaxRetryError: HTTPSConnectionPool(host='www.googleapis.com', port=443): Max retries exceeded with url: /youtube/v3/videos?part=snippet%2Cstatistics%2CcontentDetails&id=MOGW3v3pJ5Y&key=AIzaSyCu0SeP4QtsaF8H6qeF4NcFYaRehf3ot8w (Caused by NameResolutionError("<urllib3.connection.HTTPSConnection object at 0x7bc5c06d6fb0>: Failed to resolve 'www.googleapis.com' ([Errno -5] No address associated with hostname)"))
[2026-09-16T15:45:52.259+0000] {logging_mixin.py:188} WARNING - 
During handling of the above exception, another exception occurred:
[2026-09-16T15:45:52.260+0000] {logging_mixin.py:188} WARNING - Traceback (most recent call last):
[2026-09-16T15:45:52.261+0000] {logging_mixin.py:188} WARNING -   File "/opt/airflow/src/app.py", line 72, in get_all_videos
    video = clt.get_video_info(id, self.config.videoInfoUrl,
[2026-09-16T15:45:52.262+0000] {logging_mixin.py:188} WARNING -   File "/opt/airflow/src/controller/info.py", line 12, in get_video_info
    response: req.Response = req.get(url, params=params)
[2026-09-16T15:45:52.263+0000] {logging_mixin.py:188} WARNING -   File "/home/airflow/.local/lib/python3.10/site-packages/requests/api.py", line 73, in get
    return request("get", url, params=params, **kwargs)
[2026-09-16T15:45:52.263+0000] {logging_mixin.py:188} WARNING -   File "/home/airflow/.local/lib/python3.10/site-packages/requests/api.py", line 59, in request
    return session.request(method=method, url=url, **kwargs)
[2026-09-16T15:45:52.264+0000] {logging_mixin.py:188} WARNING -   File "/home/airflow/.local/lib/python3.10/site-packages/requests/sessions.py", line 589, in request
    resp = self.send(prep, **send_kwargs)
[2026-09-16T15:45:52.265+0000] {logging_mixin.py:188} WARNING -   File "/home/airflow/.local/lib/python3.10/site-packages/requests/sessions.py", line 703, in send
    r = adapter.send(request, **kwargs)
[2026-09-16T15:45:52.265+0000] {logging_mixin.py:188} WARNING -   File "/home/airflow/.local/lib/python3.10/site-packages/requests/adapters.py", line 519, in send
    raise ConnectionError(e, request=request)
[2026-09-16T15:45:52.266+0000] {logging_mixin.py:188} WARNING - requests.exceptions.ConnectionError: HTTPSConnectionPool(host='www.googleapis.com', port=443): Max retries exceeded with url: /youtube/v3/videos?part=snippet%2Cstatistics%2CcontentDetails&id=MOGW3v3pJ5Y&key=AIzaSyCu0SeP4QtsaF8H6qeF4NcFYaRehf3ot8w (Caused by NameResolutionError("<urllib3.connection.HTTPSConnection object at 0x7bc5c06d6fb0>: Failed to resolve 'www.googleapis.com' ([Errno -5] No address associated with hostname)"))
[2026-09-16T15:45:52.278+0000] {logging_mixin.py:188} WARNING - Traceback (most recent call last):
[2026-09-16T15:45:52.279+0000] {logging_mixin.py:188} WARNING -   File "/home/airflow/.local/lib/python3.10/site-packages/urllib3/connection.py", line 198, in _new_conn
    sock = connection.create_connection(
[2026-09-16T15:45:52.280+0000] {logging_mixin.py:188} WARNING -   File "/home/airflow/.local/lib/python3.10/site-packages/urllib3/util/connection.py", line 60, in create_connection
    for res in socket.getaddrinfo(host, port, family, socket.SOCK_STREAM):
[2026-09-16T15:45:52.280+0000] {logging_mixin.py:188} WARNING -   File "/usr/local/lib/python3.10/socket.py", line 955, in getaddrinfo
    for res in _socket.getaddrinfo(host, port, family, type, proto, flags):
[2026-09-16T15:45:52.281+0000] {logging_mixin.py:188} WARNING - socket.gaierror: [Errno -5] No address associated with hostname
[2026-09-16T15:45:52.281+0000] {logging_mixin.py:188} WARNING - 
The above exception was the direct cause of the following exception:
[2026-09-16T15:45:52.281+0000] {logging_mixin.py:188} WARNING - Traceback (most recent call last):
[2026-09-16T15:45:52.282+0000] {logging_mixin.py:188} WARNING -   File "/home/airflow/.local/lib/python3.10/site-packages/urllib3/connectionpool.py", line 793, in urlopen
    response = self._make_request(
[2026-09-16T15:45:52.283+0000] {logging_mixin.py:188} WARNING -   File "/home/airflow/.local/lib/python3.10/site-packages/urllib3/connectionpool.py", line 491, in _make_request
    raise new_e
[2026-09-16T15:45:52.283+0000] {logging_mixin.py:188} WARNING -   File "/home/airflow/.local/lib/python3.10/site-packages/urllib3/connectionpool.py", line 467, in _make_request
    self._validate_conn(conn)
[2026-09-16T15:45:52.283+0000] {logging_mixin.py:188} WARNING -   File "/home/airflow/.local/lib/python3.10/site-packages/urllib3/connectionpool.py", line 1099, in _validate_conn
    conn.connect()
[2026-09-16T15:45:52.284+0000] {logging_mixin.py:188} WARNING -   File "/home/airflow/.local/lib/python3.10/site-packages/urllib3/connection.py", line 616, in connect
    self.sock = sock = self._new_conn()
[2026-09-16T15:45:52.284+0000] {logging_mixin.py:188} WARNING -   File "/home/airflow/.local/lib/python3.10/site-packages/urllib3/connection.py", line 205, in _new_conn
    raise NameResolutionError(self.host, self, e) from e
[2026-09-16T15:45:52.285+0000] {logging_mixin.py:188} WARNING - urllib3.exceptions.NameResolutionError: <urllib3.connection.HTTPSConnection object at 0x7bc5c06d7250>: Failed to resolve 'www.googleapis.com' ([Errno -5] No address associated with hostname)
[2026-09-16T15:45:52.286+0000] {logging_mixin.py:188} WARNING - 
The above exception was the direct cause of the following exception:
[2026-09-16T15:45:52.288+0000] {logging_mixin.py:188} WARNING - Traceback (most recent call last):
[2026-09-16T15:45:52.290+0000] {logging_mixin.py:188} WARNING -   File "/home/airflow/.local/lib/python3.10/site-packages/requests/adapters.py", line 486, in send
    resp = conn.urlopen(
[2026-09-16T15:45:52.291+0000] {logging_mixin.py:188} WARNING -   File "/home/airflow/.local/lib/python3.10/site-packages/urllib3/connectionpool.py", line 847, in urlopen
    retries = retries.increment(
[2026-09-16T15:45:52.292+0000] {logging_mixin.py:188} WARNING -   File "/home/airflow/.local/lib/python3.10/site-packages/urllib3/util/retry.py", line 515, in increment
    raise MaxRetryError(_pool, url, reason) from reason  # type: ignore[arg-type]
[2026-09-16T15:45:52.293+0000] {logging_mixin.py:188} WARNING - urllib3.exceptions.MaxRetryError: HTTPSConnectionPool(host='www.googleapis.com', port=443): Max retries exceeded with url: /youtube/v3/videos?part=snippet%2Cstatistics%2CcontentDetails&id=XNtTO_339kU&key=AIzaSyCu0SeP4QtsaF8H6qeF4NcFYaRehf3ot8w (Caused by NameResolutionError("<urllib3.connection.HTTPSConnection object at 0x7bc5c06d7250>: Failed to resolve 'www.googleapis.com' ([Errno -5] No address associated with hostname)"))
[2026-09-16T15:45:52.294+0000] {logging_mixin.py:188} WARNING - 
During handling of the above exception, another exception occurred:
[2026-09-16T15:45:52.295+0000] {logging_mixin.py:188} WARNING - Traceback (most recent call last):
[2026-09-16T15:45:52.295+0000] {logging_mixin.py:188} WARNING -   File "/opt/airflow/src/app.py", line 72, in get_all_videos
    video = clt.get_video_info(id, self.config.videoInfoUrl,
[2026-09-16T15:45:52.296+0000] {logging_mixin.py:188} WARNING -   File "/opt/airflow/src/controller/info.py", line 12, in get_video_info
    response: req.Response = req.get(url, params=params)
[2026-09-16T15:45:52.297+0000] {logging_mixin.py:188} WARNING -   File "/home/airflow/.local/lib/python3.10/site-packages/requests/api.py", line 73, in get
    return request("get", url, params=params, **kwargs)
[2026-09-16T15:45:52.297+0000] {logging_mixin.py:188} WARNING -   File "/home/airflow/.local/lib/python3.10/site-packages/requests/api.py", line 59, in request
    return session.request(method=method, url=url, **kwargs)
[2026-09-16T15:45:52.298+0000] {logging_mixin.py:188} WARNING -   File "/home/airflow/.local/lib/python3.10/site-packages/requests/sessions.py", line 589, in request
    resp = self.send(prep, **send_kwargs)
[2026-09-16T15:45:52.299+0000] {logging_mixin.py:188} WARNING -   File "/home/airflow/.local/lib/python3.10/site-packages/requests/sessions.py", line 703, in send
    r = adapter.send(request, **kwargs)
[2026-09-16T15:45:52.299+0000] {logging_mixin.py:188} WARNING -   File "/home/airflow/.local/lib/python3.10/site-packages/requests/adapters.py", line 519, in send
    raise ConnectionError(e, request=request)
[2026-09-16T15:45:52.300+0000] {logging_mixin.py:188} WARNING - requests.exceptions.ConnectionError: HTTPSConnectionPool(host='www.googleapis.com', port=443): Max retries exceeded with url: /youtube/v3/videos?part=snippet%2Cstatistics%2CcontentDetails&id=XNtTO_339kU&key=AIzaSyCu0SeP4QtsaF8H6qeF4NcFYaRehf3ot8w (Caused by NameResolutionError("<urllib3.connection.HTTPSConnection object at 0x7bc5c06d7250>: Failed to resolve 'www.googleapis.com' ([Errno -5] No address associated with hostname)"))
[2026-09-16T15:45:52.321+0000] {logging_mixin.py:188} WARNING - Traceback (most recent call last):
[2026-09-16T15:45:52.322+0000] {logging_mixin.py:188} WARNING -   File "/home/airflow/.local/lib/python3.10/site-packages/urllib3/connection.py", line 198, in _new_conn
    sock = connection.create_connection(
[2026-09-16T15:45:52.323+0000] {logging_mixin.py:188} WARNING -   File "/home/airflow/.local/lib/python3.10/site-packages/urllib3/util/connection.py", line 60, in create_connection
    for res in socket.getaddrinfo(host, port, family, socket.SOCK_STREAM):
[2026-09-16T15:45:52.324+0000] {logging_mixin.py:188} WARNING -   File "/usr/local/lib/python3.10/socket.py", line 955, in getaddrinfo
    for res in _socket.getaddrinfo(host, port, family, type, proto, flags):
[2026-09-16T15:45:52.325+0000] {logging_mixin.py:188} WARNING - socket.gaierror: [Errno -5] No address associated with hostname
[2026-09-16T15:45:52.326+0000] {logging_mixin.py:188} WARNING - 
The above exception was the direct cause of the following exception:
[2026-09-16T15:45:52.326+0000] {logging_mixin.py:188} WARNING - Traceback (most recent call last):
[2026-09-16T15:45:52.327+0000] {logging_mixin.py:188} WARNING -   File "/home/airflow/.local/lib/python3.10/site-packages/urllib3/connectionpool.py", line 793, in urlopen
    response = self._make_request(
[2026-09-16T15:45:52.327+0000] {logging_mixin.py:188} WARNING -   File "/home/airflow/.local/lib/python3.10/site-packages/urllib3/connectionpool.py", line 491, in _make_request
    raise new_e
[2026-09-16T15:45:52.328+0000] {logging_mixin.py:188} WARNING -   File "/home/airflow/.local/lib/python3.10/site-packages/urllib3/connectionpool.py", line 467, in _make_request
    self._validate_conn(conn)
[2026-09-16T15:45:52.329+0000] {logging_mixin.py:188} WARNING -   File "/home/airflow/.local/lib/python3.10/site-packages/urllib3/connectionpool.py", line 1099, in _validate_conn
    conn.connect()
[2026-09-16T15:45:52.329+0000] {logging_mixin.py:188} WARNING -   File "/home/airflow/.local/lib/python3.10/site-packages/urllib3/connection.py", line 616, in connect
    self.sock = sock = self._new_conn()
[2026-09-16T15:45:52.330+0000] {logging_mixin.py:188} WARNING -   File "/home/airflow/.local/lib/python3.10/site-packages/urllib3/connection.py", line 205, in _new_conn
    raise NameResolutionError(self.host, self, e) from e
[2026-09-16T15:45:52.330+0000] {logging_mixin.py:188} WARNING - urllib3.exceptions.NameResolutionError: <urllib3.connection.HTTPSConnection object at 0x7bc5c06d4a60>: Failed to resolve 'www.googleapis.com' ([Errno -5] No address associated with hostname)
[2026-09-16T15:45:52.331+0000] {logging_mixin.py:188} WARNING - 
The above exception was the direct cause of the following exception:
[2026-09-16T15:45:52.332+0000] {logging_mixin.py:188} WARNING - Traceback (most recent call last):
[2026-09-16T15:45:52.332+0000] {logging_mixin.py:188} WARNING -   File "/home/airflow/.local/lib/python3.10/site-packages/requests/adapters.py", line 486, in send
    resp = conn.urlopen(
[2026-09-16T15:45:52.333+0000] {logging_mixin.py:188} WARNING -   File "/home/airflow/.local/lib/python3.10/site-packages/urllib3/connectionpool.py", line 847, in urlopen
    retries = retries.increment(
[2026-09-16T15:45:52.333+0000] {logging_mixin.py:188} WARNING -   File "/home/airflow/.local/lib/python3.10/site-packages/urllib3/util/retry.py", line 515, in increment
    raise MaxRetryError(_pool, url, reason) from reason  # type: ignore[arg-type]
[2026-09-16T15:45:52.333+0000] {logging_mixin.py:188} WARNING - urllib3.exceptions.MaxRetryError: HTTPSConnectionPool(host='www.googleapis.com', port=443): Max retries exceeded with url: /youtube/v3/videos?part=snippet%2Cstatistics%2CcontentDetails&id=rB9NynBZ4go&key=AIzaSyCu0SeP4QtsaF8H6qeF4NcFYaRehf3ot8w (Caused by NameResolutionError("<urllib3.connection.HTTPSConnection object at 0x7bc5c06d4a60>: Failed to resolve 'www.googleapis.com' ([Errno -5] No address associated with hostname)"))
[2026-09-16T15:45:52.334+0000] {logging_mixin.py:188} WARNING - 
During handling of the above exception, another exception occurred:
[2026-09-16T15:45:52.334+0000] {logging_mixin.py:188} WARNING - Traceback (most recent call last):
[2026-09-16T15:45:52.335+0000] {logging_mixin.py:188} WARNING -   File "/opt/airflow/src/app.py", line 72, in get_all_videos
    video = clt.get_video_info(id, self.config.videoInfoUrl,
[2026-09-16T15:45:52.336+0000] {logging_mixin.py:188} WARNING -   File "/opt/airflow/src/controller/info.py", line 12, in get_video_info
    response: req.Response = req.get(url, params=params)
[2026-09-16T15:45:52.338+0000] {logging_mixin.py:188} WARNING -   File "/home/airflow/.local/lib/python3.10/site-packages/requests/api.py", line 73, in get
    return request("get", url, params=params, **kwargs)
[2026-09-16T15:45:52.338+0000] {logging_mixin.py:188} WARNING -   File "/home/airflow/.local/lib/python3.10/site-packages/requests/api.py", line 59, in request
    return session.request(method=method, url=url, **kwargs)
[2026-09-16T15:45:52.339+0000] {logging_mixin.py:188} WARNING -   File "/home/airflow/.local/lib/python3.10/site-packages/requests/sessions.py", line 589, in request
    resp = self.send(prep, **send_kwargs)
[2026-09-16T15:45:52.340+0000] {logging_mixin.py:188} WARNING -   File "/home/airflow/.local/lib/python3.10/site-packages/requests/sessions.py", line 703, in send
    r = adapter.send(request, **kwargs)
[2026-09-16T15:45:52.341+0000] {logging_mixin.py:188} WARNING -   File "/home/airflow/.local/lib/python3.10/site-packages/requests/adapters.py", line 519, in send
    raise ConnectionError(e, request=request)
[2026-09-16T15:45:52.341+0000] {logging_mixin.py:188} WARNING - requests.exceptions.ConnectionError: HTTPSConnectionPool(host='www.googleapis.com', port=443): Max retries exceeded with url: /youtube/v3/videos?part=snippet%2Cstatistics%2CcontentDetails&id=rB9NynBZ4go&key=AIzaSyCu0SeP4QtsaF8H6qeF4NcFYaRehf3ot8w (Caused by NameResolutionError("<urllib3.connection.HTTPSConnection object at 0x7bc5c06d4a60>: Failed to resolve 'www.googleapis.com' ([Errno -5] No address associated with hostname)"))
[2026-09-16T15:45:52.354+0000] {logging_mixin.py:188} WARNING - Traceback (most recent call last):
[2026-09-16T15:45:52.356+0000] {logging_mixin.py:188} WARNING -   File "/home/airflow/.local/lib/python3.10/site-packages/urllib3/connection.py", line 198, in _new_conn
    sock = connection.create_connection(
[2026-09-16T15:45:52.357+0000] {logging_mixin.py:188} WARNING -   File "/home/airflow/.local/lib/python3.10/site-packages/urllib3/util/connection.py", line 60, in create_connection
    for res in socket.getaddrinfo(host, port, family, socket.SOCK_STREAM):
[2026-09-16T15:45:52.358+0000] {logging_mixin.py:188} WARNING -   File "/usr/local/lib/python3.10/socket.py", line 955, in getaddrinfo
    for res in _socket.getaddrinfo(host, port, family, type, proto, flags):
[2026-09-16T15:45:52.359+0000] {logging_mixin.py:188} WARNING - socket.gaierror: [Errno -5] No address associated with hostname
[2026-09-16T15:45:52.360+0000] {logging_mixin.py:188} WARNING - 
The above exception was the direct cause of the following exception:
[2026-09-16T15:45:52.361+0000] {logging_mixin.py:188} WARNING - Traceback (most recent call last):
[2026-09-16T15:45:52.361+0000] {logging_mixin.py:188} WARNING -   File "/home/airflow/.local/lib/python3.10/site-packages/urllib3/connectionpool.py", line 793, in urlopen
    response = self._make_request(
[2026-09-16T15:45:52.362+0000] {logging_mixin.py:188} WARNING -   File "/home/airflow/.local/lib/python3.10/site-packages/urllib3/connectionpool.py", line 491, in _make_request
    raise new_e
[2026-09-16T15:45:52.363+0000] {logging_mixin.py:188} WARNING -   File "/home/airflow/.local/lib/python3.10/site-packages/urllib3/connectionpool.py", line 467, in _make_request
    self._validate_conn(conn)
[2026-09-16T15:45:52.363+0000] {logging_mixin.py:188} WARNING -   File "/home/airflow/.local/lib/python3.10/site-packages/urllib3/connectionpool.py", line 1099, in _validate_conn
    conn.connect()
[2026-09-16T15:45:52.364+0000] {logging_mixin.py:188} WARNING -   File "/home/airflow/.local/lib/python3.10/site-packages/urllib3/connection.py", line 616, in connect
    self.sock = sock = self._new_conn()
[2026-09-16T15:45:52.365+0000] {logging_mixin.py:188} WARNING -   File "/home/airflow/.local/lib/python3.10/site-packages/urllib3/connection.py", line 205, in _new_conn
    raise NameResolutionError(self.host, self, e) from e
[2026-09-16T15:45:52.368+0000] {logging_mixin.py:188} WARNING - urllib3.exceptions.NameResolutionError: <urllib3.connection.HTTPSConnection object at 0x7bc5c06d7df0>: Failed to resolve 'www.googleapis.com' ([Errno -5] No address associated with hostname)
[2026-09-16T15:45:52.381+0000] {logging_mixin.py:188} WARNING - 
The above exception was the direct cause of the following exception:
[2026-09-16T15:45:52.384+0000] {logging_mixin.py:188} WARNING - Traceback (most recent call last):
[2026-09-16T15:45:52.389+0000] {logging_mixin.py:188} WARNING -   File "/home/airflow/.local/lib/python3.10/site-packages/requests/adapters.py", line 486, in send
    resp = conn.urlopen(
[2026-09-16T15:45:52.390+0000] {logging_mixin.py:188} WARNING -   File "/home/airflow/.local/lib/python3.10/site-packages/urllib3/connectionpool.py", line 847, in urlopen
    retries = retries.increment(
[2026-09-16T15:45:52.392+0000] {logging_mixin.py:188} WARNING -   File "/home/airflow/.local/lib/python3.10/site-packages/urllib3/util/retry.py", line 515, in increment
    raise MaxRetryError(_pool, url, reason) from reason  # type: ignore[arg-type]
[2026-09-16T15:45:52.393+0000] {logging_mixin.py:188} WARNING - urllib3.exceptions.MaxRetryError: HTTPSConnectionPool(host='www.googleapis.com', port=443): Max retries exceeded with url: /youtube/v3/videos?part=snippet%2Cstatistics%2CcontentDetails&id=TDv56whosPQ&key=AIzaSyCu0SeP4QtsaF8H6qeF4NcFYaRehf3ot8w (Caused by NameResolutionError("<urllib3.connection.HTTPSConnection object at 0x7bc5c06d7df0>: Failed to resolve 'www.googleapis.com' ([Errno -5] No address associated with hostname)"))
[2026-09-16T15:45:52.394+0000] {logging_mixin.py:188} WARNING - 
During handling of the above exception, another exception occurred:
[2026-09-16T15:45:52.394+0000] {logging_mixin.py:188} WARNING - Traceback (most recent call last):
[2026-09-16T15:45:52.396+0000] {logging_mixin.py:188} WARNING -   File "/opt/airflow/src/app.py", line 72, in get_all_videos
    video = clt.get_video_info(id, self.config.videoInfoUrl,
[2026-09-16T15:45:52.396+0000] {logging_mixin.py:188} WARNING -   File "/opt/airflow/src/controller/info.py", line 12, in get_video_info
    response: req.Response = req.get(url, params=params)
[2026-09-16T15:45:52.397+0000] {logging_mixin.py:188} WARNING -   File "/home/airflow/.local/lib/python3.10/site-packages/requests/api.py", line 73, in get
    return request("get", url, params=params, **kwargs)
[2026-09-16T15:45:52.398+0000] {logging_mixin.py:188} WARNING -   File "/home/airflow/.local/lib/python3.10/site-packages/requests/api.py", line 59, in request
    return session.request(method=method, url=url, **kwargs)
[2026-09-16T15:45:52.399+0000] {logging_mixin.py:188} WARNING -   File "/home/airflow/.local/lib/python3.10/site-packages/requests/sessions.py", line 589, in request
    resp = self.send(prep, **send_kwargs)
[2026-09-16T15:45:52.399+0000] {logging_mixin.py:188} WARNING -   File "/home/airflow/.local/lib/python3.10/site-packages/requests/sessions.py", line 703, in send
    r = adapter.send(request, **kwargs)
[2026-09-16T15:45:52.401+0000] {logging_mixin.py:188} WARNING -   File "/home/airflow/.local/lib/python3.10/site-packages/requests/adapters.py", line 519, in send
    raise ConnectionError(e, request=request)
[2026-09-16T15:45:52.401+0000] {logging_mixin.py:188} WARNING - requests.exceptions.ConnectionError: HTTPSConnectionPool(host='www.googleapis.com', port=443): Max retries exceeded with url: /youtube/v3/videos?part=snippet%2Cstatistics%2CcontentDetails&id=TDv56whosPQ&key=AIzaSyCu0SeP4QtsaF8H6qeF4NcFYaRehf3ot8w (Caused by NameResolutionError("<urllib3.connection.HTTPSConnection object at 0x7bc5c06d7df0>: Failed to resolve 'www.googleapis.com' ([Errno -5] No address associated with hostname)"))
[2026-09-16T15:45:52.427+0000] {logging_mixin.py:188} WARNING - Traceback (most recent call last):
[2026-09-16T15:45:52.428+0000] {logging_mixin.py:188} WARNING -   File "/home/airflow/.local/lib/python3.10/site-packages/urllib3/connection.py", line 198, in _new_conn
    sock = connection.create_connection(
[2026-09-16T15:45:52.429+0000] {logging_mixin.py:188} WARNING -   File "/home/airflow/.local/lib/python3.10/site-packages/urllib3/util/connection.py", line 60, in create_connection
    for res in socket.getaddrinfo(host, port, family, socket.SOCK_STREAM):
[2026-09-16T15:45:52.430+0000] {logging_mixin.py:188} WARNING -   File "/usr/local/lib/python3.10/socket.py", line 955, in getaddrinfo
    for res in _socket.getaddrinfo(host, port, family, type, proto, flags):
[2026-09-16T15:45:52.431+0000] {logging_mixin.py:188} WARNING - socket.gaierror: [Errno -5] No address associated with hostname
[2026-09-16T15:45:52.431+0000] {logging_mixin.py:188} WARNING - 
The above exception was the direct cause of the following exception:
[2026-09-16T15:45:52.432+0000] {logging_mixin.py:188} WARNING - Traceback (most recent call last):
[2026-09-16T15:45:52.433+0000] {logging_mixin.py:188} WARNING -   File "/home/airflow/.local/lib/python3.10/site-packages/urllib3/connectionpool.py", line 793, in urlopen
    response = self._make_request(
[2026-09-16T15:45:52.433+0000] {logging_mixin.py:188} WARNING -   File "/home/airflow/.local/lib/python3.10/site-packages/urllib3/connectionpool.py", line 491, in _make_request
    raise new_e
[2026-09-16T15:45:52.434+0000] {logging_mixin.py:188} WARNING -   File "/home/airflow/.local/lib/python3.10/site-packages/urllib3/connectionpool.py", line 467, in _make_request
    self._validate_conn(conn)
[2026-09-16T15:45:52.434+0000] {logging_mixin.py:188} WARNING -   File "/home/airflow/.local/lib/python3.10/site-packages/urllib3/connectionpool.py", line 1099, in _validate_conn
    conn.connect()
[2026-09-16T15:45:52.434+0000] {logging_mixin.py:188} WARNING -   File "/home/airflow/.local/lib/python3.10/site-packages/urllib3/connection.py", line 616, in connect
    self.sock = sock = self._new_conn()
[2026-09-16T15:45:52.435+0000] {logging_mixin.py:188} WARNING -   File "/home/airflow/.local/lib/python3.10/site-packages/urllib3/connection.py", line 205, in _new_conn
    raise NameResolutionError(self.host, self, e) from e
[2026-09-16T15:45:52.438+0000] {logging_mixin.py:188} WARNING - urllib3.exceptions.NameResolutionError: <urllib3.connection.HTTPSConnection object at 0x7bc5c05d0d30>: Failed to resolve 'www.googleapis.com' ([Errno -5] No address associated with hostname)
[2026-09-16T15:45:52.438+0000] {logging_mixin.py:188} WARNING - 
The above exception was the direct cause of the following exception:
[2026-09-16T15:45:52.439+0000] {logging_mixin.py:188} WARNING - Traceback (most recent call last):
[2026-09-16T15:45:52.440+0000] {logging_mixin.py:188} WARNING -   File "/home/airflow/.local/lib/python3.10/site-packages/requests/adapters.py", line 486, in send
    resp = conn.urlopen(
[2026-09-16T15:45:52.441+0000] {logging_mixin.py:188} WARNING -   File "/home/airflow/.local/lib/python3.10/site-packages/urllib3/connectionpool.py", line 847, in urlopen
    retries = retries.increment(
[2026-09-16T15:45:52.441+0000] {logging_mixin.py:188} WARNING -   File "/home/airflow/.local/lib/python3.10/site-packages/urllib3/util/retry.py", line 515, in increment
    raise MaxRetryError(_pool, url, reason) from reason  # type: ignore[arg-type]
[2026-09-16T15:45:52.442+0000] {logging_mixin.py:188} WARNING - urllib3.exceptions.MaxRetryError: HTTPSConnectionPool(host='www.googleapis.com', port=443): Max retries exceeded with url: /youtube/v3/videos?part=snippet%2Cstatistics%2CcontentDetails&id=R_BmT1OJw98&key=AIzaSyCu0SeP4QtsaF8H6qeF4NcFYaRehf3ot8w (Caused by NameResolutionError("<urllib3.connection.HTTPSConnection object at 0x7bc5c05d0d30>: Failed to resolve 'www.googleapis.com' ([Errno -5] No address associated with hostname)"))
[2026-09-16T15:45:52.442+0000] {logging_mixin.py:188} WARNING - 
During handling of the above exception, another exception occurred:
[2026-09-16T15:45:52.443+0000] {logging_mixin.py:188} WARNING - Traceback (most recent call last):
[2026-09-16T15:45:52.443+0000] {logging_mixin.py:188} WARNING -   File "/opt/airflow/src/app.py", line 72, in get_all_videos
    video = clt.get_video_info(id, self.config.videoInfoUrl,
[2026-09-16T15:45:52.444+0000] {logging_mixin.py:188} WARNING -   File "/opt/airflow/src/controller/info.py", line 12, in get_video_info
    response: req.Response = req.get(url, params=params)
[2026-09-16T15:45:52.444+0000] {logging_mixin.py:188} WARNING -   File "/home/airflow/.local/lib/python3.10/site-packages/requests/api.py", line 73, in get
    return request("get", url, params=params, **kwargs)
[2026-09-16T15:45:52.445+0000] {logging_mixin.py:188} WARNING -   File "/home/airflow/.local/lib/python3.10/site-packages/requests/api.py", line 59, in request
    return session.request(method=method, url=url, **kwargs)
[2026-09-16T15:45:52.445+0000] {logging_mixin.py:188} WARNING -   File "/home/airflow/.local/lib/python3.10/site-packages/requests/sessions.py", line 589, in request
    resp = self.send(prep, **send_kwargs)
[2026-09-16T15:45:52.446+0000] {logging_mixin.py:188} WARNING -   File "/home/airflow/.local/lib/python3.10/site-packages/requests/sessions.py", line 703, in send
    r = adapter.send(request, **kwargs)
[2026-09-16T15:45:52.446+0000] {logging_mixin.py:188} WARNING -   File "/home/airflow/.local/lib/python3.10/site-packages/requests/adapters.py", line 519, in send
    raise ConnectionError(e, request=request)
[2026-09-16T15:45:52.447+0000] {logging_mixin.py:188} WARNING - requests.exceptions.ConnectionError: HTTPSConnectionPool(host='www.googleapis.com', port=443): Max retries exceeded with url: /youtube/v3/videos?part=snippet%2Cstatistics%2CcontentDetails&id=R_BmT1OJw98&key=AIzaSyCu0SeP4QtsaF8H6qeF4NcFYaRehf3ot8w (Caused by NameResolutionError("<urllib3.connection.HTTPSConnection object at 0x7bc5c05d0d30>: Failed to resolve 'www.googleapis.com' ([Errno -5] No address associated with hostname)"))
[2026-09-16T15:45:52.460+0000] {logging_mixin.py:188} WARNING - Traceback (most recent call last):
[2026-09-16T15:45:52.461+0000] {logging_mixin.py:188} WARNING -   File "/home/airflow/.local/lib/python3.10/site-packages/urllib3/connection.py", line 198, in _new_conn
    sock = connection.create_connection(
[2026-09-16T15:45:52.462+0000] {logging_mixin.py:188} WARNING -   File "/home/airflow/.local/lib/python3.10/site-packages/urllib3/util/connection.py", line 60, in create_connection
    for res in socket.getaddrinfo(host, port, family, socket.SOCK_STREAM):
[2026-09-16T15:45:52.462+0000] {logging_mixin.py:188} WARNING -   File "/usr/local/lib/python3.10/socket.py", line 955, in getaddrinfo
    for res in _socket.getaddrinfo(host, port, family, type, proto, flags):
[2026-09-16T15:45:52.463+0000] {logging_mixin.py:188} WARNING - socket.gaierror: [Errno -5] No address associated with hostname
[2026-09-16T15:45:52.463+0000] {logging_mixin.py:188} WARNING - 
The above exception was the direct cause of the following exception:
[2026-09-16T15:45:52.464+0000] {logging_mixin.py:188} WARNING - Traceback (most recent call last):
[2026-09-16T15:45:52.465+0000] {logging_mixin.py:188} WARNING -   File "/home/airflow/.local/lib/python3.10/site-packages/urllib3/connectionpool.py", line 793, in urlopen
    response = self._make_request(
[2026-09-16T15:45:52.465+0000] {logging_mixin.py:188} WARNING -   File "/home/airflow/.local/lib/python3.10/site-packages/urllib3/connectionpool.py", line 491, in _make_request
    raise new_e
[2026-09-16T15:45:52.466+0000] {logging_mixin.py:188} WARNING -   File "/home/airflow/.local/lib/python3.10/site-packages/urllib3/connectionpool.py", line 467, in _make_request
    self._validate_conn(conn)
[2026-09-16T15:45:52.467+0000] {logging_mixin.py:188} WARNING -   File "/home/airflow/.local/lib/python3.10/site-packages/urllib3/connectionpool.py", line 1099, in _validate_conn
    conn.connect()
[2026-09-16T15:45:52.467+0000] {logging_mixin.py:188} WARNING -   File "/home/airflow/.local/lib/python3.10/site-packages/urllib3/connection.py", line 616, in connect
    self.sock = sock = self._new_conn()
[2026-09-16T15:45:52.468+0000] {logging_mixin.py:188} WARNING -   File "/home/airflow/.local/lib/python3.10/site-packages/urllib3/connection.py", line 205, in _new_conn
    raise NameResolutionError(self.host, self, e) from e
[2026-09-16T15:45:52.468+0000] {logging_mixin.py:188} WARNING - urllib3.exceptions.NameResolutionError: <urllib3.connection.HTTPSConnection object at 0x7bc5c06d5390>: Failed to resolve 'www.googleapis.com' ([Errno -5] No address associated with hostname)
[2026-09-16T15:45:52.470+0000] {logging_mixin.py:188} WARNING - 
The above exception was the direct cause of the following exception:
[2026-09-16T15:45:52.471+0000] {logging_mixin.py:188} WARNING - Traceback (most recent call last):
[2026-09-16T15:45:52.472+0000] {logging_mixin.py:188} WARNING -   File "/home/airflow/.local/lib/python3.10/site-packages/requests/adapters.py", line 486, in send
    resp = conn.urlopen(
[2026-09-16T15:45:52.472+0000] {logging_mixin.py:188} WARNING -   File "/home/airflow/.local/lib/python3.10/site-packages/urllib3/connectionpool.py", line 847, in urlopen
    retries = retries.increment(
[2026-09-16T15:45:52.473+0000] {logging_mixin.py:188} WARNING -   File "/home/airflow/.local/lib/python3.10/site-packages/urllib3/util/retry.py", line 515, in increment
    raise MaxRetryError(_pool, url, reason) from reason  # type: ignore[arg-type]
[2026-09-16T15:45:52.474+0000] {logging_mixin.py:188} WARNING - urllib3.exceptions.MaxRetryError: HTTPSConnectionPool(host='www.googleapis.com', port=443): Max retries exceeded with url: /youtube/v3/videos?part=snippet%2Cstatistics%2CcontentDetails&id=vpRW4JhzfSE&key=AIzaSyCu0SeP4QtsaF8H6qeF4NcFYaRehf3ot8w (Caused by NameResolutionError("<urllib3.connection.HTTPSConnection object at 0x7bc5c06d5390>: Failed to resolve 'www.googleapis.com' ([Errno -5] No address associated with hostname)"))
[2026-09-16T15:45:52.474+0000] {logging_mixin.py:188} WARNING - 
During handling of the above exception, another exception occurred:
[2026-09-16T15:45:52.475+0000] {logging_mixin.py:188} WARNING - Traceback (most recent call last):
[2026-09-16T15:45:52.476+0000] {logging_mixin.py:188} WARNING -   File "/opt/airflow/src/app.py", line 72, in get_all_videos
    video = clt.get_video_info(id, self.config.videoInfoUrl,
[2026-09-16T15:45:52.476+0000] {logging_mixin.py:188} WARNING -   File "/opt/airflow/src/controller/info.py", line 12, in get_video_info
    response: req.Response = req.get(url, params=params)
[2026-09-16T15:45:52.477+0000] {logging_mixin.py:188} WARNING -   File "/home/airflow/.local/lib/python3.10/site-packages/requests/api.py", line 73, in get
    return request("get", url, params=params, **kwargs)
[2026-09-16T15:45:52.477+0000] {logging_mixin.py:188} WARNING -   File "/home/airflow/.local/lib/python3.10/site-packages/requests/api.py", line 59, in request
    return session.request(method=method, url=url, **kwargs)
[2026-09-16T15:45:52.477+0000] {logging_mixin.py:188} WARNING -   File "/home/airflow/.local/lib/python3.10/site-packages/requests/sessions.py", line 589, in request
    resp = self.send(prep, **send_kwargs)
[2026-09-16T15:45:52.478+0000] {logging_mixin.py:188} WARNING -   File "/home/airflow/.local/lib/python3.10/site-packages/requests/sessions.py", line 703, in send
    r = adapter.send(request, **kwargs)
[2026-09-16T15:45:52.478+0000] {logging_mixin.py:188} WARNING -   File "/home/airflow/.local/lib/python3.10/site-packages/requests/adapters.py", line 519, in send
    raise ConnectionError(e, request=request)
[2026-09-16T15:45:52.479+0000] {logging_mixin.py:188} WARNING - requests.exceptions.ConnectionError: HTTPSConnectionPool(host='www.googleapis.com', port=443): Max retries exceeded with url: /youtube/v3/videos?part=snippet%2Cstatistics%2CcontentDetails&id=vpRW4JhzfSE&key=AIzaSyCu0SeP4QtsaF8H6qeF4NcFYaRehf3ot8w (Caused by NameResolutionError("<urllib3.connection.HTTPSConnection object at 0x7bc5c06d5390>: Failed to resolve 'www.googleapis.com' ([Errno -5] No address associated with hostname)"))
[2026-09-16T15:45:52.491+0000] {logging_mixin.py:188} WARNING - Traceback (most recent call last):
[2026-09-16T15:45:52.491+0000] {logging_mixin.py:188} WARNING -   File "/home/airflow/.local/lib/python3.10/site-packages/urllib3/connection.py", line 198, in _new_conn
    sock = connection.create_connection(
[2026-09-16T15:45:52.492+0000] {logging_mixin.py:188} WARNING -   File "/home/airflow/.local/lib/python3.10/site-packages/urllib3/util/connection.py", line 60, in create_connection
    for res in socket.getaddrinfo(host, port, family, socket.SOCK_STREAM):
[2026-09-16T15:45:52.493+0000] {logging_mixin.py:188} WARNING -   File "/usr/local/lib/python3.10/socket.py", line 955, in getaddrinfo
    for res in _socket.getaddrinfo(host, port, family, type, proto, flags):
[2026-09-16T15:45:52.493+0000] {logging_mixin.py:188} WARNING - socket.gaierror: [Errno -5] No address associated with hostname
[2026-09-16T15:45:52.494+0000] {logging_mixin.py:188} WARNING - 
The above exception was the direct cause of the following exception:
[2026-09-16T15:45:52.494+0000] {logging_mixin.py:188} WARNING - Traceback (most recent call last):
[2026-09-16T15:45:52.495+0000] {logging_mixin.py:188} WARNING -   File "/home/airflow/.local/lib/python3.10/site-packages/urllib3/connectionpool.py", line 793, in urlopen
    response = self._make_request(
[2026-09-16T15:45:52.495+0000] {logging_mixin.py:188} WARNING -   File "/home/airflow/.local/lib/python3.10/site-packages/urllib3/connectionpool.py", line 491, in _make_request
    raise new_e
[2026-09-16T15:45:52.496+0000] {logging_mixin.py:188} WARNING -   File "/home/airflow/.local/lib/python3.10/site-packages/urllib3/connectionpool.py", line 467, in _make_request
    self._validate_conn(conn)
[2026-09-16T15:45:52.496+0000] {logging_mixin.py:188} WARNING -   File "/home/airflow/.local/lib/python3.10/site-packages/urllib3/connectionpool.py", line 1099, in _validate_conn
    conn.connect()
[2026-09-16T15:45:52.497+0000] {logging_mixin.py:188} WARNING -   File "/home/airflow/.local/lib/python3.10/site-packages/urllib3/connection.py", line 616, in connect
    self.sock = sock = self._new_conn()
[2026-09-16T15:45:52.497+0000] {logging_mixin.py:188} WARNING -   File "/home/airflow/.local/lib/python3.10/site-packages/urllib3/connection.py", line 205, in _new_conn
    raise NameResolutionError(self.host, self, e) from e
[2026-09-16T15:45:52.498+0000] {logging_mixin.py:188} WARNING - urllib3.exceptions.NameResolutionError: <urllib3.connection.HTTPSConnection object at 0x7bc5c06d4c70>: Failed to resolve 'www.googleapis.com' ([Errno -5] No address associated with hostname)
[2026-09-16T15:45:52.498+0000] {logging_mixin.py:188} WARNING - 
The above exception was the direct cause of the following exception:
[2026-09-16T15:45:52.499+0000] {logging_mixin.py:188} WARNING - Traceback (most recent call last):
[2026-09-16T15:45:52.499+0000] {logging_mixin.py:188} WARNING -   File "/home/airflow/.local/lib/python3.10/site-packages/requests/adapters.py", line 486, in send
    resp = conn.urlopen(
[2026-09-16T15:45:52.499+0000] {logging_mixin.py:188} WARNING -   File "/home/airflow/.local/lib/python3.10/site-packages/urllib3/connectionpool.py", line 847, in urlopen
    retries = retries.increment(
[2026-09-16T15:45:52.500+0000] {logging_mixin.py:188} WARNING -   File "/home/airflow/.local/lib/python3.10/site-packages/urllib3/util/retry.py", line 515, in increment
    raise MaxRetryError(_pool, url, reason) from reason  # type: ignore[arg-type]
[2026-09-16T15:45:52.500+0000] {logging_mixin.py:188} WARNING - urllib3.exceptions.MaxRetryError: HTTPSConnectionPool(host='www.googleapis.com', port=443): Max retries exceeded with url: /youtube/v3/videos?part=snippet%2Cstatistics%2CcontentDetails&id=qXW93Cois2s&key=AIzaSyCu0SeP4QtsaF8H6qeF4NcFYaRehf3ot8w (Caused by NameResolutionError("<urllib3.connection.HTTPSConnection object at 0x7bc5c06d4c70>: Failed to resolve 'www.googleapis.com' ([Errno -5] No address associated with hostname)"))
[2026-09-16T15:45:52.501+0000] {logging_mixin.py:188} WARNING - 
During handling of the above exception, another exception occurred:
[2026-09-16T15:45:52.501+0000] {logging_mixin.py:188} WARNING - Traceback (most recent call last):
[2026-09-16T15:45:52.502+0000] {logging_mixin.py:188} WARNING -   File "/opt/airflow/src/app.py", line 72, in get_all_videos
    video = clt.get_video_info(id, self.config.videoInfoUrl,
[2026-09-16T15:45:52.505+0000] {logging_mixin.py:188} WARNING -   File "/opt/airflow/src/controller/info.py", line 12, in get_video_info
    response: req.Response = req.get(url, params=params)
[2026-09-16T15:45:52.506+0000] {logging_mixin.py:188} WARNING -   File "/home/airflow/.local/lib/python3.10/site-packages/requests/api.py", line 73, in get
    return request("get", url, params=params, **kwargs)
[2026-09-16T15:45:52.507+0000] {logging_mixin.py:188} WARNING -   File "/home/airflow/.local/lib/python3.10/site-packages/requests/api.py", line 59, in request
    return session.request(method=method, url=url, **kwargs)
[2026-09-16T15:45:52.508+0000] {logging_mixin.py:188} WARNING -   File "/home/airflow/.local/lib/python3.10/site-packages/requests/sessions.py", line 589, in request
    resp = self.send(prep, **send_kwargs)
[2026-09-16T15:45:52.509+0000] {logging_mixin.py:188} WARNING -   File "/home/airflow/.local/lib/python3.10/site-packages/requests/sessions.py", line 703, in send
    r = adapter.send(request, **kwargs)
[2026-09-16T15:45:52.511+0000] {logging_mixin.py:188} WARNING -   File "/home/airflow/.local/lib/python3.10/site-packages/requests/adapters.py", line 519, in send
    raise ConnectionError(e, request=request)
[2026-09-16T15:45:52.511+0000] {logging_mixin.py:188} WARNING - requests.exceptions.ConnectionError: HTTPSConnectionPool(host='www.googleapis.com', port=443): Max retries exceeded with url: /youtube/v3/videos?part=snippet%2Cstatistics%2CcontentDetails&id=qXW93Cois2s&key=AIzaSyCu0SeP4QtsaF8H6qeF4NcFYaRehf3ot8w (Caused by NameResolutionError("<urllib3.connection.HTTPSConnection object at 0x7bc5c06d4c70>: Failed to resolve 'www.googleapis.com' ([Errno -5] No address associated with hostname)"))
[2026-09-16T15:45:52.531+0000] {logging_mixin.py:188} WARNING - Traceback (most recent call last):
[2026-09-16T15:45:52.532+0000] {logging_mixin.py:188} WARNING -   File "/home/airflow/.local/lib/python3.10/site-packages/urllib3/connection.py", line 198, in _new_conn
    sock = connection.create_connection(
[2026-09-16T15:45:52.532+0000] {logging_mixin.py:188} WARNING -   File "/home/airflow/.local/lib/python3.10/site-packages/urllib3/util/connection.py", line 60, in create_connection
    for res in socket.getaddrinfo(host, port, family, socket.SOCK_STREAM):
[2026-09-16T15:45:52.533+0000] {logging_mixin.py:188} WARNING -   File "/usr/local/lib/python3.10/socket.py", line 955, in getaddrinfo
    for res in _socket.getaddrinfo(host, port, family, type, proto, flags):
[2026-09-16T15:45:52.533+0000] {logging_mixin.py:188} WARNING - socket.gaierror: [Errno -5] No address associated with hostname
[2026-09-16T15:45:52.534+0000] {logging_mixin.py:188} WARNING - 
The above exception was the direct cause of the following exception:
[2026-09-16T15:45:52.535+0000] {logging_mixin.py:188} WARNING - Traceback (most recent call last):
[2026-09-16T15:45:52.536+0000] {logging_mixin.py:188} WARNING -   File "/home/airflow/.local/lib/python3.10/site-packages/urllib3/connectionpool.py", line 793, in urlopen
    response = self._make_request(
[2026-09-16T15:45:52.538+0000] {logging_mixin.py:188} WARNING -   File "/home/airflow/.local/lib/python3.10/site-packages/urllib3/connectionpool.py", line 491, in _make_request
    raise new_e
[2026-09-16T15:45:52.539+0000] {logging_mixin.py:188} WARNING -   File "/home/airflow/.local/lib/python3.10/site-packages/urllib3/connectionpool.py", line 467, in _make_request
    self._validate_conn(conn)
[2026-09-16T15:45:52.540+0000] {logging_mixin.py:188} WARNING -   File "/home/airflow/.local/lib/python3.10/site-packages/urllib3/connectionpool.py", line 1099, in _validate_conn
    conn.connect()
[2026-09-16T15:45:52.541+0000] {logging_mixin.py:188} WARNING -   File "/home/airflow/.local/lib/python3.10/site-packages/urllib3/connection.py", line 616, in connect
    self.sock = sock = self._new_conn()
[2026-09-16T15:45:52.541+0000] {logging_mixin.py:188} WARNING -   File "/home/airflow/.local/lib/python3.10/site-packages/urllib3/connection.py", line 205, in _new_conn
    raise NameResolutionError(self.host, self, e) from e
[2026-09-16T15:45:52.542+0000] {logging_mixin.py:188} WARNING - urllib3.exceptions.NameResolutionError: <urllib3.connection.HTTPSConnection object at 0x7bc5c06d5060>: Failed to resolve 'www.googleapis.com' ([Errno -5] No address associated with hostname)
[2026-09-16T15:45:52.542+0000] {logging_mixin.py:188} WARNING - 
The above exception was the direct cause of the following exception:
[2026-09-16T15:45:52.543+0000] {logging_mixin.py:188} WARNING - Traceback (most recent call last):
[2026-09-16T15:45:52.543+0000] {logging_mixin.py:188} WARNING -   File "/home/airflow/.local/lib/python3.10/site-packages/requests/adapters.py", line 486, in send
    resp = conn.urlopen(
[2026-09-16T15:45:52.544+0000] {logging_mixin.py:188} WARNING -   File "/home/airflow/.local/lib/python3.10/site-packages/urllib3/connectionpool.py", line 847, in urlopen
    retries = retries.increment(
[2026-09-16T15:45:52.544+0000] {logging_mixin.py:188} WARNING -   File "/home/airflow/.local/lib/python3.10/site-packages/urllib3/util/retry.py", line 515, in increment
    raise MaxRetryError(_pool, url, reason) from reason  # type: ignore[arg-type]
[2026-09-16T15:45:52.544+0000] {logging_mixin.py:188} WARNING - urllib3.exceptions.MaxRetryError: HTTPSConnectionPool(host='www.googleapis.com', port=443): Max retries exceeded with url: /youtube/v3/videos?part=snippet%2Cstatistics%2CcontentDetails&id=r7f0L48dHpc&key=AIzaSyCu0SeP4QtsaF8H6qeF4NcFYaRehf3ot8w (Caused by NameResolutionError("<urllib3.connection.HTTPSConnection object at 0x7bc5c06d5060>: Failed to resolve 'www.googleapis.com' ([Errno -5] No address associated with hostname)"))
[2026-09-16T15:45:52.545+0000] {logging_mixin.py:188} WARNING - 
During handling of the above exception, another exception occurred:
[2026-09-16T15:45:52.545+0000] {logging_mixin.py:188} WARNING - Traceback (most recent call last):
[2026-09-16T15:45:52.546+0000] {logging_mixin.py:188} WARNING -   File "/opt/airflow/src/app.py", line 72, in get_all_videos
    video = clt.get_video_info(id, self.config.videoInfoUrl,
[2026-09-16T15:45:52.546+0000] {logging_mixin.py:188} WARNING -   File "/opt/airflow/src/controller/info.py", line 12, in get_video_info
    response: req.Response = req.get(url, params=params)
[2026-09-16T15:45:52.547+0000] {logging_mixin.py:188} WARNING -   File "/home/airflow/.local/lib/python3.10/site-packages/requests/api.py", line 73, in get
    return request("get", url, params=params, **kwargs)
[2026-09-16T15:45:52.547+0000] {logging_mixin.py:188} WARNING -   File "/home/airflow/.local/lib/python3.10/site-packages/requests/api.py", line 59, in request
    return session.request(method=method, url=url, **kwargs)
[2026-09-16T15:45:52.548+0000] {logging_mixin.py:188} WARNING -   File "/home/airflow/.local/lib/python3.10/site-packages/requests/sessions.py", line 589, in request
    resp = self.send(prep, **send_kwargs)
[2026-09-16T15:45:52.548+0000] {logging_mixin.py:188} WARNING -   File "/home/airflow/.local/lib/python3.10/site-packages/requests/sessions.py", line 703, in send
    r = adapter.send(request, **kwargs)
[2026-09-16T15:45:52.549+0000] {logging_mixin.py:188} WARNING -   File "/home/airflow/.local/lib/python3.10/site-packages/requests/adapters.py", line 519, in send
    raise ConnectionError(e, request=request)
[2026-09-16T15:45:52.549+0000] {logging_mixin.py:188} WARNING - requests.exceptions.ConnectionError: HTTPSConnectionPool(host='www.googleapis.com', port=443): Max retries exceeded with url: /youtube/v3/videos?part=snippet%2Cstatistics%2CcontentDetails&id=r7f0L48dHpc&key=AIzaSyCu0SeP4QtsaF8H6qeF4NcFYaRehf3ot8w (Caused by NameResolutionError("<urllib3.connection.HTTPSConnection object at 0x7bc5c06d5060>: Failed to resolve 'www.googleapis.com' ([Errno -5] No address associated with hostname)"))
[2026-09-16T15:45:52.561+0000] {logging_mixin.py:188} WARNING - Traceback (most recent call last):
[2026-09-16T15:45:52.562+0000] {logging_mixin.py:188} WARNING -   File "/home/airflow/.local/lib/python3.10/site-packages/urllib3/connection.py", line 198, in _new_conn
    sock = connection.create_connection(
[2026-09-16T15:45:52.563+0000] {logging_mixin.py:188} WARNING -   File "/home/airflow/.local/lib/python3.10/site-packages/urllib3/util/connection.py", line 60, in create_connection
    for res in socket.getaddrinfo(host, port, family, socket.SOCK_STREAM):
[2026-09-16T15:45:52.563+0000] {logging_mixin.py:188} WARNING -   File "/usr/local/lib/python3.10/socket.py", line 955, in getaddrinfo
    for res in _socket.getaddrinfo(host, port, family, type, proto, flags):
[2026-09-16T15:45:52.563+0000] {logging_mixin.py:188} WARNING - socket.gaierror: [Errno -5] No address associated with hostname
[2026-09-16T15:45:52.564+0000] {logging_mixin.py:188} WARNING - 
The above exception was the direct cause of the following exception:
[2026-09-16T15:45:52.564+0000] {logging_mixin.py:188} WARNING - Traceback (most recent call last):
[2026-09-16T15:45:52.565+0000] {logging_mixin.py:188} WARNING -   File "/home/airflow/.local/lib/python3.10/site-packages/urllib3/connectionpool.py", line 793, in urlopen
    response = self._make_request(
[2026-09-16T15:45:52.565+0000] {logging_mixin.py:188} WARNING -   File "/home/airflow/.local/lib/python3.10/site-packages/urllib3/connectionpool.py", line 491, in _make_request
    raise new_e
[2026-09-16T15:45:52.566+0000] {logging_mixin.py:188} WARNING -   File "/home/airflow/.local/lib/python3.10/site-packages/urllib3/connectionpool.py", line 467, in _make_request
    self._validate_conn(conn)
[2026-09-16T15:45:52.566+0000] {logging_mixin.py:188} WARNING -   File "/home/airflow/.local/lib/python3.10/site-packages/urllib3/connectionpool.py", line 1099, in _validate_conn
    conn.connect()
[2026-09-16T15:45:52.567+0000] {logging_mixin.py:188} WARNING -   File "/home/airflow/.local/lib/python3.10/site-packages/urllib3/connection.py", line 616, in connect
    self.sock = sock = self._new_conn()
[2026-09-16T15:45:52.567+0000] {logging_mixin.py:188} WARNING -   File "/home/airflow/.local/lib/python3.10/site-packages/urllib3/connection.py", line 205, in _new_conn
    raise NameResolutionError(self.host, self, e) from e
[2026-09-16T15:45:52.567+0000] {logging_mixin.py:188} WARNING - urllib3.exceptions.NameResolutionError: <urllib3.connection.HTTPSConnection object at 0x7bc5c06d5990>: Failed to resolve 'www.googleapis.com' ([Errno -5] No address associated with hostname)
[2026-09-16T15:45:52.568+0000] {logging_mixin.py:188} WARNING - 
The above exception was the direct cause of the following exception:
[2026-09-16T15:45:52.570+0000] {logging_mixin.py:188} WARNING - Traceback (most recent call last):
[2026-09-16T15:45:52.571+0000] {logging_mixin.py:188} WARNING -   File "/home/airflow/.local/lib/python3.10/site-packages/requests/adapters.py", line 486, in send
    resp = conn.urlopen(
[2026-09-16T15:45:52.572+0000] {logging_mixin.py:188} WARNING -   File "/home/airflow/.local/lib/python3.10/site-packages/urllib3/connectionpool.py", line 847, in urlopen
    retries = retries.increment(
[2026-09-16T15:45:52.572+0000] {logging_mixin.py:188} WARNING -   File "/home/airflow/.local/lib/python3.10/site-packages/urllib3/util/retry.py", line 515, in increment
    raise MaxRetryError(_pool, url, reason) from reason  # type: ignore[arg-type]
[2026-09-16T15:45:52.573+0000] {logging_mixin.py:188} WARNING - urllib3.exceptions.MaxRetryError: HTTPSConnectionPool(host='www.googleapis.com', port=443): Max retries exceeded with url: /youtube/v3/videos?part=snippet%2Cstatistics%2CcontentDetails&id=Z4hVGCWH1Kc&key=AIzaSyCu0SeP4QtsaF8H6qeF4NcFYaRehf3ot8w (Caused by NameResolutionError("<urllib3.connection.HTTPSConnection object at 0x7bc5c06d5990>: Failed to resolve 'www.googleapis.com' ([Errno -5] No address associated with hostname)"))
[2026-09-16T15:45:52.574+0000] {logging_mixin.py:188} WARNING - 
During handling of the above exception, another exception occurred:
[2026-09-16T15:45:52.575+0000] {logging_mixin.py:188} WARNING - Traceback (most recent call last):
[2026-09-16T15:45:52.575+0000] {logging_mixin.py:188} WARNING -   File "/opt/airflow/src/app.py", line 72, in get_all_videos
    video = clt.get_video_info(id, self.config.videoInfoUrl,
[2026-09-16T15:45:52.576+0000] {logging_mixin.py:188} WARNING -   File "/opt/airflow/src/controller/info.py", line 12, in get_video_info
    response: req.Response = req.get(url, params=params)
[2026-09-16T15:45:52.577+0000] {logging_mixin.py:188} WARNING -   File "/home/airflow/.local/lib/python3.10/site-packages/requests/api.py", line 73, in get
    return request("get", url, params=params, **kwargs)
[2026-09-16T15:45:52.578+0000] {logging_mixin.py:188} WARNING -   File "/home/airflow/.local/lib/python3.10/site-packages/requests/api.py", line 59, in request
    return session.request(method=method, url=url, **kwargs)
[2026-09-16T15:45:52.579+0000] {logging_mixin.py:188} WARNING -   File "/home/airflow/.local/lib/python3.10/site-packages/requests/sessions.py", line 589, in request
    resp = self.send(prep, **send_kwargs)
[2026-09-16T15:45:52.580+0000] {logging_mixin.py:188} WARNING -   File "/home/airflow/.local/lib/python3.10/site-packages/requests/sessions.py", line 703, in send
    r = adapter.send(request, **kwargs)
[2026-09-16T15:45:52.580+0000] {logging_mixin.py:188} WARNING -   File "/home/airflow/.local/lib/python3.10/site-packages/requests/adapters.py", line 519, in send
    raise ConnectionError(e, request=request)
[2026-09-16T15:45:52.580+0000] {logging_mixin.py:188} WARNING - requests.exceptions.ConnectionError: HTTPSConnectionPool(host='www.googleapis.com', port=443): Max retries exceeded with url: /youtube/v3/videos?part=snippet%2Cstatistics%2CcontentDetails&id=Z4hVGCWH1Kc&key=AIzaSyCu0SeP4QtsaF8H6qeF4NcFYaRehf3ot8w (Caused by NameResolutionError("<urllib3.connection.HTTPSConnection object at 0x7bc5c06d5990>: Failed to resolve 'www.googleapis.com' ([Errno -5] No address associated with hostname)"))
[2026-09-16T15:45:52.593+0000] {logging_mixin.py:188} WARNING - Traceback (most recent call last):
[2026-09-16T15:45:52.594+0000] {logging_mixin.py:188} WARNING -   File "/home/airflow/.local/lib/python3.10/site-packages/urllib3/connection.py", line 198, in _new_conn
    sock = connection.create_connection(
[2026-09-16T15:45:52.595+0000] {logging_mixin.py:188} WARNING -   File "/home/airflow/.local/lib/python3.10/site-packages/urllib3/util/connection.py", line 60, in create_connection
    for res in socket.getaddrinfo(host, port, family, socket.SOCK_STREAM):
[2026-09-16T15:45:52.596+0000] {logging_mixin.py:188} WARNING -   File "/usr/local/lib/python3.10/socket.py", line 955, in getaddrinfo
    for res in _socket.getaddrinfo(host, port, family, type, proto, flags):
[2026-09-16T15:45:52.597+0000] {logging_mixin.py:188} WARNING - socket.gaierror: [Errno -5] No address associated with hostname
[2026-09-16T15:45:52.597+0000] {logging_mixin.py:188} WARNING - 
The above exception was the direct cause of the following exception:
[2026-09-16T15:45:52.598+0000] {logging_mixin.py:188} WARNING - Traceback (most recent call last):
[2026-09-16T15:45:52.598+0000] {logging_mixin.py:188} WARNING -   File "/home/airflow/.local/lib/python3.10/site-packages/urllib3/connectionpool.py", line 793, in urlopen
    response = self._make_request(
[2026-09-16T15:45:52.599+0000] {logging_mixin.py:188} WARNING -   File "/home/airflow/.local/lib/python3.10/site-packages/urllib3/connectionpool.py", line 491, in _make_request
    raise new_e
[2026-09-16T15:45:52.599+0000] {logging_mixin.py:188} WARNING -   File "/home/airflow/.local/lib/python3.10/site-packages/urllib3/connectionpool.py", line 467, in _make_request
    self._validate_conn(conn)
[2026-09-16T15:45:52.600+0000] {logging_mixin.py:188} WARNING -   File "/home/airflow/.local/lib/python3.10/site-packages/urllib3/connectionpool.py", line 1099, in _validate_conn
    conn.connect()
[2026-09-16T15:45:52.601+0000] {logging_mixin.py:188} WARNING -   File "/home/airflow/.local/lib/python3.10/site-packages/urllib3/connection.py", line 616, in connect
    self.sock = sock = self._new_conn()
[2026-09-16T15:45:52.601+0000] {logging_mixin.py:188} WARNING -   File "/home/airflow/.local/lib/python3.10/site-packages/urllib3/connection.py", line 205, in _new_conn
    raise NameResolutionError(self.host, self, e) from e
[2026-09-16T15:45:52.602+0000] {logging_mixin.py:188} WARNING - urllib3.exceptions.NameResolutionError: <urllib3.connection.HTTPSConnection object at 0x7bc5c0667f40>: Failed to resolve 'www.googleapis.com' ([Errno -5] No address associated with hostname)
[2026-09-16T15:45:52.602+0000] {logging_mixin.py:188} WARNING - 
The above exception was the direct cause of the following exception:
[2026-09-16T15:45:52.605+0000] {logging_mixin.py:188} WARNING - Traceback (most recent call last):
[2026-09-16T15:45:52.609+0000] {logging_mixin.py:188} WARNING -   File "/home/airflow/.local/lib/python3.10/site-packages/requests/adapters.py", line 486, in send
    resp = conn.urlopen(
[2026-09-16T15:45:52.610+0000] {logging_mixin.py:188} WARNING -   File "/home/airflow/.local/lib/python3.10/site-packages/urllib3/connectionpool.py", line 847, in urlopen
    retries = retries.increment(
[2026-09-16T15:45:52.611+0000] {logging_mixin.py:188} WARNING -   File "/home/airflow/.local/lib/python3.10/site-packages/urllib3/util/retry.py", line 515, in increment
    raise MaxRetryError(_pool, url, reason) from reason  # type: ignore[arg-type]
[2026-09-16T15:45:52.612+0000] {logging_mixin.py:188} WARNING - urllib3.exceptions.MaxRetryError: HTTPSConnectionPool(host='www.googleapis.com', port=443): Max retries exceeded with url: /youtube/v3/videos?part=snippet%2Cstatistics%2CcontentDetails&id=zxuICI0kL3s&key=AIzaSyCu0SeP4QtsaF8H6qeF4NcFYaRehf3ot8w (Caused by NameResolutionError("<urllib3.connection.HTTPSConnection object at 0x7bc5c0667f40>: Failed to resolve 'www.googleapis.com' ([Errno -5] No address associated with hostname)"))
[2026-09-16T15:45:52.613+0000] {logging_mixin.py:188} WARNING - 
During handling of the above exception, another exception occurred:
[2026-09-16T15:45:52.614+0000] {logging_mixin.py:188} WARNING - Traceback (most recent call last):
[2026-09-16T15:45:52.614+0000] {logging_mixin.py:188} WARNING -   File "/opt/airflow/src/app.py", line 72, in get_all_videos
    video = clt.get_video_info(id, self.config.videoInfoUrl,
[2026-09-16T15:45:52.615+0000] {logging_mixin.py:188} WARNING -   File "/opt/airflow/src/controller/info.py", line 12, in get_video_info
    response: req.Response = req.get(url, params=params)
[2026-09-16T15:45:52.616+0000] {logging_mixin.py:188} WARNING -   File "/home/airflow/.local/lib/python3.10/site-packages/requests/api.py", line 73, in get
    return request("get", url, params=params, **kwargs)
[2026-09-16T15:45:52.617+0000] {logging_mixin.py:188} WARNING -   File "/home/airflow/.local/lib/python3.10/site-packages/requests/api.py", line 59, in request
    return session.request(method=method, url=url, **kwargs)
[2026-09-16T15:45:52.617+0000] {logging_mixin.py:188} WARNING -   File "/home/airflow/.local/lib/python3.10/site-packages/requests/sessions.py", line 589, in request
    resp = self.send(prep, **send_kwargs)
[2026-09-16T15:45:52.618+0000] {logging_mixin.py:188} WARNING -   File "/home/airflow/.local/lib/python3.10/site-packages/requests/sessions.py", line 703, in send
    r = adapter.send(request, **kwargs)
[2026-09-16T15:45:52.619+0000] {logging_mixin.py:188} WARNING -   File "/home/airflow/.local/lib/python3.10/site-packages/requests/adapters.py", line 519, in send
    raise ConnectionError(e, request=request)
[2026-09-16T15:45:52.621+0000] {logging_mixin.py:188} WARNING - requests.exceptions.ConnectionError: HTTPSConnectionPool(host='www.googleapis.com', port=443): Max retries exceeded with url: /youtube/v3/videos?part=snippet%2Cstatistics%2CcontentDetails&id=zxuICI0kL3s&key=AIzaSyCu0SeP4QtsaF8H6qeF4NcFYaRehf3ot8w (Caused by NameResolutionError("<urllib3.connection.HTTPSConnection object at 0x7bc5c0667f40>: Failed to resolve 'www.googleapis.com' ([Errno -5] No address associated with hostname)"))
[2026-09-16T15:45:52.632+0000] {logging_mixin.py:188} WARNING - Traceback (most recent call last):
[2026-09-16T15:45:52.633+0000] {logging_mixin.py:188} WARNING -   File "/home/airflow/.local/lib/python3.10/site-packages/urllib3/connection.py", line 198, in _new_conn
    sock = connection.create_connection(
[2026-09-16T15:45:52.634+0000] {logging_mixin.py:188} WARNING -   File "/home/airflow/.local/lib/python3.10/site-packages/urllib3/util/connection.py", line 60, in create_connection
    for res in socket.getaddrinfo(host, port, family, socket.SOCK_STREAM):
[2026-09-16T15:45:52.634+0000] {logging_mixin.py:188} WARNING -   File "/usr/local/lib/python3.10/socket.py", line 955, in getaddrinfo
    for res in _socket.getaddrinfo(host, port, family, type, proto, flags):
[2026-09-16T15:45:52.639+0000] {logging_mixin.py:188} WARNING - socket.gaierror: [Errno -5] No address associated with hostname
[2026-09-16T15:45:52.641+0000] {logging_mixin.py:188} WARNING - 
The above exception was the direct cause of the following exception:
[2026-09-16T15:45:52.641+0000] {logging_mixin.py:188} WARNING - Traceback (most recent call last):
[2026-09-16T15:45:52.642+0000] {logging_mixin.py:188} WARNING -   File "/home/airflow/.local/lib/python3.10/site-packages/urllib3/connectionpool.py", line 793, in urlopen
    response = self._make_request(
[2026-09-16T15:45:52.643+0000] {logging_mixin.py:188} WARNING -   File "/home/airflow/.local/lib/python3.10/site-packages/urllib3/connectionpool.py", line 491, in _make_request
    raise new_e
[2026-09-16T15:45:52.643+0000] {logging_mixin.py:188} WARNING -   File "/home/airflow/.local/lib/python3.10/site-packages/urllib3/connectionpool.py", line 467, in _make_request
    self._validate_conn(conn)
[2026-09-16T15:45:52.644+0000] {logging_mixin.py:188} WARNING -   File "/home/airflow/.local/lib/python3.10/site-packages/urllib3/connectionpool.py", line 1099, in _validate_conn
    conn.connect()
[2026-09-16T15:45:52.645+0000] {logging_mixin.py:188} WARNING -   File "/home/airflow/.local/lib/python3.10/site-packages/urllib3/connection.py", line 616, in connect
    self.sock = sock = self._new_conn()
[2026-09-16T15:45:52.645+0000] {logging_mixin.py:188} WARNING -   File "/home/airflow/.local/lib/python3.10/site-packages/urllib3/connection.py", line 205, in _new_conn
    raise NameResolutionError(self.host, self, e) from e
[2026-09-16T15:45:52.646+0000] {logging_mixin.py:188} WARNING - urllib3.exceptions.NameResolutionError: <urllib3.connection.HTTPSConnection object at 0x7bc5c05d1780>: Failed to resolve 'www.googleapis.com' ([Errno -5] No address associated with hostname)
[2026-09-16T15:45:52.646+0000] {logging_mixin.py:188} WARNING - 
The above exception was the direct cause of the following exception:
[2026-09-16T15:45:52.648+0000] {logging_mixin.py:188} WARNING - Traceback (most recent call last):
[2026-09-16T15:45:52.648+0000] {logging_mixin.py:188} WARNING -   File "/home/airflow/.local/lib/python3.10/site-packages/requests/adapters.py", line 486, in send
    resp = conn.urlopen(
[2026-09-16T15:45:52.649+0000] {logging_mixin.py:188} WARNING -   File "/home/airflow/.local/lib/python3.10/site-packages/urllib3/connectionpool.py", line 847, in urlopen
    retries = retries.increment(
[2026-09-16T15:45:52.650+0000] {logging_mixin.py:188} WARNING -   File "/home/airflow/.local/lib/python3.10/site-packages/urllib3/util/retry.py", line 515, in increment
    raise MaxRetryError(_pool, url, reason) from reason  # type: ignore[arg-type]
[2026-09-16T15:45:52.650+0000] {logging_mixin.py:188} WARNING - urllib3.exceptions.MaxRetryError: HTTPSConnectionPool(host='www.googleapis.com', port=443): Max retries exceeded with url: /youtube/v3/videos?part=snippet%2Cstatistics%2CcontentDetails&id=R1SFXJo-FlE&key=AIzaSyCu0SeP4QtsaF8H6qeF4NcFYaRehf3ot8w (Caused by NameResolutionError("<urllib3.connection.HTTPSConnection object at 0x7bc5c05d1780>: Failed to resolve 'www.googleapis.com' ([Errno -5] No address associated with hostname)"))
[2026-09-16T15:45:52.650+0000] {logging_mixin.py:188} WARNING - 
During handling of the above exception, another exception occurred:
[2026-09-16T15:45:52.651+0000] {logging_mixin.py:188} WARNING - Traceback (most recent call last):
[2026-09-16T15:45:52.651+0000] {logging_mixin.py:188} WARNING -   File "/opt/airflow/src/app.py", line 72, in get_all_videos
    video = clt.get_video_info(id, self.config.videoInfoUrl,
[2026-09-16T15:45:52.654+0000] {logging_mixin.py:188} WARNING -   File "/opt/airflow/src/controller/info.py", line 12, in get_video_info
    response: req.Response = req.get(url, params=params)
[2026-09-16T15:45:52.655+0000] {logging_mixin.py:188} WARNING -   File "/home/airflow/.local/lib/python3.10/site-packages/requests/api.py", line 73, in get
    return request("get", url, params=params, **kwargs)
[2026-09-16T15:45:52.656+0000] {logging_mixin.py:188} WARNING -   File "/home/airflow/.local/lib/python3.10/site-packages/requests/api.py", line 59, in request
    return session.request(method=method, url=url, **kwargs)
[2026-09-16T15:45:52.657+0000] {logging_mixin.py:188} WARNING -   File "/home/airflow/.local/lib/python3.10/site-packages/requests/sessions.py", line 589, in request
    resp = self.send(prep, **send_kwargs)
[2026-09-16T15:45:52.658+0000] {logging_mixin.py:188} WARNING -   File "/home/airflow/.local/lib/python3.10/site-packages/requests/sessions.py", line 703, in send
    r = adapter.send(request, **kwargs)
[2026-09-16T15:45:52.658+0000] {logging_mixin.py:188} WARNING -   File "/home/airflow/.local/lib/python3.10/site-packages/requests/adapters.py", line 519, in send
    raise ConnectionError(e, request=request)
[2026-09-16T15:45:52.660+0000] {logging_mixin.py:188} WARNING - requests.exceptions.ConnectionError: HTTPSConnectionPool(host='www.googleapis.com', port=443): Max retries exceeded with url: /youtube/v3/videos?part=snippet%2Cstatistics%2CcontentDetails&id=R1SFXJo-FlE&key=AIzaSyCu0SeP4QtsaF8H6qeF4NcFYaRehf3ot8w (Caused by NameResolutionError("<urllib3.connection.HTTPSConnection object at 0x7bc5c05d1780>: Failed to resolve 'www.googleapis.com' ([Errno -5] No address associated with hostname)"))
[2026-09-16T15:45:52.676+0000] {logging_mixin.py:188} WARNING - Traceback (most recent call last):
[2026-09-16T15:45:52.677+0000] {logging_mixin.py:188} WARNING -   File "/home/airflow/.local/lib/python3.10/site-packages/urllib3/connection.py", line 198, in _new_conn
    sock = connection.create_connection(
[2026-09-16T15:45:52.678+0000] {logging_mixin.py:188} WARNING -   File "/home/airflow/.local/lib/python3.10/site-packages/urllib3/util/connection.py", line 60, in create_connection
    for res in socket.getaddrinfo(host, port, family, socket.SOCK_STREAM):
[2026-09-16T15:45:52.679+0000] {logging_mixin.py:188} WARNING -   File "/usr/local/lib/python3.10/socket.py", line 955, in getaddrinfo
    for res in _socket.getaddrinfo(host, port, family, type, proto, flags):
[2026-09-16T15:45:52.679+0000] {logging_mixin.py:188} WARNING - socket.gaierror: [Errno -5] No address associated with hostname
[2026-09-16T15:45:52.680+0000] {logging_mixin.py:188} WARNING - 
The above exception was the direct cause of the following exception:
[2026-09-16T15:45:52.681+0000] {logging_mixin.py:188} WARNING - Traceback (most recent call last):
[2026-09-16T15:45:52.681+0000] {logging_mixin.py:188} WARNING -   File "/home/airflow/.local/lib/python3.10/site-packages/urllib3/connectionpool.py", line 793, in urlopen
    response = self._make_request(
[2026-09-16T15:45:52.682+0000] {logging_mixin.py:188} WARNING -   File "/home/airflow/.local/lib/python3.10/site-packages/urllib3/connectionpool.py", line 491, in _make_request
    raise new_e
[2026-09-16T15:45:52.683+0000] {logging_mixin.py:188} WARNING -   File "/home/airflow/.local/lib/python3.10/site-packages/urllib3/connectionpool.py", line 467, in _make_request
    self._validate_conn(conn)
[2026-09-16T15:45:52.683+0000] {logging_mixin.py:188} WARNING -   File "/home/airflow/.local/lib/python3.10/site-packages/urllib3/connectionpool.py", line 1099, in _validate_conn
    conn.connect()
[2026-09-16T15:45:52.684+0000] {logging_mixin.py:188} WARNING -   File "/home/airflow/.local/lib/python3.10/site-packages/urllib3/connection.py", line 616, in connect
    self.sock = sock = self._new_conn()
[2026-09-16T15:45:52.685+0000] {logging_mixin.py:188} WARNING -   File "/home/airflow/.local/lib/python3.10/site-packages/urllib3/connection.py", line 205, in _new_conn
    raise NameResolutionError(self.host, self, e) from e
[2026-09-16T15:45:52.688+0000] {logging_mixin.py:188} WARNING - urllib3.exceptions.NameResolutionError: <urllib3.connection.HTTPSConnection object at 0x7bc5c06d5b10>: Failed to resolve 'www.googleapis.com' ([Errno -5] No address associated with hostname)
[2026-09-16T15:45:52.689+0000] {logging_mixin.py:188} WARNING - 
The above exception was the direct cause of the following exception:
[2026-09-16T15:45:52.690+0000] {logging_mixin.py:188} WARNING - Traceback (most recent call last):
[2026-09-16T15:45:52.690+0000] {logging_mixin.py:188} WARNING -   File "/home/airflow/.local/lib/python3.10/site-packages/requests/adapters.py", line 486, in send
    resp = conn.urlopen(
[2026-09-16T15:45:52.691+0000] {logging_mixin.py:188} WARNING -   File "/home/airflow/.local/lib/python3.10/site-packages/urllib3/connectionpool.py", line 847, in urlopen
    retries = retries.increment(
[2026-09-16T15:45:52.692+0000] {logging_mixin.py:188} WARNING -   File "/home/airflow/.local/lib/python3.10/site-packages/urllib3/util/retry.py", line 515, in increment
    raise MaxRetryError(_pool, url, reason) from reason  # type: ignore[arg-type]
[2026-09-16T15:45:52.693+0000] {logging_mixin.py:188} WARNING - urllib3.exceptions.MaxRetryError: HTTPSConnectionPool(host='www.googleapis.com', port=443): Max retries exceeded with url: /youtube/v3/videos?part=snippet%2Cstatistics%2CcontentDetails&id=lQz5aqjZ3lQ&key=AIzaSyCu0SeP4QtsaF8H6qeF4NcFYaRehf3ot8w (Caused by NameResolutionError("<urllib3.connection.HTTPSConnection object at 0x7bc5c06d5b10>: Failed to resolve 'www.googleapis.com' ([Errno -5] No address associated with hostname)"))
[2026-09-16T15:45:52.694+0000] {logging_mixin.py:188} WARNING - 
During handling of the above exception, another exception occurred:
[2026-09-16T15:45:52.694+0000] {logging_mixin.py:188} WARNING - Traceback (most recent call last):
[2026-09-16T15:45:52.695+0000] {logging_mixin.py:188} WARNING -   File "/opt/airflow/src/app.py", line 72, in get_all_videos
    video = clt.get_video_info(id, self.config.videoInfoUrl,
[2026-09-16T15:45:52.696+0000] {logging_mixin.py:188} WARNING -   File "/opt/airflow/src/controller/info.py", line 12, in get_video_info
    response: req.Response = req.get(url, params=params)
[2026-09-16T15:45:52.697+0000] {logging_mixin.py:188} WARNING -   File "/home/airflow/.local/lib/python3.10/site-packages/requests/api.py", line 73, in get
    return request("get", url, params=params, **kwargs)
[2026-09-16T15:45:52.697+0000] {logging_mixin.py:188} WARNING -   File "/home/airflow/.local/lib/python3.10/site-packages/requests/api.py", line 59, in request
    return session.request(method=method, url=url, **kwargs)
[2026-09-16T15:45:52.698+0000] {logging_mixin.py:188} WARNING -   File "/home/airflow/.local/lib/python3.10/site-packages/requests/sessions.py", line 589, in request
    resp = self.send(prep, **send_kwargs)
[2026-09-16T15:45:52.699+0000] {logging_mixin.py:188} WARNING -   File "/home/airflow/.local/lib/python3.10/site-packages/requests/sessions.py", line 703, in send
    r = adapter.send(request, **kwargs)
[2026-09-16T15:45:52.700+0000] {logging_mixin.py:188} WARNING -   File "/home/airflow/.local/lib/python3.10/site-packages/requests/adapters.py", line 519, in send
    raise ConnectionError(e, request=request)
[2026-09-16T15:45:52.701+0000] {logging_mixin.py:188} WARNING - requests.exceptions.ConnectionError: HTTPSConnectionPool(host='www.googleapis.com', port=443): Max retries exceeded with url: /youtube/v3/videos?part=snippet%2Cstatistics%2CcontentDetails&id=lQz5aqjZ3lQ&key=AIzaSyCu0SeP4QtsaF8H6qeF4NcFYaRehf3ot8w (Caused by NameResolutionError("<urllib3.connection.HTTPSConnection object at 0x7bc5c06d5b10>: Failed to resolve 'www.googleapis.com' ([Errno -5] No address associated with hostname)"))
[2026-09-16T15:45:52.715+0000] {logging_mixin.py:188} WARNING - Traceback (most recent call last):
[2026-09-16T15:45:52.716+0000] {logging_mixin.py:188} WARNING -   File "/home/airflow/.local/lib/python3.10/site-packages/urllib3/connection.py", line 198, in _new_conn
    sock = connection.create_connection(
[2026-09-16T15:45:52.717+0000] {logging_mixin.py:188} WARNING -   File "/home/airflow/.local/lib/python3.10/site-packages/urllib3/util/connection.py", line 60, in create_connection
    for res in socket.getaddrinfo(host, port, family, socket.SOCK_STREAM):
[2026-09-16T15:45:52.718+0000] {logging_mixin.py:188} WARNING -   File "/usr/local/lib/python3.10/socket.py", line 955, in getaddrinfo
    for res in _socket.getaddrinfo(host, port, family, type, proto, flags):
[2026-09-16T15:45:52.722+0000] {logging_mixin.py:188} WARNING - socket.gaierror: [Errno -5] No address associated with hostname
[2026-09-16T15:45:52.723+0000] {logging_mixin.py:188} WARNING - 
The above exception was the direct cause of the following exception:
[2026-09-16T15:45:52.724+0000] {logging_mixin.py:188} WARNING - Traceback (most recent call last):
[2026-09-16T15:45:52.725+0000] {logging_mixin.py:188} WARNING -   File "/home/airflow/.local/lib/python3.10/site-packages/urllib3/connectionpool.py", line 793, in urlopen
    response = self._make_request(
[2026-09-16T15:45:52.726+0000] {logging_mixin.py:188} WARNING -   File "/home/airflow/.local/lib/python3.10/site-packages/urllib3/connectionpool.py", line 491, in _make_request
    raise new_e
[2026-09-16T15:45:52.727+0000] {logging_mixin.py:188} WARNING -   File "/home/airflow/.local/lib/python3.10/site-packages/urllib3/connectionpool.py", line 467, in _make_request
    self._validate_conn(conn)
[2026-09-16T15:45:52.727+0000] {logging_mixin.py:188} WARNING -   File "/home/airflow/.local/lib/python3.10/site-packages/urllib3/connectionpool.py", line 1099, in _validate_conn
    conn.connect()
[2026-09-16T15:45:52.728+0000] {logging_mixin.py:188} WARNING -   File "/home/airflow/.local/lib/python3.10/site-packages/urllib3/connection.py", line 616, in connect
    self.sock = sock = self._new_conn()
[2026-09-16T15:45:52.729+0000] {logging_mixin.py:188} WARNING -   File "/home/airflow/.local/lib/python3.10/site-packages/urllib3/connection.py", line 205, in _new_conn
    raise NameResolutionError(self.host, self, e) from e
[2026-09-16T15:45:52.730+0000] {logging_mixin.py:188} WARNING - urllib3.exceptions.NameResolutionError: <urllib3.connection.HTTPSConnection object at 0x7bc5c06d7580>: Failed to resolve 'www.googleapis.com' ([Errno -5] No address associated with hostname)
[2026-09-16T15:45:52.731+0000] {logging_mixin.py:188} WARNING - 
The above exception was the direct cause of the following exception:
[2026-09-16T15:45:52.732+0000] {logging_mixin.py:188} WARNING - Traceback (most recent call last):
[2026-09-16T15:45:52.733+0000] {logging_mixin.py:188} WARNING -   File "/home/airflow/.local/lib/python3.10/site-packages/requests/adapters.py", line 486, in send
    resp = conn.urlopen(
[2026-09-16T15:45:52.733+0000] {logging_mixin.py:188} WARNING -   File "/home/airflow/.local/lib/python3.10/site-packages/urllib3/connectionpool.py", line 847, in urlopen
    retries = retries.increment(
[2026-09-16T15:45:52.735+0000] {logging_mixin.py:188} WARNING -   File "/home/airflow/.local/lib/python3.10/site-packages/urllib3/util/retry.py", line 515, in increment
    raise MaxRetryError(_pool, url, reason) from reason  # type: ignore[arg-type]
[2026-09-16T15:45:52.737+0000] {logging_mixin.py:188} WARNING - urllib3.exceptions.MaxRetryError: HTTPSConnectionPool(host='www.googleapis.com', port=443): Max retries exceeded with url: /youtube/v3/videos?part=snippet%2Cstatistics%2CcontentDetails&id=EiFcNbXBqeo&key=AIzaSyCu0SeP4QtsaF8H6qeF4NcFYaRehf3ot8w (Caused by NameResolutionError("<urllib3.connection.HTTPSConnection object at 0x7bc5c06d7580>: Failed to resolve 'www.googleapis.com' ([Errno -5] No address associated with hostname)"))
[2026-09-16T15:45:52.739+0000] {logging_mixin.py:188} WARNING - 
During handling of the above exception, another exception occurred:
[2026-09-16T15:45:52.740+0000] {logging_mixin.py:188} WARNING - Traceback (most recent call last):
[2026-09-16T15:45:52.741+0000] {logging_mixin.py:188} WARNING -   File "/opt/airflow/src/app.py", line 72, in get_all_videos
    video = clt.get_video_info(id, self.config.videoInfoUrl,
[2026-09-16T15:45:52.741+0000] {logging_mixin.py:188} WARNING -   File "/opt/airflow/src/controller/info.py", line 12, in get_video_info
    response: req.Response = req.get(url, params=params)
[2026-09-16T15:45:52.742+0000] {logging_mixin.py:188} WARNING -   File "/home/airflow/.local/lib/python3.10/site-packages/requests/api.py", line 73, in get
    return request("get", url, params=params, **kwargs)
[2026-09-16T15:45:52.743+0000] {logging_mixin.py:188} WARNING -   File "/home/airflow/.local/lib/python3.10/site-packages/requests/api.py", line 59, in request
    return session.request(method=method, url=url, **kwargs)
[2026-09-16T15:45:52.744+0000] {logging_mixin.py:188} WARNING -   File "/home/airflow/.local/lib/python3.10/site-packages/requests/sessions.py", line 589, in request
    resp = self.send(prep, **send_kwargs)
[2026-09-16T15:45:52.745+0000] {logging_mixin.py:188} WARNING -   File "/home/airflow/.local/lib/python3.10/site-packages/requests/sessions.py", line 703, in send
    r = adapter.send(request, **kwargs)
[2026-09-16T15:45:52.745+0000] {logging_mixin.py:188} WARNING -   File "/home/airflow/.local/lib/python3.10/site-packages/requests/adapters.py", line 519, in send
    raise ConnectionError(e, request=request)
[2026-09-16T15:45:52.746+0000] {logging_mixin.py:188} WARNING - requests.exceptions.ConnectionError: HTTPSConnectionPool(host='www.googleapis.com', port=443): Max retries exceeded with url: /youtube/v3/videos?part=snippet%2Cstatistics%2CcontentDetails&id=EiFcNbXBqeo&key=AIzaSyCu0SeP4QtsaF8H6qeF4NcFYaRehf3ot8w (Caused by NameResolutionError("<urllib3.connection.HTTPSConnection object at 0x7bc5c06d7580>: Failed to resolve 'www.googleapis.com' ([Errno -5] No address associated with hostname)"))
[2026-09-16T15:45:52.762+0000] {logging_mixin.py:188} WARNING - Traceback (most recent call last):
[2026-09-16T15:45:52.763+0000] {logging_mixin.py:188} WARNING -   File "/home/airflow/.local/lib/python3.10/site-packages/urllib3/connection.py", line 198, in _new_conn
    sock = connection.create_connection(
[2026-09-16T15:45:52.764+0000] {logging_mixin.py:188} WARNING -   File "/home/airflow/.local/lib/python3.10/site-packages/urllib3/util/connection.py", line 60, in create_connection
    for res in socket.getaddrinfo(host, port, family, socket.SOCK_STREAM):
[2026-09-16T15:45:52.765+0000] {logging_mixin.py:188} WARNING -   File "/usr/local/lib/python3.10/socket.py", line 955, in getaddrinfo
    for res in _socket.getaddrinfo(host, port, family, type, proto, flags):
[2026-09-16T15:45:52.765+0000] {logging_mixin.py:188} WARNING - socket.gaierror: [Errno -5] No address associated with hostname
[2026-09-16T15:45:52.766+0000] {logging_mixin.py:188} WARNING - 
The above exception was the direct cause of the following exception:
[2026-09-16T15:45:52.767+0000] {logging_mixin.py:188} WARNING - Traceback (most recent call last):
[2026-09-16T15:45:52.768+0000] {logging_mixin.py:188} WARNING -   File "/home/airflow/.local/lib/python3.10/site-packages/urllib3/connectionpool.py", line 793, in urlopen
    response = self._make_request(
[2026-09-16T15:45:52.770+0000] {logging_mixin.py:188} WARNING -   File "/home/airflow/.local/lib/python3.10/site-packages/urllib3/connectionpool.py", line 491, in _make_request
    raise new_e
[2026-09-16T15:45:52.771+0000] {logging_mixin.py:188} WARNING -   File "/home/airflow/.local/lib/python3.10/site-packages/urllib3/connectionpool.py", line 467, in _make_request
    self._validate_conn(conn)
[2026-09-16T15:45:52.774+0000] {logging_mixin.py:188} WARNING -   File "/home/airflow/.local/lib/python3.10/site-packages/urllib3/connectionpool.py", line 1099, in _validate_conn
    conn.connect()
[2026-09-16T15:45:52.775+0000] {logging_mixin.py:188} WARNING -   File "/home/airflow/.local/lib/python3.10/site-packages/urllib3/connection.py", line 616, in connect
    self.sock = sock = self._new_conn()
[2026-09-16T15:45:52.776+0000] {logging_mixin.py:188} WARNING -   File "/home/airflow/.local/lib/python3.10/site-packages/urllib3/connection.py", line 205, in _new_conn
    raise NameResolutionError(self.host, self, e) from e
[2026-09-16T15:45:52.777+0000] {logging_mixin.py:188} WARNING - urllib3.exceptions.NameResolutionError: <urllib3.connection.HTTPSConnection object at 0x7bc5c06d4940>: Failed to resolve 'www.googleapis.com' ([Errno -5] No address associated with hostname)
[2026-09-16T15:45:52.778+0000] {logging_mixin.py:188} WARNING - 
The above exception was the direct cause of the following exception:
[2026-09-16T15:45:52.779+0000] {logging_mixin.py:188} WARNING - Traceback (most recent call last):
[2026-09-16T15:45:52.781+0000] {logging_mixin.py:188} WARNING -   File "/home/airflow/.local/lib/python3.10/site-packages/requests/adapters.py", line 486, in send
    resp = conn.urlopen(
[2026-09-16T15:45:52.782+0000] {logging_mixin.py:188} WARNING -   File "/home/airflow/.local/lib/python3.10/site-packages/urllib3/connectionpool.py", line 847, in urlopen
    retries = retries.increment(
[2026-09-16T15:45:52.783+0000] {logging_mixin.py:188} WARNING -   File "/home/airflow/.local/lib/python3.10/site-packages/urllib3/util/retry.py", line 515, in increment
    raise MaxRetryError(_pool, url, reason) from reason  # type: ignore[arg-type]
[2026-09-16T15:45:52.784+0000] {logging_mixin.py:188} WARNING - urllib3.exceptions.MaxRetryError: HTTPSConnectionPool(host='www.googleapis.com', port=443): Max retries exceeded with url: /youtube/v3/videos?part=snippet%2Cstatistics%2CcontentDetails&id=pzBi1nwDn8U&key=AIzaSyCu0SeP4QtsaF8H6qeF4NcFYaRehf3ot8w (Caused by NameResolutionError("<urllib3.connection.HTTPSConnection object at 0x7bc5c06d4940>: Failed to resolve 'www.googleapis.com' ([Errno -5] No address associated with hostname)"))
[2026-09-16T15:45:52.787+0000] {logging_mixin.py:188} WARNING - 
During handling of the above exception, another exception occurred:
[2026-09-16T15:45:52.788+0000] {logging_mixin.py:188} WARNING - Traceback (most recent call last):
[2026-09-16T15:45:52.789+0000] {logging_mixin.py:188} WARNING -   File "/opt/airflow/src/app.py", line 72, in get_all_videos
    video = clt.get_video_info(id, self.config.videoInfoUrl,
[2026-09-16T15:45:52.790+0000] {logging_mixin.py:188} WARNING -   File "/opt/airflow/src/controller/info.py", line 12, in get_video_info
    response: req.Response = req.get(url, params=params)
[2026-09-16T15:45:52.791+0000] {logging_mixin.py:188} WARNING -   File "/home/airflow/.local/lib/python3.10/site-packages/requests/api.py", line 73, in get
    return request("get", url, params=params, **kwargs)
[2026-09-16T15:45:52.792+0000] {logging_mixin.py:188} WARNING -   File "/home/airflow/.local/lib/python3.10/site-packages/requests/api.py", line 59, in request
    return session.request(method=method, url=url, **kwargs)
[2026-09-16T15:45:52.793+0000] {logging_mixin.py:188} WARNING -   File "/home/airflow/.local/lib/python3.10/site-packages/requests/sessions.py", line 589, in request
    resp = self.send(prep, **send_kwargs)
[2026-09-16T15:45:52.794+0000] {logging_mixin.py:188} WARNING -   File "/home/airflow/.local/lib/python3.10/site-packages/requests/sessions.py", line 703, in send
    r = adapter.send(request, **kwargs)
[2026-09-16T15:45:52.794+0000] {logging_mixin.py:188} WARNING -   File "/home/airflow/.local/lib/python3.10/site-packages/requests/adapters.py", line 519, in send
    raise ConnectionError(e, request=request)
[2026-09-16T15:45:52.795+0000] {logging_mixin.py:188} WARNING - requests.exceptions.ConnectionError: HTTPSConnectionPool(host='www.googleapis.com', port=443): Max retries exceeded with url: /youtube/v3/videos?part=snippet%2Cstatistics%2CcontentDetails&id=pzBi1nwDn8U&key=AIzaSyCu0SeP4QtsaF8H6qeF4NcFYaRehf3ot8w (Caused by NameResolutionError("<urllib3.connection.HTTPSConnection object at 0x7bc5c06d4940>: Failed to resolve 'www.googleapis.com' ([Errno -5] No address associated with hostname)"))
[2026-09-16T15:45:52.812+0000] {logging_mixin.py:188} WARNING - Traceback (most recent call last):
[2026-09-16T15:45:52.813+0000] {logging_mixin.py:188} WARNING -   File "/home/airflow/.local/lib/python3.10/site-packages/urllib3/connection.py", line 198, in _new_conn
    sock = connection.create_connection(
[2026-09-16T15:45:52.814+0000] {logging_mixin.py:188} WARNING -   File "/home/airflow/.local/lib/python3.10/site-packages/urllib3/util/connection.py", line 60, in create_connection
    for res in socket.getaddrinfo(host, port, family, socket.SOCK_STREAM):
[2026-09-16T15:45:52.815+0000] {logging_mixin.py:188} WARNING -   File "/usr/local/lib/python3.10/socket.py", line 955, in getaddrinfo
    for res in _socket.getaddrinfo(host, port, family, type, proto, flags):
[2026-09-16T15:45:52.816+0000] {logging_mixin.py:188} WARNING - socket.gaierror: [Errno -5] No address associated with hostname
[2026-09-16T15:45:52.817+0000] {logging_mixin.py:188} WARNING - 
The above exception was the direct cause of the following exception:
[2026-09-16T15:45:52.818+0000] {logging_mixin.py:188} WARNING - Traceback (most recent call last):
[2026-09-16T15:45:52.820+0000] {logging_mixin.py:188} WARNING -   File "/home/airflow/.local/lib/python3.10/site-packages/urllib3/connectionpool.py", line 793, in urlopen
    response = self._make_request(
[2026-09-16T15:45:52.823+0000] {logging_mixin.py:188} WARNING -   File "/home/airflow/.local/lib/python3.10/site-packages/urllib3/connectionpool.py", line 491, in _make_request
    raise new_e
[2026-09-16T15:45:52.824+0000] {logging_mixin.py:188} WARNING -   File "/home/airflow/.local/lib/python3.10/site-packages/urllib3/connectionpool.py", line 467, in _make_request
    self._validate_conn(conn)
[2026-09-16T15:45:52.825+0000] {logging_mixin.py:188} WARNING -   File "/home/airflow/.local/lib/python3.10/site-packages/urllib3/connectionpool.py", line 1099, in _validate_conn
    conn.connect()
[2026-09-16T15:45:52.826+0000] {logging_mixin.py:188} WARNING -   File "/home/airflow/.local/lib/python3.10/site-packages/urllib3/connection.py", line 616, in connect
    self.sock = sock = self._new_conn()
[2026-09-16T15:45:52.827+0000] {logging_mixin.py:188} WARNING -   File "/home/airflow/.local/lib/python3.10/site-packages/urllib3/connection.py", line 205, in _new_conn
    raise NameResolutionError(self.host, self, e) from e
[2026-09-16T15:45:52.828+0000] {logging_mixin.py:188} WARNING - urllib3.exceptions.NameResolutionError: <urllib3.connection.HTTPSConnection object at 0x7bc5c06d7f40>: Failed to resolve 'www.googleapis.com' ([Errno -5] No address associated with hostname)
[2026-09-16T15:45:52.828+0000] {logging_mixin.py:188} WARNING - 
The above exception was the direct cause of the following exception:
[2026-09-16T15:45:52.829+0000] {logging_mixin.py:188} WARNING - Traceback (most recent call last):
[2026-09-16T15:45:52.830+0000] {logging_mixin.py:188} WARNING -   File "/home/airflow/.local/lib/python3.10/site-packages/requests/adapters.py", line 486, in send
    resp = conn.urlopen(
[2026-09-16T15:45:52.830+0000] {logging_mixin.py:188} WARNING -   File "/home/airflow/.local/lib/python3.10/site-packages/urllib3/connectionpool.py", line 847, in urlopen
    retries = retries.increment(
[2026-09-16T15:45:52.831+0000] {logging_mixin.py:188} WARNING -   File "/home/airflow/.local/lib/python3.10/site-packages/urllib3/util/retry.py", line 515, in increment
    raise MaxRetryError(_pool, url, reason) from reason  # type: ignore[arg-type]
[2026-09-16T15:45:52.832+0000] {logging_mixin.py:188} WARNING - urllib3.exceptions.MaxRetryError: HTTPSConnectionPool(host='www.googleapis.com', port=443): Max retries exceeded with url: /youtube/v3/videos?part=snippet%2Cstatistics%2CcontentDetails&id=R7oW0LwS_e4&key=AIzaSyCu0SeP4QtsaF8H6qeF4NcFYaRehf3ot8w (Caused by NameResolutionError("<urllib3.connection.HTTPSConnection object at 0x7bc5c06d7f40>: Failed to resolve 'www.googleapis.com' ([Errno -5] No address associated with hostname)"))
[2026-09-16T15:45:52.832+0000] {logging_mixin.py:188} WARNING - 
During handling of the above exception, another exception occurred:
[2026-09-16T15:45:52.833+0000] {logging_mixin.py:188} WARNING - Traceback (most recent call last):
[2026-09-16T15:45:52.833+0000] {logging_mixin.py:188} WARNING -   File "/opt/airflow/src/app.py", line 72, in get_all_videos
    video = clt.get_video_info(id, self.config.videoInfoUrl,
[2026-09-16T15:45:52.834+0000] {logging_mixin.py:188} WARNING -   File "/opt/airflow/src/controller/info.py", line 12, in get_video_info
    response: req.Response = req.get(url, params=params)
[2026-09-16T15:45:52.834+0000] {logging_mixin.py:188} WARNING -   File "/home/airflow/.local/lib/python3.10/site-packages/requests/api.py", line 73, in get
    return request("get", url, params=params, **kwargs)
[2026-09-16T15:45:52.834+0000] {logging_mixin.py:188} WARNING -   File "/home/airflow/.local/lib/python3.10/site-packages/requests/api.py", line 59, in request
    return session.request(method=method, url=url, **kwargs)
[2026-09-16T15:45:52.835+0000] {logging_mixin.py:188} WARNING -   File "/home/airflow/.local/lib/python3.10/site-packages/requests/sessions.py", line 589, in request
    resp = self.send(prep, **send_kwargs)
[2026-09-16T15:45:52.838+0000] {logging_mixin.py:188} WARNING -   File "/home/airflow/.local/lib/python3.10/site-packages/requests/sessions.py", line 703, in send
    r = adapter.send(request, **kwargs)
[2026-09-16T15:45:52.839+0000] {logging_mixin.py:188} WARNING -   File "/home/airflow/.local/lib/python3.10/site-packages/requests/adapters.py", line 519, in send
    raise ConnectionError(e, request=request)
[2026-09-16T15:45:52.839+0000] {logging_mixin.py:188} WARNING - requests.exceptions.ConnectionError: HTTPSConnectionPool(host='www.googleapis.com', port=443): Max retries exceeded with url: /youtube/v3/videos?part=snippet%2Cstatistics%2CcontentDetails&id=R7oW0LwS_e4&key=AIzaSyCu0SeP4QtsaF8H6qeF4NcFYaRehf3ot8w (Caused by NameResolutionError("<urllib3.connection.HTTPSConnection object at 0x7bc5c06d7f40>: Failed to resolve 'www.googleapis.com' ([Errno -5] No address associated with hostname)"))
[2026-09-16T15:45:52.849+0000] {logging_mixin.py:188} WARNING - Traceback (most recent call last):
[2026-09-16T15:45:52.850+0000] {logging_mixin.py:188} WARNING -   File "/home/airflow/.local/lib/python3.10/site-packages/urllib3/connection.py", line 198, in _new_conn
    sock = connection.create_connection(
[2026-09-16T15:45:52.851+0000] {logging_mixin.py:188} WARNING -   File "/home/airflow/.local/lib/python3.10/site-packages/urllib3/util/connection.py", line 60, in create_connection
    for res in socket.getaddrinfo(host, port, family, socket.SOCK_STREAM):
[2026-09-16T15:45:52.854+0000] {logging_mixin.py:188} WARNING -   File "/usr/local/lib/python3.10/socket.py", line 955, in getaddrinfo
    for res in _socket.getaddrinfo(host, port, family, type, proto, flags):
[2026-09-16T15:45:52.855+0000] {logging_mixin.py:188} WARNING - socket.gaierror: [Errno -5] No address associated with hostname
[2026-09-16T15:45:52.856+0000] {logging_mixin.py:188} WARNING - 
The above exception was the direct cause of the following exception:
[2026-09-16T15:45:52.856+0000] {logging_mixin.py:188} WARNING - Traceback (most recent call last):
[2026-09-16T15:45:52.857+0000] {logging_mixin.py:188} WARNING -   File "/home/airflow/.local/lib/python3.10/site-packages/urllib3/connectionpool.py", line 793, in urlopen
    response = self._make_request(
[2026-09-16T15:45:52.858+0000] {logging_mixin.py:188} WARNING -   File "/home/airflow/.local/lib/python3.10/site-packages/urllib3/connectionpool.py", line 491, in _make_request
    raise new_e
[2026-09-16T15:45:52.858+0000] {logging_mixin.py:188} WARNING -   File "/home/airflow/.local/lib/python3.10/site-packages/urllib3/connectionpool.py", line 467, in _make_request
    self._validate_conn(conn)
[2026-09-16T15:45:52.859+0000] {logging_mixin.py:188} WARNING -   File "/home/airflow/.local/lib/python3.10/site-packages/urllib3/connectionpool.py", line 1099, in _validate_conn
    conn.connect()
[2026-09-16T15:45:52.860+0000] {logging_mixin.py:188} WARNING -   File "/home/airflow/.local/lib/python3.10/site-packages/urllib3/connection.py", line 616, in connect
    self.sock = sock = self._new_conn()
[2026-09-16T15:45:52.861+0000] {logging_mixin.py:188} WARNING -   File "/home/airflow/.local/lib/python3.10/site-packages/urllib3/connection.py", line 205, in _new_conn
    raise NameResolutionError(self.host, self, e) from e
[2026-09-16T15:45:52.861+0000] {logging_mixin.py:188} WARNING - urllib3.exceptions.NameResolutionError: <urllib3.connection.HTTPSConnection object at 0x7bc5c05d0e20>: Failed to resolve 'www.googleapis.com' ([Errno -5] No address associated with hostname)
[2026-09-16T15:45:52.862+0000] {logging_mixin.py:188} WARNING - 
The above exception was the direct cause of the following exception:
[2026-09-16T15:45:52.862+0000] {logging_mixin.py:188} WARNING - Traceback (most recent call last):
[2026-09-16T15:45:52.863+0000] {logging_mixin.py:188} WARNING -   File "/home/airflow/.local/lib/python3.10/site-packages/requests/adapters.py", line 486, in send
    resp = conn.urlopen(
[2026-09-16T15:45:52.864+0000] {logging_mixin.py:188} WARNING -   File "/home/airflow/.local/lib/python3.10/site-packages/urllib3/connectionpool.py", line 847, in urlopen
    retries = retries.increment(
[2026-09-16T15:45:52.865+0000] {logging_mixin.py:188} WARNING -   File "/home/airflow/.local/lib/python3.10/site-packages/urllib3/util/retry.py", line 515, in increment
    raise MaxRetryError(_pool, url, reason) from reason  # type: ignore[arg-type]
[2026-09-16T15:45:52.866+0000] {logging_mixin.py:188} WARNING - urllib3.exceptions.MaxRetryError: HTTPSConnectionPool(host='www.googleapis.com', port=443): Max retries exceeded with url: /youtube/v3/videos?part=snippet%2Cstatistics%2CcontentDetails&id=BfKI_TQnQvo&key=AIzaSyCu0SeP4QtsaF8H6qeF4NcFYaRehf3ot8w (Caused by NameResolutionError("<urllib3.connection.HTTPSConnection object at 0x7bc5c05d0e20>: Failed to resolve 'www.googleapis.com' ([Errno -5] No address associated with hostname)"))
[2026-09-16T15:45:52.866+0000] {logging_mixin.py:188} WARNING - 
During handling of the above exception, another exception occurred:
[2026-09-16T15:45:52.867+0000] {logging_mixin.py:188} WARNING - Traceback (most recent call last):
[2026-09-16T15:45:52.867+0000] {logging_mixin.py:188} WARNING -   File "/opt/airflow/src/app.py", line 72, in get_all_videos
    video = clt.get_video_info(id, self.config.videoInfoUrl,
[2026-09-16T15:45:52.868+0000] {logging_mixin.py:188} WARNING -   File "/opt/airflow/src/controller/info.py", line 12, in get_video_info
    response: req.Response = req.get(url, params=params)
[2026-09-16T15:45:52.869+0000] {logging_mixin.py:188} WARNING -   File "/home/airflow/.local/lib/python3.10/site-packages/requests/api.py", line 73, in get
    return request("get", url, params=params, **kwargs)
[2026-09-16T15:45:52.871+0000] {logging_mixin.py:188} WARNING -   File "/home/airflow/.local/lib/python3.10/site-packages/requests/api.py", line 59, in request
    return session.request(method=method, url=url, **kwargs)
[2026-09-16T15:45:52.872+0000] {logging_mixin.py:188} WARNING -   File "/home/airflow/.local/lib/python3.10/site-packages/requests/sessions.py", line 589, in request
    resp = self.send(prep, **send_kwargs)
[2026-09-16T15:45:52.873+0000] {logging_mixin.py:188} WARNING -   File "/home/airflow/.local/lib/python3.10/site-packages/requests/sessions.py", line 703, in send
    r = adapter.send(request, **kwargs)
[2026-09-16T15:45:52.874+0000] {logging_mixin.py:188} WARNING -   File "/home/airflow/.local/lib/python3.10/site-packages/requests/adapters.py", line 519, in send
    raise ConnectionError(e, request=request)
[2026-09-16T15:45:52.875+0000] {logging_mixin.py:188} WARNING - requests.exceptions.ConnectionError: HTTPSConnectionPool(host='www.googleapis.com', port=443): Max retries exceeded with url: /youtube/v3/videos?part=snippet%2Cstatistics%2CcontentDetails&id=BfKI_TQnQvo&key=AIzaSyCu0SeP4QtsaF8H6qeF4NcFYaRehf3ot8w (Caused by NameResolutionError("<urllib3.connection.HTTPSConnection object at 0x7bc5c05d0e20>: Failed to resolve 'www.googleapis.com' ([Errno -5] No address associated with hostname)"))
[2026-09-16T15:45:52.887+0000] {logging_mixin.py:188} WARNING - Traceback (most recent call last):
[2026-09-16T15:45:52.889+0000] {logging_mixin.py:188} WARNING -   File "/home/airflow/.local/lib/python3.10/site-packages/urllib3/connection.py", line 198, in _new_conn
    sock = connection.create_connection(
[2026-09-16T15:45:52.890+0000] {logging_mixin.py:188} WARNING -   File "/home/airflow/.local/lib/python3.10/site-packages/urllib3/util/connection.py", line 60, in create_connection
    for res in socket.getaddrinfo(host, port, family, socket.SOCK_STREAM):
[2026-09-16T15:45:52.891+0000] {logging_mixin.py:188} WARNING -   File "/usr/local/lib/python3.10/socket.py", line 955, in getaddrinfo
    for res in _socket.getaddrinfo(host, port, family, type, proto, flags):
[2026-09-16T15:45:52.891+0000] {logging_mixin.py:188} WARNING - socket.gaierror: [Errno -5] No address associated with hostname
[2026-09-16T15:45:52.892+0000] {logging_mixin.py:188} WARNING - 
The above exception was the direct cause of the following exception:
[2026-09-16T15:45:52.893+0000] {logging_mixin.py:188} WARNING - Traceback (most recent call last):
[2026-09-16T15:45:52.893+0000] {logging_mixin.py:188} WARNING -   File "/home/airflow/.local/lib/python3.10/site-packages/urllib3/connectionpool.py", line 793, in urlopen
    response = self._make_request(
[2026-09-16T15:45:52.894+0000] {logging_mixin.py:188} WARNING -   File "/home/airflow/.local/lib/python3.10/site-packages/urllib3/connectionpool.py", line 491, in _make_request
    raise new_e
[2026-09-16T15:45:52.895+0000] {logging_mixin.py:188} WARNING -   File "/home/airflow/.local/lib/python3.10/site-packages/urllib3/connectionpool.py", line 467, in _make_request
    self._validate_conn(conn)
[2026-09-16T15:45:52.895+0000] {logging_mixin.py:188} WARNING -   File "/home/airflow/.local/lib/python3.10/site-packages/urllib3/connectionpool.py", line 1099, in _validate_conn
    conn.connect()
[2026-09-16T15:45:52.896+0000] {logging_mixin.py:188} WARNING -   File "/home/airflow/.local/lib/python3.10/site-packages/urllib3/connection.py", line 616, in connect
    self.sock = sock = self._new_conn()
[2026-09-16T15:45:52.897+0000] {logging_mixin.py:188} WARNING -   File "/home/airflow/.local/lib/python3.10/site-packages/urllib3/connection.py", line 205, in _new_conn
    raise NameResolutionError(self.host, self, e) from e
[2026-09-16T15:45:52.898+0000] {logging_mixin.py:188} WARNING - urllib3.exceptions.NameResolutionError: <urllib3.connection.HTTPSConnection object at 0x7bc5c06d7e50>: Failed to resolve 'www.googleapis.com' ([Errno -5] No address associated with hostname)
[2026-09-16T15:45:52.899+0000] {logging_mixin.py:188} WARNING - 
The above exception was the direct cause of the following exception:
[2026-09-16T15:45:52.900+0000] {logging_mixin.py:188} WARNING - Traceback (most recent call last):
[2026-09-16T15:45:52.901+0000] {logging_mixin.py:188} WARNING -   File "/home/airflow/.local/lib/python3.10/site-packages/requests/adapters.py", line 486, in send
    resp = conn.urlopen(
[2026-09-16T15:45:52.903+0000] {logging_mixin.py:188} WARNING -   File "/home/airflow/.local/lib/python3.10/site-packages/urllib3/connectionpool.py", line 847, in urlopen
    retries = retries.increment(
[2026-09-16T15:45:52.905+0000] {logging_mixin.py:188} WARNING -   File "/home/airflow/.local/lib/python3.10/site-packages/urllib3/util/retry.py", line 515, in increment
    raise MaxRetryError(_pool, url, reason) from reason  # type: ignore[arg-type]
[2026-09-16T15:45:52.908+0000] {logging_mixin.py:188} WARNING - urllib3.exceptions.MaxRetryError: HTTPSConnectionPool(host='www.googleapis.com', port=443): Max retries exceeded with url: /youtube/v3/videos?part=snippet%2Cstatistics%2CcontentDetails&id=FWAdfuPpLOc&key=AIzaSyCu0SeP4QtsaF8H6qeF4NcFYaRehf3ot8w (Caused by NameResolutionError("<urllib3.connection.HTTPSConnection object at 0x7bc5c06d7e50>: Failed to resolve 'www.googleapis.com' ([Errno -5] No address associated with hostname)"))
[2026-09-16T15:45:52.909+0000] {logging_mixin.py:188} WARNING - 
During handling of the above exception, another exception occurred:
[2026-09-16T15:45:52.910+0000] {logging_mixin.py:188} WARNING - Traceback (most recent call last):
[2026-09-16T15:45:52.911+0000] {logging_mixin.py:188} WARNING -   File "/opt/airflow/src/app.py", line 72, in get_all_videos
    video = clt.get_video_info(id, self.config.videoInfoUrl,
[2026-09-16T15:45:52.912+0000] {logging_mixin.py:188} WARNING -   File "/opt/airflow/src/controller/info.py", line 12, in get_video_info
    response: req.Response = req.get(url, params=params)
[2026-09-16T15:45:52.912+0000] {logging_mixin.py:188} WARNING -   File "/home/airflow/.local/lib/python3.10/site-packages/requests/api.py", line 73, in get
    return request("get", url, params=params, **kwargs)
[2026-09-16T15:45:52.913+0000] {logging_mixin.py:188} WARNING -   File "/home/airflow/.local/lib/python3.10/site-packages/requests/api.py", line 59, in request
    return session.request(method=method, url=url, **kwargs)
[2026-09-16T15:45:52.914+0000] {logging_mixin.py:188} WARNING -   File "/home/airflow/.local/lib/python3.10/site-packages/requests/sessions.py", line 589, in request
    resp = self.send(prep, **send_kwargs)
[2026-09-16T15:45:52.915+0000] {logging_mixin.py:188} WARNING -   File "/home/airflow/.local/lib/python3.10/site-packages/requests/sessions.py", line 703, in send
    r = adapter.send(request, **kwargs)
[2026-09-16T15:45:52.916+0000] {logging_mixin.py:188} WARNING -   File "/home/airflow/.local/lib/python3.10/site-packages/requests/adapters.py", line 519, in send
    raise ConnectionError(e, request=request)
[2026-09-16T15:45:52.917+0000] {logging_mixin.py:188} WARNING - requests.exceptions.ConnectionError: HTTPSConnectionPool(host='www.googleapis.com', port=443): Max retries exceeded with url: /youtube/v3/videos?part=snippet%2Cstatistics%2CcontentDetails&id=FWAdfuPpLOc&key=AIzaSyCu0SeP4QtsaF8H6qeF4NcFYaRehf3ot8w (Caused by NameResolutionError("<urllib3.connection.HTTPSConnection object at 0x7bc5c06d7e50>: Failed to resolve 'www.googleapis.com' ([Errno -5] No address associated with hostname)"))
[2026-09-16T15:45:52.935+0000] {logging_mixin.py:188} WARNING - Traceback (most recent call last):
[2026-09-16T15:45:52.938+0000] {logging_mixin.py:188} WARNING -   File "/home/airflow/.local/lib/python3.10/site-packages/urllib3/connection.py", line 198, in _new_conn
    sock = connection.create_connection(
[2026-09-16T15:45:52.939+0000] {logging_mixin.py:188} WARNING -   File "/home/airflow/.local/lib/python3.10/site-packages/urllib3/util/connection.py", line 60, in create_connection
    for res in socket.getaddrinfo(host, port, family, socket.SOCK_STREAM):
[2026-09-16T15:45:52.940+0000] {logging_mixin.py:188} WARNING -   File "/usr/local/lib/python3.10/socket.py", line 955, in getaddrinfo
    for res in _socket.getaddrinfo(host, port, family, type, proto, flags):
[2026-09-16T15:45:52.941+0000] {logging_mixin.py:188} WARNING - socket.gaierror: [Errno -5] No address associated with hostname
[2026-09-16T15:45:52.941+0000] {logging_mixin.py:188} WARNING - 
The above exception was the direct cause of the following exception:
[2026-09-16T15:45:52.942+0000] {logging_mixin.py:188} WARNING - Traceback (most recent call last):
[2026-09-16T15:45:52.943+0000] {logging_mixin.py:188} WARNING -   File "/home/airflow/.local/lib/python3.10/site-packages/urllib3/connectionpool.py", line 793, in urlopen
    response = self._make_request(
[2026-09-16T15:45:52.944+0000] {logging_mixin.py:188} WARNING -   File "/home/airflow/.local/lib/python3.10/site-packages/urllib3/connectionpool.py", line 491, in _make_request
    raise new_e
[2026-09-16T15:45:52.945+0000] {logging_mixin.py:188} WARNING -   File "/home/airflow/.local/lib/python3.10/site-packages/urllib3/connectionpool.py", line 467, in _make_request
    self._validate_conn(conn)
[2026-09-16T15:45:52.945+0000] {logging_mixin.py:188} WARNING -   File "/home/airflow/.local/lib/python3.10/site-packages/urllib3/connectionpool.py", line 1099, in _validate_conn
    conn.connect()
[2026-09-16T15:45:52.946+0000] {logging_mixin.py:188} WARNING -   File "/home/airflow/.local/lib/python3.10/site-packages/urllib3/connection.py", line 616, in connect
    self.sock = sock = self._new_conn()
[2026-09-16T15:45:52.946+0000] {logging_mixin.py:188} WARNING -   File "/home/airflow/.local/lib/python3.10/site-packages/urllib3/connection.py", line 205, in _new_conn
    raise NameResolutionError(self.host, self, e) from e
[2026-09-16T15:45:52.947+0000] {logging_mixin.py:188} WARNING - urllib3.exceptions.NameResolutionError: <urllib3.connection.HTTPSConnection object at 0x7bc5c06d4bb0>: Failed to resolve 'www.googleapis.com' ([Errno -5] No address associated with hostname)
[2026-09-16T15:45:52.947+0000] {logging_mixin.py:188} WARNING - 
The above exception was the direct cause of the following exception:
[2026-09-16T15:45:52.948+0000] {logging_mixin.py:188} WARNING - Traceback (most recent call last):
[2026-09-16T15:45:52.949+0000] {logging_mixin.py:188} WARNING -   File "/home/airflow/.local/lib/python3.10/site-packages/requests/adapters.py", line 486, in send
    resp = conn.urlopen(
[2026-09-16T15:45:52.949+0000] {logging_mixin.py:188} WARNING -   File "/home/airflow/.local/lib/python3.10/site-packages/urllib3/connectionpool.py", line 847, in urlopen
    retries = retries.increment(
[2026-09-16T15:45:52.950+0000] {logging_mixin.py:188} WARNING -   File "/home/airflow/.local/lib/python3.10/site-packages/urllib3/util/retry.py", line 515, in increment
    raise MaxRetryError(_pool, url, reason) from reason  # type: ignore[arg-type]
[2026-09-16T15:45:52.950+0000] {logging_mixin.py:188} WARNING - urllib3.exceptions.MaxRetryError: HTTPSConnectionPool(host='www.googleapis.com', port=443): Max retries exceeded with url: /youtube/v3/videos?part=snippet%2Cstatistics%2CcontentDetails&id=NjlP2_l1Wr0&key=AIzaSyCu0SeP4QtsaF8H6qeF4NcFYaRehf3ot8w (Caused by NameResolutionError("<urllib3.connection.HTTPSConnection object at 0x7bc5c06d4bb0>: Failed to resolve 'www.googleapis.com' ([Errno -5] No address associated with hostname)"))
[2026-09-16T15:45:52.950+0000] {logging_mixin.py:188} WARNING - 
During handling of the above exception, another exception occurred:
[2026-09-16T15:45:52.951+0000] {logging_mixin.py:188} WARNING - Traceback (most recent call last):
[2026-09-16T15:45:52.951+0000] {logging_mixin.py:188} WARNING -   File "/opt/airflow/src/app.py", line 72, in get_all_videos
    video = clt.get_video_info(id, self.config.videoInfoUrl,
[2026-09-16T15:45:52.953+0000] {logging_mixin.py:188} WARNING -   File "/opt/airflow/src/controller/info.py", line 12, in get_video_info
    response: req.Response = req.get(url, params=params)
[2026-09-16T15:45:52.953+0000] {logging_mixin.py:188} WARNING -   File "/home/airflow/.local/lib/python3.10/site-packages/requests/api.py", line 73, in get
    return request("get", url, params=params, **kwargs)
[2026-09-16T15:45:52.955+0000] {logging_mixin.py:188} WARNING -   File "/home/airflow/.local/lib/python3.10/site-packages/requests/api.py", line 59, in request
    return session.request(method=method, url=url, **kwargs)
[2026-09-16T15:45:52.956+0000] {logging_mixin.py:188} WARNING -   File "/home/airflow/.local/lib/python3.10/site-packages/requests/sessions.py", line 589, in request
    resp = self.send(prep, **send_kwargs)
[2026-09-16T15:45:52.956+0000] {logging_mixin.py:188} WARNING -   File "/home/airflow/.local/lib/python3.10/site-packages/requests/sessions.py", line 703, in send
    r = adapter.send(request, **kwargs)
[2026-09-16T15:45:52.957+0000] {logging_mixin.py:188} WARNING -   File "/home/airflow/.local/lib/python3.10/site-packages/requests/adapters.py", line 519, in send
    raise ConnectionError(e, request=request)
[2026-09-16T15:45:52.957+0000] {logging_mixin.py:188} WARNING - requests.exceptions.ConnectionError: HTTPSConnectionPool(host='www.googleapis.com', port=443): Max retries exceeded with url: /youtube/v3/videos?part=snippet%2Cstatistics%2CcontentDetails&id=NjlP2_l1Wr0&key=AIzaSyCu0SeP4QtsaF8H6qeF4NcFYaRehf3ot8w (Caused by NameResolutionError("<urllib3.connection.HTTPSConnection object at 0x7bc5c06d4bb0>: Failed to resolve 'www.googleapis.com' ([Errno -5] No address associated with hostname)"))
[2026-09-16T15:45:52.967+0000] {logging_mixin.py:188} WARNING - Traceback (most recent call last):
[2026-09-16T15:45:52.968+0000] {logging_mixin.py:188} WARNING -   File "/home/airflow/.local/lib/python3.10/site-packages/urllib3/connection.py", line 198, in _new_conn
    sock = connection.create_connection(
[2026-09-16T15:45:52.971+0000] {logging_mixin.py:188} WARNING -   File "/home/airflow/.local/lib/python3.10/site-packages/urllib3/util/connection.py", line 60, in create_connection
    for res in socket.getaddrinfo(host, port, family, socket.SOCK_STREAM):
[2026-09-16T15:45:52.972+0000] {logging_mixin.py:188} WARNING -   File "/usr/local/lib/python3.10/socket.py", line 955, in getaddrinfo
    for res in _socket.getaddrinfo(host, port, family, type, proto, flags):
[2026-09-16T15:45:52.973+0000] {logging_mixin.py:188} WARNING - socket.gaierror: [Errno -5] No address associated with hostname
[2026-09-16T15:45:52.974+0000] {logging_mixin.py:188} WARNING - 
The above exception was the direct cause of the following exception:
[2026-09-16T15:45:52.975+0000] {logging_mixin.py:188} WARNING - Traceback (most recent call last):
[2026-09-16T15:45:52.976+0000] {logging_mixin.py:188} WARNING -   File "/home/airflow/.local/lib/python3.10/site-packages/urllib3/connectionpool.py", line 793, in urlopen
    response = self._make_request(
[2026-09-16T15:45:52.976+0000] {logging_mixin.py:188} WARNING -   File "/home/airflow/.local/lib/python3.10/site-packages/urllib3/connectionpool.py", line 491, in _make_request
    raise new_e
[2026-09-16T15:45:52.977+0000] {logging_mixin.py:188} WARNING -   File "/home/airflow/.local/lib/python3.10/site-packages/urllib3/connectionpool.py", line 467, in _make_request
    self._validate_conn(conn)
[2026-09-16T15:45:52.977+0000] {logging_mixin.py:188} WARNING -   File "/home/airflow/.local/lib/python3.10/site-packages/urllib3/connectionpool.py", line 1099, in _validate_conn
    conn.connect()
[2026-09-16T15:45:52.978+0000] {logging_mixin.py:188} WARNING -   File "/home/airflow/.local/lib/python3.10/site-packages/urllib3/connection.py", line 616, in connect
    self.sock = sock = self._new_conn()
[2026-09-16T15:45:52.978+0000] {logging_mixin.py:188} WARNING -   File "/home/airflow/.local/lib/python3.10/site-packages/urllib3/connection.py", line 205, in _new_conn
    raise NameResolutionError(self.host, self, e) from e
[2026-09-16T15:45:52.978+0000] {logging_mixin.py:188} WARNING - urllib3.exceptions.NameResolutionError: <urllib3.connection.HTTPSConnection object at 0x7bc5c06d6e30>: Failed to resolve 'www.googleapis.com' ([Errno -5] No address associated with hostname)
[2026-09-16T15:45:52.979+0000] {logging_mixin.py:188} WARNING - 
The above exception was the direct cause of the following exception:
[2026-09-16T15:45:52.980+0000] {logging_mixin.py:188} WARNING - Traceback (most recent call last):
[2026-09-16T15:45:52.980+0000] {logging_mixin.py:188} WARNING -   File "/home/airflow/.local/lib/python3.10/site-packages/requests/adapters.py", line 486, in send
    resp = conn.urlopen(
[2026-09-16T15:45:52.980+0000] {logging_mixin.py:188} WARNING -   File "/home/airflow/.local/lib/python3.10/site-packages/urllib3/connectionpool.py", line 847, in urlopen
    retries = retries.increment(
[2026-09-16T15:45:52.981+0000] {logging_mixin.py:188} WARNING -   File "/home/airflow/.local/lib/python3.10/site-packages/urllib3/util/retry.py", line 515, in increment
    raise MaxRetryError(_pool, url, reason) from reason  # type: ignore[arg-type]
[2026-09-16T15:45:52.981+0000] {logging_mixin.py:188} WARNING - urllib3.exceptions.MaxRetryError: HTTPSConnectionPool(host='www.googleapis.com', port=443): Max retries exceeded with url: /youtube/v3/videos?part=snippet%2Cstatistics%2CcontentDetails&id=gGcaGdHlt60&key=AIzaSyCu0SeP4QtsaF8H6qeF4NcFYaRehf3ot8w (Caused by NameResolutionError("<urllib3.connection.HTTPSConnection object at 0x7bc5c06d6e30>: Failed to resolve 'www.googleapis.com' ([Errno -5] No address associated with hostname)"))
[2026-09-16T15:45:52.982+0000] {logging_mixin.py:188} WARNING - 
During handling of the above exception, another exception occurred:
[2026-09-16T15:45:52.983+0000] {logging_mixin.py:188} WARNING - Traceback (most recent call last):
[2026-09-16T15:45:52.983+0000] {logging_mixin.py:188} WARNING -   File "/opt/airflow/src/app.py", line 72, in get_all_videos
    video = clt.get_video_info(id, self.config.videoInfoUrl,
[2026-09-16T15:45:52.984+0000] {logging_mixin.py:188} WARNING -   File "/opt/airflow/src/controller/info.py", line 12, in get_video_info
    response: req.Response = req.get(url, params=params)
[2026-09-16T15:45:52.985+0000] {logging_mixin.py:188} WARNING -   File "/home/airflow/.local/lib/python3.10/site-packages/requests/api.py", line 73, in get
    return request("get", url, params=params, **kwargs)
[2026-09-16T15:45:52.986+0000] {logging_mixin.py:188} WARNING -   File "/home/airflow/.local/lib/python3.10/site-packages/requests/api.py", line 59, in request
    return session.request(method=method, url=url, **kwargs)
[2026-09-16T15:45:52.987+0000] {logging_mixin.py:188} WARNING -   File "/home/airflow/.local/lib/python3.10/site-packages/requests/sessions.py", line 589, in request
    resp = self.send(prep, **send_kwargs)
[2026-09-16T15:45:52.988+0000] {logging_mixin.py:188} WARNING -   File "/home/airflow/.local/lib/python3.10/site-packages/requests/sessions.py", line 703, in send
    r = adapter.send(request, **kwargs)
[2026-09-16T15:45:52.988+0000] {logging_mixin.py:188} WARNING -   File "/home/airflow/.local/lib/python3.10/site-packages/requests/adapters.py", line 519, in send
    raise ConnectionError(e, request=request)
[2026-09-16T15:45:52.989+0000] {logging_mixin.py:188} WARNING - requests.exceptions.ConnectionError: HTTPSConnectionPool(host='www.googleapis.com', port=443): Max retries exceeded with url: /youtube/v3/videos?part=snippet%2Cstatistics%2CcontentDetails&id=gGcaGdHlt60&key=AIzaSyCu0SeP4QtsaF8H6qeF4NcFYaRehf3ot8w (Caused by NameResolutionError("<urllib3.connection.HTTPSConnection object at 0x7bc5c06d6e30>: Failed to resolve 'www.googleapis.com' ([Errno -5] No address associated with hostname)"))
[2026-09-16T15:45:52.998+0000] {logging_mixin.py:188} WARNING - Traceback (most recent call last):
[2026-09-16T15:45:52.999+0000] {logging_mixin.py:188} WARNING -   File "/home/airflow/.local/lib/python3.10/site-packages/urllib3/connection.py", line 198, in _new_conn
    sock = connection.create_connection(
[2026-09-16T15:45:53.000+0000] {logging_mixin.py:188} WARNING -   File "/home/airflow/.local/lib/python3.10/site-packages/urllib3/util/connection.py", line 60, in create_connection
    for res in socket.getaddrinfo(host, port, family, socket.SOCK_STREAM):
[2026-09-16T15:45:53.000+0000] {logging_mixin.py:188} WARNING -   File "/usr/local/lib/python3.10/socket.py", line 955, in getaddrinfo
    for res in _socket.getaddrinfo(host, port, family, type, proto, flags):
[2026-09-16T15:45:53.001+0000] {logging_mixin.py:188} WARNING - socket.gaierror: [Errno -5] No address associated with hostname
[2026-09-16T15:45:53.002+0000] {logging_mixin.py:188} WARNING - 
The above exception was the direct cause of the following exception:
[2026-09-16T15:45:53.004+0000] {logging_mixin.py:188} WARNING - Traceback (most recent call last):
[2026-09-16T15:45:53.005+0000] {logging_mixin.py:188} WARNING -   File "/home/airflow/.local/lib/python3.10/site-packages/urllib3/connectionpool.py", line 793, in urlopen
    response = self._make_request(
[2026-09-16T15:45:53.005+0000] {logging_mixin.py:188} WARNING -   File "/home/airflow/.local/lib/python3.10/site-packages/urllib3/connectionpool.py", line 491, in _make_request
    raise new_e
[2026-09-16T15:45:53.006+0000] {logging_mixin.py:188} WARNING -   File "/home/airflow/.local/lib/python3.10/site-packages/urllib3/connectionpool.py", line 467, in _make_request
    self._validate_conn(conn)
[2026-09-16T15:45:53.007+0000] {logging_mixin.py:188} WARNING -   File "/home/airflow/.local/lib/python3.10/site-packages/urllib3/connectionpool.py", line 1099, in _validate_conn
    conn.connect()
[2026-09-16T15:45:53.007+0000] {logging_mixin.py:188} WARNING -   File "/home/airflow/.local/lib/python3.10/site-packages/urllib3/connection.py", line 616, in connect
    self.sock = sock = self._new_conn()
[2026-09-16T15:45:53.008+0000] {logging_mixin.py:188} WARNING -   File "/home/airflow/.local/lib/python3.10/site-packages/urllib3/connection.py", line 205, in _new_conn
    raise NameResolutionError(self.host, self, e) from e
[2026-09-16T15:45:53.008+0000] {logging_mixin.py:188} WARNING - urllib3.exceptions.NameResolutionError: <urllib3.connection.HTTPSConnection object at 0x7bc5c06d6fb0>: Failed to resolve 'www.googleapis.com' ([Errno -5] No address associated with hostname)
[2026-09-16T15:45:53.008+0000] {logging_mixin.py:188} WARNING - 
The above exception was the direct cause of the following exception:
[2026-09-16T15:45:53.009+0000] {logging_mixin.py:188} WARNING - Traceback (most recent call last):
[2026-09-16T15:45:53.009+0000] {logging_mixin.py:188} WARNING -   File "/home/airflow/.local/lib/python3.10/site-packages/requests/adapters.py", line 486, in send
    resp = conn.urlopen(
[2026-09-16T15:45:53.010+0000] {logging_mixin.py:188} WARNING -   File "/home/airflow/.local/lib/python3.10/site-packages/urllib3/connectionpool.py", line 847, in urlopen
    retries = retries.increment(
[2026-09-16T15:45:53.010+0000] {logging_mixin.py:188} WARNING -   File "/home/airflow/.local/lib/python3.10/site-packages/urllib3/util/retry.py", line 515, in increment
    raise MaxRetryError(_pool, url, reason) from reason  # type: ignore[arg-type]
[2026-09-16T15:45:53.011+0000] {logging_mixin.py:188} WARNING - urllib3.exceptions.MaxRetryError: HTTPSConnectionPool(host='www.googleapis.com', port=443): Max retries exceeded with url: /youtube/v3/videos?part=snippet%2Cstatistics%2CcontentDetails&id=pe_ejTiIcSs&key=AIzaSyCu0SeP4QtsaF8H6qeF4NcFYaRehf3ot8w (Caused by NameResolutionError("<urllib3.connection.HTTPSConnection object at 0x7bc5c06d6fb0>: Failed to resolve 'www.googleapis.com' ([Errno -5] No address associated with hostname)"))
[2026-09-16T15:45:53.011+0000] {logging_mixin.py:188} WARNING - 
During handling of the above exception, another exception occurred:
[2026-09-16T15:45:53.011+0000] {logging_mixin.py:188} WARNING - Traceback (most recent call last):
[2026-09-16T15:45:53.012+0000] {logging_mixin.py:188} WARNING -   File "/opt/airflow/src/app.py", line 72, in get_all_videos
    video = clt.get_video_info(id, self.config.videoInfoUrl,
[2026-09-16T15:45:53.012+0000] {logging_mixin.py:188} WARNING -   File "/opt/airflow/src/controller/info.py", line 12, in get_video_info
    response: req.Response = req.get(url, params=params)
[2026-09-16T15:45:53.013+0000] {logging_mixin.py:188} WARNING -   File "/home/airflow/.local/lib/python3.10/site-packages/requests/api.py", line 73, in get
    return request("get", url, params=params, **kwargs)
[2026-09-16T15:45:53.013+0000] {logging_mixin.py:188} WARNING -   File "/home/airflow/.local/lib/python3.10/site-packages/requests/api.py", line 59, in request
    return session.request(method=method, url=url, **kwargs)
[2026-09-16T15:45:53.014+0000] {logging_mixin.py:188} WARNING -   File "/home/airflow/.local/lib/python3.10/site-packages/requests/sessions.py", line 589, in request
    resp = self.send(prep, **send_kwargs)
[2026-09-16T15:45:53.014+0000] {logging_mixin.py:188} WARNING -   File "/home/airflow/.local/lib/python3.10/site-packages/requests/sessions.py", line 703, in send
    r = adapter.send(request, **kwargs)
[2026-09-16T15:45:53.015+0000] {logging_mixin.py:188} WARNING -   File "/home/airflow/.local/lib/python3.10/site-packages/requests/adapters.py", line 519, in send
    raise ConnectionError(e, request=request)
[2026-09-16T15:45:53.015+0000] {logging_mixin.py:188} WARNING - requests.exceptions.ConnectionError: HTTPSConnectionPool(host='www.googleapis.com', port=443): Max retries exceeded with url: /youtube/v3/videos?part=snippet%2Cstatistics%2CcontentDetails&id=pe_ejTiIcSs&key=AIzaSyCu0SeP4QtsaF8H6qeF4NcFYaRehf3ot8w (Caused by NameResolutionError("<urllib3.connection.HTTPSConnection object at 0x7bc5c06d6fb0>: Failed to resolve 'www.googleapis.com' ([Errno -5] No address associated with hostname)"))
[2026-09-16T15:45:53.027+0000] {logging_mixin.py:188} WARNING - Traceback (most recent call last):
[2026-09-16T15:45:53.028+0000] {logging_mixin.py:188} WARNING -   File "/home/airflow/.local/lib/python3.10/site-packages/urllib3/connection.py", line 198, in _new_conn
    sock = connection.create_connection(
[2026-09-16T15:45:53.028+0000] {logging_mixin.py:188} WARNING -   File "/home/airflow/.local/lib/python3.10/site-packages/urllib3/util/connection.py", line 60, in create_connection
    for res in socket.getaddrinfo(host, port, family, socket.SOCK_STREAM):
[2026-09-16T15:45:53.029+0000] {logging_mixin.py:188} WARNING -   File "/usr/local/lib/python3.10/socket.py", line 955, in getaddrinfo
    for res in _socket.getaddrinfo(host, port, family, type, proto, flags):
[2026-09-16T15:45:53.029+0000] {logging_mixin.py:188} WARNING - socket.gaierror: [Errno -5] No address associated with hostname
[2026-09-16T15:45:53.030+0000] {logging_mixin.py:188} WARNING - 
The above exception was the direct cause of the following exception:
[2026-09-16T15:45:53.030+0000] {logging_mixin.py:188} WARNING - Traceback (most recent call last):
[2026-09-16T15:45:53.031+0000] {logging_mixin.py:188} WARNING -   File "/home/airflow/.local/lib/python3.10/site-packages/urllib3/connectionpool.py", line 793, in urlopen
    response = self._make_request(
[2026-09-16T15:45:53.031+0000] {logging_mixin.py:188} WARNING -   File "/home/airflow/.local/lib/python3.10/site-packages/urllib3/connectionpool.py", line 491, in _make_request
    raise new_e
[2026-09-16T15:45:53.032+0000] {logging_mixin.py:188} WARNING -   File "/home/airflow/.local/lib/python3.10/site-packages/urllib3/connectionpool.py", line 467, in _make_request
    self._validate_conn(conn)
[2026-09-16T15:45:53.032+0000] {logging_mixin.py:188} WARNING -   File "/home/airflow/.local/lib/python3.10/site-packages/urllib3/connectionpool.py", line 1099, in _validate_conn
    conn.connect()
[2026-09-16T15:45:53.033+0000] {logging_mixin.py:188} WARNING -   File "/home/airflow/.local/lib/python3.10/site-packages/urllib3/connection.py", line 616, in connect
    self.sock = sock = self._new_conn()
[2026-09-16T15:45:53.033+0000] {logging_mixin.py:188} WARNING -   File "/home/airflow/.local/lib/python3.10/site-packages/urllib3/connection.py", line 205, in _new_conn
    raise NameResolutionError(self.host, self, e) from e
[2026-09-16T15:45:53.034+0000] {logging_mixin.py:188} WARNING - urllib3.exceptions.NameResolutionError: <urllib3.connection.HTTPSConnection object at 0x7bc5c0667df0>: Failed to resolve 'www.googleapis.com' ([Errno -5] No address associated with hostname)
[2026-09-16T15:45:53.034+0000] {logging_mixin.py:188} WARNING - 
The above exception was the direct cause of the following exception:
[2026-09-16T15:45:53.037+0000] {logging_mixin.py:188} WARNING - Traceback (most recent call last):
[2026-09-16T15:45:53.038+0000] {logging_mixin.py:188} WARNING -   File "/home/airflow/.local/lib/python3.10/site-packages/requests/adapters.py", line 486, in send
    resp = conn.urlopen(
[2026-09-16T15:45:53.039+0000] {logging_mixin.py:188} WARNING -   File "/home/airflow/.local/lib/python3.10/site-packages/urllib3/connectionpool.py", line 847, in urlopen
    retries = retries.increment(
[2026-09-16T15:45:53.040+0000] {logging_mixin.py:188} WARNING -   File "/home/airflow/.local/lib/python3.10/site-packages/urllib3/util/retry.py", line 515, in increment
    raise MaxRetryError(_pool, url, reason) from reason  # type: ignore[arg-type]
[2026-09-16T15:45:53.040+0000] {logging_mixin.py:188} WARNING - urllib3.exceptions.MaxRetryError: HTTPSConnectionPool(host='www.googleapis.com', port=443): Max retries exceeded with url: /youtube/v3/videos?part=snippet%2Cstatistics%2CcontentDetails&id=V6In4tmd-w8&key=AIzaSyCu0SeP4QtsaF8H6qeF4NcFYaRehf3ot8w (Caused by NameResolutionError("<urllib3.connection.HTTPSConnection object at 0x7bc5c0667df0>: Failed to resolve 'www.googleapis.com' ([Errno -5] No address associated with hostname)"))
[2026-09-16T15:45:53.041+0000] {logging_mixin.py:188} WARNING - 
During handling of the above exception, another exception occurred:
[2026-09-16T15:45:53.042+0000] {logging_mixin.py:188} WARNING - Traceback (most recent call last):
[2026-09-16T15:45:53.042+0000] {logging_mixin.py:188} WARNING -   File "/opt/airflow/src/app.py", line 72, in get_all_videos
    video = clt.get_video_info(id, self.config.videoInfoUrl,
[2026-09-16T15:45:53.043+0000] {logging_mixin.py:188} WARNING -   File "/opt/airflow/src/controller/info.py", line 12, in get_video_info
    response: req.Response = req.get(url, params=params)
[2026-09-16T15:45:53.044+0000] {logging_mixin.py:188} WARNING -   File "/home/airflow/.local/lib/python3.10/site-packages/requests/api.py", line 73, in get
    return request("get", url, params=params, **kwargs)
[2026-09-16T15:45:53.044+0000] {logging_mixin.py:188} WARNING -   File "/home/airflow/.local/lib/python3.10/site-packages/requests/api.py", line 59, in request
    return session.request(method=method, url=url, **kwargs)
[2026-09-16T15:45:53.045+0000] {logging_mixin.py:188} WARNING -   File "/home/airflow/.local/lib/python3.10/site-packages/requests/sessions.py", line 589, in request
    resp = self.send(prep, **send_kwargs)
[2026-09-16T15:45:53.045+0000] {logging_mixin.py:188} WARNING -   File "/home/airflow/.local/lib/python3.10/site-packages/requests/sessions.py", line 703, in send
    r = adapter.send(request, **kwargs)
[2026-09-16T15:45:53.046+0000] {logging_mixin.py:188} WARNING -   File "/home/airflow/.local/lib/python3.10/site-packages/requests/adapters.py", line 519, in send
    raise ConnectionError(e, request=request)
[2026-09-16T15:45:53.046+0000] {logging_mixin.py:188} WARNING - requests.exceptions.ConnectionError: HTTPSConnectionPool(host='www.googleapis.com', port=443): Max retries exceeded with url: /youtube/v3/videos?part=snippet%2Cstatistics%2CcontentDetails&id=V6In4tmd-w8&key=AIzaSyCu0SeP4QtsaF8H6qeF4NcFYaRehf3ot8w (Caused by NameResolutionError("<urllib3.connection.HTTPSConnection object at 0x7bc5c0667df0>: Failed to resolve 'www.googleapis.com' ([Errno -5] No address associated with hostname)"))
[2026-09-16T15:45:53.058+0000] {logging_mixin.py:188} WARNING - Traceback (most recent call last):
[2026-09-16T15:45:53.059+0000] {logging_mixin.py:188} WARNING -   File "/home/airflow/.local/lib/python3.10/site-packages/urllib3/connection.py", line 198, in _new_conn
    sock = connection.create_connection(
[2026-09-16T15:45:53.060+0000] {logging_mixin.py:188} WARNING -   File "/home/airflow/.local/lib/python3.10/site-packages/urllib3/util/connection.py", line 60, in create_connection
    for res in socket.getaddrinfo(host, port, family, socket.SOCK_STREAM):
[2026-09-16T15:45:53.060+0000] {logging_mixin.py:188} WARNING -   File "/usr/local/lib/python3.10/socket.py", line 955, in getaddrinfo
    for res in _socket.getaddrinfo(host, port, family, type, proto, flags):
[2026-09-16T15:45:53.061+0000] {logging_mixin.py:188} WARNING - socket.gaierror: [Errno -5] No address associated with hostname
[2026-09-16T15:45:53.061+0000] {logging_mixin.py:188} WARNING - 
The above exception was the direct cause of the following exception:
[2026-09-16T15:45:53.061+0000] {logging_mixin.py:188} WARNING - Traceback (most recent call last):
[2026-09-16T15:45:53.062+0000] {logging_mixin.py:188} WARNING -   File "/home/airflow/.local/lib/python3.10/site-packages/urllib3/connectionpool.py", line 793, in urlopen
    response = self._make_request(
[2026-09-16T15:45:53.062+0000] {logging_mixin.py:188} WARNING -   File "/home/airflow/.local/lib/python3.10/site-packages/urllib3/connectionpool.py", line 491, in _make_request
    raise new_e
[2026-09-16T15:45:53.063+0000] {logging_mixin.py:188} WARNING -   File "/home/airflow/.local/lib/python3.10/site-packages/urllib3/connectionpool.py", line 467, in _make_request
    self._validate_conn(conn)
[2026-09-16T15:45:53.063+0000] {logging_mixin.py:188} WARNING -   File "/home/airflow/.local/lib/python3.10/site-packages/urllib3/connectionpool.py", line 1099, in _validate_conn
    conn.connect()
[2026-09-16T15:45:53.064+0000] {logging_mixin.py:188} WARNING -   File "/home/airflow/.local/lib/python3.10/site-packages/urllib3/connection.py", line 616, in connect
    self.sock = sock = self._new_conn()
[2026-09-16T15:45:53.064+0000] {logging_mixin.py:188} WARNING -   File "/home/airflow/.local/lib/python3.10/site-packages/urllib3/connection.py", line 205, in _new_conn
    raise NameResolutionError(self.host, self, e) from e
[2026-09-16T15:45:53.065+0000] {logging_mixin.py:188} WARNING - urllib3.exceptions.NameResolutionError: <urllib3.connection.HTTPSConnection object at 0x7bc5c05d0460>: Failed to resolve 'www.googleapis.com' ([Errno -5] No address associated with hostname)
[2026-09-16T15:45:53.065+0000] {logging_mixin.py:188} WARNING - 
The above exception was the direct cause of the following exception:
[2026-09-16T15:45:53.065+0000] {logging_mixin.py:188} WARNING - Traceback (most recent call last):
[2026-09-16T15:45:53.066+0000] {logging_mixin.py:188} WARNING -   File "/home/airflow/.local/lib/python3.10/site-packages/requests/adapters.py", line 486, in send
    resp = conn.urlopen(
[2026-09-16T15:45:53.066+0000] {logging_mixin.py:188} WARNING -   File "/home/airflow/.local/lib/python3.10/site-packages/urllib3/connectionpool.py", line 847, in urlopen
    retries = retries.increment(
[2026-09-16T15:45:53.067+0000] {logging_mixin.py:188} WARNING -   File "/home/airflow/.local/lib/python3.10/site-packages/urllib3/util/retry.py", line 515, in increment
    raise MaxRetryError(_pool, url, reason) from reason  # type: ignore[arg-type]
[2026-09-16T15:45:53.067+0000] {logging_mixin.py:188} WARNING - urllib3.exceptions.MaxRetryError: HTTPSConnectionPool(host='www.googleapis.com', port=443): Max retries exceeded with url: /youtube/v3/videos?part=snippet%2Cstatistics%2CcontentDetails&id=ZGvn9ywXjpY&key=AIzaSyCu0SeP4QtsaF8H6qeF4NcFYaRehf3ot8w (Caused by NameResolutionError("<urllib3.connection.HTTPSConnection object at 0x7bc5c05d0460>: Failed to resolve 'www.googleapis.com' ([Errno -5] No address associated with hostname)"))
[2026-09-16T15:45:53.068+0000] {logging_mixin.py:188} WARNING - 
During handling of the above exception, another exception occurred:
[2026-09-16T15:45:53.071+0000] {logging_mixin.py:188} WARNING - Traceback (most recent call last):
[2026-09-16T15:45:53.073+0000] {logging_mixin.py:188} WARNING -   File "/opt/airflow/src/app.py", line 72, in get_all_videos
    video = clt.get_video_info(id, self.config.videoInfoUrl,
[2026-09-16T15:45:53.073+0000] {logging_mixin.py:188} WARNING -   File "/opt/airflow/src/controller/info.py", line 12, in get_video_info
    response: req.Response = req.get(url, params=params)
[2026-09-16T15:45:53.074+0000] {logging_mixin.py:188} WARNING -   File "/home/airflow/.local/lib/python3.10/site-packages/requests/api.py", line 73, in get
    return request("get", url, params=params, **kwargs)
[2026-09-16T15:45:53.075+0000] {logging_mixin.py:188} WARNING -   File "/home/airflow/.local/lib/python3.10/site-packages/requests/api.py", line 59, in request
    return session.request(method=method, url=url, **kwargs)
[2026-09-16T15:45:53.075+0000] {logging_mixin.py:188} WARNING -   File "/home/airflow/.local/lib/python3.10/site-packages/requests/sessions.py", line 589, in request
    resp = self.send(prep, **send_kwargs)
[2026-09-16T15:45:53.076+0000] {logging_mixin.py:188} WARNING -   File "/home/airflow/.local/lib/python3.10/site-packages/requests/sessions.py", line 703, in send
    r = adapter.send(request, **kwargs)
[2026-09-16T15:45:53.076+0000] {logging_mixin.py:188} WARNING -   File "/home/airflow/.local/lib/python3.10/site-packages/requests/adapters.py", line 519, in send
    raise ConnectionError(e, request=request)
[2026-09-16T15:45:53.077+0000] {logging_mixin.py:188} WARNING - requests.exceptions.ConnectionError: HTTPSConnectionPool(host='www.googleapis.com', port=443): Max retries exceeded with url: /youtube/v3/videos?part=snippet%2Cstatistics%2CcontentDetails&id=ZGvn9ywXjpY&key=AIzaSyCu0SeP4QtsaF8H6qeF4NcFYaRehf3ot8w (Caused by NameResolutionError("<urllib3.connection.HTTPSConnection object at 0x7bc5c05d0460>: Failed to resolve 'www.googleapis.com' ([Errno -5] No address associated with hostname)"))
[2026-09-16T15:45:53.089+0000] {logging_mixin.py:188} WARNING - Traceback (most recent call last):
[2026-09-16T15:45:53.090+0000] {logging_mixin.py:188} WARNING -   File "/home/airflow/.local/lib/python3.10/site-packages/urllib3/connection.py", line 198, in _new_conn
    sock = connection.create_connection(
[2026-09-16T15:45:53.091+0000] {logging_mixin.py:188} WARNING -   File "/home/airflow/.local/lib/python3.10/site-packages/urllib3/util/connection.py", line 60, in create_connection
    for res in socket.getaddrinfo(host, port, family, socket.SOCK_STREAM):
[2026-09-16T15:45:53.091+0000] {logging_mixin.py:188} WARNING -   File "/usr/local/lib/python3.10/socket.py", line 955, in getaddrinfo
    for res in _socket.getaddrinfo(host, port, family, type, proto, flags):
[2026-09-16T15:45:53.092+0000] {logging_mixin.py:188} WARNING - socket.gaierror: [Errno -5] No address associated with hostname
[2026-09-16T15:45:53.093+0000] {logging_mixin.py:188} WARNING - 
The above exception was the direct cause of the following exception:
[2026-09-16T15:45:53.093+0000] {logging_mixin.py:188} WARNING - Traceback (most recent call last):
[2026-09-16T15:45:53.094+0000] {logging_mixin.py:188} WARNING -   File "/home/airflow/.local/lib/python3.10/site-packages/urllib3/connectionpool.py", line 793, in urlopen
    response = self._make_request(
[2026-09-16T15:45:53.094+0000] {logging_mixin.py:188} WARNING -   File "/home/airflow/.local/lib/python3.10/site-packages/urllib3/connectionpool.py", line 491, in _make_request
    raise new_e
[2026-09-16T15:45:53.095+0000] {logging_mixin.py:188} WARNING -   File "/home/airflow/.local/lib/python3.10/site-packages/urllib3/connectionpool.py", line 467, in _make_request
    self._validate_conn(conn)
[2026-09-16T15:45:53.095+0000] {logging_mixin.py:188} WARNING -   File "/home/airflow/.local/lib/python3.10/site-packages/urllib3/connectionpool.py", line 1099, in _validate_conn
    conn.connect()
[2026-09-16T15:45:53.095+0000] {logging_mixin.py:188} WARNING -   File "/home/airflow/.local/lib/python3.10/site-packages/urllib3/connection.py", line 616, in connect
    self.sock = sock = self._new_conn()
[2026-09-16T15:45:53.096+0000] {logging_mixin.py:188} WARNING -   File "/home/airflow/.local/lib/python3.10/site-packages/urllib3/connection.py", line 205, in _new_conn
    raise NameResolutionError(self.host, self, e) from e
[2026-09-16T15:45:53.097+0000] {logging_mixin.py:188} WARNING - urllib3.exceptions.NameResolutionError: <urllib3.connection.HTTPSConnection object at 0x7bc5c0667f10>: Failed to resolve 'www.googleapis.com' ([Errno -5] No address associated with hostname)
[2026-09-16T15:45:53.097+0000] {logging_mixin.py:188} WARNING - 
The above exception was the direct cause of the following exception:
[2026-09-16T15:45:53.097+0000] {logging_mixin.py:188} WARNING - Traceback (most recent call last):
[2026-09-16T15:45:53.097+0000] {logging_mixin.py:188} WARNING -   File "/home/airflow/.local/lib/python3.10/site-packages/requests/adapters.py", line 486, in send
    resp = conn.urlopen(
[2026-09-16T15:45:53.098+0000] {logging_mixin.py:188} WARNING -   File "/home/airflow/.local/lib/python3.10/site-packages/urllib3/connectionpool.py", line 847, in urlopen
    retries = retries.increment(
[2026-09-16T15:45:53.098+0000] {logging_mixin.py:188} WARNING -   File "/home/airflow/.local/lib/python3.10/site-packages/urllib3/util/retry.py", line 515, in increment
    raise MaxRetryError(_pool, url, reason) from reason  # type: ignore[arg-type]
[2026-09-16T15:45:53.098+0000] {logging_mixin.py:188} WARNING - urllib3.exceptions.MaxRetryError: HTTPSConnectionPool(host='www.googleapis.com', port=443): Max retries exceeded with url: /youtube/v3/videos?part=snippet%2Cstatistics%2CcontentDetails&id=hTSaweR8qMI&key=AIzaSyCu0SeP4QtsaF8H6qeF4NcFYaRehf3ot8w (Caused by NameResolutionError("<urllib3.connection.HTTPSConnection object at 0x7bc5c0667f10>: Failed to resolve 'www.googleapis.com' ([Errno -5] No address associated with hostname)"))
[2026-09-16T15:45:53.099+0000] {logging_mixin.py:188} WARNING - 
During handling of the above exception, another exception occurred:
[2026-09-16T15:45:53.099+0000] {logging_mixin.py:188} WARNING - Traceback (most recent call last):
[2026-09-16T15:45:53.100+0000] {logging_mixin.py:188} WARNING -   File "/opt/airflow/src/app.py", line 72, in get_all_videos
    video = clt.get_video_info(id, self.config.videoInfoUrl,
[2026-09-16T15:45:53.100+0000] {logging_mixin.py:188} WARNING -   File "/opt/airflow/src/controller/info.py", line 12, in get_video_info
    response: req.Response = req.get(url, params=params)
[2026-09-16T15:45:53.100+0000] {logging_mixin.py:188} WARNING -   File "/home/airflow/.local/lib/python3.10/site-packages/requests/api.py", line 73, in get
    return request("get", url, params=params, **kwargs)
[2026-09-16T15:45:53.101+0000] {logging_mixin.py:188} WARNING -   File "/home/airflow/.local/lib/python3.10/site-packages/requests/api.py", line 59, in request
    return session.request(method=method, url=url, **kwargs)
[2026-09-16T15:45:53.101+0000] {logging_mixin.py:188} WARNING -   File "/home/airflow/.local/lib/python3.10/site-packages/requests/sessions.py", line 589, in request
    resp = self.send(prep, **send_kwargs)
[2026-09-16T15:45:53.104+0000] {logging_mixin.py:188} WARNING -   File "/home/airflow/.local/lib/python3.10/site-packages/requests/sessions.py", line 703, in send
    r = adapter.send(request, **kwargs)
[2026-09-16T15:45:53.105+0000] {logging_mixin.py:188} WARNING -   File "/home/airflow/.local/lib/python3.10/site-packages/requests/adapters.py", line 519, in send
    raise ConnectionError(e, request=request)
[2026-09-16T15:45:53.106+0000] {logging_mixin.py:188} WARNING - requests.exceptions.ConnectionError: HTTPSConnectionPool(host='www.googleapis.com', port=443): Max retries exceeded with url: /youtube/v3/videos?part=snippet%2Cstatistics%2CcontentDetails&id=hTSaweR8qMI&key=AIzaSyCu0SeP4QtsaF8H6qeF4NcFYaRehf3ot8w (Caused by NameResolutionError("<urllib3.connection.HTTPSConnection object at 0x7bc5c0667f10>: Failed to resolve 'www.googleapis.com' ([Errno -5] No address associated with hostname)"))
[2026-09-16T15:45:53.115+0000] {logging_mixin.py:188} WARNING - Traceback (most recent call last):
[2026-09-16T15:45:53.116+0000] {logging_mixin.py:188} WARNING -   File "/home/airflow/.local/lib/python3.10/site-packages/urllib3/connection.py", line 198, in _new_conn
    sock = connection.create_connection(
[2026-09-16T15:45:53.117+0000] {logging_mixin.py:188} WARNING -   File "/home/airflow/.local/lib/python3.10/site-packages/urllib3/util/connection.py", line 60, in create_connection
    for res in socket.getaddrinfo(host, port, family, socket.SOCK_STREAM):
[2026-09-16T15:45:53.117+0000] {logging_mixin.py:188} WARNING -   File "/usr/local/lib/python3.10/socket.py", line 955, in getaddrinfo
    for res in _socket.getaddrinfo(host, port, family, type, proto, flags):
[2026-09-16T15:45:53.117+0000] {logging_mixin.py:188} WARNING - socket.gaierror: [Errno -5] No address associated with hostname
[2026-09-16T15:45:53.118+0000] {logging_mixin.py:188} WARNING - 
The above exception was the direct cause of the following exception:
[2026-09-16T15:45:53.118+0000] {logging_mixin.py:188} WARNING - Traceback (most recent call last):
[2026-09-16T15:45:53.119+0000] {logging_mixin.py:188} WARNING -   File "/home/airflow/.local/lib/python3.10/site-packages/urllib3/connectionpool.py", line 793, in urlopen
    response = self._make_request(
[2026-09-16T15:45:53.121+0000] {logging_mixin.py:188} WARNING -   File "/home/airflow/.local/lib/python3.10/site-packages/urllib3/connectionpool.py", line 491, in _make_request
    raise new_e
[2026-09-16T15:45:53.121+0000] {logging_mixin.py:188} WARNING -   File "/home/airflow/.local/lib/python3.10/site-packages/urllib3/connectionpool.py", line 467, in _make_request
    self._validate_conn(conn)
[2026-09-16T15:45:53.122+0000] {logging_mixin.py:188} WARNING -   File "/home/airflow/.local/lib/python3.10/site-packages/urllib3/connectionpool.py", line 1099, in _validate_conn
    conn.connect()
[2026-09-16T15:45:53.122+0000] {logging_mixin.py:188} WARNING -   File "/home/airflow/.local/lib/python3.10/site-packages/urllib3/connection.py", line 616, in connect
    self.sock = sock = self._new_conn()
[2026-09-16T15:45:53.123+0000] {logging_mixin.py:188} WARNING -   File "/home/airflow/.local/lib/python3.10/site-packages/urllib3/connection.py", line 205, in _new_conn
    raise NameResolutionError(self.host, self, e) from e
[2026-09-16T15:45:53.123+0000] {logging_mixin.py:188} WARNING - urllib3.exceptions.NameResolutionError: <urllib3.connection.HTTPSConnection object at 0x7bc5c06d7010>: Failed to resolve 'www.googleapis.com' ([Errno -5] No address associated with hostname)
[2026-09-16T15:45:53.124+0000] {logging_mixin.py:188} WARNING - 
The above exception was the direct cause of the following exception:
[2026-09-16T15:45:53.125+0000] {logging_mixin.py:188} WARNING - Traceback (most recent call last):
[2026-09-16T15:45:53.126+0000] {logging_mixin.py:188} WARNING -   File "/home/airflow/.local/lib/python3.10/site-packages/requests/adapters.py", line 486, in send
    resp = conn.urlopen(
[2026-09-16T15:45:53.126+0000] {logging_mixin.py:188} WARNING -   File "/home/airflow/.local/lib/python3.10/site-packages/urllib3/connectionpool.py", line 847, in urlopen
    retries = retries.increment(
[2026-09-16T15:45:53.127+0000] {logging_mixin.py:188} WARNING -   File "/home/airflow/.local/lib/python3.10/site-packages/urllib3/util/retry.py", line 515, in increment
    raise MaxRetryError(_pool, url, reason) from reason  # type: ignore[arg-type]
[2026-09-16T15:45:53.127+0000] {logging_mixin.py:188} WARNING - urllib3.exceptions.MaxRetryError: HTTPSConnectionPool(host='www.googleapis.com', port=443): Max retries exceeded with url: /youtube/v3/videos?part=snippet%2Cstatistics%2CcontentDetails&id=KCRLP-zBacU&key=AIzaSyCu0SeP4QtsaF8H6qeF4NcFYaRehf3ot8w (Caused by NameResolutionError("<urllib3.connection.HTTPSConnection object at 0x7bc5c06d7010>: Failed to resolve 'www.googleapis.com' ([Errno -5] No address associated with hostname)"))
[2026-09-16T15:45:53.128+0000] {logging_mixin.py:188} WARNING - 
During handling of the above exception, another exception occurred:
[2026-09-16T15:45:53.128+0000] {logging_mixin.py:188} WARNING - Traceback (most recent call last):
[2026-09-16T15:45:53.129+0000] {logging_mixin.py:188} WARNING -   File "/opt/airflow/src/app.py", line 72, in get_all_videos
    video = clt.get_video_info(id, self.config.videoInfoUrl,
[2026-09-16T15:45:53.129+0000] {logging_mixin.py:188} WARNING -   File "/opt/airflow/src/controller/info.py", line 12, in get_video_info
    response: req.Response = req.get(url, params=params)
[2026-09-16T15:45:53.130+0000] {logging_mixin.py:188} WARNING -   File "/home/airflow/.local/lib/python3.10/site-packages/requests/api.py", line 73, in get
    return request("get", url, params=params, **kwargs)
[2026-09-16T15:45:53.130+0000] {logging_mixin.py:188} WARNING -   File "/home/airflow/.local/lib/python3.10/site-packages/requests/api.py", line 59, in request
    return session.request(method=method, url=url, **kwargs)
[2026-09-16T15:45:53.131+0000] {logging_mixin.py:188} WARNING -   File "/home/airflow/.local/lib/python3.10/site-packages/requests/sessions.py", line 589, in request
    resp = self.send(prep, **send_kwargs)
[2026-09-16T15:45:53.131+0000] {logging_mixin.py:188} WARNING -   File "/home/airflow/.local/lib/python3.10/site-packages/requests/sessions.py", line 703, in send
    r = adapter.send(request, **kwargs)
[2026-09-16T15:45:53.132+0000] {logging_mixin.py:188} WARNING -   File "/home/airflow/.local/lib/python3.10/site-packages/requests/adapters.py", line 519, in send
    raise ConnectionError(e, request=request)
[2026-09-16T15:45:53.132+0000] {logging_mixin.py:188} WARNING - requests.exceptions.ConnectionError: HTTPSConnectionPool(host='www.googleapis.com', port=443): Max retries exceeded with url: /youtube/v3/videos?part=snippet%2Cstatistics%2CcontentDetails&id=KCRLP-zBacU&key=AIzaSyCu0SeP4QtsaF8H6qeF4NcFYaRehf3ot8w (Caused by NameResolutionError("<urllib3.connection.HTTPSConnection object at 0x7bc5c06d7010>: Failed to resolve 'www.googleapis.com' ([Errno -5] No address associated with hostname)"))
[2026-09-16T15:45:53.144+0000] {logging_mixin.py:188} WARNING - Traceback (most recent call last):
[2026-09-16T15:45:53.145+0000] {logging_mixin.py:188} WARNING -   File "/home/airflow/.local/lib/python3.10/site-packages/urllib3/connection.py", line 198, in _new_conn
    sock = connection.create_connection(
[2026-09-16T15:45:53.145+0000] {logging_mixin.py:188} WARNING -   File "/home/airflow/.local/lib/python3.10/site-packages/urllib3/util/connection.py", line 60, in create_connection
    for res in socket.getaddrinfo(host, port, family, socket.SOCK_STREAM):
[2026-09-16T15:45:53.146+0000] {logging_mixin.py:188} WARNING -   File "/usr/local/lib/python3.10/socket.py", line 955, in getaddrinfo
    for res in _socket.getaddrinfo(host, port, family, type, proto, flags):
[2026-09-16T15:45:53.146+0000] {logging_mixin.py:188} WARNING - socket.gaierror: [Errno -5] No address associated with hostname
[2026-09-16T15:45:53.146+0000] {logging_mixin.py:188} WARNING - 
The above exception was the direct cause of the following exception:
[2026-09-16T15:45:53.147+0000] {logging_mixin.py:188} WARNING - Traceback (most recent call last):
[2026-09-16T15:45:53.147+0000] {logging_mixin.py:188} WARNING -   File "/home/airflow/.local/lib/python3.10/site-packages/urllib3/connectionpool.py", line 793, in urlopen
    response = self._make_request(
[2026-09-16T15:45:53.147+0000] {logging_mixin.py:188} WARNING -   File "/home/airflow/.local/lib/python3.10/site-packages/urllib3/connectionpool.py", line 491, in _make_request
    raise new_e
[2026-09-16T15:45:53.148+0000] {logging_mixin.py:188} WARNING -   File "/home/airflow/.local/lib/python3.10/site-packages/urllib3/connectionpool.py", line 467, in _make_request
    self._validate_conn(conn)
[2026-09-16T15:45:53.148+0000] {logging_mixin.py:188} WARNING -   File "/home/airflow/.local/lib/python3.10/site-packages/urllib3/connectionpool.py", line 1099, in _validate_conn
    conn.connect()
[2026-09-16T15:45:53.149+0000] {logging_mixin.py:188} WARNING -   File "/home/airflow/.local/lib/python3.10/site-packages/urllib3/connection.py", line 616, in connect
    self.sock = sock = self._new_conn()
[2026-09-16T15:45:53.149+0000] {logging_mixin.py:188} WARNING -   File "/home/airflow/.local/lib/python3.10/site-packages/urllib3/connection.py", line 205, in _new_conn
    raise NameResolutionError(self.host, self, e) from e
[2026-09-16T15:45:53.149+0000] {logging_mixin.py:188} WARNING - urllib3.exceptions.NameResolutionError: <urllib3.connection.HTTPSConnection object at 0x7bc5c06d4250>: Failed to resolve 'www.googleapis.com' ([Errno -5] No address associated with hostname)
[2026-09-16T15:45:53.150+0000] {logging_mixin.py:188} WARNING - 
The above exception was the direct cause of the following exception:
[2026-09-16T15:45:53.150+0000] {logging_mixin.py:188} WARNING - Traceback (most recent call last):
[2026-09-16T15:45:53.150+0000] {logging_mixin.py:188} WARNING -   File "/home/airflow/.local/lib/python3.10/site-packages/requests/adapters.py", line 486, in send
    resp = conn.urlopen(
[2026-09-16T15:45:53.150+0000] {logging_mixin.py:188} WARNING -   File "/home/airflow/.local/lib/python3.10/site-packages/urllib3/connectionpool.py", line 847, in urlopen
    retries = retries.increment(
[2026-09-16T15:45:53.151+0000] {logging_mixin.py:188} WARNING -   File "/home/airflow/.local/lib/python3.10/site-packages/urllib3/util/retry.py", line 515, in increment
    raise MaxRetryError(_pool, url, reason) from reason  # type: ignore[arg-type]
[2026-09-16T15:45:53.151+0000] {logging_mixin.py:188} WARNING - urllib3.exceptions.MaxRetryError: HTTPSConnectionPool(host='www.googleapis.com', port=443): Max retries exceeded with url: /youtube/v3/videos?part=snippet%2Cstatistics%2CcontentDetails&id=c2ukL_zjFCk&key=AIzaSyCu0SeP4QtsaF8H6qeF4NcFYaRehf3ot8w (Caused by NameResolutionError("<urllib3.connection.HTTPSConnection object at 0x7bc5c06d4250>: Failed to resolve 'www.googleapis.com' ([Errno -5] No address associated with hostname)"))
[2026-09-16T15:45:53.152+0000] {logging_mixin.py:188} WARNING - 
During handling of the above exception, another exception occurred:
[2026-09-16T15:45:53.153+0000] {logging_mixin.py:188} WARNING - Traceback (most recent call last):
[2026-09-16T15:45:53.154+0000] {logging_mixin.py:188} WARNING -   File "/opt/airflow/src/app.py", line 72, in get_all_videos
    video = clt.get_video_info(id, self.config.videoInfoUrl,
[2026-09-16T15:45:53.155+0000] {logging_mixin.py:188} WARNING -   File "/opt/airflow/src/controller/info.py", line 12, in get_video_info
    response: req.Response = req.get(url, params=params)
[2026-09-16T15:45:53.156+0000] {logging_mixin.py:188} WARNING -   File "/home/airflow/.local/lib/python3.10/site-packages/requests/api.py", line 73, in get
    return request("get", url, params=params, **kwargs)
[2026-09-16T15:45:53.157+0000] {logging_mixin.py:188} WARNING -   File "/home/airflow/.local/lib/python3.10/site-packages/requests/api.py", line 59, in request
    return session.request(method=method, url=url, **kwargs)
[2026-09-16T15:45:53.157+0000] {logging_mixin.py:188} WARNING -   File "/home/airflow/.local/lib/python3.10/site-packages/requests/sessions.py", line 589, in request
    resp = self.send(prep, **send_kwargs)
[2026-09-16T15:45:53.158+0000] {logging_mixin.py:188} WARNING -   File "/home/airflow/.local/lib/python3.10/site-packages/requests/sessions.py", line 703, in send
    r = adapter.send(request, **kwargs)
[2026-09-16T15:45:53.158+0000] {logging_mixin.py:188} WARNING -   File "/home/airflow/.local/lib/python3.10/site-packages/requests/adapters.py", line 519, in send
    raise ConnectionError(e, request=request)
[2026-09-16T15:45:53.158+0000] {logging_mixin.py:188} WARNING - requests.exceptions.ConnectionError: HTTPSConnectionPool(host='www.googleapis.com', port=443): Max retries exceeded with url: /youtube/v3/videos?part=snippet%2Cstatistics%2CcontentDetails&id=c2ukL_zjFCk&key=AIzaSyCu0SeP4QtsaF8H6qeF4NcFYaRehf3ot8w (Caused by NameResolutionError("<urllib3.connection.HTTPSConnection object at 0x7bc5c06d4250>: Failed to resolve 'www.googleapis.com' ([Errno -5] No address associated with hostname)"))
[2026-09-16T15:45:53.167+0000] {logging_mixin.py:188} WARNING - Traceback (most recent call last):
[2026-09-16T15:45:53.168+0000] {logging_mixin.py:188} WARNING -   File "/home/airflow/.local/lib/python3.10/site-packages/urllib3/connection.py", line 198, in _new_conn
    sock = connection.create_connection(
[2026-09-16T15:45:53.168+0000] {logging_mixin.py:188} WARNING -   File "/home/airflow/.local/lib/python3.10/site-packages/urllib3/util/connection.py", line 60, in create_connection
    for res in socket.getaddrinfo(host, port, family, socket.SOCK_STREAM):
[2026-09-16T15:45:53.170+0000] {logging_mixin.py:188} WARNING -   File "/usr/local/lib/python3.10/socket.py", line 955, in getaddrinfo
    for res in _socket.getaddrinfo(host, port, family, type, proto, flags):
[2026-09-16T15:45:53.171+0000] {logging_mixin.py:188} WARNING - socket.gaierror: [Errno -5] No address associated with hostname
[2026-09-16T15:45:53.172+0000] {logging_mixin.py:188} WARNING - 
The above exception was the direct cause of the following exception:
[2026-09-16T15:45:53.172+0000] {logging_mixin.py:188} WARNING - Traceback (most recent call last):
[2026-09-16T15:45:53.173+0000] {logging_mixin.py:188} WARNING -   File "/home/airflow/.local/lib/python3.10/site-packages/urllib3/connectionpool.py", line 793, in urlopen
    response = self._make_request(
[2026-09-16T15:45:53.173+0000] {logging_mixin.py:188} WARNING -   File "/home/airflow/.local/lib/python3.10/site-packages/urllib3/connectionpool.py", line 491, in _make_request
    raise new_e
[2026-09-16T15:45:53.174+0000] {logging_mixin.py:188} WARNING -   File "/home/airflow/.local/lib/python3.10/site-packages/urllib3/connectionpool.py", line 467, in _make_request
    self._validate_conn(conn)
[2026-09-16T15:45:53.174+0000] {logging_mixin.py:188} WARNING -   File "/home/airflow/.local/lib/python3.10/site-packages/urllib3/connectionpool.py", line 1099, in _validate_conn
    conn.connect()
[2026-09-16T15:45:53.175+0000] {logging_mixin.py:188} WARNING -   File "/home/airflow/.local/lib/python3.10/site-packages/urllib3/connection.py", line 616, in connect
    self.sock = sock = self._new_conn()
[2026-09-16T15:45:53.175+0000] {logging_mixin.py:188} WARNING -   File "/home/airflow/.local/lib/python3.10/site-packages/urllib3/connection.py", line 205, in _new_conn
    raise NameResolutionError(self.host, self, e) from e
[2026-09-16T15:45:53.176+0000] {logging_mixin.py:188} WARNING - urllib3.exceptions.NameResolutionError: <urllib3.connection.HTTPSConnection object at 0x7bc5c06d4a30>: Failed to resolve 'www.googleapis.com' ([Errno -5] No address associated with hostname)
[2026-09-16T15:45:53.176+0000] {logging_mixin.py:188} WARNING - 
The above exception was the direct cause of the following exception:
[2026-09-16T15:45:53.177+0000] {logging_mixin.py:188} WARNING - Traceback (most recent call last):
[2026-09-16T15:45:53.177+0000] {logging_mixin.py:188} WARNING -   File "/home/airflow/.local/lib/python3.10/site-packages/requests/adapters.py", line 486, in send
    resp = conn.urlopen(
[2026-09-16T15:45:53.177+0000] {logging_mixin.py:188} WARNING -   File "/home/airflow/.local/lib/python3.10/site-packages/urllib3/connectionpool.py", line 847, in urlopen
    retries = retries.increment(
[2026-09-16T15:45:53.178+0000] {logging_mixin.py:188} WARNING -   File "/home/airflow/.local/lib/python3.10/site-packages/urllib3/util/retry.py", line 515, in increment
    raise MaxRetryError(_pool, url, reason) from reason  # type: ignore[arg-type]
[2026-09-16T15:45:53.178+0000] {logging_mixin.py:188} WARNING - urllib3.exceptions.MaxRetryError: HTTPSConnectionPool(host='www.googleapis.com', port=443): Max retries exceeded with url: /youtube/v3/videos?part=snippet%2Cstatistics%2CcontentDetails&id=DZIASl9q90s&key=AIzaSyCu0SeP4QtsaF8H6qeF4NcFYaRehf3ot8w (Caused by NameResolutionError("<urllib3.connection.HTTPSConnection object at 0x7bc5c06d4a30>: Failed to resolve 'www.googleapis.com' ([Errno -5] No address associated with hostname)"))
[2026-09-16T15:45:53.179+0000] {logging_mixin.py:188} WARNING - 
During handling of the above exception, another exception occurred:
[2026-09-16T15:45:53.179+0000] {logging_mixin.py:188} WARNING - Traceback (most recent call last):
[2026-09-16T15:45:53.180+0000] {logging_mixin.py:188} WARNING -   File "/opt/airflow/src/app.py", line 72, in get_all_videos
    video = clt.get_video_info(id, self.config.videoInfoUrl,
[2026-09-16T15:45:53.181+0000] {logging_mixin.py:188} WARNING -   File "/opt/airflow/src/controller/info.py", line 12, in get_video_info
    response: req.Response = req.get(url, params=params)
[2026-09-16T15:45:53.181+0000] {logging_mixin.py:188} WARNING -   File "/home/airflow/.local/lib/python3.10/site-packages/requests/api.py", line 73, in get
    return request("get", url, params=params, **kwargs)
[2026-09-16T15:45:53.181+0000] {logging_mixin.py:188} WARNING -   File "/home/airflow/.local/lib/python3.10/site-packages/requests/api.py", line 59, in request
    return session.request(method=method, url=url, **kwargs)
[2026-09-16T15:45:53.182+0000] {logging_mixin.py:188} WARNING -   File "/home/airflow/.local/lib/python3.10/site-packages/requests/sessions.py", line 589, in request
    resp = self.send(prep, **send_kwargs)
[2026-09-16T15:45:53.182+0000] {logging_mixin.py:188} WARNING -   File "/home/airflow/.local/lib/python3.10/site-packages/requests/sessions.py", line 703, in send
    r = adapter.send(request, **kwargs)
[2026-09-16T15:45:53.182+0000] {logging_mixin.py:188} WARNING -   File "/home/airflow/.local/lib/python3.10/site-packages/requests/adapters.py", line 519, in send
    raise ConnectionError(e, request=request)
[2026-09-16T15:45:53.183+0000] {logging_mixin.py:188} WARNING - requests.exceptions.ConnectionError: HTTPSConnectionPool(host='www.googleapis.com', port=443): Max retries exceeded with url: /youtube/v3/videos?part=snippet%2Cstatistics%2CcontentDetails&id=DZIASl9q90s&key=AIzaSyCu0SeP4QtsaF8H6qeF4NcFYaRehf3ot8w (Caused by NameResolutionError("<urllib3.connection.HTTPSConnection object at 0x7bc5c06d4a30>: Failed to resolve 'www.googleapis.com' ([Errno -5] No address associated with hostname)"))
[2026-09-16T15:45:53.192+0000] {logging_mixin.py:188} WARNING - Traceback (most recent call last):
[2026-09-16T15:45:53.193+0000] {logging_mixin.py:188} WARNING -   File "/home/airflow/.local/lib/python3.10/site-packages/urllib3/connection.py", line 198, in _new_conn
    sock = connection.create_connection(
[2026-09-16T15:45:53.193+0000] {logging_mixin.py:188} WARNING -   File "/home/airflow/.local/lib/python3.10/site-packages/urllib3/util/connection.py", line 60, in create_connection
    for res in socket.getaddrinfo(host, port, family, socket.SOCK_STREAM):
[2026-09-16T15:45:53.194+0000] {logging_mixin.py:188} WARNING -   File "/usr/local/lib/python3.10/socket.py", line 955, in getaddrinfo
    for res in _socket.getaddrinfo(host, port, family, type, proto, flags):
[2026-09-16T15:45:53.194+0000] {logging_mixin.py:188} WARNING - socket.gaierror: [Errno -5] No address associated with hostname
[2026-09-16T15:45:53.194+0000] {logging_mixin.py:188} WARNING - 
The above exception was the direct cause of the following exception:
[2026-09-16T15:45:53.195+0000] {logging_mixin.py:188} WARNING - Traceback (most recent call last):
[2026-09-16T15:45:53.195+0000] {logging_mixin.py:188} WARNING -   File "/home/airflow/.local/lib/python3.10/site-packages/urllib3/connectionpool.py", line 793, in urlopen
    response = self._make_request(
[2026-09-16T15:45:53.196+0000] {logging_mixin.py:188} WARNING -   File "/home/airflow/.local/lib/python3.10/site-packages/urllib3/connectionpool.py", line 491, in _make_request
    raise new_e
[2026-09-16T15:45:53.196+0000] {logging_mixin.py:188} WARNING -   File "/home/airflow/.local/lib/python3.10/site-packages/urllib3/connectionpool.py", line 467, in _make_request
    self._validate_conn(conn)
[2026-09-16T15:45:53.197+0000] {logging_mixin.py:188} WARNING -   File "/home/airflow/.local/lib/python3.10/site-packages/urllib3/connectionpool.py", line 1099, in _validate_conn
    conn.connect()
[2026-09-16T15:45:53.197+0000] {logging_mixin.py:188} WARNING -   File "/home/airflow/.local/lib/python3.10/site-packages/urllib3/connection.py", line 616, in connect
    self.sock = sock = self._new_conn()
[2026-09-16T15:45:53.197+0000] {logging_mixin.py:188} WARNING -   File "/home/airflow/.local/lib/python3.10/site-packages/urllib3/connection.py", line 205, in _new_conn
    raise NameResolutionError(self.host, self, e) from e
[2026-09-16T15:45:53.198+0000] {logging_mixin.py:188} WARNING - urllib3.exceptions.NameResolutionError: <urllib3.connection.HTTPSConnection object at 0x7bc5c06d4d30>: Failed to resolve 'www.googleapis.com' ([Errno -5] No address associated with hostname)
[2026-09-16T15:45:53.199+0000] {logging_mixin.py:188} WARNING - 
The above exception was the direct cause of the following exception:
[2026-09-16T15:45:53.199+0000] {logging_mixin.py:188} WARNING - Traceback (most recent call last):
[2026-09-16T15:45:53.199+0000] {logging_mixin.py:188} WARNING -   File "/home/airflow/.local/lib/python3.10/site-packages/requests/adapters.py", line 486, in send
    resp = conn.urlopen(
[2026-09-16T15:45:53.200+0000] {logging_mixin.py:188} WARNING -   File "/home/airflow/.local/lib/python3.10/site-packages/urllib3/connectionpool.py", line 847, in urlopen
    retries = retries.increment(
[2026-09-16T15:45:53.200+0000] {logging_mixin.py:188} WARNING -   File "/home/airflow/.local/lib/python3.10/site-packages/urllib3/util/retry.py", line 515, in increment
    raise MaxRetryError(_pool, url, reason) from reason  # type: ignore[arg-type]
[2026-09-16T15:45:53.201+0000] {logging_mixin.py:188} WARNING - urllib3.exceptions.MaxRetryError: HTTPSConnectionPool(host='www.googleapis.com', port=443): Max retries exceeded with url: /youtube/v3/videos?part=snippet%2Cstatistics%2CcontentDetails&id=7qY-qalCI2Y&key=AIzaSyCu0SeP4QtsaF8H6qeF4NcFYaRehf3ot8w (Caused by NameResolutionError("<urllib3.connection.HTTPSConnection object at 0x7bc5c06d4d30>: Failed to resolve 'www.googleapis.com' ([Errno -5] No address associated with hostname)"))
[2026-09-16T15:45:53.201+0000] {logging_mixin.py:188} WARNING - 
During handling of the above exception, another exception occurred:
[2026-09-16T15:45:53.202+0000] {logging_mixin.py:188} WARNING - Traceback (most recent call last):
[2026-09-16T15:45:53.203+0000] {logging_mixin.py:188} WARNING -   File "/opt/airflow/src/app.py", line 72, in get_all_videos
    video = clt.get_video_info(id, self.config.videoInfoUrl,
[2026-09-16T15:45:53.204+0000] {logging_mixin.py:188} WARNING -   File "/opt/airflow/src/controller/info.py", line 12, in get_video_info
    response: req.Response = req.get(url, params=params)
[2026-09-16T15:45:53.205+0000] {logging_mixin.py:188} WARNING -   File "/home/airflow/.local/lib/python3.10/site-packages/requests/api.py", line 73, in get
    return request("get", url, params=params, **kwargs)
[2026-09-16T15:45:53.206+0000] {logging_mixin.py:188} WARNING -   File "/home/airflow/.local/lib/python3.10/site-packages/requests/api.py", line 59, in request
    return session.request(method=method, url=url, **kwargs)
[2026-09-16T15:45:53.206+0000] {logging_mixin.py:188} WARNING -   File "/home/airflow/.local/lib/python3.10/site-packages/requests/sessions.py", line 589, in request
    resp = self.send(prep, **send_kwargs)
[2026-09-16T15:45:53.206+0000] {logging_mixin.py:188} WARNING -   File "/home/airflow/.local/lib/python3.10/site-packages/requests/sessions.py", line 703, in send
    r = adapter.send(request, **kwargs)
[2026-09-16T15:45:53.207+0000] {logging_mixin.py:188} WARNING -   File "/home/airflow/.local/lib/python3.10/site-packages/requests/adapters.py", line 519, in send
    raise ConnectionError(e, request=request)
[2026-09-16T15:45:53.207+0000] {logging_mixin.py:188} WARNING - requests.exceptions.ConnectionError: HTTPSConnectionPool(host='www.googleapis.com', port=443): Max retries exceeded with url: /youtube/v3/videos?part=snippet%2Cstatistics%2CcontentDetails&id=7qY-qalCI2Y&key=AIzaSyCu0SeP4QtsaF8H6qeF4NcFYaRehf3ot8w (Caused by NameResolutionError("<urllib3.connection.HTTPSConnection object at 0x7bc5c06d4d30>: Failed to resolve 'www.googleapis.com' ([Errno -5] No address associated with hostname)"))
[2026-09-16T15:45:53.215+0000] {logging_mixin.py:188} WARNING - Traceback (most recent call last):
[2026-09-16T15:45:53.216+0000] {logging_mixin.py:188} WARNING -   File "/home/airflow/.local/lib/python3.10/site-packages/urllib3/connection.py", line 198, in _new_conn
    sock = connection.create_connection(
[2026-09-16T15:45:53.216+0000] {logging_mixin.py:188} WARNING -   File "/home/airflow/.local/lib/python3.10/site-packages/urllib3/util/connection.py", line 60, in create_connection
    for res in socket.getaddrinfo(host, port, family, socket.SOCK_STREAM):
[2026-09-16T15:45:53.217+0000] {logging_mixin.py:188} WARNING -   File "/usr/local/lib/python3.10/socket.py", line 955, in getaddrinfo
    for res in _socket.getaddrinfo(host, port, family, type, proto, flags):
[2026-09-16T15:45:53.217+0000] {logging_mixin.py:188} WARNING - socket.gaierror: [Errno -5] No address associated with hostname
[2026-09-16T15:45:53.218+0000] {logging_mixin.py:188} WARNING - 
The above exception was the direct cause of the following exception:
[2026-09-16T15:45:53.218+0000] {logging_mixin.py:188} WARNING - Traceback (most recent call last):
[2026-09-16T15:45:53.219+0000] {logging_mixin.py:188} WARNING -   File "/home/airflow/.local/lib/python3.10/site-packages/urllib3/connectionpool.py", line 793, in urlopen
    response = self._make_request(
[2026-09-16T15:45:53.220+0000] {logging_mixin.py:188} WARNING -   File "/home/airflow/.local/lib/python3.10/site-packages/urllib3/connectionpool.py", line 491, in _make_request
    raise new_e
[2026-09-16T15:45:53.221+0000] {logging_mixin.py:188} WARNING -   File "/home/airflow/.local/lib/python3.10/site-packages/urllib3/connectionpool.py", line 467, in _make_request
    self._validate_conn(conn)
[2026-09-16T15:45:53.221+0000] {logging_mixin.py:188} WARNING -   File "/home/airflow/.local/lib/python3.10/site-packages/urllib3/connectionpool.py", line 1099, in _validate_conn
    conn.connect()
[2026-09-16T15:45:53.222+0000] {logging_mixin.py:188} WARNING -   File "/home/airflow/.local/lib/python3.10/site-packages/urllib3/connection.py", line 616, in connect
    self.sock = sock = self._new_conn()
[2026-09-16T15:45:53.223+0000] {logging_mixin.py:188} WARNING -   File "/home/airflow/.local/lib/python3.10/site-packages/urllib3/connection.py", line 205, in _new_conn
    raise NameResolutionError(self.host, self, e) from e
[2026-09-16T15:45:53.223+0000] {logging_mixin.py:188} WARNING - urllib3.exceptions.NameResolutionError: <urllib3.connection.HTTPSConnection object at 0x7bc5c05d1cc0>: Failed to resolve 'www.googleapis.com' ([Errno -5] No address associated with hostname)
[2026-09-16T15:45:53.224+0000] {logging_mixin.py:188} WARNING - 
The above exception was the direct cause of the following exception:
[2026-09-16T15:45:53.224+0000] {logging_mixin.py:188} WARNING - Traceback (most recent call last):
[2026-09-16T15:45:53.225+0000] {logging_mixin.py:188} WARNING -   File "/home/airflow/.local/lib/python3.10/site-packages/requests/adapters.py", line 486, in send
    resp = conn.urlopen(
[2026-09-16T15:45:53.225+0000] {logging_mixin.py:188} WARNING -   File "/home/airflow/.local/lib/python3.10/site-packages/urllib3/connectionpool.py", line 847, in urlopen
    retries = retries.increment(
[2026-09-16T15:45:53.225+0000] {logging_mixin.py:188} WARNING -   File "/home/airflow/.local/lib/python3.10/site-packages/urllib3/util/retry.py", line 515, in increment
    raise MaxRetryError(_pool, url, reason) from reason  # type: ignore[arg-type]
[2026-09-16T15:45:53.226+0000] {logging_mixin.py:188} WARNING - urllib3.exceptions.MaxRetryError: HTTPSConnectionPool(host='www.googleapis.com', port=443): Max retries exceeded with url: /youtube/v3/videos?part=snippet%2Cstatistics%2CcontentDetails&id=N0pwLtonPdg&key=AIzaSyCu0SeP4QtsaF8H6qeF4NcFYaRehf3ot8w (Caused by NameResolutionError("<urllib3.connection.HTTPSConnection object at 0x7bc5c05d1cc0>: Failed to resolve 'www.googleapis.com' ([Errno -5] No address associated with hostname)"))
[2026-09-16T15:45:53.226+0000] {logging_mixin.py:188} WARNING - 
During handling of the above exception, another exception occurred:
[2026-09-16T15:45:53.226+0000] {logging_mixin.py:188} WARNING - Traceback (most recent call last):
[2026-09-16T15:45:53.227+0000] {logging_mixin.py:188} WARNING -   File "/opt/airflow/src/app.py", line 72, in get_all_videos
    video = clt.get_video_info(id, self.config.videoInfoUrl,
[2026-09-16T15:45:53.227+0000] {logging_mixin.py:188} WARNING -   File "/opt/airflow/src/controller/info.py", line 12, in get_video_info
    response: req.Response = req.get(url, params=params)
[2026-09-16T15:45:53.228+0000] {logging_mixin.py:188} WARNING -   File "/home/airflow/.local/lib/python3.10/site-packages/requests/api.py", line 73, in get
    return request("get", url, params=params, **kwargs)
[2026-09-16T15:45:53.228+0000] {logging_mixin.py:188} WARNING -   File "/home/airflow/.local/lib/python3.10/site-packages/requests/api.py", line 59, in request
    return session.request(method=method, url=url, **kwargs)
[2026-09-16T15:45:53.229+0000] {logging_mixin.py:188} WARNING -   File "/home/airflow/.local/lib/python3.10/site-packages/requests/sessions.py", line 589, in request
    resp = self.send(prep, **send_kwargs)
[2026-09-16T15:45:53.229+0000] {logging_mixin.py:188} WARNING -   File "/home/airflow/.local/lib/python3.10/site-packages/requests/sessions.py", line 703, in send
    r = adapter.send(request, **kwargs)
[2026-09-16T15:45:53.230+0000] {logging_mixin.py:188} WARNING -   File "/home/airflow/.local/lib/python3.10/site-packages/requests/adapters.py", line 519, in send
    raise ConnectionError(e, request=request)
[2026-09-16T15:45:53.230+0000] {logging_mixin.py:188} WARNING - requests.exceptions.ConnectionError: HTTPSConnectionPool(host='www.googleapis.com', port=443): Max retries exceeded with url: /youtube/v3/videos?part=snippet%2Cstatistics%2CcontentDetails&id=N0pwLtonPdg&key=AIzaSyCu0SeP4QtsaF8H6qeF4NcFYaRehf3ot8w (Caused by NameResolutionError("<urllib3.connection.HTTPSConnection object at 0x7bc5c05d1cc0>: Failed to resolve 'www.googleapis.com' ([Errno -5] No address associated with hostname)"))
[2026-09-16T15:45:53.242+0000] {logging_mixin.py:188} WARNING - Traceback (most recent call last):
[2026-09-16T15:45:53.242+0000] {logging_mixin.py:188} WARNING -   File "/home/airflow/.local/lib/python3.10/site-packages/urllib3/connection.py", line 198, in _new_conn
    sock = connection.create_connection(
[2026-09-16T15:45:53.243+0000] {logging_mixin.py:188} WARNING -   File "/home/airflow/.local/lib/python3.10/site-packages/urllib3/util/connection.py", line 60, in create_connection
    for res in socket.getaddrinfo(host, port, family, socket.SOCK_STREAM):
[2026-09-16T15:45:53.244+0000] {logging_mixin.py:188} WARNING -   File "/usr/local/lib/python3.10/socket.py", line 955, in getaddrinfo
    for res in _socket.getaddrinfo(host, port, family, type, proto, flags):
[2026-09-16T15:45:53.244+0000] {logging_mixin.py:188} WARNING - socket.gaierror: [Errno -5] No address associated with hostname
[2026-09-16T15:45:53.245+0000] {logging_mixin.py:188} WARNING - 
The above exception was the direct cause of the following exception:
[2026-09-16T15:45:53.245+0000] {logging_mixin.py:188} WARNING - Traceback (most recent call last):
[2026-09-16T15:45:53.246+0000] {logging_mixin.py:188} WARNING -   File "/home/airflow/.local/lib/python3.10/site-packages/urllib3/connectionpool.py", line 793, in urlopen
    response = self._make_request(
[2026-09-16T15:45:53.246+0000] {logging_mixin.py:188} WARNING -   File "/home/airflow/.local/lib/python3.10/site-packages/urllib3/connectionpool.py", line 491, in _make_request
    raise new_e
[2026-09-16T15:45:53.246+0000] {logging_mixin.py:188} WARNING -   File "/home/airflow/.local/lib/python3.10/site-packages/urllib3/connectionpool.py", line 467, in _make_request
    self._validate_conn(conn)
[2026-09-16T15:45:53.247+0000] {logging_mixin.py:188} WARNING -   File "/home/airflow/.local/lib/python3.10/site-packages/urllib3/connectionpool.py", line 1099, in _validate_conn
    conn.connect()
[2026-09-16T15:45:53.247+0000] {logging_mixin.py:188} WARNING -   File "/home/airflow/.local/lib/python3.10/site-packages/urllib3/connection.py", line 616, in connect
    self.sock = sock = self._new_conn()
[2026-09-16T15:45:53.248+0000] {logging_mixin.py:188} WARNING -   File "/home/airflow/.local/lib/python3.10/site-packages/urllib3/connection.py", line 205, in _new_conn
    raise NameResolutionError(self.host, self, e) from e
[2026-09-16T15:45:53.248+0000] {logging_mixin.py:188} WARNING - urllib3.exceptions.NameResolutionError: <urllib3.connection.HTTPSConnection object at 0x7bc5c06d62c0>: Failed to resolve 'www.googleapis.com' ([Errno -5] No address associated with hostname)
[2026-09-16T15:45:53.249+0000] {logging_mixin.py:188} WARNING - 
The above exception was the direct cause of the following exception:
[2026-09-16T15:45:53.249+0000] {logging_mixin.py:188} WARNING - Traceback (most recent call last):
[2026-09-16T15:45:53.250+0000] {logging_mixin.py:188} WARNING -   File "/home/airflow/.local/lib/python3.10/site-packages/requests/adapters.py", line 486, in send
    resp = conn.urlopen(
[2026-09-16T15:45:53.250+0000] {logging_mixin.py:188} WARNING -   File "/home/airflow/.local/lib/python3.10/site-packages/urllib3/connectionpool.py", line 847, in urlopen
    retries = retries.increment(
[2026-09-16T15:45:53.250+0000] {logging_mixin.py:188} WARNING -   File "/home/airflow/.local/lib/python3.10/site-packages/urllib3/util/retry.py", line 515, in increment
    raise MaxRetryError(_pool, url, reason) from reason  # type: ignore[arg-type]
[2026-09-16T15:45:53.251+0000] {logging_mixin.py:188} WARNING - urllib3.exceptions.MaxRetryError: HTTPSConnectionPool(host='www.googleapis.com', port=443): Max retries exceeded with url: /youtube/v3/videos?part=snippet%2Cstatistics%2CcontentDetails&id=-4GmbBoYQjE&key=AIzaSyCu0SeP4QtsaF8H6qeF4NcFYaRehf3ot8w (Caused by NameResolutionError("<urllib3.connection.HTTPSConnection object at 0x7bc5c06d62c0>: Failed to resolve 'www.googleapis.com' ([Errno -5] No address associated with hostname)"))
[2026-09-16T15:45:53.253+0000] {logging_mixin.py:188} WARNING - 
During handling of the above exception, another exception occurred:
[2026-09-16T15:45:53.254+0000] {logging_mixin.py:188} WARNING - Traceback (most recent call last):
[2026-09-16T15:45:53.255+0000] {logging_mixin.py:188} WARNING -   File "/opt/airflow/src/app.py", line 72, in get_all_videos
    video = clt.get_video_info(id, self.config.videoInfoUrl,
[2026-09-16T15:45:53.255+0000] {logging_mixin.py:188} WARNING -   File "/opt/airflow/src/controller/info.py", line 12, in get_video_info
    response: req.Response = req.get(url, params=params)
[2026-09-16T15:45:53.256+0000] {logging_mixin.py:188} WARNING -   File "/home/airflow/.local/lib/python3.10/site-packages/requests/api.py", line 73, in get
    return request("get", url, params=params, **kwargs)
[2026-09-16T15:45:53.257+0000] {logging_mixin.py:188} WARNING -   File "/home/airflow/.local/lib/python3.10/site-packages/requests/api.py", line 59, in request
    return session.request(method=method, url=url, **kwargs)
[2026-09-16T15:45:53.257+0000] {logging_mixin.py:188} WARNING -   File "/home/airflow/.local/lib/python3.10/site-packages/requests/sessions.py", line 589, in request
    resp = self.send(prep, **send_kwargs)
[2026-09-16T15:45:53.257+0000] {logging_mixin.py:188} WARNING -   File "/home/airflow/.local/lib/python3.10/site-packages/requests/sessions.py", line 703, in send
    r = adapter.send(request, **kwargs)
[2026-09-16T15:45:53.258+0000] {logging_mixin.py:188} WARNING -   File "/home/airflow/.local/lib/python3.10/site-packages/requests/adapters.py", line 519, in send
    raise ConnectionError(e, request=request)
[2026-09-16T15:45:53.258+0000] {logging_mixin.py:188} WARNING - requests.exceptions.ConnectionError: HTTPSConnectionPool(host='www.googleapis.com', port=443): Max retries exceeded with url: /youtube/v3/videos?part=snippet%2Cstatistics%2CcontentDetails&id=-4GmbBoYQjE&key=AIzaSyCu0SeP4QtsaF8H6qeF4NcFYaRehf3ot8w (Caused by NameResolutionError("<urllib3.connection.HTTPSConnection object at 0x7bc5c06d62c0>: Failed to resolve 'www.googleapis.com' ([Errno -5] No address associated with hostname)"))
[2026-09-16T15:45:53.268+0000] {logging_mixin.py:188} WARNING - Traceback (most recent call last):
[2026-09-16T15:45:53.270+0000] {logging_mixin.py:188} WARNING -   File "/home/airflow/.local/lib/python3.10/site-packages/urllib3/connection.py", line 198, in _new_conn
    sock = connection.create_connection(
[2026-09-16T15:45:53.271+0000] {logging_mixin.py:188} WARNING -   File "/home/airflow/.local/lib/python3.10/site-packages/urllib3/util/connection.py", line 60, in create_connection
    for res in socket.getaddrinfo(host, port, family, socket.SOCK_STREAM):
[2026-09-16T15:45:53.272+0000] {logging_mixin.py:188} WARNING -   File "/usr/local/lib/python3.10/socket.py", line 955, in getaddrinfo
    for res in _socket.getaddrinfo(host, port, family, type, proto, flags):
[2026-09-16T15:45:53.273+0000] {logging_mixin.py:188} WARNING - socket.gaierror: [Errno -5] No address associated with hostname
[2026-09-16T15:45:53.274+0000] {logging_mixin.py:188} WARNING - 
The above exception was the direct cause of the following exception:
[2026-09-16T15:45:53.274+0000] {logging_mixin.py:188} WARNING - Traceback (most recent call last):
[2026-09-16T15:45:53.275+0000] {logging_mixin.py:188} WARNING -   File "/home/airflow/.local/lib/python3.10/site-packages/urllib3/connectionpool.py", line 793, in urlopen
    response = self._make_request(
[2026-09-16T15:45:53.275+0000] {logging_mixin.py:188} WARNING -   File "/home/airflow/.local/lib/python3.10/site-packages/urllib3/connectionpool.py", line 491, in _make_request
    raise new_e
[2026-09-16T15:45:53.276+0000] {logging_mixin.py:188} WARNING -   File "/home/airflow/.local/lib/python3.10/site-packages/urllib3/connectionpool.py", line 467, in _make_request
    self._validate_conn(conn)
[2026-09-16T15:45:53.276+0000] {logging_mixin.py:188} WARNING -   File "/home/airflow/.local/lib/python3.10/site-packages/urllib3/connectionpool.py", line 1099, in _validate_conn
    conn.connect()
[2026-09-16T15:45:53.277+0000] {logging_mixin.py:188} WARNING -   File "/home/airflow/.local/lib/python3.10/site-packages/urllib3/connection.py", line 616, in connect
    self.sock = sock = self._new_conn()
[2026-09-16T15:45:53.277+0000] {logging_mixin.py:188} WARNING -   File "/home/airflow/.local/lib/python3.10/site-packages/urllib3/connection.py", line 205, in _new_conn
    raise NameResolutionError(self.host, self, e) from e
[2026-09-16T15:45:53.278+0000] {logging_mixin.py:188} WARNING - urllib3.exceptions.NameResolutionError: <urllib3.connection.HTTPSConnection object at 0x7bc5c06d7ee0>: Failed to resolve 'www.googleapis.com' ([Errno -5] No address associated with hostname)
[2026-09-16T15:45:53.278+0000] {logging_mixin.py:188} WARNING - 
The above exception was the direct cause of the following exception:
[2026-09-16T15:45:53.278+0000] {logging_mixin.py:188} WARNING - Traceback (most recent call last):
[2026-09-16T15:45:53.279+0000] {logging_mixin.py:188} WARNING -   File "/home/airflow/.local/lib/python3.10/site-packages/requests/adapters.py", line 486, in send
    resp = conn.urlopen(
[2026-09-16T15:45:53.279+0000] {logging_mixin.py:188} WARNING -   File "/home/airflow/.local/lib/python3.10/site-packages/urllib3/connectionpool.py", line 847, in urlopen
    retries = retries.increment(
[2026-09-16T15:45:53.280+0000] {logging_mixin.py:188} WARNING -   File "/home/airflow/.local/lib/python3.10/site-packages/urllib3/util/retry.py", line 515, in increment
    raise MaxRetryError(_pool, url, reason) from reason  # type: ignore[arg-type]
[2026-09-16T15:45:53.280+0000] {logging_mixin.py:188} WARNING - urllib3.exceptions.MaxRetryError: HTTPSConnectionPool(host='www.googleapis.com', port=443): Max retries exceeded with url: /youtube/v3/videos?part=snippet%2Cstatistics%2CcontentDetails&id=0yPgljFcTR4&key=AIzaSyCu0SeP4QtsaF8H6qeF4NcFYaRehf3ot8w (Caused by NameResolutionError("<urllib3.connection.HTTPSConnection object at 0x7bc5c06d7ee0>: Failed to resolve 'www.googleapis.com' ([Errno -5] No address associated with hostname)"))
[2026-09-16T15:45:53.280+0000] {logging_mixin.py:188} WARNING - 
During handling of the above exception, another exception occurred:
[2026-09-16T15:45:53.281+0000] {logging_mixin.py:188} WARNING - Traceback (most recent call last):
[2026-09-16T15:45:53.281+0000] {logging_mixin.py:188} WARNING -   File "/opt/airflow/src/app.py", line 72, in get_all_videos
    video = clt.get_video_info(id, self.config.videoInfoUrl,
[2026-09-16T15:45:53.282+0000] {logging_mixin.py:188} WARNING -   File "/opt/airflow/src/controller/info.py", line 12, in get_video_info
    response: req.Response = req.get(url, params=params)
[2026-09-16T15:45:53.282+0000] {logging_mixin.py:188} WARNING -   File "/home/airflow/.local/lib/python3.10/site-packages/requests/api.py", line 73, in get
    return request("get", url, params=params, **kwargs)
[2026-09-16T15:45:53.283+0000] {logging_mixin.py:188} WARNING -   File "/home/airflow/.local/lib/python3.10/site-packages/requests/api.py", line 59, in request
    return session.request(method=method, url=url, **kwargs)
[2026-09-16T15:45:53.283+0000] {logging_mixin.py:188} WARNING -   File "/home/airflow/.local/lib/python3.10/site-packages/requests/sessions.py", line 589, in request
    resp = self.send(prep, **send_kwargs)
[2026-09-16T15:45:53.284+0000] {logging_mixin.py:188} WARNING -   File "/home/airflow/.local/lib/python3.10/site-packages/requests/sessions.py", line 703, in send
    r = adapter.send(request, **kwargs)
[2026-09-16T15:45:53.284+0000] {logging_mixin.py:188} WARNING -   File "/home/airflow/.local/lib/python3.10/site-packages/requests/adapters.py", line 519, in send
    raise ConnectionError(e, request=request)
[2026-09-16T15:45:53.286+0000] {logging_mixin.py:188} WARNING - requests.exceptions.ConnectionError: HTTPSConnectionPool(host='www.googleapis.com', port=443): Max retries exceeded with url: /youtube/v3/videos?part=snippet%2Cstatistics%2CcontentDetails&id=0yPgljFcTR4&key=AIzaSyCu0SeP4QtsaF8H6qeF4NcFYaRehf3ot8w (Caused by NameResolutionError("<urllib3.connection.HTTPSConnection object at 0x7bc5c06d7ee0>: Failed to resolve 'www.googleapis.com' ([Errno -5] No address associated with hostname)"))
[2026-09-16T15:45:53.297+0000] {logging_mixin.py:188} WARNING - Traceback (most recent call last):
[2026-09-16T15:45:53.298+0000] {logging_mixin.py:188} WARNING -   File "/home/airflow/.local/lib/python3.10/site-packages/urllib3/connection.py", line 198, in _new_conn
    sock = connection.create_connection(
[2026-09-16T15:45:53.298+0000] {logging_mixin.py:188} WARNING -   File "/home/airflow/.local/lib/python3.10/site-packages/urllib3/util/connection.py", line 60, in create_connection
    for res in socket.getaddrinfo(host, port, family, socket.SOCK_STREAM):
[2026-09-16T15:45:53.299+0000] {logging_mixin.py:188} WARNING -   File "/usr/local/lib/python3.10/socket.py", line 955, in getaddrinfo
    for res in _socket.getaddrinfo(host, port, family, type, proto, flags):
[2026-09-16T15:45:53.299+0000] {logging_mixin.py:188} WARNING - socket.gaierror: [Errno -5] No address associated with hostname
[2026-09-16T15:45:53.300+0000] {logging_mixin.py:188} WARNING - 
The above exception was the direct cause of the following exception:
[2026-09-16T15:45:53.300+0000] {logging_mixin.py:188} WARNING - Traceback (most recent call last):
[2026-09-16T15:45:53.301+0000] {logging_mixin.py:188} WARNING -   File "/home/airflow/.local/lib/python3.10/site-packages/urllib3/connectionpool.py", line 793, in urlopen
    response = self._make_request(
[2026-09-16T15:45:53.302+0000] {logging_mixin.py:188} WARNING -   File "/home/airflow/.local/lib/python3.10/site-packages/urllib3/connectionpool.py", line 491, in _make_request
    raise new_e
[2026-09-16T15:45:53.304+0000] {logging_mixin.py:188} WARNING -   File "/home/airflow/.local/lib/python3.10/site-packages/urllib3/connectionpool.py", line 467, in _make_request
    self._validate_conn(conn)
[2026-09-16T15:45:53.305+0000] {logging_mixin.py:188} WARNING -   File "/home/airflow/.local/lib/python3.10/site-packages/urllib3/connectionpool.py", line 1099, in _validate_conn
    conn.connect()
[2026-09-16T15:45:53.305+0000] {logging_mixin.py:188} WARNING -   File "/home/airflow/.local/lib/python3.10/site-packages/urllib3/connection.py", line 616, in connect
    self.sock = sock = self._new_conn()
[2026-09-16T15:45:53.306+0000] {logging_mixin.py:188} WARNING -   File "/home/airflow/.local/lib/python3.10/site-packages/urllib3/connection.py", line 205, in _new_conn
    raise NameResolutionError(self.host, self, e) from e
[2026-09-16T15:45:53.307+0000] {logging_mixin.py:188} WARNING - urllib3.exceptions.NameResolutionError: <urllib3.connection.HTTPSConnection object at 0x7bc5c06d44c0>: Failed to resolve 'www.googleapis.com' ([Errno -5] No address associated with hostname)
[2026-09-16T15:45:53.307+0000] {logging_mixin.py:188} WARNING - 
The above exception was the direct cause of the following exception:
[2026-09-16T15:45:53.308+0000] {logging_mixin.py:188} WARNING - Traceback (most recent call last):
[2026-09-16T15:45:53.309+0000] {logging_mixin.py:188} WARNING -   File "/home/airflow/.local/lib/python3.10/site-packages/requests/adapters.py", line 486, in send
    resp = conn.urlopen(
[2026-09-16T15:45:53.309+0000] {logging_mixin.py:188} WARNING -   File "/home/airflow/.local/lib/python3.10/site-packages/urllib3/connectionpool.py", line 847, in urlopen
    retries = retries.increment(
[2026-09-16T15:45:53.310+0000] {logging_mixin.py:188} WARNING -   File "/home/airflow/.local/lib/python3.10/site-packages/urllib3/util/retry.py", line 515, in increment
    raise MaxRetryError(_pool, url, reason) from reason  # type: ignore[arg-type]
[2026-09-16T15:45:53.310+0000] {logging_mixin.py:188} WARNING - urllib3.exceptions.MaxRetryError: HTTPSConnectionPool(host='www.googleapis.com', port=443): Max retries exceeded with url: /youtube/v3/videos?part=snippet%2Cstatistics%2CcontentDetails&id=TN1wErFGTzM&key=AIzaSyCu0SeP4QtsaF8H6qeF4NcFYaRehf3ot8w (Caused by NameResolutionError("<urllib3.connection.HTTPSConnection object at 0x7bc5c06d44c0>: Failed to resolve 'www.googleapis.com' ([Errno -5] No address associated with hostname)"))
[2026-09-16T15:45:53.311+0000] {logging_mixin.py:188} WARNING - 
During handling of the above exception, another exception occurred:
[2026-09-16T15:45:53.311+0000] {logging_mixin.py:188} WARNING - Traceback (most recent call last):
[2026-09-16T15:45:53.311+0000] {logging_mixin.py:188} WARNING -   File "/opt/airflow/src/app.py", line 72, in get_all_videos
    video = clt.get_video_info(id, self.config.videoInfoUrl,
[2026-09-16T15:45:53.312+0000] {logging_mixin.py:188} WARNING -   File "/opt/airflow/src/controller/info.py", line 12, in get_video_info
    response: req.Response = req.get(url, params=params)
[2026-09-16T15:45:53.312+0000] {logging_mixin.py:188} WARNING -   File "/home/airflow/.local/lib/python3.10/site-packages/requests/api.py", line 73, in get
    return request("get", url, params=params, **kwargs)
[2026-09-16T15:45:53.313+0000] {logging_mixin.py:188} WARNING -   File "/home/airflow/.local/lib/python3.10/site-packages/requests/api.py", line 59, in request
    return session.request(method=method, url=url, **kwargs)
[2026-09-16T15:45:53.313+0000] {logging_mixin.py:188} WARNING -   File "/home/airflow/.local/lib/python3.10/site-packages/requests/sessions.py", line 589, in request
    resp = self.send(prep, **send_kwargs)
[2026-09-16T15:45:53.314+0000] {logging_mixin.py:188} WARNING -   File "/home/airflow/.local/lib/python3.10/site-packages/requests/sessions.py", line 703, in send
    r = adapter.send(request, **kwargs)
[2026-09-16T15:45:53.314+0000] {logging_mixin.py:188} WARNING -   File "/home/airflow/.local/lib/python3.10/site-packages/requests/adapters.py", line 519, in send
    raise ConnectionError(e, request=request)
[2026-09-16T15:45:53.315+0000] {logging_mixin.py:188} WARNING - requests.exceptions.ConnectionError: HTTPSConnectionPool(host='www.googleapis.com', port=443): Max retries exceeded with url: /youtube/v3/videos?part=snippet%2Cstatistics%2CcontentDetails&id=TN1wErFGTzM&key=AIzaSyCu0SeP4QtsaF8H6qeF4NcFYaRehf3ot8w (Caused by NameResolutionError("<urllib3.connection.HTTPSConnection object at 0x7bc5c06d44c0>: Failed to resolve 'www.googleapis.com' ([Errno -5] No address associated with hostname)"))
[2026-09-16T15:45:53.326+0000] {logging_mixin.py:188} WARNING - Traceback (most recent call last):
[2026-09-16T15:45:53.327+0000] {logging_mixin.py:188} WARNING -   File "/home/airflow/.local/lib/python3.10/site-packages/urllib3/connection.py", line 198, in _new_conn
    sock = connection.create_connection(
[2026-09-16T15:45:53.327+0000] {logging_mixin.py:188} WARNING -   File "/home/airflow/.local/lib/python3.10/site-packages/urllib3/util/connection.py", line 60, in create_connection
    for res in socket.getaddrinfo(host, port, family, socket.SOCK_STREAM):
[2026-09-16T15:45:53.328+0000] {logging_mixin.py:188} WARNING -   File "/usr/local/lib/python3.10/socket.py", line 955, in getaddrinfo
    for res in _socket.getaddrinfo(host, port, family, type, proto, flags):
[2026-09-16T15:45:53.328+0000] {logging_mixin.py:188} WARNING - socket.gaierror: [Errno -5] No address associated with hostname
[2026-09-16T15:45:53.329+0000] {logging_mixin.py:188} WARNING - 
The above exception was the direct cause of the following exception:
[2026-09-16T15:45:53.329+0000] {logging_mixin.py:188} WARNING - Traceback (most recent call last):
[2026-09-16T15:45:53.329+0000] {logging_mixin.py:188} WARNING -   File "/home/airflow/.local/lib/python3.10/site-packages/urllib3/connectionpool.py", line 793, in urlopen
    response = self._make_request(
[2026-09-16T15:45:53.330+0000] {logging_mixin.py:188} WARNING -   File "/home/airflow/.local/lib/python3.10/site-packages/urllib3/connectionpool.py", line 491, in _make_request
    raise new_e
[2026-09-16T15:45:53.330+0000] {logging_mixin.py:188} WARNING -   File "/home/airflow/.local/lib/python3.10/site-packages/urllib3/connectionpool.py", line 467, in _make_request
    self._validate_conn(conn)
[2026-09-16T15:45:53.330+0000] {logging_mixin.py:188} WARNING -   File "/home/airflow/.local/lib/python3.10/site-packages/urllib3/connectionpool.py", line 1099, in _validate_conn
    conn.connect()
[2026-09-16T15:45:53.331+0000] {logging_mixin.py:188} WARNING -   File "/home/airflow/.local/lib/python3.10/site-packages/urllib3/connection.py", line 616, in connect
    self.sock = sock = self._new_conn()
[2026-09-16T15:45:53.331+0000] {logging_mixin.py:188} WARNING -   File "/home/airflow/.local/lib/python3.10/site-packages/urllib3/connection.py", line 205, in _new_conn
    raise NameResolutionError(self.host, self, e) from e
[2026-09-16T15:45:53.332+0000] {logging_mixin.py:188} WARNING - urllib3.exceptions.NameResolutionError: <urllib3.connection.HTTPSConnection object at 0x7bc5c06d52d0>: Failed to resolve 'www.googleapis.com' ([Errno -5] No address associated with hostname)
[2026-09-16T15:45:53.332+0000] {logging_mixin.py:188} WARNING - 
The above exception was the direct cause of the following exception:
[2026-09-16T15:45:53.332+0000] {logging_mixin.py:188} WARNING - Traceback (most recent call last):
[2026-09-16T15:45:53.333+0000] {logging_mixin.py:188} WARNING -   File "/home/airflow/.local/lib/python3.10/site-packages/requests/adapters.py", line 486, in send
    resp = conn.urlopen(
[2026-09-16T15:45:53.333+0000] {logging_mixin.py:188} WARNING -   File "/home/airflow/.local/lib/python3.10/site-packages/urllib3/connectionpool.py", line 847, in urlopen
    retries = retries.increment(
[2026-09-16T15:45:53.333+0000] {logging_mixin.py:188} WARNING -   File "/home/airflow/.local/lib/python3.10/site-packages/urllib3/util/retry.py", line 515, in increment
    raise MaxRetryError(_pool, url, reason) from reason  # type: ignore[arg-type]
[2026-09-16T15:45:53.334+0000] {logging_mixin.py:188} WARNING - urllib3.exceptions.MaxRetryError: HTTPSConnectionPool(host='www.googleapis.com', port=443): Max retries exceeded with url: /youtube/v3/videos?part=snippet%2Cstatistics%2CcontentDetails&id=3dxksf0CzS8&key=AIzaSyCu0SeP4QtsaF8H6qeF4NcFYaRehf3ot8w (Caused by NameResolutionError("<urllib3.connection.HTTPSConnection object at 0x7bc5c06d52d0>: Failed to resolve 'www.googleapis.com' ([Errno -5] No address associated with hostname)"))
[2026-09-16T15:45:53.334+0000] {logging_mixin.py:188} WARNING - 
During handling of the above exception, another exception occurred:
[2026-09-16T15:45:53.335+0000] {logging_mixin.py:188} WARNING - Traceback (most recent call last):
[2026-09-16T15:45:53.336+0000] {logging_mixin.py:188} WARNING -   File "/opt/airflow/src/app.py", line 72, in get_all_videos
    video = clt.get_video_info(id, self.config.videoInfoUrl,
[2026-09-16T15:45:53.337+0000] {logging_mixin.py:188} WARNING -   File "/opt/airflow/src/controller/info.py", line 12, in get_video_info
    response: req.Response = req.get(url, params=params)
[2026-09-16T15:45:53.337+0000] {logging_mixin.py:188} WARNING -   File "/home/airflow/.local/lib/python3.10/site-packages/requests/api.py", line 73, in get
    return request("get", url, params=params, **kwargs)
[2026-09-16T15:45:53.338+0000] {logging_mixin.py:188} WARNING -   File "/home/airflow/.local/lib/python3.10/site-packages/requests/api.py", line 59, in request
    return session.request(method=method, url=url, **kwargs)
[2026-09-16T15:45:53.338+0000] {logging_mixin.py:188} WARNING -   File "/home/airflow/.local/lib/python3.10/site-packages/requests/sessions.py", line 589, in request
    resp = self.send(prep, **send_kwargs)
[2026-09-16T15:45:53.339+0000] {logging_mixin.py:188} WARNING -   File "/home/airflow/.local/lib/python3.10/site-packages/requests/sessions.py", line 703, in send
    r = adapter.send(request, **kwargs)
[2026-09-16T15:45:53.340+0000] {logging_mixin.py:188} WARNING -   File "/home/airflow/.local/lib/python3.10/site-packages/requests/adapters.py", line 519, in send
    raise ConnectionError(e, request=request)
[2026-09-16T15:45:53.340+0000] {logging_mixin.py:188} WARNING - requests.exceptions.ConnectionError: HTTPSConnectionPool(host='www.googleapis.com', port=443): Max retries exceeded with url: /youtube/v3/videos?part=snippet%2Cstatistics%2CcontentDetails&id=3dxksf0CzS8&key=AIzaSyCu0SeP4QtsaF8H6qeF4NcFYaRehf3ot8w (Caused by NameResolutionError("<urllib3.connection.HTTPSConnection object at 0x7bc5c06d52d0>: Failed to resolve 'www.googleapis.com' ([Errno -5] No address associated with hostname)"))
[2026-09-16T15:45:53.349+0000] {logging_mixin.py:188} WARNING - Traceback (most recent call last):
[2026-09-16T15:45:53.350+0000] {logging_mixin.py:188} WARNING -   File "/home/airflow/.local/lib/python3.10/site-packages/urllib3/connection.py", line 198, in _new_conn
    sock = connection.create_connection(
[2026-09-16T15:45:53.351+0000] {logging_mixin.py:188} WARNING -   File "/home/airflow/.local/lib/python3.10/site-packages/urllib3/util/connection.py", line 60, in create_connection
    for res in socket.getaddrinfo(host, port, family, socket.SOCK_STREAM):
[2026-09-16T15:45:53.353+0000] {logging_mixin.py:188} WARNING -   File "/usr/local/lib/python3.10/socket.py", line 955, in getaddrinfo
    for res in _socket.getaddrinfo(host, port, family, type, proto, flags):
[2026-09-16T15:45:53.353+0000] {logging_mixin.py:188} WARNING - socket.gaierror: [Errno -5] No address associated with hostname
[2026-09-16T15:45:53.354+0000] {logging_mixin.py:188} WARNING - 
The above exception was the direct cause of the following exception:
[2026-09-16T15:45:53.355+0000] {logging_mixin.py:188} WARNING - Traceback (most recent call last):
[2026-09-16T15:45:53.355+0000] {logging_mixin.py:188} WARNING -   File "/home/airflow/.local/lib/python3.10/site-packages/urllib3/connectionpool.py", line 793, in urlopen
    response = self._make_request(
[2026-09-16T15:45:53.356+0000] {logging_mixin.py:188} WARNING -   File "/home/airflow/.local/lib/python3.10/site-packages/urllib3/connectionpool.py", line 491, in _make_request
    raise new_e
[2026-09-16T15:45:53.357+0000] {logging_mixin.py:188} WARNING -   File "/home/airflow/.local/lib/python3.10/site-packages/urllib3/connectionpool.py", line 467, in _make_request
    self._validate_conn(conn)
[2026-09-16T15:45:53.357+0000] {logging_mixin.py:188} WARNING -   File "/home/airflow/.local/lib/python3.10/site-packages/urllib3/connectionpool.py", line 1099, in _validate_conn
    conn.connect()
[2026-09-16T15:45:53.358+0000] {logging_mixin.py:188} WARNING -   File "/home/airflow/.local/lib/python3.10/site-packages/urllib3/connection.py", line 616, in connect
    self.sock = sock = self._new_conn()
[2026-09-16T15:45:53.358+0000] {logging_mixin.py:188} WARNING -   File "/home/airflow/.local/lib/python3.10/site-packages/urllib3/connection.py", line 205, in _new_conn
    raise NameResolutionError(self.host, self, e) from e
[2026-09-16T15:45:53.359+0000] {logging_mixin.py:188} WARNING - urllib3.exceptions.NameResolutionError: <urllib3.connection.HTTPSConnection object at 0x7bc5c06d5900>: Failed to resolve 'www.googleapis.com' ([Errno -5] No address associated with hostname)
[2026-09-16T15:45:53.359+0000] {logging_mixin.py:188} WARNING - 
The above exception was the direct cause of the following exception:
[2026-09-16T15:45:53.360+0000] {logging_mixin.py:188} WARNING - Traceback (most recent call last):
[2026-09-16T15:45:53.360+0000] {logging_mixin.py:188} WARNING -   File "/home/airflow/.local/lib/python3.10/site-packages/requests/adapters.py", line 486, in send
    resp = conn.urlopen(
[2026-09-16T15:45:53.360+0000] {logging_mixin.py:188} WARNING -   File "/home/airflow/.local/lib/python3.10/site-packages/urllib3/connectionpool.py", line 847, in urlopen
    retries = retries.increment(
[2026-09-16T15:45:53.361+0000] {logging_mixin.py:188} WARNING -   File "/home/airflow/.local/lib/python3.10/site-packages/urllib3/util/retry.py", line 515, in increment
    raise MaxRetryError(_pool, url, reason) from reason  # type: ignore[arg-type]
[2026-09-16T15:45:53.361+0000] {logging_mixin.py:188} WARNING - urllib3.exceptions.MaxRetryError: HTTPSConnectionPool(host='www.googleapis.com', port=443): Max retries exceeded with url: /youtube/v3/videos?part=snippet%2Cstatistics%2CcontentDetails&id=x7yv72s8h0o&key=AIzaSyCu0SeP4QtsaF8H6qeF4NcFYaRehf3ot8w (Caused by NameResolutionError("<urllib3.connection.HTTPSConnection object at 0x7bc5c06d5900>: Failed to resolve 'www.googleapis.com' ([Errno -5] No address associated with hostname)"))
[2026-09-16T15:45:53.362+0000] {logging_mixin.py:188} WARNING - 
During handling of the above exception, another exception occurred:
[2026-09-16T15:45:53.362+0000] {logging_mixin.py:188} WARNING - Traceback (most recent call last):
[2026-09-16T15:45:53.363+0000] {logging_mixin.py:188} WARNING -   File "/opt/airflow/src/app.py", line 72, in get_all_videos
    video = clt.get_video_info(id, self.config.videoInfoUrl,
[2026-09-16T15:45:53.363+0000] {logging_mixin.py:188} WARNING -   File "/opt/airflow/src/controller/info.py", line 12, in get_video_info
    response: req.Response = req.get(url, params=params)
[2026-09-16T15:45:53.363+0000] {logging_mixin.py:188} WARNING -   File "/home/airflow/.local/lib/python3.10/site-packages/requests/api.py", line 73, in get
    return request("get", url, params=params, **kwargs)
[2026-09-16T15:45:53.364+0000] {logging_mixin.py:188} WARNING -   File "/home/airflow/.local/lib/python3.10/site-packages/requests/api.py", line 59, in request
    return session.request(method=method, url=url, **kwargs)
[2026-09-16T15:45:53.364+0000] {logging_mixin.py:188} WARNING -   File "/home/airflow/.local/lib/python3.10/site-packages/requests/sessions.py", line 589, in request
    resp = self.send(prep, **send_kwargs)
[2026-09-16T15:45:53.365+0000] {logging_mixin.py:188} WARNING -   File "/home/airflow/.local/lib/python3.10/site-packages/requests/sessions.py", line 703, in send
    r = adapter.send(request, **kwargs)
[2026-09-16T15:45:53.365+0000] {logging_mixin.py:188} WARNING -   File "/home/airflow/.local/lib/python3.10/site-packages/requests/adapters.py", line 519, in send
    raise ConnectionError(e, request=request)
[2026-09-16T15:45:53.366+0000] {logging_mixin.py:188} WARNING - requests.exceptions.ConnectionError: HTTPSConnectionPool(host='www.googleapis.com', port=443): Max retries exceeded with url: /youtube/v3/videos?part=snippet%2Cstatistics%2CcontentDetails&id=x7yv72s8h0o&key=AIzaSyCu0SeP4QtsaF8H6qeF4NcFYaRehf3ot8w (Caused by NameResolutionError("<urllib3.connection.HTTPSConnection object at 0x7bc5c06d5900>: Failed to resolve 'www.googleapis.com' ([Errno -5] No address associated with hostname)"))
[2026-09-16T15:45:53.377+0000] {logging_mixin.py:188} WARNING - Traceback (most recent call last):
[2026-09-16T15:45:53.378+0000] {logging_mixin.py:188} WARNING -   File "/home/airflow/.local/lib/python3.10/site-packages/urllib3/connection.py", line 198, in _new_conn
    sock = connection.create_connection(
[2026-09-16T15:45:53.379+0000] {logging_mixin.py:188} WARNING -   File "/home/airflow/.local/lib/python3.10/site-packages/urllib3/util/connection.py", line 60, in create_connection
    for res in socket.getaddrinfo(host, port, family, socket.SOCK_STREAM):
[2026-09-16T15:45:53.379+0000] {logging_mixin.py:188} WARNING -   File "/usr/local/lib/python3.10/socket.py", line 955, in getaddrinfo
    for res in _socket.getaddrinfo(host, port, family, type, proto, flags):
[2026-09-16T15:45:53.379+0000] {logging_mixin.py:188} WARNING - socket.gaierror: [Errno -5] No address associated with hostname
[2026-09-16T15:45:53.380+0000] {logging_mixin.py:188} WARNING - 
The above exception was the direct cause of the following exception:
[2026-09-16T15:45:53.380+0000] {logging_mixin.py:188} WARNING - Traceback (most recent call last):
[2026-09-16T15:45:53.380+0000] {logging_mixin.py:188} WARNING -   File "/home/airflow/.local/lib/python3.10/site-packages/urllib3/connectionpool.py", line 793, in urlopen
    response = self._make_request(
[2026-09-16T15:45:53.381+0000] {logging_mixin.py:188} WARNING -   File "/home/airflow/.local/lib/python3.10/site-packages/urllib3/connectionpool.py", line 491, in _make_request
    raise new_e
[2026-09-16T15:45:53.381+0000] {logging_mixin.py:188} WARNING -   File "/home/airflow/.local/lib/python3.10/site-packages/urllib3/connectionpool.py", line 467, in _make_request
    self._validate_conn(conn)
[2026-09-16T15:45:53.381+0000] {logging_mixin.py:188} WARNING -   File "/home/airflow/.local/lib/python3.10/site-packages/urllib3/connectionpool.py", line 1099, in _validate_conn
    conn.connect()
[2026-09-16T15:45:53.382+0000] {logging_mixin.py:188} WARNING -   File "/home/airflow/.local/lib/python3.10/site-packages/urllib3/connection.py", line 616, in connect
    self.sock = sock = self._new_conn()
[2026-09-16T15:45:53.382+0000] {logging_mixin.py:188} WARNING -   File "/home/airflow/.local/lib/python3.10/site-packages/urllib3/connection.py", line 205, in _new_conn
    raise NameResolutionError(self.host, self, e) from e
[2026-09-16T15:45:53.383+0000] {logging_mixin.py:188} WARNING - urllib3.exceptions.NameResolutionError: <urllib3.connection.HTTPSConnection object at 0x7bc5c0667df0>: Failed to resolve 'www.googleapis.com' ([Errno -5] No address associated with hostname)
[2026-09-16T15:45:53.383+0000] {logging_mixin.py:188} WARNING - 
The above exception was the direct cause of the following exception:
[2026-09-16T15:45:53.384+0000] {logging_mixin.py:188} WARNING - Traceback (most recent call last):
[2026-09-16T15:45:53.384+0000] {logging_mixin.py:188} WARNING -   File "/home/airflow/.local/lib/python3.10/site-packages/requests/adapters.py", line 486, in send
    resp = conn.urlopen(
[2026-09-16T15:45:53.385+0000] {logging_mixin.py:188} WARNING -   File "/home/airflow/.local/lib/python3.10/site-packages/urllib3/connectionpool.py", line 847, in urlopen
    retries = retries.increment(
[2026-09-16T15:45:53.386+0000] {logging_mixin.py:188} WARNING -   File "/home/airflow/.local/lib/python3.10/site-packages/urllib3/util/retry.py", line 515, in increment
    raise MaxRetryError(_pool, url, reason) from reason  # type: ignore[arg-type]
[2026-09-16T15:45:53.387+0000] {logging_mixin.py:188} WARNING - urllib3.exceptions.MaxRetryError: HTTPSConnectionPool(host='www.googleapis.com', port=443): Max retries exceeded with url: /youtube/v3/videos?part=snippet%2Cstatistics%2CcontentDetails&id=uyiG6uw-6pA&key=AIzaSyCu0SeP4QtsaF8H6qeF4NcFYaRehf3ot8w (Caused by NameResolutionError("<urllib3.connection.HTTPSConnection object at 0x7bc5c0667df0>: Failed to resolve 'www.googleapis.com' ([Errno -5] No address associated with hostname)"))
[2026-09-16T15:45:53.387+0000] {logging_mixin.py:188} WARNING - 
During handling of the above exception, another exception occurred:
[2026-09-16T15:45:53.388+0000] {logging_mixin.py:188} WARNING - Traceback (most recent call last):
[2026-09-16T15:45:53.388+0000] {logging_mixin.py:188} WARNING -   File "/opt/airflow/src/app.py", line 72, in get_all_videos
    video = clt.get_video_info(id, self.config.videoInfoUrl,
[2026-09-16T15:45:53.389+0000] {logging_mixin.py:188} WARNING -   File "/opt/airflow/src/controller/info.py", line 12, in get_video_info
    response: req.Response = req.get(url, params=params)
[2026-09-16T15:45:53.389+0000] {logging_mixin.py:188} WARNING -   File "/home/airflow/.local/lib/python3.10/site-packages/requests/api.py", line 73, in get
    return request("get", url, params=params, **kwargs)
[2026-09-16T15:45:53.390+0000] {logging_mixin.py:188} WARNING -   File "/home/airflow/.local/lib/python3.10/site-packages/requests/api.py", line 59, in request
    return session.request(method=method, url=url, **kwargs)
[2026-09-16T15:45:53.390+0000] {logging_mixin.py:188} WARNING -   File "/home/airflow/.local/lib/python3.10/site-packages/requests/sessions.py", line 589, in request
    resp = self.send(prep, **send_kwargs)
[2026-09-16T15:45:53.390+0000] {logging_mixin.py:188} WARNING -   File "/home/airflow/.local/lib/python3.10/site-packages/requests/sessions.py", line 703, in send
    r = adapter.send(request, **kwargs)
[2026-09-16T15:45:53.390+0000] {logging_mixin.py:188} WARNING -   File "/home/airflow/.local/lib/python3.10/site-packages/requests/adapters.py", line 519, in send
    raise ConnectionError(e, request=request)
[2026-09-16T15:45:53.391+0000] {logging_mixin.py:188} WARNING - requests.exceptions.ConnectionError: HTTPSConnectionPool(host='www.googleapis.com', port=443): Max retries exceeded with url: /youtube/v3/videos?part=snippet%2Cstatistics%2CcontentDetails&id=uyiG6uw-6pA&key=AIzaSyCu0SeP4QtsaF8H6qeF4NcFYaRehf3ot8w (Caused by NameResolutionError("<urllib3.connection.HTTPSConnection object at 0x7bc5c0667df0>: Failed to resolve 'www.googleapis.com' ([Errno -5] No address associated with hostname)"))
[2026-09-16T15:45:53.399+0000] {logging_mixin.py:188} WARNING - Traceback (most recent call last):
[2026-09-16T15:45:53.399+0000] {logging_mixin.py:188} WARNING -   File "/home/airflow/.local/lib/python3.10/site-packages/urllib3/connection.py", line 198, in _new_conn
    sock = connection.create_connection(
[2026-09-16T15:45:53.400+0000] {logging_mixin.py:188} WARNING -   File "/home/airflow/.local/lib/python3.10/site-packages/urllib3/util/connection.py", line 60, in create_connection
    for res in socket.getaddrinfo(host, port, family, socket.SOCK_STREAM):
[2026-09-16T15:45:53.400+0000] {logging_mixin.py:188} WARNING -   File "/usr/local/lib/python3.10/socket.py", line 955, in getaddrinfo
    for res in _socket.getaddrinfo(host, port, family, type, proto, flags):
[2026-09-16T15:45:53.401+0000] {logging_mixin.py:188} WARNING - socket.gaierror: [Errno -5] No address associated with hostname
[2026-09-16T15:45:53.401+0000] {logging_mixin.py:188} WARNING - 
The above exception was the direct cause of the following exception:
[2026-09-16T15:45:53.402+0000] {logging_mixin.py:188} WARNING - Traceback (most recent call last):
[2026-09-16T15:45:53.403+0000] {logging_mixin.py:188} WARNING -   File "/home/airflow/.local/lib/python3.10/site-packages/urllib3/connectionpool.py", line 793, in urlopen
    response = self._make_request(
[2026-09-16T15:45:53.404+0000] {logging_mixin.py:188} WARNING -   File "/home/airflow/.local/lib/python3.10/site-packages/urllib3/connectionpool.py", line 491, in _make_request
    raise new_e
[2026-09-16T15:45:53.404+0000] {logging_mixin.py:188} WARNING -   File "/home/airflow/.local/lib/python3.10/site-packages/urllib3/connectionpool.py", line 467, in _make_request
    self._validate_conn(conn)
[2026-09-16T15:45:53.405+0000] {logging_mixin.py:188} WARNING -   File "/home/airflow/.local/lib/python3.10/site-packages/urllib3/connectionpool.py", line 1099, in _validate_conn
    conn.connect()
[2026-09-16T15:45:53.405+0000] {logging_mixin.py:188} WARNING -   File "/home/airflow/.local/lib/python3.10/site-packages/urllib3/connection.py", line 616, in connect
    self.sock = sock = self._new_conn()
[2026-09-16T15:45:53.406+0000] {logging_mixin.py:188} WARNING -   File "/home/airflow/.local/lib/python3.10/site-packages/urllib3/connection.py", line 205, in _new_conn
    raise NameResolutionError(self.host, self, e) from e
[2026-09-16T15:45:53.406+0000] {logging_mixin.py:188} WARNING - urllib3.exceptions.NameResolutionError: <urllib3.connection.HTTPSConnection object at 0x7bc5c06d5b10>: Failed to resolve 'www.googleapis.com' ([Errno -5] No address associated with hostname)
[2026-09-16T15:45:53.406+0000] {logging_mixin.py:188} WARNING - 
The above exception was the direct cause of the following exception:
[2026-09-16T15:45:53.407+0000] {logging_mixin.py:188} WARNING - Traceback (most recent call last):
[2026-09-16T15:45:53.407+0000] {logging_mixin.py:188} WARNING -   File "/home/airflow/.local/lib/python3.10/site-packages/requests/adapters.py", line 486, in send
    resp = conn.urlopen(
[2026-09-16T15:45:53.407+0000] {logging_mixin.py:188} WARNING -   File "/home/airflow/.local/lib/python3.10/site-packages/urllib3/connectionpool.py", line 847, in urlopen
    retries = retries.increment(
[2026-09-16T15:45:53.408+0000] {logging_mixin.py:188} WARNING -   File "/home/airflow/.local/lib/python3.10/site-packages/urllib3/util/retry.py", line 515, in increment
    raise MaxRetryError(_pool, url, reason) from reason  # type: ignore[arg-type]
[2026-09-16T15:45:53.408+0000] {logging_mixin.py:188} WARNING - urllib3.exceptions.MaxRetryError: HTTPSConnectionPool(host='www.googleapis.com', port=443): Max retries exceeded with url: /youtube/v3/videos?part=snippet%2Cstatistics%2CcontentDetails&id=M1STzb7k9L8&key=AIzaSyCu0SeP4QtsaF8H6qeF4NcFYaRehf3ot8w (Caused by NameResolutionError("<urllib3.connection.HTTPSConnection object at 0x7bc5c06d5b10>: Failed to resolve 'www.googleapis.com' ([Errno -5] No address associated with hostname)"))
[2026-09-16T15:45:53.408+0000] {logging_mixin.py:188} WARNING - 
During handling of the above exception, another exception occurred:
[2026-09-16T15:45:53.409+0000] {logging_mixin.py:188} WARNING - Traceback (most recent call last):
[2026-09-16T15:45:53.409+0000] {logging_mixin.py:188} WARNING -   File "/opt/airflow/src/app.py", line 72, in get_all_videos
    video = clt.get_video_info(id, self.config.videoInfoUrl,
[2026-09-16T15:45:53.409+0000] {logging_mixin.py:188} WARNING -   File "/opt/airflow/src/controller/info.py", line 12, in get_video_info
    response: req.Response = req.get(url, params=params)
[2026-09-16T15:45:53.410+0000] {logging_mixin.py:188} WARNING -   File "/home/airflow/.local/lib/python3.10/site-packages/requests/api.py", line 73, in get
    return request("get", url, params=params, **kwargs)
[2026-09-16T15:45:53.410+0000] {logging_mixin.py:188} WARNING -   File "/home/airflow/.local/lib/python3.10/site-packages/requests/api.py", line 59, in request
    return session.request(method=method, url=url, **kwargs)
[2026-09-16T15:45:53.410+0000] {logging_mixin.py:188} WARNING -   File "/home/airflow/.local/lib/python3.10/site-packages/requests/sessions.py", line 589, in request
    resp = self.send(prep, **send_kwargs)
[2026-09-16T15:45:53.411+0000] {logging_mixin.py:188} WARNING -   File "/home/airflow/.local/lib/python3.10/site-packages/requests/sessions.py", line 703, in send
    r = adapter.send(request, **kwargs)
[2026-09-16T15:45:53.411+0000] {logging_mixin.py:188} WARNING -   File "/home/airflow/.local/lib/python3.10/site-packages/requests/adapters.py", line 519, in send
    raise ConnectionError(e, request=request)
[2026-09-16T15:45:53.411+0000] {logging_mixin.py:188} WARNING - requests.exceptions.ConnectionError: HTTPSConnectionPool(host='www.googleapis.com', port=443): Max retries exceeded with url: /youtube/v3/videos?part=snippet%2Cstatistics%2CcontentDetails&id=M1STzb7k9L8&key=AIzaSyCu0SeP4QtsaF8H6qeF4NcFYaRehf3ot8w (Caused by NameResolutionError("<urllib3.connection.HTTPSConnection object at 0x7bc5c06d5b10>: Failed to resolve 'www.googleapis.com' ([Errno -5] No address associated with hostname)"))
[2026-09-16T15:45:53.421+0000] {logging_mixin.py:188} WARNING - Traceback (most recent call last):
[2026-09-16T15:45:53.422+0000] {logging_mixin.py:188} WARNING -   File "/home/airflow/.local/lib/python3.10/site-packages/urllib3/connection.py", line 198, in _new_conn
    sock = connection.create_connection(
[2026-09-16T15:45:53.422+0000] {logging_mixin.py:188} WARNING -   File "/home/airflow/.local/lib/python3.10/site-packages/urllib3/util/connection.py", line 60, in create_connection
    for res in socket.getaddrinfo(host, port, family, socket.SOCK_STREAM):
[2026-09-16T15:45:53.423+0000] {logging_mixin.py:188} WARNING -   File "/usr/local/lib/python3.10/socket.py", line 955, in getaddrinfo
    for res in _socket.getaddrinfo(host, port, family, type, proto, flags):
[2026-09-16T15:45:53.423+0000] {logging_mixin.py:188} WARNING - socket.gaierror: [Errno -5] No address associated with hostname
[2026-09-16T15:45:53.424+0000] {logging_mixin.py:188} WARNING - 
The above exception was the direct cause of the following exception:
[2026-09-16T15:45:53.424+0000] {logging_mixin.py:188} WARNING - Traceback (most recent call last):
[2026-09-16T15:45:53.424+0000] {logging_mixin.py:188} WARNING -   File "/home/airflow/.local/lib/python3.10/site-packages/urllib3/connectionpool.py", line 793, in urlopen
    response = self._make_request(
[2026-09-16T15:45:53.425+0000] {logging_mixin.py:188} WARNING -   File "/home/airflow/.local/lib/python3.10/site-packages/urllib3/connectionpool.py", line 491, in _make_request
    raise new_e
[2026-09-16T15:45:53.425+0000] {logging_mixin.py:188} WARNING -   File "/home/airflow/.local/lib/python3.10/site-packages/urllib3/connectionpool.py", line 467, in _make_request
    self._validate_conn(conn)
[2026-09-16T15:45:53.426+0000] {logging_mixin.py:188} WARNING -   File "/home/airflow/.local/lib/python3.10/site-packages/urllib3/connectionpool.py", line 1099, in _validate_conn
    conn.connect()
[2026-09-16T15:45:53.426+0000] {logging_mixin.py:188} WARNING -   File "/home/airflow/.local/lib/python3.10/site-packages/urllib3/connection.py", line 616, in connect
    self.sock = sock = self._new_conn()
[2026-09-16T15:45:53.426+0000] {logging_mixin.py:188} WARNING -   File "/home/airflow/.local/lib/python3.10/site-packages/urllib3/connection.py", line 205, in _new_conn
    raise NameResolutionError(self.host, self, e) from e
[2026-09-16T15:45:53.427+0000] {logging_mixin.py:188} WARNING - urllib3.exceptions.NameResolutionError: <urllib3.connection.HTTPSConnection object at 0x7bc5c06d4670>: Failed to resolve 'www.googleapis.com' ([Errno -5] No address associated with hostname)
[2026-09-16T15:45:53.427+0000] {logging_mixin.py:188} WARNING - 
The above exception was the direct cause of the following exception:
[2026-09-16T15:45:53.428+0000] {logging_mixin.py:188} WARNING - Traceback (most recent call last):
[2026-09-16T15:45:53.428+0000] {logging_mixin.py:188} WARNING -   File "/home/airflow/.local/lib/python3.10/site-packages/requests/adapters.py", line 486, in send
    resp = conn.urlopen(
[2026-09-16T15:45:53.429+0000] {logging_mixin.py:188} WARNING -   File "/home/airflow/.local/lib/python3.10/site-packages/urllib3/connectionpool.py", line 847, in urlopen
    retries = retries.increment(
[2026-09-16T15:45:53.429+0000] {logging_mixin.py:188} WARNING -   File "/home/airflow/.local/lib/python3.10/site-packages/urllib3/util/retry.py", line 515, in increment
    raise MaxRetryError(_pool, url, reason) from reason  # type: ignore[arg-type]
[2026-09-16T15:45:53.429+0000] {logging_mixin.py:188} WARNING - urllib3.exceptions.MaxRetryError: HTTPSConnectionPool(host='www.googleapis.com', port=443): Max retries exceeded with url: /youtube/v3/videos?part=snippet%2Cstatistics%2CcontentDetails&id=7K-yxGWYsnk&key=AIzaSyCu0SeP4QtsaF8H6qeF4NcFYaRehf3ot8w (Caused by NameResolutionError("<urllib3.connection.HTTPSConnection object at 0x7bc5c06d4670>: Failed to resolve 'www.googleapis.com' ([Errno -5] No address associated with hostname)"))
[2026-09-16T15:45:53.429+0000] {logging_mixin.py:188} WARNING - 
During handling of the above exception, another exception occurred:
[2026-09-16T15:45:53.430+0000] {logging_mixin.py:188} WARNING - Traceback (most recent call last):
[2026-09-16T15:45:53.430+0000] {logging_mixin.py:188} WARNING -   File "/opt/airflow/src/app.py", line 72, in get_all_videos
    video = clt.get_video_info(id, self.config.videoInfoUrl,
[2026-09-16T15:45:53.430+0000] {logging_mixin.py:188} WARNING -   File "/opt/airflow/src/controller/info.py", line 12, in get_video_info
    response: req.Response = req.get(url, params=params)
[2026-09-16T15:45:53.431+0000] {logging_mixin.py:188} WARNING -   File "/home/airflow/.local/lib/python3.10/site-packages/requests/api.py", line 73, in get
    return request("get", url, params=params, **kwargs)
[2026-09-16T15:45:53.431+0000] {logging_mixin.py:188} WARNING -   File "/home/airflow/.local/lib/python3.10/site-packages/requests/api.py", line 59, in request
    return session.request(method=method, url=url, **kwargs)
[2026-09-16T15:45:53.431+0000] {logging_mixin.py:188} WARNING -   File "/home/airflow/.local/lib/python3.10/site-packages/requests/sessions.py", line 589, in request
    resp = self.send(prep, **send_kwargs)
[2026-09-16T15:45:53.431+0000] {logging_mixin.py:188} WARNING -   File "/home/airflow/.local/lib/python3.10/site-packages/requests/sessions.py", line 703, in send
    r = adapter.send(request, **kwargs)
[2026-09-16T15:45:53.432+0000] {logging_mixin.py:188} WARNING -   File "/home/airflow/.local/lib/python3.10/site-packages/requests/adapters.py", line 519, in send
    raise ConnectionError(e, request=request)
[2026-09-16T15:45:53.432+0000] {logging_mixin.py:188} WARNING - requests.exceptions.ConnectionError: HTTPSConnectionPool(host='www.googleapis.com', port=443): Max retries exceeded with url: /youtube/v3/videos?part=snippet%2Cstatistics%2CcontentDetails&id=7K-yxGWYsnk&key=AIzaSyCu0SeP4QtsaF8H6qeF4NcFYaRehf3ot8w (Caused by NameResolutionError("<urllib3.connection.HTTPSConnection object at 0x7bc5c06d4670>: Failed to resolve 'www.googleapis.com' ([Errno -5] No address associated with hostname)"))
[2026-09-16T15:45:53.443+0000] {logging_mixin.py:188} WARNING - Traceback (most recent call last):
[2026-09-16T15:45:53.443+0000] {logging_mixin.py:188} WARNING -   File "/home/airflow/.local/lib/python3.10/site-packages/urllib3/connection.py", line 198, in _new_conn
    sock = connection.create_connection(
[2026-09-16T15:45:53.444+0000] {logging_mixin.py:188} WARNING -   File "/home/airflow/.local/lib/python3.10/site-packages/urllib3/util/connection.py", line 60, in create_connection
    for res in socket.getaddrinfo(host, port, family, socket.SOCK_STREAM):
[2026-09-16T15:45:53.444+0000] {logging_mixin.py:188} WARNING -   File "/usr/local/lib/python3.10/socket.py", line 955, in getaddrinfo
    for res in _socket.getaddrinfo(host, port, family, type, proto, flags):
[2026-09-16T15:45:53.445+0000] {logging_mixin.py:188} WARNING - socket.gaierror: [Errno -5] No address associated with hostname
[2026-09-16T15:45:53.445+0000] {logging_mixin.py:188} WARNING - 
The above exception was the direct cause of the following exception:
[2026-09-16T15:45:53.446+0000] {logging_mixin.py:188} WARNING - Traceback (most recent call last):
[2026-09-16T15:45:53.446+0000] {logging_mixin.py:188} WARNING -   File "/home/airflow/.local/lib/python3.10/site-packages/urllib3/connectionpool.py", line 793, in urlopen
    response = self._make_request(
[2026-09-16T15:45:53.446+0000] {logging_mixin.py:188} WARNING -   File "/home/airflow/.local/lib/python3.10/site-packages/urllib3/connectionpool.py", line 491, in _make_request
    raise new_e
[2026-09-16T15:45:53.447+0000] {logging_mixin.py:188} WARNING -   File "/home/airflow/.local/lib/python3.10/site-packages/urllib3/connectionpool.py", line 467, in _make_request
    self._validate_conn(conn)
[2026-09-16T15:45:53.448+0000] {logging_mixin.py:188} WARNING -   File "/home/airflow/.local/lib/python3.10/site-packages/urllib3/connectionpool.py", line 1099, in _validate_conn
    conn.connect()
[2026-09-16T15:45:53.448+0000] {logging_mixin.py:188} WARNING -   File "/home/airflow/.local/lib/python3.10/site-packages/urllib3/connection.py", line 616, in connect
    self.sock = sock = self._new_conn()
[2026-09-16T15:45:53.448+0000] {logging_mixin.py:188} WARNING -   File "/home/airflow/.local/lib/python3.10/site-packages/urllib3/connection.py", line 205, in _new_conn
    raise NameResolutionError(self.host, self, e) from e
[2026-09-16T15:45:53.449+0000] {logging_mixin.py:188} WARNING - urllib3.exceptions.NameResolutionError: <urllib3.connection.HTTPSConnection object at 0x7bc5c06d45b0>: Failed to resolve 'www.googleapis.com' ([Errno -5] No address associated with hostname)
[2026-09-16T15:45:53.449+0000] {logging_mixin.py:188} WARNING - 
The above exception was the direct cause of the following exception:
[2026-09-16T15:45:53.450+0000] {logging_mixin.py:188} WARNING - Traceback (most recent call last):
[2026-09-16T15:45:53.450+0000] {logging_mixin.py:188} WARNING -   File "/home/airflow/.local/lib/python3.10/site-packages/requests/adapters.py", line 486, in send
    resp = conn.urlopen(
[2026-09-16T15:45:53.451+0000] {logging_mixin.py:188} WARNING -   File "/home/airflow/.local/lib/python3.10/site-packages/urllib3/connectionpool.py", line 847, in urlopen
    retries = retries.increment(
[2026-09-16T15:45:53.451+0000] {logging_mixin.py:188} WARNING -   File "/home/airflow/.local/lib/python3.10/site-packages/urllib3/util/retry.py", line 515, in increment
    raise MaxRetryError(_pool, url, reason) from reason  # type: ignore[arg-type]
[2026-09-16T15:45:53.453+0000] {logging_mixin.py:188} WARNING - urllib3.exceptions.MaxRetryError: HTTPSConnectionPool(host='www.googleapis.com', port=443): Max retries exceeded with url: /youtube/v3/videos?part=snippet%2Cstatistics%2CcontentDetails&id=Tbn4cYCaZCk&key=AIzaSyCu0SeP4QtsaF8H6qeF4NcFYaRehf3ot8w (Caused by NameResolutionError("<urllib3.connection.HTTPSConnection object at 0x7bc5c06d45b0>: Failed to resolve 'www.googleapis.com' ([Errno -5] No address associated with hostname)"))
[2026-09-16T15:45:53.454+0000] {logging_mixin.py:188} WARNING - 
During handling of the above exception, another exception occurred:
[2026-09-16T15:45:53.454+0000] {logging_mixin.py:188} WARNING - Traceback (most recent call last):
[2026-09-16T15:45:53.455+0000] {logging_mixin.py:188} WARNING -   File "/opt/airflow/src/app.py", line 72, in get_all_videos
    video = clt.get_video_info(id, self.config.videoInfoUrl,
[2026-09-16T15:45:53.455+0000] {logging_mixin.py:188} WARNING -   File "/opt/airflow/src/controller/info.py", line 12, in get_video_info
    response: req.Response = req.get(url, params=params)
[2026-09-16T15:45:53.455+0000] {logging_mixin.py:188} WARNING -   File "/home/airflow/.local/lib/python3.10/site-packages/requests/api.py", line 73, in get
    return request("get", url, params=params, **kwargs)
[2026-09-16T15:45:53.456+0000] {logging_mixin.py:188} WARNING -   File "/home/airflow/.local/lib/python3.10/site-packages/requests/api.py", line 59, in request
    return session.request(method=method, url=url, **kwargs)
[2026-09-16T15:45:53.456+0000] {logging_mixin.py:188} WARNING -   File "/home/airflow/.local/lib/python3.10/site-packages/requests/sessions.py", line 589, in request
    resp = self.send(prep, **send_kwargs)
[2026-09-16T15:45:53.457+0000] {logging_mixin.py:188} WARNING -   File "/home/airflow/.local/lib/python3.10/site-packages/requests/sessions.py", line 703, in send
    r = adapter.send(request, **kwargs)
[2026-09-16T15:45:53.457+0000] {logging_mixin.py:188} WARNING -   File "/home/airflow/.local/lib/python3.10/site-packages/requests/adapters.py", line 519, in send
    raise ConnectionError(e, request=request)
[2026-09-16T15:45:53.458+0000] {logging_mixin.py:188} WARNING - requests.exceptions.ConnectionError: HTTPSConnectionPool(host='www.googleapis.com', port=443): Max retries exceeded with url: /youtube/v3/videos?part=snippet%2Cstatistics%2CcontentDetails&id=Tbn4cYCaZCk&key=AIzaSyCu0SeP4QtsaF8H6qeF4NcFYaRehf3ot8w (Caused by NameResolutionError("<urllib3.connection.HTTPSConnection object at 0x7bc5c06d45b0>: Failed to resolve 'www.googleapis.com' ([Errno -5] No address associated with hostname)"))
[2026-09-16T15:45:53.465+0000] {logging_mixin.py:188} WARNING - Traceback (most recent call last):
[2026-09-16T15:45:53.466+0000] {logging_mixin.py:188} WARNING -   File "/home/airflow/.local/lib/python3.10/site-packages/urllib3/connection.py", line 198, in _new_conn
    sock = connection.create_connection(
[2026-09-16T15:45:53.466+0000] {logging_mixin.py:188} WARNING -   File "/home/airflow/.local/lib/python3.10/site-packages/urllib3/util/connection.py", line 60, in create_connection
    for res in socket.getaddrinfo(host, port, family, socket.SOCK_STREAM):
[2026-09-16T15:45:53.467+0000] {logging_mixin.py:188} WARNING -   File "/usr/local/lib/python3.10/socket.py", line 955, in getaddrinfo
    for res in _socket.getaddrinfo(host, port, family, type, proto, flags):
[2026-09-16T15:45:53.467+0000] {logging_mixin.py:188} WARNING - socket.gaierror: [Errno -5] No address associated with hostname
[2026-09-16T15:45:53.468+0000] {logging_mixin.py:188} WARNING - 
The above exception was the direct cause of the following exception:
[2026-09-16T15:45:53.469+0000] {logging_mixin.py:188} WARNING - Traceback (most recent call last):
[2026-09-16T15:45:53.470+0000] {logging_mixin.py:188} WARNING -   File "/home/airflow/.local/lib/python3.10/site-packages/urllib3/connectionpool.py", line 793, in urlopen
    response = self._make_request(
[2026-09-16T15:45:53.470+0000] {logging_mixin.py:188} WARNING -   File "/home/airflow/.local/lib/python3.10/site-packages/urllib3/connectionpool.py", line 491, in _make_request
    raise new_e
[2026-09-16T15:45:53.471+0000] {logging_mixin.py:188} WARNING -   File "/home/airflow/.local/lib/python3.10/site-packages/urllib3/connectionpool.py", line 467, in _make_request
    self._validate_conn(conn)
[2026-09-16T15:45:53.471+0000] {logging_mixin.py:188} WARNING -   File "/home/airflow/.local/lib/python3.10/site-packages/urllib3/connectionpool.py", line 1099, in _validate_conn
    conn.connect()
[2026-09-16T15:45:53.472+0000] {logging_mixin.py:188} WARNING -   File "/home/airflow/.local/lib/python3.10/site-packages/urllib3/connection.py", line 616, in connect
    self.sock = sock = self._new_conn()
[2026-09-16T15:45:53.472+0000] {logging_mixin.py:188} WARNING -   File "/home/airflow/.local/lib/python3.10/site-packages/urllib3/connection.py", line 205, in _new_conn
    raise NameResolutionError(self.host, self, e) from e
[2026-09-16T15:45:53.473+0000] {logging_mixin.py:188} WARNING - urllib3.exceptions.NameResolutionError: <urllib3.connection.HTTPSConnection object at 0x7bc5c06d4c70>: Failed to resolve 'www.googleapis.com' ([Errno -5] No address associated with hostname)
[2026-09-16T15:45:53.473+0000] {logging_mixin.py:188} WARNING - 
The above exception was the direct cause of the following exception:
[2026-09-16T15:45:53.473+0000] {logging_mixin.py:188} WARNING - Traceback (most recent call last):
[2026-09-16T15:45:53.474+0000] {logging_mixin.py:188} WARNING -   File "/home/airflow/.local/lib/python3.10/site-packages/requests/adapters.py", line 486, in send
    resp = conn.urlopen(
[2026-09-16T15:45:53.474+0000] {logging_mixin.py:188} WARNING -   File "/home/airflow/.local/lib/python3.10/site-packages/urllib3/connectionpool.py", line 847, in urlopen
    retries = retries.increment(
[2026-09-16T15:45:53.475+0000] {logging_mixin.py:188} WARNING -   File "/home/airflow/.local/lib/python3.10/site-packages/urllib3/util/retry.py", line 515, in increment
    raise MaxRetryError(_pool, url, reason) from reason  # type: ignore[arg-type]
[2026-09-16T15:45:53.475+0000] {logging_mixin.py:188} WARNING - urllib3.exceptions.MaxRetryError: HTTPSConnectionPool(host='www.googleapis.com', port=443): Max retries exceeded with url: /youtube/v3/videos?part=snippet%2Cstatistics%2CcontentDetails&id=figrl0aOULs&key=AIzaSyCu0SeP4QtsaF8H6qeF4NcFYaRehf3ot8w (Caused by NameResolutionError("<urllib3.connection.HTTPSConnection object at 0x7bc5c06d4c70>: Failed to resolve 'www.googleapis.com' ([Errno -5] No address associated with hostname)"))
[2026-09-16T15:45:53.476+0000] {logging_mixin.py:188} WARNING - 
During handling of the above exception, another exception occurred:
[2026-09-16T15:45:53.476+0000] {logging_mixin.py:188} WARNING - Traceback (most recent call last):
[2026-09-16T15:45:53.477+0000] {logging_mixin.py:188} WARNING -   File "/opt/airflow/src/app.py", line 72, in get_all_videos
    video = clt.get_video_info(id, self.config.videoInfoUrl,
[2026-09-16T15:45:53.477+0000] {logging_mixin.py:188} WARNING -   File "/opt/airflow/src/controller/info.py", line 12, in get_video_info
    response: req.Response = req.get(url, params=params)
[2026-09-16T15:45:53.477+0000] {logging_mixin.py:188} WARNING -   File "/home/airflow/.local/lib/python3.10/site-packages/requests/api.py", line 73, in get
    return request("get", url, params=params, **kwargs)
[2026-09-16T15:45:53.478+0000] {logging_mixin.py:188} WARNING -   File "/home/airflow/.local/lib/python3.10/site-packages/requests/api.py", line 59, in request
    return session.request(method=method, url=url, **kwargs)
[2026-09-16T15:45:53.478+0000] {logging_mixin.py:188} WARNING -   File "/home/airflow/.local/lib/python3.10/site-packages/requests/sessions.py", line 589, in request
    resp = self.send(prep, **send_kwargs)
[2026-09-16T15:45:53.478+0000] {logging_mixin.py:188} WARNING -   File "/home/airflow/.local/lib/python3.10/site-packages/requests/sessions.py", line 703, in send
    r = adapter.send(request, **kwargs)
[2026-09-16T15:45:53.479+0000] {logging_mixin.py:188} WARNING -   File "/home/airflow/.local/lib/python3.10/site-packages/requests/adapters.py", line 519, in send
    raise ConnectionError(e, request=request)
[2026-09-16T15:45:53.479+0000] {logging_mixin.py:188} WARNING - requests.exceptions.ConnectionError: HTTPSConnectionPool(host='www.googleapis.com', port=443): Max retries exceeded with url: /youtube/v3/videos?part=snippet%2Cstatistics%2CcontentDetails&id=figrl0aOULs&key=AIzaSyCu0SeP4QtsaF8H6qeF4NcFYaRehf3ot8w (Caused by NameResolutionError("<urllib3.connection.HTTPSConnection object at 0x7bc5c06d4c70>: Failed to resolve 'www.googleapis.com' ([Errno -5] No address associated with hostname)"))
[2026-09-16T15:45:53.489+0000] {logging_mixin.py:188} WARNING - Traceback (most recent call last):
[2026-09-16T15:45:53.490+0000] {logging_mixin.py:188} WARNING -   File "/home/airflow/.local/lib/python3.10/site-packages/urllib3/connection.py", line 198, in _new_conn
    sock = connection.create_connection(
[2026-09-16T15:45:53.491+0000] {logging_mixin.py:188} WARNING -   File "/home/airflow/.local/lib/python3.10/site-packages/urllib3/util/connection.py", line 60, in create_connection
    for res in socket.getaddrinfo(host, port, family, socket.SOCK_STREAM):
[2026-09-16T15:45:53.491+0000] {logging_mixin.py:188} WARNING -   File "/usr/local/lib/python3.10/socket.py", line 955, in getaddrinfo
    for res in _socket.getaddrinfo(host, port, family, type, proto, flags):
[2026-09-16T15:45:53.492+0000] {logging_mixin.py:188} WARNING - socket.gaierror: [Errno -5] No address associated with hostname
[2026-09-16T15:45:53.492+0000] {logging_mixin.py:188} WARNING - 
The above exception was the direct cause of the following exception:
[2026-09-16T15:45:53.493+0000] {logging_mixin.py:188} WARNING - Traceback (most recent call last):
[2026-09-16T15:45:53.493+0000] {logging_mixin.py:188} WARNING -   File "/home/airflow/.local/lib/python3.10/site-packages/urllib3/connectionpool.py", line 793, in urlopen
    response = self._make_request(
[2026-09-16T15:45:53.494+0000] {logging_mixin.py:188} WARNING -   File "/home/airflow/.local/lib/python3.10/site-packages/urllib3/connectionpool.py", line 491, in _make_request
    raise new_e
[2026-09-16T15:45:53.494+0000] {logging_mixin.py:188} WARNING -   File "/home/airflow/.local/lib/python3.10/site-packages/urllib3/connectionpool.py", line 467, in _make_request
    self._validate_conn(conn)
[2026-09-16T15:45:53.495+0000] {logging_mixin.py:188} WARNING -   File "/home/airflow/.local/lib/python3.10/site-packages/urllib3/connectionpool.py", line 1099, in _validate_conn
    conn.connect()
[2026-09-16T15:45:53.495+0000] {logging_mixin.py:188} WARNING -   File "/home/airflow/.local/lib/python3.10/site-packages/urllib3/connection.py", line 616, in connect
    self.sock = sock = self._new_conn()
[2026-09-16T15:45:53.495+0000] {logging_mixin.py:188} WARNING -   File "/home/airflow/.local/lib/python3.10/site-packages/urllib3/connection.py", line 205, in _new_conn
    raise NameResolutionError(self.host, self, e) from e
[2026-09-16T15:45:53.496+0000] {logging_mixin.py:188} WARNING - urllib3.exceptions.NameResolutionError: <urllib3.connection.HTTPSConnection object at 0x7bc5c06d6950>: Failed to resolve 'www.googleapis.com' ([Errno -5] No address associated with hostname)
[2026-09-16T15:45:53.496+0000] {logging_mixin.py:188} WARNING - 
The above exception was the direct cause of the following exception:
[2026-09-16T15:45:53.496+0000] {logging_mixin.py:188} WARNING - Traceback (most recent call last):
[2026-09-16T15:45:53.497+0000] {logging_mixin.py:188} WARNING -   File "/home/airflow/.local/lib/python3.10/site-packages/requests/adapters.py", line 486, in send
    resp = conn.urlopen(
[2026-09-16T15:45:53.497+0000] {logging_mixin.py:188} WARNING -   File "/home/airflow/.local/lib/python3.10/site-packages/urllib3/connectionpool.py", line 847, in urlopen
    retries = retries.increment(
[2026-09-16T15:45:53.497+0000] {logging_mixin.py:188} WARNING -   File "/home/airflow/.local/lib/python3.10/site-packages/urllib3/util/retry.py", line 515, in increment
    raise MaxRetryError(_pool, url, reason) from reason  # type: ignore[arg-type]
[2026-09-16T15:45:53.498+0000] {logging_mixin.py:188} WARNING - urllib3.exceptions.MaxRetryError: HTTPSConnectionPool(host='www.googleapis.com', port=443): Max retries exceeded with url: /youtube/v3/videos?part=snippet%2Cstatistics%2CcontentDetails&id=Uxc84UUrVHk&key=AIzaSyCu0SeP4QtsaF8H6qeF4NcFYaRehf3ot8w (Caused by NameResolutionError("<urllib3.connection.HTTPSConnection object at 0x7bc5c06d6950>: Failed to resolve 'www.googleapis.com' ([Errno -5] No address associated with hostname)"))
[2026-09-16T15:45:53.498+0000] {logging_mixin.py:188} WARNING - 
During handling of the above exception, another exception occurred:
[2026-09-16T15:45:53.498+0000] {logging_mixin.py:188} WARNING - Traceback (most recent call last):
[2026-09-16T15:45:53.498+0000] {logging_mixin.py:188} WARNING -   File "/opt/airflow/src/app.py", line 72, in get_all_videos
    video = clt.get_video_info(id, self.config.videoInfoUrl,
[2026-09-16T15:45:53.499+0000] {logging_mixin.py:188} WARNING -   File "/opt/airflow/src/controller/info.py", line 12, in get_video_info
    response: req.Response = req.get(url, params=params)
[2026-09-16T15:45:53.499+0000] {logging_mixin.py:188} WARNING -   File "/home/airflow/.local/lib/python3.10/site-packages/requests/api.py", line 73, in get
    return request("get", url, params=params, **kwargs)
[2026-09-16T15:45:53.500+0000] {logging_mixin.py:188} WARNING -   File "/home/airflow/.local/lib/python3.10/site-packages/requests/api.py", line 59, in request
    return session.request(method=method, url=url, **kwargs)
[2026-09-16T15:45:53.500+0000] {logging_mixin.py:188} WARNING -   File "/home/airflow/.local/lib/python3.10/site-packages/requests/sessions.py", line 589, in request
    resp = self.send(prep, **send_kwargs)
[2026-09-16T15:45:53.500+0000] {logging_mixin.py:188} WARNING -   File "/home/airflow/.local/lib/python3.10/site-packages/requests/sessions.py", line 703, in send
    r = adapter.send(request, **kwargs)
[2026-09-16T15:45:53.501+0000] {logging_mixin.py:188} WARNING -   File "/home/airflow/.local/lib/python3.10/site-packages/requests/adapters.py", line 519, in send
    raise ConnectionError(e, request=request)
[2026-09-16T15:45:53.501+0000] {logging_mixin.py:188} WARNING - requests.exceptions.ConnectionError: HTTPSConnectionPool(host='www.googleapis.com', port=443): Max retries exceeded with url: /youtube/v3/videos?part=snippet%2Cstatistics%2CcontentDetails&id=Uxc84UUrVHk&key=AIzaSyCu0SeP4QtsaF8H6qeF4NcFYaRehf3ot8w (Caused by NameResolutionError("<urllib3.connection.HTTPSConnection object at 0x7bc5c06d6950>: Failed to resolve 'www.googleapis.com' ([Errno -5] No address associated with hostname)"))
[2026-09-16T15:45:53.512+0000] {logging_mixin.py:188} WARNING - Traceback (most recent call last):
[2026-09-16T15:45:53.512+0000] {logging_mixin.py:188} WARNING -   File "/home/airflow/.local/lib/python3.10/site-packages/urllib3/connection.py", line 198, in _new_conn
    sock = connection.create_connection(
[2026-09-16T15:45:53.513+0000] {logging_mixin.py:188} WARNING -   File "/home/airflow/.local/lib/python3.10/site-packages/urllib3/util/connection.py", line 60, in create_connection
    for res in socket.getaddrinfo(host, port, family, socket.SOCK_STREAM):
[2026-09-16T15:45:53.513+0000] {logging_mixin.py:188} WARNING -   File "/usr/local/lib/python3.10/socket.py", line 955, in getaddrinfo
    for res in _socket.getaddrinfo(host, port, family, type, proto, flags):
[2026-09-16T15:45:53.514+0000] {logging_mixin.py:188} WARNING - socket.gaierror: [Errno -5] No address associated with hostname
[2026-09-16T15:45:53.514+0000] {logging_mixin.py:188} WARNING - 
The above exception was the direct cause of the following exception:
[2026-09-16T15:45:53.514+0000] {logging_mixin.py:188} WARNING - Traceback (most recent call last):
[2026-09-16T15:45:53.515+0000] {logging_mixin.py:188} WARNING -   File "/home/airflow/.local/lib/python3.10/site-packages/urllib3/connectionpool.py", line 793, in urlopen
    response = self._make_request(
[2026-09-16T15:45:53.515+0000] {logging_mixin.py:188} WARNING -   File "/home/airflow/.local/lib/python3.10/site-packages/urllib3/connectionpool.py", line 491, in _make_request
    raise new_e
[2026-09-16T15:45:53.516+0000] {logging_mixin.py:188} WARNING -   File "/home/airflow/.local/lib/python3.10/site-packages/urllib3/connectionpool.py", line 467, in _make_request
    self._validate_conn(conn)
[2026-09-16T15:45:53.516+0000] {logging_mixin.py:188} WARNING -   File "/home/airflow/.local/lib/python3.10/site-packages/urllib3/connectionpool.py", line 1099, in _validate_conn
    conn.connect()
[2026-09-16T15:45:53.520+0000] {logging_mixin.py:188} WARNING -   File "/home/airflow/.local/lib/python3.10/site-packages/urllib3/connection.py", line 616, in connect
    self.sock = sock = self._new_conn()
[2026-09-16T15:45:53.521+0000] {logging_mixin.py:188} WARNING -   File "/home/airflow/.local/lib/python3.10/site-packages/urllib3/connection.py", line 205, in _new_conn
    raise NameResolutionError(self.host, self, e) from e
[2026-09-16T15:45:53.522+0000] {logging_mixin.py:188} WARNING - urllib3.exceptions.NameResolutionError: <urllib3.connection.HTTPSConnection object at 0x7bc5c06640d0>: Failed to resolve 'www.googleapis.com' ([Errno -5] No address associated with hostname)
[2026-09-16T15:45:53.523+0000] {logging_mixin.py:188} WARNING - 
The above exception was the direct cause of the following exception:
[2026-09-16T15:45:53.524+0000] {logging_mixin.py:188} WARNING - Traceback (most recent call last):
[2026-09-16T15:45:53.525+0000] {logging_mixin.py:188} WARNING -   File "/home/airflow/.local/lib/python3.10/site-packages/requests/adapters.py", line 486, in send
    resp = conn.urlopen(
[2026-09-16T15:45:53.526+0000] {logging_mixin.py:188} WARNING -   File "/home/airflow/.local/lib/python3.10/site-packages/urllib3/connectionpool.py", line 847, in urlopen
    retries = retries.increment(
[2026-09-16T15:45:53.526+0000] {logging_mixin.py:188} WARNING -   File "/home/airflow/.local/lib/python3.10/site-packages/urllib3/util/retry.py", line 515, in increment
    raise MaxRetryError(_pool, url, reason) from reason  # type: ignore[arg-type]
[2026-09-16T15:45:53.527+0000] {logging_mixin.py:188} WARNING - urllib3.exceptions.MaxRetryError: HTTPSConnectionPool(host='www.googleapis.com', port=443): Max retries exceeded with url: /youtube/v3/videos?part=snippet%2Cstatistics%2CcontentDetails&id=BzKaMelDzqo&key=AIzaSyCu0SeP4QtsaF8H6qeF4NcFYaRehf3ot8w (Caused by NameResolutionError("<urllib3.connection.HTTPSConnection object at 0x7bc5c06640d0>: Failed to resolve 'www.googleapis.com' ([Errno -5] No address associated with hostname)"))
[2026-09-16T15:45:53.528+0000] {logging_mixin.py:188} WARNING - 
During handling of the above exception, another exception occurred:
[2026-09-16T15:45:53.529+0000] {logging_mixin.py:188} WARNING - Traceback (most recent call last):
[2026-09-16T15:45:53.530+0000] {logging_mixin.py:188} WARNING -   File "/opt/airflow/src/app.py", line 72, in get_all_videos
    video = clt.get_video_info(id, self.config.videoInfoUrl,
[2026-09-16T15:45:53.530+0000] {logging_mixin.py:188} WARNING -   File "/opt/airflow/src/controller/info.py", line 12, in get_video_info
    response: req.Response = req.get(url, params=params)
[2026-09-16T15:45:53.531+0000] {logging_mixin.py:188} WARNING -   File "/home/airflow/.local/lib/python3.10/site-packages/requests/api.py", line 73, in get
    return request("get", url, params=params, **kwargs)
[2026-09-16T15:45:53.532+0000] {logging_mixin.py:188} WARNING -   File "/home/airflow/.local/lib/python3.10/site-packages/requests/api.py", line 59, in request
    return session.request(method=method, url=url, **kwargs)
[2026-09-16T15:45:53.533+0000] {logging_mixin.py:188} WARNING -   File "/home/airflow/.local/lib/python3.10/site-packages/requests/sessions.py", line 589, in request
    resp = self.send(prep, **send_kwargs)
[2026-09-16T15:45:53.534+0000] {logging_mixin.py:188} WARNING -   File "/home/airflow/.local/lib/python3.10/site-packages/requests/sessions.py", line 703, in send
    r = adapter.send(request, **kwargs)
[2026-09-16T15:45:53.538+0000] {logging_mixin.py:188} WARNING -   File "/home/airflow/.local/lib/python3.10/site-packages/requests/adapters.py", line 519, in send
    raise ConnectionError(e, request=request)
[2026-09-16T15:45:53.539+0000] {logging_mixin.py:188} WARNING - requests.exceptions.ConnectionError: HTTPSConnectionPool(host='www.googleapis.com', port=443): Max retries exceeded with url: /youtube/v3/videos?part=snippet%2Cstatistics%2CcontentDetails&id=BzKaMelDzqo&key=AIzaSyCu0SeP4QtsaF8H6qeF4NcFYaRehf3ot8w (Caused by NameResolutionError("<urllib3.connection.HTTPSConnection object at 0x7bc5c06640d0>: Failed to resolve 'www.googleapis.com' ([Errno -5] No address associated with hostname)"))
[2026-09-16T15:45:53.551+0000] {logging_mixin.py:188} WARNING - Traceback (most recent call last):
[2026-09-16T15:45:53.556+0000] {logging_mixin.py:188} WARNING -   File "/home/airflow/.local/lib/python3.10/site-packages/urllib3/connection.py", line 198, in _new_conn
    sock = connection.create_connection(
[2026-09-16T15:45:53.557+0000] {logging_mixin.py:188} WARNING -   File "/home/airflow/.local/lib/python3.10/site-packages/urllib3/util/connection.py", line 60, in create_connection
    for res in socket.getaddrinfo(host, port, family, socket.SOCK_STREAM):
[2026-09-16T15:45:53.558+0000] {logging_mixin.py:188} WARNING -   File "/usr/local/lib/python3.10/socket.py", line 955, in getaddrinfo
    for res in _socket.getaddrinfo(host, port, family, type, proto, flags):
[2026-09-16T15:45:53.559+0000] {logging_mixin.py:188} WARNING - socket.gaierror: [Errno -5] No address associated with hostname
[2026-09-16T15:45:53.560+0000] {logging_mixin.py:188} WARNING - 
The above exception was the direct cause of the following exception:
[2026-09-16T15:45:53.560+0000] {logging_mixin.py:188} WARNING - Traceback (most recent call last):
[2026-09-16T15:45:53.561+0000] {logging_mixin.py:188} WARNING -   File "/home/airflow/.local/lib/python3.10/site-packages/urllib3/connectionpool.py", line 793, in urlopen
    response = self._make_request(
[2026-09-16T15:45:53.561+0000] {logging_mixin.py:188} WARNING -   File "/home/airflow/.local/lib/python3.10/site-packages/urllib3/connectionpool.py", line 491, in _make_request
    raise new_e
[2026-09-16T15:45:53.562+0000] {logging_mixin.py:188} WARNING -   File "/home/airflow/.local/lib/python3.10/site-packages/urllib3/connectionpool.py", line 467, in _make_request
    self._validate_conn(conn)
[2026-09-16T15:45:53.562+0000] {logging_mixin.py:188} WARNING -   File "/home/airflow/.local/lib/python3.10/site-packages/urllib3/connectionpool.py", line 1099, in _validate_conn
    conn.connect()
[2026-09-16T15:45:53.562+0000] {logging_mixin.py:188} WARNING -   File "/home/airflow/.local/lib/python3.10/site-packages/urllib3/connection.py", line 616, in connect
    self.sock = sock = self._new_conn()
[2026-09-16T15:45:53.563+0000] {logging_mixin.py:188} WARNING -   File "/home/airflow/.local/lib/python3.10/site-packages/urllib3/connection.py", line 205, in _new_conn
    raise NameResolutionError(self.host, self, e) from e
[2026-09-16T15:45:53.563+0000] {logging_mixin.py:188} WARNING - urllib3.exceptions.NameResolutionError: <urllib3.connection.HTTPSConnection object at 0x7bc5c06d6ce0>: Failed to resolve 'www.googleapis.com' ([Errno -5] No address associated with hostname)
[2026-09-16T15:45:53.564+0000] {logging_mixin.py:188} WARNING - 
The above exception was the direct cause of the following exception:
[2026-09-16T15:45:53.564+0000] {logging_mixin.py:188} WARNING - Traceback (most recent call last):
[2026-09-16T15:45:53.564+0000] {logging_mixin.py:188} WARNING -   File "/home/airflow/.local/lib/python3.10/site-packages/requests/adapters.py", line 486, in send
    resp = conn.urlopen(
[2026-09-16T15:45:53.565+0000] {logging_mixin.py:188} WARNING -   File "/home/airflow/.local/lib/python3.10/site-packages/urllib3/connectionpool.py", line 847, in urlopen
    retries = retries.increment(
[2026-09-16T15:45:53.565+0000] {logging_mixin.py:188} WARNING -   File "/home/airflow/.local/lib/python3.10/site-packages/urllib3/util/retry.py", line 515, in increment
    raise MaxRetryError(_pool, url, reason) from reason  # type: ignore[arg-type]
[2026-09-16T15:45:53.565+0000] {logging_mixin.py:188} WARNING - urllib3.exceptions.MaxRetryError: HTTPSConnectionPool(host='www.googleapis.com', port=443): Max retries exceeded with url: /youtube/v3/videos?part=snippet%2Cstatistics%2CcontentDetails&id=4yx9ZJDfyKk&key=AIzaSyCu0SeP4QtsaF8H6qeF4NcFYaRehf3ot8w (Caused by NameResolutionError("<urllib3.connection.HTTPSConnection object at 0x7bc5c06d6ce0>: Failed to resolve 'www.googleapis.com' ([Errno -5] No address associated with hostname)"))
[2026-09-16T15:45:53.566+0000] {logging_mixin.py:188} WARNING - 
During handling of the above exception, another exception occurred:
[2026-09-16T15:45:53.566+0000] {logging_mixin.py:188} WARNING - Traceback (most recent call last):
[2026-09-16T15:45:53.567+0000] {logging_mixin.py:188} WARNING -   File "/opt/airflow/src/app.py", line 72, in get_all_videos
    video = clt.get_video_info(id, self.config.videoInfoUrl,
[2026-09-16T15:45:53.567+0000] {logging_mixin.py:188} WARNING -   File "/opt/airflow/src/controller/info.py", line 12, in get_video_info
    response: req.Response = req.get(url, params=params)
[2026-09-16T15:45:53.567+0000] {logging_mixin.py:188} WARNING -   File "/home/airflow/.local/lib/python3.10/site-packages/requests/api.py", line 73, in get
    return request("get", url, params=params, **kwargs)
[2026-09-16T15:45:53.570+0000] {logging_mixin.py:188} WARNING -   File "/home/airflow/.local/lib/python3.10/site-packages/requests/api.py", line 59, in request
    return session.request(method=method, url=url, **kwargs)
[2026-09-16T15:45:53.571+0000] {logging_mixin.py:188} WARNING -   File "/home/airflow/.local/lib/python3.10/site-packages/requests/sessions.py", line 589, in request
    resp = self.send(prep, **send_kwargs)
[2026-09-16T15:45:53.572+0000] {logging_mixin.py:188} WARNING -   File "/home/airflow/.local/lib/python3.10/site-packages/requests/sessions.py", line 703, in send
    r = adapter.send(request, **kwargs)
[2026-09-16T15:45:53.573+0000] {logging_mixin.py:188} WARNING -   File "/home/airflow/.local/lib/python3.10/site-packages/requests/adapters.py", line 519, in send
    raise ConnectionError(e, request=request)
[2026-09-16T15:45:53.573+0000] {logging_mixin.py:188} WARNING - requests.exceptions.ConnectionError: HTTPSConnectionPool(host='www.googleapis.com', port=443): Max retries exceeded with url: /youtube/v3/videos?part=snippet%2Cstatistics%2CcontentDetails&id=4yx9ZJDfyKk&key=AIzaSyCu0SeP4QtsaF8H6qeF4NcFYaRehf3ot8w (Caused by NameResolutionError("<urllib3.connection.HTTPSConnection object at 0x7bc5c06d6ce0>: Failed to resolve 'www.googleapis.com' ([Errno -5] No address associated with hostname)"))
[2026-09-16T15:45:53.582+0000] {logging_mixin.py:188} WARNING - Traceback (most recent call last):
[2026-09-16T15:45:53.583+0000] {logging_mixin.py:188} WARNING -   File "/home/airflow/.local/lib/python3.10/site-packages/urllib3/connection.py", line 198, in _new_conn
    sock = connection.create_connection(
[2026-09-16T15:45:53.584+0000] {logging_mixin.py:188} WARNING -   File "/home/airflow/.local/lib/python3.10/site-packages/urllib3/util/connection.py", line 60, in create_connection
    for res in socket.getaddrinfo(host, port, family, socket.SOCK_STREAM):
[2026-09-16T15:45:53.586+0000] {logging_mixin.py:188} WARNING -   File "/usr/local/lib/python3.10/socket.py", line 955, in getaddrinfo
    for res in _socket.getaddrinfo(host, port, family, type, proto, flags):
[2026-09-16T15:45:53.587+0000] {logging_mixin.py:188} WARNING - socket.gaierror: [Errno -5] No address associated with hostname
[2026-09-16T15:45:53.588+0000] {logging_mixin.py:188} WARNING - 
The above exception was the direct cause of the following exception:
[2026-09-16T15:45:53.589+0000] {logging_mixin.py:188} WARNING - Traceback (most recent call last):
[2026-09-16T15:45:53.589+0000] {logging_mixin.py:188} WARNING -   File "/home/airflow/.local/lib/python3.10/site-packages/urllib3/connectionpool.py", line 793, in urlopen
    response = self._make_request(
[2026-09-16T15:45:53.590+0000] {logging_mixin.py:188} WARNING -   File "/home/airflow/.local/lib/python3.10/site-packages/urllib3/connectionpool.py", line 491, in _make_request
    raise new_e
[2026-09-16T15:45:53.591+0000] {logging_mixin.py:188} WARNING -   File "/home/airflow/.local/lib/python3.10/site-packages/urllib3/connectionpool.py", line 467, in _make_request
    self._validate_conn(conn)
[2026-09-16T15:45:53.591+0000] {logging_mixin.py:188} WARNING -   File "/home/airflow/.local/lib/python3.10/site-packages/urllib3/connectionpool.py", line 1099, in _validate_conn
    conn.connect()
[2026-09-16T15:45:53.592+0000] {logging_mixin.py:188} WARNING -   File "/home/airflow/.local/lib/python3.10/site-packages/urllib3/connection.py", line 616, in connect
    self.sock = sock = self._new_conn()
[2026-09-16T15:45:53.592+0000] {logging_mixin.py:188} WARNING -   File "/home/airflow/.local/lib/python3.10/site-packages/urllib3/connection.py", line 205, in _new_conn
    raise NameResolutionError(self.host, self, e) from e
[2026-09-16T15:45:53.593+0000] {logging_mixin.py:188} WARNING - urllib3.exceptions.NameResolutionError: <urllib3.connection.HTTPSConnection object at 0x7bc5c06d7c10>: Failed to resolve 'www.googleapis.com' ([Errno -5] No address associated with hostname)
[2026-09-16T15:45:53.593+0000] {logging_mixin.py:188} WARNING - 
The above exception was the direct cause of the following exception:
[2026-09-16T15:45:53.594+0000] {logging_mixin.py:188} WARNING - Traceback (most recent call last):
[2026-09-16T15:45:53.594+0000] {logging_mixin.py:188} WARNING -   File "/home/airflow/.local/lib/python3.10/site-packages/requests/adapters.py", line 486, in send
    resp = conn.urlopen(
[2026-09-16T15:45:53.595+0000] {logging_mixin.py:188} WARNING -   File "/home/airflow/.local/lib/python3.10/site-packages/urllib3/connectionpool.py", line 847, in urlopen
    retries = retries.increment(
[2026-09-16T15:45:53.595+0000] {logging_mixin.py:188} WARNING -   File "/home/airflow/.local/lib/python3.10/site-packages/urllib3/util/retry.py", line 515, in increment
    raise MaxRetryError(_pool, url, reason) from reason  # type: ignore[arg-type]
[2026-09-16T15:45:53.596+0000] {logging_mixin.py:188} WARNING - urllib3.exceptions.MaxRetryError: HTTPSConnectionPool(host='www.googleapis.com', port=443): Max retries exceeded with url: /youtube/v3/videos?part=snippet%2Cstatistics%2CcontentDetails&id=kPa_S6jN9ls&key=AIzaSyCu0SeP4QtsaF8H6qeF4NcFYaRehf3ot8w (Caused by NameResolutionError("<urllib3.connection.HTTPSConnection object at 0x7bc5c06d7c10>: Failed to resolve 'www.googleapis.com' ([Errno -5] No address associated with hostname)"))
[2026-09-16T15:45:53.596+0000] {logging_mixin.py:188} WARNING - 
During handling of the above exception, another exception occurred:
[2026-09-16T15:45:53.597+0000] {logging_mixin.py:188} WARNING - Traceback (most recent call last):
[2026-09-16T15:45:53.597+0000] {logging_mixin.py:188} WARNING -   File "/opt/airflow/src/app.py", line 72, in get_all_videos
    video = clt.get_video_info(id, self.config.videoInfoUrl,
[2026-09-16T15:45:53.598+0000] {logging_mixin.py:188} WARNING -   File "/opt/airflow/src/controller/info.py", line 12, in get_video_info
    response: req.Response = req.get(url, params=params)
[2026-09-16T15:45:53.598+0000] {logging_mixin.py:188} WARNING -   File "/home/airflow/.local/lib/python3.10/site-packages/requests/api.py", line 73, in get
    return request("get", url, params=params, **kwargs)
[2026-09-16T15:45:53.599+0000] {logging_mixin.py:188} WARNING -   File "/home/airflow/.local/lib/python3.10/site-packages/requests/api.py", line 59, in request
    return session.request(method=method, url=url, **kwargs)
[2026-09-16T15:45:53.599+0000] {logging_mixin.py:188} WARNING -   File "/home/airflow/.local/lib/python3.10/site-packages/requests/sessions.py", line 589, in request
    resp = self.send(prep, **send_kwargs)
[2026-09-16T15:45:53.600+0000] {logging_mixin.py:188} WARNING -   File "/home/airflow/.local/lib/python3.10/site-packages/requests/sessions.py", line 703, in send
    r = adapter.send(request, **kwargs)
[2026-09-16T15:45:53.600+0000] {logging_mixin.py:188} WARNING -   File "/home/airflow/.local/lib/python3.10/site-packages/requests/adapters.py", line 519, in send
    raise ConnectionError(e, request=request)
[2026-09-16T15:45:53.601+0000] {logging_mixin.py:188} WARNING - requests.exceptions.ConnectionError: HTTPSConnectionPool(host='www.googleapis.com', port=443): Max retries exceeded with url: /youtube/v3/videos?part=snippet%2Cstatistics%2CcontentDetails&id=kPa_S6jN9ls&key=AIzaSyCu0SeP4QtsaF8H6qeF4NcFYaRehf3ot8w (Caused by NameResolutionError("<urllib3.connection.HTTPSConnection object at 0x7bc5c06d7c10>: Failed to resolve 'www.googleapis.com' ([Errno -5] No address associated with hostname)"))
[2026-09-16T15:45:53.611+0000] {logging_mixin.py:188} WARNING - Traceback (most recent call last):
[2026-09-16T15:45:53.612+0000] {logging_mixin.py:188} WARNING -   File "/home/airflow/.local/lib/python3.10/site-packages/urllib3/connection.py", line 198, in _new_conn
    sock = connection.create_connection(
[2026-09-16T15:45:53.612+0000] {logging_mixin.py:188} WARNING -   File "/home/airflow/.local/lib/python3.10/site-packages/urllib3/util/connection.py", line 60, in create_connection
    for res in socket.getaddrinfo(host, port, family, socket.SOCK_STREAM):
[2026-09-16T15:45:53.613+0000] {logging_mixin.py:188} WARNING -   File "/usr/local/lib/python3.10/socket.py", line 955, in getaddrinfo
    for res in _socket.getaddrinfo(host, port, family, type, proto, flags):
[2026-09-16T15:45:53.613+0000] {logging_mixin.py:188} WARNING - socket.gaierror: [Errno -5] No address associated with hostname
[2026-09-16T15:45:53.613+0000] {logging_mixin.py:188} WARNING - 
The above exception was the direct cause of the following exception:
[2026-09-16T15:45:53.614+0000] {logging_mixin.py:188} WARNING - Traceback (most recent call last):
[2026-09-16T15:45:53.614+0000] {logging_mixin.py:188} WARNING -   File "/home/airflow/.local/lib/python3.10/site-packages/urllib3/connectionpool.py", line 793, in urlopen
    response = self._make_request(
[2026-09-16T15:45:53.615+0000] {logging_mixin.py:188} WARNING -   File "/home/airflow/.local/lib/python3.10/site-packages/urllib3/connectionpool.py", line 491, in _make_request
    raise new_e
[2026-09-16T15:45:53.615+0000] {logging_mixin.py:188} WARNING -   File "/home/airflow/.local/lib/python3.10/site-packages/urllib3/connectionpool.py", line 467, in _make_request
    self._validate_conn(conn)
[2026-09-16T15:45:53.615+0000] {logging_mixin.py:188} WARNING -   File "/home/airflow/.local/lib/python3.10/site-packages/urllib3/connectionpool.py", line 1099, in _validate_conn
    conn.connect()
[2026-09-16T15:45:53.616+0000] {logging_mixin.py:188} WARNING -   File "/home/airflow/.local/lib/python3.10/site-packages/urllib3/connection.py", line 616, in connect
    self.sock = sock = self._new_conn()
[2026-09-16T15:45:53.616+0000] {logging_mixin.py:188} WARNING -   File "/home/airflow/.local/lib/python3.10/site-packages/urllib3/connection.py", line 205, in _new_conn
    raise NameResolutionError(self.host, self, e) from e
[2026-09-16T15:45:53.617+0000] {logging_mixin.py:188} WARNING - urllib3.exceptions.NameResolutionError: <urllib3.connection.HTTPSConnection object at 0x7bc5c06d6a10>: Failed to resolve 'www.googleapis.com' ([Errno -5] No address associated with hostname)
[2026-09-16T15:45:53.617+0000] {logging_mixin.py:188} WARNING - 
The above exception was the direct cause of the following exception:
[2026-09-16T15:45:53.619+0000] {logging_mixin.py:188} WARNING - Traceback (most recent call last):
[2026-09-16T15:45:53.620+0000] {logging_mixin.py:188} WARNING -   File "/home/airflow/.local/lib/python3.10/site-packages/requests/adapters.py", line 486, in send
    resp = conn.urlopen(
[2026-09-16T15:45:53.620+0000] {logging_mixin.py:188} WARNING -   File "/home/airflow/.local/lib/python3.10/site-packages/urllib3/connectionpool.py", line 847, in urlopen
    retries = retries.increment(
[2026-09-16T15:45:53.621+0000] {logging_mixin.py:188} WARNING -   File "/home/airflow/.local/lib/python3.10/site-packages/urllib3/util/retry.py", line 515, in increment
    raise MaxRetryError(_pool, url, reason) from reason  # type: ignore[arg-type]
[2026-09-16T15:45:53.622+0000] {logging_mixin.py:188} WARNING - urllib3.exceptions.MaxRetryError: HTTPSConnectionPool(host='www.googleapis.com', port=443): Max retries exceeded with url: /youtube/v3/videos?part=snippet%2Cstatistics%2CcontentDetails&id=69g-YcbmgQA&key=AIzaSyCu0SeP4QtsaF8H6qeF4NcFYaRehf3ot8w (Caused by NameResolutionError("<urllib3.connection.HTTPSConnection object at 0x7bc5c06d6a10>: Failed to resolve 'www.googleapis.com' ([Errno -5] No address associated with hostname)"))
[2026-09-16T15:45:53.623+0000] {logging_mixin.py:188} WARNING - 
During handling of the above exception, another exception occurred:
[2026-09-16T15:45:53.623+0000] {logging_mixin.py:188} WARNING - Traceback (most recent call last):
[2026-09-16T15:45:53.624+0000] {logging_mixin.py:188} WARNING -   File "/opt/airflow/src/app.py", line 72, in get_all_videos
    video = clt.get_video_info(id, self.config.videoInfoUrl,
[2026-09-16T15:45:53.625+0000] {logging_mixin.py:188} WARNING -   File "/opt/airflow/src/controller/info.py", line 12, in get_video_info
    response: req.Response = req.get(url, params=params)
[2026-09-16T15:45:53.625+0000] {logging_mixin.py:188} WARNING -   File "/home/airflow/.local/lib/python3.10/site-packages/requests/api.py", line 73, in get
    return request("get", url, params=params, **kwargs)
[2026-09-16T15:45:53.625+0000] {logging_mixin.py:188} WARNING -   File "/home/airflow/.local/lib/python3.10/site-packages/requests/api.py", line 59, in request
    return session.request(method=method, url=url, **kwargs)
[2026-09-16T15:45:53.626+0000] {logging_mixin.py:188} WARNING -   File "/home/airflow/.local/lib/python3.10/site-packages/requests/sessions.py", line 589, in request
    resp = self.send(prep, **send_kwargs)
[2026-09-16T15:45:53.626+0000] {logging_mixin.py:188} WARNING -   File "/home/airflow/.local/lib/python3.10/site-packages/requests/sessions.py", line 703, in send
    r = adapter.send(request, **kwargs)
[2026-09-16T15:45:53.627+0000] {logging_mixin.py:188} WARNING -   File "/home/airflow/.local/lib/python3.10/site-packages/requests/adapters.py", line 519, in send
    raise ConnectionError(e, request=request)
[2026-09-16T15:45:53.627+0000] {logging_mixin.py:188} WARNING - requests.exceptions.ConnectionError: HTTPSConnectionPool(host='www.googleapis.com', port=443): Max retries exceeded with url: /youtube/v3/videos?part=snippet%2Cstatistics%2CcontentDetails&id=69g-YcbmgQA&key=AIzaSyCu0SeP4QtsaF8H6qeF4NcFYaRehf3ot8w (Caused by NameResolutionError("<urllib3.connection.HTTPSConnection object at 0x7bc5c06d6a10>: Failed to resolve 'www.googleapis.com' ([Errno -5] No address associated with hostname)"))
[2026-09-16T15:45:53.637+0000] {logging_mixin.py:188} WARNING - Traceback (most recent call last):
[2026-09-16T15:45:53.637+0000] {logging_mixin.py:188} WARNING -   File "/home/airflow/.local/lib/python3.10/site-packages/urllib3/connection.py", line 198, in _new_conn
    sock = connection.create_connection(
[2026-09-16T15:45:53.638+0000] {logging_mixin.py:188} WARNING -   File "/home/airflow/.local/lib/python3.10/site-packages/urllib3/util/connection.py", line 60, in create_connection
    for res in socket.getaddrinfo(host, port, family, socket.SOCK_STREAM):
[2026-09-16T15:45:53.639+0000] {logging_mixin.py:188} WARNING -   File "/usr/local/lib/python3.10/socket.py", line 955, in getaddrinfo
    for res in _socket.getaddrinfo(host, port, family, type, proto, flags):
[2026-09-16T15:45:53.640+0000] {logging_mixin.py:188} WARNING - socket.gaierror: [Errno -5] No address associated with hostname
[2026-09-16T15:45:53.640+0000] {logging_mixin.py:188} WARNING - 
The above exception was the direct cause of the following exception:
[2026-09-16T15:45:53.641+0000] {logging_mixin.py:188} WARNING - Traceback (most recent call last):
[2026-09-16T15:45:53.641+0000] {logging_mixin.py:188} WARNING -   File "/home/airflow/.local/lib/python3.10/site-packages/urllib3/connectionpool.py", line 793, in urlopen
    response = self._make_request(
[2026-09-16T15:45:53.642+0000] {logging_mixin.py:188} WARNING -   File "/home/airflow/.local/lib/python3.10/site-packages/urllib3/connectionpool.py", line 491, in _make_request
    raise new_e
[2026-09-16T15:45:53.642+0000] {logging_mixin.py:188} WARNING -   File "/home/airflow/.local/lib/python3.10/site-packages/urllib3/connectionpool.py", line 467, in _make_request
    self._validate_conn(conn)
[2026-09-16T15:45:53.642+0000] {logging_mixin.py:188} WARNING -   File "/home/airflow/.local/lib/python3.10/site-packages/urllib3/connectionpool.py", line 1099, in _validate_conn
    conn.connect()
[2026-09-16T15:45:53.643+0000] {logging_mixin.py:188} WARNING -   File "/home/airflow/.local/lib/python3.10/site-packages/urllib3/connection.py", line 616, in connect
    self.sock = sock = self._new_conn()
[2026-09-16T15:45:53.643+0000] {logging_mixin.py:188} WARNING -   File "/home/airflow/.local/lib/python3.10/site-packages/urllib3/connection.py", line 205, in _new_conn
    raise NameResolutionError(self.host, self, e) from e
[2026-09-16T15:45:53.643+0000] {logging_mixin.py:188} WARNING - urllib3.exceptions.NameResolutionError: <urllib3.connection.HTTPSConnection object at 0x7bc5c06d6a70>: Failed to resolve 'www.googleapis.com' ([Errno -5] No address associated with hostname)
[2026-09-16T15:45:53.644+0000] {logging_mixin.py:188} WARNING - 
The above exception was the direct cause of the following exception:
[2026-09-16T15:45:53.645+0000] {logging_mixin.py:188} WARNING - Traceback (most recent call last):
[2026-09-16T15:45:53.645+0000] {logging_mixin.py:188} WARNING -   File "/home/airflow/.local/lib/python3.10/site-packages/requests/adapters.py", line 486, in send
    resp = conn.urlopen(
[2026-09-16T15:45:53.646+0000] {logging_mixin.py:188} WARNING -   File "/home/airflow/.local/lib/python3.10/site-packages/urllib3/connectionpool.py", line 847, in urlopen
    retries = retries.increment(
[2026-09-16T15:45:53.646+0000] {logging_mixin.py:188} WARNING -   File "/home/airflow/.local/lib/python3.10/site-packages/urllib3/util/retry.py", line 515, in increment
    raise MaxRetryError(_pool, url, reason) from reason  # type: ignore[arg-type]
[2026-09-16T15:45:53.647+0000] {logging_mixin.py:188} WARNING - urllib3.exceptions.MaxRetryError: HTTPSConnectionPool(host='www.googleapis.com', port=443): Max retries exceeded with url: /youtube/v3/videos?part=snippet%2Cstatistics%2CcontentDetails&id=aKq8bkY5eTU&key=AIzaSyCu0SeP4QtsaF8H6qeF4NcFYaRehf3ot8w (Caused by NameResolutionError("<urllib3.connection.HTTPSConnection object at 0x7bc5c06d6a70>: Failed to resolve 'www.googleapis.com' ([Errno -5] No address associated with hostname)"))
[2026-09-16T15:45:53.647+0000] {logging_mixin.py:188} WARNING - 
During handling of the above exception, another exception occurred:
[2026-09-16T15:45:53.647+0000] {logging_mixin.py:188} WARNING - Traceback (most recent call last):
[2026-09-16T15:45:53.648+0000] {logging_mixin.py:188} WARNING -   File "/opt/airflow/src/app.py", line 72, in get_all_videos
    video = clt.get_video_info(id, self.config.videoInfoUrl,
[2026-09-16T15:45:53.648+0000] {logging_mixin.py:188} WARNING -   File "/opt/airflow/src/controller/info.py", line 12, in get_video_info
    response: req.Response = req.get(url, params=params)
[2026-09-16T15:45:53.648+0000] {logging_mixin.py:188} WARNING -   File "/home/airflow/.local/lib/python3.10/site-packages/requests/api.py", line 73, in get
    return request("get", url, params=params, **kwargs)
[2026-09-16T15:45:53.649+0000] {logging_mixin.py:188} WARNING -   File "/home/airflow/.local/lib/python3.10/site-packages/requests/api.py", line 59, in request
    return session.request(method=method, url=url, **kwargs)
[2026-09-16T15:45:53.649+0000] {logging_mixin.py:188} WARNING -   File "/home/airflow/.local/lib/python3.10/site-packages/requests/sessions.py", line 589, in request
    resp = self.send(prep, **send_kwargs)
[2026-09-16T15:45:53.649+0000] {logging_mixin.py:188} WARNING -   File "/home/airflow/.local/lib/python3.10/site-packages/requests/sessions.py", line 703, in send
    r = adapter.send(request, **kwargs)
[2026-09-16T15:45:53.650+0000] {logging_mixin.py:188} WARNING -   File "/home/airflow/.local/lib/python3.10/site-packages/requests/adapters.py", line 519, in send
    raise ConnectionError(e, request=request)
[2026-09-16T15:45:53.650+0000] {logging_mixin.py:188} WARNING - requests.exceptions.ConnectionError: HTTPSConnectionPool(host='www.googleapis.com', port=443): Max retries exceeded with url: /youtube/v3/videos?part=snippet%2Cstatistics%2CcontentDetails&id=aKq8bkY5eTU&key=AIzaSyCu0SeP4QtsaF8H6qeF4NcFYaRehf3ot8w (Caused by NameResolutionError("<urllib3.connection.HTTPSConnection object at 0x7bc5c06d6a70>: Failed to resolve 'www.googleapis.com' ([Errno -5] No address associated with hostname)"))
[2026-09-16T15:45:53.650+0000] {logging_mixin.py:188} INFO - [                              ] 1/150Done
[2026-09-16T15:45:53.651+0000] {python.py:237} INFO - Done. Returned value was: [{'video_id': 'gTKS8SAwUzE', 'title': 'I Survived The Most Extreme Places On Earth', 'published_at': '2026-09-05T16:00:01Z', 'duration': 'PT23M28S', 'views': 98449087, 'likes': 1344768, 'comments': 63974}]
[2026-09-16T15:45:53.653+0000] {taskinstance.py:441} INFO - ::group::Post task execution logs
[2026-09-16T15:45:53.689+0000] {taskinstance.py:1206} INFO - Marking task as SUCCESS. dag_id=json_dag, task_id=extract, run_id=manual__2026-09-16T15:44:34.222030+00:00, execution_date=20260916T154434, start_date=20260916T154436, end_date=20260916T154553
[2026-09-16T15:45:53.720+0000] {local_task_job_runner.py:240} INFO - Task exited with return code 0
[2026-09-16T15:45:53.752+0000] {taskinstance.py:3503} INFO - 1 downstream tasks scheduled from follow-on schedule check
[2026-09-16T15:45:53.757+0000] {local_task_job_runner.py:222} INFO - ::endgroup::
