[2026-09-17T09:14:35.593+0000] {processor.py:161} INFO - Started process (PID=59) to work on /opt/airflow/dags/json_dag.py
[2026-09-17T09:14:35.597+0000] {processor.py:830} INFO - Processing file /opt/airflow/dags/json_dag.py for tasks to queue
[2026-09-17T09:14:35.603+0000] {logging_mixin.py:188} INFO - [2026-09-17T09:14:35.602+0000] {dagbag.py:545} INFO - Filling up the DagBag from /opt/airflow/dags/json_dag.py
[2026-09-17T09:14:36.660+0000] {processor.py:840} INFO - DAG(s) 'json_dag' retrieved from /opt/airflow/dags/json_dag.py
[2026-09-17T09:14:36.710+0000] {logging_mixin.py:188} INFO - [2026-09-17T09:14:36.709+0000] {dag.py:3096} INFO - Sync 1 DAGs
[2026-09-17T09:14:36.739+0000] {logging_mixin.py:188} INFO - [2026-09-17T09:14:36.739+0000] {dag.py:3954} INFO - Setting next_dagrun for json_dag to 2026-09-17 08:59:00+00:00, run_after=2026-09-18 08:00:00+00:00
[2026-09-17T09:14:36.782+0000] {processor.py:183} INFO - Processing /opt/airflow/dags/json_dag.py took 1.210 seconds
[2026-09-17T09:14:56.998+0000] {processor.py:161} INFO - Started process (PID=48) to work on /opt/airflow/dags/json_dag.py
[2026-09-17T09:14:57.004+0000] {processor.py:830} INFO - Processing file /opt/airflow/dags/json_dag.py for tasks to queue
[2026-09-17T09:14:57.009+0000] {logging_mixin.py:188} INFO - [2026-09-17T09:14:57.009+0000] {dagbag.py:545} INFO - Filling up the DagBag from /opt/airflow/dags/json_dag.py
[2026-09-17T09:14:57.573+0000] {processor.py:840} INFO - DAG(s) 'json_dag' retrieved from /opt/airflow/dags/json_dag.py
[2026-09-17T09:14:57.618+0000] {logging_mixin.py:188} INFO - [2026-09-17T09:14:57.617+0000] {dag.py:3096} INFO - Sync 1 DAGs
[2026-09-17T09:14:57.645+0000] {logging_mixin.py:188} INFO - [2026-09-17T09:14:57.645+0000] {dag.py:3954} INFO - Setting next_dagrun for json_dag to 2026-09-17 08:59:00+00:00, run_after=2026-09-18 08:00:00+00:00
[2026-09-17T09:14:57.680+0000] {processor.py:183} INFO - Processing /opt/airflow/dags/json_dag.py took 0.697 seconds
[2026-09-17T09:15:28.459+0000] {processor.py:161} INFO - Started process (PID=57) to work on /opt/airflow/dags/json_dag.py
[2026-09-17T09:15:28.462+0000] {processor.py:830} INFO - Processing file /opt/airflow/dags/json_dag.py for tasks to queue
[2026-09-17T09:15:28.466+0000] {logging_mixin.py:188} INFO - [2026-09-17T09:15:28.465+0000] {dagbag.py:545} INFO - Filling up the DagBag from /opt/airflow/dags/json_dag.py
[2026-09-17T09:15:29.059+0000] {processor.py:840} INFO - DAG(s) 'json_dag' retrieved from /opt/airflow/dags/json_dag.py
[2026-09-17T09:15:29.108+0000] {logging_mixin.py:188} INFO - [2026-09-17T09:15:29.107+0000] {dag.py:3096} INFO - Sync 1 DAGs
[2026-09-17T09:15:29.154+0000] {logging_mixin.py:188} INFO - [2026-09-17T09:15:29.154+0000] {dag.py:3954} INFO - Setting next_dagrun for json_dag to 2026-09-17 08:59:00+00:00, run_after=2026-09-18 08:00:00+00:00
[2026-09-17T09:15:29.199+0000] {processor.py:183} INFO - Processing /opt/airflow/dags/json_dag.py took 0.749 seconds
[2026-09-17T09:15:59.914+0000] {processor.py:161} INFO - Started process (PID=72) to work on /opt/airflow/dags/json_dag.py
[2026-09-17T09:15:59.915+0000] {processor.py:830} INFO - Processing file /opt/airflow/dags/json_dag.py for tasks to queue
[2026-09-17T09:15:59.918+0000] {logging_mixin.py:188} INFO - [2026-09-17T09:15:59.917+0000] {dagbag.py:545} INFO - Filling up the DagBag from /opt/airflow/dags/json_dag.py
[2026-09-17T09:16:00.315+0000] {processor.py:840} INFO - DAG(s) 'json_dag' retrieved from /opt/airflow/dags/json_dag.py
[2026-09-17T09:16:00.412+0000] {logging_mixin.py:188} INFO - [2026-09-17T09:16:00.411+0000] {dag.py:3096} INFO - Sync 1 DAGs
[2026-09-17T09:16:00.428+0000] {logging_mixin.py:188} INFO - [2026-09-17T09:16:00.428+0000] {dag.py:3954} INFO - Setting next_dagrun for json_dag to 2026-09-17 08:59:00+00:00, run_after=2026-09-18 08:00:00+00:00
[2026-09-17T09:16:00.449+0000] {processor.py:183} INFO - Processing /opt/airflow/dags/json_dag.py took 0.546 seconds
[2026-09-17T09:16:31.337+0000] {processor.py:161} INFO - Started process (PID=81) to work on /opt/airflow/dags/json_dag.py
[2026-09-17T09:16:31.338+0000] {processor.py:830} INFO - Processing file /opt/airflow/dags/json_dag.py for tasks to queue
[2026-09-17T09:16:31.340+0000] {logging_mixin.py:188} INFO - [2026-09-17T09:16:31.340+0000] {dagbag.py:545} INFO - Filling up the DagBag from /opt/airflow/dags/json_dag.py
[2026-09-17T09:16:31.763+0000] {processor.py:840} INFO - DAG(s) 'json_dag' retrieved from /opt/airflow/dags/json_dag.py
[2026-09-17T09:16:31.785+0000] {logging_mixin.py:188} INFO - [2026-09-17T09:16:31.784+0000] {dag.py:3096} INFO - Sync 1 DAGs
[2026-09-17T09:16:31.814+0000] {logging_mixin.py:188} INFO - [2026-09-17T09:16:31.814+0000] {dag.py:3954} INFO - Setting next_dagrun for json_dag to 2026-09-17 08:59:00+00:00, run_after=2026-09-18 08:00:00+00:00
[2026-09-17T09:16:31.842+0000] {processor.py:183} INFO - Processing /opt/airflow/dags/json_dag.py took 0.512 seconds
[2026-09-17T09:17:02.768+0000] {processor.py:161} INFO - Started process (PID=90) to work on /opt/airflow/dags/json_dag.py
[2026-09-17T09:17:02.771+0000] {processor.py:830} INFO - Processing file /opt/airflow/dags/json_dag.py for tasks to queue
[2026-09-17T09:17:02.774+0000] {logging_mixin.py:188} INFO - [2026-09-17T09:17:02.773+0000] {dagbag.py:545} INFO - Filling up the DagBag from /opt/airflow/dags/json_dag.py
[2026-09-17T09:17:03.214+0000] {processor.py:840} INFO - DAG(s) 'json_dag' retrieved from /opt/airflow/dags/json_dag.py
[2026-09-17T09:17:03.238+0000] {logging_mixin.py:188} INFO - [2026-09-17T09:17:03.237+0000] {dag.py:3096} INFO - Sync 1 DAGs
[2026-09-17T09:17:03.261+0000] {logging_mixin.py:188} INFO - [2026-09-17T09:17:03.261+0000] {dag.py:3954} INFO - Setting next_dagrun for json_dag to 2026-09-17 08:59:00+00:00, run_after=2026-09-18 08:00:00+00:00
[2026-09-17T09:17:03.287+0000] {processor.py:183} INFO - Processing /opt/airflow/dags/json_dag.py took 0.527 seconds
[2026-09-17T09:17:34.109+0000] {processor.py:161} INFO - Started process (PID=99) to work on /opt/airflow/dags/json_dag.py
[2026-09-17T09:17:34.110+0000] {processor.py:830} INFO - Processing file /opt/airflow/dags/json_dag.py for tasks to queue
[2026-09-17T09:17:34.112+0000] {logging_mixin.py:188} INFO - [2026-09-17T09:17:34.112+0000] {dagbag.py:545} INFO - Filling up the DagBag from /opt/airflow/dags/json_dag.py
[2026-09-17T09:17:34.519+0000] {processor.py:840} INFO - DAG(s) 'json_dag' retrieved from /opt/airflow/dags/json_dag.py
[2026-09-17T09:17:34.541+0000] {logging_mixin.py:188} INFO - [2026-09-17T09:17:34.540+0000] {dag.py:3096} INFO - Sync 1 DAGs
[2026-09-17T09:17:34.561+0000] {logging_mixin.py:188} INFO - [2026-09-17T09:17:34.561+0000] {dag.py:3954} INFO - Setting next_dagrun for json_dag to 2026-09-17 08:59:00+00:00, run_after=2026-09-18 08:00:00+00:00
[2026-09-17T09:17:34.584+0000] {processor.py:183} INFO - Processing /opt/airflow/dags/json_dag.py took 0.481 seconds
[2026-09-17T09:18:05.518+0000] {processor.py:161} INFO - Started process (PID=108) to work on /opt/airflow/dags/json_dag.py
[2026-09-17T09:18:05.520+0000] {processor.py:830} INFO - Processing file /opt/airflow/dags/json_dag.py for tasks to queue
[2026-09-17T09:18:05.522+0000] {logging_mixin.py:188} INFO - [2026-09-17T09:18:05.522+0000] {dagbag.py:545} INFO - Filling up the DagBag from /opt/airflow/dags/json_dag.py
[2026-09-17T09:18:05.942+0000] {processor.py:840} INFO - DAG(s) 'json_dag' retrieved from /opt/airflow/dags/json_dag.py
[2026-09-17T09:18:05.960+0000] {logging_mixin.py:188} INFO - [2026-09-17T09:18:05.960+0000] {dag.py:3096} INFO - Sync 1 DAGs
[2026-09-17T09:18:05.981+0000] {logging_mixin.py:188} INFO - [2026-09-17T09:18:05.981+0000] {dag.py:3954} INFO - Setting next_dagrun for json_dag to 2026-09-17 08:59:00+00:00, run_after=2026-09-18 08:00:00+00:00
[2026-09-17T09:18:06.001+0000] {processor.py:183} INFO - Processing /opt/airflow/dags/json_dag.py took 0.490 seconds
[2026-09-17T09:18:36.104+0000] {processor.py:161} INFO - Started process (PID=117) to work on /opt/airflow/dags/json_dag.py
[2026-09-17T09:18:36.106+0000] {processor.py:830} INFO - Processing file /opt/airflow/dags/json_dag.py for tasks to queue
[2026-09-17T09:18:36.110+0000] {logging_mixin.py:188} INFO - [2026-09-17T09:18:36.109+0000] {dagbag.py:545} INFO - Filling up the DagBag from /opt/airflow/dags/json_dag.py
[2026-09-17T09:18:36.613+0000] {processor.py:840} INFO - DAG(s) 'json_dag' retrieved from /opt/airflow/dags/json_dag.py
[2026-09-17T09:18:36.638+0000] {logging_mixin.py:188} INFO - [2026-09-17T09:18:36.637+0000] {dag.py:3096} INFO - Sync 1 DAGs
[2026-09-17T09:18:36.660+0000] {logging_mixin.py:188} INFO - [2026-09-17T09:18:36.660+0000] {dag.py:3954} INFO - Setting next_dagrun for json_dag to 2026-09-17 08:59:00+00:00, run_after=2026-09-18 08:00:00+00:00
[2026-09-17T09:18:36.689+0000] {processor.py:183} INFO - Processing /opt/airflow/dags/json_dag.py took 0.594 seconds
[2026-09-17T09:19:07.368+0000] {processor.py:161} INFO - Started process (PID=126) to work on /opt/airflow/dags/json_dag.py
[2026-09-17T09:19:07.370+0000] {processor.py:830} INFO - Processing file /opt/airflow/dags/json_dag.py for tasks to queue
[2026-09-17T09:19:07.373+0000] {logging_mixin.py:188} INFO - [2026-09-17T09:19:07.372+0000] {dagbag.py:545} INFO - Filling up the DagBag from /opt/airflow/dags/json_dag.py
[2026-09-17T09:19:07.793+0000] {processor.py:840} INFO - DAG(s) 'json_dag' retrieved from /opt/airflow/dags/json_dag.py
[2026-09-17T09:19:07.813+0000] {logging_mixin.py:188} INFO - [2026-09-17T09:19:07.813+0000] {dag.py:3096} INFO - Sync 1 DAGs
[2026-09-17T09:19:07.834+0000] {logging_mixin.py:188} INFO - [2026-09-17T09:19:07.834+0000] {dag.py:3954} INFO - Setting next_dagrun for json_dag to 2026-09-17 08:59:00+00:00, run_after=2026-09-18 08:00:00+00:00
[2026-09-17T09:19:07.855+0000] {processor.py:183} INFO - Processing /opt/airflow/dags/json_dag.py took 0.494 seconds
[2026-09-17T09:19:37.970+0000] {processor.py:161} INFO - Started process (PID=135) to work on /opt/airflow/dags/json_dag.py
[2026-09-17T09:19:37.971+0000] {processor.py:830} INFO - Processing file /opt/airflow/dags/json_dag.py for tasks to queue
[2026-09-17T09:19:37.973+0000] {logging_mixin.py:188} INFO - [2026-09-17T09:19:37.973+0000] {dagbag.py:545} INFO - Filling up the DagBag from /opt/airflow/dags/json_dag.py
[2026-09-17T09:19:38.432+0000] {processor.py:840} INFO - DAG(s) 'json_dag' retrieved from /opt/airflow/dags/json_dag.py
[2026-09-17T09:19:38.457+0000] {logging_mixin.py:188} INFO - [2026-09-17T09:19:38.456+0000] {dag.py:3096} INFO - Sync 1 DAGs
[2026-09-17T09:19:38.479+0000] {logging_mixin.py:188} INFO - [2026-09-17T09:19:38.479+0000] {dag.py:3954} INFO - Setting next_dagrun for json_dag to 2026-09-17 08:59:00+00:00, run_after=2026-09-18 08:00:00+00:00
[2026-09-17T09:19:38.505+0000] {processor.py:183} INFO - Processing /opt/airflow/dags/json_dag.py took 0.542 seconds
[2026-09-17T09:20:09.398+0000] {processor.py:161} INFO - Started process (PID=144) to work on /opt/airflow/dags/json_dag.py
[2026-09-17T09:20:09.401+0000] {processor.py:830} INFO - Processing file /opt/airflow/dags/json_dag.py for tasks to queue
[2026-09-17T09:20:09.407+0000] {logging_mixin.py:188} INFO - [2026-09-17T09:20:09.406+0000] {dagbag.py:545} INFO - Filling up the DagBag from /opt/airflow/dags/json_dag.py
[2026-09-17T09:20:10.170+0000] {processor.py:840} INFO - DAG(s) 'json_dag' retrieved from /opt/airflow/dags/json_dag.py
[2026-09-17T09:20:10.195+0000] {logging_mixin.py:188} INFO - [2026-09-17T09:20:10.195+0000] {dag.py:3096} INFO - Sync 1 DAGs
[2026-09-17T09:20:10.222+0000] {logging_mixin.py:188} INFO - [2026-09-17T09:20:10.222+0000] {dag.py:3954} INFO - Setting next_dagrun for json_dag to 2026-09-17 08:59:00+00:00, run_after=2026-09-18 08:00:00+00:00
[2026-09-17T09:20:10.250+0000] {processor.py:183} INFO - Processing /opt/airflow/dags/json_dag.py took 0.871 seconds
[2026-09-17T09:20:40.630+0000] {processor.py:161} INFO - Started process (PID=153) to work on /opt/airflow/dags/json_dag.py
[2026-09-17T09:20:40.631+0000] {processor.py:830} INFO - Processing file /opt/airflow/dags/json_dag.py for tasks to queue
[2026-09-17T09:20:40.634+0000] {logging_mixin.py:188} INFO - [2026-09-17T09:20:40.633+0000] {dagbag.py:545} INFO - Filling up the DagBag from /opt/airflow/dags/json_dag.py
[2026-09-17T09:20:41.230+0000] {processor.py:840} INFO - DAG(s) 'json_dag' retrieved from /opt/airflow/dags/json_dag.py
[2026-09-17T09:20:41.301+0000] {logging_mixin.py:188} INFO - [2026-09-17T09:20:41.299+0000] {dag.py:3096} INFO - Sync 1 DAGs
[2026-09-17T09:20:41.351+0000] {logging_mixin.py:188} INFO - [2026-09-17T09:20:41.351+0000] {dag.py:3954} INFO - Setting next_dagrun for json_dag to 2026-09-17 08:59:00+00:00, run_after=2026-09-18 08:00:00+00:00
[2026-09-17T09:20:41.436+0000] {processor.py:183} INFO - Processing /opt/airflow/dags/json_dag.py took 0.813 seconds
[2026-09-17T09:21:12.067+0000] {processor.py:161} INFO - Started process (PID=162) to work on /opt/airflow/dags/json_dag.py
[2026-09-17T09:21:12.069+0000] {processor.py:830} INFO - Processing file /opt/airflow/dags/json_dag.py for tasks to queue
[2026-09-17T09:21:12.071+0000] {logging_mixin.py:188} INFO - [2026-09-17T09:21:12.070+0000] {dagbag.py:545} INFO - Filling up the DagBag from /opt/airflow/dags/json_dag.py
[2026-09-17T09:21:12.528+0000] {processor.py:840} INFO - DAG(s) 'json_dag' retrieved from /opt/airflow/dags/json_dag.py
[2026-09-17T09:21:12.555+0000] {logging_mixin.py:188} INFO - [2026-09-17T09:21:12.554+0000] {dag.py:3096} INFO - Sync 1 DAGs
[2026-09-17T09:21:12.584+0000] {logging_mixin.py:188} INFO - [2026-09-17T09:21:12.584+0000] {dag.py:3954} INFO - Setting next_dagrun for json_dag to 2026-09-17 08:59:00+00:00, run_after=2026-09-18 08:00:00+00:00
[2026-09-17T09:21:12.619+0000] {processor.py:183} INFO - Processing /opt/airflow/dags/json_dag.py took 0.557 seconds
[2026-09-17T09:21:42.668+0000] {processor.py:161} INFO - Started process (PID=171) to work on /opt/airflow/dags/json_dag.py
[2026-09-17T09:21:42.669+0000] {processor.py:830} INFO - Processing file /opt/airflow/dags/json_dag.py for tasks to queue
[2026-09-17T09:21:42.672+0000] {logging_mixin.py:188} INFO - [2026-09-17T09:21:42.672+0000] {dagbag.py:545} INFO - Filling up the DagBag from /opt/airflow/dags/json_dag.py
[2026-09-17T09:21:43.231+0000] {processor.py:840} INFO - DAG(s) 'json_dag' retrieved from /opt/airflow/dags/json_dag.py
[2026-09-17T09:21:43.262+0000] {logging_mixin.py:188} INFO - [2026-09-17T09:21:43.261+0000] {dag.py:3096} INFO - Sync 1 DAGs
[2026-09-17T09:21:43.286+0000] {logging_mixin.py:188} INFO - [2026-09-17T09:21:43.286+0000] {dag.py:3954} INFO - Setting next_dagrun for json_dag to 2026-09-17 08:59:00+00:00, run_after=2026-09-18 08:00:00+00:00
[2026-09-17T09:21:43.313+0000] {processor.py:183} INFO - Processing /opt/airflow/dags/json_dag.py took 0.653 seconds
[2026-09-17T09:22:14.004+0000] {processor.py:161} INFO - Started process (PID=180) to work on /opt/airflow/dags/json_dag.py
[2026-09-17T09:22:14.005+0000] {processor.py:830} INFO - Processing file /opt/airflow/dags/json_dag.py for tasks to queue
[2026-09-17T09:22:14.007+0000] {logging_mixin.py:188} INFO - [2026-09-17T09:22:14.007+0000] {dagbag.py:545} INFO - Filling up the DagBag from /opt/airflow/dags/json_dag.py
[2026-09-17T09:22:14.428+0000] {processor.py:840} INFO - DAG(s) 'json_dag' retrieved from /opt/airflow/dags/json_dag.py
[2026-09-17T09:22:14.448+0000] {logging_mixin.py:188} INFO - [2026-09-17T09:22:14.448+0000] {dag.py:3096} INFO - Sync 1 DAGs
[2026-09-17T09:22:14.469+0000] {logging_mixin.py:188} INFO - [2026-09-17T09:22:14.469+0000] {dag.py:3954} INFO - Setting next_dagrun for json_dag to 2026-09-17 08:59:00+00:00, run_after=2026-09-18 08:00:00+00:00
[2026-09-17T09:22:14.488+0000] {processor.py:183} INFO - Processing /opt/airflow/dags/json_dag.py took 0.490 seconds
[2026-09-17T09:22:44.636+0000] {processor.py:161} INFO - Started process (PID=189) to work on /opt/airflow/dags/json_dag.py
[2026-09-17T09:22:44.639+0000] {processor.py:830} INFO - Processing file /opt/airflow/dags/json_dag.py for tasks to queue
[2026-09-17T09:22:44.643+0000] {logging_mixin.py:188} INFO - [2026-09-17T09:22:44.643+0000] {dagbag.py:545} INFO - Filling up the DagBag from /opt/airflow/dags/json_dag.py
[2026-09-17T09:22:45.245+0000] {processor.py:840} INFO - DAG(s) 'json_dag' retrieved from /opt/airflow/dags/json_dag.py
[2026-09-17T09:22:45.294+0000] {logging_mixin.py:188} INFO - [2026-09-17T09:22:45.293+0000] {dag.py:3096} INFO - Sync 1 DAGs
[2026-09-17T09:22:45.346+0000] {logging_mixin.py:188} INFO - [2026-09-17T09:22:45.346+0000] {dag.py:3954} INFO - Setting next_dagrun for json_dag to 2026-09-17 08:59:00+00:00, run_after=2026-09-18 08:00:00+00:00
[2026-09-17T09:22:45.383+0000] {processor.py:183} INFO - Processing /opt/airflow/dags/json_dag.py took 0.759 seconds
[2026-09-17T09:23:15.896+0000] {processor.py:161} INFO - Started process (PID=198) to work on /opt/airflow/dags/json_dag.py
[2026-09-17T09:23:15.898+0000] {processor.py:830} INFO - Processing file /opt/airflow/dags/json_dag.py for tasks to queue
[2026-09-17T09:23:15.901+0000] {logging_mixin.py:188} INFO - [2026-09-17T09:23:15.901+0000] {dagbag.py:545} INFO - Filling up the DagBag from /opt/airflow/dags/json_dag.py
[2026-09-17T09:23:16.395+0000] {processor.py:840} INFO - DAG(s) 'json_dag' retrieved from /opt/airflow/dags/json_dag.py
[2026-09-17T09:23:16.419+0000] {logging_mixin.py:188} INFO - [2026-09-17T09:23:16.419+0000] {dag.py:3096} INFO - Sync 1 DAGs
[2026-09-17T09:23:16.441+0000] {logging_mixin.py:188} INFO - [2026-09-17T09:23:16.441+0000] {dag.py:3954} INFO - Setting next_dagrun for json_dag to 2026-09-17 08:59:00+00:00, run_after=2026-09-18 08:00:00+00:00
[2026-09-17T09:23:16.465+0000] {processor.py:183} INFO - Processing /opt/airflow/dags/json_dag.py took 0.578 seconds
[2026-09-17T09:23:47.325+0000] {processor.py:161} INFO - Started process (PID=207) to work on /opt/airflow/dags/json_dag.py
[2026-09-17T09:23:47.327+0000] {processor.py:830} INFO - Processing file /opt/airflow/dags/json_dag.py for tasks to queue
[2026-09-17T09:23:47.330+0000] {logging_mixin.py:188} INFO - [2026-09-17T09:23:47.330+0000] {dagbag.py:545} INFO - Filling up the DagBag from /opt/airflow/dags/json_dag.py
[2026-09-17T09:23:47.869+0000] {processor.py:840} INFO - DAG(s) 'json_dag' retrieved from /opt/airflow/dags/json_dag.py
[2026-09-17T09:23:47.895+0000] {logging_mixin.py:188} INFO - [2026-09-17T09:23:47.895+0000] {dag.py:3096} INFO - Sync 1 DAGs
[2026-09-17T09:23:47.921+0000] {logging_mixin.py:188} INFO - [2026-09-17T09:23:47.921+0000] {dag.py:3954} INFO - Setting next_dagrun for json_dag to 2026-09-17 08:59:00+00:00, run_after=2026-09-18 08:00:00+00:00
[2026-09-17T09:23:47.951+0000] {processor.py:183} INFO - Processing /opt/airflow/dags/json_dag.py took 0.636 seconds
[2026-09-17T09:24:18.708+0000] {processor.py:161} INFO - Started process (PID=216) to work on /opt/airflow/dags/json_dag.py
[2026-09-17T09:24:18.710+0000] {processor.py:830} INFO - Processing file /opt/airflow/dags/json_dag.py for tasks to queue
[2026-09-17T09:24:18.714+0000] {logging_mixin.py:188} INFO - [2026-09-17T09:24:18.713+0000] {dagbag.py:545} INFO - Filling up the DagBag from /opt/airflow/dags/json_dag.py
[2026-09-17T09:24:19.478+0000] {processor.py:840} INFO - DAG(s) 'json_dag' retrieved from /opt/airflow/dags/json_dag.py
[2026-09-17T09:24:19.507+0000] {logging_mixin.py:188} INFO - [2026-09-17T09:24:19.506+0000] {dag.py:3096} INFO - Sync 1 DAGs
[2026-09-17T09:24:19.537+0000] {logging_mixin.py:188} INFO - [2026-09-17T09:24:19.537+0000] {dag.py:3954} INFO - Setting next_dagrun for json_dag to 2026-09-17 08:59:00+00:00, run_after=2026-09-18 08:00:00+00:00
[2026-09-17T09:24:19.563+0000] {processor.py:183} INFO - Processing /opt/airflow/dags/json_dag.py took 0.865 seconds
[2026-09-17T09:24:50.160+0000] {processor.py:161} INFO - Started process (PID=225) to work on /opt/airflow/dags/json_dag.py
[2026-09-17T09:24:50.163+0000] {processor.py:830} INFO - Processing file /opt/airflow/dags/json_dag.py for tasks to queue
[2026-09-17T09:24:50.165+0000] {logging_mixin.py:188} INFO - [2026-09-17T09:24:50.165+0000] {dagbag.py:545} INFO - Filling up the DagBag from /opt/airflow/dags/json_dag.py
[2026-09-17T09:24:50.600+0000] {processor.py:840} INFO - DAG(s) 'json_dag' retrieved from /opt/airflow/dags/json_dag.py
[2026-09-17T09:24:50.620+0000] {logging_mixin.py:188} INFO - [2026-09-17T09:24:50.619+0000] {dag.py:3096} INFO - Sync 1 DAGs
[2026-09-17T09:24:50.641+0000] {logging_mixin.py:188} INFO - [2026-09-17T09:24:50.641+0000] {dag.py:3954} INFO - Setting next_dagrun for json_dag to 2026-09-17 08:59:00+00:00, run_after=2026-09-18 08:00:00+00:00
[2026-09-17T09:24:50.662+0000] {processor.py:183} INFO - Processing /opt/airflow/dags/json_dag.py took 0.510 seconds
[2026-09-17T09:25:21.599+0000] {processor.py:161} INFO - Started process (PID=234) to work on /opt/airflow/dags/json_dag.py
[2026-09-17T09:25:21.602+0000] {processor.py:830} INFO - Processing file /opt/airflow/dags/json_dag.py for tasks to queue
[2026-09-17T09:25:21.606+0000] {logging_mixin.py:188} INFO - [2026-09-17T09:25:21.605+0000] {dagbag.py:545} INFO - Filling up the DagBag from /opt/airflow/dags/json_dag.py
[2026-09-17T09:25:22.074+0000] {processor.py:840} INFO - DAG(s) 'json_dag' retrieved from /opt/airflow/dags/json_dag.py
[2026-09-17T09:25:22.101+0000] {logging_mixin.py:188} INFO - [2026-09-17T09:25:22.101+0000] {dag.py:3096} INFO - Sync 1 DAGs
[2026-09-17T09:25:22.122+0000] {logging_mixin.py:188} INFO - [2026-09-17T09:25:22.122+0000] {dag.py:3954} INFO - Setting next_dagrun for json_dag to 2026-09-17 08:59:00+00:00, run_after=2026-09-18 08:00:00+00:00
[2026-09-17T09:25:22.145+0000] {processor.py:183} INFO - Processing /opt/airflow/dags/json_dag.py took 0.561 seconds
[2026-09-17T09:25:52.907+0000] {processor.py:161} INFO - Started process (PID=243) to work on /opt/airflow/dags/json_dag.py
[2026-09-17T09:25:52.908+0000] {processor.py:830} INFO - Processing file /opt/airflow/dags/json_dag.py for tasks to queue
[2026-09-17T09:25:52.910+0000] {logging_mixin.py:188} INFO - [2026-09-17T09:25:52.910+0000] {dagbag.py:545} INFO - Filling up the DagBag from /opt/airflow/dags/json_dag.py
[2026-09-17T09:25:53.521+0000] {processor.py:840} INFO - DAG(s) 'json_dag' retrieved from /opt/airflow/dags/json_dag.py
[2026-09-17T09:25:53.557+0000] {logging_mixin.py:188} INFO - [2026-09-17T09:25:53.556+0000] {dag.py:3096} INFO - Sync 1 DAGs
[2026-09-17T09:25:53.591+0000] {logging_mixin.py:188} INFO - [2026-09-17T09:25:53.591+0000] {dag.py:3954} INFO - Setting next_dagrun for json_dag to 2026-09-17 08:59:00+00:00, run_after=2026-09-18 08:00:00+00:00
[2026-09-17T09:25:53.620+0000] {processor.py:183} INFO - Processing /opt/airflow/dags/json_dag.py took 0.719 seconds
[2026-09-17T09:26:24.304+0000] {processor.py:161} INFO - Started process (PID=252) to work on /opt/airflow/dags/json_dag.py
[2026-09-17T09:26:24.306+0000] {processor.py:830} INFO - Processing file /opt/airflow/dags/json_dag.py for tasks to queue
[2026-09-17T09:26:24.308+0000] {logging_mixin.py:188} INFO - [2026-09-17T09:26:24.308+0000] {dagbag.py:545} INFO - Filling up the DagBag from /opt/airflow/dags/json_dag.py
[2026-09-17T09:26:24.723+0000] {processor.py:840} INFO - DAG(s) 'json_dag' retrieved from /opt/airflow/dags/json_dag.py
[2026-09-17T09:26:24.742+0000] {logging_mixin.py:188} INFO - [2026-09-17T09:26:24.742+0000] {dag.py:3096} INFO - Sync 1 DAGs
[2026-09-17T09:26:24.761+0000] {logging_mixin.py:188} INFO - [2026-09-17T09:26:24.760+0000] {dag.py:3954} INFO - Setting next_dagrun for json_dag to 2026-09-17 08:59:00+00:00, run_after=2026-09-18 08:00:00+00:00
[2026-09-17T09:26:24.783+0000] {processor.py:183} INFO - Processing /opt/airflow/dags/json_dag.py took 0.487 seconds
[2026-09-17T09:26:55.700+0000] {processor.py:161} INFO - Started process (PID=261) to work on /opt/airflow/dags/json_dag.py
[2026-09-17T09:26:55.702+0000] {processor.py:830} INFO - Processing file /opt/airflow/dags/json_dag.py for tasks to queue
[2026-09-17T09:26:55.704+0000] {logging_mixin.py:188} INFO - [2026-09-17T09:26:55.703+0000] {dagbag.py:545} INFO - Filling up the DagBag from /opt/airflow/dags/json_dag.py
[2026-09-17T09:26:56.069+0000] {processor.py:840} INFO - DAG(s) 'json_dag' retrieved from /opt/airflow/dags/json_dag.py
[2026-09-17T09:26:56.089+0000] {logging_mixin.py:188} INFO - [2026-09-17T09:26:56.089+0000] {dag.py:3096} INFO - Sync 1 DAGs
[2026-09-17T09:26:56.110+0000] {logging_mixin.py:188} INFO - [2026-09-17T09:26:56.110+0000] {dag.py:3954} INFO - Setting next_dagrun for json_dag to 2026-09-17 08:59:00+00:00, run_after=2026-09-18 08:00:00+00:00
[2026-09-17T09:26:56.133+0000] {processor.py:183} INFO - Processing /opt/airflow/dags/json_dag.py took 0.438 seconds
[2026-09-17T09:27:26.209+0000] {processor.py:161} INFO - Started process (PID=270) to work on /opt/airflow/dags/json_dag.py
[2026-09-17T09:27:26.211+0000] {processor.py:830} INFO - Processing file /opt/airflow/dags/json_dag.py for tasks to queue
[2026-09-17T09:27:26.214+0000] {logging_mixin.py:188} INFO - [2026-09-17T09:27:26.213+0000] {dagbag.py:545} INFO - Filling up the DagBag from /opt/airflow/dags/json_dag.py
[2026-09-17T09:27:26.563+0000] {processor.py:840} INFO - DAG(s) 'json_dag' retrieved from /opt/airflow/dags/json_dag.py
[2026-09-17T09:27:26.582+0000] {logging_mixin.py:188} INFO - [2026-09-17T09:27:26.582+0000] {dag.py:3096} INFO - Sync 1 DAGs
[2026-09-17T09:27:26.602+0000] {logging_mixin.py:188} INFO - [2026-09-17T09:27:26.602+0000] {dag.py:3954} INFO - Setting next_dagrun for json_dag to 2026-09-17 08:59:00+00:00, run_after=2026-09-18 08:00:00+00:00
[2026-09-17T09:27:26.624+0000] {processor.py:183} INFO - Processing /opt/airflow/dags/json_dag.py took 0.422 seconds
[2026-09-17T09:27:57.550+0000] {processor.py:161} INFO - Started process (PID=279) to work on /opt/airflow/dags/json_dag.py
[2026-09-17T09:27:57.551+0000] {processor.py:830} INFO - Processing file /opt/airflow/dags/json_dag.py for tasks to queue
[2026-09-17T09:27:57.554+0000] {logging_mixin.py:188} INFO - [2026-09-17T09:27:57.554+0000] {dagbag.py:545} INFO - Filling up the DagBag from /opt/airflow/dags/json_dag.py
[2026-09-17T09:27:57.905+0000] {processor.py:840} INFO - DAG(s) 'json_dag' retrieved from /opt/airflow/dags/json_dag.py
[2026-09-17T09:27:57.927+0000] {logging_mixin.py:188} INFO - [2026-09-17T09:27:57.926+0000] {dag.py:3096} INFO - Sync 1 DAGs
[2026-09-17T09:27:57.946+0000] {logging_mixin.py:188} INFO - [2026-09-17T09:27:57.946+0000] {dag.py:3954} INFO - Setting next_dagrun for json_dag to 2026-09-17 08:59:00+00:00, run_after=2026-09-18 08:00:00+00:00
[2026-09-17T09:27:57.965+0000] {processor.py:183} INFO - Processing /opt/airflow/dags/json_dag.py took 0.422 seconds
[2026-09-17T09:28:28.921+0000] {processor.py:161} INFO - Started process (PID=288) to work on /opt/airflow/dags/json_dag.py
[2026-09-17T09:28:28.923+0000] {processor.py:830} INFO - Processing file /opt/airflow/dags/json_dag.py for tasks to queue
[2026-09-17T09:28:28.924+0000] {logging_mixin.py:188} INFO - [2026-09-17T09:28:28.924+0000] {dagbag.py:545} INFO - Filling up the DagBag from /opt/airflow/dags/json_dag.py
[2026-09-17T09:28:29.279+0000] {processor.py:840} INFO - DAG(s) 'json_dag' retrieved from /opt/airflow/dags/json_dag.py
[2026-09-17T09:28:29.306+0000] {logging_mixin.py:188} INFO - [2026-09-17T09:28:29.305+0000] {dag.py:3096} INFO - Sync 1 DAGs
[2026-09-17T09:28:29.328+0000] {logging_mixin.py:188} INFO - [2026-09-17T09:28:29.327+0000] {dag.py:3954} INFO - Setting next_dagrun for json_dag to 2026-09-17 08:59:00+00:00, run_after=2026-09-18 08:00:00+00:00
[2026-09-17T09:28:29.349+0000] {processor.py:183} INFO - Processing /opt/airflow/dags/json_dag.py took 0.433 seconds
[2026-09-17T09:28:59.404+0000] {processor.py:161} INFO - Started process (PID=297) to work on /opt/airflow/dags/json_dag.py
[2026-09-17T09:28:59.406+0000] {processor.py:830} INFO - Processing file /opt/airflow/dags/json_dag.py for tasks to queue
[2026-09-17T09:28:59.408+0000] {logging_mixin.py:188} INFO - [2026-09-17T09:28:59.407+0000] {dagbag.py:545} INFO - Filling up the DagBag from /opt/airflow/dags/json_dag.py
[2026-09-17T09:28:59.769+0000] {processor.py:840} INFO - DAG(s) 'json_dag' retrieved from /opt/airflow/dags/json_dag.py
[2026-09-17T09:28:59.790+0000] {logging_mixin.py:188} INFO - [2026-09-17T09:28:59.789+0000] {dag.py:3096} INFO - Sync 1 DAGs
[2026-09-17T09:28:59.809+0000] {logging_mixin.py:188} INFO - [2026-09-17T09:28:59.808+0000] {dag.py:3954} INFO - Setting next_dagrun for json_dag to 2026-09-17 08:59:00+00:00, run_after=2026-09-18 08:00:00+00:00
[2026-09-17T09:28:59.829+0000] {processor.py:183} INFO - Processing /opt/airflow/dags/json_dag.py took 0.430 seconds
[2026-09-17T09:29:30.694+0000] {processor.py:161} INFO - Started process (PID=306) to work on /opt/airflow/dags/json_dag.py
[2026-09-17T09:29:30.695+0000] {processor.py:830} INFO - Processing file /opt/airflow/dags/json_dag.py for tasks to queue
[2026-09-17T09:29:30.698+0000] {logging_mixin.py:188} INFO - [2026-09-17T09:29:30.697+0000] {dagbag.py:545} INFO - Filling up the DagBag from /opt/airflow/dags/json_dag.py
[2026-09-17T09:29:31.063+0000] {processor.py:840} INFO - DAG(s) 'json_dag' retrieved from /opt/airflow/dags/json_dag.py
[2026-09-17T09:29:31.084+0000] {logging_mixin.py:188} INFO - [2026-09-17T09:29:31.083+0000] {dag.py:3096} INFO - Sync 1 DAGs
[2026-09-17T09:29:31.102+0000] {logging_mixin.py:188} INFO - [2026-09-17T09:29:31.102+0000] {dag.py:3954} INFO - Setting next_dagrun for json_dag to 2026-09-17 08:59:00+00:00, run_after=2026-09-18 08:00:00+00:00
[2026-09-17T09:29:31.123+0000] {processor.py:183} INFO - Processing /opt/airflow/dags/json_dag.py took 0.440 seconds
[2026-09-17T09:30:01.163+0000] {processor.py:161} INFO - Started process (PID=315) to work on /opt/airflow/dags/json_dag.py
[2026-09-17T09:30:01.164+0000] {processor.py:830} INFO - Processing file /opt/airflow/dags/json_dag.py for tasks to queue
[2026-09-17T09:30:01.166+0000] {logging_mixin.py:188} INFO - [2026-09-17T09:30:01.166+0000] {dagbag.py:545} INFO - Filling up the DagBag from /opt/airflow/dags/json_dag.py
[2026-09-17T09:30:01.538+0000] {processor.py:840} INFO - DAG(s) 'json_dag' retrieved from /opt/airflow/dags/json_dag.py
[2026-09-17T09:30:01.558+0000] {logging_mixin.py:188} INFO - [2026-09-17T09:30:01.558+0000] {dag.py:3096} INFO - Sync 1 DAGs
[2026-09-17T09:30:01.578+0000] {logging_mixin.py:188} INFO - [2026-09-17T09:30:01.578+0000] {dag.py:3954} INFO - Setting next_dagrun for json_dag to 2026-09-17 08:59:00+00:00, run_after=2026-09-18 08:00:00+00:00
[2026-09-17T09:30:01.600+0000] {processor.py:183} INFO - Processing /opt/airflow/dags/json_dag.py took 0.442 seconds
[2026-09-17T09:30:32.503+0000] {processor.py:161} INFO - Started process (PID=330) to work on /opt/airflow/dags/json_dag.py
[2026-09-17T09:30:32.504+0000] {processor.py:830} INFO - Processing file /opt/airflow/dags/json_dag.py for tasks to queue
[2026-09-17T09:30:32.506+0000] {logging_mixin.py:188} INFO - [2026-09-17T09:30:32.506+0000] {dagbag.py:545} INFO - Filling up the DagBag from /opt/airflow/dags/json_dag.py
[2026-09-17T09:30:32.969+0000] {processor.py:840} INFO - DAG(s) 'json_dag' retrieved from /opt/airflow/dags/json_dag.py
[2026-09-17T09:30:32.992+0000] {logging_mixin.py:188} INFO - [2026-09-17T09:30:32.991+0000] {dag.py:3096} INFO - Sync 1 DAGs
[2026-09-17T09:30:33.011+0000] {logging_mixin.py:188} INFO - [2026-09-17T09:30:33.011+0000] {dag.py:3954} INFO - Setting next_dagrun for json_dag to 2026-09-17 08:59:00+00:00, run_after=2026-09-18 08:00:00+00:00
[2026-09-17T09:30:33.032+0000] {processor.py:183} INFO - Processing /opt/airflow/dags/json_dag.py took 0.534 seconds
[2026-09-17T09:31:03.918+0000] {processor.py:161} INFO - Started process (PID=339) to work on /opt/airflow/dags/json_dag.py
[2026-09-17T09:31:03.919+0000] {processor.py:830} INFO - Processing file /opt/airflow/dags/json_dag.py for tasks to queue
[2026-09-17T09:31:03.921+0000] {logging_mixin.py:188} INFO - [2026-09-17T09:31:03.921+0000] {dagbag.py:545} INFO - Filling up the DagBag from /opt/airflow/dags/json_dag.py
[2026-09-17T09:31:04.317+0000] {processor.py:840} INFO - DAG(s) 'json_dag' retrieved from /opt/airflow/dags/json_dag.py
[2026-09-17T09:31:04.345+0000] {logging_mixin.py:188} INFO - [2026-09-17T09:31:04.344+0000] {dag.py:3096} INFO - Sync 1 DAGs
[2026-09-17T09:31:04.374+0000] {logging_mixin.py:188} INFO - [2026-09-17T09:31:04.373+0000] {dag.py:3954} INFO - Setting next_dagrun for json_dag to 2026-09-17 08:59:00+00:00, run_after=2026-09-18 08:00:00+00:00
[2026-09-17T09:31:04.402+0000] {processor.py:183} INFO - Processing /opt/airflow/dags/json_dag.py took 0.489 seconds
[2026-09-17T09:31:35.306+0000] {processor.py:161} INFO - Started process (PID=348) to work on /opt/airflow/dags/json_dag.py
[2026-09-17T09:31:35.307+0000] {processor.py:830} INFO - Processing file /opt/airflow/dags/json_dag.py for tasks to queue
[2026-09-17T09:31:35.309+0000] {logging_mixin.py:188} INFO - [2026-09-17T09:31:35.309+0000] {dagbag.py:545} INFO - Filling up the DagBag from /opt/airflow/dags/json_dag.py
[2026-09-17T09:31:35.652+0000] {processor.py:840} INFO - DAG(s) 'json_dag' retrieved from /opt/airflow/dags/json_dag.py
[2026-09-17T09:31:35.672+0000] {logging_mixin.py:188} INFO - [2026-09-17T09:31:35.672+0000] {dag.py:3096} INFO - Sync 1 DAGs
[2026-09-17T09:31:35.690+0000] {logging_mixin.py:188} INFO - [2026-09-17T09:31:35.689+0000] {dag.py:3954} INFO - Setting next_dagrun for json_dag to 2026-09-17 08:59:00+00:00, run_after=2026-09-18 08:00:00+00:00
[2026-09-17T09:31:35.716+0000] {processor.py:183} INFO - Processing /opt/airflow/dags/json_dag.py took 0.416 seconds
[2026-09-17T09:32:06.643+0000] {processor.py:161} INFO - Started process (PID=357) to work on /opt/airflow/dags/json_dag.py
[2026-09-17T09:32:06.644+0000] {processor.py:830} INFO - Processing file /opt/airflow/dags/json_dag.py for tasks to queue
[2026-09-17T09:32:06.646+0000] {logging_mixin.py:188} INFO - [2026-09-17T09:32:06.645+0000] {dagbag.py:545} INFO - Filling up the DagBag from /opt/airflow/dags/json_dag.py
[2026-09-17T09:32:06.984+0000] {processor.py:840} INFO - DAG(s) 'json_dag' retrieved from /opt/airflow/dags/json_dag.py
[2026-09-17T09:32:07.005+0000] {logging_mixin.py:188} INFO - [2026-09-17T09:32:07.005+0000] {dag.py:3096} INFO - Sync 1 DAGs
[2026-09-17T09:32:07.025+0000] {logging_mixin.py:188} INFO - [2026-09-17T09:32:07.025+0000] {dag.py:3954} INFO - Setting next_dagrun for json_dag to 2026-09-17 08:59:00+00:00, run_after=2026-09-18 08:00:00+00:00
[2026-09-17T09:32:07.049+0000] {processor.py:183} INFO - Processing /opt/airflow/dags/json_dag.py took 0.412 seconds
[2026-09-17T09:32:38.009+0000] {processor.py:161} INFO - Started process (PID=366) to work on /opt/airflow/dags/json_dag.py
[2026-09-17T09:32:38.010+0000] {processor.py:830} INFO - Processing file /opt/airflow/dags/json_dag.py for tasks to queue
[2026-09-17T09:32:38.013+0000] {logging_mixin.py:188} INFO - [2026-09-17T09:32:38.012+0000] {dagbag.py:545} INFO - Filling up the DagBag from /opt/airflow/dags/json_dag.py
[2026-09-17T09:32:38.360+0000] {processor.py:840} INFO - DAG(s) 'json_dag' retrieved from /opt/airflow/dags/json_dag.py
[2026-09-17T09:32:38.381+0000] {logging_mixin.py:188} INFO - [2026-09-17T09:32:38.381+0000] {dag.py:3096} INFO - Sync 1 DAGs
[2026-09-17T09:32:38.401+0000] {logging_mixin.py:188} INFO - [2026-09-17T09:32:38.401+0000] {dag.py:3954} INFO - Setting next_dagrun for json_dag to 2026-09-17 08:59:00+00:00, run_after=2026-09-18 08:00:00+00:00
[2026-09-17T09:32:38.421+0000] {processor.py:183} INFO - Processing /opt/airflow/dags/json_dag.py took 0.418 seconds
[2026-09-17T09:33:08.472+0000] {processor.py:161} INFO - Started process (PID=375) to work on /opt/airflow/dags/json_dag.py
[2026-09-17T09:33:08.473+0000] {processor.py:830} INFO - Processing file /opt/airflow/dags/json_dag.py for tasks to queue
[2026-09-17T09:33:08.475+0000] {logging_mixin.py:188} INFO - [2026-09-17T09:33:08.475+0000] {dagbag.py:545} INFO - Filling up the DagBag from /opt/airflow/dags/json_dag.py
[2026-09-17T09:33:08.884+0000] {processor.py:840} INFO - DAG(s) 'json_dag' retrieved from /opt/airflow/dags/json_dag.py
[2026-09-17T09:33:08.904+0000] {logging_mixin.py:188} INFO - [2026-09-17T09:33:08.903+0000] {dag.py:3096} INFO - Sync 1 DAGs
[2026-09-17T09:33:08.923+0000] {logging_mixin.py:188} INFO - [2026-09-17T09:33:08.923+0000] {dag.py:3954} INFO - Setting next_dagrun for json_dag to 2026-09-17 08:59:00+00:00, run_after=2026-09-18 08:00:00+00:00
[2026-09-17T09:33:08.945+0000] {processor.py:183} INFO - Processing /opt/airflow/dags/json_dag.py took 0.480 seconds
[2026-09-17T09:33:39.790+0000] {processor.py:161} INFO - Started process (PID=384) to work on /opt/airflow/dags/json_dag.py
[2026-09-17T09:33:39.791+0000] {processor.py:830} INFO - Processing file /opt/airflow/dags/json_dag.py for tasks to queue
[2026-09-17T09:33:39.793+0000] {logging_mixin.py:188} INFO - [2026-09-17T09:33:39.792+0000] {dagbag.py:545} INFO - Filling up the DagBag from /opt/airflow/dags/json_dag.py
[2026-09-17T09:33:40.147+0000] {processor.py:840} INFO - DAG(s) 'json_dag' retrieved from /opt/airflow/dags/json_dag.py
[2026-09-17T09:33:40.165+0000] {logging_mixin.py:188} INFO - [2026-09-17T09:33:40.165+0000] {dag.py:3096} INFO - Sync 1 DAGs
[2026-09-17T09:33:40.184+0000] {logging_mixin.py:188} INFO - [2026-09-17T09:33:40.183+0000] {dag.py:3954} INFO - Setting next_dagrun for json_dag to 2026-09-17 08:59:00+00:00, run_after=2026-09-18 08:00:00+00:00
[2026-09-17T09:33:40.203+0000] {processor.py:183} INFO - Processing /opt/airflow/dags/json_dag.py took 0.420 seconds
[2026-09-17T09:34:11.206+0000] {processor.py:161} INFO - Started process (PID=393) to work on /opt/airflow/dags/json_dag.py
[2026-09-17T09:34:11.207+0000] {processor.py:830} INFO - Processing file /opt/airflow/dags/json_dag.py for tasks to queue
[2026-09-17T09:34:11.209+0000] {logging_mixin.py:188} INFO - [2026-09-17T09:34:11.209+0000] {dagbag.py:545} INFO - Filling up the DagBag from /opt/airflow/dags/json_dag.py
[2026-09-17T09:34:11.549+0000] {processor.py:840} INFO - DAG(s) 'json_dag' retrieved from /opt/airflow/dags/json_dag.py
[2026-09-17T09:34:11.572+0000] {logging_mixin.py:188} INFO - [2026-09-17T09:34:11.571+0000] {dag.py:3096} INFO - Sync 1 DAGs
[2026-09-17T09:34:11.594+0000] {logging_mixin.py:188} INFO - [2026-09-17T09:34:11.593+0000] {dag.py:3954} INFO - Setting next_dagrun for json_dag to 2026-09-17 08:59:00+00:00, run_after=2026-09-18 08:00:00+00:00
[2026-09-17T09:34:11.618+0000] {processor.py:183} INFO - Processing /opt/airflow/dags/json_dag.py took 0.418 seconds
[2026-09-17T09:34:41.661+0000] {processor.py:161} INFO - Started process (PID=402) to work on /opt/airflow/dags/json_dag.py
[2026-09-17T09:34:41.662+0000] {processor.py:830} INFO - Processing file /opt/airflow/dags/json_dag.py for tasks to queue
[2026-09-17T09:34:41.664+0000] {logging_mixin.py:188} INFO - [2026-09-17T09:34:41.664+0000] {dagbag.py:545} INFO - Filling up the DagBag from /opt/airflow/dags/json_dag.py
[2026-09-17T09:34:42.008+0000] {processor.py:840} INFO - DAG(s) 'json_dag' retrieved from /opt/airflow/dags/json_dag.py
[2026-09-17T09:34:42.027+0000] {logging_mixin.py:188} INFO - [2026-09-17T09:34:42.026+0000] {dag.py:3096} INFO - Sync 1 DAGs
[2026-09-17T09:34:42.045+0000] {logging_mixin.py:188} INFO - [2026-09-17T09:34:42.044+0000] {dag.py:3954} INFO - Setting next_dagrun for json_dag to 2026-09-17 08:59:00+00:00, run_after=2026-09-18 08:00:00+00:00
[2026-09-17T09:34:42.065+0000] {processor.py:183} INFO - Processing /opt/airflow/dags/json_dag.py took 0.410 seconds
[2026-09-17T09:35:13.048+0000] {processor.py:161} INFO - Started process (PID=412) to work on /opt/airflow/dags/json_dag.py
[2026-09-17T09:35:13.050+0000] {processor.py:830} INFO - Processing file /opt/airflow/dags/json_dag.py for tasks to queue
[2026-09-17T09:35:13.053+0000] {logging_mixin.py:188} INFO - [2026-09-17T09:35:13.053+0000] {dagbag.py:545} INFO - Filling up the DagBag from /opt/airflow/dags/json_dag.py
[2026-09-17T09:35:13.457+0000] {processor.py:840} INFO - DAG(s) 'json_dag' retrieved from /opt/airflow/dags/json_dag.py
[2026-09-17T09:35:13.477+0000] {logging_mixin.py:188} INFO - [2026-09-17T09:35:13.476+0000] {dag.py:3096} INFO - Sync 1 DAGs
[2026-09-17T09:35:13.496+0000] {logging_mixin.py:188} INFO - [2026-09-17T09:35:13.495+0000] {dag.py:3954} INFO - Setting next_dagrun for json_dag to 2026-09-17 08:59:00+00:00, run_after=2026-09-18 08:00:00+00:00
[2026-09-17T09:35:13.519+0000] {processor.py:183} INFO - Processing /opt/airflow/dags/json_dag.py took 0.478 seconds
[2026-09-17T09:35:43.617+0000] {processor.py:161} INFO - Started process (PID=421) to work on /opt/airflow/dags/json_dag.py
[2026-09-17T09:35:43.618+0000] {processor.py:830} INFO - Processing file /opt/airflow/dags/json_dag.py for tasks to queue
[2026-09-17T09:35:43.620+0000] {logging_mixin.py:188} INFO - [2026-09-17T09:35:43.619+0000] {dagbag.py:545} INFO - Filling up the DagBag from /opt/airflow/dags/json_dag.py
[2026-09-17T09:35:43.990+0000] {processor.py:840} INFO - DAG(s) 'json_dag' retrieved from /opt/airflow/dags/json_dag.py
[2026-09-17T09:35:44.009+0000] {logging_mixin.py:188} INFO - [2026-09-17T09:35:44.009+0000] {dag.py:3096} INFO - Sync 1 DAGs
[2026-09-17T09:35:44.028+0000] {logging_mixin.py:188} INFO - [2026-09-17T09:35:44.028+0000] {dag.py:3954} INFO - Setting next_dagrun for json_dag to 2026-09-17 08:59:00+00:00, run_after=2026-09-18 08:00:00+00:00
[2026-09-17T09:35:44.049+0000] {processor.py:183} INFO - Processing /opt/airflow/dags/json_dag.py took 0.437 seconds
[2026-09-17T09:36:14.920+0000] {processor.py:161} INFO - Started process (PID=430) to work on /opt/airflow/dags/json_dag.py
[2026-09-17T09:36:14.921+0000] {processor.py:830} INFO - Processing file /opt/airflow/dags/json_dag.py for tasks to queue
[2026-09-17T09:36:14.923+0000] {logging_mixin.py:188} INFO - [2026-09-17T09:36:14.923+0000] {dagbag.py:545} INFO - Filling up the DagBag from /opt/airflow/dags/json_dag.py
[2026-09-17T09:36:15.283+0000] {processor.py:840} INFO - DAG(s) 'json_dag' retrieved from /opt/airflow/dags/json_dag.py
[2026-09-17T09:36:15.302+0000] {logging_mixin.py:188} INFO - [2026-09-17T09:36:15.301+0000] {dag.py:3096} INFO - Sync 1 DAGs
[2026-09-17T09:36:15.320+0000] {logging_mixin.py:188} INFO - [2026-09-17T09:36:15.320+0000] {dag.py:3954} INFO - Setting next_dagrun for json_dag to 2026-09-17 08:59:00+00:00, run_after=2026-09-18 08:00:00+00:00
[2026-09-17T09:36:15.340+0000] {processor.py:183} INFO - Processing /opt/airflow/dags/json_dag.py took 0.425 seconds
[2026-09-17T09:36:45.420+0000] {processor.py:161} INFO - Started process (PID=439) to work on /opt/airflow/dags/json_dag.py
[2026-09-17T09:36:45.422+0000] {processor.py:830} INFO - Processing file /opt/airflow/dags/json_dag.py for tasks to queue
[2026-09-17T09:36:45.424+0000] {logging_mixin.py:188} INFO - [2026-09-17T09:36:45.423+0000] {dagbag.py:545} INFO - Filling up the DagBag from /opt/airflow/dags/json_dag.py
[2026-09-17T09:36:45.778+0000] {processor.py:840} INFO - DAG(s) 'json_dag' retrieved from /opt/airflow/dags/json_dag.py
[2026-09-17T09:36:45.799+0000] {logging_mixin.py:188} INFO - [2026-09-17T09:36:45.798+0000] {dag.py:3096} INFO - Sync 1 DAGs
[2026-09-17T09:36:45.819+0000] {logging_mixin.py:188} INFO - [2026-09-17T09:36:45.818+0000] {dag.py:3954} INFO - Setting next_dagrun for json_dag to 2026-09-17 08:59:00+00:00, run_after=2026-09-18 08:00:00+00:00
[2026-09-17T09:36:45.839+0000] {processor.py:183} INFO - Processing /opt/airflow/dags/json_dag.py took 0.426 seconds
[2026-09-17T09:37:16.698+0000] {processor.py:161} INFO - Started process (PID=448) to work on /opt/airflow/dags/json_dag.py
[2026-09-17T09:37:16.699+0000] {processor.py:830} INFO - Processing file /opt/airflow/dags/json_dag.py for tasks to queue
[2026-09-17T09:37:16.701+0000] {logging_mixin.py:188} INFO - [2026-09-17T09:37:16.700+0000] {dagbag.py:545} INFO - Filling up the DagBag from /opt/airflow/dags/json_dag.py
[2026-09-17T09:37:17.065+0000] {processor.py:840} INFO - DAG(s) 'json_dag' retrieved from /opt/airflow/dags/json_dag.py
[2026-09-17T09:37:17.087+0000] {logging_mixin.py:188} INFO - [2026-09-17T09:37:17.086+0000] {dag.py:3096} INFO - Sync 1 DAGs
[2026-09-17T09:37:17.113+0000] {logging_mixin.py:188} INFO - [2026-09-17T09:37:17.113+0000] {dag.py:3954} INFO - Setting next_dagrun for json_dag to 2026-09-17 08:59:00+00:00, run_after=2026-09-18 08:00:00+00:00
[2026-09-17T09:37:17.138+0000] {processor.py:183} INFO - Processing /opt/airflow/dags/json_dag.py took 0.446 seconds
[2026-09-17T09:37:47.190+0000] {processor.py:161} INFO - Started process (PID=457) to work on /opt/airflow/dags/json_dag.py
[2026-09-17T09:37:47.191+0000] {processor.py:830} INFO - Processing file /opt/airflow/dags/json_dag.py for tasks to queue
[2026-09-17T09:37:47.194+0000] {logging_mixin.py:188} INFO - [2026-09-17T09:37:47.193+0000] {dagbag.py:545} INFO - Filling up the DagBag from /opt/airflow/dags/json_dag.py
[2026-09-17T09:37:47.602+0000] {processor.py:840} INFO - DAG(s) 'json_dag' retrieved from /opt/airflow/dags/json_dag.py
[2026-09-17T09:37:47.621+0000] {logging_mixin.py:188} INFO - [2026-09-17T09:37:47.621+0000] {dag.py:3096} INFO - Sync 1 DAGs
[2026-09-17T09:37:47.639+0000] {logging_mixin.py:188} INFO - [2026-09-17T09:37:47.639+0000] {dag.py:3954} INFO - Setting next_dagrun for json_dag to 2026-09-17 08:59:00+00:00, run_after=2026-09-18 08:00:00+00:00
[2026-09-17T09:37:47.660+0000] {processor.py:183} INFO - Processing /opt/airflow/dags/json_dag.py took 0.476 seconds
[2026-09-17T09:38:18.506+0000] {processor.py:161} INFO - Started process (PID=466) to work on /opt/airflow/dags/json_dag.py
[2026-09-17T09:38:18.507+0000] {processor.py:830} INFO - Processing file /opt/airflow/dags/json_dag.py for tasks to queue
[2026-09-17T09:38:18.509+0000] {logging_mixin.py:188} INFO - [2026-09-17T09:38:18.509+0000] {dagbag.py:545} INFO - Filling up the DagBag from /opt/airflow/dags/json_dag.py
[2026-09-17T09:38:18.911+0000] {processor.py:840} INFO - DAG(s) 'json_dag' retrieved from /opt/airflow/dags/json_dag.py
[2026-09-17T09:38:18.930+0000] {logging_mixin.py:188} INFO - [2026-09-17T09:38:18.930+0000] {dag.py:3096} INFO - Sync 1 DAGs
[2026-09-17T09:38:18.948+0000] {logging_mixin.py:188} INFO - [2026-09-17T09:38:18.948+0000] {dag.py:3954} INFO - Setting next_dagrun for json_dag to 2026-09-17 08:59:00+00:00, run_after=2026-09-18 08:00:00+00:00
[2026-09-17T09:38:18.978+0000] {processor.py:183} INFO - Processing /opt/airflow/dags/json_dag.py took 0.478 seconds
[2026-09-17T09:38:49.046+0000] {processor.py:161} INFO - Started process (PID=475) to work on /opt/airflow/dags/json_dag.py
[2026-09-17T09:38:49.047+0000] {processor.py:830} INFO - Processing file /opt/airflow/dags/json_dag.py for tasks to queue
[2026-09-17T09:38:49.049+0000] {logging_mixin.py:188} INFO - [2026-09-17T09:38:49.049+0000] {dagbag.py:545} INFO - Filling up the DagBag from /opt/airflow/dags/json_dag.py
[2026-09-17T09:38:49.428+0000] {processor.py:840} INFO - DAG(s) 'json_dag' retrieved from /opt/airflow/dags/json_dag.py
[2026-09-17T09:38:49.450+0000] {logging_mixin.py:188} INFO - [2026-09-17T09:38:49.450+0000] {dag.py:3096} INFO - Sync 1 DAGs
[2026-09-17T09:38:49.471+0000] {logging_mixin.py:188} INFO - [2026-09-17T09:38:49.471+0000] {dag.py:3954} INFO - Setting next_dagrun for json_dag to 2026-09-17 08:59:00+00:00, run_after=2026-09-18 08:00:00+00:00
[2026-09-17T09:38:49.492+0000] {processor.py:183} INFO - Processing /opt/airflow/dags/json_dag.py took 0.451 seconds
[2026-09-17T09:39:19.539+0000] {processor.py:161} INFO - Started process (PID=484) to work on /opt/airflow/dags/json_dag.py
[2026-09-17T09:39:19.540+0000] {processor.py:830} INFO - Processing file /opt/airflow/dags/json_dag.py for tasks to queue
[2026-09-17T09:39:19.542+0000] {logging_mixin.py:188} INFO - [2026-09-17T09:39:19.542+0000] {dagbag.py:545} INFO - Filling up the DagBag from /opt/airflow/dags/json_dag.py
[2026-09-17T09:39:19.896+0000] {processor.py:840} INFO - DAG(s) 'json_dag' retrieved from /opt/airflow/dags/json_dag.py
[2026-09-17T09:39:19.924+0000] {logging_mixin.py:188} INFO - [2026-09-17T09:39:19.924+0000] {dag.py:3096} INFO - Sync 1 DAGs
[2026-09-17T09:39:19.947+0000] {logging_mixin.py:188} INFO - [2026-09-17T09:39:19.947+0000] {dag.py:3954} INFO - Setting next_dagrun for json_dag to 2026-09-17 08:59:00+00:00, run_after=2026-09-18 08:00:00+00:00
[2026-09-17T09:39:19.969+0000] {processor.py:183} INFO - Processing /opt/airflow/dags/json_dag.py took 0.435 seconds
[2026-09-17T09:39:50.853+0000] {processor.py:161} INFO - Started process (PID=493) to work on /opt/airflow/dags/json_dag.py
[2026-09-17T09:39:50.854+0000] {processor.py:830} INFO - Processing file /opt/airflow/dags/json_dag.py for tasks to queue
[2026-09-17T09:39:50.855+0000] {logging_mixin.py:188} INFO - [2026-09-17T09:39:50.855+0000] {dagbag.py:545} INFO - Filling up the DagBag from /opt/airflow/dags/json_dag.py
[2026-09-17T09:39:51.173+0000] {processor.py:840} INFO - DAG(s) 'json_dag' retrieved from /opt/airflow/dags/json_dag.py
[2026-09-17T09:39:51.194+0000] {logging_mixin.py:188} INFO - [2026-09-17T09:39:51.193+0000] {dag.py:3096} INFO - Sync 1 DAGs
[2026-09-17T09:39:51.211+0000] {logging_mixin.py:188} INFO - [2026-09-17T09:39:51.211+0000] {dag.py:3954} INFO - Setting next_dagrun for json_dag to 2026-09-17 08:59:00+00:00, run_after=2026-09-18 08:00:00+00:00
[2026-09-17T09:39:51.229+0000] {processor.py:183} INFO - Processing /opt/airflow/dags/json_dag.py took 0.382 seconds
[2026-09-17T09:40:21.277+0000] {processor.py:161} INFO - Started process (PID=502) to work on /opt/airflow/dags/json_dag.py
[2026-09-17T09:40:21.278+0000] {processor.py:830} INFO - Processing file /opt/airflow/dags/json_dag.py for tasks to queue
[2026-09-17T09:40:21.281+0000] {logging_mixin.py:188} INFO - [2026-09-17T09:40:21.281+0000] {dagbag.py:545} INFO - Filling up the DagBag from /opt/airflow/dags/json_dag.py
[2026-09-17T09:40:21.766+0000] {processor.py:840} INFO - DAG(s) 'json_dag' retrieved from /opt/airflow/dags/json_dag.py
[2026-09-17T09:40:21.783+0000] {logging_mixin.py:188} INFO - [2026-09-17T09:40:21.783+0000] {dag.py:3096} INFO - Sync 1 DAGs
[2026-09-17T09:40:21.800+0000] {logging_mixin.py:188} INFO - [2026-09-17T09:40:21.799+0000] {dag.py:3954} INFO - Setting next_dagrun for json_dag to 2026-09-17 08:59:00+00:00, run_after=2026-09-18 08:00:00+00:00
[2026-09-17T09:40:21.819+0000] {processor.py:183} INFO - Processing /opt/airflow/dags/json_dag.py took 0.551 seconds
[2026-09-17T09:40:52.694+0000] {processor.py:161} INFO - Started process (PID=511) to work on /opt/airflow/dags/json_dag.py
[2026-09-17T09:40:52.696+0000] {processor.py:830} INFO - Processing file /opt/airflow/dags/json_dag.py for tasks to queue
[2026-09-17T09:40:52.699+0000] {logging_mixin.py:188} INFO - [2026-09-17T09:40:52.699+0000] {dagbag.py:545} INFO - Filling up the DagBag from /opt/airflow/dags/json_dag.py
[2026-09-17T09:40:53.144+0000] {processor.py:840} INFO - DAG(s) 'json_dag' retrieved from /opt/airflow/dags/json_dag.py
[2026-09-17T09:40:53.180+0000] {logging_mixin.py:188} INFO - [2026-09-17T09:40:53.179+0000] {dag.py:3096} INFO - Sync 1 DAGs
[2026-09-17T09:40:53.223+0000] {logging_mixin.py:188} INFO - [2026-09-17T09:40:53.223+0000] {dag.py:3954} INFO - Setting next_dagrun for json_dag to 2026-09-17 08:59:00+00:00, run_after=2026-09-18 08:00:00+00:00
[2026-09-17T09:40:53.257+0000] {processor.py:183} INFO - Processing /opt/airflow/dags/json_dag.py took 0.574 seconds
[2026-09-17T09:41:24.066+0000] {processor.py:161} INFO - Started process (PID=520) to work on /opt/airflow/dags/json_dag.py
[2026-09-17T09:41:24.068+0000] {processor.py:830} INFO - Processing file /opt/airflow/dags/json_dag.py for tasks to queue
[2026-09-17T09:41:24.071+0000] {logging_mixin.py:188} INFO - [2026-09-17T09:41:24.071+0000] {dagbag.py:545} INFO - Filling up the DagBag from /opt/airflow/dags/json_dag.py
[2026-09-17T09:41:24.534+0000] {processor.py:840} INFO - DAG(s) 'json_dag' retrieved from /opt/airflow/dags/json_dag.py
[2026-09-17T09:41:24.558+0000] {logging_mixin.py:188} INFO - [2026-09-17T09:41:24.558+0000] {dag.py:3096} INFO - Sync 1 DAGs
[2026-09-17T09:41:24.583+0000] {logging_mixin.py:188} INFO - [2026-09-17T09:41:24.583+0000] {dag.py:3954} INFO - Setting next_dagrun for json_dag to 2026-09-17 08:59:00+00:00, run_after=2026-09-18 08:00:00+00:00
[2026-09-17T09:41:24.627+0000] {processor.py:183} INFO - Processing /opt/airflow/dags/json_dag.py took 0.570 seconds
[2026-09-17T09:41:55.484+0000] {processor.py:161} INFO - Started process (PID=529) to work on /opt/airflow/dags/json_dag.py
[2026-09-17T09:41:55.485+0000] {processor.py:830} INFO - Processing file /opt/airflow/dags/json_dag.py for tasks to queue
[2026-09-17T09:41:55.487+0000] {logging_mixin.py:188} INFO - [2026-09-17T09:41:55.487+0000] {dagbag.py:545} INFO - Filling up the DagBag from /opt/airflow/dags/json_dag.py
[2026-09-17T09:41:55.834+0000] {processor.py:840} INFO - DAG(s) 'json_dag' retrieved from /opt/airflow/dags/json_dag.py
[2026-09-17T09:41:55.854+0000] {logging_mixin.py:188} INFO - [2026-09-17T09:41:55.853+0000] {dag.py:3096} INFO - Sync 1 DAGs
[2026-09-17T09:41:55.875+0000] {logging_mixin.py:188} INFO - [2026-09-17T09:41:55.875+0000] {dag.py:3954} INFO - Setting next_dagrun for json_dag to 2026-09-17 08:59:00+00:00, run_after=2026-09-18 08:00:00+00:00
[2026-09-17T09:41:55.896+0000] {processor.py:183} INFO - Processing /opt/airflow/dags/json_dag.py took 0.419 seconds
[2026-09-17T09:42:25.994+0000] {processor.py:161} INFO - Started process (PID=538) to work on /opt/airflow/dags/json_dag.py
[2026-09-17T09:42:25.996+0000] {processor.py:830} INFO - Processing file /opt/airflow/dags/json_dag.py for tasks to queue
[2026-09-17T09:42:25.997+0000] {logging_mixin.py:188} INFO - [2026-09-17T09:42:25.997+0000] {dagbag.py:545} INFO - Filling up the DagBag from /opt/airflow/dags/json_dag.py
[2026-09-17T09:42:26.354+0000] {processor.py:840} INFO - DAG(s) 'json_dag' retrieved from /opt/airflow/dags/json_dag.py
[2026-09-17T09:42:26.381+0000] {logging_mixin.py:188} INFO - [2026-09-17T09:42:26.380+0000] {dag.py:3096} INFO - Sync 1 DAGs
[2026-09-17T09:42:26.404+0000] {logging_mixin.py:188} INFO - [2026-09-17T09:42:26.403+0000] {dag.py:3954} INFO - Setting next_dagrun for json_dag to 2026-09-17 08:59:00+00:00, run_after=2026-09-18 08:00:00+00:00
[2026-09-17T09:42:26.423+0000] {processor.py:183} INFO - Processing /opt/airflow/dags/json_dag.py took 0.435 seconds
[2026-09-17T09:42:57.314+0000] {processor.py:161} INFO - Started process (PID=547) to work on /opt/airflow/dags/json_dag.py
[2026-09-17T09:42:57.315+0000] {processor.py:830} INFO - Processing file /opt/airflow/dags/json_dag.py for tasks to queue
[2026-09-17T09:42:57.317+0000] {logging_mixin.py:188} INFO - [2026-09-17T09:42:57.317+0000] {dagbag.py:545} INFO - Filling up the DagBag from /opt/airflow/dags/json_dag.py
[2026-09-17T09:42:57.680+0000] {processor.py:840} INFO - DAG(s) 'json_dag' retrieved from /opt/airflow/dags/json_dag.py
[2026-09-17T09:42:57.698+0000] {logging_mixin.py:188} INFO - [2026-09-17T09:42:57.698+0000] {dag.py:3096} INFO - Sync 1 DAGs
[2026-09-17T09:42:57.715+0000] {logging_mixin.py:188} INFO - [2026-09-17T09:42:57.715+0000] {dag.py:3954} INFO - Setting next_dagrun for json_dag to 2026-09-17 08:59:00+00:00, run_after=2026-09-18 08:00:00+00:00
[2026-09-17T09:42:57.738+0000] {processor.py:183} INFO - Processing /opt/airflow/dags/json_dag.py took 0.430 seconds
[2026-09-17T09:43:27.784+0000] {processor.py:161} INFO - Started process (PID=556) to work on /opt/airflow/dags/json_dag.py
[2026-09-17T09:43:27.786+0000] {processor.py:830} INFO - Processing file /opt/airflow/dags/json_dag.py for tasks to queue
[2026-09-17T09:43:27.788+0000] {logging_mixin.py:188} INFO - [2026-09-17T09:43:27.787+0000] {dagbag.py:545} INFO - Filling up the DagBag from /opt/airflow/dags/json_dag.py
[2026-09-17T09:43:28.123+0000] {processor.py:840} INFO - DAG(s) 'json_dag' retrieved from /opt/airflow/dags/json_dag.py
[2026-09-17T09:43:28.141+0000] {logging_mixin.py:188} INFO - [2026-09-17T09:43:28.141+0000] {dag.py:3096} INFO - Sync 1 DAGs
[2026-09-17T09:43:28.162+0000] {logging_mixin.py:188} INFO - [2026-09-17T09:43:28.161+0000] {dag.py:3954} INFO - Setting next_dagrun for json_dag to 2026-09-17 08:59:00+00:00, run_after=2026-09-18 08:00:00+00:00
[2026-09-17T09:43:28.184+0000] {processor.py:183} INFO - Processing /opt/airflow/dags/json_dag.py took 0.405 seconds
[2026-09-17T09:43:59.100+0000] {processor.py:161} INFO - Started process (PID=565) to work on /opt/airflow/dags/json_dag.py
[2026-09-17T09:43:59.101+0000] {processor.py:830} INFO - Processing file /opt/airflow/dags/json_dag.py for tasks to queue
[2026-09-17T09:43:59.103+0000] {logging_mixin.py:188} INFO - [2026-09-17T09:43:59.103+0000] {dagbag.py:545} INFO - Filling up the DagBag from /opt/airflow/dags/json_dag.py
[2026-09-17T09:43:59.457+0000] {processor.py:840} INFO - DAG(s) 'json_dag' retrieved from /opt/airflow/dags/json_dag.py
[2026-09-17T09:43:59.476+0000] {logging_mixin.py:188} INFO - [2026-09-17T09:43:59.475+0000] {dag.py:3096} INFO - Sync 1 DAGs
[2026-09-17T09:43:59.494+0000] {logging_mixin.py:188} INFO - [2026-09-17T09:43:59.494+0000] {dag.py:3954} INFO - Setting next_dagrun for json_dag to 2026-09-17 08:59:00+00:00, run_after=2026-09-18 08:00:00+00:00
[2026-09-17T09:43:59.516+0000] {processor.py:183} INFO - Processing /opt/airflow/dags/json_dag.py took 0.422 seconds
[2026-09-17T09:44:29.604+0000] {processor.py:161} INFO - Started process (PID=574) to work on /opt/airflow/dags/json_dag.py
[2026-09-17T09:44:29.606+0000] {processor.py:830} INFO - Processing file /opt/airflow/dags/json_dag.py for tasks to queue
[2026-09-17T09:44:29.607+0000] {logging_mixin.py:188} INFO - [2026-09-17T09:44:29.607+0000] {dagbag.py:545} INFO - Filling up the DagBag from /opt/airflow/dags/json_dag.py
[2026-09-17T09:44:29.957+0000] {processor.py:840} INFO - DAG(s) 'json_dag' retrieved from /opt/airflow/dags/json_dag.py
[2026-09-17T09:44:29.978+0000] {logging_mixin.py:188} INFO - [2026-09-17T09:44:29.978+0000] {dag.py:3096} INFO - Sync 1 DAGs
[2026-09-17T09:44:29.998+0000] {logging_mixin.py:188} INFO - [2026-09-17T09:44:29.998+0000] {dag.py:3954} INFO - Setting next_dagrun for json_dag to 2026-09-17 08:59:00+00:00, run_after=2026-09-18 08:00:00+00:00
[2026-09-17T09:44:30.019+0000] {processor.py:183} INFO - Processing /opt/airflow/dags/json_dag.py took 0.421 seconds
[2026-09-17T09:45:00.929+0000] {processor.py:161} INFO - Started process (PID=583) to work on /opt/airflow/dags/json_dag.py
[2026-09-17T09:45:00.931+0000] {processor.py:830} INFO - Processing file /opt/airflow/dags/json_dag.py for tasks to queue
[2026-09-17T09:45:00.933+0000] {logging_mixin.py:188} INFO - [2026-09-17T09:45:00.933+0000] {dagbag.py:545} INFO - Filling up the DagBag from /opt/airflow/dags/json_dag.py
[2026-09-17T09:45:01.289+0000] {processor.py:840} INFO - DAG(s) 'json_dag' retrieved from /opt/airflow/dags/json_dag.py
[2026-09-17T09:45:01.309+0000] {logging_mixin.py:188} INFO - [2026-09-17T09:45:01.309+0000] {dag.py:3096} INFO - Sync 1 DAGs
[2026-09-17T09:45:01.329+0000] {logging_mixin.py:188} INFO - [2026-09-17T09:45:01.329+0000] {dag.py:3954} INFO - Setting next_dagrun for json_dag to 2026-09-17 08:59:00+00:00, run_after=2026-09-18 08:00:00+00:00
[2026-09-17T09:45:01.349+0000] {processor.py:183} INFO - Processing /opt/airflow/dags/json_dag.py took 0.427 seconds
[2026-09-17T09:45:31.450+0000] {processor.py:161} INFO - Started process (PID=592) to work on /opt/airflow/dags/json_dag.py
[2026-09-17T09:45:31.452+0000] {processor.py:830} INFO - Processing file /opt/airflow/dags/json_dag.py for tasks to queue
[2026-09-17T09:45:31.455+0000] {logging_mixin.py:188} INFO - [2026-09-17T09:45:31.454+0000] {dagbag.py:545} INFO - Filling up the DagBag from /opt/airflow/dags/json_dag.py
[2026-09-17T09:45:31.842+0000] {processor.py:840} INFO - DAG(s) 'json_dag' retrieved from /opt/airflow/dags/json_dag.py
[2026-09-17T09:45:31.865+0000] {logging_mixin.py:188} INFO - [2026-09-17T09:45:31.865+0000] {dag.py:3096} INFO - Sync 1 DAGs
[2026-09-17T09:45:31.885+0000] {logging_mixin.py:188} INFO - [2026-09-17T09:45:31.885+0000] {dag.py:3954} INFO - Setting next_dagrun for json_dag to 2026-09-17 08:59:00+00:00, run_after=2026-09-18 08:00:00+00:00
[2026-09-17T09:45:31.904+0000] {processor.py:183} INFO - Processing /opt/airflow/dags/json_dag.py took 0.459 seconds
[2026-09-17T09:46:02.810+0000] {processor.py:161} INFO - Started process (PID=601) to work on /opt/airflow/dags/json_dag.py
[2026-09-17T09:46:02.812+0000] {processor.py:830} INFO - Processing file /opt/airflow/dags/json_dag.py for tasks to queue
[2026-09-17T09:46:02.816+0000] {logging_mixin.py:188} INFO - [2026-09-17T09:46:02.816+0000] {dagbag.py:545} INFO - Filling up the DagBag from /opt/airflow/dags/json_dag.py
[2026-09-17T09:46:03.290+0000] {processor.py:840} INFO - DAG(s) 'json_dag' retrieved from /opt/airflow/dags/json_dag.py
[2026-09-17T09:46:03.315+0000] {logging_mixin.py:188} INFO - [2026-09-17T09:46:03.315+0000] {dag.py:3096} INFO - Sync 1 DAGs
[2026-09-17T09:46:03.335+0000] {logging_mixin.py:188} INFO - [2026-09-17T09:46:03.335+0000] {dag.py:3954} INFO - Setting next_dagrun for json_dag to 2026-09-17 08:59:00+00:00, run_after=2026-09-18 08:00:00+00:00
[2026-09-17T09:46:03.356+0000] {processor.py:183} INFO - Processing /opt/airflow/dags/json_dag.py took 0.560 seconds
[2026-09-17T09:46:34.191+0000] {processor.py:161} INFO - Started process (PID=616) to work on /opt/airflow/dags/json_dag.py
[2026-09-17T09:46:34.192+0000] {processor.py:830} INFO - Processing file /opt/airflow/dags/json_dag.py for tasks to queue
[2026-09-17T09:46:34.194+0000] {logging_mixin.py:188} INFO - [2026-09-17T09:46:34.194+0000] {dagbag.py:545} INFO - Filling up the DagBag from /opt/airflow/dags/json_dag.py
[2026-09-17T09:46:34.550+0000] {processor.py:840} INFO - DAG(s) 'json_dag' retrieved from /opt/airflow/dags/json_dag.py
[2026-09-17T09:46:34.569+0000] {logging_mixin.py:188} INFO - [2026-09-17T09:46:34.569+0000] {dag.py:3096} INFO - Sync 1 DAGs
[2026-09-17T09:46:34.587+0000] {logging_mixin.py:188} INFO - [2026-09-17T09:46:34.587+0000] {dag.py:3954} INFO - Setting next_dagrun for json_dag to 2026-09-17 08:59:00+00:00, run_after=2026-09-18 08:00:00+00:00
[2026-09-17T09:46:34.609+0000] {processor.py:183} INFO - Processing /opt/airflow/dags/json_dag.py took 0.423 seconds
[2026-09-17T09:47:04.676+0000] {processor.py:161} INFO - Started process (PID=626) to work on /opt/airflow/dags/json_dag.py
[2026-09-17T09:47:04.678+0000] {processor.py:830} INFO - Processing file /opt/airflow/dags/json_dag.py for tasks to queue
[2026-09-17T09:47:04.680+0000] {logging_mixin.py:188} INFO - [2026-09-17T09:47:04.679+0000] {dagbag.py:545} INFO - Filling up the DagBag from /opt/airflow/dags/json_dag.py
[2026-09-17T09:47:05.110+0000] {processor.py:840} INFO - DAG(s) 'json_dag' retrieved from /opt/airflow/dags/json_dag.py
[2026-09-17T09:47:05.132+0000] {logging_mixin.py:188} INFO - [2026-09-17T09:47:05.132+0000] {dag.py:3096} INFO - Sync 1 DAGs
[2026-09-17T09:47:05.153+0000] {logging_mixin.py:188} INFO - [2026-09-17T09:47:05.153+0000] {dag.py:3954} INFO - Setting next_dagrun for json_dag to 2026-09-17 08:59:00+00:00, run_after=2026-09-18 08:00:00+00:00
[2026-09-17T09:47:05.175+0000] {processor.py:183} INFO - Processing /opt/airflow/dags/json_dag.py took 0.505 seconds
[2026-09-17T09:47:36.100+0000] {processor.py:161} INFO - Started process (PID=635) to work on /opt/airflow/dags/json_dag.py
[2026-09-17T09:47:36.103+0000] {processor.py:830} INFO - Processing file /opt/airflow/dags/json_dag.py for tasks to queue
[2026-09-17T09:47:36.110+0000] {logging_mixin.py:188} INFO - [2026-09-17T09:47:36.109+0000] {dagbag.py:545} INFO - Filling up the DagBag from /opt/airflow/dags/json_dag.py
[2026-09-17T09:47:36.653+0000] {processor.py:840} INFO - DAG(s) 'json_dag' retrieved from /opt/airflow/dags/json_dag.py
[2026-09-17T09:47:36.674+0000] {logging_mixin.py:188} INFO - [2026-09-17T09:47:36.674+0000] {dag.py:3096} INFO - Sync 1 DAGs
[2026-09-17T09:47:36.696+0000] {logging_mixin.py:188} INFO - [2026-09-17T09:47:36.696+0000] {dag.py:3954} INFO - Setting next_dagrun for json_dag to 2026-09-17 08:59:00+00:00, run_after=2026-09-18 08:00:00+00:00
[2026-09-17T09:47:36.717+0000] {processor.py:183} INFO - Processing /opt/airflow/dags/json_dag.py took 0.645 seconds
[2026-09-17T09:48:07.495+0000] {processor.py:161} INFO - Started process (PID=644) to work on /opt/airflow/dags/json_dag.py
[2026-09-17T09:48:07.497+0000] {processor.py:830} INFO - Processing file /opt/airflow/dags/json_dag.py for tasks to queue
[2026-09-17T09:48:07.499+0000] {logging_mixin.py:188} INFO - [2026-09-17T09:48:07.499+0000] {dagbag.py:545} INFO - Filling up the DagBag from /opt/airflow/dags/json_dag.py
[2026-09-17T09:48:07.890+0000] {processor.py:840} INFO - DAG(s) 'json_dag' retrieved from /opt/airflow/dags/json_dag.py
[2026-09-17T09:48:07.919+0000] {logging_mixin.py:188} INFO - [2026-09-17T09:48:07.919+0000] {dag.py:3096} INFO - Sync 1 DAGs
[2026-09-17T09:48:07.947+0000] {logging_mixin.py:188} INFO - [2026-09-17T09:48:07.947+0000] {dag.py:3954} INFO - Setting next_dagrun for json_dag to 2026-09-17 08:59:00+00:00, run_after=2026-09-18 08:00:00+00:00
[2026-09-17T09:48:07.967+0000] {processor.py:183} INFO - Processing /opt/airflow/dags/json_dag.py took 0.479 seconds
[2026-09-17T09:48:38.920+0000] {processor.py:161} INFO - Started process (PID=653) to work on /opt/airflow/dags/json_dag.py
[2026-09-17T09:48:38.922+0000] {processor.py:830} INFO - Processing file /opt/airflow/dags/json_dag.py for tasks to queue
[2026-09-17T09:48:38.924+0000] {logging_mixin.py:188} INFO - [2026-09-17T09:48:38.924+0000] {dagbag.py:545} INFO - Filling up the DagBag from /opt/airflow/dags/json_dag.py
[2026-09-17T09:48:39.288+0000] {processor.py:840} INFO - DAG(s) 'json_dag' retrieved from /opt/airflow/dags/json_dag.py
[2026-09-17T09:48:39.307+0000] {logging_mixin.py:188} INFO - [2026-09-17T09:48:39.307+0000] {dag.py:3096} INFO - Sync 1 DAGs
[2026-09-17T09:48:39.326+0000] {logging_mixin.py:188} INFO - [2026-09-17T09:48:39.325+0000] {dag.py:3954} INFO - Setting next_dagrun for json_dag to 2026-09-17 08:59:00+00:00, run_after=2026-09-18 08:00:00+00:00
[2026-09-17T09:48:39.347+0000] {processor.py:183} INFO - Processing /opt/airflow/dags/json_dag.py took 0.433 seconds
[2026-09-17T09:49:10.294+0000] {processor.py:161} INFO - Started process (PID=662) to work on /opt/airflow/dags/json_dag.py
[2026-09-17T09:49:10.295+0000] {processor.py:830} INFO - Processing file /opt/airflow/dags/json_dag.py for tasks to queue
[2026-09-17T09:49:10.297+0000] {logging_mixin.py:188} INFO - [2026-09-17T09:49:10.297+0000] {dagbag.py:545} INFO - Filling up the DagBag from /opt/airflow/dags/json_dag.py
[2026-09-17T09:49:10.677+0000] {processor.py:840} INFO - DAG(s) 'json_dag' retrieved from /opt/airflow/dags/json_dag.py
[2026-09-17T09:49:10.702+0000] {logging_mixin.py:188} INFO - [2026-09-17T09:49:10.701+0000] {dag.py:3096} INFO - Sync 1 DAGs
[2026-09-17T09:49:10.723+0000] {logging_mixin.py:188} INFO - [2026-09-17T09:49:10.723+0000] {dag.py:3954} INFO - Setting next_dagrun for json_dag to 2026-09-17 08:59:00+00:00, run_after=2026-09-18 08:00:00+00:00
[2026-09-17T09:49:10.744+0000] {processor.py:183} INFO - Processing /opt/airflow/dags/json_dag.py took 0.456 seconds
[2026-09-17T09:49:40.867+0000] {processor.py:161} INFO - Started process (PID=671) to work on /opt/airflow/dags/json_dag.py
[2026-09-17T09:49:40.868+0000] {processor.py:830} INFO - Processing file /opt/airflow/dags/json_dag.py for tasks to queue
[2026-09-17T09:49:40.870+0000] {logging_mixin.py:188} INFO - [2026-09-17T09:49:40.870+0000] {dagbag.py:545} INFO - Filling up the DagBag from /opt/airflow/dags/json_dag.py
[2026-09-17T09:49:41.222+0000] {processor.py:840} INFO - DAG(s) 'json_dag' retrieved from /opt/airflow/dags/json_dag.py
[2026-09-17T09:49:41.243+0000] {logging_mixin.py:188} INFO - [2026-09-17T09:49:41.243+0000] {dag.py:3096} INFO - Sync 1 DAGs
[2026-09-17T09:49:41.263+0000] {logging_mixin.py:188} INFO - [2026-09-17T09:49:41.263+0000] {dag.py:3954} INFO - Setting next_dagrun for json_dag to 2026-09-17 08:59:00+00:00, run_after=2026-09-18 08:00:00+00:00
[2026-09-17T09:49:41.286+0000] {processor.py:183} INFO - Processing /opt/airflow/dags/json_dag.py took 0.425 seconds
[2026-09-17T09:50:12.228+0000] {processor.py:161} INFO - Started process (PID=680) to work on /opt/airflow/dags/json_dag.py
[2026-09-17T09:50:12.229+0000] {processor.py:830} INFO - Processing file /opt/airflow/dags/json_dag.py for tasks to queue
[2026-09-17T09:50:12.231+0000] {logging_mixin.py:188} INFO - [2026-09-17T09:50:12.231+0000] {dagbag.py:545} INFO - Filling up the DagBag from /opt/airflow/dags/json_dag.py
[2026-09-17T09:50:12.592+0000] {processor.py:840} INFO - DAG(s) 'json_dag' retrieved from /opt/airflow/dags/json_dag.py
[2026-09-17T09:50:12.612+0000] {logging_mixin.py:188} INFO - [2026-09-17T09:50:12.611+0000] {dag.py:3096} INFO - Sync 1 DAGs
[2026-09-17T09:50:12.631+0000] {logging_mixin.py:188} INFO - [2026-09-17T09:50:12.631+0000] {dag.py:3954} INFO - Setting next_dagrun for json_dag to 2026-09-17 08:59:00+00:00, run_after=2026-09-18 08:00:00+00:00
[2026-09-17T09:50:12.652+0000] {processor.py:183} INFO - Processing /opt/airflow/dags/json_dag.py took 0.430 seconds
[2026-09-17T09:50:43.598+0000] {processor.py:161} INFO - Started process (PID=689) to work on /opt/airflow/dags/json_dag.py
[2026-09-17T09:50:43.600+0000] {processor.py:830} INFO - Processing file /opt/airflow/dags/json_dag.py for tasks to queue
[2026-09-17T09:50:43.603+0000] {logging_mixin.py:188} INFO - [2026-09-17T09:50:43.602+0000] {dagbag.py:545} INFO - Filling up the DagBag from /opt/airflow/dags/json_dag.py
[2026-09-17T09:50:44.011+0000] {processor.py:840} INFO - DAG(s) 'json_dag' retrieved from /opt/airflow/dags/json_dag.py
[2026-09-17T09:50:44.033+0000] {logging_mixin.py:188} INFO - [2026-09-17T09:50:44.032+0000] {dag.py:3096} INFO - Sync 1 DAGs
[2026-09-17T09:50:44.052+0000] {logging_mixin.py:188} INFO - [2026-09-17T09:50:44.052+0000] {dag.py:3954} INFO - Setting next_dagrun for json_dag to 2026-09-17 08:59:00+00:00, run_after=2026-09-18 08:00:00+00:00
[2026-09-17T09:50:44.072+0000] {processor.py:183} INFO - Processing /opt/airflow/dags/json_dag.py took 0.481 seconds
[2026-09-17T09:51:14.963+0000] {processor.py:161} INFO - Started process (PID=698) to work on /opt/airflow/dags/json_dag.py
[2026-09-17T09:51:14.964+0000] {processor.py:830} INFO - Processing file /opt/airflow/dags/json_dag.py for tasks to queue
[2026-09-17T09:51:14.967+0000] {logging_mixin.py:188} INFO - [2026-09-17T09:51:14.966+0000] {dagbag.py:545} INFO - Filling up the DagBag from /opt/airflow/dags/json_dag.py
[2026-09-17T09:51:15.409+0000] {processor.py:840} INFO - DAG(s) 'json_dag' retrieved from /opt/airflow/dags/json_dag.py
[2026-09-17T09:51:15.434+0000] {logging_mixin.py:188} INFO - [2026-09-17T09:51:15.434+0000] {dag.py:3096} INFO - Sync 1 DAGs
[2026-09-17T09:51:15.465+0000] {logging_mixin.py:188} INFO - [2026-09-17T09:51:15.465+0000] {dag.py:3954} INFO - Setting next_dagrun for json_dag to 2026-09-17 08:59:00+00:00, run_after=2026-09-18 08:00:00+00:00
[2026-09-17T09:51:15.495+0000] {processor.py:183} INFO - Processing /opt/airflow/dags/json_dag.py took 0.539 seconds
[2026-09-17T09:51:46.355+0000] {processor.py:161} INFO - Started process (PID=707) to work on /opt/airflow/dags/json_dag.py
[2026-09-17T09:51:46.356+0000] {processor.py:830} INFO - Processing file /opt/airflow/dags/json_dag.py for tasks to queue
[2026-09-17T09:51:46.358+0000] {logging_mixin.py:188} INFO - [2026-09-17T09:51:46.358+0000] {dagbag.py:545} INFO - Filling up the DagBag from /opt/airflow/dags/json_dag.py
[2026-09-17T09:51:46.793+0000] {processor.py:840} INFO - DAG(s) 'json_dag' retrieved from /opt/airflow/dags/json_dag.py
[2026-09-17T09:51:46.817+0000] {logging_mixin.py:188} INFO - [2026-09-17T09:51:46.817+0000] {dag.py:3096} INFO - Sync 1 DAGs
[2026-09-17T09:51:46.841+0000] {logging_mixin.py:188} INFO - [2026-09-17T09:51:46.841+0000] {dag.py:3954} INFO - Setting next_dagrun for json_dag to 2026-09-17 08:59:00+00:00, run_after=2026-09-18 08:00:00+00:00
[2026-09-17T09:51:46.863+0000] {processor.py:183} INFO - Processing /opt/airflow/dags/json_dag.py took 0.515 seconds
[2026-09-17T09:52:17.735+0000] {processor.py:161} INFO - Started process (PID=716) to work on /opt/airflow/dags/json_dag.py
[2026-09-17T09:52:17.736+0000] {processor.py:830} INFO - Processing file /opt/airflow/dags/json_dag.py for tasks to queue
[2026-09-17T09:52:17.738+0000] {logging_mixin.py:188} INFO - [2026-09-17T09:52:17.738+0000] {dagbag.py:545} INFO - Filling up the DagBag from /opt/airflow/dags/json_dag.py
[2026-09-17T09:52:18.196+0000] {processor.py:840} INFO - DAG(s) 'json_dag' retrieved from /opt/airflow/dags/json_dag.py
[2026-09-17T09:52:18.215+0000] {logging_mixin.py:188} INFO - [2026-09-17T09:52:18.215+0000] {dag.py:3096} INFO - Sync 1 DAGs
[2026-09-17T09:52:18.234+0000] {logging_mixin.py:188} INFO - [2026-09-17T09:52:18.234+0000] {dag.py:3954} INFO - Setting next_dagrun for json_dag to 2026-09-17 08:59:00+00:00, run_after=2026-09-18 08:00:00+00:00
[2026-09-17T09:52:18.256+0000] {processor.py:183} INFO - Processing /opt/airflow/dags/json_dag.py took 0.526 seconds
[2026-09-17T09:52:49.119+0000] {processor.py:161} INFO - Started process (PID=725) to work on /opt/airflow/dags/json_dag.py
[2026-09-17T09:52:49.120+0000] {processor.py:830} INFO - Processing file /opt/airflow/dags/json_dag.py for tasks to queue
[2026-09-17T09:52:49.122+0000] {logging_mixin.py:188} INFO - [2026-09-17T09:52:49.121+0000] {dagbag.py:545} INFO - Filling up the DagBag from /opt/airflow/dags/json_dag.py
[2026-09-17T09:52:49.641+0000] {processor.py:840} INFO - DAG(s) 'json_dag' retrieved from /opt/airflow/dags/json_dag.py
[2026-09-17T09:52:49.663+0000] {logging_mixin.py:188} INFO - [2026-09-17T09:52:49.663+0000] {dag.py:3096} INFO - Sync 1 DAGs
[2026-09-17T09:52:49.686+0000] {logging_mixin.py:188} INFO - [2026-09-17T09:52:49.686+0000] {dag.py:3954} INFO - Setting next_dagrun for json_dag to 2026-09-17 08:59:00+00:00, run_after=2026-09-18 08:00:00+00:00
[2026-09-17T09:52:49.709+0000] {processor.py:183} INFO - Processing /opt/airflow/dags/json_dag.py took 0.597 seconds
[2026-09-17T09:53:20.518+0000] {processor.py:161} INFO - Started process (PID=734) to work on /opt/airflow/dags/json_dag.py
[2026-09-17T09:53:20.519+0000] {processor.py:830} INFO - Processing file /opt/airflow/dags/json_dag.py for tasks to queue
[2026-09-17T09:53:20.522+0000] {logging_mixin.py:188} INFO - [2026-09-17T09:53:20.522+0000] {dagbag.py:545} INFO - Filling up the DagBag from /opt/airflow/dags/json_dag.py
[2026-09-17T09:53:20.948+0000] {processor.py:840} INFO - DAG(s) 'json_dag' retrieved from /opt/airflow/dags/json_dag.py
[2026-09-17T09:53:20.969+0000] {logging_mixin.py:188} INFO - [2026-09-17T09:53:20.969+0000] {dag.py:3096} INFO - Sync 1 DAGs
[2026-09-17T09:53:20.991+0000] {logging_mixin.py:188} INFO - [2026-09-17T09:53:20.991+0000] {dag.py:3954} INFO - Setting next_dagrun for json_dag to 2026-09-17 08:59:00+00:00, run_after=2026-09-18 08:00:00+00:00
[2026-09-17T09:53:21.011+0000] {processor.py:183} INFO - Processing /opt/airflow/dags/json_dag.py took 0.500 seconds
[2026-09-17T09:53:51.897+0000] {processor.py:161} INFO - Started process (PID=743) to work on /opt/airflow/dags/json_dag.py
[2026-09-17T09:53:51.898+0000] {processor.py:830} INFO - Processing file /opt/airflow/dags/json_dag.py for tasks to queue
[2026-09-17T09:53:51.899+0000] {logging_mixin.py:188} INFO - [2026-09-17T09:53:51.899+0000] {dagbag.py:545} INFO - Filling up the DagBag from /opt/airflow/dags/json_dag.py
[2026-09-17T09:53:52.302+0000] {processor.py:840} INFO - DAG(s) 'json_dag' retrieved from /opt/airflow/dags/json_dag.py
[2026-09-17T09:53:52.326+0000] {logging_mixin.py:188} INFO - [2026-09-17T09:53:52.326+0000] {dag.py:3096} INFO - Sync 1 DAGs
[2026-09-17T09:53:52.346+0000] {logging_mixin.py:188} INFO - [2026-09-17T09:53:52.346+0000] {dag.py:3954} INFO - Setting next_dagrun for json_dag to 2026-09-17 08:59:00+00:00, run_after=2026-09-18 08:00:00+00:00
[2026-09-17T09:53:52.367+0000] {processor.py:183} INFO - Processing /opt/airflow/dags/json_dag.py took 0.477 seconds
[2026-09-17T09:54:23.297+0000] {processor.py:161} INFO - Started process (PID=752) to work on /opt/airflow/dags/json_dag.py
[2026-09-17T09:54:23.299+0000] {processor.py:830} INFO - Processing file /opt/airflow/dags/json_dag.py for tasks to queue
[2026-09-17T09:54:23.301+0000] {logging_mixin.py:188} INFO - [2026-09-17T09:54:23.301+0000] {dagbag.py:545} INFO - Filling up the DagBag from /opt/airflow/dags/json_dag.py
[2026-09-17T09:54:23.680+0000] {processor.py:840} INFO - DAG(s) 'json_dag' retrieved from /opt/airflow/dags/json_dag.py
[2026-09-17T09:54:23.700+0000] {logging_mixin.py:188} INFO - [2026-09-17T09:54:23.700+0000] {dag.py:3096} INFO - Sync 1 DAGs
[2026-09-17T09:54:23.719+0000] {logging_mixin.py:188} INFO - [2026-09-17T09:54:23.718+0000] {dag.py:3954} INFO - Setting next_dagrun for json_dag to 2026-09-17 08:59:00+00:00, run_after=2026-09-18 08:00:00+00:00
[2026-09-17T09:54:23.741+0000] {processor.py:183} INFO - Processing /opt/airflow/dags/json_dag.py took 0.454 seconds
[2026-09-17T09:54:54.621+0000] {processor.py:161} INFO - Started process (PID=761) to work on /opt/airflow/dags/json_dag.py
[2026-09-17T09:54:54.622+0000] {processor.py:830} INFO - Processing file /opt/airflow/dags/json_dag.py for tasks to queue
[2026-09-17T09:54:54.624+0000] {logging_mixin.py:188} INFO - [2026-09-17T09:54:54.623+0000] {dagbag.py:545} INFO - Filling up the DagBag from /opt/airflow/dags/json_dag.py
[2026-09-17T09:54:55.000+0000] {processor.py:840} INFO - DAG(s) 'json_dag' retrieved from /opt/airflow/dags/json_dag.py
[2026-09-17T09:54:55.021+0000] {logging_mixin.py:188} INFO - [2026-09-17T09:54:55.020+0000] {dag.py:3096} INFO - Sync 1 DAGs
[2026-09-17T09:54:55.039+0000] {logging_mixin.py:188} INFO - [2026-09-17T09:54:55.039+0000] {dag.py:3954} INFO - Setting next_dagrun for json_dag to 2026-09-17 08:59:00+00:00, run_after=2026-09-18 08:00:00+00:00
[2026-09-17T09:54:55.061+0000] {processor.py:183} INFO - Processing /opt/airflow/dags/json_dag.py took 0.446 seconds
[2026-09-17T09:55:26.038+0000] {processor.py:161} INFO - Started process (PID=770) to work on /opt/airflow/dags/json_dag.py
[2026-09-17T09:55:26.039+0000] {processor.py:830} INFO - Processing file /opt/airflow/dags/json_dag.py for tasks to queue
[2026-09-17T09:55:26.041+0000] {logging_mixin.py:188} INFO - [2026-09-17T09:55:26.041+0000] {dagbag.py:545} INFO - Filling up the DagBag from /opt/airflow/dags/json_dag.py
[2026-09-17T09:55:26.404+0000] {processor.py:840} INFO - DAG(s) 'json_dag' retrieved from /opt/airflow/dags/json_dag.py
[2026-09-17T09:55:26.424+0000] {logging_mixin.py:188} INFO - [2026-09-17T09:55:26.423+0000] {dag.py:3096} INFO - Sync 1 DAGs
[2026-09-17T09:55:26.444+0000] {logging_mixin.py:188} INFO - [2026-09-17T09:55:26.444+0000] {dag.py:3954} INFO - Setting next_dagrun for json_dag to 2026-09-17 08:59:00+00:00, run_after=2026-09-18 08:00:00+00:00
[2026-09-17T09:55:26.465+0000] {processor.py:183} INFO - Processing /opt/airflow/dags/json_dag.py took 0.433 seconds
[2026-09-17T09:55:57.404+0000] {processor.py:161} INFO - Started process (PID=779) to work on /opt/airflow/dags/json_dag.py
[2026-09-17T09:55:57.405+0000] {processor.py:830} INFO - Processing file /opt/airflow/dags/json_dag.py for tasks to queue
[2026-09-17T09:55:57.407+0000] {logging_mixin.py:188} INFO - [2026-09-17T09:55:57.407+0000] {dagbag.py:545} INFO - Filling up the DagBag from /opt/airflow/dags/json_dag.py
[2026-09-17T09:55:57.812+0000] {processor.py:840} INFO - DAG(s) 'json_dag' retrieved from /opt/airflow/dags/json_dag.py
[2026-09-17T09:55:57.832+0000] {logging_mixin.py:188} INFO - [2026-09-17T09:55:57.832+0000] {dag.py:3096} INFO - Sync 1 DAGs
[2026-09-17T09:55:57.854+0000] {logging_mixin.py:188} INFO - [2026-09-17T09:55:57.854+0000] {dag.py:3954} INFO - Setting next_dagrun for json_dag to 2026-09-17 08:59:00+00:00, run_after=2026-09-18 08:00:00+00:00
[2026-09-17T09:55:57.875+0000] {processor.py:183} INFO - Processing /opt/airflow/dags/json_dag.py took 0.478 seconds
[2026-09-17T09:56:28.768+0000] {processor.py:161} INFO - Started process (PID=788) to work on /opt/airflow/dags/json_dag.py
[2026-09-17T09:56:28.769+0000] {processor.py:830} INFO - Processing file /opt/airflow/dags/json_dag.py for tasks to queue
[2026-09-17T09:56:28.771+0000] {logging_mixin.py:188} INFO - [2026-09-17T09:56:28.771+0000] {dagbag.py:545} INFO - Filling up the DagBag from /opt/airflow/dags/json_dag.py
[2026-09-17T09:56:29.131+0000] {processor.py:840} INFO - DAG(s) 'json_dag' retrieved from /opt/airflow/dags/json_dag.py
[2026-09-17T09:56:29.152+0000] {logging_mixin.py:188} INFO - [2026-09-17T09:56:29.151+0000] {dag.py:3096} INFO - Sync 1 DAGs
[2026-09-17T09:56:29.173+0000] {logging_mixin.py:188} INFO - [2026-09-17T09:56:29.173+0000] {dag.py:3954} INFO - Setting next_dagrun for json_dag to 2026-09-17 08:59:00+00:00, run_after=2026-09-18 08:00:00+00:00
[2026-09-17T09:56:29.194+0000] {processor.py:183} INFO - Processing /opt/airflow/dags/json_dag.py took 0.432 seconds
[2026-09-17T09:57:00.168+0000] {processor.py:161} INFO - Started process (PID=798) to work on /opt/airflow/dags/json_dag.py
[2026-09-17T09:57:00.169+0000] {processor.py:830} INFO - Processing file /opt/airflow/dags/json_dag.py for tasks to queue
[2026-09-17T09:57:00.173+0000] {logging_mixin.py:188} INFO - [2026-09-17T09:57:00.172+0000] {dagbag.py:545} INFO - Filling up the DagBag from /opt/airflow/dags/json_dag.py
[2026-09-17T09:57:00.562+0000] {processor.py:840} INFO - DAG(s) 'json_dag' retrieved from /opt/airflow/dags/json_dag.py
[2026-09-17T09:57:00.583+0000] {logging_mixin.py:188} INFO - [2026-09-17T09:57:00.582+0000] {dag.py:3096} INFO - Sync 1 DAGs
[2026-09-17T09:57:00.602+0000] {logging_mixin.py:188} INFO - [2026-09-17T09:57:00.602+0000] {dag.py:3954} INFO - Setting next_dagrun for json_dag to 2026-09-17 08:59:00+00:00, run_after=2026-09-18 08:00:00+00:00
[2026-09-17T09:57:00.624+0000] {processor.py:183} INFO - Processing /opt/airflow/dags/json_dag.py took 0.465 seconds
[2026-09-17T09:57:30.683+0000] {processor.py:161} INFO - Started process (PID=807) to work on /opt/airflow/dags/json_dag.py
[2026-09-17T09:57:30.684+0000] {processor.py:830} INFO - Processing file /opt/airflow/dags/json_dag.py for tasks to queue
[2026-09-17T09:57:30.686+0000] {logging_mixin.py:188} INFO - [2026-09-17T09:57:30.686+0000] {dagbag.py:545} INFO - Filling up the DagBag from /opt/airflow/dags/json_dag.py
[2026-09-17T09:57:31.048+0000] {processor.py:840} INFO - DAG(s) 'json_dag' retrieved from /opt/airflow/dags/json_dag.py
[2026-09-17T09:57:31.071+0000] {logging_mixin.py:188} INFO - [2026-09-17T09:57:31.070+0000] {dag.py:3096} INFO - Sync 1 DAGs
[2026-09-17T09:57:31.098+0000] {logging_mixin.py:188} INFO - [2026-09-17T09:57:31.098+0000] {dag.py:3954} INFO - Setting next_dagrun for json_dag to 2026-09-17 08:59:00+00:00, run_after=2026-09-18 08:00:00+00:00
[2026-09-17T09:57:31.119+0000] {processor.py:183} INFO - Processing /opt/airflow/dags/json_dag.py took 0.442 seconds
[2026-09-17T09:58:02.004+0000] {processor.py:161} INFO - Started process (PID=816) to work on /opt/airflow/dags/json_dag.py
[2026-09-17T09:58:02.006+0000] {processor.py:830} INFO - Processing file /opt/airflow/dags/json_dag.py for tasks to queue
[2026-09-17T09:58:02.007+0000] {logging_mixin.py:188} INFO - [2026-09-17T09:58:02.007+0000] {dagbag.py:545} INFO - Filling up the DagBag from /opt/airflow/dags/json_dag.py
[2026-09-17T09:58:02.391+0000] {processor.py:840} INFO - DAG(s) 'json_dag' retrieved from /opt/airflow/dags/json_dag.py
[2026-09-17T09:58:02.412+0000] {logging_mixin.py:188} INFO - [2026-09-17T09:58:02.412+0000] {dag.py:3096} INFO - Sync 1 DAGs
[2026-09-17T09:58:02.431+0000] {logging_mixin.py:188} INFO - [2026-09-17T09:58:02.431+0000] {dag.py:3954} INFO - Setting next_dagrun for json_dag to 2026-09-17 08:59:00+00:00, run_after=2026-09-18 08:00:00+00:00
[2026-09-17T09:58:02.453+0000] {processor.py:183} INFO - Processing /opt/airflow/dags/json_dag.py took 0.455 seconds
[2026-09-17T09:58:32.533+0000] {processor.py:161} INFO - Started process (PID=825) to work on /opt/airflow/dags/json_dag.py
[2026-09-17T09:58:32.535+0000] {processor.py:830} INFO - Processing file /opt/airflow/dags/json_dag.py for tasks to queue
[2026-09-17T09:58:32.536+0000] {logging_mixin.py:188} INFO - [2026-09-17T09:58:32.536+0000] {dagbag.py:545} INFO - Filling up the DagBag from /opt/airflow/dags/json_dag.py
[2026-09-17T09:58:32.945+0000] {processor.py:840} INFO - DAG(s) 'json_dag' retrieved from /opt/airflow/dags/json_dag.py
[2026-09-17T09:58:32.966+0000] {logging_mixin.py:188} INFO - [2026-09-17T09:58:32.966+0000] {dag.py:3096} INFO - Sync 1 DAGs
[2026-09-17T09:58:32.988+0000] {logging_mixin.py:188} INFO - [2026-09-17T09:58:32.988+0000] {dag.py:3954} INFO - Setting next_dagrun for json_dag to 2026-09-17 08:59:00+00:00, run_after=2026-09-18 08:00:00+00:00
[2026-09-17T09:58:33.010+0000] {processor.py:183} INFO - Processing /opt/airflow/dags/json_dag.py took 0.483 seconds
[2026-09-17T09:59:03.841+0000] {processor.py:161} INFO - Started process (PID=834) to work on /opt/airflow/dags/json_dag.py
[2026-09-17T09:59:03.842+0000] {processor.py:830} INFO - Processing file /opt/airflow/dags/json_dag.py for tasks to queue
[2026-09-17T09:59:03.845+0000] {logging_mixin.py:188} INFO - [2026-09-17T09:59:03.845+0000] {dagbag.py:545} INFO - Filling up the DagBag from /opt/airflow/dags/json_dag.py
[2026-09-17T09:59:04.204+0000] {processor.py:840} INFO - DAG(s) 'json_dag' retrieved from /opt/airflow/dags/json_dag.py
[2026-09-17T09:59:04.222+0000] {logging_mixin.py:188} INFO - [2026-09-17T09:59:04.221+0000] {dag.py:3096} INFO - Sync 1 DAGs
[2026-09-17T09:59:04.241+0000] {logging_mixin.py:188} INFO - [2026-09-17T09:59:04.241+0000] {dag.py:3954} INFO - Setting next_dagrun for json_dag to 2026-09-17 08:59:00+00:00, run_after=2026-09-18 08:00:00+00:00
[2026-09-17T09:59:04.262+0000] {processor.py:183} INFO - Processing /opt/airflow/dags/json_dag.py took 0.427 seconds
[2026-09-17T09:59:34.336+0000] {processor.py:161} INFO - Started process (PID=843) to work on /opt/airflow/dags/json_dag.py
[2026-09-17T09:59:34.338+0000] {processor.py:830} INFO - Processing file /opt/airflow/dags/json_dag.py for tasks to queue
[2026-09-17T09:59:34.342+0000] {logging_mixin.py:188} INFO - [2026-09-17T09:59:34.341+0000] {dagbag.py:545} INFO - Filling up the DagBag from /opt/airflow/dags/json_dag.py
[2026-09-17T09:59:34.857+0000] {processor.py:840} INFO - DAG(s) 'json_dag' retrieved from /opt/airflow/dags/json_dag.py
[2026-09-17T09:59:34.883+0000] {logging_mixin.py:188} INFO - [2026-09-17T09:59:34.883+0000] {dag.py:3096} INFO - Sync 1 DAGs
[2026-09-17T09:59:34.910+0000] {logging_mixin.py:188} INFO - [2026-09-17T09:59:34.910+0000] {dag.py:3954} INFO - Setting next_dagrun for json_dag to 2026-09-17 08:59:00+00:00, run_after=2026-09-18 08:00:00+00:00
[2026-09-17T09:59:34.935+0000] {processor.py:183} INFO - Processing /opt/airflow/dags/json_dag.py took 0.609 seconds
[2026-09-17T10:00:05.635+0000] {processor.py:161} INFO - Started process (PID=858) to work on /opt/airflow/dags/json_dag.py
[2026-09-17T10:00:05.637+0000] {processor.py:830} INFO - Processing file /opt/airflow/dags/json_dag.py for tasks to queue
[2026-09-17T10:00:05.639+0000] {logging_mixin.py:188} INFO - [2026-09-17T10:00:05.639+0000] {dagbag.py:545} INFO - Filling up the DagBag from /opt/airflow/dags/json_dag.py
[2026-09-17T10:00:06.170+0000] {processor.py:840} INFO - DAG(s) 'json_dag' retrieved from /opt/airflow/dags/json_dag.py
[2026-09-17T10:00:06.197+0000] {logging_mixin.py:188} INFO - [2026-09-17T10:00:06.197+0000] {dag.py:3096} INFO - Sync 1 DAGs
[2026-09-17T10:00:06.221+0000] {logging_mixin.py:188} INFO - [2026-09-17T10:00:06.220+0000] {dag.py:3954} INFO - Setting next_dagrun for json_dag to 2026-09-17 08:59:00+00:00, run_after=2026-09-18 08:00:00+00:00
[2026-09-17T10:00:06.245+0000] {processor.py:183} INFO - Processing /opt/airflow/dags/json_dag.py took 0.617 seconds
[2026-09-17T10:00:37.009+0000] {processor.py:161} INFO - Started process (PID=867) to work on /opt/airflow/dags/json_dag.py
[2026-09-17T10:00:37.011+0000] {processor.py:830} INFO - Processing file /opt/airflow/dags/json_dag.py for tasks to queue
[2026-09-17T10:00:37.013+0000] {logging_mixin.py:188} INFO - [2026-09-17T10:00:37.013+0000] {dagbag.py:545} INFO - Filling up the DagBag from /opt/airflow/dags/json_dag.py
[2026-09-17T10:00:37.448+0000] {processor.py:840} INFO - DAG(s) 'json_dag' retrieved from /opt/airflow/dags/json_dag.py
[2026-09-17T10:00:37.482+0000] {logging_mixin.py:188} INFO - [2026-09-17T10:00:37.481+0000] {dag.py:3096} INFO - Sync 1 DAGs
[2026-09-17T10:00:37.516+0000] {logging_mixin.py:188} INFO - [2026-09-17T10:00:37.516+0000] {dag.py:3954} INFO - Setting next_dagrun for json_dag to 2026-09-17 08:59:00+00:00, run_after=2026-09-18 08:00:00+00:00
[2026-09-17T10:00:37.546+0000] {processor.py:183} INFO - Processing /opt/airflow/dags/json_dag.py took 0.545 seconds
[2026-09-17T10:01:07.643+0000] {processor.py:161} INFO - Started process (PID=876) to work on /opt/airflow/dags/json_dag.py
[2026-09-17T10:01:07.645+0000] {processor.py:830} INFO - Processing file /opt/airflow/dags/json_dag.py for tasks to queue
[2026-09-17T10:01:07.646+0000] {logging_mixin.py:188} INFO - [2026-09-17T10:01:07.646+0000] {dagbag.py:545} INFO - Filling up the DagBag from /opt/airflow/dags/json_dag.py
[2026-09-17T10:01:08.005+0000] {processor.py:840} INFO - DAG(s) 'json_dag' retrieved from /opt/airflow/dags/json_dag.py
[2026-09-17T10:01:08.029+0000] {logging_mixin.py:188} INFO - [2026-09-17T10:01:08.029+0000] {dag.py:3096} INFO - Sync 1 DAGs
[2026-09-17T10:01:08.050+0000] {logging_mixin.py:188} INFO - [2026-09-17T10:01:08.050+0000] {dag.py:3954} INFO - Setting next_dagrun for json_dag to 2026-09-17 08:59:00+00:00, run_after=2026-09-18 08:00:00+00:00
[2026-09-17T10:01:08.076+0000] {processor.py:183} INFO - Processing /opt/airflow/dags/json_dag.py took 0.438 seconds
[2026-09-17T10:01:38.957+0000] {processor.py:161} INFO - Started process (PID=885) to work on /opt/airflow/dags/json_dag.py
[2026-09-17T10:01:38.959+0000] {processor.py:830} INFO - Processing file /opt/airflow/dags/json_dag.py for tasks to queue
[2026-09-17T10:01:38.962+0000] {logging_mixin.py:188} INFO - [2026-09-17T10:01:38.962+0000] {dagbag.py:545} INFO - Filling up the DagBag from /opt/airflow/dags/json_dag.py
[2026-09-17T10:01:39.346+0000] {processor.py:840} INFO - DAG(s) 'json_dag' retrieved from /opt/airflow/dags/json_dag.py
[2026-09-17T10:01:39.365+0000] {logging_mixin.py:188} INFO - [2026-09-17T10:01:39.365+0000] {dag.py:3096} INFO - Sync 1 DAGs
[2026-09-17T10:01:39.385+0000] {logging_mixin.py:188} INFO - [2026-09-17T10:01:39.385+0000] {dag.py:3954} INFO - Setting next_dagrun for json_dag to 2026-09-17 08:59:00+00:00, run_after=2026-09-18 08:00:00+00:00
[2026-09-17T10:01:39.406+0000] {processor.py:183} INFO - Processing /opt/airflow/dags/json_dag.py took 0.456 seconds
[2026-09-17T10:02:10.333+0000] {processor.py:161} INFO - Started process (PID=894) to work on /opt/airflow/dags/json_dag.py
[2026-09-17T10:02:10.334+0000] {processor.py:830} INFO - Processing file /opt/airflow/dags/json_dag.py for tasks to queue
[2026-09-17T10:02:10.336+0000] {logging_mixin.py:188} INFO - [2026-09-17T10:02:10.336+0000] {dagbag.py:545} INFO - Filling up the DagBag from /opt/airflow/dags/json_dag.py
[2026-09-17T10:02:10.717+0000] {processor.py:840} INFO - DAG(s) 'json_dag' retrieved from /opt/airflow/dags/json_dag.py
[2026-09-17T10:02:10.738+0000] {logging_mixin.py:188} INFO - [2026-09-17T10:02:10.738+0000] {dag.py:3096} INFO - Sync 1 DAGs
[2026-09-17T10:02:10.762+0000] {logging_mixin.py:188} INFO - [2026-09-17T10:02:10.762+0000] {dag.py:3954} INFO - Setting next_dagrun for json_dag to 2026-09-17 08:59:00+00:00, run_after=2026-09-18 08:00:00+00:00
[2026-09-17T10:02:10.781+0000] {processor.py:183} INFO - Processing /opt/airflow/dags/json_dag.py took 0.454 seconds
[2026-09-17T10:02:41.703+0000] {processor.py:161} INFO - Started process (PID=903) to work on /opt/airflow/dags/json_dag.py
[2026-09-17T10:02:41.704+0000] {processor.py:830} INFO - Processing file /opt/airflow/dags/json_dag.py for tasks to queue
[2026-09-17T10:02:41.706+0000] {logging_mixin.py:188} INFO - [2026-09-17T10:02:41.706+0000] {dagbag.py:545} INFO - Filling up the DagBag from /opt/airflow/dags/json_dag.py
[2026-09-17T10:02:42.155+0000] {processor.py:840} INFO - DAG(s) 'json_dag' retrieved from /opt/airflow/dags/json_dag.py
[2026-09-17T10:02:42.180+0000] {logging_mixin.py:188} INFO - [2026-09-17T10:02:42.179+0000] {dag.py:3096} INFO - Sync 1 DAGs
[2026-09-17T10:02:42.203+0000] {logging_mixin.py:188} INFO - [2026-09-17T10:02:42.202+0000] {dag.py:3954} INFO - Setting next_dagrun for json_dag to 2026-09-17 08:59:00+00:00, run_after=2026-09-18 08:00:00+00:00
[2026-09-17T10:02:42.228+0000] {processor.py:183} INFO - Processing /opt/airflow/dags/json_dag.py took 0.531 seconds
[2026-09-17T10:03:13.130+0000] {processor.py:161} INFO - Started process (PID=912) to work on /opt/airflow/dags/json_dag.py
[2026-09-17T10:03:13.131+0000] {processor.py:830} INFO - Processing file /opt/airflow/dags/json_dag.py for tasks to queue
[2026-09-17T10:03:13.133+0000] {logging_mixin.py:188} INFO - [2026-09-17T10:03:13.133+0000] {dagbag.py:545} INFO - Filling up the DagBag from /opt/airflow/dags/json_dag.py
[2026-09-17T10:03:13.498+0000] {processor.py:840} INFO - DAG(s) 'json_dag' retrieved from /opt/airflow/dags/json_dag.py
[2026-09-17T10:03:13.549+0000] {logging_mixin.py:188} INFO - [2026-09-17T10:03:13.548+0000] {dag.py:3096} INFO - Sync 1 DAGs
[2026-09-17T10:03:13.610+0000] {logging_mixin.py:188} INFO - [2026-09-17T10:03:13.609+0000] {dag.py:3954} INFO - Setting next_dagrun for json_dag to 2026-09-17 08:59:00+00:00, run_after=2026-09-18 08:00:00+00:00
[2026-09-17T10:03:13.652+0000] {processor.py:183} INFO - Processing /opt/airflow/dags/json_dag.py took 0.528 seconds
[2026-09-17T10:03:44.528+0000] {processor.py:161} INFO - Started process (PID=921) to work on /opt/airflow/dags/json_dag.py
[2026-09-17T10:03:44.529+0000] {processor.py:830} INFO - Processing file /opt/airflow/dags/json_dag.py for tasks to queue
[2026-09-17T10:03:44.532+0000] {logging_mixin.py:188} INFO - [2026-09-17T10:03:44.532+0000] {dagbag.py:545} INFO - Filling up the DagBag from /opt/airflow/dags/json_dag.py
[2026-09-17T10:03:44.941+0000] {processor.py:840} INFO - DAG(s) 'json_dag' retrieved from /opt/airflow/dags/json_dag.py
[2026-09-17T10:03:44.965+0000] {logging_mixin.py:188} INFO - [2026-09-17T10:03:44.965+0000] {dag.py:3096} INFO - Sync 1 DAGs
[2026-09-17T10:03:44.988+0000] {logging_mixin.py:188} INFO - [2026-09-17T10:03:44.988+0000] {dag.py:3954} INFO - Setting next_dagrun for json_dag to 2026-09-17 08:59:00+00:00, run_after=2026-09-18 08:00:00+00:00
[2026-09-17T10:03:45.010+0000] {processor.py:183} INFO - Processing /opt/airflow/dags/json_dag.py took 0.489 seconds
[2026-09-17T10:04:15.941+0000] {processor.py:161} INFO - Started process (PID=930) to work on /opt/airflow/dags/json_dag.py
[2026-09-17T10:04:15.942+0000] {processor.py:830} INFO - Processing file /opt/airflow/dags/json_dag.py for tasks to queue
[2026-09-17T10:04:15.945+0000] {logging_mixin.py:188} INFO - [2026-09-17T10:04:15.944+0000] {dagbag.py:545} INFO - Filling up the DagBag from /opt/airflow/dags/json_dag.py
[2026-09-17T10:04:16.349+0000] {processor.py:840} INFO - DAG(s) 'json_dag' retrieved from /opt/airflow/dags/json_dag.py
[2026-09-17T10:04:16.368+0000] {logging_mixin.py:188} INFO - [2026-09-17T10:04:16.368+0000] {dag.py:3096} INFO - Sync 1 DAGs
[2026-09-17T10:04:16.388+0000] {logging_mixin.py:188} INFO - [2026-09-17T10:04:16.388+0000] {dag.py:3954} INFO - Setting next_dagrun for json_dag to 2026-09-17 08:59:00+00:00, run_after=2026-09-18 08:00:00+00:00
[2026-09-17T10:04:16.421+0000] {processor.py:183} INFO - Processing /opt/airflow/dags/json_dag.py took 0.487 seconds
[2026-09-17T10:04:47.347+0000] {processor.py:161} INFO - Started process (PID=939) to work on /opt/airflow/dags/json_dag.py
[2026-09-17T10:04:47.349+0000] {processor.py:830} INFO - Processing file /opt/airflow/dags/json_dag.py for tasks to queue
[2026-09-17T10:04:47.351+0000] {logging_mixin.py:188} INFO - [2026-09-17T10:04:47.350+0000] {dagbag.py:545} INFO - Filling up the DagBag from /opt/airflow/dags/json_dag.py
[2026-09-17T10:04:47.714+0000] {processor.py:840} INFO - DAG(s) 'json_dag' retrieved from /opt/airflow/dags/json_dag.py
[2026-09-17T10:04:47.737+0000] {logging_mixin.py:188} INFO - [2026-09-17T10:04:47.737+0000] {dag.py:3096} INFO - Sync 1 DAGs
[2026-09-17T10:04:47.761+0000] {logging_mixin.py:188} INFO - [2026-09-17T10:04:47.760+0000] {dag.py:3954} INFO - Setting next_dagrun for json_dag to 2026-09-17 08:59:00+00:00, run_after=2026-09-18 08:00:00+00:00
[2026-09-17T10:04:47.784+0000] {processor.py:183} INFO - Processing /opt/airflow/dags/json_dag.py took 0.444 seconds
[2026-09-17T10:05:17.888+0000] {processor.py:161} INFO - Started process (PID=948) to work on /opt/airflow/dags/json_dag.py
[2026-09-17T10:05:17.890+0000] {processor.py:830} INFO - Processing file /opt/airflow/dags/json_dag.py for tasks to queue
[2026-09-17T10:05:17.891+0000] {logging_mixin.py:188} INFO - [2026-09-17T10:05:17.891+0000] {dagbag.py:545} INFO - Filling up the DagBag from /opt/airflow/dags/json_dag.py
[2026-09-17T10:05:18.257+0000] {processor.py:840} INFO - DAG(s) 'json_dag' retrieved from /opt/airflow/dags/json_dag.py
[2026-09-17T10:05:18.278+0000] {logging_mixin.py:188} INFO - [2026-09-17T10:05:18.278+0000] {dag.py:3096} INFO - Sync 1 DAGs
[2026-09-17T10:05:18.298+0000] {logging_mixin.py:188} INFO - [2026-09-17T10:05:18.298+0000] {dag.py:3954} INFO - Setting next_dagrun for json_dag to 2026-09-17 08:59:00+00:00, run_after=2026-09-18 08:00:00+00:00
[2026-09-17T10:05:18.318+0000] {processor.py:183} INFO - Processing /opt/airflow/dags/json_dag.py took 0.436 seconds
[2026-09-17T10:05:49.228+0000] {processor.py:161} INFO - Started process (PID=957) to work on /opt/airflow/dags/json_dag.py
[2026-09-17T10:05:49.229+0000] {processor.py:830} INFO - Processing file /opt/airflow/dags/json_dag.py for tasks to queue
[2026-09-17T10:05:49.231+0000] {logging_mixin.py:188} INFO - [2026-09-17T10:05:49.231+0000] {dagbag.py:545} INFO - Filling up the DagBag from /opt/airflow/dags/json_dag.py
[2026-09-17T10:05:49.615+0000] {processor.py:840} INFO - DAG(s) 'json_dag' retrieved from /opt/airflow/dags/json_dag.py
[2026-09-17T10:05:49.635+0000] {logging_mixin.py:188} INFO - [2026-09-17T10:05:49.634+0000] {dag.py:3096} INFO - Sync 1 DAGs
[2026-09-17T10:05:49.654+0000] {logging_mixin.py:188} INFO - [2026-09-17T10:05:49.653+0000] {dag.py:3954} INFO - Setting next_dagrun for json_dag to 2026-09-17 08:59:00+00:00, run_after=2026-09-18 08:00:00+00:00
[2026-09-17T10:05:49.674+0000] {processor.py:183} INFO - Processing /opt/airflow/dags/json_dag.py took 0.452 seconds
[2026-09-17T10:06:20.615+0000] {processor.py:161} INFO - Started process (PID=966) to work on /opt/airflow/dags/json_dag.py
[2026-09-17T10:06:20.616+0000] {processor.py:830} INFO - Processing file /opt/airflow/dags/json_dag.py for tasks to queue
[2026-09-17T10:06:20.619+0000] {logging_mixin.py:188} INFO - [2026-09-17T10:06:20.618+0000] {dagbag.py:545} INFO - Filling up the DagBag from /opt/airflow/dags/json_dag.py
[2026-09-17T10:06:20.983+0000] {processor.py:840} INFO - DAG(s) 'json_dag' retrieved from /opt/airflow/dags/json_dag.py
[2026-09-17T10:06:21.011+0000] {logging_mixin.py:188} INFO - [2026-09-17T10:06:21.010+0000] {dag.py:3096} INFO - Sync 1 DAGs
[2026-09-17T10:06:21.033+0000] {logging_mixin.py:188} INFO - [2026-09-17T10:06:21.033+0000] {dag.py:3954} INFO - Setting next_dagrun for json_dag to 2026-09-17 08:59:00+00:00, run_after=2026-09-18 08:00:00+00:00
[2026-09-17T10:06:21.056+0000] {processor.py:183} INFO - Processing /opt/airflow/dags/json_dag.py took 0.448 seconds
[2026-09-17T10:06:51.111+0000] {processor.py:161} INFO - Started process (PID=975) to work on /opt/airflow/dags/json_dag.py
[2026-09-17T10:06:51.113+0000] {processor.py:830} INFO - Processing file /opt/airflow/dags/json_dag.py for tasks to queue
[2026-09-17T10:06:51.114+0000] {logging_mixin.py:188} INFO - [2026-09-17T10:06:51.114+0000] {dagbag.py:545} INFO - Filling up the DagBag from /opt/airflow/dags/json_dag.py
[2026-09-17T10:06:51.498+0000] {processor.py:840} INFO - DAG(s) 'json_dag' retrieved from /opt/airflow/dags/json_dag.py
[2026-09-17T10:06:51.519+0000] {logging_mixin.py:188} INFO - [2026-09-17T10:06:51.519+0000] {dag.py:3096} INFO - Sync 1 DAGs
[2026-09-17T10:06:51.540+0000] {logging_mixin.py:188} INFO - [2026-09-17T10:06:51.539+0000] {dag.py:3954} INFO - Setting next_dagrun for json_dag to 2026-09-17 08:59:00+00:00, run_after=2026-09-18 08:00:00+00:00
[2026-09-17T10:06:51.562+0000] {processor.py:183} INFO - Processing /opt/airflow/dags/json_dag.py took 0.456 seconds
[2026-09-17T10:07:22.413+0000] {processor.py:161} INFO - Started process (PID=984) to work on /opt/airflow/dags/json_dag.py
[2026-09-17T10:07:22.414+0000] {processor.py:830} INFO - Processing file /opt/airflow/dags/json_dag.py for tasks to queue
[2026-09-17T10:07:22.417+0000] {logging_mixin.py:188} INFO - [2026-09-17T10:07:22.417+0000] {dagbag.py:545} INFO - Filling up the DagBag from /opt/airflow/dags/json_dag.py
[2026-09-17T10:07:22.836+0000] {processor.py:840} INFO - DAG(s) 'json_dag' retrieved from /opt/airflow/dags/json_dag.py
[2026-09-17T10:07:22.856+0000] {logging_mixin.py:188} INFO - [2026-09-17T10:07:22.856+0000] {dag.py:3096} INFO - Sync 1 DAGs
[2026-09-17T10:07:22.876+0000] {logging_mixin.py:188} INFO - [2026-09-17T10:07:22.876+0000] {dag.py:3954} INFO - Setting next_dagrun for json_dag to 2026-09-17 08:59:00+00:00, run_after=2026-09-18 08:00:00+00:00
[2026-09-17T10:07:22.897+0000] {processor.py:183} INFO - Processing /opt/airflow/dags/json_dag.py took 0.492 seconds
[2026-09-17T10:07:53.004+0000] {processor.py:161} INFO - Started process (PID=993) to work on /opt/airflow/dags/json_dag.py
[2026-09-17T10:07:53.005+0000] {processor.py:830} INFO - Processing file /opt/airflow/dags/json_dag.py for tasks to queue
[2026-09-17T10:07:53.007+0000] {logging_mixin.py:188} INFO - [2026-09-17T10:07:53.007+0000] {dagbag.py:545} INFO - Filling up the DagBag from /opt/airflow/dags/json_dag.py
[2026-09-17T10:07:53.376+0000] {processor.py:840} INFO - DAG(s) 'json_dag' retrieved from /opt/airflow/dags/json_dag.py
[2026-09-17T10:07:53.401+0000] {logging_mixin.py:188} INFO - [2026-09-17T10:07:53.401+0000] {dag.py:3096} INFO - Sync 1 DAGs
[2026-09-17T10:07:53.421+0000] {logging_mixin.py:188} INFO - [2026-09-17T10:07:53.421+0000] {dag.py:3954} INFO - Setting next_dagrun for json_dag to 2026-09-17 08:59:00+00:00, run_after=2026-09-18 08:00:00+00:00
[2026-09-17T10:07:53.442+0000] {processor.py:183} INFO - Processing /opt/airflow/dags/json_dag.py took 0.445 seconds
[2026-09-17T10:08:24.298+0000] {processor.py:161} INFO - Started process (PID=1002) to work on /opt/airflow/dags/json_dag.py
[2026-09-17T10:08:24.300+0000] {processor.py:830} INFO - Processing file /opt/airflow/dags/json_dag.py for tasks to queue
[2026-09-17T10:08:24.302+0000] {logging_mixin.py:188} INFO - [2026-09-17T10:08:24.302+0000] {dagbag.py:545} INFO - Filling up the DagBag from /opt/airflow/dags/json_dag.py
[2026-09-17T10:08:24.672+0000] {processor.py:840} INFO - DAG(s) 'json_dag' retrieved from /opt/airflow/dags/json_dag.py
[2026-09-17T10:08:24.691+0000] {logging_mixin.py:188} INFO - [2026-09-17T10:08:24.691+0000] {dag.py:3096} INFO - Sync 1 DAGs
[2026-09-17T10:08:24.711+0000] {logging_mixin.py:188} INFO - [2026-09-17T10:08:24.710+0000] {dag.py:3954} INFO - Setting next_dagrun for json_dag to 2026-09-17 08:59:00+00:00, run_after=2026-09-18 08:00:00+00:00
[2026-09-17T10:08:24.731+0000] {processor.py:183} INFO - Processing /opt/airflow/dags/json_dag.py took 0.440 seconds
[2026-09-17T10:08:54.805+0000] {processor.py:161} INFO - Started process (PID=1011) to work on /opt/airflow/dags/json_dag.py
[2026-09-17T10:08:54.806+0000] {processor.py:830} INFO - Processing file /opt/airflow/dags/json_dag.py for tasks to queue
[2026-09-17T10:08:54.808+0000] {logging_mixin.py:188} INFO - [2026-09-17T10:08:54.808+0000] {dagbag.py:545} INFO - Filling up the DagBag from /opt/airflow/dags/json_dag.py
[2026-09-17T10:08:55.223+0000] {processor.py:840} INFO - DAG(s) 'json_dag' retrieved from /opt/airflow/dags/json_dag.py
[2026-09-17T10:08:55.262+0000] {logging_mixin.py:188} INFO - [2026-09-17T10:08:55.262+0000] {dag.py:3096} INFO - Sync 1 DAGs
[2026-09-17T10:08:55.292+0000] {logging_mixin.py:188} INFO - [2026-09-17T10:08:55.291+0000] {dag.py:3954} INFO - Setting next_dagrun for json_dag to 2026-09-17 08:59:00+00:00, run_after=2026-09-18 08:00:00+00:00
[2026-09-17T10:08:55.313+0000] {processor.py:183} INFO - Processing /opt/airflow/dags/json_dag.py took 0.514 seconds
[2026-09-17T10:09:26.112+0000] {processor.py:161} INFO - Started process (PID=1020) to work on /opt/airflow/dags/json_dag.py
[2026-09-17T10:09:26.113+0000] {processor.py:830} INFO - Processing file /opt/airflow/dags/json_dag.py for tasks to queue
[2026-09-17T10:09:26.116+0000] {logging_mixin.py:188} INFO - [2026-09-17T10:09:26.116+0000] {dagbag.py:545} INFO - Filling up the DagBag from /opt/airflow/dags/json_dag.py
[2026-09-17T10:09:26.554+0000] {processor.py:840} INFO - DAG(s) 'json_dag' retrieved from /opt/airflow/dags/json_dag.py
[2026-09-17T10:09:26.573+0000] {logging_mixin.py:188} INFO - [2026-09-17T10:09:26.573+0000] {dag.py:3096} INFO - Sync 1 DAGs
[2026-09-17T10:09:26.593+0000] {logging_mixin.py:188} INFO - [2026-09-17T10:09:26.592+0000] {dag.py:3954} INFO - Setting next_dagrun for json_dag to 2026-09-17 08:59:00+00:00, run_after=2026-09-18 08:00:00+00:00
[2026-09-17T10:09:26.615+0000] {processor.py:183} INFO - Processing /opt/airflow/dags/json_dag.py took 0.510 seconds
[2026-09-17T10:09:56.721+0000] {processor.py:161} INFO - Started process (PID=1029) to work on /opt/airflow/dags/json_dag.py
[2026-09-17T10:09:56.722+0000] {processor.py:830} INFO - Processing file /opt/airflow/dags/json_dag.py for tasks to queue
[2026-09-17T10:09:56.724+0000] {logging_mixin.py:188} INFO - [2026-09-17T10:09:56.724+0000] {dagbag.py:545} INFO - Filling up the DagBag from /opt/airflow/dags/json_dag.py
[2026-09-17T10:09:57.101+0000] {processor.py:840} INFO - DAG(s) 'json_dag' retrieved from /opt/airflow/dags/json_dag.py
[2026-09-17T10:09:57.120+0000] {logging_mixin.py:188} INFO - [2026-09-17T10:09:57.120+0000] {dag.py:3096} INFO - Sync 1 DAGs
[2026-09-17T10:09:57.140+0000] {logging_mixin.py:188} INFO - [2026-09-17T10:09:57.140+0000] {dag.py:3954} INFO - Setting next_dagrun for json_dag to 2026-09-17 08:59:00+00:00, run_after=2026-09-18 08:00:00+00:00
[2026-09-17T10:09:57.161+0000] {processor.py:183} INFO - Processing /opt/airflow/dags/json_dag.py took 0.446 seconds
[2026-09-17T10:10:28.063+0000] {processor.py:161} INFO - Started process (PID=1038) to work on /opt/airflow/dags/json_dag.py
[2026-09-17T10:10:28.064+0000] {processor.py:830} INFO - Processing file /opt/airflow/dags/json_dag.py for tasks to queue
[2026-09-17T10:10:28.066+0000] {logging_mixin.py:188} INFO - [2026-09-17T10:10:28.066+0000] {dagbag.py:545} INFO - Filling up the DagBag from /opt/airflow/dags/json_dag.py
[2026-09-17T10:10:28.498+0000] {processor.py:840} INFO - DAG(s) 'json_dag' retrieved from /opt/airflow/dags/json_dag.py
[2026-09-17T10:10:28.518+0000] {logging_mixin.py:188} INFO - [2026-09-17T10:10:28.518+0000] {dag.py:3096} INFO - Sync 1 DAGs
[2026-09-17T10:10:28.538+0000] {logging_mixin.py:188} INFO - [2026-09-17T10:10:28.538+0000] {dag.py:3954} INFO - Setting next_dagrun for json_dag to 2026-09-17 08:59:00+00:00, run_after=2026-09-18 08:00:00+00:00
[2026-09-17T10:10:28.559+0000] {processor.py:183} INFO - Processing /opt/airflow/dags/json_dag.py took 0.504 seconds
[2026-09-17T10:10:59.476+0000] {processor.py:161} INFO - Started process (PID=1047) to work on /opt/airflow/dags/json_dag.py
[2026-09-17T10:10:59.477+0000] {processor.py:830} INFO - Processing file /opt/airflow/dags/json_dag.py for tasks to queue
[2026-09-17T10:10:59.479+0000] {logging_mixin.py:188} INFO - [2026-09-17T10:10:59.479+0000] {dagbag.py:545} INFO - Filling up the DagBag from /opt/airflow/dags/json_dag.py
[2026-09-17T10:10:59.848+0000] {processor.py:840} INFO - DAG(s) 'json_dag' retrieved from /opt/airflow/dags/json_dag.py
[2026-09-17T10:10:59.876+0000] {logging_mixin.py:188} INFO - [2026-09-17T10:10:59.875+0000] {dag.py:3096} INFO - Sync 1 DAGs
[2026-09-17T10:10:59.901+0000] {logging_mixin.py:188} INFO - [2026-09-17T10:10:59.901+0000] {dag.py:3954} INFO - Setting next_dagrun for json_dag to 2026-09-17 08:59:00+00:00, run_after=2026-09-18 08:00:00+00:00
[2026-09-17T10:10:59.928+0000] {processor.py:183} INFO - Processing /opt/airflow/dags/json_dag.py took 0.457 seconds
[2026-09-17T10:11:30.848+0000] {processor.py:161} INFO - Started process (PID=1056) to work on /opt/airflow/dags/json_dag.py
[2026-09-17T10:11:30.849+0000] {processor.py:830} INFO - Processing file /opt/airflow/dags/json_dag.py for tasks to queue
[2026-09-17T10:11:30.851+0000] {logging_mixin.py:188} INFO - [2026-09-17T10:11:30.851+0000] {dagbag.py:545} INFO - Filling up the DagBag from /opt/airflow/dags/json_dag.py
[2026-09-17T10:11:31.218+0000] {processor.py:840} INFO - DAG(s) 'json_dag' retrieved from /opt/airflow/dags/json_dag.py
[2026-09-17T10:11:31.241+0000] {logging_mixin.py:188} INFO - [2026-09-17T10:11:31.241+0000] {dag.py:3096} INFO - Sync 1 DAGs
[2026-09-17T10:11:31.262+0000] {logging_mixin.py:188} INFO - [2026-09-17T10:11:31.262+0000] {dag.py:3954} INFO - Setting next_dagrun for json_dag to 2026-09-17 08:59:00+00:00, run_after=2026-09-18 08:00:00+00:00
[2026-09-17T10:11:31.282+0000] {processor.py:183} INFO - Processing /opt/airflow/dags/json_dag.py took 0.440 seconds
[2026-09-17T10:12:02.197+0000] {processor.py:161} INFO - Started process (PID=1065) to work on /opt/airflow/dags/json_dag.py
[2026-09-17T10:12:02.198+0000] {processor.py:830} INFO - Processing file /opt/airflow/dags/json_dag.py for tasks to queue
[2026-09-17T10:12:02.199+0000] {logging_mixin.py:188} INFO - [2026-09-17T10:12:02.199+0000] {dagbag.py:545} INFO - Filling up the DagBag from /opt/airflow/dags/json_dag.py
[2026-09-17T10:12:02.559+0000] {processor.py:840} INFO - DAG(s) 'json_dag' retrieved from /opt/airflow/dags/json_dag.py
[2026-09-17T10:12:02.578+0000] {logging_mixin.py:188} INFO - [2026-09-17T10:12:02.578+0000] {dag.py:3096} INFO - Sync 1 DAGs
[2026-09-17T10:12:02.600+0000] {logging_mixin.py:188} INFO - [2026-09-17T10:12:02.600+0000] {dag.py:3954} INFO - Setting next_dagrun for json_dag to 2026-09-17 08:59:00+00:00, run_after=2026-09-18 08:00:00+00:00
[2026-09-17T10:12:02.622+0000] {processor.py:183} INFO - Processing /opt/airflow/dags/json_dag.py took 0.431 seconds
[2026-09-17T10:12:32.707+0000] {processor.py:161} INFO - Started process (PID=1074) to work on /opt/airflow/dags/json_dag.py
[2026-09-17T10:12:32.708+0000] {processor.py:830} INFO - Processing file /opt/airflow/dags/json_dag.py for tasks to queue
[2026-09-17T10:12:32.710+0000] {logging_mixin.py:188} INFO - [2026-09-17T10:12:32.710+0000] {dagbag.py:545} INFO - Filling up the DagBag from /opt/airflow/dags/json_dag.py
[2026-09-17T10:12:33.072+0000] {processor.py:840} INFO - DAG(s) 'json_dag' retrieved from /opt/airflow/dags/json_dag.py
[2026-09-17T10:12:33.093+0000] {logging_mixin.py:188} INFO - [2026-09-17T10:12:33.092+0000] {dag.py:3096} INFO - Sync 1 DAGs
[2026-09-17T10:12:33.112+0000] {logging_mixin.py:188} INFO - [2026-09-17T10:12:33.112+0000] {dag.py:3954} INFO - Setting next_dagrun for json_dag to 2026-09-17 08:59:00+00:00, run_after=2026-09-18 08:00:00+00:00
[2026-09-17T10:12:33.136+0000] {processor.py:183} INFO - Processing /opt/airflow/dags/json_dag.py took 0.435 seconds
[2026-09-17T10:13:04.074+0000] {processor.py:161} INFO - Started process (PID=1083) to work on /opt/airflow/dags/json_dag.py
[2026-09-17T10:13:04.076+0000] {processor.py:830} INFO - Processing file /opt/airflow/dags/json_dag.py for tasks to queue
[2026-09-17T10:13:04.080+0000] {logging_mixin.py:188} INFO - [2026-09-17T10:13:04.080+0000] {dagbag.py:545} INFO - Filling up the DagBag from /opt/airflow/dags/json_dag.py
[2026-09-17T10:13:04.510+0000] {processor.py:840} INFO - DAG(s) 'json_dag' retrieved from /opt/airflow/dags/json_dag.py
[2026-09-17T10:13:04.529+0000] {logging_mixin.py:188} INFO - [2026-09-17T10:13:04.528+0000] {dag.py:3096} INFO - Sync 1 DAGs
[2026-09-17T10:13:04.549+0000] {logging_mixin.py:188} INFO - [2026-09-17T10:13:04.549+0000] {dag.py:3954} INFO - Setting next_dagrun for json_dag to 2026-09-17 08:59:00+00:00, run_after=2026-09-18 08:00:00+00:00
[2026-09-17T10:13:04.569+0000] {processor.py:183} INFO - Processing /opt/airflow/dags/json_dag.py took 0.509 seconds
[2026-09-17T10:13:35.421+0000] {processor.py:161} INFO - Started process (PID=1092) to work on /opt/airflow/dags/json_dag.py
[2026-09-17T10:13:35.423+0000] {processor.py:830} INFO - Processing file /opt/airflow/dags/json_dag.py for tasks to queue
[2026-09-17T10:13:35.425+0000] {logging_mixin.py:188} INFO - [2026-09-17T10:13:35.425+0000] {dagbag.py:545} INFO - Filling up the DagBag from /opt/airflow/dags/json_dag.py
[2026-09-17T10:13:35.791+0000] {processor.py:840} INFO - DAG(s) 'json_dag' retrieved from /opt/airflow/dags/json_dag.py
[2026-09-17T10:13:35.824+0000] {logging_mixin.py:188} INFO - [2026-09-17T10:13:35.823+0000] {dag.py:3096} INFO - Sync 1 DAGs
[2026-09-17T10:13:35.848+0000] {logging_mixin.py:188} INFO - [2026-09-17T10:13:35.848+0000] {dag.py:3954} INFO - Setting next_dagrun for json_dag to 2026-09-17 08:59:00+00:00, run_after=2026-09-18 08:00:00+00:00
[2026-09-17T10:13:35.872+0000] {processor.py:183} INFO - Processing /opt/airflow/dags/json_dag.py took 0.460 seconds
[2026-09-17T10:14:06.794+0000] {processor.py:161} INFO - Started process (PID=1107) to work on /opt/airflow/dags/json_dag.py
[2026-09-17T10:14:06.796+0000] {processor.py:830} INFO - Processing file /opt/airflow/dags/json_dag.py for tasks to queue
[2026-09-17T10:14:06.799+0000] {logging_mixin.py:188} INFO - [2026-09-17T10:14:06.798+0000] {dagbag.py:545} INFO - Filling up the DagBag from /opt/airflow/dags/json_dag.py
[2026-09-17T10:14:07.478+0000] {processor.py:840} INFO - DAG(s) 'json_dag' retrieved from /opt/airflow/dags/json_dag.py
[2026-09-17T10:14:07.530+0000] {logging_mixin.py:188} INFO - [2026-09-17T10:14:07.530+0000] {dag.py:3096} INFO - Sync 1 DAGs
[2026-09-17T10:14:07.596+0000] {logging_mixin.py:188} INFO - [2026-09-17T10:14:07.596+0000] {dag.py:3954} INFO - Setting next_dagrun for json_dag to 2026-09-17 08:59:00+00:00, run_after=2026-09-18 08:00:00+00:00
[2026-09-17T10:14:07.660+0000] {processor.py:183} INFO - Processing /opt/airflow/dags/json_dag.py took 0.874 seconds
[2026-09-17T10:14:38.030+0000] {processor.py:161} INFO - Started process (PID=1116) to work on /opt/airflow/dags/json_dag.py
[2026-09-17T10:14:38.031+0000] {processor.py:830} INFO - Processing file /opt/airflow/dags/json_dag.py for tasks to queue
[2026-09-17T10:14:38.033+0000] {logging_mixin.py:188} INFO - [2026-09-17T10:14:38.033+0000] {dagbag.py:545} INFO - Filling up the DagBag from /opt/airflow/dags/json_dag.py
[2026-09-17T10:14:38.431+0000] {processor.py:840} INFO - DAG(s) 'json_dag' retrieved from /opt/airflow/dags/json_dag.py
[2026-09-17T10:14:38.454+0000] {logging_mixin.py:188} INFO - [2026-09-17T10:14:38.453+0000] {dag.py:3096} INFO - Sync 1 DAGs
[2026-09-17T10:14:38.475+0000] {logging_mixin.py:188} INFO - [2026-09-17T10:14:38.474+0000] {dag.py:3954} INFO - Setting next_dagrun for json_dag to 2026-09-17 08:59:00+00:00, run_after=2026-09-18 08:00:00+00:00
[2026-09-17T10:14:38.495+0000] {processor.py:183} INFO - Processing /opt/airflow/dags/json_dag.py took 0.472 seconds
[2026-09-17T10:15:08.581+0000] {processor.py:161} INFO - Started process (PID=1125) to work on /opt/airflow/dags/json_dag.py
[2026-09-17T10:15:08.582+0000] {processor.py:830} INFO - Processing file /opt/airflow/dags/json_dag.py for tasks to queue
[2026-09-17T10:15:08.584+0000] {logging_mixin.py:188} INFO - [2026-09-17T10:15:08.584+0000] {dagbag.py:545} INFO - Filling up the DagBag from /opt/airflow/dags/json_dag.py
[2026-09-17T10:15:09.008+0000] {processor.py:840} INFO - DAG(s) 'json_dag' retrieved from /opt/airflow/dags/json_dag.py
[2026-09-17T10:15:09.040+0000] {logging_mixin.py:188} INFO - [2026-09-17T10:15:09.039+0000] {dag.py:3096} INFO - Sync 1 DAGs
[2026-09-17T10:15:09.071+0000] {logging_mixin.py:188} INFO - [2026-09-17T10:15:09.070+0000] {dag.py:3954} INFO - Setting next_dagrun for json_dag to 2026-09-17 08:59:00+00:00, run_after=2026-09-18 08:00:00+00:00
[2026-09-17T10:15:09.101+0000] {processor.py:183} INFO - Processing /opt/airflow/dags/json_dag.py took 0.526 seconds
[2026-09-17T10:15:39.904+0000] {processor.py:161} INFO - Started process (PID=1134) to work on /opt/airflow/dags/json_dag.py
[2026-09-17T10:15:39.905+0000] {processor.py:830} INFO - Processing file /opt/airflow/dags/json_dag.py for tasks to queue
[2026-09-17T10:15:39.907+0000] {logging_mixin.py:188} INFO - [2026-09-17T10:15:39.907+0000] {dagbag.py:545} INFO - Filling up the DagBag from /opt/airflow/dags/json_dag.py
[2026-09-17T10:15:40.301+0000] {processor.py:840} INFO - DAG(s) 'json_dag' retrieved from /opt/airflow/dags/json_dag.py
[2026-09-17T10:15:40.320+0000] {logging_mixin.py:188} INFO - [2026-09-17T10:15:40.320+0000] {dag.py:3096} INFO - Sync 1 DAGs
[2026-09-17T10:15:40.338+0000] {logging_mixin.py:188} INFO - [2026-09-17T10:15:40.338+0000] {dag.py:3954} INFO - Setting next_dagrun for json_dag to 2026-09-17 08:59:00+00:00, run_after=2026-09-18 08:00:00+00:00
[2026-09-17T10:15:40.365+0000] {processor.py:183} INFO - Processing /opt/airflow/dags/json_dag.py took 0.467 seconds
[2026-09-17T10:16:11.268+0000] {processor.py:161} INFO - Started process (PID=1143) to work on /opt/airflow/dags/json_dag.py
[2026-09-17T10:16:11.269+0000] {processor.py:830} INFO - Processing file /opt/airflow/dags/json_dag.py for tasks to queue
[2026-09-17T10:16:11.272+0000] {logging_mixin.py:188} INFO - [2026-09-17T10:16:11.272+0000] {dagbag.py:545} INFO - Filling up the DagBag from /opt/airflow/dags/json_dag.py
[2026-09-17T10:16:11.724+0000] {processor.py:840} INFO - DAG(s) 'json_dag' retrieved from /opt/airflow/dags/json_dag.py
[2026-09-17T10:16:11.742+0000] {logging_mixin.py:188} INFO - [2026-09-17T10:16:11.742+0000] {dag.py:3096} INFO - Sync 1 DAGs
[2026-09-17T10:16:11.761+0000] {logging_mixin.py:188} INFO - [2026-09-17T10:16:11.761+0000] {dag.py:3954} INFO - Setting next_dagrun for json_dag to 2026-09-17 08:59:00+00:00, run_after=2026-09-18 08:00:00+00:00
[2026-09-17T10:16:11.781+0000] {processor.py:183} INFO - Processing /opt/airflow/dags/json_dag.py took 0.523 seconds
[2026-09-17T10:16:42.663+0000] {processor.py:161} INFO - Started process (PID=1152) to work on /opt/airflow/dags/json_dag.py
[2026-09-17T10:16:42.665+0000] {processor.py:830} INFO - Processing file /opt/airflow/dags/json_dag.py for tasks to queue
[2026-09-17T10:16:42.669+0000] {logging_mixin.py:188} INFO - [2026-09-17T10:16:42.668+0000] {dagbag.py:545} INFO - Filling up the DagBag from /opt/airflow/dags/json_dag.py
[2026-09-17T10:16:43.290+0000] {processor.py:840} INFO - DAG(s) 'json_dag' retrieved from /opt/airflow/dags/json_dag.py
[2026-09-17T10:16:43.329+0000] {logging_mixin.py:188} INFO - [2026-09-17T10:16:43.328+0000] {dag.py:3096} INFO - Sync 1 DAGs
[2026-09-17T10:16:43.360+0000] {logging_mixin.py:188} INFO - [2026-09-17T10:16:43.359+0000] {dag.py:3954} INFO - Setting next_dagrun for json_dag to 2026-09-17 08:59:00+00:00, run_after=2026-09-18 08:00:00+00:00
[2026-09-17T10:16:43.391+0000] {processor.py:183} INFO - Processing /opt/airflow/dags/json_dag.py took 0.740 seconds
[2026-09-17T10:17:14.272+0000] {processor.py:161} INFO - Started process (PID=1161) to work on /opt/airflow/dags/json_dag.py
[2026-09-17T10:17:14.275+0000] {processor.py:830} INFO - Processing file /opt/airflow/dags/json_dag.py for tasks to queue
[2026-09-17T10:17:14.279+0000] {logging_mixin.py:188} INFO - [2026-09-17T10:17:14.278+0000] {dagbag.py:545} INFO - Filling up the DagBag from /opt/airflow/dags/json_dag.py
[2026-09-17T10:17:14.747+0000] {processor.py:840} INFO - DAG(s) 'json_dag' retrieved from /opt/airflow/dags/json_dag.py
[2026-09-17T10:17:14.767+0000] {logging_mixin.py:188} INFO - [2026-09-17T10:17:14.767+0000] {dag.py:3096} INFO - Sync 1 DAGs
[2026-09-17T10:17:14.786+0000] {logging_mixin.py:188} INFO - [2026-09-17T10:17:14.786+0000] {dag.py:3954} INFO - Setting next_dagrun for json_dag to 2026-09-17 08:59:00+00:00, run_after=2026-09-18 08:00:00+00:00
[2026-09-17T10:17:14.807+0000] {processor.py:183} INFO - Processing /opt/airflow/dags/json_dag.py took 0.547 seconds
[2026-09-17T10:17:45.648+0000] {processor.py:161} INFO - Started process (PID=1170) to work on /opt/airflow/dags/json_dag.py
[2026-09-17T10:17:45.650+0000] {processor.py:830} INFO - Processing file /opt/airflow/dags/json_dag.py for tasks to queue
[2026-09-17T10:17:45.653+0000] {logging_mixin.py:188} INFO - [2026-09-17T10:17:45.653+0000] {dagbag.py:545} INFO - Filling up the DagBag from /opt/airflow/dags/json_dag.py
[2026-09-17T10:17:46.604+0000] {processor.py:840} INFO - DAG(s) 'json_dag' retrieved from /opt/airflow/dags/json_dag.py
[2026-09-17T10:17:46.692+0000] {logging_mixin.py:188} INFO - [2026-09-17T10:17:46.691+0000] {dag.py:3096} INFO - Sync 1 DAGs
[2026-09-17T10:17:46.780+0000] {logging_mixin.py:188} INFO - [2026-09-17T10:17:46.779+0000] {dag.py:3954} INFO - Setting next_dagrun for json_dag to 2026-09-17 08:59:00+00:00, run_after=2026-09-18 08:00:00+00:00
[2026-09-17T10:17:46.838+0000] {processor.py:183} INFO - Processing /opt/airflow/dags/json_dag.py took 1.201 seconds
[2026-09-17T10:18:17.179+0000] {processor.py:161} INFO - Started process (PID=1180) to work on /opt/airflow/dags/json_dag.py
[2026-09-17T10:18:17.181+0000] {processor.py:830} INFO - Processing file /opt/airflow/dags/json_dag.py for tasks to queue
[2026-09-17T10:18:17.186+0000] {logging_mixin.py:188} INFO - [2026-09-17T10:18:17.185+0000] {dagbag.py:545} INFO - Filling up the DagBag from /opt/airflow/dags/json_dag.py
[2026-09-17T10:18:17.648+0000] {processor.py:840} INFO - DAG(s) 'json_dag' retrieved from /opt/airflow/dags/json_dag.py
[2026-09-17T10:18:17.670+0000] {logging_mixin.py:188} INFO - [2026-09-17T10:18:17.670+0000] {dag.py:3096} INFO - Sync 1 DAGs
[2026-09-17T10:18:17.696+0000] {logging_mixin.py:188} INFO - [2026-09-17T10:18:17.696+0000] {dag.py:3954} INFO - Setting next_dagrun for json_dag to 2026-09-17 08:59:00+00:00, run_after=2026-09-18 08:00:00+00:00
[2026-09-17T10:18:17.723+0000] {processor.py:183} INFO - Processing /opt/airflow/dags/json_dag.py took 0.555 seconds
[2026-09-17T10:18:48.639+0000] {processor.py:161} INFO - Started process (PID=1189) to work on /opt/airflow/dags/json_dag.py
[2026-09-17T10:18:48.640+0000] {processor.py:830} INFO - Processing file /opt/airflow/dags/json_dag.py for tasks to queue
[2026-09-17T10:18:48.642+0000] {logging_mixin.py:188} INFO - [2026-09-17T10:18:48.642+0000] {dagbag.py:545} INFO - Filling up the DagBag from /opt/airflow/dags/json_dag.py
[2026-09-17T10:18:49.043+0000] {processor.py:840} INFO - DAG(s) 'json_dag' retrieved from /opt/airflow/dags/json_dag.py
[2026-09-17T10:18:49.072+0000] {logging_mixin.py:188} INFO - [2026-09-17T10:18:49.072+0000] {dag.py:3096} INFO - Sync 1 DAGs
[2026-09-17T10:18:49.101+0000] {logging_mixin.py:188} INFO - [2026-09-17T10:18:49.101+0000] {dag.py:3954} INFO - Setting next_dagrun for json_dag to 2026-09-17 08:59:00+00:00, run_after=2026-09-18 08:00:00+00:00
[2026-09-17T10:18:49.127+0000] {processor.py:183} INFO - Processing /opt/airflow/dags/json_dag.py took 0.496 seconds
[2026-09-17T10:19:19.988+0000] {processor.py:161} INFO - Started process (PID=1198) to work on /opt/airflow/dags/json_dag.py
[2026-09-17T10:19:19.989+0000] {processor.py:830} INFO - Processing file /opt/airflow/dags/json_dag.py for tasks to queue
[2026-09-17T10:19:19.991+0000] {logging_mixin.py:188} INFO - [2026-09-17T10:19:19.991+0000] {dagbag.py:545} INFO - Filling up the DagBag from /opt/airflow/dags/json_dag.py
[2026-09-17T10:19:20.445+0000] {processor.py:840} INFO - DAG(s) 'json_dag' retrieved from /opt/airflow/dags/json_dag.py
[2026-09-17T10:19:20.470+0000] {logging_mixin.py:188} INFO - [2026-09-17T10:19:20.470+0000] {dag.py:3096} INFO - Sync 1 DAGs
[2026-09-17T10:19:20.505+0000] {logging_mixin.py:188} INFO - [2026-09-17T10:19:20.505+0000] {dag.py:3954} INFO - Setting next_dagrun for json_dag to 2026-09-17 08:59:00+00:00, run_after=2026-09-18 08:00:00+00:00
[2026-09-17T10:19:20.530+0000] {processor.py:183} INFO - Processing /opt/airflow/dags/json_dag.py took 0.548 seconds
[2026-09-17T10:19:50.785+0000] {processor.py:161} INFO - Started process (PID=1207) to work on /opt/airflow/dags/json_dag.py
[2026-09-17T10:19:50.787+0000] {processor.py:830} INFO - Processing file /opt/airflow/dags/json_dag.py for tasks to queue
[2026-09-17T10:19:50.789+0000] {logging_mixin.py:188} INFO - [2026-09-17T10:19:50.788+0000] {dagbag.py:545} INFO - Filling up the DagBag from /opt/airflow/dags/json_dag.py
[2026-09-17T10:19:51.201+0000] {processor.py:840} INFO - DAG(s) 'json_dag' retrieved from /opt/airflow/dags/json_dag.py
[2026-09-17T10:19:51.222+0000] {logging_mixin.py:188} INFO - [2026-09-17T10:19:51.222+0000] {dag.py:3096} INFO - Sync 1 DAGs
[2026-09-17T10:19:51.242+0000] {logging_mixin.py:188} INFO - [2026-09-17T10:19:51.242+0000] {dag.py:3954} INFO - Setting next_dagrun for json_dag to 2026-09-17 08:59:00+00:00, run_after=2026-09-18 08:00:00+00:00
[2026-09-17T10:19:51.263+0000] {processor.py:183} INFO - Processing /opt/airflow/dags/json_dag.py took 0.488 seconds
[2026-09-17T10:20:22.046+0000] {processor.py:161} INFO - Started process (PID=1216) to work on /opt/airflow/dags/json_dag.py
[2026-09-17T10:20:22.047+0000] {processor.py:830} INFO - Processing file /opt/airflow/dags/json_dag.py for tasks to queue
[2026-09-17T10:20:22.050+0000] {logging_mixin.py:188} INFO - [2026-09-17T10:20:22.050+0000] {dagbag.py:545} INFO - Filling up the DagBag from /opt/airflow/dags/json_dag.py
[2026-09-17T10:20:22.502+0000] {processor.py:840} INFO - DAG(s) 'json_dag' retrieved from /opt/airflow/dags/json_dag.py
[2026-09-17T10:20:22.525+0000] {logging_mixin.py:188} INFO - [2026-09-17T10:20:22.525+0000] {dag.py:3096} INFO - Sync 1 DAGs
[2026-09-17T10:20:22.548+0000] {logging_mixin.py:188} INFO - [2026-09-17T10:20:22.548+0000] {dag.py:3954} INFO - Setting next_dagrun for json_dag to 2026-09-17 08:59:00+00:00, run_after=2026-09-18 08:00:00+00:00
[2026-09-17T10:20:22.573+0000] {processor.py:183} INFO - Processing /opt/airflow/dags/json_dag.py took 0.535 seconds
[2026-09-17T10:20:53.400+0000] {processor.py:161} INFO - Started process (PID=1225) to work on /opt/airflow/dags/json_dag.py
[2026-09-17T10:20:53.401+0000] {processor.py:830} INFO - Processing file /opt/airflow/dags/json_dag.py for tasks to queue
[2026-09-17T10:20:53.403+0000] {logging_mixin.py:188} INFO - [2026-09-17T10:20:53.403+0000] {dagbag.py:545} INFO - Filling up the DagBag from /opt/airflow/dags/json_dag.py
[2026-09-17T10:20:53.817+0000] {processor.py:840} INFO - DAG(s) 'json_dag' retrieved from /opt/airflow/dags/json_dag.py
[2026-09-17T10:20:53.841+0000] {logging_mixin.py:188} INFO - [2026-09-17T10:20:53.841+0000] {dag.py:3096} INFO - Sync 1 DAGs
[2026-09-17T10:20:53.862+0000] {logging_mixin.py:188} INFO - [2026-09-17T10:20:53.862+0000] {dag.py:3954} INFO - Setting next_dagrun for json_dag to 2026-09-17 08:59:00+00:00, run_after=2026-09-18 08:00:00+00:00
[2026-09-17T10:20:53.884+0000] {processor.py:183} INFO - Processing /opt/airflow/dags/json_dag.py took 0.490 seconds
[2026-09-17T10:21:24.233+0000] {processor.py:161} INFO - Started process (PID=1234) to work on /opt/airflow/dags/json_dag.py
[2026-09-17T10:21:24.234+0000] {processor.py:830} INFO - Processing file /opt/airflow/dags/json_dag.py for tasks to queue
[2026-09-17T10:21:24.238+0000] {logging_mixin.py:188} INFO - [2026-09-17T10:21:24.237+0000] {dagbag.py:545} INFO - Filling up the DagBag from /opt/airflow/dags/json_dag.py
[2026-09-17T10:21:25.088+0000] {processor.py:840} INFO - DAG(s) 'json_dag' retrieved from /opt/airflow/dags/json_dag.py
[2026-09-17T10:21:25.131+0000] {logging_mixin.py:188} INFO - [2026-09-17T10:21:25.131+0000] {dag.py:3096} INFO - Sync 1 DAGs
[2026-09-17T10:21:25.172+0000] {logging_mixin.py:188} INFO - [2026-09-17T10:21:25.171+0000] {dag.py:3954} INFO - Setting next_dagrun for json_dag to 2026-09-17 08:59:00+00:00, run_after=2026-09-18 08:00:00+00:00
[2026-09-17T10:21:25.201+0000] {processor.py:183} INFO - Processing /opt/airflow/dags/json_dag.py took 0.977 seconds
[2026-09-17T10:21:55.611+0000] {processor.py:161} INFO - Started process (PID=1243) to work on /opt/airflow/dags/json_dag.py
[2026-09-17T10:21:55.612+0000] {processor.py:830} INFO - Processing file /opt/airflow/dags/json_dag.py for tasks to queue
[2026-09-17T10:21:55.614+0000] {logging_mixin.py:188} INFO - [2026-09-17T10:21:55.614+0000] {dagbag.py:545} INFO - Filling up the DagBag from /opt/airflow/dags/json_dag.py
[2026-09-17T10:21:56.032+0000] {processor.py:840} INFO - DAG(s) 'json_dag' retrieved from /opt/airflow/dags/json_dag.py
[2026-09-17T10:21:56.055+0000] {logging_mixin.py:188} INFO - [2026-09-17T10:21:56.054+0000] {dag.py:3096} INFO - Sync 1 DAGs
[2026-09-17T10:21:56.080+0000] {logging_mixin.py:188} INFO - [2026-09-17T10:21:56.080+0000] {dag.py:3954} INFO - Setting next_dagrun for json_dag to 2026-09-17 08:59:00+00:00, run_after=2026-09-18 08:00:00+00:00
[2026-09-17T10:21:56.102+0000] {processor.py:183} INFO - Processing /opt/airflow/dags/json_dag.py took 0.498 seconds
[2026-09-17T10:22:26.974+0000] {processor.py:161} INFO - Started process (PID=1252) to work on /opt/airflow/dags/json_dag.py
[2026-09-17T10:22:26.975+0000] {processor.py:830} INFO - Processing file /opt/airflow/dags/json_dag.py for tasks to queue
[2026-09-17T10:22:26.978+0000] {logging_mixin.py:188} INFO - [2026-09-17T10:22:26.977+0000] {dagbag.py:545} INFO - Filling up the DagBag from /opt/airflow/dags/json_dag.py
[2026-09-17T10:22:27.403+0000] {processor.py:840} INFO - DAG(s) 'json_dag' retrieved from /opt/airflow/dags/json_dag.py
[2026-09-17T10:22:27.426+0000] {logging_mixin.py:188} INFO - [2026-09-17T10:22:27.426+0000] {dag.py:3096} INFO - Sync 1 DAGs
[2026-09-17T10:22:27.448+0000] {logging_mixin.py:188} INFO - [2026-09-17T10:22:27.448+0000] {dag.py:3954} INFO - Setting next_dagrun for json_dag to 2026-09-17 08:59:00+00:00, run_after=2026-09-18 08:00:00+00:00
[2026-09-17T10:22:27.471+0000] {processor.py:183} INFO - Processing /opt/airflow/dags/json_dag.py took 0.505 seconds
[2026-09-17T10:22:57.538+0000] {processor.py:161} INFO - Started process (PID=1261) to work on /opt/airflow/dags/json_dag.py
[2026-09-17T10:22:57.540+0000] {processor.py:830} INFO - Processing file /opt/airflow/dags/json_dag.py for tasks to queue
[2026-09-17T10:22:57.543+0000] {logging_mixin.py:188} INFO - [2026-09-17T10:22:57.543+0000] {dagbag.py:545} INFO - Filling up the DagBag from /opt/airflow/dags/json_dag.py
[2026-09-17T10:22:58.045+0000] {processor.py:840} INFO - DAG(s) 'json_dag' retrieved from /opt/airflow/dags/json_dag.py
[2026-09-17T10:22:58.074+0000] {logging_mixin.py:188} INFO - [2026-09-17T10:22:58.073+0000] {dag.py:3096} INFO - Sync 1 DAGs
[2026-09-17T10:22:58.099+0000] {logging_mixin.py:188} INFO - [2026-09-17T10:22:58.099+0000] {dag.py:3954} INFO - Setting next_dagrun for json_dag to 2026-09-17 08:59:00+00:00, run_after=2026-09-18 08:00:00+00:00
[2026-09-17T10:22:58.123+0000] {processor.py:183} INFO - Processing /opt/airflow/dags/json_dag.py took 0.592 seconds
[2026-09-17T10:23:28.790+0000] {processor.py:161} INFO - Started process (PID=1270) to work on /opt/airflow/dags/json_dag.py
[2026-09-17T10:23:28.791+0000] {processor.py:830} INFO - Processing file /opt/airflow/dags/json_dag.py for tasks to queue
[2026-09-17T10:23:28.793+0000] {logging_mixin.py:188} INFO - [2026-09-17T10:23:28.793+0000] {dagbag.py:545} INFO - Filling up the DagBag from /opt/airflow/dags/json_dag.py
[2026-09-17T10:23:29.297+0000] {processor.py:840} INFO - DAG(s) 'json_dag' retrieved from /opt/airflow/dags/json_dag.py
[2026-09-17T10:23:29.325+0000] {logging_mixin.py:188} INFO - [2026-09-17T10:23:29.325+0000] {dag.py:3096} INFO - Sync 1 DAGs
[2026-09-17T10:23:29.353+0000] {logging_mixin.py:188} INFO - [2026-09-17T10:23:29.353+0000] {dag.py:3954} INFO - Setting next_dagrun for json_dag to 2026-09-17 08:59:00+00:00, run_after=2026-09-18 08:00:00+00:00
[2026-09-17T10:23:29.978+0000] {processor.py:183} INFO - Processing /opt/airflow/dags/json_dag.py took 1.194 seconds
[2026-09-17T10:24:00.189+0000] {processor.py:161} INFO - Started process (PID=1279) to work on /opt/airflow/dags/json_dag.py
[2026-09-17T10:24:00.190+0000] {processor.py:830} INFO - Processing file /opt/airflow/dags/json_dag.py for tasks to queue
[2026-09-17T10:24:00.193+0000] {logging_mixin.py:188} INFO - [2026-09-17T10:24:00.193+0000] {dagbag.py:545} INFO - Filling up the DagBag from /opt/airflow/dags/json_dag.py
[2026-09-17T10:24:00.620+0000] {processor.py:840} INFO - DAG(s) 'json_dag' retrieved from /opt/airflow/dags/json_dag.py
[2026-09-17T10:24:00.642+0000] {logging_mixin.py:188} INFO - [2026-09-17T10:24:00.642+0000] {dag.py:3096} INFO - Sync 1 DAGs
[2026-09-17T10:24:00.665+0000] {logging_mixin.py:188} INFO - [2026-09-17T10:24:00.665+0000] {dag.py:3954} INFO - Setting next_dagrun for json_dag to 2026-09-17 08:59:00+00:00, run_after=2026-09-18 08:00:00+00:00
[2026-09-17T10:24:00.688+0000] {processor.py:183} INFO - Processing /opt/airflow/dags/json_dag.py took 0.512 seconds
[2026-09-17T10:24:31.540+0000] {processor.py:161} INFO - Started process (PID=1288) to work on /opt/airflow/dags/json_dag.py
[2026-09-17T10:24:31.542+0000] {processor.py:830} INFO - Processing file /opt/airflow/dags/json_dag.py for tasks to queue
[2026-09-17T10:24:31.544+0000] {logging_mixin.py:188} INFO - [2026-09-17T10:24:31.544+0000] {dagbag.py:545} INFO - Filling up the DagBag from /opt/airflow/dags/json_dag.py
[2026-09-17T10:24:32.006+0000] {processor.py:840} INFO - DAG(s) 'json_dag' retrieved from /opt/airflow/dags/json_dag.py
[2026-09-17T10:24:32.028+0000] {logging_mixin.py:188} INFO - [2026-09-17T10:24:32.028+0000] {dag.py:3096} INFO - Sync 1 DAGs
[2026-09-17T10:24:32.056+0000] {logging_mixin.py:188} INFO - [2026-09-17T10:24:32.056+0000] {dag.py:3954} INFO - Setting next_dagrun for json_dag to 2026-09-17 08:59:00+00:00, run_after=2026-09-18 08:00:00+00:00
[2026-09-17T10:24:32.084+0000] {processor.py:183} INFO - Processing /opt/airflow/dags/json_dag.py took 0.550 seconds
[2026-09-17T10:25:03.003+0000] {processor.py:161} INFO - Started process (PID=1297) to work on /opt/airflow/dags/json_dag.py
[2026-09-17T10:25:03.005+0000] {processor.py:830} INFO - Processing file /opt/airflow/dags/json_dag.py for tasks to queue
[2026-09-17T10:25:03.012+0000] {logging_mixin.py:188} INFO - [2026-09-17T10:25:03.012+0000] {dagbag.py:545} INFO - Filling up the DagBag from /opt/airflow/dags/json_dag.py
[2026-09-17T10:25:03.470+0000] {processor.py:840} INFO - DAG(s) 'json_dag' retrieved from /opt/airflow/dags/json_dag.py
[2026-09-17T10:25:03.495+0000] {logging_mixin.py:188} INFO - [2026-09-17T10:25:03.495+0000] {dag.py:3096} INFO - Sync 1 DAGs
[2026-09-17T10:25:03.527+0000] {logging_mixin.py:188} INFO - [2026-09-17T10:25:03.527+0000] {dag.py:3954} INFO - Setting next_dagrun for json_dag to 2026-09-17 08:59:00+00:00, run_after=2026-09-18 08:00:00+00:00
[2026-09-17T10:25:03.551+0000] {processor.py:183} INFO - Processing /opt/airflow/dags/json_dag.py took 0.557 seconds
[2026-09-17T10:25:34.346+0000] {processor.py:161} INFO - Started process (PID=1306) to work on /opt/airflow/dags/json_dag.py
[2026-09-17T10:25:34.348+0000] {processor.py:830} INFO - Processing file /opt/airflow/dags/json_dag.py for tasks to queue
[2026-09-17T10:25:34.351+0000] {logging_mixin.py:188} INFO - [2026-09-17T10:25:34.350+0000] {dagbag.py:545} INFO - Filling up the DagBag from /opt/airflow/dags/json_dag.py
[2026-09-17T10:25:35.158+0000] {processor.py:840} INFO - DAG(s) 'json_dag' retrieved from /opt/airflow/dags/json_dag.py
[2026-09-17T10:25:35.183+0000] {logging_mixin.py:188} INFO - [2026-09-17T10:25:35.183+0000] {dag.py:3096} INFO - Sync 1 DAGs
[2026-09-17T10:25:35.206+0000] {logging_mixin.py:188} INFO - [2026-09-17T10:25:35.205+0000] {dag.py:3954} INFO - Setting next_dagrun for json_dag to 2026-09-17 08:59:00+00:00, run_after=2026-09-18 08:00:00+00:00
[2026-09-17T10:25:35.235+0000] {processor.py:183} INFO - Processing /opt/airflow/dags/json_dag.py took 0.898 seconds
[2026-09-17T10:26:05.767+0000] {processor.py:161} INFO - Started process (PID=1315) to work on /opt/airflow/dags/json_dag.py
[2026-09-17T10:26:05.768+0000] {processor.py:830} INFO - Processing file /opt/airflow/dags/json_dag.py for tasks to queue
[2026-09-17T10:26:05.770+0000] {logging_mixin.py:188} INFO - [2026-09-17T10:26:05.770+0000] {dagbag.py:545} INFO - Filling up the DagBag from /opt/airflow/dags/json_dag.py
[2026-09-17T10:26:06.221+0000] {processor.py:840} INFO - DAG(s) 'json_dag' retrieved from /opt/airflow/dags/json_dag.py
[2026-09-17T10:26:06.244+0000] {logging_mixin.py:188} INFO - [2026-09-17T10:26:06.244+0000] {dag.py:3096} INFO - Sync 1 DAGs
[2026-09-17T10:26:06.267+0000] {logging_mixin.py:188} INFO - [2026-09-17T10:26:06.267+0000] {dag.py:3954} INFO - Setting next_dagrun for json_dag to 2026-09-17 08:59:00+00:00, run_after=2026-09-18 08:00:00+00:00
[2026-09-17T10:26:06.459+0000] {processor.py:183} INFO - Processing /opt/airflow/dags/json_dag.py took 0.700 seconds
[2026-09-17T10:26:37.111+0000] {processor.py:161} INFO - Started process (PID=1324) to work on /opt/airflow/dags/json_dag.py
[2026-09-17T10:26:37.113+0000] {processor.py:830} INFO - Processing file /opt/airflow/dags/json_dag.py for tasks to queue
[2026-09-17T10:26:37.115+0000] {logging_mixin.py:188} INFO - [2026-09-17T10:26:37.115+0000] {dagbag.py:545} INFO - Filling up the DagBag from /opt/airflow/dags/json_dag.py
[2026-09-17T10:26:37.626+0000] {processor.py:840} INFO - DAG(s) 'json_dag' retrieved from /opt/airflow/dags/json_dag.py
[2026-09-17T10:26:37.652+0000] {logging_mixin.py:188} INFO - [2026-09-17T10:26:37.651+0000] {dag.py:3096} INFO - Sync 1 DAGs
[2026-09-17T10:26:37.677+0000] {logging_mixin.py:188} INFO - [2026-09-17T10:26:37.677+0000] {dag.py:3954} INFO - Setting next_dagrun for json_dag to 2026-09-17 08:59:00+00:00, run_after=2026-09-18 08:00:00+00:00
[2026-09-17T10:26:37.714+0000] {processor.py:183} INFO - Processing /opt/airflow/dags/json_dag.py took 0.609 seconds
[2026-09-17T10:27:08.495+0000] {processor.py:161} INFO - Started process (PID=1339) to work on /opt/airflow/dags/json_dag.py
[2026-09-17T10:27:08.497+0000] {processor.py:830} INFO - Processing file /opt/airflow/dags/json_dag.py for tasks to queue
[2026-09-17T10:27:08.501+0000] {logging_mixin.py:188} INFO - [2026-09-17T10:27:08.500+0000] {dagbag.py:545} INFO - Filling up the DagBag from /opt/airflow/dags/json_dag.py
[2026-09-17T10:27:08.990+0000] {processor.py:840} INFO - DAG(s) 'json_dag' retrieved from /opt/airflow/dags/json_dag.py
[2026-09-17T10:27:09.038+0000] {logging_mixin.py:188} INFO - [2026-09-17T10:27:09.036+0000] {dag.py:3096} INFO - Sync 1 DAGs
[2026-09-17T10:27:09.091+0000] {logging_mixin.py:188} INFO - [2026-09-17T10:27:09.090+0000] {dag.py:3954} INFO - Setting next_dagrun for json_dag to 2026-09-17 08:59:00+00:00, run_after=2026-09-18 08:00:00+00:00
[2026-09-17T10:27:09.125+0000] {processor.py:183} INFO - Processing /opt/airflow/dags/json_dag.py took 0.641 seconds
[2026-09-17T10:27:39.977+0000] {processor.py:161} INFO - Started process (PID=1348) to work on /opt/airflow/dags/json_dag.py
[2026-09-17T10:27:39.979+0000] {processor.py:830} INFO - Processing file /opt/airflow/dags/json_dag.py for tasks to queue
[2026-09-17T10:27:39.982+0000] {logging_mixin.py:188} INFO - [2026-09-17T10:27:39.982+0000] {dagbag.py:545} INFO - Filling up the DagBag from /opt/airflow/dags/json_dag.py
[2026-09-17T10:27:40.816+0000] {processor.py:840} INFO - DAG(s) 'json_dag' retrieved from /opt/airflow/dags/json_dag.py
[2026-09-17T10:27:40.854+0000] {logging_mixin.py:188} INFO - [2026-09-17T10:27:40.853+0000] {dag.py:3096} INFO - Sync 1 DAGs
[2026-09-17T10:27:40.889+0000] {logging_mixin.py:188} INFO - [2026-09-17T10:27:40.888+0000] {dag.py:3954} INFO - Setting next_dagrun for json_dag to 2026-09-17 08:59:00+00:00, run_after=2026-09-18 08:00:00+00:00
[2026-09-17T10:27:40.917+0000] {processor.py:183} INFO - Processing /opt/airflow/dags/json_dag.py took 0.950 seconds
[2026-09-17T10:28:11.407+0000] {processor.py:161} INFO - Started process (PID=1357) to work on /opt/airflow/dags/json_dag.py
[2026-09-17T10:28:11.409+0000] {processor.py:830} INFO - Processing file /opt/airflow/dags/json_dag.py for tasks to queue
[2026-09-17T10:28:11.412+0000] {logging_mixin.py:188} INFO - [2026-09-17T10:28:11.412+0000] {dagbag.py:545} INFO - Filling up the DagBag from /opt/airflow/dags/json_dag.py
[2026-09-17T10:28:11.943+0000] {processor.py:840} INFO - DAG(s) 'json_dag' retrieved from /opt/airflow/dags/json_dag.py
[2026-09-17T10:28:11.971+0000] {logging_mixin.py:188} INFO - [2026-09-17T10:28:11.971+0000] {dag.py:3096} INFO - Sync 1 DAGs
[2026-09-17T10:28:11.996+0000] {logging_mixin.py:188} INFO - [2026-09-17T10:28:11.995+0000] {dag.py:3954} INFO - Setting next_dagrun for json_dag to 2026-09-17 08:59:00+00:00, run_after=2026-09-18 08:00:00+00:00
[2026-09-17T10:28:12.025+0000] {processor.py:183} INFO - Processing /opt/airflow/dags/json_dag.py took 0.625 seconds
[2026-09-17T10:28:42.705+0000] {processor.py:161} INFO - Started process (PID=1366) to work on /opt/airflow/dags/json_dag.py
[2026-09-17T10:28:42.710+0000] {processor.py:830} INFO - Processing file /opt/airflow/dags/json_dag.py for tasks to queue
[2026-09-17T10:28:42.715+0000] {logging_mixin.py:188} INFO - [2026-09-17T10:28:42.714+0000] {dagbag.py:545} INFO - Filling up the DagBag from /opt/airflow/dags/json_dag.py
[2026-09-17T10:28:43.937+0000] {processor.py:840} INFO - DAG(s) 'json_dag' retrieved from /opt/airflow/dags/json_dag.py
[2026-09-17T10:28:44.003+0000] {logging_mixin.py:188} INFO - [2026-09-17T10:28:44.002+0000] {dag.py:3096} INFO - Sync 1 DAGs
[2026-09-17T10:28:44.088+0000] {logging_mixin.py:188} INFO - [2026-09-17T10:28:44.088+0000] {dag.py:3954} INFO - Setting next_dagrun for json_dag to 2026-09-17 08:59:00+00:00, run_after=2026-09-18 08:00:00+00:00
[2026-09-17T10:28:44.149+0000] {processor.py:183} INFO - Processing /opt/airflow/dags/json_dag.py took 1.466 seconds
[2026-09-17T10:29:14.446+0000] {processor.py:161} INFO - Started process (PID=1375) to work on /opt/airflow/dags/json_dag.py
[2026-09-17T10:29:14.448+0000] {processor.py:830} INFO - Processing file /opt/airflow/dags/json_dag.py for tasks to queue
[2026-09-17T10:29:14.452+0000] {logging_mixin.py:188} INFO - [2026-09-17T10:29:14.451+0000] {dagbag.py:545} INFO - Filling up the DagBag from /opt/airflow/dags/json_dag.py
[2026-09-17T10:29:15.355+0000] {processor.py:840} INFO - DAG(s) 'json_dag' retrieved from /opt/airflow/dags/json_dag.py
[2026-09-17T10:29:15.416+0000] {logging_mixin.py:188} INFO - [2026-09-17T10:29:15.415+0000] {dag.py:3096} INFO - Sync 1 DAGs
[2026-09-17T10:29:15.453+0000] {logging_mixin.py:188} INFO - [2026-09-17T10:29:15.452+0000] {dag.py:3954} INFO - Setting next_dagrun for json_dag to 2026-09-17 08:59:00+00:00, run_after=2026-09-18 08:00:00+00:00
[2026-09-17T10:29:15.734+0000] {processor.py:183} INFO - Processing /opt/airflow/dags/json_dag.py took 1.301 seconds
[2026-09-17T10:29:46.056+0000] {processor.py:161} INFO - Started process (PID=1384) to work on /opt/airflow/dags/json_dag.py
[2026-09-17T10:29:46.060+0000] {processor.py:830} INFO - Processing file /opt/airflow/dags/json_dag.py for tasks to queue
[2026-09-17T10:29:46.068+0000] {logging_mixin.py:188} INFO - [2026-09-17T10:29:46.067+0000] {dagbag.py:545} INFO - Filling up the DagBag from /opt/airflow/dags/json_dag.py
[2026-09-17T10:29:46.796+0000] {processor.py:840} INFO - DAG(s) 'json_dag' retrieved from /opt/airflow/dags/json_dag.py
[2026-09-17T10:29:46.826+0000] {logging_mixin.py:188} INFO - [2026-09-17T10:29:46.826+0000] {dag.py:3096} INFO - Sync 1 DAGs
[2026-09-17T10:29:46.859+0000] {logging_mixin.py:188} INFO - [2026-09-17T10:29:46.859+0000] {dag.py:3954} INFO - Setting next_dagrun for json_dag to 2026-09-17 08:59:00+00:00, run_after=2026-09-18 08:00:00+00:00
[2026-09-17T10:29:46.893+0000] {processor.py:183} INFO - Processing /opt/airflow/dags/json_dag.py took 0.847 seconds
[2026-09-17T10:30:17.383+0000] {processor.py:161} INFO - Started process (PID=1393) to work on /opt/airflow/dags/json_dag.py
[2026-09-17T10:30:17.386+0000] {processor.py:830} INFO - Processing file /opt/airflow/dags/json_dag.py for tasks to queue
[2026-09-17T10:30:17.390+0000] {logging_mixin.py:188} INFO - [2026-09-17T10:30:17.389+0000] {dagbag.py:545} INFO - Filling up the DagBag from /opt/airflow/dags/json_dag.py
[2026-09-17T10:30:18.143+0000] {processor.py:840} INFO - DAG(s) 'json_dag' retrieved from /opt/airflow/dags/json_dag.py
[2026-09-17T10:30:18.188+0000] {logging_mixin.py:188} INFO - [2026-09-17T10:30:18.187+0000] {dag.py:3096} INFO - Sync 1 DAGs
[2026-09-17T10:30:18.250+0000] {logging_mixin.py:188} INFO - [2026-09-17T10:30:18.249+0000] {dag.py:3954} INFO - Setting next_dagrun for json_dag to 2026-09-17 08:59:00+00:00, run_after=2026-09-18 08:00:00+00:00
[2026-09-17T10:30:18.291+0000] {processor.py:183} INFO - Processing /opt/airflow/dags/json_dag.py took 0.926 seconds
[2026-09-17T10:30:48.840+0000] {processor.py:161} INFO - Started process (PID=1402) to work on /opt/airflow/dags/json_dag.py
[2026-09-17T10:30:48.841+0000] {processor.py:830} INFO - Processing file /opt/airflow/dags/json_dag.py for tasks to queue
[2026-09-17T10:30:48.844+0000] {logging_mixin.py:188} INFO - [2026-09-17T10:30:48.844+0000] {dagbag.py:545} INFO - Filling up the DagBag from /opt/airflow/dags/json_dag.py
[2026-09-17T10:30:49.553+0000] {processor.py:840} INFO - DAG(s) 'json_dag' retrieved from /opt/airflow/dags/json_dag.py
[2026-09-17T10:30:49.583+0000] {logging_mixin.py:188} INFO - [2026-09-17T10:30:49.582+0000] {dag.py:3096} INFO - Sync 1 DAGs
[2026-09-17T10:30:49.624+0000] {logging_mixin.py:188} INFO - [2026-09-17T10:30:49.624+0000] {dag.py:3954} INFO - Setting next_dagrun for json_dag to 2026-09-17 08:59:00+00:00, run_after=2026-09-18 08:00:00+00:00
[2026-09-17T10:30:49.659+0000] {processor.py:183} INFO - Processing /opt/airflow/dags/json_dag.py took 0.828 seconds
[2026-09-17T10:31:20.235+0000] {processor.py:161} INFO - Started process (PID=1411) to work on /opt/airflow/dags/json_dag.py
[2026-09-17T10:31:20.243+0000] {processor.py:830} INFO - Processing file /opt/airflow/dags/json_dag.py for tasks to queue
[2026-09-17T10:31:20.262+0000] {logging_mixin.py:188} INFO - [2026-09-17T10:31:20.256+0000] {dagbag.py:545} INFO - Filling up the DagBag from /opt/airflow/dags/json_dag.py
[2026-09-17T10:31:20.992+0000] {processor.py:840} INFO - DAG(s) 'json_dag' retrieved from /opt/airflow/dags/json_dag.py
[2026-09-17T10:31:21.037+0000] {logging_mixin.py:188} INFO - [2026-09-17T10:31:21.036+0000] {dag.py:3096} INFO - Sync 1 DAGs
[2026-09-17T10:31:21.066+0000] {logging_mixin.py:188} INFO - [2026-09-17T10:31:21.066+0000] {dag.py:3954} INFO - Setting next_dagrun for json_dag to 2026-09-17 08:59:00+00:00, run_after=2026-09-18 08:00:00+00:00
[2026-09-17T10:31:21.103+0000] {processor.py:183} INFO - Processing /opt/airflow/dags/json_dag.py took 0.888 seconds
[2026-09-17T10:31:51.522+0000] {processor.py:161} INFO - Started process (PID=1421) to work on /opt/airflow/dags/json_dag.py
[2026-09-17T10:31:51.524+0000] {processor.py:830} INFO - Processing file /opt/airflow/dags/json_dag.py for tasks to queue
[2026-09-17T10:31:51.530+0000] {logging_mixin.py:188} INFO - [2026-09-17T10:31:51.529+0000] {dagbag.py:545} INFO - Filling up the DagBag from /opt/airflow/dags/json_dag.py
[2026-09-17T10:31:52.114+0000] {processor.py:840} INFO - DAG(s) 'json_dag' retrieved from /opt/airflow/dags/json_dag.py
[2026-09-17T10:31:52.165+0000] {logging_mixin.py:188} INFO - [2026-09-17T10:31:52.165+0000] {dag.py:3096} INFO - Sync 1 DAGs
[2026-09-17T10:31:52.221+0000] {logging_mixin.py:188} INFO - [2026-09-17T10:31:52.221+0000] {dag.py:3954} INFO - Setting next_dagrun for json_dag to 2026-09-17 08:59:00+00:00, run_after=2026-09-18 08:00:00+00:00
[2026-09-17T10:31:52.533+0000] {processor.py:183} INFO - Processing /opt/airflow/dags/json_dag.py took 1.024 seconds
[2026-09-17T10:32:22.907+0000] {processor.py:161} INFO - Started process (PID=1430) to work on /opt/airflow/dags/json_dag.py
[2026-09-17T10:32:22.909+0000] {processor.py:830} INFO - Processing file /opt/airflow/dags/json_dag.py for tasks to queue
[2026-09-17T10:32:22.923+0000] {logging_mixin.py:188} INFO - [2026-09-17T10:32:22.922+0000] {dagbag.py:545} INFO - Filling up the DagBag from /opt/airflow/dags/json_dag.py
[2026-09-17T10:32:24.092+0000] {processor.py:840} INFO - DAG(s) 'json_dag' retrieved from /opt/airflow/dags/json_dag.py
[2026-09-17T10:32:24.153+0000] {logging_mixin.py:188} INFO - [2026-09-17T10:32:24.152+0000] {dag.py:3096} INFO - Sync 1 DAGs
[2026-09-17T10:32:24.213+0000] {logging_mixin.py:188} INFO - [2026-09-17T10:32:24.212+0000] {dag.py:3954} INFO - Setting next_dagrun for json_dag to 2026-09-17 08:59:00+00:00, run_after=2026-09-18 08:00:00+00:00
[2026-09-17T10:32:24.932+0000] {processor.py:183} INFO - Processing /opt/airflow/dags/json_dag.py took 2.050 seconds
[2026-09-17T10:32:55.334+0000] {processor.py:161} INFO - Started process (PID=1439) to work on /opt/airflow/dags/json_dag.py
[2026-09-17T10:32:55.337+0000] {processor.py:830} INFO - Processing file /opt/airflow/dags/json_dag.py for tasks to queue
[2026-09-17T10:32:55.343+0000] {logging_mixin.py:188} INFO - [2026-09-17T10:32:55.342+0000] {dagbag.py:545} INFO - Filling up the DagBag from /opt/airflow/dags/json_dag.py
[2026-09-17T10:32:56.124+0000] {processor.py:840} INFO - DAG(s) 'json_dag' retrieved from /opt/airflow/dags/json_dag.py
[2026-09-17T10:32:56.168+0000] {logging_mixin.py:188} INFO - [2026-09-17T10:32:56.167+0000] {dag.py:3096} INFO - Sync 1 DAGs
[2026-09-17T10:32:56.208+0000] {logging_mixin.py:188} INFO - [2026-09-17T10:32:56.208+0000] {dag.py:3954} INFO - Setting next_dagrun for json_dag to 2026-09-17 08:59:00+00:00, run_after=2026-09-18 08:00:00+00:00
[2026-09-17T10:32:56.253+0000] {processor.py:183} INFO - Processing /opt/airflow/dags/json_dag.py took 0.938 seconds
[2026-09-17T10:34:39.867+0000] {processor.py:161} INFO - Started process (PID=68) to work on /opt/airflow/dags/json_dag.py
[2026-09-17T10:34:39.874+0000] {processor.py:830} INFO - Processing file /opt/airflow/dags/json_dag.py for tasks to queue
[2026-09-17T10:34:39.882+0000] {logging_mixin.py:188} INFO - [2026-09-17T10:34:39.881+0000] {dagbag.py:545} INFO - Filling up the DagBag from /opt/airflow/dags/json_dag.py
[2026-09-17T10:34:45.359+0000] {processor.py:840} INFO - DAG(s) 'json_dag' retrieved from /opt/airflow/dags/json_dag.py
[2026-09-17T10:34:46.586+0000] {logging_mixin.py:188} INFO - [2026-09-17T10:34:46.585+0000] {override.py:1829} INFO - Created Permission View: can read on DAG:json_dag
[2026-09-17T10:34:46.626+0000] {logging_mixin.py:188} INFO - [2026-09-17T10:34:46.625+0000] {override.py:1829} INFO - Created Permission View: can edit on DAG:json_dag
[2026-09-17T10:34:46.652+0000] {logging_mixin.py:188} INFO - [2026-09-17T10:34:46.652+0000] {override.py:1829} INFO - Created Permission View: can delete on DAG:json_dag
[2026-09-17T10:34:46.654+0000] {logging_mixin.py:188} INFO - [2026-09-17T10:34:46.653+0000] {dag.py:3096} INFO - Sync 1 DAGs
[2026-09-17T10:34:46.682+0000] {logging_mixin.py:188} INFO - [2026-09-17T10:34:46.682+0000] {dag.py:3118} INFO - Creating ORM DAG for json_dag
[2026-09-17T10:34:46.702+0000] {logging_mixin.py:188} INFO - [2026-09-17T10:34:46.701+0000] {dag.py:3954} INFO - Setting next_dagrun for json_dag to 2026-09-17 08:58:00+00:00, run_after=2026-09-17 08:59:00+00:00
[2026-09-17T10:34:46.736+0000] {processor.py:183} INFO - Processing /opt/airflow/dags/json_dag.py took 6.892 seconds
[2026-09-17T10:35:17.163+0000] {processor.py:161} INFO - Started process (PID=78) to work on /opt/airflow/dags/json_dag.py
[2026-09-17T10:35:17.167+0000] {processor.py:830} INFO - Processing file /opt/airflow/dags/json_dag.py for tasks to queue
[2026-09-17T10:35:17.170+0000] {logging_mixin.py:188} INFO - [2026-09-17T10:35:17.170+0000] {dagbag.py:545} INFO - Filling up the DagBag from /opt/airflow/dags/json_dag.py
[2026-09-17T10:35:17.907+0000] {processor.py:840} INFO - DAG(s) 'json_dag' retrieved from /opt/airflow/dags/json_dag.py
[2026-09-17T10:35:17.959+0000] {logging_mixin.py:188} INFO - [2026-09-17T10:35:17.958+0000] {dag.py:3096} INFO - Sync 1 DAGs
[2026-09-17T10:35:18.004+0000] {logging_mixin.py:188} INFO - [2026-09-17T10:35:18.004+0000] {dag.py:3954} INFO - Setting next_dagrun for json_dag to 2026-09-17 08:58:00+00:00, run_after=2026-09-17 08:59:00+00:00
[2026-09-17T10:35:18.033+0000] {processor.py:183} INFO - Processing /opt/airflow/dags/json_dag.py took 0.879 seconds
[2026-09-17T10:35:48.551+0000] {processor.py:161} INFO - Started process (PID=87) to work on /opt/airflow/dags/json_dag.py
[2026-09-17T10:35:48.554+0000] {processor.py:830} INFO - Processing file /opt/airflow/dags/json_dag.py for tasks to queue
[2026-09-17T10:35:48.564+0000] {logging_mixin.py:188} INFO - [2026-09-17T10:35:48.563+0000] {dagbag.py:545} INFO - Filling up the DagBag from /opt/airflow/dags/json_dag.py
[2026-09-17T10:35:49.114+0000] {processor.py:840} INFO - DAG(s) 'json_dag' retrieved from /opt/airflow/dags/json_dag.py
[2026-09-17T10:35:49.138+0000] {logging_mixin.py:188} INFO - [2026-09-17T10:35:49.138+0000] {dag.py:3096} INFO - Sync 1 DAGs
[2026-09-17T10:35:49.160+0000] {logging_mixin.py:188} INFO - [2026-09-17T10:35:49.160+0000] {dag.py:3954} INFO - Setting next_dagrun for json_dag to 2026-09-17 08:58:00+00:00, run_after=2026-09-17 08:59:00+00:00
[2026-09-17T10:35:49.183+0000] {processor.py:183} INFO - Processing /opt/airflow/dags/json_dag.py took 0.648 seconds
[2026-09-17T10:36:19.238+0000] {processor.py:161} INFO - Started process (PID=96) to work on /opt/airflow/dags/json_dag.py
[2026-09-17T10:36:19.241+0000] {processor.py:830} INFO - Processing file /opt/airflow/dags/json_dag.py for tasks to queue
[2026-09-17T10:36:19.246+0000] {logging_mixin.py:188} INFO - [2026-09-17T10:36:19.246+0000] {dagbag.py:545} INFO - Filling up the DagBag from /opt/airflow/dags/json_dag.py
[2026-09-17T10:36:20.026+0000] {processor.py:840} INFO - DAG(s) 'json_dag' retrieved from /opt/airflow/dags/json_dag.py
[2026-09-17T10:36:20.057+0000] {logging_mixin.py:188} INFO - [2026-09-17T10:36:20.056+0000] {dag.py:3096} INFO - Sync 1 DAGs
[2026-09-17T10:36:20.090+0000] {logging_mixin.py:188} INFO - [2026-09-17T10:36:20.089+0000] {dag.py:3954} INFO - Setting next_dagrun for json_dag to 2026-09-17 08:58:00+00:00, run_after=2026-09-17 08:59:00+00:00
[2026-09-17T10:36:20.117+0000] {processor.py:183} INFO - Processing /opt/airflow/dags/json_dag.py took 0.885 seconds
[2026-09-17T10:36:50.397+0000] {processor.py:161} INFO - Started process (PID=105) to work on /opt/airflow/dags/json_dag.py
[2026-09-17T10:36:50.400+0000] {processor.py:830} INFO - Processing file /opt/airflow/dags/json_dag.py for tasks to queue
[2026-09-17T10:36:50.402+0000] {logging_mixin.py:188} INFO - [2026-09-17T10:36:50.401+0000] {dagbag.py:545} INFO - Filling up the DagBag from /opt/airflow/dags/json_dag.py
[2026-09-17T10:36:51.055+0000] {processor.py:840} INFO - DAG(s) 'json_dag' retrieved from /opt/airflow/dags/json_dag.py
[2026-09-17T10:36:51.099+0000] {logging_mixin.py:188} INFO - [2026-09-17T10:36:51.099+0000] {dag.py:3096} INFO - Sync 1 DAGs
[2026-09-17T10:36:51.140+0000] {logging_mixin.py:188} INFO - [2026-09-17T10:36:51.139+0000] {dag.py:3954} INFO - Setting next_dagrun for json_dag to 2026-09-17 08:58:00+00:00, run_after=2026-09-17 08:59:00+00:00
[2026-09-17T10:36:51.176+0000] {processor.py:183} INFO - Processing /opt/airflow/dags/json_dag.py took 0.787 seconds
[2026-09-17T10:37:21.871+0000] {processor.py:161} INFO - Started process (PID=114) to work on /opt/airflow/dags/json_dag.py
[2026-09-17T10:37:21.876+0000] {processor.py:830} INFO - Processing file /opt/airflow/dags/json_dag.py for tasks to queue
[2026-09-17T10:37:21.884+0000] {logging_mixin.py:188} INFO - [2026-09-17T10:37:21.881+0000] {dagbag.py:545} INFO - Filling up the DagBag from /opt/airflow/dags/json_dag.py
[2026-09-17T10:37:22.558+0000] {processor.py:840} INFO - DAG(s) 'json_dag' retrieved from /opt/airflow/dags/json_dag.py
[2026-09-17T10:37:22.621+0000] {logging_mixin.py:188} INFO - [2026-09-17T10:37:22.621+0000] {dag.py:3096} INFO - Sync 1 DAGs
[2026-09-17T10:37:22.645+0000] {logging_mixin.py:188} INFO - [2026-09-17T10:37:22.645+0000] {dag.py:3954} INFO - Setting next_dagrun for json_dag to 2026-09-17 08:58:00+00:00, run_after=2026-09-17 08:59:00+00:00
[2026-09-17T10:37:22.670+0000] {processor.py:183} INFO - Processing /opt/airflow/dags/json_dag.py took 0.826 seconds
[2026-09-17T10:37:53.144+0000] {processor.py:161} INFO - Started process (PID=123) to work on /opt/airflow/dags/json_dag.py
[2026-09-17T10:37:53.146+0000] {processor.py:830} INFO - Processing file /opt/airflow/dags/json_dag.py for tasks to queue
[2026-09-17T10:37:53.148+0000] {logging_mixin.py:188} INFO - [2026-09-17T10:37:53.148+0000] {dagbag.py:545} INFO - Filling up the DagBag from /opt/airflow/dags/json_dag.py
[2026-09-17T10:37:53.766+0000] {processor.py:840} INFO - DAG(s) 'json_dag' retrieved from /opt/airflow/dags/json_dag.py
[2026-09-17T10:37:53.808+0000] {logging_mixin.py:188} INFO - [2026-09-17T10:37:53.807+0000] {dag.py:3096} INFO - Sync 1 DAGs
[2026-09-17T10:37:53.834+0000] {logging_mixin.py:188} INFO - [2026-09-17T10:37:53.834+0000] {dag.py:3954} INFO - Setting next_dagrun for json_dag to 2026-09-17 08:58:00+00:00, run_after=2026-09-17 08:59:00+00:00
[2026-09-17T10:37:53.866+0000] {processor.py:183} INFO - Processing /opt/airflow/dags/json_dag.py took 0.731 seconds
[2026-09-17T10:38:24.620+0000] {processor.py:161} INFO - Started process (PID=132) to work on /opt/airflow/dags/json_dag.py
[2026-09-17T10:38:24.625+0000] {processor.py:830} INFO - Processing file /opt/airflow/dags/json_dag.py for tasks to queue
[2026-09-17T10:38:24.631+0000] {logging_mixin.py:188} INFO - [2026-09-17T10:38:24.630+0000] {dagbag.py:545} INFO - Filling up the DagBag from /opt/airflow/dags/json_dag.py
[2026-09-17T10:38:25.645+0000] {processor.py:840} INFO - DAG(s) 'json_dag' retrieved from /opt/airflow/dags/json_dag.py
[2026-09-17T10:38:25.672+0000] {logging_mixin.py:188} INFO - [2026-09-17T10:38:25.672+0000] {dag.py:3096} INFO - Sync 1 DAGs
[2026-09-17T10:38:25.692+0000] {logging_mixin.py:188} INFO - [2026-09-17T10:38:25.692+0000] {dag.py:3954} INFO - Setting next_dagrun for json_dag to 2026-09-17 08:58:00+00:00, run_after=2026-09-17 08:59:00+00:00
[2026-09-17T10:38:25.715+0000] {processor.py:183} INFO - Processing /opt/airflow/dags/json_dag.py took 1.110 seconds
[2026-09-17T10:38:56.086+0000] {processor.py:161} INFO - Started process (PID=141) to work on /opt/airflow/dags/json_dag.py
[2026-09-17T10:38:56.089+0000] {processor.py:830} INFO - Processing file /opt/airflow/dags/json_dag.py for tasks to queue
[2026-09-17T10:38:56.098+0000] {logging_mixin.py:188} INFO - [2026-09-17T10:38:56.097+0000] {dagbag.py:545} INFO - Filling up the DagBag from /opt/airflow/dags/json_dag.py
[2026-09-17T10:38:56.750+0000] {processor.py:840} INFO - DAG(s) 'json_dag' retrieved from /opt/airflow/dags/json_dag.py
[2026-09-17T10:38:56.782+0000] {logging_mixin.py:188} INFO - [2026-09-17T10:38:56.781+0000] {dag.py:3096} INFO - Sync 1 DAGs
[2026-09-17T10:38:56.817+0000] {logging_mixin.py:188} INFO - [2026-09-17T10:38:56.816+0000] {dag.py:3954} INFO - Setting next_dagrun for json_dag to 2026-09-17 08:58:00+00:00, run_after=2026-09-17 08:59:00+00:00
[2026-09-17T10:38:56.852+0000] {processor.py:183} INFO - Processing /opt/airflow/dags/json_dag.py took 0.780 seconds
[2026-09-17T10:39:27.370+0000] {processor.py:161} INFO - Started process (PID=150) to work on /opt/airflow/dags/json_dag.py
[2026-09-17T10:39:27.372+0000] {processor.py:830} INFO - Processing file /opt/airflow/dags/json_dag.py for tasks to queue
[2026-09-17T10:39:27.376+0000] {logging_mixin.py:188} INFO - [2026-09-17T10:39:27.375+0000] {dagbag.py:545} INFO - Filling up the DagBag from /opt/airflow/dags/json_dag.py
[2026-09-17T10:39:27.790+0000] {processor.py:840} INFO - DAG(s) 'json_dag' retrieved from /opt/airflow/dags/json_dag.py
[2026-09-17T10:39:27.820+0000] {logging_mixin.py:188} INFO - [2026-09-17T10:39:27.819+0000] {dag.py:3096} INFO - Sync 1 DAGs
[2026-09-17T10:39:27.842+0000] {logging_mixin.py:188} INFO - [2026-09-17T10:39:27.841+0000] {dag.py:3954} INFO - Setting next_dagrun for json_dag to 2026-09-17 08:58:00+00:00, run_after=2026-09-17 08:59:00+00:00
[2026-09-17T10:39:27.864+0000] {processor.py:183} INFO - Processing /opt/airflow/dags/json_dag.py took 0.502 seconds
[2026-09-17T10:39:58.018+0000] {processor.py:161} INFO - Started process (PID=159) to work on /opt/airflow/dags/json_dag.py
[2026-09-17T10:39:58.020+0000] {processor.py:830} INFO - Processing file /opt/airflow/dags/json_dag.py for tasks to queue
[2026-09-17T10:39:58.024+0000] {logging_mixin.py:188} INFO - [2026-09-17T10:39:58.024+0000] {dagbag.py:545} INFO - Filling up the DagBag from /opt/airflow/dags/json_dag.py
[2026-09-17T10:39:58.614+0000] {processor.py:840} INFO - DAG(s) 'json_dag' retrieved from /opt/airflow/dags/json_dag.py
[2026-09-17T10:39:58.642+0000] {logging_mixin.py:188} INFO - [2026-09-17T10:39:58.642+0000] {dag.py:3096} INFO - Sync 1 DAGs
[2026-09-17T10:39:58.666+0000] {logging_mixin.py:188} INFO - [2026-09-17T10:39:58.666+0000] {dag.py:3954} INFO - Setting next_dagrun for json_dag to 2026-09-17 08:58:00+00:00, run_after=2026-09-17 08:59:00+00:00
[2026-09-17T10:39:58.695+0000] {processor.py:183} INFO - Processing /opt/airflow/dags/json_dag.py took 0.684 seconds
[2026-09-17T10:40:29.274+0000] {processor.py:161} INFO - Started process (PID=168) to work on /opt/airflow/dags/json_dag.py
[2026-09-17T10:40:29.276+0000] {processor.py:830} INFO - Processing file /opt/airflow/dags/json_dag.py for tasks to queue
[2026-09-17T10:40:29.278+0000] {logging_mixin.py:188} INFO - [2026-09-17T10:40:29.278+0000] {dagbag.py:545} INFO - Filling up the DagBag from /opt/airflow/dags/json_dag.py
[2026-09-17T10:40:29.731+0000] {processor.py:840} INFO - DAG(s) 'json_dag' retrieved from /opt/airflow/dags/json_dag.py
[2026-09-17T10:40:29.753+0000] {logging_mixin.py:188} INFO - [2026-09-17T10:40:29.753+0000] {dag.py:3096} INFO - Sync 1 DAGs
[2026-09-17T10:40:29.777+0000] {logging_mixin.py:188} INFO - [2026-09-17T10:40:29.776+0000] {dag.py:3954} INFO - Setting next_dagrun for json_dag to 2026-09-17 08:58:00+00:00, run_after=2026-09-17 08:59:00+00:00
[2026-09-17T10:40:29.800+0000] {processor.py:183} INFO - Processing /opt/airflow/dags/json_dag.py took 0.532 seconds
[2026-09-17T10:41:00.688+0000] {processor.py:161} INFO - Started process (PID=177) to work on /opt/airflow/dags/json_dag.py
[2026-09-17T10:41:00.690+0000] {processor.py:830} INFO - Processing file /opt/airflow/dags/json_dag.py for tasks to queue
[2026-09-17T10:41:00.694+0000] {logging_mixin.py:188} INFO - [2026-09-17T10:41:00.693+0000] {dagbag.py:545} INFO - Filling up the DagBag from /opt/airflow/dags/json_dag.py
[2026-09-17T10:41:01.146+0000] {processor.py:840} INFO - DAG(s) 'json_dag' retrieved from /opt/airflow/dags/json_dag.py
[2026-09-17T10:41:01.169+0000] {logging_mixin.py:188} INFO - [2026-09-17T10:41:01.169+0000] {dag.py:3096} INFO - Sync 1 DAGs
[2026-09-17T10:41:01.193+0000] {logging_mixin.py:188} INFO - [2026-09-17T10:41:01.192+0000] {dag.py:3954} INFO - Setting next_dagrun for json_dag to 2026-09-17 08:58:00+00:00, run_after=2026-09-17 08:59:00+00:00
[2026-09-17T10:41:01.217+0000] {processor.py:183} INFO - Processing /opt/airflow/dags/json_dag.py took 0.539 seconds
[2026-09-17T10:41:32.101+0000] {processor.py:161} INFO - Started process (PID=192) to work on /opt/airflow/dags/json_dag.py
[2026-09-17T10:41:32.104+0000] {processor.py:830} INFO - Processing file /opt/airflow/dags/json_dag.py for tasks to queue
[2026-09-17T10:41:32.110+0000] {logging_mixin.py:188} INFO - [2026-09-17T10:41:32.110+0000] {dagbag.py:545} INFO - Filling up the DagBag from /opt/airflow/dags/json_dag.py
[2026-09-17T10:41:32.560+0000] {processor.py:840} INFO - DAG(s) 'json_dag' retrieved from /opt/airflow/dags/json_dag.py
[2026-09-17T10:41:32.582+0000] {logging_mixin.py:188} INFO - [2026-09-17T10:41:32.582+0000] {dag.py:3096} INFO - Sync 1 DAGs
[2026-09-17T10:41:32.603+0000] {logging_mixin.py:188} INFO - [2026-09-17T10:41:32.602+0000] {dag.py:3954} INFO - Setting next_dagrun for json_dag to 2026-09-17 08:58:00+00:00, run_after=2026-09-17 08:59:00+00:00
[2026-09-17T10:41:32.624+0000] {processor.py:183} INFO - Processing /opt/airflow/dags/json_dag.py took 0.540 seconds
[2026-09-17T10:42:03.462+0000] {processor.py:161} INFO - Started process (PID=201) to work on /opt/airflow/dags/json_dag.py
[2026-09-17T10:42:03.464+0000] {processor.py:830} INFO - Processing file /opt/airflow/dags/json_dag.py for tasks to queue
[2026-09-17T10:42:03.468+0000] {logging_mixin.py:188} INFO - [2026-09-17T10:42:03.467+0000] {dagbag.py:545} INFO - Filling up the DagBag from /opt/airflow/dags/json_dag.py
[2026-09-17T10:42:03.986+0000] {processor.py:840} INFO - DAG(s) 'json_dag' retrieved from /opt/airflow/dags/json_dag.py
[2026-09-17T10:42:04.014+0000] {logging_mixin.py:188} INFO - [2026-09-17T10:42:04.013+0000] {dag.py:3096} INFO - Sync 1 DAGs
[2026-09-17T10:42:04.045+0000] {logging_mixin.py:188} INFO - [2026-09-17T10:42:04.045+0000] {dag.py:3954} INFO - Setting next_dagrun for json_dag to 2026-09-17 08:58:00+00:00, run_after=2026-09-17 08:59:00+00:00
[2026-09-17T10:42:04.103+0000] {processor.py:183} INFO - Processing /opt/airflow/dags/json_dag.py took 0.651 seconds
[2026-09-17T10:43:18.391+0000] {processor.py:161} INFO - Started process (PID=67) to work on /opt/airflow/dags/json_dag.py
[2026-09-17T10:43:18.394+0000] {processor.py:830} INFO - Processing file /opt/airflow/dags/json_dag.py for tasks to queue
[2026-09-17T10:43:18.399+0000] {logging_mixin.py:188} INFO - [2026-09-17T10:43:18.398+0000] {dagbag.py:545} INFO - Filling up the DagBag from /opt/airflow/dags/json_dag.py
[2026-09-17T10:43:21.008+0000] {processor.py:840} INFO - DAG(s) 'json_dag' retrieved from /opt/airflow/dags/json_dag.py
[2026-09-17T10:43:21.352+0000] {logging_mixin.py:188} INFO - [2026-09-17T10:43:21.351+0000] {override.py:1829} INFO - Created Permission View: can read on DAG:json_dag
[2026-09-17T10:43:21.371+0000] {logging_mixin.py:188} INFO - [2026-09-17T10:43:21.371+0000] {override.py:1829} INFO - Created Permission View: can edit on DAG:json_dag
[2026-09-17T10:43:21.386+0000] {logging_mixin.py:188} INFO - [2026-09-17T10:43:21.386+0000] {override.py:1829} INFO - Created Permission View: can delete on DAG:json_dag
[2026-09-17T10:43:21.387+0000] {logging_mixin.py:188} INFO - [2026-09-17T10:43:21.387+0000] {dag.py:3096} INFO - Sync 1 DAGs
[2026-09-17T10:43:21.400+0000] {logging_mixin.py:188} INFO - [2026-09-17T10:43:21.400+0000] {dag.py:3118} INFO - Creating ORM DAG for json_dag
[2026-09-17T10:43:21.412+0000] {logging_mixin.py:188} INFO - [2026-09-17T10:43:21.411+0000] {dag.py:3954} INFO - Setting next_dagrun for json_dag to 2026-09-17 08:58:00+00:00, run_after=2026-09-17 08:59:00+00:00
[2026-09-17T10:43:21.442+0000] {processor.py:183} INFO - Processing /opt/airflow/dags/json_dag.py took 3.070 seconds
[2026-09-17T10:43:52.357+0000] {processor.py:161} INFO - Started process (PID=76) to work on /opt/airflow/dags/json_dag.py
[2026-09-17T10:43:52.359+0000] {processor.py:830} INFO - Processing file /opt/airflow/dags/json_dag.py for tasks to queue
[2026-09-17T10:43:52.361+0000] {logging_mixin.py:188} INFO - [2026-09-17T10:43:52.360+0000] {dagbag.py:545} INFO - Filling up the DagBag from /opt/airflow/dags/json_dag.py
[2026-09-17T10:43:53.087+0000] {processor.py:840} INFO - DAG(s) 'json_dag' retrieved from /opt/airflow/dags/json_dag.py
[2026-09-17T10:43:53.119+0000] {logging_mixin.py:188} INFO - [2026-09-17T10:43:53.118+0000] {dag.py:3096} INFO - Sync 1 DAGs
[2026-09-17T10:43:53.146+0000] {logging_mixin.py:188} INFO - [2026-09-17T10:43:53.146+0000] {dag.py:3954} INFO - Setting next_dagrun for json_dag to 2026-09-17 08:58:00+00:00, run_after=2026-09-17 08:59:00+00:00
[2026-09-17T10:43:53.177+0000] {processor.py:183} INFO - Processing /opt/airflow/dags/json_dag.py took 0.833 seconds
[2026-09-17T10:44:23.826+0000] {processor.py:161} INFO - Started process (PID=85) to work on /opt/airflow/dags/json_dag.py
[2026-09-17T10:44:23.828+0000] {processor.py:830} INFO - Processing file /opt/airflow/dags/json_dag.py for tasks to queue
[2026-09-17T10:44:23.830+0000] {logging_mixin.py:188} INFO - [2026-09-17T10:44:23.830+0000] {dagbag.py:545} INFO - Filling up the DagBag from /opt/airflow/dags/json_dag.py
[2026-09-17T10:44:24.536+0000] {processor.py:840} INFO - DAG(s) 'json_dag' retrieved from /opt/airflow/dags/json_dag.py
[2026-09-17T10:44:24.573+0000] {logging_mixin.py:188} INFO - [2026-09-17T10:44:24.573+0000] {dag.py:3096} INFO - Sync 1 DAGs
[2026-09-17T10:44:24.604+0000] {logging_mixin.py:188} INFO - [2026-09-17T10:44:24.603+0000] {dag.py:3954} INFO - Setting next_dagrun for json_dag to 2026-09-17 08:58:00+00:00, run_after=2026-09-17 08:59:00+00:00
[2026-09-17T10:44:24.631+0000] {processor.py:183} INFO - Processing /opt/airflow/dags/json_dag.py took 0.816 seconds
[2026-09-17T10:44:55.304+0000] {processor.py:161} INFO - Started process (PID=94) to work on /opt/airflow/dags/json_dag.py
[2026-09-17T10:44:55.308+0000] {processor.py:830} INFO - Processing file /opt/airflow/dags/json_dag.py for tasks to queue
[2026-09-17T10:44:55.316+0000] {logging_mixin.py:188} INFO - [2026-09-17T10:44:55.315+0000] {dagbag.py:545} INFO - Filling up the DagBag from /opt/airflow/dags/json_dag.py
[2026-09-17T10:44:55.987+0000] {processor.py:840} INFO - DAG(s) 'json_dag' retrieved from /opt/airflow/dags/json_dag.py
[2026-09-17T10:44:56.021+0000] {logging_mixin.py:188} INFO - [2026-09-17T10:44:56.021+0000] {dag.py:3096} INFO - Sync 1 DAGs
[2026-09-17T10:44:56.056+0000] {logging_mixin.py:188} INFO - [2026-09-17T10:44:56.056+0000] {dag.py:3954} INFO - Setting next_dagrun for json_dag to 2026-09-17 08:58:00+00:00, run_after=2026-09-17 08:59:00+00:00
[2026-09-17T10:44:56.089+0000] {processor.py:183} INFO - Processing /opt/airflow/dags/json_dag.py took 0.803 seconds
[2026-09-17T10:45:26.797+0000] {processor.py:161} INFO - Started process (PID=103) to work on /opt/airflow/dags/json_dag.py
[2026-09-17T10:45:26.801+0000] {processor.py:830} INFO - Processing file /opt/airflow/dags/json_dag.py for tasks to queue
[2026-09-17T10:45:26.804+0000] {logging_mixin.py:188} INFO - [2026-09-17T10:45:26.804+0000] {dagbag.py:545} INFO - Filling up the DagBag from /opt/airflow/dags/json_dag.py
[2026-09-17T10:45:27.541+0000] {processor.py:840} INFO - DAG(s) 'json_dag' retrieved from /opt/airflow/dags/json_dag.py
[2026-09-17T10:45:27.572+0000] {logging_mixin.py:188} INFO - [2026-09-17T10:45:27.571+0000] {dag.py:3096} INFO - Sync 1 DAGs
[2026-09-17T10:45:27.607+0000] {logging_mixin.py:188} INFO - [2026-09-17T10:45:27.607+0000] {dag.py:3954} INFO - Setting next_dagrun for json_dag to 2026-09-17 08:58:00+00:00, run_after=2026-09-17 08:59:00+00:00
[2026-09-17T10:45:27.643+0000] {processor.py:183} INFO - Processing /opt/airflow/dags/json_dag.py took 0.861 seconds
[2026-09-17T10:45:57.976+0000] {processor.py:161} INFO - Started process (PID=112) to work on /opt/airflow/dags/json_dag.py
[2026-09-17T10:45:57.980+0000] {processor.py:830} INFO - Processing file /opt/airflow/dags/json_dag.py for tasks to queue
[2026-09-17T10:45:57.991+0000] {logging_mixin.py:188} INFO - [2026-09-17T10:45:57.990+0000] {dagbag.py:545} INFO - Filling up the DagBag from /opt/airflow/dags/json_dag.py
[2026-09-17T10:45:58.452+0000] {processor.py:840} INFO - DAG(s) 'json_dag' retrieved from /opt/airflow/dags/json_dag.py
[2026-09-17T10:45:58.474+0000] {logging_mixin.py:188} INFO - [2026-09-17T10:45:58.474+0000] {dag.py:3096} INFO - Sync 1 DAGs
[2026-09-17T10:45:58.496+0000] {logging_mixin.py:188} INFO - [2026-09-17T10:45:58.496+0000] {dag.py:3954} INFO - Setting next_dagrun for json_dag to 2026-09-17 08:58:00+00:00, run_after=2026-09-17 08:59:00+00:00
[2026-09-17T10:45:58.522+0000] {processor.py:183} INFO - Processing /opt/airflow/dags/json_dag.py took 0.558 seconds
[2026-09-17T10:46:28.594+0000] {processor.py:161} INFO - Started process (PID=121) to work on /opt/airflow/dags/json_dag.py
[2026-09-17T10:46:28.595+0000] {processor.py:830} INFO - Processing file /opt/airflow/dags/json_dag.py for tasks to queue
[2026-09-17T10:46:28.597+0000] {logging_mixin.py:188} INFO - [2026-09-17T10:46:28.596+0000] {dagbag.py:545} INFO - Filling up the DagBag from /opt/airflow/dags/json_dag.py
[2026-09-17T10:46:29.054+0000] {processor.py:840} INFO - DAG(s) 'json_dag' retrieved from /opt/airflow/dags/json_dag.py
[2026-09-17T10:46:29.080+0000] {logging_mixin.py:188} INFO - [2026-09-17T10:46:29.080+0000] {dag.py:3096} INFO - Sync 1 DAGs
[2026-09-17T10:46:29.102+0000] {logging_mixin.py:188} INFO - [2026-09-17T10:46:29.102+0000] {dag.py:3954} INFO - Setting next_dagrun for json_dag to 2026-09-17 08:58:00+00:00, run_after=2026-09-17 08:59:00+00:00
[2026-09-17T10:46:29.126+0000] {processor.py:183} INFO - Processing /opt/airflow/dags/json_dag.py took 0.539 seconds
[2026-09-17T10:46:59.862+0000] {processor.py:161} INFO - Started process (PID=130) to work on /opt/airflow/dags/json_dag.py
[2026-09-17T10:46:59.864+0000] {processor.py:830} INFO - Processing file /opt/airflow/dags/json_dag.py for tasks to queue
[2026-09-17T10:46:59.866+0000] {logging_mixin.py:188} INFO - [2026-09-17T10:46:59.866+0000] {dagbag.py:545} INFO - Filling up the DagBag from /opt/airflow/dags/json_dag.py
[2026-09-17T10:47:00.352+0000] {processor.py:840} INFO - DAG(s) 'json_dag' retrieved from /opt/airflow/dags/json_dag.py
[2026-09-17T10:47:00.381+0000] {logging_mixin.py:188} INFO - [2026-09-17T10:47:00.380+0000] {dag.py:3096} INFO - Sync 1 DAGs
[2026-09-17T10:47:00.404+0000] {logging_mixin.py:188} INFO - [2026-09-17T10:47:00.403+0000] {dag.py:3954} INFO - Setting next_dagrun for json_dag to 2026-09-17 08:58:00+00:00, run_after=2026-09-17 08:59:00+00:00
[2026-09-17T10:47:00.430+0000] {processor.py:183} INFO - Processing /opt/airflow/dags/json_dag.py took 0.579 seconds
[2026-09-17T10:47:30.620+0000] {processor.py:161} INFO - Started process (PID=139) to work on /opt/airflow/dags/json_dag.py
[2026-09-17T10:47:30.621+0000] {processor.py:830} INFO - Processing file /opt/airflow/dags/json_dag.py for tasks to queue
[2026-09-17T10:47:30.624+0000] {logging_mixin.py:188} INFO - [2026-09-17T10:47:30.623+0000] {dagbag.py:545} INFO - Filling up the DagBag from /opt/airflow/dags/json_dag.py
[2026-09-17T10:47:31.107+0000] {processor.py:840} INFO - DAG(s) 'json_dag' retrieved from /opt/airflow/dags/json_dag.py
[2026-09-17T10:47:31.132+0000] {logging_mixin.py:188} INFO - [2026-09-17T10:47:31.132+0000] {dag.py:3096} INFO - Sync 1 DAGs
[2026-09-17T10:47:31.163+0000] {logging_mixin.py:188} INFO - [2026-09-17T10:47:31.163+0000] {dag.py:3954} INFO - Setting next_dagrun for json_dag to 2026-09-17 08:58:00+00:00, run_after=2026-09-17 08:59:00+00:00
[2026-09-17T10:47:31.193+0000] {processor.py:183} INFO - Processing /opt/airflow/dags/json_dag.py took 0.579 seconds
[2026-09-17T10:48:01.864+0000] {processor.py:161} INFO - Started process (PID=148) to work on /opt/airflow/dags/json_dag.py
[2026-09-17T10:48:01.866+0000] {processor.py:830} INFO - Processing file /opt/airflow/dags/json_dag.py for tasks to queue
[2026-09-17T10:48:01.873+0000] {logging_mixin.py:188} INFO - [2026-09-17T10:48:01.872+0000] {dagbag.py:545} INFO - Filling up the DagBag from /opt/airflow/dags/json_dag.py
[2026-09-17T10:48:02.521+0000] {processor.py:840} INFO - DAG(s) 'json_dag' retrieved from /opt/airflow/dags/json_dag.py
[2026-09-17T10:48:02.544+0000] {logging_mixin.py:188} INFO - [2026-09-17T10:48:02.544+0000] {dag.py:3096} INFO - Sync 1 DAGs
[2026-09-17T10:48:02.569+0000] {logging_mixin.py:188} INFO - [2026-09-17T10:48:02.569+0000] {dag.py:3954} INFO - Setting next_dagrun for json_dag to 2026-09-17 08:58:00+00:00, run_after=2026-09-17 08:59:00+00:00
[2026-09-17T10:48:02.592+0000] {processor.py:183} INFO - Processing /opt/airflow/dags/json_dag.py took 0.740 seconds
[2026-09-17T10:48:33.306+0000] {processor.py:161} INFO - Started process (PID=157) to work on /opt/airflow/dags/json_dag.py
[2026-09-17T10:48:33.308+0000] {processor.py:830} INFO - Processing file /opt/airflow/dags/json_dag.py for tasks to queue
[2026-09-17T10:48:33.310+0000] {logging_mixin.py:188} INFO - [2026-09-17T10:48:33.310+0000] {dagbag.py:545} INFO - Filling up the DagBag from /opt/airflow/dags/json_dag.py
[2026-09-17T10:48:33.761+0000] {processor.py:840} INFO - DAG(s) 'json_dag' retrieved from /opt/airflow/dags/json_dag.py
[2026-09-17T10:48:33.786+0000] {logging_mixin.py:188} INFO - [2026-09-17T10:48:33.785+0000] {dag.py:3096} INFO - Sync 1 DAGs
[2026-09-17T10:48:33.820+0000] {logging_mixin.py:188} INFO - [2026-09-17T10:48:33.818+0000] {dag.py:3954} INFO - Setting next_dagrun for json_dag to 2026-09-17 08:58:00+00:00, run_after=2026-09-17 08:59:00+00:00
[2026-09-17T10:48:33.855+0000] {processor.py:183} INFO - Processing /opt/airflow/dags/json_dag.py took 0.557 seconds
[2026-09-17T10:49:04.809+0000] {processor.py:161} INFO - Started process (PID=166) to work on /opt/airflow/dags/json_dag.py
[2026-09-17T10:49:04.811+0000] {processor.py:830} INFO - Processing file /opt/airflow/dags/json_dag.py for tasks to queue
[2026-09-17T10:49:04.817+0000] {logging_mixin.py:188} INFO - [2026-09-17T10:49:04.817+0000] {dagbag.py:545} INFO - Filling up the DagBag from /opt/airflow/dags/json_dag.py
[2026-09-17T10:49:05.270+0000] {processor.py:840} INFO - DAG(s) 'json_dag' retrieved from /opt/airflow/dags/json_dag.py
[2026-09-17T10:49:05.301+0000] {logging_mixin.py:188} INFO - [2026-09-17T10:49:05.300+0000] {dag.py:3096} INFO - Sync 1 DAGs
[2026-09-17T10:49:05.332+0000] {logging_mixin.py:188} INFO - [2026-09-17T10:49:05.332+0000] {dag.py:3954} INFO - Setting next_dagrun for json_dag to 2026-09-17 08:58:00+00:00, run_after=2026-09-17 08:59:00+00:00
[2026-09-17T10:49:05.357+0000] {processor.py:183} INFO - Processing /opt/airflow/dags/json_dag.py took 0.555 seconds
[2026-09-17T10:49:35.464+0000] {processor.py:161} INFO - Started process (PID=175) to work on /opt/airflow/dags/json_dag.py
[2026-09-17T10:49:35.466+0000] {processor.py:830} INFO - Processing file /opt/airflow/dags/json_dag.py for tasks to queue
[2026-09-17T10:49:35.470+0000] {logging_mixin.py:188} INFO - [2026-09-17T10:49:35.469+0000] {dagbag.py:545} INFO - Filling up the DagBag from /opt/airflow/dags/json_dag.py
[2026-09-17T10:49:36.078+0000] {processor.py:840} INFO - DAG(s) 'json_dag' retrieved from /opt/airflow/dags/json_dag.py
[2026-09-17T10:49:36.121+0000] {logging_mixin.py:188} INFO - [2026-09-17T10:49:36.120+0000] {dag.py:3096} INFO - Sync 1 DAGs
[2026-09-17T10:49:36.170+0000] {logging_mixin.py:188} INFO - [2026-09-17T10:49:36.170+0000] {dag.py:3954} INFO - Setting next_dagrun for json_dag to 2026-09-17 08:58:00+00:00, run_after=2026-09-17 08:59:00+00:00
[2026-09-17T10:49:36.203+0000] {processor.py:183} INFO - Processing /opt/airflow/dags/json_dag.py took 0.749 seconds
[2026-09-17T10:50:06.516+0000] {processor.py:161} INFO - Started process (PID=184) to work on /opt/airflow/dags/json_dag.py
[2026-09-17T10:50:06.518+0000] {processor.py:830} INFO - Processing file /opt/airflow/dags/json_dag.py for tasks to queue
[2026-09-17T10:50:06.523+0000] {logging_mixin.py:188} INFO - [2026-09-17T10:50:06.522+0000] {dagbag.py:545} INFO - Filling up the DagBag from /opt/airflow/dags/json_dag.py
[2026-09-17T10:50:07.050+0000] {processor.py:840} INFO - DAG(s) 'json_dag' retrieved from /opt/airflow/dags/json_dag.py
[2026-09-17T10:50:07.080+0000] {logging_mixin.py:188} INFO - [2026-09-17T10:50:07.080+0000] {dag.py:3096} INFO - Sync 1 DAGs
[2026-09-17T10:50:07.110+0000] {logging_mixin.py:188} INFO - [2026-09-17T10:50:07.110+0000] {dag.py:3954} INFO - Setting next_dagrun for json_dag to 2026-09-17 08:58:00+00:00, run_after=2026-09-17 08:59:00+00:00
[2026-09-17T10:50:07.137+0000] {processor.py:183} INFO - Processing /opt/airflow/dags/json_dag.py took 0.628 seconds
[2026-09-17T10:50:37.990+0000] {processor.py:161} INFO - Started process (PID=193) to work on /opt/airflow/dags/json_dag.py
[2026-09-17T10:50:37.991+0000] {processor.py:830} INFO - Processing file /opt/airflow/dags/json_dag.py for tasks to queue
[2026-09-17T10:50:37.995+0000] {logging_mixin.py:188} INFO - [2026-09-17T10:50:37.994+0000] {dagbag.py:545} INFO - Filling up the DagBag from /opt/airflow/dags/json_dag.py
[2026-09-17T10:50:38.642+0000] {processor.py:840} INFO - DAG(s) 'json_dag' retrieved from /opt/airflow/dags/json_dag.py
[2026-09-17T10:50:38.666+0000] {logging_mixin.py:188} INFO - [2026-09-17T10:50:38.665+0000] {dag.py:3096} INFO - Sync 1 DAGs
[2026-09-17T10:50:38.691+0000] {logging_mixin.py:188} INFO - [2026-09-17T10:50:38.691+0000] {dag.py:3954} INFO - Setting next_dagrun for json_dag to 2026-09-17 08:58:00+00:00, run_after=2026-09-17 08:59:00+00:00
[2026-09-17T10:50:38.717+0000] {processor.py:183} INFO - Processing /opt/airflow/dags/json_dag.py took 0.737 seconds
[2026-09-17T10:51:09.363+0000] {processor.py:161} INFO - Started process (PID=202) to work on /opt/airflow/dags/json_dag.py
[2026-09-17T10:51:09.365+0000] {processor.py:830} INFO - Processing file /opt/airflow/dags/json_dag.py for tasks to queue
[2026-09-17T10:51:09.370+0000] {logging_mixin.py:188} INFO - [2026-09-17T10:51:09.369+0000] {dagbag.py:545} INFO - Filling up the DagBag from /opt/airflow/dags/json_dag.py
[2026-09-17T10:51:09.809+0000] {processor.py:840} INFO - DAG(s) 'json_dag' retrieved from /opt/airflow/dags/json_dag.py
[2026-09-17T10:51:09.831+0000] {logging_mixin.py:188} INFO - [2026-09-17T10:51:09.830+0000] {dag.py:3096} INFO - Sync 1 DAGs
[2026-09-17T10:51:09.852+0000] {logging_mixin.py:188} INFO - [2026-09-17T10:51:09.852+0000] {dag.py:3954} INFO - Setting next_dagrun for json_dag to 2026-09-17 08:58:00+00:00, run_after=2026-09-17 08:59:00+00:00
[2026-09-17T10:51:09.883+0000] {processor.py:183} INFO - Processing /opt/airflow/dags/json_dag.py took 0.530 seconds
[2026-09-17T10:51:40.826+0000] {processor.py:161} INFO - Started process (PID=211) to work on /opt/airflow/dags/json_dag.py
[2026-09-17T10:51:40.828+0000] {processor.py:830} INFO - Processing file /opt/airflow/dags/json_dag.py for tasks to queue
[2026-09-17T10:51:40.833+0000] {logging_mixin.py:188} INFO - [2026-09-17T10:51:40.832+0000] {dagbag.py:545} INFO - Filling up the DagBag from /opt/airflow/dags/json_dag.py
[2026-09-17T10:51:41.242+0000] {processor.py:840} INFO - DAG(s) 'json_dag' retrieved from /opt/airflow/dags/json_dag.py
[2026-09-17T10:51:41.268+0000] {logging_mixin.py:188} INFO - [2026-09-17T10:51:41.267+0000] {dag.py:3096} INFO - Sync 1 DAGs
[2026-09-17T10:51:41.290+0000] {logging_mixin.py:188} INFO - [2026-09-17T10:51:41.290+0000] {dag.py:3954} INFO - Setting next_dagrun for json_dag to 2026-09-17 08:58:00+00:00, run_after=2026-09-17 08:59:00+00:00
[2026-09-17T10:51:41.312+0000] {processor.py:183} INFO - Processing /opt/airflow/dags/json_dag.py took 0.500 seconds
[2026-09-17T10:52:12.158+0000] {processor.py:161} INFO - Started process (PID=220) to work on /opt/airflow/dags/json_dag.py
[2026-09-17T10:52:12.159+0000] {processor.py:830} INFO - Processing file /opt/airflow/dags/json_dag.py for tasks to queue
[2026-09-17T10:52:12.161+0000] {logging_mixin.py:188} INFO - [2026-09-17T10:52:12.161+0000] {dagbag.py:545} INFO - Filling up the DagBag from /opt/airflow/dags/json_dag.py
[2026-09-17T10:52:12.707+0000] {processor.py:840} INFO - DAG(s) 'json_dag' retrieved from /opt/airflow/dags/json_dag.py
[2026-09-17T10:52:12.734+0000] {logging_mixin.py:188} INFO - [2026-09-17T10:52:12.733+0000] {dag.py:3096} INFO - Sync 1 DAGs
[2026-09-17T10:52:12.757+0000] {logging_mixin.py:188} INFO - [2026-09-17T10:52:12.757+0000] {dag.py:3954} INFO - Setting next_dagrun for json_dag to 2026-09-17 08:58:00+00:00, run_after=2026-09-17 08:59:00+00:00
[2026-09-17T10:52:12.784+0000] {processor.py:183} INFO - Processing /opt/airflow/dags/json_dag.py took 0.632 seconds
[2026-09-17T10:52:43.520+0000] {processor.py:161} INFO - Started process (PID=229) to work on /opt/airflow/dags/json_dag.py
[2026-09-17T10:52:43.523+0000] {processor.py:830} INFO - Processing file /opt/airflow/dags/json_dag.py for tasks to queue
[2026-09-17T10:52:43.526+0000] {logging_mixin.py:188} INFO - [2026-09-17T10:52:43.526+0000] {dagbag.py:545} INFO - Filling up the DagBag from /opt/airflow/dags/json_dag.py
[2026-09-17T10:52:44.439+0000] {processor.py:840} INFO - DAG(s) 'json_dag' retrieved from /opt/airflow/dags/json_dag.py
[2026-09-17T10:52:44.470+0000] {logging_mixin.py:188} INFO - [2026-09-17T10:52:44.470+0000] {dag.py:3096} INFO - Sync 1 DAGs
[2026-09-17T10:52:44.506+0000] {logging_mixin.py:188} INFO - [2026-09-17T10:52:44.505+0000] {dag.py:3954} INFO - Setting next_dagrun for json_dag to 2026-09-17 08:58:00+00:00, run_after=2026-09-17 08:59:00+00:00
[2026-09-17T10:52:44.537+0000] {processor.py:183} INFO - Processing /opt/airflow/dags/json_dag.py took 1.026 seconds
[2026-09-17T10:53:14.798+0000] {processor.py:161} INFO - Started process (PID=238) to work on /opt/airflow/dags/json_dag.py
[2026-09-17T10:53:14.799+0000] {processor.py:830} INFO - Processing file /opt/airflow/dags/json_dag.py for tasks to queue
[2026-09-17T10:53:14.802+0000] {logging_mixin.py:188} INFO - [2026-09-17T10:53:14.802+0000] {dagbag.py:545} INFO - Filling up the DagBag from /opt/airflow/dags/json_dag.py
[2026-09-17T10:53:15.236+0000] {processor.py:840} INFO - DAG(s) 'json_dag' retrieved from /opt/airflow/dags/json_dag.py
[2026-09-17T10:53:15.265+0000] {logging_mixin.py:188} INFO - [2026-09-17T10:53:15.264+0000] {dag.py:3096} INFO - Sync 1 DAGs
[2026-09-17T10:53:15.287+0000] {logging_mixin.py:188} INFO - [2026-09-17T10:53:15.287+0000] {dag.py:3954} INFO - Setting next_dagrun for json_dag to 2026-09-17 08:58:00+00:00, run_after=2026-09-17 08:59:00+00:00
[2026-09-17T10:53:15.314+0000] {processor.py:183} INFO - Processing /opt/airflow/dags/json_dag.py took 0.525 seconds
[2026-09-17T10:53:46.169+0000] {processor.py:161} INFO - Started process (PID=247) to work on /opt/airflow/dags/json_dag.py
[2026-09-17T10:53:46.170+0000] {processor.py:830} INFO - Processing file /opt/airflow/dags/json_dag.py for tasks to queue
[2026-09-17T10:53:46.173+0000] {logging_mixin.py:188} INFO - [2026-09-17T10:53:46.173+0000] {dagbag.py:545} INFO - Filling up the DagBag from /opt/airflow/dags/json_dag.py
[2026-09-17T10:53:46.600+0000] {processor.py:840} INFO - DAG(s) 'json_dag' retrieved from /opt/airflow/dags/json_dag.py
[2026-09-17T10:53:46.623+0000] {logging_mixin.py:188} INFO - [2026-09-17T10:53:46.623+0000] {dag.py:3096} INFO - Sync 1 DAGs
[2026-09-17T10:53:46.647+0000] {logging_mixin.py:188} INFO - [2026-09-17T10:53:46.647+0000] {dag.py:3954} INFO - Setting next_dagrun for json_dag to 2026-09-17 08:58:00+00:00, run_after=2026-09-17 08:59:00+00:00
[2026-09-17T10:53:46.669+0000] {processor.py:183} INFO - Processing /opt/airflow/dags/json_dag.py took 0.508 seconds
[2026-09-17T10:54:17.535+0000] {processor.py:161} INFO - Started process (PID=256) to work on /opt/airflow/dags/json_dag.py
[2026-09-17T10:54:17.537+0000] {processor.py:830} INFO - Processing file /opt/airflow/dags/json_dag.py for tasks to queue
[2026-09-17T10:54:17.540+0000] {logging_mixin.py:188} INFO - [2026-09-17T10:54:17.540+0000] {dagbag.py:545} INFO - Filling up the DagBag from /opt/airflow/dags/json_dag.py
[2026-09-17T10:54:18.101+0000] {processor.py:840} INFO - DAG(s) 'json_dag' retrieved from /opt/airflow/dags/json_dag.py
[2026-09-17T10:54:18.124+0000] {logging_mixin.py:188} INFO - [2026-09-17T10:54:18.123+0000] {dag.py:3096} INFO - Sync 1 DAGs
[2026-09-17T10:54:18.147+0000] {logging_mixin.py:188} INFO - [2026-09-17T10:54:18.147+0000] {dag.py:3954} INFO - Setting next_dagrun for json_dag to 2026-09-17 08:58:00+00:00, run_after=2026-09-17 08:59:00+00:00
[2026-09-17T10:54:18.172+0000] {processor.py:183} INFO - Processing /opt/airflow/dags/json_dag.py took 0.646 seconds
[2026-09-17T10:54:48.868+0000] {processor.py:161} INFO - Started process (PID=265) to work on /opt/airflow/dags/json_dag.py
[2026-09-17T10:54:48.871+0000] {processor.py:830} INFO - Processing file /opt/airflow/dags/json_dag.py for tasks to queue
[2026-09-17T10:54:48.876+0000] {logging_mixin.py:188} INFO - [2026-09-17T10:54:48.875+0000] {dagbag.py:545} INFO - Filling up the DagBag from /opt/airflow/dags/json_dag.py
[2026-09-17T10:54:49.410+0000] {processor.py:840} INFO - DAG(s) 'json_dag' retrieved from /opt/airflow/dags/json_dag.py
[2026-09-17T10:54:49.433+0000] {logging_mixin.py:188} INFO - [2026-09-17T10:54:49.432+0000] {dag.py:3096} INFO - Sync 1 DAGs
[2026-09-17T10:54:49.462+0000] {logging_mixin.py:188} INFO - [2026-09-17T10:54:49.462+0000] {dag.py:3954} INFO - Setting next_dagrun for json_dag to 2026-09-17 08:58:00+00:00, run_after=2026-09-17 08:59:00+00:00
[2026-09-17T10:54:49.496+0000] {processor.py:183} INFO - Processing /opt/airflow/dags/json_dag.py took 0.635 seconds
[2026-09-17T10:55:20.391+0000] {processor.py:161} INFO - Started process (PID=280) to work on /opt/airflow/dags/json_dag.py
[2026-09-17T10:55:20.392+0000] {processor.py:830} INFO - Processing file /opt/airflow/dags/json_dag.py for tasks to queue
[2026-09-17T10:55:20.395+0000] {logging_mixin.py:188} INFO - [2026-09-17T10:55:20.395+0000] {dagbag.py:545} INFO - Filling up the DagBag from /opt/airflow/dags/json_dag.py
[2026-09-17T10:55:20.842+0000] {processor.py:840} INFO - DAG(s) 'json_dag' retrieved from /opt/airflow/dags/json_dag.py
[2026-09-17T10:55:20.868+0000] {logging_mixin.py:188} INFO - [2026-09-17T10:55:20.867+0000] {dag.py:3096} INFO - Sync 1 DAGs
[2026-09-17T10:55:20.891+0000] {logging_mixin.py:188} INFO - [2026-09-17T10:55:20.891+0000] {dag.py:3954} INFO - Setting next_dagrun for json_dag to 2026-09-17 08:58:00+00:00, run_after=2026-09-17 08:59:00+00:00
[2026-09-17T10:55:20.917+0000] {processor.py:183} INFO - Processing /opt/airflow/dags/json_dag.py took 0.532 seconds
[2026-09-17T10:55:51.736+0000] {processor.py:161} INFO - Started process (PID=289) to work on /opt/airflow/dags/json_dag.py
[2026-09-17T10:55:51.737+0000] {processor.py:830} INFO - Processing file /opt/airflow/dags/json_dag.py for tasks to queue
[2026-09-17T10:55:51.739+0000] {logging_mixin.py:188} INFO - [2026-09-17T10:55:51.739+0000] {dagbag.py:545} INFO - Filling up the DagBag from /opt/airflow/dags/json_dag.py
[2026-09-17T10:55:52.197+0000] {processor.py:840} INFO - DAG(s) 'json_dag' retrieved from /opt/airflow/dags/json_dag.py
[2026-09-17T10:55:52.223+0000] {logging_mixin.py:188} INFO - [2026-09-17T10:55:52.223+0000] {dag.py:3096} INFO - Sync 1 DAGs
[2026-09-17T10:55:52.254+0000] {logging_mixin.py:188} INFO - [2026-09-17T10:55:52.254+0000] {dag.py:3954} INFO - Setting next_dagrun for json_dag to 2026-09-17 08:58:00+00:00, run_after=2026-09-17 08:59:00+00:00
[2026-09-17T10:55:52.276+0000] {processor.py:183} INFO - Processing /opt/airflow/dags/json_dag.py took 0.551 seconds
[2026-09-17T10:56:23.095+0000] {processor.py:161} INFO - Started process (PID=302) to work on /opt/airflow/dags/json_dag.py
[2026-09-17T10:56:23.097+0000] {processor.py:830} INFO - Processing file /opt/airflow/dags/json_dag.py for tasks to queue
[2026-09-17T10:56:23.102+0000] {logging_mixin.py:188} INFO - [2026-09-17T10:56:23.101+0000] {dagbag.py:545} INFO - Filling up the DagBag from /opt/airflow/dags/json_dag.py
[2026-09-17T10:56:23.583+0000] {processor.py:840} INFO - DAG(s) 'json_dag' retrieved from /opt/airflow/dags/json_dag.py
[2026-09-17T10:56:23.604+0000] {logging_mixin.py:188} INFO - [2026-09-17T10:56:23.604+0000] {dag.py:3096} INFO - Sync 1 DAGs
[2026-09-17T10:56:23.625+0000] {logging_mixin.py:188} INFO - [2026-09-17T10:56:23.624+0000] {dag.py:3954} INFO - Setting next_dagrun for json_dag to 2026-09-17 08:59:00+00:00, run_after=2026-09-18 08:00:00+00:00
[2026-09-17T10:56:23.791+0000] {processor.py:183} INFO - Processing /opt/airflow/dags/json_dag.py took 0.704 seconds
[2026-09-17T10:56:54.533+0000] {processor.py:161} INFO - Started process (PID=311) to work on /opt/airflow/dags/json_dag.py
[2026-09-17T10:56:54.535+0000] {processor.py:830} INFO - Processing file /opt/airflow/dags/json_dag.py for tasks to queue
[2026-09-17T10:56:54.537+0000] {logging_mixin.py:188} INFO - [2026-09-17T10:56:54.537+0000] {dagbag.py:545} INFO - Filling up the DagBag from /opt/airflow/dags/json_dag.py
[2026-09-17T10:56:54.973+0000] {processor.py:840} INFO - DAG(s) 'json_dag' retrieved from /opt/airflow/dags/json_dag.py
[2026-09-17T10:56:54.992+0000] {logging_mixin.py:188} INFO - [2026-09-17T10:56:54.991+0000] {dag.py:3096} INFO - Sync 1 DAGs
[2026-09-17T10:56:55.013+0000] {logging_mixin.py:188} INFO - [2026-09-17T10:56:55.013+0000] {dag.py:3954} INFO - Setting next_dagrun for json_dag to 2026-09-17 08:59:00+00:00, run_after=2026-09-18 08:00:00+00:00
[2026-09-17T10:56:55.039+0000] {processor.py:183} INFO - Processing /opt/airflow/dags/json_dag.py took 0.512 seconds
[2026-09-17T10:57:25.817+0000] {processor.py:161} INFO - Started process (PID=320) to work on /opt/airflow/dags/json_dag.py
[2026-09-17T10:57:25.819+0000] {processor.py:830} INFO - Processing file /opt/airflow/dags/json_dag.py for tasks to queue
[2026-09-17T10:57:25.821+0000] {logging_mixin.py:188} INFO - [2026-09-17T10:57:25.821+0000] {dagbag.py:545} INFO - Filling up the DagBag from /opt/airflow/dags/json_dag.py
[2026-09-17T10:57:26.232+0000] {processor.py:840} INFO - DAG(s) 'json_dag' retrieved from /opt/airflow/dags/json_dag.py
[2026-09-17T10:57:26.250+0000] {logging_mixin.py:188} INFO - [2026-09-17T10:57:26.249+0000] {dag.py:3096} INFO - Sync 1 DAGs
[2026-09-17T10:57:26.269+0000] {logging_mixin.py:188} INFO - [2026-09-17T10:57:26.268+0000] {dag.py:3954} INFO - Setting next_dagrun for json_dag to 2026-09-17 08:59:00+00:00, run_after=2026-09-18 08:00:00+00:00
[2026-09-17T10:57:26.290+0000] {processor.py:183} INFO - Processing /opt/airflow/dags/json_dag.py took 0.483 seconds
[2026-09-17T10:57:57.198+0000] {processor.py:161} INFO - Started process (PID=329) to work on /opt/airflow/dags/json_dag.py
[2026-09-17T10:57:57.200+0000] {processor.py:830} INFO - Processing file /opt/airflow/dags/json_dag.py for tasks to queue
[2026-09-17T10:57:57.204+0000] {logging_mixin.py:188} INFO - [2026-09-17T10:57:57.203+0000] {dagbag.py:545} INFO - Filling up the DagBag from /opt/airflow/dags/json_dag.py
[2026-09-17T10:57:58.226+0000] {processor.py:840} INFO - DAG(s) 'json_dag' retrieved from /opt/airflow/dags/json_dag.py
[2026-09-17T10:57:58.281+0000] {logging_mixin.py:188} INFO - [2026-09-17T10:57:58.280+0000] {dag.py:3096} INFO - Sync 1 DAGs
[2026-09-17T10:57:58.319+0000] {logging_mixin.py:188} INFO - [2026-09-17T10:57:58.318+0000] {dag.py:3954} INFO - Setting next_dagrun for json_dag to 2026-09-17 08:59:00+00:00, run_after=2026-09-18 08:00:00+00:00
[2026-09-17T10:57:58.366+0000] {processor.py:183} INFO - Processing /opt/airflow/dags/json_dag.py took 1.180 seconds
[2026-09-17T10:58:28.706+0000] {processor.py:161} INFO - Started process (PID=338) to work on /opt/airflow/dags/json_dag.py
[2026-09-17T10:58:28.708+0000] {processor.py:830} INFO - Processing file /opt/airflow/dags/json_dag.py for tasks to queue
[2026-09-17T10:58:28.710+0000] {logging_mixin.py:188} INFO - [2026-09-17T10:58:28.710+0000] {dagbag.py:545} INFO - Filling up the DagBag from /opt/airflow/dags/json_dag.py
[2026-09-17T10:58:29.214+0000] {processor.py:840} INFO - DAG(s) 'json_dag' retrieved from /opt/airflow/dags/json_dag.py
[2026-09-17T10:58:29.241+0000] {logging_mixin.py:188} INFO - [2026-09-17T10:58:29.240+0000] {dag.py:3096} INFO - Sync 1 DAGs
[2026-09-17T10:58:29.271+0000] {logging_mixin.py:188} INFO - [2026-09-17T10:58:29.271+0000] {dag.py:3954} INFO - Setting next_dagrun for json_dag to 2026-09-17 08:59:00+00:00, run_after=2026-09-18 08:00:00+00:00
[2026-09-17T10:58:29.302+0000] {processor.py:183} INFO - Processing /opt/airflow/dags/json_dag.py took 0.605 seconds
[2026-09-17T10:59:00.017+0000] {processor.py:161} INFO - Started process (PID=347) to work on /opt/airflow/dags/json_dag.py
[2026-09-17T10:59:00.018+0000] {processor.py:830} INFO - Processing file /opt/airflow/dags/json_dag.py for tasks to queue
[2026-09-17T10:59:00.021+0000] {logging_mixin.py:188} INFO - [2026-09-17T10:59:00.021+0000] {dagbag.py:545} INFO - Filling up the DagBag from /opt/airflow/dags/json_dag.py
[2026-09-17T10:59:00.501+0000] {processor.py:840} INFO - DAG(s) 'json_dag' retrieved from /opt/airflow/dags/json_dag.py
[2026-09-17T10:59:00.524+0000] {logging_mixin.py:188} INFO - [2026-09-17T10:59:00.524+0000] {dag.py:3096} INFO - Sync 1 DAGs
[2026-09-17T10:59:00.547+0000] {logging_mixin.py:188} INFO - [2026-09-17T10:59:00.547+0000] {dag.py:3954} INFO - Setting next_dagrun for json_dag to 2026-09-17 08:59:00+00:00, run_after=2026-09-18 08:00:00+00:00
[2026-09-17T10:59:00.713+0000] {processor.py:183} INFO - Processing /opt/airflow/dags/json_dag.py took 0.708 seconds
[2026-09-17T10:59:31.482+0000] {processor.py:161} INFO - Started process (PID=357) to work on /opt/airflow/dags/json_dag.py
[2026-09-17T10:59:31.484+0000] {processor.py:830} INFO - Processing file /opt/airflow/dags/json_dag.py for tasks to queue
[2026-09-17T10:59:31.491+0000] {logging_mixin.py:188} INFO - [2026-09-17T10:59:31.490+0000] {dagbag.py:545} INFO - Filling up the DagBag from /opt/airflow/dags/json_dag.py
[2026-09-17T10:59:32.117+0000] {processor.py:840} INFO - DAG(s) 'json_dag' retrieved from /opt/airflow/dags/json_dag.py
[2026-09-17T10:59:32.142+0000] {logging_mixin.py:188} INFO - [2026-09-17T10:59:32.142+0000] {dag.py:3096} INFO - Sync 1 DAGs
[2026-09-17T10:59:32.182+0000] {logging_mixin.py:188} INFO - [2026-09-17T10:59:32.181+0000] {dag.py:3954} INFO - Setting next_dagrun for json_dag to 2026-09-17 08:59:00+00:00, run_after=2026-09-18 08:00:00+00:00
[2026-09-17T10:59:32.220+0000] {processor.py:183} INFO - Processing /opt/airflow/dags/json_dag.py took 0.756 seconds
[2026-09-17T11:00:02.969+0000] {processor.py:161} INFO - Started process (PID=366) to work on /opt/airflow/dags/json_dag.py
[2026-09-17T11:00:02.970+0000] {processor.py:830} INFO - Processing file /opt/airflow/dags/json_dag.py for tasks to queue
[2026-09-17T11:00:02.972+0000] {logging_mixin.py:188} INFO - [2026-09-17T11:00:02.971+0000] {dagbag.py:545} INFO - Filling up the DagBag from /opt/airflow/dags/json_dag.py
[2026-09-17T11:00:03.383+0000] {processor.py:840} INFO - DAG(s) 'json_dag' retrieved from /opt/airflow/dags/json_dag.py
[2026-09-17T11:00:03.427+0000] {logging_mixin.py:188} INFO - [2026-09-17T11:00:03.426+0000] {dag.py:3096} INFO - Sync 1 DAGs
[2026-09-17T11:00:03.472+0000] {logging_mixin.py:188} INFO - [2026-09-17T11:00:03.472+0000] {dag.py:3954} INFO - Setting next_dagrun for json_dag to 2026-09-17 08:59:00+00:00, run_after=2026-09-18 08:00:00+00:00
[2026-09-17T11:00:03.511+0000] {processor.py:183} INFO - Processing /opt/airflow/dags/json_dag.py took 0.548 seconds
[2026-09-17T11:00:34.343+0000] {processor.py:161} INFO - Started process (PID=375) to work on /opt/airflow/dags/json_dag.py
[2026-09-17T11:00:34.344+0000] {processor.py:830} INFO - Processing file /opt/airflow/dags/json_dag.py for tasks to queue
[2026-09-17T11:00:34.347+0000] {logging_mixin.py:188} INFO - [2026-09-17T11:00:34.347+0000] {dagbag.py:545} INFO - Filling up the DagBag from /opt/airflow/dags/json_dag.py
[2026-09-17T11:00:34.747+0000] {processor.py:840} INFO - DAG(s) 'json_dag' retrieved from /opt/airflow/dags/json_dag.py
[2026-09-17T11:00:34.767+0000] {logging_mixin.py:188} INFO - [2026-09-17T11:00:34.767+0000] {dag.py:3096} INFO - Sync 1 DAGs
[2026-09-17T11:00:34.788+0000] {logging_mixin.py:188} INFO - [2026-09-17T11:00:34.788+0000] {dag.py:3954} INFO - Setting next_dagrun for json_dag to 2026-09-17 08:59:00+00:00, run_after=2026-09-18 08:00:00+00:00
[2026-09-17T11:00:34.811+0000] {processor.py:183} INFO - Processing /opt/airflow/dags/json_dag.py took 0.474 seconds
[2026-09-17T11:01:05.714+0000] {processor.py:161} INFO - Started process (PID=384) to work on /opt/airflow/dags/json_dag.py
[2026-09-17T11:01:05.716+0000] {processor.py:830} INFO - Processing file /opt/airflow/dags/json_dag.py for tasks to queue
[2026-09-17T11:01:05.718+0000] {logging_mixin.py:188} INFO - [2026-09-17T11:01:05.718+0000] {dagbag.py:545} INFO - Filling up the DagBag from /opt/airflow/dags/json_dag.py
[2026-09-17T11:01:06.123+0000] {processor.py:840} INFO - DAG(s) 'json_dag' retrieved from /opt/airflow/dags/json_dag.py
[2026-09-17T11:01:06.144+0000] {logging_mixin.py:188} INFO - [2026-09-17T11:01:06.144+0000] {dag.py:3096} INFO - Sync 1 DAGs
[2026-09-17T11:01:06.166+0000] {logging_mixin.py:188} INFO - [2026-09-17T11:01:06.166+0000] {dag.py:3954} INFO - Setting next_dagrun for json_dag to 2026-09-17 08:59:00+00:00, run_after=2026-09-18 08:00:00+00:00
[2026-09-17T11:01:06.194+0000] {processor.py:183} INFO - Processing /opt/airflow/dags/json_dag.py took 0.487 seconds
[2026-09-17T11:01:37.127+0000] {processor.py:161} INFO - Started process (PID=393) to work on /opt/airflow/dags/json_dag.py
[2026-09-17T11:01:37.129+0000] {processor.py:830} INFO - Processing file /opt/airflow/dags/json_dag.py for tasks to queue
[2026-09-17T11:01:37.133+0000] {logging_mixin.py:188} INFO - [2026-09-17T11:01:37.132+0000] {dagbag.py:545} INFO - Filling up the DagBag from /opt/airflow/dags/json_dag.py
[2026-09-17T11:01:37.612+0000] {processor.py:840} INFO - DAG(s) 'json_dag' retrieved from /opt/airflow/dags/json_dag.py
[2026-09-17T11:01:37.634+0000] {logging_mixin.py:188} INFO - [2026-09-17T11:01:37.633+0000] {dag.py:3096} INFO - Sync 1 DAGs
[2026-09-17T11:01:37.656+0000] {logging_mixin.py:188} INFO - [2026-09-17T11:01:37.655+0000] {dag.py:3954} INFO - Setting next_dagrun for json_dag to 2026-09-17 08:59:00+00:00, run_after=2026-09-18 08:00:00+00:00
[2026-09-17T11:01:37.677+0000] {processor.py:183} INFO - Processing /opt/airflow/dags/json_dag.py took 0.562 seconds
[2026-09-17T11:02:08.509+0000] {processor.py:161} INFO - Started process (PID=402) to work on /opt/airflow/dags/json_dag.py
[2026-09-17T11:02:08.511+0000] {processor.py:830} INFO - Processing file /opt/airflow/dags/json_dag.py for tasks to queue
[2026-09-17T11:02:08.515+0000] {logging_mixin.py:188} INFO - [2026-09-17T11:02:08.515+0000] {dagbag.py:545} INFO - Filling up the DagBag from /opt/airflow/dags/json_dag.py
[2026-09-17T11:02:08.992+0000] {processor.py:840} INFO - DAG(s) 'json_dag' retrieved from /opt/airflow/dags/json_dag.py
[2026-09-17T11:02:09.014+0000] {logging_mixin.py:188} INFO - [2026-09-17T11:02:09.014+0000] {dag.py:3096} INFO - Sync 1 DAGs
[2026-09-17T11:02:09.037+0000] {logging_mixin.py:188} INFO - [2026-09-17T11:02:09.036+0000] {dag.py:3954} INFO - Setting next_dagrun for json_dag to 2026-09-17 08:59:00+00:00, run_after=2026-09-18 08:00:00+00:00
[2026-09-17T11:02:09.187+0000] {processor.py:183} INFO - Processing /opt/airflow/dags/json_dag.py took 0.690 seconds
[2026-09-17T11:02:39.933+0000] {processor.py:161} INFO - Started process (PID=411) to work on /opt/airflow/dags/json_dag.py
[2026-09-17T11:02:39.934+0000] {processor.py:830} INFO - Processing file /opt/airflow/dags/json_dag.py for tasks to queue
[2026-09-17T11:02:39.937+0000] {logging_mixin.py:188} INFO - [2026-09-17T11:02:39.937+0000] {dagbag.py:545} INFO - Filling up the DagBag from /opt/airflow/dags/json_dag.py
[2026-09-17T11:02:40.365+0000] {processor.py:840} INFO - DAG(s) 'json_dag' retrieved from /opt/airflow/dags/json_dag.py
[2026-09-17T11:02:40.385+0000] {logging_mixin.py:188} INFO - [2026-09-17T11:02:40.384+0000] {dag.py:3096} INFO - Sync 1 DAGs
[2026-09-17T11:02:40.406+0000] {logging_mixin.py:188} INFO - [2026-09-17T11:02:40.406+0000] {dag.py:3954} INFO - Setting next_dagrun for json_dag to 2026-09-17 08:59:00+00:00, run_after=2026-09-18 08:00:00+00:00
[2026-09-17T11:02:40.427+0000] {processor.py:183} INFO - Processing /opt/airflow/dags/json_dag.py took 0.500 seconds
[2026-09-17T11:03:10.536+0000] {processor.py:161} INFO - Started process (PID=420) to work on /opt/airflow/dags/json_dag.py
[2026-09-17T11:03:10.537+0000] {processor.py:830} INFO - Processing file /opt/airflow/dags/json_dag.py for tasks to queue
[2026-09-17T11:03:10.540+0000] {logging_mixin.py:188} INFO - [2026-09-17T11:03:10.539+0000] {dagbag.py:545} INFO - Filling up the DagBag from /opt/airflow/dags/json_dag.py
[2026-09-17T11:03:10.928+0000] {processor.py:840} INFO - DAG(s) 'json_dag' retrieved from /opt/airflow/dags/json_dag.py
[2026-09-17T11:03:10.949+0000] {logging_mixin.py:188} INFO - [2026-09-17T11:03:10.949+0000] {dag.py:3096} INFO - Sync 1 DAGs
[2026-09-17T11:03:10.970+0000] {logging_mixin.py:188} INFO - [2026-09-17T11:03:10.970+0000] {dag.py:3954} INFO - Setting next_dagrun for json_dag to 2026-09-17 08:59:00+00:00, run_after=2026-09-18 08:00:00+00:00
[2026-09-17T11:03:10.995+0000] {processor.py:183} INFO - Processing /opt/airflow/dags/json_dag.py took 0.467 seconds
[2026-09-17T11:03:41.878+0000] {processor.py:161} INFO - Started process (PID=429) to work on /opt/airflow/dags/json_dag.py
[2026-09-17T11:03:41.879+0000] {processor.py:830} INFO - Processing file /opt/airflow/dags/json_dag.py for tasks to queue
[2026-09-17T11:03:41.881+0000] {logging_mixin.py:188} INFO - [2026-09-17T11:03:41.881+0000] {dagbag.py:545} INFO - Filling up the DagBag from /opt/airflow/dags/json_dag.py
[2026-09-17T11:03:42.274+0000] {processor.py:840} INFO - DAG(s) 'json_dag' retrieved from /opt/airflow/dags/json_dag.py
[2026-09-17T11:03:42.296+0000] {logging_mixin.py:188} INFO - [2026-09-17T11:03:42.295+0000] {dag.py:3096} INFO - Sync 1 DAGs
[2026-09-17T11:03:42.320+0000] {logging_mixin.py:188} INFO - [2026-09-17T11:03:42.320+0000] {dag.py:3954} INFO - Setting next_dagrun for json_dag to 2026-09-17 08:59:00+00:00, run_after=2026-09-18 08:00:00+00:00
[2026-09-17T11:03:42.347+0000] {processor.py:183} INFO - Processing /opt/airflow/dags/json_dag.py took 0.476 seconds
[2026-09-17T11:04:12.451+0000] {processor.py:161} INFO - Started process (PID=438) to work on /opt/airflow/dags/json_dag.py
[2026-09-17T11:04:12.452+0000] {processor.py:830} INFO - Processing file /opt/airflow/dags/json_dag.py for tasks to queue
[2026-09-17T11:04:12.454+0000] {logging_mixin.py:188} INFO - [2026-09-17T11:04:12.454+0000] {dagbag.py:545} INFO - Filling up the DagBag from /opt/airflow/dags/json_dag.py
[2026-09-17T11:04:12.900+0000] {processor.py:840} INFO - DAG(s) 'json_dag' retrieved from /opt/airflow/dags/json_dag.py
[2026-09-17T11:04:12.935+0000] {logging_mixin.py:188} INFO - [2026-09-17T11:04:12.935+0000] {dag.py:3096} INFO - Sync 1 DAGs
[2026-09-17T11:04:12.956+0000] {logging_mixin.py:188} INFO - [2026-09-17T11:04:12.956+0000] {dag.py:3954} INFO - Setting next_dagrun for json_dag to 2026-09-17 08:59:00+00:00, run_after=2026-09-18 08:00:00+00:00
[2026-09-17T11:04:12.977+0000] {processor.py:183} INFO - Processing /opt/airflow/dags/json_dag.py took 0.531 seconds
[2026-09-17T11:04:43.744+0000] {processor.py:161} INFO - Started process (PID=447) to work on /opt/airflow/dags/json_dag.py
[2026-09-17T11:04:43.746+0000] {processor.py:830} INFO - Processing file /opt/airflow/dags/json_dag.py for tasks to queue
[2026-09-17T11:04:43.748+0000] {logging_mixin.py:188} INFO - [2026-09-17T11:04:43.747+0000] {dagbag.py:545} INFO - Filling up the DagBag from /opt/airflow/dags/json_dag.py
[2026-09-17T11:04:44.135+0000] {processor.py:840} INFO - DAG(s) 'json_dag' retrieved from /opt/airflow/dags/json_dag.py
[2026-09-17T11:04:44.155+0000] {logging_mixin.py:188} INFO - [2026-09-17T11:04:44.155+0000] {dag.py:3096} INFO - Sync 1 DAGs
[2026-09-17T11:04:44.179+0000] {logging_mixin.py:188} INFO - [2026-09-17T11:04:44.179+0000] {dag.py:3954} INFO - Setting next_dagrun for json_dag to 2026-09-17 08:59:00+00:00, run_after=2026-09-18 08:00:00+00:00
[2026-09-17T11:04:44.322+0000] {processor.py:183} INFO - Processing /opt/airflow/dags/json_dag.py took 0.585 seconds
[2026-09-17T11:05:14.921+0000] {processor.py:161} INFO - Started process (PID=456) to work on /opt/airflow/dags/json_dag.py
[2026-09-17T11:05:14.923+0000] {processor.py:830} INFO - Processing file /opt/airflow/dags/json_dag.py for tasks to queue
[2026-09-17T11:05:14.926+0000] {logging_mixin.py:188} INFO - [2026-09-17T11:05:14.925+0000] {dagbag.py:545} INFO - Filling up the DagBag from /opt/airflow/dags/json_dag.py
[2026-09-17T11:05:16.093+0000] {processor.py:840} INFO - DAG(s) 'json_dag' retrieved from /opt/airflow/dags/json_dag.py
[2026-09-17T11:05:16.128+0000] {logging_mixin.py:188} INFO - [2026-09-17T11:05:16.127+0000] {dag.py:3096} INFO - Sync 1 DAGs
[2026-09-17T11:05:16.165+0000] {logging_mixin.py:188} INFO - [2026-09-17T11:05:16.165+0000] {dag.py:3954} INFO - Setting next_dagrun for json_dag to 2026-09-17 08:59:00+00:00, run_after=2026-09-18 08:00:00+00:00
[2026-09-17T11:05:16.363+0000] {processor.py:183} INFO - Processing /opt/airflow/dags/json_dag.py took 1.455 seconds
[2026-09-17T11:05:46.948+0000] {processor.py:161} INFO - Started process (PID=465) to work on /opt/airflow/dags/json_dag.py
[2026-09-17T11:05:46.949+0000] {processor.py:830} INFO - Processing file /opt/airflow/dags/json_dag.py for tasks to queue
[2026-09-17T11:05:46.952+0000] {logging_mixin.py:188} INFO - [2026-09-17T11:05:46.951+0000] {dagbag.py:545} INFO - Filling up the DagBag from /opt/airflow/dags/json_dag.py
[2026-09-17T11:05:47.393+0000] {processor.py:840} INFO - DAG(s) 'json_dag' retrieved from /opt/airflow/dags/json_dag.py
[2026-09-17T11:05:47.415+0000] {logging_mixin.py:188} INFO - [2026-09-17T11:05:47.415+0000] {dag.py:3096} INFO - Sync 1 DAGs
[2026-09-17T11:05:47.442+0000] {logging_mixin.py:188} INFO - [2026-09-17T11:05:47.442+0000] {dag.py:3954} INFO - Setting next_dagrun for json_dag to 2026-09-17 08:59:00+00:00, run_after=2026-09-18 08:00:00+00:00
[2026-09-17T11:05:47.463+0000] {processor.py:183} INFO - Processing /opt/airflow/dags/json_dag.py took 0.522 seconds
[2026-09-17T11:06:17.523+0000] {processor.py:161} INFO - Started process (PID=474) to work on /opt/airflow/dags/json_dag.py
[2026-09-17T11:06:17.524+0000] {processor.py:830} INFO - Processing file /opt/airflow/dags/json_dag.py for tasks to queue
[2026-09-17T11:06:17.527+0000] {logging_mixin.py:188} INFO - [2026-09-17T11:06:17.526+0000] {dagbag.py:545} INFO - Filling up the DagBag from /opt/airflow/dags/json_dag.py
[2026-09-17T11:06:18.156+0000] {processor.py:840} INFO - DAG(s) 'json_dag' retrieved from /opt/airflow/dags/json_dag.py
[2026-09-17T11:06:18.180+0000] {logging_mixin.py:188} INFO - [2026-09-17T11:06:18.180+0000] {dag.py:3096} INFO - Sync 1 DAGs
[2026-09-17T11:06:18.204+0000] {logging_mixin.py:188} INFO - [2026-09-17T11:06:18.204+0000] {dag.py:3954} INFO - Setting next_dagrun for json_dag to 2026-09-17 08:59:00+00:00, run_after=2026-09-18 08:00:00+00:00
[2026-09-17T11:06:18.229+0000] {processor.py:183} INFO - Processing /opt/airflow/dags/json_dag.py took 0.712 seconds
[2026-09-17T11:06:48.532+0000] {processor.py:161} INFO - Started process (PID=483) to work on /opt/airflow/dags/json_dag.py
[2026-09-17T11:06:48.533+0000] {processor.py:830} INFO - Processing file /opt/airflow/dags/json_dag.py for tasks to queue
[2026-09-17T11:06:48.535+0000] {logging_mixin.py:188} INFO - [2026-09-17T11:06:48.535+0000] {dagbag.py:545} INFO - Filling up the DagBag from /opt/airflow/dags/json_dag.py
[2026-09-17T11:06:49.000+0000] {processor.py:840} INFO - DAG(s) 'json_dag' retrieved from /opt/airflow/dags/json_dag.py
[2026-09-17T11:06:49.022+0000] {logging_mixin.py:188} INFO - [2026-09-17T11:06:49.022+0000] {dag.py:3096} INFO - Sync 1 DAGs
[2026-09-17T11:06:49.050+0000] {logging_mixin.py:188} INFO - [2026-09-17T11:06:49.050+0000] {dag.py:3954} INFO - Setting next_dagrun for json_dag to 2026-09-17 08:59:00+00:00, run_after=2026-09-18 08:00:00+00:00
[2026-09-17T11:06:49.084+0000] {processor.py:183} INFO - Processing /opt/airflow/dags/json_dag.py took 0.559 seconds
[2026-09-17T11:07:19.955+0000] {processor.py:161} INFO - Started process (PID=492) to work on /opt/airflow/dags/json_dag.py
[2026-09-17T11:07:19.957+0000] {processor.py:830} INFO - Processing file /opt/airflow/dags/json_dag.py for tasks to queue
[2026-09-17T11:07:19.960+0000] {logging_mixin.py:188} INFO - [2026-09-17T11:07:19.960+0000] {dagbag.py:545} INFO - Filling up the DagBag from /opt/airflow/dags/json_dag.py
[2026-09-17T11:07:20.398+0000] {processor.py:840} INFO - DAG(s) 'json_dag' retrieved from /opt/airflow/dags/json_dag.py
[2026-09-17T11:07:20.421+0000] {logging_mixin.py:188} INFO - [2026-09-17T11:07:20.420+0000] {dag.py:3096} INFO - Sync 1 DAGs
[2026-09-17T11:07:20.442+0000] {logging_mixin.py:188} INFO - [2026-09-17T11:07:20.442+0000] {dag.py:3954} INFO - Setting next_dagrun for json_dag to 2026-09-17 08:59:00+00:00, run_after=2026-09-18 08:00:00+00:00
[2026-09-17T11:07:20.464+0000] {processor.py:183} INFO - Processing /opt/airflow/dags/json_dag.py took 0.516 seconds
[2026-09-17T11:07:50.677+0000] {processor.py:161} INFO - Started process (PID=501) to work on /opt/airflow/dags/json_dag.py
[2026-09-17T11:07:50.679+0000] {processor.py:830} INFO - Processing file /opt/airflow/dags/json_dag.py for tasks to queue
[2026-09-17T11:07:50.681+0000] {logging_mixin.py:188} INFO - [2026-09-17T11:07:50.681+0000] {dagbag.py:545} INFO - Filling up the DagBag from /opt/airflow/dags/json_dag.py
[2026-09-17T11:07:51.365+0000] {processor.py:840} INFO - DAG(s) 'json_dag' retrieved from /opt/airflow/dags/json_dag.py
[2026-09-17T11:07:51.389+0000] {logging_mixin.py:188} INFO - [2026-09-17T11:07:51.388+0000] {dag.py:3096} INFO - Sync 1 DAGs
[2026-09-17T11:07:51.413+0000] {logging_mixin.py:188} INFO - [2026-09-17T11:07:51.412+0000] {dag.py:3954} INFO - Setting next_dagrun for json_dag to 2026-09-17 08:59:00+00:00, run_after=2026-09-18 08:00:00+00:00
[2026-09-17T11:07:51.631+0000] {processor.py:183} INFO - Processing /opt/airflow/dags/json_dag.py took 0.962 seconds
[2026-09-17T11:08:21.853+0000] {processor.py:161} INFO - Started process (PID=516) to work on /opt/airflow/dags/json_dag.py
[2026-09-17T11:08:21.854+0000] {processor.py:830} INFO - Processing file /opt/airflow/dags/json_dag.py for tasks to queue
[2026-09-17T11:08:21.857+0000] {logging_mixin.py:188} INFO - [2026-09-17T11:08:21.857+0000] {dagbag.py:545} INFO - Filling up the DagBag from /opt/airflow/dags/json_dag.py
[2026-09-17T11:08:22.413+0000] {processor.py:840} INFO - DAG(s) 'json_dag' retrieved from /opt/airflow/dags/json_dag.py
[2026-09-17T11:08:22.453+0000] {logging_mixin.py:188} INFO - [2026-09-17T11:08:22.452+0000] {dag.py:3096} INFO - Sync 1 DAGs
[2026-09-17T11:08:22.479+0000] {logging_mixin.py:188} INFO - [2026-09-17T11:08:22.479+0000] {dag.py:3954} INFO - Setting next_dagrun for json_dag to 2026-09-17 08:59:00+00:00, run_after=2026-09-18 08:00:00+00:00
[2026-09-17T11:08:22.503+0000] {processor.py:183} INFO - Processing /opt/airflow/dags/json_dag.py took 0.656 seconds
[2026-09-17T11:08:53.360+0000] {processor.py:161} INFO - Started process (PID=525) to work on /opt/airflow/dags/json_dag.py
[2026-09-17T11:08:53.361+0000] {processor.py:830} INFO - Processing file /opt/airflow/dags/json_dag.py for tasks to queue
[2026-09-17T11:08:53.364+0000] {logging_mixin.py:188} INFO - [2026-09-17T11:08:53.363+0000] {dagbag.py:545} INFO - Filling up the DagBag from /opt/airflow/dags/json_dag.py
[2026-09-17T11:08:53.783+0000] {processor.py:840} INFO - DAG(s) 'json_dag' retrieved from /opt/airflow/dags/json_dag.py
[2026-09-17T11:08:53.805+0000] {logging_mixin.py:188} INFO - [2026-09-17T11:08:53.804+0000] {dag.py:3096} INFO - Sync 1 DAGs
[2026-09-17T11:08:53.835+0000] {logging_mixin.py:188} INFO - [2026-09-17T11:08:53.834+0000] {dag.py:3954} INFO - Setting next_dagrun for json_dag to 2026-09-17 08:59:00+00:00, run_after=2026-09-18 08:00:00+00:00
[2026-09-17T11:08:53.881+0000] {processor.py:183} INFO - Processing /opt/airflow/dags/json_dag.py took 0.527 seconds
[2026-09-17T11:09:23.955+0000] {processor.py:161} INFO - Started process (PID=534) to work on /opt/airflow/dags/json_dag.py
[2026-09-17T11:09:23.956+0000] {processor.py:830} INFO - Processing file /opt/airflow/dags/json_dag.py for tasks to queue
[2026-09-17T11:09:23.959+0000] {logging_mixin.py:188} INFO - [2026-09-17T11:09:23.958+0000] {dagbag.py:545} INFO - Filling up the DagBag from /opt/airflow/dags/json_dag.py
[2026-09-17T11:09:24.525+0000] {processor.py:840} INFO - DAG(s) 'json_dag' retrieved from /opt/airflow/dags/json_dag.py
[2026-09-17T11:09:24.569+0000] {logging_mixin.py:188} INFO - [2026-09-17T11:09:24.567+0000] {dag.py:3096} INFO - Sync 1 DAGs
[2026-09-17T11:09:24.617+0000] {logging_mixin.py:188} INFO - [2026-09-17T11:09:24.617+0000] {dag.py:3954} INFO - Setting next_dagrun for json_dag to 2026-09-17 08:59:00+00:00, run_after=2026-09-18 08:00:00+00:00
[2026-09-17T11:09:24.676+0000] {processor.py:183} INFO - Processing /opt/airflow/dags/json_dag.py took 0.730 seconds
[2026-09-17T11:09:55.134+0000] {processor.py:161} INFO - Started process (PID=543) to work on /opt/airflow/dags/json_dag.py
[2026-09-17T11:09:55.135+0000] {processor.py:830} INFO - Processing file /opt/airflow/dags/json_dag.py for tasks to queue
[2026-09-17T11:09:55.137+0000] {logging_mixin.py:188} INFO - [2026-09-17T11:09:55.136+0000] {dagbag.py:545} INFO - Filling up the DagBag from /opt/airflow/dags/json_dag.py
[2026-09-17T11:09:55.781+0000] {processor.py:840} INFO - DAG(s) 'json_dag' retrieved from /opt/airflow/dags/json_dag.py
[2026-09-17T11:09:55.849+0000] {logging_mixin.py:188} INFO - [2026-09-17T11:09:55.848+0000] {dag.py:3096} INFO - Sync 1 DAGs
[2026-09-17T11:09:55.895+0000] {logging_mixin.py:188} INFO - [2026-09-17T11:09:55.894+0000] {dag.py:3954} INFO - Setting next_dagrun for json_dag to 2026-09-17 08:59:00+00:00, run_after=2026-09-18 08:00:00+00:00
[2026-09-17T11:09:55.943+0000] {processor.py:183} INFO - Processing /opt/airflow/dags/json_dag.py took 0.815 seconds
[2026-09-17T11:10:26.352+0000] {processor.py:161} INFO - Started process (PID=552) to work on /opt/airflow/dags/json_dag.py
[2026-09-17T11:10:26.354+0000] {processor.py:830} INFO - Processing file /opt/airflow/dags/json_dag.py for tasks to queue
[2026-09-17T11:10:26.358+0000] {logging_mixin.py:188} INFO - [2026-09-17T11:10:26.358+0000] {dagbag.py:545} INFO - Filling up the DagBag from /opt/airflow/dags/json_dag.py
[2026-09-17T11:10:26.904+0000] {processor.py:840} INFO - DAG(s) 'json_dag' retrieved from /opt/airflow/dags/json_dag.py
[2026-09-17T11:10:26.926+0000] {logging_mixin.py:188} INFO - [2026-09-17T11:10:26.926+0000] {dag.py:3096} INFO - Sync 1 DAGs
[2026-09-17T11:10:26.945+0000] {logging_mixin.py:188} INFO - [2026-09-17T11:10:26.945+0000] {dag.py:3954} INFO - Setting next_dagrun for json_dag to 2026-09-17 08:59:00+00:00, run_after=2026-09-18 08:00:00+00:00
[2026-09-17T11:10:27.093+0000] {processor.py:183} INFO - Processing /opt/airflow/dags/json_dag.py took 0.753 seconds
[2026-09-17T11:10:57.678+0000] {processor.py:161} INFO - Started process (PID=561) to work on /opt/airflow/dags/json_dag.py
[2026-09-17T11:10:57.680+0000] {processor.py:830} INFO - Processing file /opt/airflow/dags/json_dag.py for tasks to queue
[2026-09-17T11:10:57.685+0000] {logging_mixin.py:188} INFO - [2026-09-17T11:10:57.684+0000] {dagbag.py:545} INFO - Filling up the DagBag from /opt/airflow/dags/json_dag.py
[2026-09-17T11:10:58.280+0000] {processor.py:840} INFO - DAG(s) 'json_dag' retrieved from /opt/airflow/dags/json_dag.py
[2026-09-17T11:10:58.305+0000] {logging_mixin.py:188} INFO - [2026-09-17T11:10:58.304+0000] {dag.py:3096} INFO - Sync 1 DAGs
[2026-09-17T11:10:58.332+0000] {logging_mixin.py:188} INFO - [2026-09-17T11:10:58.332+0000] {dag.py:3954} INFO - Setting next_dagrun for json_dag to 2026-09-17 08:59:00+00:00, run_after=2026-09-18 08:00:00+00:00
[2026-09-17T11:10:58.513+0000] {processor.py:183} INFO - Processing /opt/airflow/dags/json_dag.py took 0.846 seconds
[2026-09-17T11:11:28.998+0000] {processor.py:161} INFO - Started process (PID=570) to work on /opt/airflow/dags/json_dag.py
[2026-09-17T11:11:29.000+0000] {processor.py:830} INFO - Processing file /opt/airflow/dags/json_dag.py for tasks to queue
[2026-09-17T11:11:29.005+0000] {logging_mixin.py:188} INFO - [2026-09-17T11:11:29.005+0000] {dagbag.py:545} INFO - Filling up the DagBag from /opt/airflow/dags/json_dag.py
[2026-09-17T11:11:29.551+0000] {processor.py:840} INFO - DAG(s) 'json_dag' retrieved from /opt/airflow/dags/json_dag.py
[2026-09-17T11:11:29.577+0000] {logging_mixin.py:188} INFO - [2026-09-17T11:11:29.577+0000] {dag.py:3096} INFO - Sync 1 DAGs
[2026-09-17T11:11:29.611+0000] {logging_mixin.py:188} INFO - [2026-09-17T11:11:29.611+0000] {dag.py:3954} INFO - Setting next_dagrun for json_dag to 2026-09-17 08:59:00+00:00, run_after=2026-09-18 08:00:00+00:00
[2026-09-17T11:11:29.631+0000] {processor.py:183} INFO - Processing /opt/airflow/dags/json_dag.py took 0.647 seconds
[2026-09-17T11:12:00.313+0000] {processor.py:161} INFO - Started process (PID=579) to work on /opt/airflow/dags/json_dag.py
[2026-09-17T11:12:00.315+0000] {processor.py:830} INFO - Processing file /opt/airflow/dags/json_dag.py for tasks to queue
[2026-09-17T11:12:00.319+0000] {logging_mixin.py:188} INFO - [2026-09-17T11:12:00.319+0000] {dagbag.py:545} INFO - Filling up the DagBag from /opt/airflow/dags/json_dag.py
[2026-09-17T11:12:00.727+0000] {processor.py:840} INFO - DAG(s) 'json_dag' retrieved from /opt/airflow/dags/json_dag.py
[2026-09-17T11:12:00.747+0000] {logging_mixin.py:188} INFO - [2026-09-17T11:12:00.747+0000] {dag.py:3096} INFO - Sync 1 DAGs
[2026-09-17T11:12:00.768+0000] {logging_mixin.py:188} INFO - [2026-09-17T11:12:00.768+0000] {dag.py:3954} INFO - Setting next_dagrun for json_dag to 2026-09-17 08:59:00+00:00, run_after=2026-09-18 08:00:00+00:00
[2026-09-17T11:12:00.789+0000] {processor.py:183} INFO - Processing /opt/airflow/dags/json_dag.py took 0.487 seconds
[2026-09-17T11:12:30.894+0000] {processor.py:161} INFO - Started process (PID=588) to work on /opt/airflow/dags/json_dag.py
[2026-09-17T11:12:30.896+0000] {processor.py:830} INFO - Processing file /opt/airflow/dags/json_dag.py for tasks to queue
[2026-09-17T11:12:30.897+0000] {logging_mixin.py:188} INFO - [2026-09-17T11:12:30.897+0000] {dagbag.py:545} INFO - Filling up the DagBag from /opt/airflow/dags/json_dag.py
[2026-09-17T11:12:31.380+0000] {processor.py:840} INFO - DAG(s) 'json_dag' retrieved from /opt/airflow/dags/json_dag.py
[2026-09-17T11:12:31.427+0000] {logging_mixin.py:188} INFO - [2026-09-17T11:12:31.426+0000] {dag.py:3096} INFO - Sync 1 DAGs
[2026-09-17T11:12:31.472+0000] {logging_mixin.py:188} INFO - [2026-09-17T11:12:31.472+0000] {dag.py:3954} INFO - Setting next_dagrun for json_dag to 2026-09-17 08:59:00+00:00, run_after=2026-09-18 08:00:00+00:00
[2026-09-17T11:12:31.512+0000] {processor.py:183} INFO - Processing /opt/airflow/dags/json_dag.py took 0.625 seconds
[2026-09-17T11:13:02.199+0000] {processor.py:161} INFO - Started process (PID=597) to work on /opt/airflow/dags/json_dag.py
[2026-09-17T11:13:02.200+0000] {processor.py:830} INFO - Processing file /opt/airflow/dags/json_dag.py for tasks to queue
[2026-09-17T11:13:02.202+0000] {logging_mixin.py:188} INFO - [2026-09-17T11:13:02.202+0000] {dagbag.py:545} INFO - Filling up the DagBag from /opt/airflow/dags/json_dag.py
[2026-09-17T11:13:02.653+0000] {processor.py:840} INFO - DAG(s) 'json_dag' retrieved from /opt/airflow/dags/json_dag.py
[2026-09-17T11:13:02.680+0000] {logging_mixin.py:188} INFO - [2026-09-17T11:13:02.679+0000] {dag.py:3096} INFO - Sync 1 DAGs
[2026-09-17T11:13:02.706+0000] {logging_mixin.py:188} INFO - [2026-09-17T11:13:02.706+0000] {dag.py:3954} INFO - Setting next_dagrun for json_dag to 2026-09-17 08:59:00+00:00, run_after=2026-09-18 08:00:00+00:00
[2026-09-17T11:13:02.731+0000] {processor.py:183} INFO - Processing /opt/airflow/dags/json_dag.py took 0.540 seconds
[2026-09-17T11:13:32.885+0000] {processor.py:161} INFO - Started process (PID=606) to work on /opt/airflow/dags/json_dag.py
[2026-09-17T11:13:32.887+0000] {processor.py:830} INFO - Processing file /opt/airflow/dags/json_dag.py for tasks to queue
[2026-09-17T11:13:32.892+0000] {logging_mixin.py:188} INFO - [2026-09-17T11:13:32.891+0000] {dagbag.py:545} INFO - Filling up the DagBag from /opt/airflow/dags/json_dag.py
[2026-09-17T11:13:33.374+0000] {processor.py:840} INFO - DAG(s) 'json_dag' retrieved from /opt/airflow/dags/json_dag.py
[2026-09-17T11:13:33.410+0000] {logging_mixin.py:188} INFO - [2026-09-17T11:13:33.410+0000] {dag.py:3096} INFO - Sync 1 DAGs
[2026-09-17T11:13:33.437+0000] {logging_mixin.py:188} INFO - [2026-09-17T11:13:33.436+0000] {dag.py:3954} INFO - Setting next_dagrun for json_dag to 2026-09-17 08:59:00+00:00, run_after=2026-09-18 08:00:00+00:00
[2026-09-17T11:13:33.596+0000] {processor.py:183} INFO - Processing /opt/airflow/dags/json_dag.py took 0.717 seconds
[2026-09-17T11:14:03.913+0000] {processor.py:161} INFO - Started process (PID=615) to work on /opt/airflow/dags/json_dag.py
[2026-09-17T11:14:03.914+0000] {processor.py:830} INFO - Processing file /opt/airflow/dags/json_dag.py for tasks to queue
[2026-09-17T11:14:03.916+0000] {logging_mixin.py:188} INFO - [2026-09-17T11:14:03.916+0000] {dagbag.py:545} INFO - Filling up the DagBag from /opt/airflow/dags/json_dag.py
[2026-09-17T11:14:04.313+0000] {processor.py:840} INFO - DAG(s) 'json_dag' retrieved from /opt/airflow/dags/json_dag.py
[2026-09-17T11:14:04.343+0000] {logging_mixin.py:188} INFO - [2026-09-17T11:14:04.343+0000] {dag.py:3096} INFO - Sync 1 DAGs
[2026-09-17T11:14:04.495+0000] {logging_mixin.py:188} INFO - [2026-09-17T11:14:04.495+0000] {dag.py:3954} INFO - Setting next_dagrun for json_dag to 2026-09-17 08:59:00+00:00, run_after=2026-09-18 08:00:00+00:00
[2026-09-17T11:14:04.515+0000] {processor.py:183} INFO - Processing /opt/airflow/dags/json_dag.py took 0.610 seconds
[2026-09-17T11:14:34.605+0000] {processor.py:161} INFO - Started process (PID=624) to work on /opt/airflow/dags/json_dag.py
[2026-09-17T11:14:34.607+0000] {processor.py:830} INFO - Processing file /opt/airflow/dags/json_dag.py for tasks to queue
[2026-09-17T11:14:34.612+0000] {logging_mixin.py:188} INFO - [2026-09-17T11:14:34.611+0000] {dagbag.py:545} INFO - Filling up the DagBag from /opt/airflow/dags/json_dag.py
[2026-09-17T11:14:35.208+0000] {processor.py:840} INFO - DAG(s) 'json_dag' retrieved from /opt/airflow/dags/json_dag.py
[2026-09-17T11:14:35.271+0000] {logging_mixin.py:188} INFO - [2026-09-17T11:14:35.270+0000] {dag.py:3096} INFO - Sync 1 DAGs
[2026-09-17T11:14:35.325+0000] {logging_mixin.py:188} INFO - [2026-09-17T11:14:35.325+0000] {dag.py:3954} INFO - Setting next_dagrun for json_dag to 2026-09-17 08:59:00+00:00, run_after=2026-09-18 08:00:00+00:00
[2026-09-17T11:14:35.367+0000] {processor.py:183} INFO - Processing /opt/airflow/dags/json_dag.py took 0.770 seconds
[2026-09-17T11:15:05.902+0000] {processor.py:161} INFO - Started process (PID=633) to work on /opt/airflow/dags/json_dag.py
[2026-09-17T11:15:05.903+0000] {processor.py:830} INFO - Processing file /opt/airflow/dags/json_dag.py for tasks to queue
[2026-09-17T11:15:05.905+0000] {logging_mixin.py:188} INFO - [2026-09-17T11:15:05.905+0000] {dagbag.py:545} INFO - Filling up the DagBag from /opt/airflow/dags/json_dag.py
[2026-09-17T11:15:06.328+0000] {processor.py:840} INFO - DAG(s) 'json_dag' retrieved from /opt/airflow/dags/json_dag.py
[2026-09-17T11:15:06.350+0000] {logging_mixin.py:188} INFO - [2026-09-17T11:15:06.350+0000] {dag.py:3096} INFO - Sync 1 DAGs
[2026-09-17T11:15:06.370+0000] {logging_mixin.py:188} INFO - [2026-09-17T11:15:06.369+0000] {dag.py:3954} INFO - Setting next_dagrun for json_dag to 2026-09-17 08:59:00+00:00, run_after=2026-09-18 08:00:00+00:00
[2026-09-17T11:15:06.392+0000] {processor.py:183} INFO - Processing /opt/airflow/dags/json_dag.py took 0.496 seconds
[2026-09-17T11:15:37.216+0000] {processor.py:161} INFO - Started process (PID=642) to work on /opt/airflow/dags/json_dag.py
[2026-09-17T11:15:37.218+0000] {processor.py:830} INFO - Processing file /opt/airflow/dags/json_dag.py for tasks to queue
[2026-09-17T11:15:37.220+0000] {logging_mixin.py:188} INFO - [2026-09-17T11:15:37.220+0000] {dagbag.py:545} INFO - Filling up the DagBag from /opt/airflow/dags/json_dag.py
[2026-09-17T11:15:37.641+0000] {processor.py:840} INFO - DAG(s) 'json_dag' retrieved from /opt/airflow/dags/json_dag.py
[2026-09-17T11:15:37.663+0000] {logging_mixin.py:188} INFO - [2026-09-17T11:15:37.663+0000] {dag.py:3096} INFO - Sync 1 DAGs
[2026-09-17T11:15:37.687+0000] {logging_mixin.py:188} INFO - [2026-09-17T11:15:37.687+0000] {dag.py:3954} INFO - Setting next_dagrun for json_dag to 2026-09-17 08:59:00+00:00, run_after=2026-09-18 08:00:00+00:00
[2026-09-17T11:15:37.711+0000] {processor.py:183} INFO - Processing /opt/airflow/dags/json_dag.py took 0.502 seconds
[2026-09-17T11:16:08.595+0000] {processor.py:161} INFO - Started process (PID=651) to work on /opt/airflow/dags/json_dag.py
[2026-09-17T11:16:08.596+0000] {processor.py:830} INFO - Processing file /opt/airflow/dags/json_dag.py for tasks to queue
[2026-09-17T11:16:08.599+0000] {logging_mixin.py:188} INFO - [2026-09-17T11:16:08.598+0000] {dagbag.py:545} INFO - Filling up the DagBag from /opt/airflow/dags/json_dag.py
[2026-09-17T11:16:08.999+0000] {processor.py:840} INFO - DAG(s) 'json_dag' retrieved from /opt/airflow/dags/json_dag.py
[2026-09-17T11:16:09.020+0000] {logging_mixin.py:188} INFO - [2026-09-17T11:16:09.019+0000] {dag.py:3096} INFO - Sync 1 DAGs
[2026-09-17T11:16:09.041+0000] {logging_mixin.py:188} INFO - [2026-09-17T11:16:09.041+0000] {dag.py:3954} INFO - Setting next_dagrun for json_dag to 2026-09-17 08:59:00+00:00, run_after=2026-09-18 08:00:00+00:00
[2026-09-17T11:16:09.201+0000] {processor.py:183} INFO - Processing /opt/airflow/dags/json_dag.py took 0.614 seconds
[2026-09-17T11:16:40.169+0000] {processor.py:161} INFO - Started process (PID=660) to work on /opt/airflow/dags/json_dag.py
[2026-09-17T11:16:40.171+0000] {processor.py:830} INFO - Processing file /opt/airflow/dags/json_dag.py for tasks to queue
[2026-09-17T11:16:40.179+0000] {logging_mixin.py:188} INFO - [2026-09-17T11:16:40.178+0000] {dagbag.py:545} INFO - Filling up the DagBag from /opt/airflow/dags/json_dag.py
[2026-09-17T11:16:40.658+0000] {processor.py:840} INFO - DAG(s) 'json_dag' retrieved from /opt/airflow/dags/json_dag.py
[2026-09-17T11:16:40.680+0000] {logging_mixin.py:188} INFO - [2026-09-17T11:16:40.679+0000] {dag.py:3096} INFO - Sync 1 DAGs
[2026-09-17T11:16:40.701+0000] {logging_mixin.py:188} INFO - [2026-09-17T11:16:40.701+0000] {dag.py:3954} INFO - Setting next_dagrun for json_dag to 2026-09-17 08:59:00+00:00, run_after=2026-09-18 08:00:00+00:00
[2026-09-17T11:16:40.947+0000] {processor.py:183} INFO - Processing /opt/airflow/dags/json_dag.py took 0.793 seconds
[2026-09-17T11:17:11.576+0000] {processor.py:161} INFO - Started process (PID=669) to work on /opt/airflow/dags/json_dag.py
[2026-09-17T11:17:11.577+0000] {processor.py:830} INFO - Processing file /opt/airflow/dags/json_dag.py for tasks to queue
[2026-09-17T11:17:11.579+0000] {logging_mixin.py:188} INFO - [2026-09-17T11:17:11.579+0000] {dagbag.py:545} INFO - Filling up the DagBag from /opt/airflow/dags/json_dag.py
[2026-09-17T11:17:12.198+0000] {processor.py:840} INFO - DAG(s) 'json_dag' retrieved from /opt/airflow/dags/json_dag.py
[2026-09-17T11:17:12.231+0000] {logging_mixin.py:188} INFO - [2026-09-17T11:17:12.230+0000] {dag.py:3096} INFO - Sync 1 DAGs
[2026-09-17T11:17:12.259+0000] {logging_mixin.py:188} INFO - [2026-09-17T11:17:12.259+0000] {dag.py:3954} INFO - Setting next_dagrun for json_dag to 2026-09-17 08:59:00+00:00, run_after=2026-09-18 08:00:00+00:00
[2026-09-17T11:17:12.286+0000] {processor.py:183} INFO - Processing /opt/airflow/dags/json_dag.py took 0.716 seconds
[2026-09-17T11:17:42.598+0000] {processor.py:161} INFO - Started process (PID=678) to work on /opt/airflow/dags/json_dag.py
[2026-09-17T11:17:42.599+0000] {processor.py:830} INFO - Processing file /opt/airflow/dags/json_dag.py for tasks to queue
[2026-09-17T11:17:42.602+0000] {logging_mixin.py:188} INFO - [2026-09-17T11:17:42.602+0000] {dagbag.py:545} INFO - Filling up the DagBag from /opt/airflow/dags/json_dag.py
[2026-09-17T11:17:43.012+0000] {processor.py:840} INFO - DAG(s) 'json_dag' retrieved from /opt/airflow/dags/json_dag.py
[2026-09-17T11:17:43.038+0000] {logging_mixin.py:188} INFO - [2026-09-17T11:17:43.037+0000] {dag.py:3096} INFO - Sync 1 DAGs
[2026-09-17T11:17:43.062+0000] {logging_mixin.py:188} INFO - [2026-09-17T11:17:43.062+0000] {dag.py:3954} INFO - Setting next_dagrun for json_dag to 2026-09-17 08:59:00+00:00, run_after=2026-09-18 08:00:00+00:00
[2026-09-17T11:17:43.087+0000] {processor.py:183} INFO - Processing /opt/airflow/dags/json_dag.py took 0.495 seconds
[2026-09-17T11:18:13.960+0000] {processor.py:161} INFO - Started process (PID=687) to work on /opt/airflow/dags/json_dag.py
[2026-09-17T11:18:13.961+0000] {processor.py:830} INFO - Processing file /opt/airflow/dags/json_dag.py for tasks to queue
[2026-09-17T11:18:13.963+0000] {logging_mixin.py:188} INFO - [2026-09-17T11:18:13.963+0000] {dagbag.py:545} INFO - Filling up the DagBag from /opt/airflow/dags/json_dag.py
[2026-09-17T11:18:14.426+0000] {processor.py:840} INFO - DAG(s) 'json_dag' retrieved from /opt/airflow/dags/json_dag.py
[2026-09-17T11:18:14.449+0000] {logging_mixin.py:188} INFO - [2026-09-17T11:18:14.449+0000] {dag.py:3096} INFO - Sync 1 DAGs
[2026-09-17T11:18:14.469+0000] {logging_mixin.py:188} INFO - [2026-09-17T11:18:14.469+0000] {dag.py:3954} INFO - Setting next_dagrun for json_dag to 2026-09-17 08:59:00+00:00, run_after=2026-09-18 08:00:00+00:00
[2026-09-17T11:18:14.489+0000] {processor.py:183} INFO - Processing /opt/airflow/dags/json_dag.py took 0.536 seconds
[2026-09-17T11:18:45.369+0000] {processor.py:161} INFO - Started process (PID=696) to work on /opt/airflow/dags/json_dag.py
[2026-09-17T11:18:45.370+0000] {processor.py:830} INFO - Processing file /opt/airflow/dags/json_dag.py for tasks to queue
[2026-09-17T11:18:45.373+0000] {logging_mixin.py:188} INFO - [2026-09-17T11:18:45.373+0000] {dagbag.py:545} INFO - Filling up the DagBag from /opt/airflow/dags/json_dag.py
[2026-09-17T11:18:45.766+0000] {processor.py:840} INFO - DAG(s) 'json_dag' retrieved from /opt/airflow/dags/json_dag.py
[2026-09-17T11:18:45.789+0000] {logging_mixin.py:188} INFO - [2026-09-17T11:18:45.789+0000] {dag.py:3096} INFO - Sync 1 DAGs
[2026-09-17T11:18:45.814+0000] {logging_mixin.py:188} INFO - [2026-09-17T11:18:45.814+0000] {dag.py:3954} INFO - Setting next_dagrun for json_dag to 2026-09-17 08:59:00+00:00, run_after=2026-09-18 08:00:00+00:00
[2026-09-17T11:18:45.840+0000] {processor.py:183} INFO - Processing /opt/airflow/dags/json_dag.py took 0.477 seconds
[2026-09-17T11:19:16.741+0000] {processor.py:161} INFO - Started process (PID=706) to work on /opt/airflow/dags/json_dag.py
[2026-09-17T11:19:16.743+0000] {processor.py:830} INFO - Processing file /opt/airflow/dags/json_dag.py for tasks to queue
[2026-09-17T11:19:16.747+0000] {logging_mixin.py:188} INFO - [2026-09-17T11:19:16.746+0000] {dagbag.py:545} INFO - Filling up the DagBag from /opt/airflow/dags/json_dag.py
[2026-09-17T11:19:17.304+0000] {processor.py:840} INFO - DAG(s) 'json_dag' retrieved from /opt/airflow/dags/json_dag.py
[2026-09-17T11:19:17.343+0000] {logging_mixin.py:188} INFO - [2026-09-17T11:19:17.343+0000] {dag.py:3096} INFO - Sync 1 DAGs
[2026-09-17T11:19:17.383+0000] {logging_mixin.py:188} INFO - [2026-09-17T11:19:17.382+0000] {dag.py:3954} INFO - Setting next_dagrun for json_dag to 2026-09-17 08:59:00+00:00, run_after=2026-09-18 08:00:00+00:00
[2026-09-17T11:19:17.631+0000] {processor.py:183} INFO - Processing /opt/airflow/dags/json_dag.py took 0.903 seconds
[2026-09-17T11:19:48.242+0000] {processor.py:161} INFO - Started process (PID=715) to work on /opt/airflow/dags/json_dag.py
[2026-09-17T11:19:48.243+0000] {processor.py:830} INFO - Processing file /opt/airflow/dags/json_dag.py for tasks to queue
[2026-09-17T11:19:48.246+0000] {logging_mixin.py:188} INFO - [2026-09-17T11:19:48.246+0000] {dagbag.py:545} INFO - Filling up the DagBag from /opt/airflow/dags/json_dag.py
[2026-09-17T11:19:48.923+0000] {processor.py:840} INFO - DAG(s) 'json_dag' retrieved from /opt/airflow/dags/json_dag.py
[2026-09-17T11:19:48.954+0000] {logging_mixin.py:188} INFO - [2026-09-17T11:19:48.954+0000] {dag.py:3096} INFO - Sync 1 DAGs
[2026-09-17T11:19:48.986+0000] {logging_mixin.py:188} INFO - [2026-09-17T11:19:48.985+0000] {dag.py:3954} INFO - Setting next_dagrun for json_dag to 2026-09-17 08:59:00+00:00, run_after=2026-09-18 08:00:00+00:00
[2026-09-17T11:19:49.014+0000] {processor.py:183} INFO - Processing /opt/airflow/dags/json_dag.py took 0.782 seconds
[2026-09-17T11:20:19.348+0000] {processor.py:161} INFO - Started process (PID=724) to work on /opt/airflow/dags/json_dag.py
[2026-09-17T11:20:19.349+0000] {processor.py:830} INFO - Processing file /opt/airflow/dags/json_dag.py for tasks to queue
[2026-09-17T11:20:19.351+0000] {logging_mixin.py:188} INFO - [2026-09-17T11:20:19.351+0000] {dagbag.py:545} INFO - Filling up the DagBag from /opt/airflow/dags/json_dag.py
[2026-09-17T11:20:19.916+0000] {processor.py:840} INFO - DAG(s) 'json_dag' retrieved from /opt/airflow/dags/json_dag.py
[2026-09-17T11:20:19.940+0000] {logging_mixin.py:188} INFO - [2026-09-17T11:20:19.938+0000] {dag.py:3096} INFO - Sync 1 DAGs
[2026-09-17T11:20:19.972+0000] {logging_mixin.py:188} INFO - [2026-09-17T11:20:19.972+0000] {dag.py:3954} INFO - Setting next_dagrun for json_dag to 2026-09-17 08:59:00+00:00, run_after=2026-09-18 08:00:00+00:00
[2026-09-17T11:20:19.998+0000] {processor.py:183} INFO - Processing /opt/airflow/dags/json_dag.py took 0.658 seconds
[2026-09-17T11:20:50.785+0000] {processor.py:161} INFO - Started process (PID=733) to work on /opt/airflow/dags/json_dag.py
[2026-09-17T11:20:50.786+0000] {processor.py:830} INFO - Processing file /opt/airflow/dags/json_dag.py for tasks to queue
[2026-09-17T11:20:50.789+0000] {logging_mixin.py:188} INFO - [2026-09-17T11:20:50.788+0000] {dagbag.py:545} INFO - Filling up the DagBag from /opt/airflow/dags/json_dag.py
[2026-09-17T11:20:51.185+0000] {processor.py:840} INFO - DAG(s) 'json_dag' retrieved from /opt/airflow/dags/json_dag.py
[2026-09-17T11:20:51.213+0000] {logging_mixin.py:188} INFO - [2026-09-17T11:20:51.212+0000] {dag.py:3096} INFO - Sync 1 DAGs
[2026-09-17T11:20:51.241+0000] {logging_mixin.py:188} INFO - [2026-09-17T11:20:51.241+0000] {dag.py:3954} INFO - Setting next_dagrun for json_dag to 2026-09-17 08:59:00+00:00, run_after=2026-09-18 08:00:00+00:00
[2026-09-17T11:20:51.271+0000] {processor.py:183} INFO - Processing /opt/airflow/dags/json_dag.py took 0.492 seconds
[2026-09-17T11:21:22.178+0000] {processor.py:161} INFO - Started process (PID=742) to work on /opt/airflow/dags/json_dag.py
[2026-09-17T11:21:22.182+0000] {processor.py:830} INFO - Processing file /opt/airflow/dags/json_dag.py for tasks to queue
[2026-09-17T11:21:22.186+0000] {logging_mixin.py:188} INFO - [2026-09-17T11:21:22.186+0000] {dagbag.py:545} INFO - Filling up the DagBag from /opt/airflow/dags/json_dag.py
[2026-09-17T11:21:22.731+0000] {processor.py:840} INFO - DAG(s) 'json_dag' retrieved from /opt/airflow/dags/json_dag.py
[2026-09-17T11:21:22.765+0000] {logging_mixin.py:188} INFO - [2026-09-17T11:21:22.764+0000] {dag.py:3096} INFO - Sync 1 DAGs
[2026-09-17T11:21:22.804+0000] {logging_mixin.py:188} INFO - [2026-09-17T11:21:22.804+0000] {dag.py:3954} INFO - Setting next_dagrun for json_dag to 2026-09-17 08:59:00+00:00, run_after=2026-09-18 08:00:00+00:00
[2026-09-17T11:21:22.836+0000] {processor.py:183} INFO - Processing /opt/airflow/dags/json_dag.py took 0.671 seconds
[2026-09-17T11:21:53.605+0000] {processor.py:161} INFO - Started process (PID=757) to work on /opt/airflow/dags/json_dag.py
[2026-09-17T11:21:53.606+0000] {processor.py:830} INFO - Processing file /opt/airflow/dags/json_dag.py for tasks to queue
[2026-09-17T11:21:53.608+0000] {logging_mixin.py:188} INFO - [2026-09-17T11:21:53.608+0000] {dagbag.py:545} INFO - Filling up the DagBag from /opt/airflow/dags/json_dag.py
[2026-09-17T11:21:54.056+0000] {processor.py:840} INFO - DAG(s) 'json_dag' retrieved from /opt/airflow/dags/json_dag.py
[2026-09-17T11:21:54.079+0000] {logging_mixin.py:188} INFO - [2026-09-17T11:21:54.078+0000] {dag.py:3096} INFO - Sync 1 DAGs
[2026-09-17T11:21:54.102+0000] {logging_mixin.py:188} INFO - [2026-09-17T11:21:54.101+0000] {dag.py:3954} INFO - Setting next_dagrun for json_dag to 2026-09-17 08:59:00+00:00, run_after=2026-09-18 08:00:00+00:00
[2026-09-17T11:21:54.333+0000] {processor.py:183} INFO - Processing /opt/airflow/dags/json_dag.py took 0.734 seconds
[2026-09-17T11:22:24.954+0000] {processor.py:161} INFO - Started process (PID=766) to work on /opt/airflow/dags/json_dag.py
[2026-09-17T11:22:24.955+0000] {processor.py:830} INFO - Processing file /opt/airflow/dags/json_dag.py for tasks to queue
[2026-09-17T11:22:24.957+0000] {logging_mixin.py:188} INFO - [2026-09-17T11:22:24.957+0000] {dagbag.py:545} INFO - Filling up the DagBag from /opt/airflow/dags/json_dag.py
[2026-09-17T11:22:25.423+0000] {processor.py:840} INFO - DAG(s) 'json_dag' retrieved from /opt/airflow/dags/json_dag.py
[2026-09-17T11:22:25.453+0000] {logging_mixin.py:188} INFO - [2026-09-17T11:22:25.453+0000] {dag.py:3096} INFO - Sync 1 DAGs
[2026-09-17T11:22:25.636+0000] {logging_mixin.py:188} INFO - [2026-09-17T11:22:25.635+0000] {dag.py:3954} INFO - Setting next_dagrun for json_dag to 2026-09-17 08:59:00+00:00, run_after=2026-09-18 08:00:00+00:00
[2026-09-17T11:22:25.664+0000] {processor.py:183} INFO - Processing /opt/airflow/dags/json_dag.py took 0.717 seconds
[2026-09-17T11:22:56.371+0000] {processor.py:161} INFO - Started process (PID=775) to work on /opt/airflow/dags/json_dag.py
[2026-09-17T11:22:56.372+0000] {processor.py:830} INFO - Processing file /opt/airflow/dags/json_dag.py for tasks to queue
[2026-09-17T11:22:56.375+0000] {logging_mixin.py:188} INFO - [2026-09-17T11:22:56.374+0000] {dagbag.py:545} INFO - Filling up the DagBag from /opt/airflow/dags/json_dag.py
[2026-09-17T11:22:56.801+0000] {processor.py:840} INFO - DAG(s) 'json_dag' retrieved from /opt/airflow/dags/json_dag.py
[2026-09-17T11:22:56.822+0000] {logging_mixin.py:188} INFO - [2026-09-17T11:22:56.822+0000] {dag.py:3096} INFO - Sync 1 DAGs
[2026-09-17T11:22:56.844+0000] {logging_mixin.py:188} INFO - [2026-09-17T11:22:56.843+0000] {dag.py:3954} INFO - Setting next_dagrun for json_dag to 2026-09-17 08:59:00+00:00, run_after=2026-09-18 08:00:00+00:00
[2026-09-17T11:22:56.865+0000] {processor.py:183} INFO - Processing /opt/airflow/dags/json_dag.py took 0.502 seconds
[2026-09-17T11:23:27.306+0000] {processor.py:161} INFO - Started process (PID=784) to work on /opt/airflow/dags/json_dag.py
[2026-09-17T11:23:27.308+0000] {processor.py:830} INFO - Processing file /opt/airflow/dags/json_dag.py for tasks to queue
[2026-09-17T11:23:27.310+0000] {logging_mixin.py:188} INFO - [2026-09-17T11:23:27.310+0000] {dagbag.py:545} INFO - Filling up the DagBag from /opt/airflow/dags/json_dag.py
[2026-09-17T11:23:27.766+0000] {processor.py:840} INFO - DAG(s) 'json_dag' retrieved from /opt/airflow/dags/json_dag.py
[2026-09-17T11:23:27.790+0000] {logging_mixin.py:188} INFO - [2026-09-17T11:23:27.790+0000] {dag.py:3096} INFO - Sync 1 DAGs
[2026-09-17T11:23:27.813+0000] {logging_mixin.py:188} INFO - [2026-09-17T11:23:27.813+0000] {dag.py:3954} INFO - Setting next_dagrun for json_dag to 2026-09-17 08:59:00+00:00, run_after=2026-09-18 08:00:00+00:00
[2026-09-17T11:23:27.838+0000] {processor.py:183} INFO - Processing /opt/airflow/dags/json_dag.py took 0.538 seconds
[2026-09-17T11:23:58.127+0000] {processor.py:161} INFO - Started process (PID=793) to work on /opt/airflow/dags/json_dag.py
[2026-09-17T11:23:58.128+0000] {processor.py:830} INFO - Processing file /opt/airflow/dags/json_dag.py for tasks to queue
[2026-09-17T11:23:58.130+0000] {logging_mixin.py:188} INFO - [2026-09-17T11:23:58.130+0000] {dagbag.py:545} INFO - Filling up the DagBag from /opt/airflow/dags/json_dag.py
[2026-09-17T11:23:58.501+0000] {processor.py:840} INFO - DAG(s) 'json_dag' retrieved from /opt/airflow/dags/json_dag.py
[2026-09-17T11:23:58.525+0000] {logging_mixin.py:188} INFO - [2026-09-17T11:23:58.524+0000] {dag.py:3096} INFO - Sync 1 DAGs
[2026-09-17T11:23:58.549+0000] {logging_mixin.py:188} INFO - [2026-09-17T11:23:58.549+0000] {dag.py:3954} INFO - Setting next_dagrun for json_dag to 2026-09-17 08:59:00+00:00, run_after=2026-09-18 08:00:00+00:00
[2026-09-17T11:23:58.573+0000] {processor.py:183} INFO - Processing /opt/airflow/dags/json_dag.py took 0.453 seconds
[2026-09-17T11:24:29.461+0000] {processor.py:161} INFO - Started process (PID=802) to work on /opt/airflow/dags/json_dag.py
[2026-09-17T11:24:29.463+0000] {processor.py:830} INFO - Processing file /opt/airflow/dags/json_dag.py for tasks to queue
[2026-09-17T11:24:29.465+0000] {logging_mixin.py:188} INFO - [2026-09-17T11:24:29.464+0000] {dagbag.py:545} INFO - Filling up the DagBag from /opt/airflow/dags/json_dag.py
[2026-09-17T11:24:29.812+0000] {processor.py:840} INFO - DAG(s) 'json_dag' retrieved from /opt/airflow/dags/json_dag.py
[2026-09-17T11:24:29.830+0000] {logging_mixin.py:188} INFO - [2026-09-17T11:24:29.829+0000] {dag.py:3096} INFO - Sync 1 DAGs
[2026-09-17T11:24:29.851+0000] {logging_mixin.py:188} INFO - [2026-09-17T11:24:29.851+0000] {dag.py:3954} INFO - Setting next_dagrun for json_dag to 2026-09-17 08:59:00+00:00, run_after=2026-09-18 08:00:00+00:00
[2026-09-17T11:24:29.877+0000] {processor.py:183} INFO - Processing /opt/airflow/dags/json_dag.py took 0.421 seconds
[2026-09-17T11:25:00.032+0000] {processor.py:161} INFO - Started process (PID=811) to work on /opt/airflow/dags/json_dag.py
[2026-09-17T11:25:00.035+0000] {processor.py:830} INFO - Processing file /opt/airflow/dags/json_dag.py for tasks to queue
[2026-09-17T11:25:00.042+0000] {logging_mixin.py:188} INFO - [2026-09-17T11:25:00.041+0000] {dagbag.py:545} INFO - Filling up the DagBag from /opt/airflow/dags/json_dag.py
[2026-09-17T11:25:00.856+0000] {processor.py:840} INFO - DAG(s) 'json_dag' retrieved from /opt/airflow/dags/json_dag.py
[2026-09-17T11:25:00.889+0000] {logging_mixin.py:188} INFO - [2026-09-17T11:25:00.888+0000] {dag.py:3096} INFO - Sync 1 DAGs
[2026-09-17T11:25:00.918+0000] {logging_mixin.py:188} INFO - [2026-09-17T11:25:00.917+0000] {dag.py:3954} INFO - Setting next_dagrun for json_dag to 2026-09-17 08:59:00+00:00, run_after=2026-09-18 08:00:00+00:00
[2026-09-17T11:25:01.131+0000] {processor.py:183} INFO - Processing /opt/airflow/dags/json_dag.py took 1.124 seconds
[2026-09-17T11:25:31.415+0000] {processor.py:161} INFO - Started process (PID=820) to work on /opt/airflow/dags/json_dag.py
[2026-09-17T11:25:31.416+0000] {processor.py:830} INFO - Processing file /opt/airflow/dags/json_dag.py for tasks to queue
[2026-09-17T11:25:31.417+0000] {logging_mixin.py:188} INFO - [2026-09-17T11:25:31.417+0000] {dagbag.py:545} INFO - Filling up the DagBag from /opt/airflow/dags/json_dag.py
[2026-09-17T11:25:34.822+0000] {processor.py:840} INFO - DAG(s) 'json_dag' retrieved from /opt/airflow/dags/json_dag.py
[2026-09-17T11:25:34.960+0000] {logging_mixin.py:188} INFO - [2026-09-17T11:25:34.959+0000] {dag.py:3096} INFO - Sync 1 DAGs
[2026-09-17T11:25:36.191+0000] {logging_mixin.py:188} INFO - [2026-09-17T11:25:36.191+0000] {dag.py:3954} INFO - Setting next_dagrun for json_dag to 2026-09-17 08:59:00+00:00, run_after=2026-09-18 08:00:00+00:00
[2026-09-17T12:32:33.728+0000] {processor.py:183} INFO - Processing /opt/airflow/dags/json_dag.py took 5.972 seconds
[2026-09-17T12:32:34.599+0000] {processor.py:161} INFO - Started process (PID=823) to work on /opt/airflow/dags/json_dag.py
[2026-09-17T12:32:34.612+0000] {processor.py:830} INFO - Processing file /opt/airflow/dags/json_dag.py for tasks to queue
[2026-09-17T12:32:34.616+0000] {logging_mixin.py:188} INFO - [2026-09-17T12:32:34.615+0000] {dagbag.py:545} INFO - Filling up the DagBag from /opt/airflow/dags/json_dag.py
[2026-09-17T12:32:36.482+0000] {processor.py:840} INFO - DAG(s) 'json_dag' retrieved from /opt/airflow/dags/json_dag.py
[2026-09-17T12:32:36.541+0000] {logging_mixin.py:188} INFO - [2026-09-17T12:32:36.539+0000] {taskinstance.py:2907} ERROR - {'DAG Id': 'json_dag', 'Task Id': 'trigger_stoke_dag', 'Run Id': 'scheduled__2026-09-17T08:58:00+00:00', 'Hostname': '016b70ca759a', 'External Executor Id': '874c75bf-4e5e-4136-92de-8ed9c914f5ce'}
[2026-09-17T12:32:36.596+0000] {logging_mixin.py:188} INFO - [2026-09-17T12:32:36.596+0000] {taskinstance.py:1206} INFO - Marking task as FAILED. dag_id=json_dag, task_id=trigger_stoke_dag, run_id=scheduled__2026-09-17T08:58:00+00:00, execution_date=20260917T085800, start_date=20260917T105734, end_date=20260917T123236
[2026-09-17T12:32:36.621+0000] {processor.py:791} INFO - Executed failure callback for <TaskInstance: json_dag.trigger_stoke_dag scheduled__2026-09-17T08:58:00+00:00 [failed]> in state failed
[2026-09-17T12:32:36.690+0000] {logging_mixin.py:188} INFO - [2026-09-17T12:32:36.689+0000] {dag.py:3096} INFO - Sync 1 DAGs
[2026-09-17T12:32:36.742+0000] {logging_mixin.py:188} INFO - [2026-09-17T12:32:36.742+0000] {dag.py:3954} INFO - Setting next_dagrun for json_dag to 2026-09-17 08:59:00+00:00, run_after=2026-09-18 08:00:00+00:00
[2026-09-17T12:32:36.787+0000] {processor.py:183} INFO - Processing /opt/airflow/dags/json_dag.py took 2.221 seconds
[2026-09-17T13:03:25.633+0000] {processor.py:161} INFO - Started process (PID=826) to work on /opt/airflow/dags/json_dag.py
[2026-09-17T13:03:25.645+0000] {processor.py:830} INFO - Processing file /opt/airflow/dags/json_dag.py for tasks to queue
[2026-09-17T13:03:25.690+0000] {logging_mixin.py:188} INFO - [2026-09-17T13:03:25.689+0000] {dagbag.py:545} INFO - Filling up the DagBag from /opt/airflow/dags/json_dag.py
[2026-09-17T13:03:28.578+0000] {processor.py:840} INFO - DAG(s) 'json_dag' retrieved from /opt/airflow/dags/json_dag.py
[2026-09-17T13:03:28.698+0000] {logging_mixin.py:188} INFO - [2026-09-17T13:03:28.690+0000] {taskinstance.py:2907} ERROR - {'DAG Id': 'json_dag', 'Task Id': 'trigger_stoke_dag', 'Run Id': 'manual__2026-09-17T10:56:06.847733+00:00', 'Hostname': '016b70ca759a', 'External Executor Id': '4fde62f0-b456-46ae-af26-f08f375403ca'}
[2026-09-17T13:03:28.776+0000] {logging_mixin.py:188} INFO - [2026-09-17T13:03:28.775+0000] {taskinstance.py:1206} INFO - Marking task as FAILED. dag_id=json_dag, task_id=trigger_stoke_dag, run_id=manual__2026-09-17T10:56:06.847733+00:00, execution_date=20260917T105606, start_date=20260917T105754, end_date=20260917T130328
[2026-09-17T13:03:28.801+0000] {processor.py:791} INFO - Executed failure callback for <TaskInstance: json_dag.trigger_stoke_dag manual__2026-09-17T10:56:06.847733+00:00 [failed]> in state failed
[2026-09-17T13:03:28.853+0000] {logging_mixin.py:188} INFO - [2026-09-17T13:03:28.853+0000] {dag.py:3096} INFO - Sync 1 DAGs
[2026-09-17T13:03:28.901+0000] {logging_mixin.py:188} INFO - [2026-09-17T13:03:28.900+0000] {dag.py:3954} INFO - Setting next_dagrun for json_dag to 2026-09-17 08:59:00+00:00, run_after=2026-09-18 08:00:00+00:00
[2026-09-17T13:03:28.954+0000] {processor.py:183} INFO - Processing /opt/airflow/dags/json_dag.py took 3.434 seconds
[2026-09-17T13:03:59.156+0000] {processor.py:161} INFO - Started process (PID=835) to work on /opt/airflow/dags/json_dag.py
[2026-09-17T13:03:59.159+0000] {processor.py:830} INFO - Processing file /opt/airflow/dags/json_dag.py for tasks to queue
[2026-09-17T13:03:59.163+0000] {logging_mixin.py:188} INFO - [2026-09-17T13:03:59.162+0000] {dagbag.py:545} INFO - Filling up the DagBag from /opt/airflow/dags/json_dag.py
[2026-09-17T13:04:00.562+0000] {processor.py:840} INFO - DAG(s) 'json_dag' retrieved from /opt/airflow/dags/json_dag.py
[2026-09-17T13:04:00.596+0000] {logging_mixin.py:188} INFO - [2026-09-17T13:04:00.596+0000] {dag.py:3096} INFO - Sync 1 DAGs
[2026-09-17T13:04:00.622+0000] {logging_mixin.py:188} INFO - [2026-09-17T13:04:00.621+0000] {dag.py:3954} INFO - Setting next_dagrun for json_dag to 2026-09-17 08:59:00+00:00, run_after=2026-09-18 08:00:00+00:00
[2026-09-17T13:04:00.643+0000] {processor.py:183} INFO - Processing /opt/airflow/dags/json_dag.py took 1.503 seconds
[2026-09-17T13:04:30.812+0000] {processor.py:161} INFO - Started process (PID=844) to work on /opt/airflow/dags/json_dag.py
[2026-09-17T13:04:30.814+0000] {processor.py:830} INFO - Processing file /opt/airflow/dags/json_dag.py for tasks to queue
[2026-09-17T13:04:30.821+0000] {logging_mixin.py:188} INFO - [2026-09-17T13:04:30.819+0000] {dagbag.py:545} INFO - Filling up the DagBag from /opt/airflow/dags/json_dag.py
[2026-09-17T13:04:31.434+0000] {processor.py:840} INFO - DAG(s) 'json_dag' retrieved from /opt/airflow/dags/json_dag.py
[2026-09-17T13:04:31.463+0000] {logging_mixin.py:188} INFO - [2026-09-17T13:04:31.462+0000] {dag.py:3096} INFO - Sync 1 DAGs
[2026-09-17T13:04:31.488+0000] {logging_mixin.py:188} INFO - [2026-09-17T13:04:31.488+0000] {dag.py:3954} INFO - Setting next_dagrun for json_dag to 2026-09-17 08:59:00+00:00, run_after=2026-09-18 08:00:00+00:00
[2026-09-17T13:04:31.515+0000] {processor.py:183} INFO - Processing /opt/airflow/dags/json_dag.py took 0.720 seconds
[2026-09-17T13:05:01.898+0000] {processor.py:161} INFO - Started process (PID=853) to work on /opt/airflow/dags/json_dag.py
[2026-09-17T13:05:01.900+0000] {processor.py:830} INFO - Processing file /opt/airflow/dags/json_dag.py for tasks to queue
[2026-09-17T13:05:01.903+0000] {logging_mixin.py:188} INFO - [2026-09-17T13:05:01.902+0000] {dagbag.py:545} INFO - Filling up the DagBag from /opt/airflow/dags/json_dag.py
[2026-09-17T13:05:02.463+0000] {processor.py:840} INFO - DAG(s) 'json_dag' retrieved from /opt/airflow/dags/json_dag.py
[2026-09-17T13:05:02.492+0000] {logging_mixin.py:188} INFO - [2026-09-17T13:05:02.491+0000] {dag.py:3096} INFO - Sync 1 DAGs
[2026-09-17T13:05:02.521+0000] {logging_mixin.py:188} INFO - [2026-09-17T13:05:02.520+0000] {dag.py:3954} INFO - Setting next_dagrun for json_dag to 2026-09-17 08:59:00+00:00, run_after=2026-09-18 08:00:00+00:00
[2026-09-17T13:05:02.775+0000] {processor.py:183} INFO - Processing /opt/airflow/dags/json_dag.py took 0.888 seconds
[2026-09-17T13:05:33.321+0000] {processor.py:161} INFO - Started process (PID=868) to work on /opt/airflow/dags/json_dag.py
[2026-09-17T13:05:33.324+0000] {processor.py:830} INFO - Processing file /opt/airflow/dags/json_dag.py for tasks to queue
[2026-09-17T13:05:33.328+0000] {logging_mixin.py:188} INFO - [2026-09-17T13:05:33.327+0000] {dagbag.py:545} INFO - Filling up the DagBag from /opt/airflow/dags/json_dag.py
[2026-09-17T13:05:34.113+0000] {processor.py:840} INFO - DAG(s) 'json_dag' retrieved from /opt/airflow/dags/json_dag.py
[2026-09-17T13:05:34.142+0000] {logging_mixin.py:188} INFO - [2026-09-17T13:05:34.142+0000] {dag.py:3096} INFO - Sync 1 DAGs
[2026-09-17T13:05:34.173+0000] {logging_mixin.py:188} INFO - [2026-09-17T13:05:34.172+0000] {dag.py:3954} INFO - Setting next_dagrun for json_dag to 2026-09-17 08:59:00+00:00, run_after=2026-09-18 08:00:00+00:00
[2026-09-17T13:05:34.462+0000] {processor.py:183} INFO - Processing /opt/airflow/dags/json_dag.py took 1.147 seconds
[2026-09-17T13:06:04.773+0000] {processor.py:161} INFO - Started process (PID=878) to work on /opt/airflow/dags/json_dag.py
[2026-09-17T13:06:04.775+0000] {processor.py:830} INFO - Processing file /opt/airflow/dags/json_dag.py for tasks to queue
[2026-09-17T13:06:04.777+0000] {logging_mixin.py:188} INFO - [2026-09-17T13:06:04.777+0000] {dagbag.py:545} INFO - Filling up the DagBag from /opt/airflow/dags/json_dag.py
[2026-09-17T13:06:05.287+0000] {processor.py:840} INFO - DAG(s) 'json_dag' retrieved from /opt/airflow/dags/json_dag.py
[2026-09-17T13:06:05.310+0000] {logging_mixin.py:188} INFO - [2026-09-17T13:06:05.309+0000] {dag.py:3096} INFO - Sync 1 DAGs
[2026-09-17T13:06:05.558+0000] {logging_mixin.py:188} INFO - [2026-09-17T13:06:05.558+0000] {dag.py:3954} INFO - Setting next_dagrun for json_dag to 2026-09-17 08:59:00+00:00, run_after=2026-09-18 08:00:00+00:00
[2026-09-17T13:06:05.584+0000] {processor.py:183} INFO - Processing /opt/airflow/dags/json_dag.py took 0.819 seconds
[2026-09-17T13:06:35.940+0000] {processor.py:161} INFO - Started process (PID=887) to work on /opt/airflow/dags/json_dag.py
[2026-09-17T13:06:35.942+0000] {processor.py:830} INFO - Processing file /opt/airflow/dags/json_dag.py for tasks to queue
[2026-09-17T13:06:35.945+0000] {logging_mixin.py:188} INFO - [2026-09-17T13:06:35.945+0000] {dagbag.py:545} INFO - Filling up the DagBag from /opt/airflow/dags/json_dag.py
[2026-09-17T13:06:36.446+0000] {processor.py:840} INFO - DAG(s) 'json_dag' retrieved from /opt/airflow/dags/json_dag.py
[2026-09-17T13:06:36.482+0000] {logging_mixin.py:188} INFO - [2026-09-17T13:06:36.481+0000] {dag.py:3096} INFO - Sync 1 DAGs
[2026-09-17T13:06:36.513+0000] {logging_mixin.py:188} INFO - [2026-09-17T13:06:36.513+0000] {dag.py:3954} INFO - Setting next_dagrun for json_dag to 2026-09-17 08:59:00+00:00, run_after=2026-09-18 08:00:00+00:00
[2026-09-17T13:06:36.537+0000] {processor.py:183} INFO - Processing /opt/airflow/dags/json_dag.py took 0.609 seconds
[2026-09-17T13:07:07.328+0000] {processor.py:161} INFO - Started process (PID=896) to work on /opt/airflow/dags/json_dag.py
[2026-09-17T13:07:07.329+0000] {processor.py:830} INFO - Processing file /opt/airflow/dags/json_dag.py for tasks to queue
[2026-09-17T13:07:07.331+0000] {logging_mixin.py:188} INFO - [2026-09-17T13:07:07.330+0000] {dagbag.py:545} INFO - Filling up the DagBag from /opt/airflow/dags/json_dag.py
[2026-09-17T13:07:07.704+0000] {processor.py:840} INFO - DAG(s) 'json_dag' retrieved from /opt/airflow/dags/json_dag.py
[2026-09-17T13:07:07.726+0000] {logging_mixin.py:188} INFO - [2026-09-17T13:07:07.725+0000] {dag.py:3096} INFO - Sync 1 DAGs
[2026-09-17T13:07:07.748+0000] {logging_mixin.py:188} INFO - [2026-09-17T13:07:07.747+0000] {dag.py:3954} INFO - Setting next_dagrun for json_dag to 2026-09-17 08:59:00+00:00, run_after=2026-09-18 08:00:00+00:00
[2026-09-17T13:07:07.767+0000] {processor.py:183} INFO - Processing /opt/airflow/dags/json_dag.py took 0.445 seconds
[2026-09-17T13:07:37.877+0000] {processor.py:161} INFO - Started process (PID=905) to work on /opt/airflow/dags/json_dag.py
[2026-09-17T13:07:37.878+0000] {processor.py:830} INFO - Processing file /opt/airflow/dags/json_dag.py for tasks to queue
[2026-09-17T13:07:37.881+0000] {logging_mixin.py:188} INFO - [2026-09-17T13:07:37.880+0000] {dagbag.py:545} INFO - Filling up the DagBag from /opt/airflow/dags/json_dag.py
[2026-09-17T13:07:38.255+0000] {processor.py:840} INFO - DAG(s) 'json_dag' retrieved from /opt/airflow/dags/json_dag.py
[2026-09-17T13:07:38.275+0000] {logging_mixin.py:188} INFO - [2026-09-17T13:07:38.274+0000] {dag.py:3096} INFO - Sync 1 DAGs
[2026-09-17T13:07:38.299+0000] {logging_mixin.py:188} INFO - [2026-09-17T13:07:38.298+0000] {dag.py:3954} INFO - Setting next_dagrun for json_dag to 2026-09-17 08:59:00+00:00, run_after=2026-09-18 08:00:00+00:00
[2026-09-17T13:07:38.324+0000] {processor.py:183} INFO - Processing /opt/airflow/dags/json_dag.py took 0.455 seconds
[2026-09-17T13:08:09.218+0000] {processor.py:161} INFO - Started process (PID=914) to work on /opt/airflow/dags/json_dag.py
[2026-09-17T13:08:09.219+0000] {processor.py:830} INFO - Processing file /opt/airflow/dags/json_dag.py for tasks to queue
[2026-09-17T13:08:09.221+0000] {logging_mixin.py:188} INFO - [2026-09-17T13:08:09.221+0000] {dagbag.py:545} INFO - Filling up the DagBag from /opt/airflow/dags/json_dag.py
[2026-09-17T13:08:09.581+0000] {processor.py:840} INFO - DAG(s) 'json_dag' retrieved from /opt/airflow/dags/json_dag.py
[2026-09-17T13:08:09.606+0000] {logging_mixin.py:188} INFO - [2026-09-17T13:08:09.605+0000] {dag.py:3096} INFO - Sync 1 DAGs
[2026-09-17T13:08:09.631+0000] {logging_mixin.py:188} INFO - [2026-09-17T13:08:09.631+0000] {dag.py:3954} INFO - Setting next_dagrun for json_dag to 2026-09-17 08:59:00+00:00, run_after=2026-09-18 08:00:00+00:00
[2026-09-17T13:08:09.798+0000] {processor.py:183} INFO - Processing /opt/airflow/dags/json_dag.py took 0.587 seconds
[2026-09-17T13:08:40.642+0000] {processor.py:161} INFO - Started process (PID=923) to work on /opt/airflow/dags/json_dag.py
[2026-09-17T13:08:40.643+0000] {processor.py:830} INFO - Processing file /opt/airflow/dags/json_dag.py for tasks to queue
[2026-09-17T13:08:40.646+0000] {logging_mixin.py:188} INFO - [2026-09-17T13:08:40.645+0000] {dagbag.py:545} INFO - Filling up the DagBag from /opt/airflow/dags/json_dag.py
[2026-09-17T13:08:41.046+0000] {processor.py:840} INFO - DAG(s) 'json_dag' retrieved from /opt/airflow/dags/json_dag.py
[2026-09-17T13:08:41.065+0000] {logging_mixin.py:188} INFO - [2026-09-17T13:08:41.065+0000] {dag.py:3096} INFO - Sync 1 DAGs
[2026-09-17T13:08:41.216+0000] {logging_mixin.py:188} INFO - [2026-09-17T13:08:41.216+0000] {dag.py:3954} INFO - Setting next_dagrun for json_dag to 2026-09-17 08:59:00+00:00, run_after=2026-09-18 08:00:00+00:00
[2026-09-17T13:08:41.240+0000] {processor.py:183} INFO - Processing /opt/airflow/dags/json_dag.py took 0.605 seconds
[2026-09-17T13:09:12.070+0000] {processor.py:161} INFO - Started process (PID=932) to work on /opt/airflow/dags/json_dag.py
[2026-09-17T13:09:12.071+0000] {processor.py:830} INFO - Processing file /opt/airflow/dags/json_dag.py for tasks to queue
[2026-09-17T13:09:12.074+0000] {logging_mixin.py:188} INFO - [2026-09-17T13:09:12.074+0000] {dagbag.py:545} INFO - Filling up the DagBag from /opt/airflow/dags/json_dag.py
[2026-09-17T13:09:12.520+0000] {processor.py:840} INFO - DAG(s) 'json_dag' retrieved from /opt/airflow/dags/json_dag.py
[2026-09-17T13:09:12.540+0000] {logging_mixin.py:188} INFO - [2026-09-17T13:09:12.540+0000] {dag.py:3096} INFO - Sync 1 DAGs
[2026-09-17T13:09:12.560+0000] {logging_mixin.py:188} INFO - [2026-09-17T13:09:12.560+0000] {dag.py:3954} INFO - Setting next_dagrun for json_dag to 2026-09-17 08:59:00+00:00, run_after=2026-09-18 08:00:00+00:00
[2026-09-17T13:09:12.579+0000] {processor.py:183} INFO - Processing /opt/airflow/dags/json_dag.py took 0.516 seconds
[2026-09-17T13:09:43.513+0000] {processor.py:161} INFO - Started process (PID=941) to work on /opt/airflow/dags/json_dag.py
[2026-09-17T13:09:43.515+0000] {processor.py:830} INFO - Processing file /opt/airflow/dags/json_dag.py for tasks to queue
[2026-09-17T13:09:43.517+0000] {logging_mixin.py:188} INFO - [2026-09-17T13:09:43.517+0000] {dagbag.py:545} INFO - Filling up the DagBag from /opt/airflow/dags/json_dag.py
[2026-09-17T13:09:43.886+0000] {processor.py:840} INFO - DAG(s) 'json_dag' retrieved from /opt/airflow/dags/json_dag.py
[2026-09-17T13:09:43.905+0000] {logging_mixin.py:188} INFO - [2026-09-17T13:09:43.905+0000] {dag.py:3096} INFO - Sync 1 DAGs
[2026-09-17T13:09:43.923+0000] {logging_mixin.py:188} INFO - [2026-09-17T13:09:43.923+0000] {dag.py:3954} INFO - Setting next_dagrun for json_dag to 2026-09-17 08:59:00+00:00, run_after=2026-09-18 08:00:00+00:00
[2026-09-17T13:09:43.942+0000] {processor.py:183} INFO - Processing /opt/airflow/dags/json_dag.py took 0.435 seconds
[2026-09-17T13:10:14.023+0000] {processor.py:161} INFO - Started process (PID=950) to work on /opt/airflow/dags/json_dag.py
[2026-09-17T13:10:14.025+0000] {processor.py:830} INFO - Processing file /opt/airflow/dags/json_dag.py for tasks to queue
[2026-09-17T13:10:14.027+0000] {logging_mixin.py:188} INFO - [2026-09-17T13:10:14.026+0000] {dagbag.py:545} INFO - Filling up the DagBag from /opt/airflow/dags/json_dag.py
[2026-09-17T13:10:14.436+0000] {processor.py:840} INFO - DAG(s) 'json_dag' retrieved from /opt/airflow/dags/json_dag.py
[2026-09-17T13:10:14.455+0000] {logging_mixin.py:188} INFO - [2026-09-17T13:10:14.455+0000] {dag.py:3096} INFO - Sync 1 DAGs
[2026-09-17T13:10:14.474+0000] {logging_mixin.py:188} INFO - [2026-09-17T13:10:14.474+0000] {dag.py:3954} INFO - Setting next_dagrun for json_dag to 2026-09-17 08:59:00+00:00, run_after=2026-09-18 08:00:00+00:00
[2026-09-17T13:10:14.493+0000] {processor.py:183} INFO - Processing /opt/airflow/dags/json_dag.py took 0.475 seconds
[2026-09-17T13:10:45.392+0000] {processor.py:161} INFO - Started process (PID=959) to work on /opt/airflow/dags/json_dag.py
[2026-09-17T13:10:45.394+0000] {processor.py:830} INFO - Processing file /opt/airflow/dags/json_dag.py for tasks to queue
[2026-09-17T13:10:45.399+0000] {logging_mixin.py:188} INFO - [2026-09-17T13:10:45.398+0000] {dagbag.py:545} INFO - Filling up the DagBag from /opt/airflow/dags/json_dag.py
[2026-09-17T13:10:45.913+0000] {processor.py:840} INFO - DAG(s) 'json_dag' retrieved from /opt/airflow/dags/json_dag.py
[2026-09-17T13:10:45.937+0000] {logging_mixin.py:188} INFO - [2026-09-17T13:10:45.937+0000] {dag.py:3096} INFO - Sync 1 DAGs
[2026-09-17T13:10:45.958+0000] {logging_mixin.py:188} INFO - [2026-09-17T13:10:45.958+0000] {dag.py:3954} INFO - Setting next_dagrun for json_dag to 2026-09-17 08:59:00+00:00, run_after=2026-09-18 08:00:00+00:00
[2026-09-17T13:10:45.981+0000] {processor.py:183} INFO - Processing /opt/airflow/dags/json_dag.py took 0.602 seconds
[2026-09-17T13:11:16.859+0000] {processor.py:161} INFO - Started process (PID=968) to work on /opt/airflow/dags/json_dag.py
[2026-09-17T13:11:16.862+0000] {processor.py:830} INFO - Processing file /opt/airflow/dags/json_dag.py for tasks to queue
[2026-09-17T13:11:16.865+0000] {logging_mixin.py:188} INFO - [2026-09-17T13:11:16.865+0000] {dagbag.py:545} INFO - Filling up the DagBag from /opt/airflow/dags/json_dag.py
[2026-09-17T13:11:17.558+0000] {processor.py:840} INFO - DAG(s) 'json_dag' retrieved from /opt/airflow/dags/json_dag.py
[2026-09-17T13:11:17.596+0000] {logging_mixin.py:188} INFO - [2026-09-17T13:11:17.595+0000] {dag.py:3096} INFO - Sync 1 DAGs
[2026-09-17T13:11:17.629+0000] {logging_mixin.py:188} INFO - [2026-09-17T13:11:17.628+0000] {dag.py:3954} INFO - Setting next_dagrun for json_dag to 2026-09-17 08:59:00+00:00, run_after=2026-09-18 08:00:00+00:00
[2026-09-17T13:11:17.844+0000] {processor.py:183} INFO - Processing /opt/airflow/dags/json_dag.py took 0.992 seconds
[2026-09-17T13:11:48.209+0000] {processor.py:161} INFO - Started process (PID=977) to work on /opt/airflow/dags/json_dag.py
[2026-09-17T13:11:48.211+0000] {processor.py:830} INFO - Processing file /opt/airflow/dags/json_dag.py for tasks to queue
[2026-09-17T13:11:48.215+0000] {logging_mixin.py:188} INFO - [2026-09-17T13:11:48.214+0000] {dagbag.py:545} INFO - Filling up the DagBag from /opt/airflow/dags/json_dag.py
[2026-09-17T13:11:48.659+0000] {processor.py:840} INFO - DAG(s) 'json_dag' retrieved from /opt/airflow/dags/json_dag.py
[2026-09-17T13:11:48.688+0000] {logging_mixin.py:188} INFO - [2026-09-17T13:11:48.688+0000] {dag.py:3096} INFO - Sync 1 DAGs
[2026-09-17T13:11:48.851+0000] {logging_mixin.py:188} INFO - [2026-09-17T13:11:48.850+0000] {dag.py:3954} INFO - Setting next_dagrun for json_dag to 2026-09-17 08:59:00+00:00, run_after=2026-09-18 08:00:00+00:00
[2026-09-17T13:11:48.873+0000] {processor.py:183} INFO - Processing /opt/airflow/dags/json_dag.py took 0.670 seconds
[2026-09-17T13:12:19.705+0000] {processor.py:161} INFO - Started process (PID=987) to work on /opt/airflow/dags/json_dag.py
[2026-09-17T13:12:19.706+0000] {processor.py:830} INFO - Processing file /opt/airflow/dags/json_dag.py for tasks to queue
[2026-09-17T13:12:19.710+0000] {logging_mixin.py:188} INFO - [2026-09-17T13:12:19.709+0000] {dagbag.py:545} INFO - Filling up the DagBag from /opt/airflow/dags/json_dag.py
[2026-09-17T13:12:20.090+0000] {processor.py:840} INFO - DAG(s) 'json_dag' retrieved from /opt/airflow/dags/json_dag.py
[2026-09-17T13:12:20.110+0000] {logging_mixin.py:188} INFO - [2026-09-17T13:12:20.110+0000] {dag.py:3096} INFO - Sync 1 DAGs
[2026-09-17T13:12:20.128+0000] {logging_mixin.py:188} INFO - [2026-09-17T13:12:20.128+0000] {dag.py:3954} INFO - Setting next_dagrun for json_dag to 2026-09-17 08:59:00+00:00, run_after=2026-09-18 08:00:00+00:00
[2026-09-17T13:12:20.150+0000] {processor.py:183} INFO - Processing /opt/airflow/dags/json_dag.py took 0.450 seconds
[2026-09-17T13:12:50.382+0000] {processor.py:161} INFO - Started process (PID=996) to work on /opt/airflow/dags/json_dag.py
[2026-09-17T13:12:50.385+0000] {processor.py:830} INFO - Processing file /opt/airflow/dags/json_dag.py for tasks to queue
[2026-09-17T13:12:50.390+0000] {logging_mixin.py:188} INFO - [2026-09-17T13:12:50.389+0000] {dagbag.py:545} INFO - Filling up the DagBag from /opt/airflow/dags/json_dag.py
[2026-09-17T13:12:50.935+0000] {processor.py:840} INFO - DAG(s) 'json_dag' retrieved from /opt/airflow/dags/json_dag.py
[2026-09-17T13:12:50.958+0000] {logging_mixin.py:188} INFO - [2026-09-17T13:12:50.958+0000] {dag.py:3096} INFO - Sync 1 DAGs
[2026-09-17T13:12:50.981+0000] {logging_mixin.py:188} INFO - [2026-09-17T13:12:50.981+0000] {dag.py:3954} INFO - Setting next_dagrun for json_dag to 2026-09-17 08:59:00+00:00, run_after=2026-09-18 08:00:00+00:00
[2026-09-17T13:12:51.006+0000] {processor.py:183} INFO - Processing /opt/airflow/dags/json_dag.py took 0.640 seconds
[2026-09-17T13:13:21.449+0000] {processor.py:161} INFO - Started process (PID=1005) to work on /opt/airflow/dags/json_dag.py
[2026-09-17T13:13:21.451+0000] {processor.py:830} INFO - Processing file /opt/airflow/dags/json_dag.py for tasks to queue
[2026-09-17T13:13:21.453+0000] {logging_mixin.py:188} INFO - [2026-09-17T13:13:21.453+0000] {dagbag.py:545} INFO - Filling up the DagBag from /opt/airflow/dags/json_dag.py
[2026-09-17T13:13:21.880+0000] {processor.py:840} INFO - DAG(s) 'json_dag' retrieved from /opt/airflow/dags/json_dag.py
[2026-09-17T13:13:21.903+0000] {logging_mixin.py:188} INFO - [2026-09-17T13:13:21.903+0000] {dag.py:3096} INFO - Sync 1 DAGs
[2026-09-17T13:13:21.926+0000] {logging_mixin.py:188} INFO - [2026-09-17T13:13:21.925+0000] {dag.py:3954} INFO - Setting next_dagrun for json_dag to 2026-09-17 08:59:00+00:00, run_after=2026-09-18 08:00:00+00:00
[2026-09-17T13:13:21.948+0000] {processor.py:183} INFO - Processing /opt/airflow/dags/json_dag.py took 0.506 seconds
[2026-09-17T13:13:52.251+0000] {processor.py:161} INFO - Started process (PID=1014) to work on /opt/airflow/dags/json_dag.py
[2026-09-17T13:13:52.253+0000] {processor.py:830} INFO - Processing file /opt/airflow/dags/json_dag.py for tasks to queue
[2026-09-17T13:13:52.257+0000] {logging_mixin.py:188} INFO - [2026-09-17T13:13:52.256+0000] {dagbag.py:545} INFO - Filling up the DagBag from /opt/airflow/dags/json_dag.py
[2026-09-17T13:13:52.912+0000] {processor.py:840} INFO - DAG(s) 'json_dag' retrieved from /opt/airflow/dags/json_dag.py
[2026-09-17T13:13:52.938+0000] {logging_mixin.py:188} INFO - [2026-09-17T13:13:52.937+0000] {dag.py:3096} INFO - Sync 1 DAGs
[2026-09-17T13:13:52.966+0000] {logging_mixin.py:188} INFO - [2026-09-17T13:13:52.966+0000] {dag.py:3954} INFO - Setting next_dagrun for json_dag to 2026-09-17 08:59:00+00:00, run_after=2026-09-18 08:00:00+00:00
[2026-09-17T13:13:53.182+0000] {processor.py:183} INFO - Processing /opt/airflow/dags/json_dag.py took 0.938 seconds
[2026-09-17T13:14:23.585+0000] {processor.py:161} INFO - Started process (PID=1023) to work on /opt/airflow/dags/json_dag.py
[2026-09-17T13:14:23.586+0000] {processor.py:830} INFO - Processing file /opt/airflow/dags/json_dag.py for tasks to queue
[2026-09-17T13:14:23.588+0000] {logging_mixin.py:188} INFO - [2026-09-17T13:14:23.588+0000] {dagbag.py:545} INFO - Filling up the DagBag from /opt/airflow/dags/json_dag.py
[2026-09-17T13:14:24.075+0000] {processor.py:840} INFO - DAG(s) 'json_dag' retrieved from /opt/airflow/dags/json_dag.py
[2026-09-17T13:14:24.103+0000] {logging_mixin.py:188} INFO - [2026-09-17T13:14:24.102+0000] {dag.py:3096} INFO - Sync 1 DAGs
[2026-09-17T13:14:24.277+0000] {logging_mixin.py:188} INFO - [2026-09-17T13:14:24.277+0000] {dag.py:3954} INFO - Setting next_dagrun for json_dag to 2026-09-17 08:59:00+00:00, run_after=2026-09-18 08:00:00+00:00
[2026-09-17T13:14:24.300+0000] {processor.py:183} INFO - Processing /opt/airflow/dags/json_dag.py took 0.721 seconds
[2026-09-17T13:14:55.054+0000] {processor.py:161} INFO - Started process (PID=1032) to work on /opt/airflow/dags/json_dag.py
[2026-09-17T13:14:55.056+0000] {processor.py:830} INFO - Processing file /opt/airflow/dags/json_dag.py for tasks to queue
[2026-09-17T13:14:55.058+0000] {logging_mixin.py:188} INFO - [2026-09-17T13:14:55.058+0000] {dagbag.py:545} INFO - Filling up the DagBag from /opt/airflow/dags/json_dag.py
[2026-09-17T13:14:55.470+0000] {processor.py:840} INFO - DAG(s) 'json_dag' retrieved from /opt/airflow/dags/json_dag.py
[2026-09-17T13:14:55.491+0000] {logging_mixin.py:188} INFO - [2026-09-17T13:14:55.490+0000] {dag.py:3096} INFO - Sync 1 DAGs
[2026-09-17T13:14:55.511+0000] {logging_mixin.py:188} INFO - [2026-09-17T13:14:55.511+0000] {dag.py:3954} INFO - Setting next_dagrun for json_dag to 2026-09-17 08:59:00+00:00, run_after=2026-09-18 08:00:00+00:00
[2026-09-17T13:14:55.535+0000] {processor.py:183} INFO - Processing /opt/airflow/dags/json_dag.py took 0.487 seconds
[2026-09-17T13:15:25.629+0000] {processor.py:161} INFO - Started process (PID=1041) to work on /opt/airflow/dags/json_dag.py
[2026-09-17T13:15:25.630+0000] {processor.py:830} INFO - Processing file /opt/airflow/dags/json_dag.py for tasks to queue
[2026-09-17T13:15:25.633+0000] {logging_mixin.py:188} INFO - [2026-09-17T13:15:25.633+0000] {dagbag.py:545} INFO - Filling up the DagBag from /opt/airflow/dags/json_dag.py
[2026-09-17T13:15:26.114+0000] {processor.py:840} INFO - DAG(s) 'json_dag' retrieved from /opt/airflow/dags/json_dag.py
[2026-09-17T13:15:26.136+0000] {logging_mixin.py:188} INFO - [2026-09-17T13:15:26.136+0000] {dag.py:3096} INFO - Sync 1 DAGs
[2026-09-17T13:15:26.155+0000] {logging_mixin.py:188} INFO - [2026-09-17T13:15:26.155+0000] {dag.py:3954} INFO - Setting next_dagrun for json_dag to 2026-09-17 08:59:00+00:00, run_after=2026-09-18 08:00:00+00:00
[2026-09-17T13:15:26.178+0000] {processor.py:183} INFO - Processing /opt/airflow/dags/json_dag.py took 0.558 seconds
[2026-09-17T13:15:57.001+0000] {processor.py:161} INFO - Started process (PID=1050) to work on /opt/airflow/dags/json_dag.py
[2026-09-17T13:15:57.003+0000] {processor.py:830} INFO - Processing file /opt/airflow/dags/json_dag.py for tasks to queue
[2026-09-17T13:15:57.005+0000] {logging_mixin.py:188} INFO - [2026-09-17T13:15:57.005+0000] {dagbag.py:545} INFO - Filling up the DagBag from /opt/airflow/dags/json_dag.py
[2026-09-17T13:15:57.476+0000] {processor.py:840} INFO - DAG(s) 'json_dag' retrieved from /opt/airflow/dags/json_dag.py
[2026-09-17T13:15:57.495+0000] {logging_mixin.py:188} INFO - [2026-09-17T13:15:57.494+0000] {dag.py:3096} INFO - Sync 1 DAGs
[2026-09-17T13:15:57.514+0000] {logging_mixin.py:188} INFO - [2026-09-17T13:15:57.513+0000] {dag.py:3954} INFO - Setting next_dagrun for json_dag to 2026-09-17 08:59:00+00:00, run_after=2026-09-18 08:00:00+00:00
[2026-09-17T13:15:57.532+0000] {processor.py:183} INFO - Processing /opt/airflow/dags/json_dag.py took 0.539 seconds
[2026-09-17T13:16:28.499+0000] {processor.py:161} INFO - Started process (PID=1059) to work on /opt/airflow/dags/json_dag.py
[2026-09-17T13:16:28.500+0000] {processor.py:830} INFO - Processing file /opt/airflow/dags/json_dag.py for tasks to queue
[2026-09-17T13:16:28.502+0000] {logging_mixin.py:188} INFO - [2026-09-17T13:16:28.502+0000] {dagbag.py:545} INFO - Filling up the DagBag from /opt/airflow/dags/json_dag.py
[2026-09-17T13:16:28.892+0000] {processor.py:840} INFO - DAG(s) 'json_dag' retrieved from /opt/airflow/dags/json_dag.py
[2026-09-17T13:16:28.911+0000] {logging_mixin.py:188} INFO - [2026-09-17T13:16:28.911+0000] {dag.py:3096} INFO - Sync 1 DAGs
[2026-09-17T13:16:28.931+0000] {logging_mixin.py:188} INFO - [2026-09-17T13:16:28.931+0000] {dag.py:3954} INFO - Setting next_dagrun for json_dag to 2026-09-17 08:59:00+00:00, run_after=2026-09-18 08:00:00+00:00
[2026-09-17T13:16:28.953+0000] {processor.py:183} INFO - Processing /opt/airflow/dags/json_dag.py took 0.460 seconds
[2026-09-17T13:16:59.887+0000] {processor.py:161} INFO - Started process (PID=1068) to work on /opt/airflow/dags/json_dag.py
[2026-09-17T13:16:59.889+0000] {processor.py:830} INFO - Processing file /opt/airflow/dags/json_dag.py for tasks to queue
[2026-09-17T13:16:59.893+0000] {logging_mixin.py:188} INFO - [2026-09-17T13:16:59.892+0000] {dagbag.py:545} INFO - Filling up the DagBag from /opt/airflow/dags/json_dag.py
[2026-09-17T13:17:00.534+0000] {processor.py:840} INFO - DAG(s) 'json_dag' retrieved from /opt/airflow/dags/json_dag.py
[2026-09-17T13:17:00.556+0000] {logging_mixin.py:188} INFO - [2026-09-17T13:17:00.556+0000] {dag.py:3096} INFO - Sync 1 DAGs
[2026-09-17T13:17:00.576+0000] {logging_mixin.py:188} INFO - [2026-09-17T13:17:00.576+0000] {dag.py:3954} INFO - Setting next_dagrun for json_dag to 2026-09-17 08:59:00+00:00, run_after=2026-09-18 08:00:00+00:00
[2026-09-17T13:17:00.736+0000] {processor.py:183} INFO - Processing /opt/airflow/dags/json_dag.py took 0.859 seconds
[2026-09-17T13:17:31.131+0000] {processor.py:161} INFO - Started process (PID=1077) to work on /opt/airflow/dags/json_dag.py
[2026-09-17T13:17:31.133+0000] {processor.py:830} INFO - Processing file /opt/airflow/dags/json_dag.py for tasks to queue
[2026-09-17T13:17:31.135+0000] {logging_mixin.py:188} INFO - [2026-09-17T13:17:31.134+0000] {dagbag.py:545} INFO - Filling up the DagBag from /opt/airflow/dags/json_dag.py
[2026-09-17T13:17:31.552+0000] {processor.py:840} INFO - DAG(s) 'json_dag' retrieved from /opt/airflow/dags/json_dag.py
[2026-09-17T13:17:31.574+0000] {logging_mixin.py:188} INFO - [2026-09-17T13:17:31.573+0000] {dag.py:3096} INFO - Sync 1 DAGs
[2026-09-17T13:17:31.727+0000] {logging_mixin.py:188} INFO - [2026-09-17T13:17:31.726+0000] {dag.py:3954} INFO - Setting next_dagrun for json_dag to 2026-09-17 08:59:00+00:00, run_after=2026-09-18 08:00:00+00:00
[2026-09-17T13:17:31.744+0000] {processor.py:183} INFO - Processing /opt/airflow/dags/json_dag.py took 0.620 seconds
[2026-09-17T13:18:02.510+0000] {processor.py:161} INFO - Started process (PID=1086) to work on /opt/airflow/dags/json_dag.py
[2026-09-17T13:18:02.512+0000] {processor.py:830} INFO - Processing file /opt/airflow/dags/json_dag.py for tasks to queue
[2026-09-17T13:18:02.514+0000] {logging_mixin.py:188} INFO - [2026-09-17T13:18:02.514+0000] {dagbag.py:545} INFO - Filling up the DagBag from /opt/airflow/dags/json_dag.py
[2026-09-17T13:18:02.920+0000] {processor.py:840} INFO - DAG(s) 'json_dag' retrieved from /opt/airflow/dags/json_dag.py
[2026-09-17T13:18:02.945+0000] {logging_mixin.py:188} INFO - [2026-09-17T13:18:02.944+0000] {dag.py:3096} INFO - Sync 1 DAGs
[2026-09-17T13:18:02.966+0000] {logging_mixin.py:188} INFO - [2026-09-17T13:18:02.966+0000] {dag.py:3954} INFO - Setting next_dagrun for json_dag to 2026-09-17 08:59:00+00:00, run_after=2026-09-18 08:00:00+00:00
[2026-09-17T13:18:02.993+0000] {processor.py:183} INFO - Processing /opt/airflow/dags/json_dag.py took 0.488 seconds
[2026-09-17T13:18:33.939+0000] {processor.py:161} INFO - Started process (PID=1095) to work on /opt/airflow/dags/json_dag.py
[2026-09-17T13:18:33.941+0000] {processor.py:830} INFO - Processing file /opt/airflow/dags/json_dag.py for tasks to queue
[2026-09-17T13:18:33.943+0000] {logging_mixin.py:188} INFO - [2026-09-17T13:18:33.943+0000] {dagbag.py:545} INFO - Filling up the DagBag from /opt/airflow/dags/json_dag.py
[2026-09-17T13:18:34.420+0000] {processor.py:840} INFO - DAG(s) 'json_dag' retrieved from /opt/airflow/dags/json_dag.py
[2026-09-17T13:18:34.452+0000] {logging_mixin.py:188} INFO - [2026-09-17T13:18:34.452+0000] {dag.py:3096} INFO - Sync 1 DAGs
[2026-09-17T13:18:34.473+0000] {logging_mixin.py:188} INFO - [2026-09-17T13:18:34.472+0000] {dag.py:3954} INFO - Setting next_dagrun for json_dag to 2026-09-17 08:59:00+00:00, run_after=2026-09-18 08:00:00+00:00
[2026-09-17T13:18:34.494+0000] {processor.py:183} INFO - Processing /opt/airflow/dags/json_dag.py took 0.564 seconds
[2026-09-17T13:19:05.279+0000] {processor.py:161} INFO - Started process (PID=1110) to work on /opt/airflow/dags/json_dag.py
[2026-09-17T13:19:05.281+0000] {processor.py:830} INFO - Processing file /opt/airflow/dags/json_dag.py for tasks to queue
[2026-09-17T13:19:05.284+0000] {logging_mixin.py:188} INFO - [2026-09-17T13:19:05.284+0000] {dagbag.py:545} INFO - Filling up the DagBag from /opt/airflow/dags/json_dag.py
[2026-09-17T13:19:05.730+0000] {processor.py:840} INFO - DAG(s) 'json_dag' retrieved from /opt/airflow/dags/json_dag.py
[2026-09-17T13:19:05.750+0000] {logging_mixin.py:188} INFO - [2026-09-17T13:19:05.750+0000] {dag.py:3096} INFO - Sync 1 DAGs
[2026-09-17T13:19:05.771+0000] {logging_mixin.py:188} INFO - [2026-09-17T13:19:05.771+0000] {dag.py:3954} INFO - Setting next_dagrun for json_dag to 2026-09-17 08:59:00+00:00, run_after=2026-09-18 08:00:00+00:00
[2026-09-17T13:19:05.792+0000] {processor.py:183} INFO - Processing /opt/airflow/dags/json_dag.py took 0.519 seconds
[2026-09-17T13:19:36.738+0000] {processor.py:161} INFO - Started process (PID=1119) to work on /opt/airflow/dags/json_dag.py
[2026-09-17T13:19:36.739+0000] {processor.py:830} INFO - Processing file /opt/airflow/dags/json_dag.py for tasks to queue
[2026-09-17T13:19:36.742+0000] {logging_mixin.py:188} INFO - [2026-09-17T13:19:36.741+0000] {dagbag.py:545} INFO - Filling up the DagBag from /opt/airflow/dags/json_dag.py
[2026-09-17T13:19:37.145+0000] {processor.py:840} INFO - DAG(s) 'json_dag' retrieved from /opt/airflow/dags/json_dag.py
[2026-09-17T13:19:37.164+0000] {logging_mixin.py:188} INFO - [2026-09-17T13:19:37.164+0000] {dag.py:3096} INFO - Sync 1 DAGs
[2026-09-17T13:19:37.183+0000] {logging_mixin.py:188} INFO - [2026-09-17T13:19:37.183+0000] {dag.py:3954} INFO - Setting next_dagrun for json_dag to 2026-09-17 08:59:00+00:00, run_after=2026-09-18 08:00:00+00:00
[2026-09-17T13:19:37.334+0000] {processor.py:183} INFO - Processing /opt/airflow/dags/json_dag.py took 0.602 seconds
[2026-09-17T13:20:08.150+0000] {processor.py:161} INFO - Started process (PID=1128) to work on /opt/airflow/dags/json_dag.py
[2026-09-17T13:20:08.151+0000] {processor.py:830} INFO - Processing file /opt/airflow/dags/json_dag.py for tasks to queue
[2026-09-17T13:20:08.153+0000] {logging_mixin.py:188} INFO - [2026-09-17T13:20:08.153+0000] {dagbag.py:545} INFO - Filling up the DagBag from /opt/airflow/dags/json_dag.py
[2026-09-17T13:20:08.548+0000] {processor.py:840} INFO - DAG(s) 'json_dag' retrieved from /opt/airflow/dags/json_dag.py
[2026-09-17T13:20:08.567+0000] {logging_mixin.py:188} INFO - [2026-09-17T13:20:08.567+0000] {dag.py:3096} INFO - Sync 1 DAGs
[2026-09-17T13:20:08.715+0000] {logging_mixin.py:188} INFO - [2026-09-17T13:20:08.714+0000] {dag.py:3954} INFO - Setting next_dagrun for json_dag to 2026-09-17 08:59:00+00:00, run_after=2026-09-18 08:00:00+00:00
[2026-09-17T13:20:08.735+0000] {processor.py:183} INFO - Processing /opt/airflow/dags/json_dag.py took 0.592 seconds
[2026-09-17T13:20:39.618+0000] {processor.py:161} INFO - Started process (PID=1137) to work on /opt/airflow/dags/json_dag.py
[2026-09-17T13:20:39.620+0000] {processor.py:830} INFO - Processing file /opt/airflow/dags/json_dag.py for tasks to queue
[2026-09-17T13:20:39.623+0000] {logging_mixin.py:188} INFO - [2026-09-17T13:20:39.622+0000] {dagbag.py:545} INFO - Filling up the DagBag from /opt/airflow/dags/json_dag.py
[2026-09-17T13:20:40.111+0000] {processor.py:840} INFO - DAG(s) 'json_dag' retrieved from /opt/airflow/dags/json_dag.py
[2026-09-17T13:20:40.133+0000] {logging_mixin.py:188} INFO - [2026-09-17T13:20:40.133+0000] {dag.py:3096} INFO - Sync 1 DAGs
[2026-09-17T13:20:40.280+0000] {logging_mixin.py:188} INFO - [2026-09-17T13:20:40.280+0000] {dag.py:3954} INFO - Setting next_dagrun for json_dag to 2026-09-17 08:59:00+00:00, run_after=2026-09-18 08:00:00+00:00
[2026-09-17T13:20:40.301+0000] {processor.py:183} INFO - Processing /opt/airflow/dags/json_dag.py took 0.694 seconds
[2026-09-17T13:21:11.150+0000] {processor.py:161} INFO - Started process (PID=1148) to work on /opt/airflow/dags/json_dag.py
[2026-09-17T13:21:11.152+0000] {processor.py:830} INFO - Processing file /opt/airflow/dags/json_dag.py for tasks to queue
[2026-09-17T13:21:11.156+0000] {logging_mixin.py:188} INFO - [2026-09-17T13:21:11.155+0000] {dagbag.py:545} INFO - Filling up the DagBag from /opt/airflow/dags/json_dag.py
[2026-09-17T13:21:11.725+0000] {processor.py:840} INFO - DAG(s) 'json_dag' retrieved from /opt/airflow/dags/json_dag.py
[2026-09-17T13:21:11.757+0000] {logging_mixin.py:188} INFO - [2026-09-17T13:21:11.756+0000] {dag.py:3096} INFO - Sync 1 DAGs
[2026-09-17T13:21:11.783+0000] {logging_mixin.py:188} INFO - [2026-09-17T13:21:11.783+0000] {dag.py:3954} INFO - Setting next_dagrun for json_dag to 2026-09-17 08:59:00+00:00, run_after=2026-09-18 08:00:00+00:00
[2026-09-17T13:21:11.809+0000] {processor.py:183} INFO - Processing /opt/airflow/dags/json_dag.py took 0.670 seconds
[2026-09-17T13:21:42.651+0000] {processor.py:161} INFO - Started process (PID=1157) to work on /opt/airflow/dags/json_dag.py
[2026-09-17T13:21:42.653+0000] {processor.py:830} INFO - Processing file /opt/airflow/dags/json_dag.py for tasks to queue
[2026-09-17T13:21:42.656+0000] {logging_mixin.py:188} INFO - [2026-09-17T13:21:42.655+0000] {dagbag.py:545} INFO - Filling up the DagBag from /opt/airflow/dags/json_dag.py
[2026-09-17T13:21:43.192+0000] {processor.py:840} INFO - DAG(s) 'json_dag' retrieved from /opt/airflow/dags/json_dag.py
[2026-09-17T13:21:43.217+0000] {logging_mixin.py:188} INFO - [2026-09-17T13:21:43.217+0000] {dag.py:3096} INFO - Sync 1 DAGs
[2026-09-17T13:21:43.243+0000] {logging_mixin.py:188} INFO - [2026-09-17T13:21:43.243+0000] {dag.py:3954} INFO - Setting next_dagrun for json_dag to 2026-09-17 08:59:00+00:00, run_after=2026-09-18 08:00:00+00:00
[2026-09-17T13:21:43.269+0000] {processor.py:183} INFO - Processing /opt/airflow/dags/json_dag.py took 0.627 seconds
[2026-09-17T13:22:14.060+0000] {processor.py:161} INFO - Started process (PID=1166) to work on /opt/airflow/dags/json_dag.py
[2026-09-17T13:22:14.061+0000] {processor.py:830} INFO - Processing file /opt/airflow/dags/json_dag.py for tasks to queue
[2026-09-17T13:22:14.064+0000] {logging_mixin.py:188} INFO - [2026-09-17T13:22:14.064+0000] {dagbag.py:545} INFO - Filling up the DagBag from /opt/airflow/dags/json_dag.py
[2026-09-17T13:22:14.661+0000] {processor.py:840} INFO - DAG(s) 'json_dag' retrieved from /opt/airflow/dags/json_dag.py
[2026-09-17T13:22:14.688+0000] {logging_mixin.py:188} INFO - [2026-09-17T13:22:14.688+0000] {dag.py:3096} INFO - Sync 1 DAGs
[2026-09-17T13:22:14.716+0000] {logging_mixin.py:188} INFO - [2026-09-17T13:22:14.715+0000] {dag.py:3954} INFO - Setting next_dagrun for json_dag to 2026-09-17 08:59:00+00:00, run_after=2026-09-18 08:00:00+00:00
[2026-09-17T13:22:14.919+0000] {processor.py:183} INFO - Processing /opt/airflow/dags/json_dag.py took 0.866 seconds
[2026-09-17T13:22:45.301+0000] {processor.py:161} INFO - Started process (PID=1175) to work on /opt/airflow/dags/json_dag.py
[2026-09-17T13:22:45.303+0000] {processor.py:830} INFO - Processing file /opt/airflow/dags/json_dag.py for tasks to queue
[2026-09-17T13:22:45.305+0000] {logging_mixin.py:188} INFO - [2026-09-17T13:22:45.305+0000] {dagbag.py:545} INFO - Filling up the DagBag from /opt/airflow/dags/json_dag.py
[2026-09-17T13:22:45.701+0000] {processor.py:840} INFO - DAG(s) 'json_dag' retrieved from /opt/airflow/dags/json_dag.py
[2026-09-17T13:22:45.722+0000] {logging_mixin.py:188} INFO - [2026-09-17T13:22:45.722+0000] {dag.py:3096} INFO - Sync 1 DAGs
[2026-09-17T13:22:45.889+0000] {logging_mixin.py:188} INFO - [2026-09-17T13:22:45.889+0000] {dag.py:3954} INFO - Setting next_dagrun for json_dag to 2026-09-17 08:59:00+00:00, run_after=2026-09-18 08:00:00+00:00
[2026-09-17T13:22:45.915+0000] {processor.py:183} INFO - Processing /opt/airflow/dags/json_dag.py took 0.620 seconds
[2026-09-17T13:23:16.742+0000] {processor.py:161} INFO - Started process (PID=1184) to work on /opt/airflow/dags/json_dag.py
[2026-09-17T13:23:16.744+0000] {processor.py:830} INFO - Processing file /opt/airflow/dags/json_dag.py for tasks to queue
[2026-09-17T13:23:16.745+0000] {logging_mixin.py:188} INFO - [2026-09-17T13:23:16.745+0000] {dagbag.py:545} INFO - Filling up the DagBag from /opt/airflow/dags/json_dag.py
[2026-09-17T13:23:17.094+0000] {processor.py:840} INFO - DAG(s) 'json_dag' retrieved from /opt/airflow/dags/json_dag.py
[2026-09-17T13:23:17.112+0000] {logging_mixin.py:188} INFO - [2026-09-17T13:23:17.112+0000] {dag.py:3096} INFO - Sync 1 DAGs
[2026-09-17T13:23:17.282+0000] {logging_mixin.py:188} INFO - [2026-09-17T13:23:17.282+0000] {dag.py:3954} INFO - Setting next_dagrun for json_dag to 2026-09-17 08:59:00+00:00, run_after=2026-09-18 08:00:00+00:00
[2026-09-17T13:23:17.306+0000] {processor.py:183} INFO - Processing /opt/airflow/dags/json_dag.py took 0.570 seconds
[2026-09-17T13:23:48.269+0000] {processor.py:161} INFO - Started process (PID=1193) to work on /opt/airflow/dags/json_dag.py
[2026-09-17T13:23:48.271+0000] {processor.py:830} INFO - Processing file /opt/airflow/dags/json_dag.py for tasks to queue
[2026-09-17T13:23:48.273+0000] {logging_mixin.py:188} INFO - [2026-09-17T13:23:48.273+0000] {dagbag.py:545} INFO - Filling up the DagBag from /opt/airflow/dags/json_dag.py
[2026-09-17T13:23:48.672+0000] {processor.py:840} INFO - DAG(s) 'json_dag' retrieved from /opt/airflow/dags/json_dag.py
[2026-09-17T13:23:48.693+0000] {logging_mixin.py:188} INFO - [2026-09-17T13:23:48.692+0000] {dag.py:3096} INFO - Sync 1 DAGs
[2026-09-17T13:23:48.715+0000] {logging_mixin.py:188} INFO - [2026-09-17T13:23:48.714+0000] {dag.py:3954} INFO - Setting next_dagrun for json_dag to 2026-09-17 08:59:00+00:00, run_after=2026-09-18 08:00:00+00:00
[2026-09-17T13:23:48.738+0000] {processor.py:183} INFO - Processing /opt/airflow/dags/json_dag.py took 0.474 seconds
[2026-09-17T13:24:18.916+0000] {processor.py:161} INFO - Started process (PID=1202) to work on /opt/airflow/dags/json_dag.py
[2026-09-17T13:24:18.918+0000] {processor.py:830} INFO - Processing file /opt/airflow/dags/json_dag.py for tasks to queue
[2026-09-17T13:24:18.921+0000] {logging_mixin.py:188} INFO - [2026-09-17T13:24:18.921+0000] {dagbag.py:545} INFO - Filling up the DagBag from /opt/airflow/dags/json_dag.py
[2026-09-17T13:24:19.351+0000] {processor.py:840} INFO - DAG(s) 'json_dag' retrieved from /opt/airflow/dags/json_dag.py
[2026-09-17T13:24:19.379+0000] {logging_mixin.py:188} INFO - [2026-09-17T13:24:19.377+0000] {dag.py:3096} INFO - Sync 1 DAGs
[2026-09-17T13:24:19.407+0000] {logging_mixin.py:188} INFO - [2026-09-17T13:24:19.406+0000] {dag.py:3954} INFO - Setting next_dagrun for json_dag to 2026-09-17 08:59:00+00:00, run_after=2026-09-18 08:00:00+00:00
[2026-09-17T13:24:19.438+0000] {processor.py:183} INFO - Processing /opt/airflow/dags/json_dag.py took 0.527 seconds
[2026-09-17T13:24:50.201+0000] {processor.py:161} INFO - Started process (PID=1211) to work on /opt/airflow/dags/json_dag.py
[2026-09-17T13:24:50.202+0000] {processor.py:830} INFO - Processing file /opt/airflow/dags/json_dag.py for tasks to queue
[2026-09-17T13:24:50.205+0000] {logging_mixin.py:188} INFO - [2026-09-17T13:24:50.205+0000] {dagbag.py:545} INFO - Filling up the DagBag from /opt/airflow/dags/json_dag.py
[2026-09-17T13:24:50.994+0000] {processor.py:840} INFO - DAG(s) 'json_dag' retrieved from /opt/airflow/dags/json_dag.py
[2026-09-17T13:24:51.023+0000] {logging_mixin.py:188} INFO - [2026-09-17T13:24:51.023+0000] {dag.py:3096} INFO - Sync 1 DAGs
[2026-09-17T13:24:51.052+0000] {logging_mixin.py:188} INFO - [2026-09-17T13:24:51.051+0000] {dag.py:3954} INFO - Setting next_dagrun for json_dag to 2026-09-17 08:59:00+00:00, run_after=2026-09-18 08:00:00+00:00
[2026-09-17T13:24:51.082+0000] {processor.py:183} INFO - Processing /opt/airflow/dags/json_dag.py took 0.892 seconds
[2026-09-17T13:25:21.412+0000] {processor.py:161} INFO - Started process (PID=1220) to work on /opt/airflow/dags/json_dag.py
[2026-09-17T13:25:21.413+0000] {processor.py:830} INFO - Processing file /opt/airflow/dags/json_dag.py for tasks to queue
[2026-09-17T13:25:21.416+0000] {logging_mixin.py:188} INFO - [2026-09-17T13:25:21.415+0000] {dagbag.py:545} INFO - Filling up the DagBag from /opt/airflow/dags/json_dag.py
[2026-09-17T13:25:22.076+0000] {processor.py:840} INFO - DAG(s) 'json_dag' retrieved from /opt/airflow/dags/json_dag.py
[2026-09-17T13:25:22.107+0000] {logging_mixin.py:188} INFO - [2026-09-17T13:25:22.107+0000] {dag.py:3096} INFO - Sync 1 DAGs
[2026-09-17T13:25:22.136+0000] {logging_mixin.py:188} INFO - [2026-09-17T13:25:22.136+0000] {dag.py:3954} INFO - Setting next_dagrun for json_dag to 2026-09-17 08:59:00+00:00, run_after=2026-09-18 08:00:00+00:00
[2026-09-17T13:25:22.446+0000] {processor.py:183} INFO - Processing /opt/airflow/dags/json_dag.py took 1.042 seconds
[2026-09-17T13:25:52.786+0000] {processor.py:161} INFO - Started process (PID=1229) to work on /opt/airflow/dags/json_dag.py
[2026-09-17T13:25:52.788+0000] {processor.py:830} INFO - Processing file /opt/airflow/dags/json_dag.py for tasks to queue
[2026-09-17T13:25:52.791+0000] {logging_mixin.py:188} INFO - [2026-09-17T13:25:52.790+0000] {dagbag.py:545} INFO - Filling up the DagBag from /opt/airflow/dags/json_dag.py
[2026-09-17T13:25:53.230+0000] {processor.py:840} INFO - DAG(s) 'json_dag' retrieved from /opt/airflow/dags/json_dag.py
[2026-09-17T13:25:53.251+0000] {logging_mixin.py:188} INFO - [2026-09-17T13:25:53.251+0000] {dag.py:3096} INFO - Sync 1 DAGs
[2026-09-17T13:25:53.403+0000] {logging_mixin.py:188} INFO - [2026-09-17T13:25:53.403+0000] {dag.py:3954} INFO - Setting next_dagrun for json_dag to 2026-09-17 08:59:00+00:00, run_after=2026-09-18 08:00:00+00:00
[2026-09-17T13:25:53.426+0000] {processor.py:183} INFO - Processing /opt/airflow/dags/json_dag.py took 0.648 seconds
[2026-09-17T13:26:24.181+0000] {processor.py:161} INFO - Started process (PID=1238) to work on /opt/airflow/dags/json_dag.py
[2026-09-17T13:26:24.190+0000] {processor.py:830} INFO - Processing file /opt/airflow/dags/json_dag.py for tasks to queue
[2026-09-17T13:26:24.195+0000] {logging_mixin.py:188} INFO - [2026-09-17T13:26:24.194+0000] {dagbag.py:545} INFO - Filling up the DagBag from /opt/airflow/dags/json_dag.py
[2026-09-17T13:26:24.699+0000] {processor.py:840} INFO - DAG(s) 'json_dag' retrieved from /opt/airflow/dags/json_dag.py
[2026-09-17T13:26:24.728+0000] {logging_mixin.py:188} INFO - [2026-09-17T13:26:24.727+0000] {dag.py:3096} INFO - Sync 1 DAGs
[2026-09-17T13:26:24.917+0000] {logging_mixin.py:188} INFO - [2026-09-17T13:26:24.917+0000] {dag.py:3954} INFO - Setting next_dagrun for json_dag to 2026-09-17 08:59:00+00:00, run_after=2026-09-18 08:00:00+00:00
[2026-09-17T13:26:24.937+0000] {processor.py:183} INFO - Processing /opt/airflow/dags/json_dag.py took 0.777 seconds
[2026-09-17T13:26:55.307+0000] {processor.py:161} INFO - Started process (PID=1247) to work on /opt/airflow/dags/json_dag.py
[2026-09-17T13:26:55.309+0000] {processor.py:830} INFO - Processing file /opt/airflow/dags/json_dag.py for tasks to queue
[2026-09-17T13:26:55.311+0000] {logging_mixin.py:188} INFO - [2026-09-17T13:26:55.311+0000] {dagbag.py:545} INFO - Filling up the DagBag from /opt/airflow/dags/json_dag.py
[2026-09-17T13:26:55.724+0000] {processor.py:840} INFO - DAG(s) 'json_dag' retrieved from /opt/airflow/dags/json_dag.py
[2026-09-17T13:26:55.746+0000] {logging_mixin.py:188} INFO - [2026-09-17T13:26:55.746+0000] {dag.py:3096} INFO - Sync 1 DAGs
[2026-09-17T13:26:55.766+0000] {logging_mixin.py:188} INFO - [2026-09-17T13:26:55.766+0000] {dag.py:3954} INFO - Setting next_dagrun for json_dag to 2026-09-17 08:59:00+00:00, run_after=2026-09-18 08:00:00+00:00
[2026-09-17T13:26:55.790+0000] {processor.py:183} INFO - Processing /opt/airflow/dags/json_dag.py took 0.488 seconds
[2026-09-17T13:27:26.742+0000] {processor.py:161} INFO - Started process (PID=1256) to work on /opt/airflow/dags/json_dag.py
[2026-09-17T13:27:26.745+0000] {processor.py:830} INFO - Processing file /opt/airflow/dags/json_dag.py for tasks to queue
[2026-09-17T13:27:26.749+0000] {logging_mixin.py:188} INFO - [2026-09-17T13:27:26.749+0000] {dagbag.py:545} INFO - Filling up the DagBag from /opt/airflow/dags/json_dag.py
[2026-09-17T13:27:27.236+0000] {processor.py:840} INFO - DAG(s) 'json_dag' retrieved from /opt/airflow/dags/json_dag.py
[2026-09-17T13:27:27.272+0000] {logging_mixin.py:188} INFO - [2026-09-17T13:27:27.271+0000] {dag.py:3096} INFO - Sync 1 DAGs
[2026-09-17T13:27:27.309+0000] {logging_mixin.py:188} INFO - [2026-09-17T13:27:27.308+0000] {dag.py:3954} INFO - Setting next_dagrun for json_dag to 2026-09-17 08:59:00+00:00, run_after=2026-09-18 08:00:00+00:00
[2026-09-17T13:27:27.339+0000] {processor.py:183} INFO - Processing /opt/airflow/dags/json_dag.py took 0.608 seconds
[2026-09-17T13:27:58.167+0000] {processor.py:161} INFO - Started process (PID=1265) to work on /opt/airflow/dags/json_dag.py
[2026-09-17T13:27:58.169+0000] {processor.py:830} INFO - Processing file /opt/airflow/dags/json_dag.py for tasks to queue
[2026-09-17T13:27:58.171+0000] {logging_mixin.py:188} INFO - [2026-09-17T13:27:58.171+0000] {dagbag.py:545} INFO - Filling up the DagBag from /opt/airflow/dags/json_dag.py
[2026-09-17T13:27:58.635+0000] {processor.py:840} INFO - DAG(s) 'json_dag' retrieved from /opt/airflow/dags/json_dag.py
[2026-09-17T13:27:58.661+0000] {logging_mixin.py:188} INFO - [2026-09-17T13:27:58.660+0000] {dag.py:3096} INFO - Sync 1 DAGs
[2026-09-17T13:27:58.683+0000] {logging_mixin.py:188} INFO - [2026-09-17T13:27:58.683+0000] {dag.py:3954} INFO - Setting next_dagrun for json_dag to 2026-09-17 08:59:00+00:00, run_after=2026-09-18 08:00:00+00:00
[2026-09-17T13:27:58.710+0000] {processor.py:183} INFO - Processing /opt/airflow/dags/json_dag.py took 0.549 seconds
[2026-09-17T13:28:28.810+0000] {processor.py:161} INFO - Started process (PID=1274) to work on /opt/airflow/dags/json_dag.py
[2026-09-17T13:28:28.811+0000] {processor.py:830} INFO - Processing file /opt/airflow/dags/json_dag.py for tasks to queue
[2026-09-17T13:28:28.814+0000] {logging_mixin.py:188} INFO - [2026-09-17T13:28:28.813+0000] {dagbag.py:545} INFO - Filling up the DagBag from /opt/airflow/dags/json_dag.py
[2026-09-17T13:28:29.210+0000] {processor.py:840} INFO - DAG(s) 'json_dag' retrieved from /opt/airflow/dags/json_dag.py
[2026-09-17T13:28:29.233+0000] {logging_mixin.py:188} INFO - [2026-09-17T13:28:29.233+0000] {dag.py:3096} INFO - Sync 1 DAGs
[2026-09-17T13:28:29.398+0000] {logging_mixin.py:188} INFO - [2026-09-17T13:28:29.398+0000] {dag.py:3954} INFO - Setting next_dagrun for json_dag to 2026-09-17 08:59:00+00:00, run_after=2026-09-18 08:00:00+00:00
[2026-09-17T13:28:29.420+0000] {processor.py:183} INFO - Processing /opt/airflow/dags/json_dag.py took 0.617 seconds
[2026-09-17T13:29:00.172+0000] {processor.py:161} INFO - Started process (PID=1283) to work on /opt/airflow/dags/json_dag.py
[2026-09-17T13:29:00.174+0000] {processor.py:830} INFO - Processing file /opt/airflow/dags/json_dag.py for tasks to queue
[2026-09-17T13:29:00.178+0000] {logging_mixin.py:188} INFO - [2026-09-17T13:29:00.177+0000] {dagbag.py:545} INFO - Filling up the DagBag from /opt/airflow/dags/json_dag.py
[2026-09-17T13:29:00.698+0000] {processor.py:840} INFO - DAG(s) 'json_dag' retrieved from /opt/airflow/dags/json_dag.py
[2026-09-17T13:29:00.721+0000] {logging_mixin.py:188} INFO - [2026-09-17T13:29:00.721+0000] {dag.py:3096} INFO - Sync 1 DAGs
[2026-09-17T13:29:00.911+0000] {logging_mixin.py:188} INFO - [2026-09-17T13:29:00.911+0000] {dag.py:3954} INFO - Setting next_dagrun for json_dag to 2026-09-17 08:59:00+00:00, run_after=2026-09-18 08:00:00+00:00
[2026-09-17T13:29:00.936+0000] {processor.py:183} INFO - Processing /opt/airflow/dags/json_dag.py took 0.775 seconds
[2026-09-17T13:29:31.655+0000] {processor.py:161} INFO - Started process (PID=1292) to work on /opt/airflow/dags/json_dag.py
[2026-09-17T13:29:31.656+0000] {processor.py:830} INFO - Processing file /opt/airflow/dags/json_dag.py for tasks to queue
[2026-09-17T13:29:31.658+0000] {logging_mixin.py:188} INFO - [2026-09-17T13:29:31.658+0000] {dagbag.py:545} INFO - Filling up the DagBag from /opt/airflow/dags/json_dag.py
[2026-09-17T13:29:32.046+0000] {processor.py:840} INFO - DAG(s) 'json_dag' retrieved from /opt/airflow/dags/json_dag.py
[2026-09-17T13:29:32.066+0000] {logging_mixin.py:188} INFO - [2026-09-17T13:29:32.066+0000] {dag.py:3096} INFO - Sync 1 DAGs
[2026-09-17T13:29:32.210+0000] {logging_mixin.py:188} INFO - [2026-09-17T13:29:32.210+0000] {dag.py:3954} INFO - Setting next_dagrun for json_dag to 2026-09-17 08:59:00+00:00, run_after=2026-09-18 08:00:00+00:00
[2026-09-17T13:29:32.230+0000] {processor.py:183} INFO - Processing /opt/airflow/dags/json_dag.py took 0.581 seconds
[2026-09-17T13:30:03.097+0000] {processor.py:161} INFO - Started process (PID=1301) to work on /opt/airflow/dags/json_dag.py
[2026-09-17T13:30:03.098+0000] {processor.py:830} INFO - Processing file /opt/airflow/dags/json_dag.py for tasks to queue
[2026-09-17T13:30:03.100+0000] {logging_mixin.py:188} INFO - [2026-09-17T13:30:03.100+0000] {dagbag.py:545} INFO - Filling up the DagBag from /opt/airflow/dags/json_dag.py
[2026-09-17T13:30:03.466+0000] {processor.py:840} INFO - DAG(s) 'json_dag' retrieved from /opt/airflow/dags/json_dag.py
[2026-09-17T13:30:03.485+0000] {logging_mixin.py:188} INFO - [2026-09-17T13:30:03.485+0000] {dag.py:3096} INFO - Sync 1 DAGs
[2026-09-17T13:30:03.504+0000] {logging_mixin.py:188} INFO - [2026-09-17T13:30:03.504+0000] {dag.py:3954} INFO - Setting next_dagrun for json_dag to 2026-09-17 08:59:00+00:00, run_after=2026-09-18 08:00:00+00:00
[2026-09-17T13:30:03.523+0000] {processor.py:183} INFO - Processing /opt/airflow/dags/json_dag.py took 0.432 seconds
[2026-09-17T13:30:33.597+0000] {processor.py:161} INFO - Started process (PID=1310) to work on /opt/airflow/dags/json_dag.py
[2026-09-17T13:30:33.598+0000] {processor.py:830} INFO - Processing file /opt/airflow/dags/json_dag.py for tasks to queue
[2026-09-17T13:30:33.601+0000] {logging_mixin.py:188} INFO - [2026-09-17T13:30:33.600+0000] {dagbag.py:545} INFO - Filling up the DagBag from /opt/airflow/dags/json_dag.py
[2026-09-17T13:30:33.993+0000] {processor.py:840} INFO - DAG(s) 'json_dag' retrieved from /opt/airflow/dags/json_dag.py
[2026-09-17T13:30:34.014+0000] {logging_mixin.py:188} INFO - [2026-09-17T13:30:34.013+0000] {dag.py:3096} INFO - Sync 1 DAGs
[2026-09-17T13:30:34.032+0000] {logging_mixin.py:188} INFO - [2026-09-17T13:30:34.032+0000] {dag.py:3954} INFO - Setting next_dagrun for json_dag to 2026-09-17 08:59:00+00:00, run_after=2026-09-18 08:00:00+00:00
[2026-09-17T13:30:34.050+0000] {processor.py:183} INFO - Processing /opt/airflow/dags/json_dag.py took 0.460 seconds
[2026-09-17T13:31:04.931+0000] {processor.py:161} INFO - Started process (PID=1318) to work on /opt/airflow/dags/json_dag.py
[2026-09-17T13:31:04.932+0000] {processor.py:830} INFO - Processing file /opt/airflow/dags/json_dag.py for tasks to queue
[2026-09-17T13:31:04.935+0000] {logging_mixin.py:188} INFO - [2026-09-17T13:31:04.935+0000] {dagbag.py:545} INFO - Filling up the DagBag from /opt/airflow/dags/json_dag.py
[2026-09-17T13:31:05.321+0000] {processor.py:840} INFO - DAG(s) 'json_dag' retrieved from /opt/airflow/dags/json_dag.py
[2026-09-17T13:31:05.340+0000] {logging_mixin.py:188} INFO - [2026-09-17T13:31:05.339+0000] {dag.py:3096} INFO - Sync 1 DAGs
[2026-09-17T13:31:05.361+0000] {logging_mixin.py:188} INFO - [2026-09-17T13:31:05.361+0000] {dag.py:3954} INFO - Setting next_dagrun for json_dag to 2026-09-17 08:59:00+00:00, run_after=2026-09-18 08:00:00+00:00
[2026-09-17T13:31:05.508+0000] {processor.py:183} INFO - Processing /opt/airflow/dags/json_dag.py took 0.582 seconds
[2026-09-17T13:31:36.387+0000] {processor.py:161} INFO - Started process (PID=1333) to work on /opt/airflow/dags/json_dag.py
[2026-09-17T13:31:36.388+0000] {processor.py:830} INFO - Processing file /opt/airflow/dags/json_dag.py for tasks to queue
[2026-09-17T13:31:36.390+0000] {logging_mixin.py:188} INFO - [2026-09-17T13:31:36.390+0000] {dagbag.py:545} INFO - Filling up the DagBag from /opt/airflow/dags/json_dag.py
[2026-09-17T13:31:36.763+0000] {processor.py:840} INFO - DAG(s) 'json_dag' retrieved from /opt/airflow/dags/json_dag.py
[2026-09-17T13:31:36.782+0000] {logging_mixin.py:188} INFO - [2026-09-17T13:31:36.781+0000] {dag.py:3096} INFO - Sync 1 DAGs
[2026-09-17T13:31:36.929+0000] {logging_mixin.py:188} INFO - [2026-09-17T13:31:36.929+0000] {dag.py:3954} INFO - Setting next_dagrun for json_dag to 2026-09-17 08:59:00+00:00, run_after=2026-09-18 08:00:00+00:00
[2026-09-17T13:31:36.948+0000] {processor.py:183} INFO - Processing /opt/airflow/dags/json_dag.py took 0.567 seconds
[2026-09-17T13:32:07.761+0000] {processor.py:161} INFO - Started process (PID=1342) to work on /opt/airflow/dags/json_dag.py
[2026-09-17T13:32:07.763+0000] {processor.py:830} INFO - Processing file /opt/airflow/dags/json_dag.py for tasks to queue
[2026-09-17T13:32:07.764+0000] {logging_mixin.py:188} INFO - [2026-09-17T13:32:07.764+0000] {dagbag.py:545} INFO - Filling up the DagBag from /opt/airflow/dags/json_dag.py
[2026-09-17T13:32:08.159+0000] {processor.py:840} INFO - DAG(s) 'json_dag' retrieved from /opt/airflow/dags/json_dag.py
[2026-09-17T13:32:08.178+0000] {logging_mixin.py:188} INFO - [2026-09-17T13:32:08.178+0000] {dag.py:3096} INFO - Sync 1 DAGs
[2026-09-17T13:32:08.321+0000] {logging_mixin.py:188} INFO - [2026-09-17T13:32:08.321+0000] {dag.py:3954} INFO - Setting next_dagrun for json_dag to 2026-09-17 08:59:00+00:00, run_after=2026-09-18 08:00:00+00:00
[2026-09-17T13:32:08.345+0000] {processor.py:183} INFO - Processing /opt/airflow/dags/json_dag.py took 0.590 seconds
[2026-09-17T13:32:39.171+0000] {processor.py:161} INFO - Started process (PID=1350) to work on /opt/airflow/dags/json_dag.py
[2026-09-17T13:32:39.173+0000] {processor.py:830} INFO - Processing file /opt/airflow/dags/json_dag.py for tasks to queue
[2026-09-17T13:32:39.175+0000] {logging_mixin.py:188} INFO - [2026-09-17T13:32:39.175+0000] {dagbag.py:545} INFO - Filling up the DagBag from /opt/airflow/dags/json_dag.py
[2026-09-17T13:32:39.527+0000] {processor.py:840} INFO - DAG(s) 'json_dag' retrieved from /opt/airflow/dags/json_dag.py
[2026-09-17T13:32:39.546+0000] {logging_mixin.py:188} INFO - [2026-09-17T13:32:39.546+0000] {dag.py:3096} INFO - Sync 1 DAGs
[2026-09-17T13:32:39.566+0000] {logging_mixin.py:188} INFO - [2026-09-17T13:32:39.566+0000] {dag.py:3954} INFO - Setting next_dagrun for json_dag to 2026-09-17 08:59:00+00:00, run_after=2026-09-18 08:00:00+00:00
[2026-09-17T13:32:39.586+0000] {processor.py:183} INFO - Processing /opt/airflow/dags/json_dag.py took 0.421 seconds
[2026-09-17T13:33:09.720+0000] {processor.py:161} INFO - Started process (PID=1359) to work on /opt/airflow/dags/json_dag.py
[2026-09-17T13:33:09.722+0000] {processor.py:830} INFO - Processing file /opt/airflow/dags/json_dag.py for tasks to queue
[2026-09-17T13:33:09.727+0000] {logging_mixin.py:188} INFO - [2026-09-17T13:33:09.727+0000] {dagbag.py:545} INFO - Filling up the DagBag from /opt/airflow/dags/json_dag.py
[2026-09-17T13:33:10.702+0000] {processor.py:840} INFO - DAG(s) 'json_dag' retrieved from /opt/airflow/dags/json_dag.py
[2026-09-17T13:33:10.795+0000] {logging_mixin.py:188} INFO - [2026-09-17T13:33:10.793+0000] {dag.py:3096} INFO - Sync 1 DAGs
[2026-09-17T13:33:10.876+0000] {logging_mixin.py:188} INFO - [2026-09-17T13:33:10.875+0000] {dag.py:3954} INFO - Setting next_dagrun for json_dag to 2026-09-17 08:59:00+00:00, run_after=2026-09-18 08:00:00+00:00
[2026-09-17T13:33:10.942+0000] {processor.py:183} INFO - Processing /opt/airflow/dags/json_dag.py took 1.240 seconds
[2026-09-17T13:33:41.075+0000] {processor.py:161} INFO - Started process (PID=1368) to work on /opt/airflow/dags/json_dag.py
[2026-09-17T13:33:41.077+0000] {processor.py:830} INFO - Processing file /opt/airflow/dags/json_dag.py for tasks to queue
[2026-09-17T13:33:41.080+0000] {logging_mixin.py:188} INFO - [2026-09-17T13:33:41.080+0000] {dagbag.py:545} INFO - Filling up the DagBag from /opt/airflow/dags/json_dag.py
[2026-09-17T13:33:42.044+0000] {processor.py:840} INFO - DAG(s) 'json_dag' retrieved from /opt/airflow/dags/json_dag.py
[2026-09-17T13:33:42.094+0000] {logging_mixin.py:188} INFO - [2026-09-17T13:33:42.093+0000] {dag.py:3096} INFO - Sync 1 DAGs
[2026-09-17T13:33:42.158+0000] {logging_mixin.py:188} INFO - [2026-09-17T13:33:42.157+0000] {dag.py:3954} INFO - Setting next_dagrun for json_dag to 2026-09-17 08:59:00+00:00, run_after=2026-09-18 08:00:00+00:00
[2026-09-17T13:33:42.424+0000] {processor.py:183} INFO - Processing /opt/airflow/dags/json_dag.py took 1.360 seconds
[2026-09-17T13:34:12.779+0000] {processor.py:161} INFO - Started process (PID=1377) to work on /opt/airflow/dags/json_dag.py
[2026-09-17T13:34:12.780+0000] {processor.py:830} INFO - Processing file /opt/airflow/dags/json_dag.py for tasks to queue
[2026-09-17T13:34:12.782+0000] {logging_mixin.py:188} INFO - [2026-09-17T13:34:12.781+0000] {dagbag.py:545} INFO - Filling up the DagBag from /opt/airflow/dags/json_dag.py
[2026-09-17T13:34:13.228+0000] {processor.py:840} INFO - DAG(s) 'json_dag' retrieved from /opt/airflow/dags/json_dag.py
[2026-09-17T13:34:13.249+0000] {logging_mixin.py:188} INFO - [2026-09-17T13:34:13.249+0000] {dag.py:3096} INFO - Sync 1 DAGs
[2026-09-17T13:34:13.422+0000] {logging_mixin.py:188} INFO - [2026-09-17T13:34:13.422+0000] {dag.py:3954} INFO - Setting next_dagrun for json_dag to 2026-09-17 08:59:00+00:00, run_after=2026-09-18 08:00:00+00:00
[2026-09-17T13:34:13.446+0000] {processor.py:183} INFO - Processing /opt/airflow/dags/json_dag.py took 0.673 seconds
[2026-09-17T13:34:43.788+0000] {processor.py:161} INFO - Started process (PID=1386) to work on /opt/airflow/dags/json_dag.py
[2026-09-17T13:34:43.790+0000] {processor.py:830} INFO - Processing file /opt/airflow/dags/json_dag.py for tasks to queue
[2026-09-17T13:34:43.795+0000] {logging_mixin.py:188} INFO - [2026-09-17T13:34:43.794+0000] {dagbag.py:545} INFO - Filling up the DagBag from /opt/airflow/dags/json_dag.py
[2026-09-17T13:34:44.389+0000] {processor.py:840} INFO - DAG(s) 'json_dag' retrieved from /opt/airflow/dags/json_dag.py
[2026-09-17T13:34:44.417+0000] {logging_mixin.py:188} INFO - [2026-09-17T13:34:44.416+0000] {dag.py:3096} INFO - Sync 1 DAGs
[2026-09-17T13:34:44.593+0000] {logging_mixin.py:188} INFO - [2026-09-17T13:34:44.593+0000] {dag.py:3954} INFO - Setting next_dagrun for json_dag to 2026-09-17 08:59:00+00:00, run_after=2026-09-18 08:00:00+00:00
[2026-09-17T13:34:44.614+0000] {processor.py:183} INFO - Processing /opt/airflow/dags/json_dag.py took 0.838 seconds
[2026-09-17T13:35:15.264+0000] {processor.py:161} INFO - Started process (PID=1395) to work on /opt/airflow/dags/json_dag.py
[2026-09-17T13:35:15.266+0000] {processor.py:830} INFO - Processing file /opt/airflow/dags/json_dag.py for tasks to queue
[2026-09-17T13:35:15.268+0000] {logging_mixin.py:188} INFO - [2026-09-17T13:35:15.268+0000] {dagbag.py:545} INFO - Filling up the DagBag from /opt/airflow/dags/json_dag.py
[2026-09-17T13:35:15.717+0000] {processor.py:840} INFO - DAG(s) 'json_dag' retrieved from /opt/airflow/dags/json_dag.py
[2026-09-17T13:35:15.747+0000] {logging_mixin.py:188} INFO - [2026-09-17T13:35:15.747+0000] {dag.py:3096} INFO - Sync 1 DAGs
[2026-09-17T13:35:15.895+0000] {logging_mixin.py:188} INFO - [2026-09-17T13:35:15.895+0000] {dag.py:3954} INFO - Setting next_dagrun for json_dag to 2026-09-17 08:59:00+00:00, run_after=2026-09-18 08:00:00+00:00
[2026-09-17T13:35:15.918+0000] {processor.py:183} INFO - Processing /opt/airflow/dags/json_dag.py took 0.662 seconds
[2026-09-17T13:35:46.656+0000] {processor.py:161} INFO - Started process (PID=1404) to work on /opt/airflow/dags/json_dag.py
[2026-09-17T13:35:46.658+0000] {processor.py:830} INFO - Processing file /opt/airflow/dags/json_dag.py for tasks to queue
[2026-09-17T13:35:46.659+0000] {logging_mixin.py:188} INFO - [2026-09-17T13:35:46.659+0000] {dagbag.py:545} INFO - Filling up the DagBag from /opt/airflow/dags/json_dag.py
[2026-09-17T13:35:47.007+0000] {processor.py:840} INFO - DAG(s) 'json_dag' retrieved from /opt/airflow/dags/json_dag.py
[2026-09-17T13:35:47.026+0000] {logging_mixin.py:188} INFO - [2026-09-17T13:35:47.026+0000] {dag.py:3096} INFO - Sync 1 DAGs
[2026-09-17T13:35:47.046+0000] {logging_mixin.py:188} INFO - [2026-09-17T13:35:47.046+0000] {dag.py:3954} INFO - Setting next_dagrun for json_dag to 2026-09-17 08:59:00+00:00, run_after=2026-09-18 08:00:00+00:00
[2026-09-17T13:35:47.066+0000] {processor.py:183} INFO - Processing /opt/airflow/dags/json_dag.py took 0.415 seconds
[2026-09-17T13:36:17.148+0000] {processor.py:161} INFO - Started process (PID=1413) to work on /opt/airflow/dags/json_dag.py
[2026-09-17T13:36:17.150+0000] {processor.py:830} INFO - Processing file /opt/airflow/dags/json_dag.py for tasks to queue
[2026-09-17T13:36:17.155+0000] {logging_mixin.py:188} INFO - [2026-09-17T13:36:17.155+0000] {dagbag.py:545} INFO - Filling up the DagBag from /opt/airflow/dags/json_dag.py
[2026-09-17T13:36:17.657+0000] {processor.py:840} INFO - DAG(s) 'json_dag' retrieved from /opt/airflow/dags/json_dag.py
[2026-09-17T13:36:17.680+0000] {logging_mixin.py:188} INFO - [2026-09-17T13:36:17.680+0000] {dag.py:3096} INFO - Sync 1 DAGs
[2026-09-17T13:36:17.701+0000] {logging_mixin.py:188} INFO - [2026-09-17T13:36:17.701+0000] {dag.py:3954} INFO - Setting next_dagrun for json_dag to 2026-09-17 08:59:00+00:00, run_after=2026-09-18 08:00:00+00:00
[2026-09-17T13:36:17.727+0000] {processor.py:183} INFO - Processing /opt/airflow/dags/json_dag.py took 0.587 seconds
[2026-09-17T13:36:48.471+0000] {processor.py:161} INFO - Started process (PID=1422) to work on /opt/airflow/dags/json_dag.py
[2026-09-17T13:36:48.472+0000] {processor.py:830} INFO - Processing file /opt/airflow/dags/json_dag.py for tasks to queue
[2026-09-17T13:36:48.475+0000] {logging_mixin.py:188} INFO - [2026-09-17T13:36:48.474+0000] {dagbag.py:545} INFO - Filling up the DagBag from /opt/airflow/dags/json_dag.py
[2026-09-17T13:36:49.045+0000] {processor.py:840} INFO - DAG(s) 'json_dag' retrieved from /opt/airflow/dags/json_dag.py
[2026-09-17T13:36:49.070+0000] {logging_mixin.py:188} INFO - [2026-09-17T13:36:49.070+0000] {dag.py:3096} INFO - Sync 1 DAGs
[2026-09-17T13:36:49.103+0000] {logging_mixin.py:188} INFO - [2026-09-17T13:36:49.102+0000] {dag.py:3954} INFO - Setting next_dagrun for json_dag to 2026-09-17 08:59:00+00:00, run_after=2026-09-18 08:00:00+00:00
[2026-09-17T13:36:49.354+0000] {processor.py:183} INFO - Processing /opt/airflow/dags/json_dag.py took 0.889 seconds
[2026-09-17T13:37:19.738+0000] {processor.py:161} INFO - Started process (PID=1431) to work on /opt/airflow/dags/json_dag.py
[2026-09-17T13:37:19.740+0000] {processor.py:830} INFO - Processing file /opt/airflow/dags/json_dag.py for tasks to queue
[2026-09-17T13:37:19.743+0000] {logging_mixin.py:188} INFO - [2026-09-17T13:37:19.742+0000] {dagbag.py:545} INFO - Filling up the DagBag from /opt/airflow/dags/json_dag.py
[2026-09-17T13:37:20.357+0000] {processor.py:840} INFO - DAG(s) 'json_dag' retrieved from /opt/airflow/dags/json_dag.py
[2026-09-17T13:37:20.397+0000] {logging_mixin.py:188} INFO - [2026-09-17T13:37:20.396+0000] {dag.py:3096} INFO - Sync 1 DAGs
[2026-09-17T13:37:20.639+0000] {logging_mixin.py:188} INFO - [2026-09-17T13:37:20.638+0000] {dag.py:3954} INFO - Setting next_dagrun for json_dag to 2026-09-17 08:59:00+00:00, run_after=2026-09-18 08:00:00+00:00
[2026-09-17T13:37:20.676+0000] {processor.py:183} INFO - Processing /opt/airflow/dags/json_dag.py took 0.944 seconds
[2026-09-17T13:37:51.180+0000] {processor.py:161} INFO - Started process (PID=1440) to work on /opt/airflow/dags/json_dag.py
[2026-09-17T13:37:51.181+0000] {processor.py:830} INFO - Processing file /opt/airflow/dags/json_dag.py for tasks to queue
[2026-09-17T13:37:51.183+0000] {logging_mixin.py:188} INFO - [2026-09-17T13:37:51.183+0000] {dagbag.py:545} INFO - Filling up the DagBag from /opt/airflow/dags/json_dag.py
[2026-09-17T13:37:51.591+0000] {processor.py:840} INFO - DAG(s) 'json_dag' retrieved from /opt/airflow/dags/json_dag.py
[2026-09-17T13:37:51.610+0000] {logging_mixin.py:188} INFO - [2026-09-17T13:37:51.610+0000] {dag.py:3096} INFO - Sync 1 DAGs
[2026-09-17T13:37:51.780+0000] {logging_mixin.py:188} INFO - [2026-09-17T13:37:51.779+0000] {dag.py:3954} INFO - Setting next_dagrun for json_dag to 2026-09-17 08:59:00+00:00, run_after=2026-09-18 08:00:00+00:00
[2026-09-17T13:37:51.798+0000] {processor.py:183} INFO - Processing /opt/airflow/dags/json_dag.py took 0.624 seconds
[2026-09-17T13:38:22.565+0000] {processor.py:161} INFO - Started process (PID=1449) to work on /opt/airflow/dags/json_dag.py
[2026-09-17T13:38:22.567+0000] {processor.py:830} INFO - Processing file /opt/airflow/dags/json_dag.py for tasks to queue
[2026-09-17T13:38:22.571+0000] {logging_mixin.py:188} INFO - [2026-09-17T13:38:22.570+0000] {dagbag.py:545} INFO - Filling up the DagBag from /opt/airflow/dags/json_dag.py
[2026-09-17T13:38:23.143+0000] {processor.py:840} INFO - DAG(s) 'json_dag' retrieved from /opt/airflow/dags/json_dag.py
[2026-09-17T13:38:23.165+0000] {logging_mixin.py:188} INFO - [2026-09-17T13:38:23.164+0000] {dag.py:3096} INFO - Sync 1 DAGs
[2026-09-17T13:38:23.185+0000] {logging_mixin.py:188} INFO - [2026-09-17T13:38:23.184+0000] {dag.py:3954} INFO - Setting next_dagrun for json_dag to 2026-09-17 08:59:00+00:00, run_after=2026-09-18 08:00:00+00:00
[2026-09-17T13:38:23.208+0000] {processor.py:183} INFO - Processing /opt/airflow/dags/json_dag.py took 0.657 seconds
[2026-09-17T13:38:54.013+0000] {processor.py:161} INFO - Started process (PID=1458) to work on /opt/airflow/dags/json_dag.py
[2026-09-17T13:38:54.014+0000] {processor.py:830} INFO - Processing file /opt/airflow/dags/json_dag.py for tasks to queue
[2026-09-17T13:38:54.017+0000] {logging_mixin.py:188} INFO - [2026-09-17T13:38:54.017+0000] {dagbag.py:545} INFO - Filling up the DagBag from /opt/airflow/dags/json_dag.py
[2026-09-17T13:38:54.486+0000] {processor.py:840} INFO - DAG(s) 'json_dag' retrieved from /opt/airflow/dags/json_dag.py
[2026-09-17T13:38:54.515+0000] {logging_mixin.py:188} INFO - [2026-09-17T13:38:54.515+0000] {dag.py:3096} INFO - Sync 1 DAGs
[2026-09-17T13:38:54.545+0000] {logging_mixin.py:188} INFO - [2026-09-17T13:38:54.545+0000] {dag.py:3954} INFO - Setting next_dagrun for json_dag to 2026-09-17 08:59:00+00:00, run_after=2026-09-18 08:00:00+00:00
[2026-09-17T13:38:54.571+0000] {processor.py:183} INFO - Processing /opt/airflow/dags/json_dag.py took 0.566 seconds
[2026-09-17T13:39:25.485+0000] {processor.py:161} INFO - Started process (PID=1468) to work on /opt/airflow/dags/json_dag.py
[2026-09-17T13:39:25.487+0000] {processor.py:830} INFO - Processing file /opt/airflow/dags/json_dag.py for tasks to queue
[2026-09-17T13:39:25.490+0000] {logging_mixin.py:188} INFO - [2026-09-17T13:39:25.490+0000] {dagbag.py:545} INFO - Filling up the DagBag from /opt/airflow/dags/json_dag.py
[2026-09-17T13:39:25.974+0000] {processor.py:840} INFO - DAG(s) 'json_dag' retrieved from /opt/airflow/dags/json_dag.py
[2026-09-17T13:39:25.994+0000] {logging_mixin.py:188} INFO - [2026-09-17T13:39:25.994+0000] {dag.py:3096} INFO - Sync 1 DAGs
[2026-09-17T13:39:26.013+0000] {logging_mixin.py:188} INFO - [2026-09-17T13:39:26.013+0000] {dag.py:3954} INFO - Setting next_dagrun for json_dag to 2026-09-17 08:59:00+00:00, run_after=2026-09-18 08:00:00+00:00
[2026-09-17T13:39:26.170+0000] {processor.py:183} INFO - Processing /opt/airflow/dags/json_dag.py took 0.695 seconds
[2026-09-17T13:39:56.940+0000] {processor.py:161} INFO - Started process (PID=1477) to work on /opt/airflow/dags/json_dag.py
[2026-09-17T13:39:56.942+0000] {processor.py:830} INFO - Processing file /opt/airflow/dags/json_dag.py for tasks to queue
[2026-09-17T13:39:56.944+0000] {logging_mixin.py:188} INFO - [2026-09-17T13:39:56.943+0000] {dagbag.py:545} INFO - Filling up the DagBag from /opt/airflow/dags/json_dag.py
[2026-09-17T13:39:57.346+0000] {processor.py:840} INFO - DAG(s) 'json_dag' retrieved from /opt/airflow/dags/json_dag.py
[2026-09-17T13:39:57.368+0000] {logging_mixin.py:188} INFO - [2026-09-17T13:39:57.367+0000] {dag.py:3096} INFO - Sync 1 DAGs
[2026-09-17T13:39:57.531+0000] {logging_mixin.py:188} INFO - [2026-09-17T13:39:57.531+0000] {dag.py:3954} INFO - Setting next_dagrun for json_dag to 2026-09-17 08:59:00+00:00, run_after=2026-09-18 08:00:00+00:00
[2026-09-17T13:39:57.553+0000] {processor.py:183} INFO - Processing /opt/airflow/dags/json_dag.py took 0.617 seconds
[2026-09-17T13:40:28.461+0000] {processor.py:161} INFO - Started process (PID=1486) to work on /opt/airflow/dags/json_dag.py
[2026-09-17T13:40:28.463+0000] {processor.py:830} INFO - Processing file /opt/airflow/dags/json_dag.py for tasks to queue
[2026-09-17T13:40:28.467+0000] {logging_mixin.py:188} INFO - [2026-09-17T13:40:28.466+0000] {dagbag.py:545} INFO - Filling up the DagBag from /opt/airflow/dags/json_dag.py
[2026-09-17T13:40:28.948+0000] {processor.py:840} INFO - DAG(s) 'json_dag' retrieved from /opt/airflow/dags/json_dag.py
[2026-09-17T13:40:28.973+0000] {logging_mixin.py:188} INFO - [2026-09-17T13:40:28.973+0000] {dag.py:3096} INFO - Sync 1 DAGs
[2026-09-17T13:40:29.142+0000] {logging_mixin.py:188} INFO - [2026-09-17T13:40:29.142+0000] {dag.py:3954} INFO - Setting next_dagrun for json_dag to 2026-09-17 08:59:00+00:00, run_after=2026-09-18 08:00:00+00:00
[2026-09-17T13:40:29.161+0000] {processor.py:183} INFO - Processing /opt/airflow/dags/json_dag.py took 0.709 seconds
[2026-09-17T13:40:59.872+0000] {processor.py:161} INFO - Started process (PID=1495) to work on /opt/airflow/dags/json_dag.py
[2026-09-17T13:40:59.874+0000] {processor.py:830} INFO - Processing file /opt/airflow/dags/json_dag.py for tasks to queue
[2026-09-17T13:40:59.878+0000] {logging_mixin.py:188} INFO - [2026-09-17T13:40:59.877+0000] {dagbag.py:545} INFO - Filling up the DagBag from /opt/airflow/dags/json_dag.py
[2026-09-17T13:41:00.484+0000] {processor.py:840} INFO - DAG(s) 'json_dag' retrieved from /opt/airflow/dags/json_dag.py
[2026-09-17T13:41:00.646+0000] {logging_mixin.py:188} INFO - [2026-09-17T13:41:00.645+0000] {dag.py:3096} INFO - Sync 1 DAGs
[2026-09-17T13:41:00.662+0000] {logging_mixin.py:188} INFO - [2026-09-17T13:41:00.662+0000] {dag.py:3954} INFO - Setting next_dagrun for json_dag to 2026-09-17 08:59:00+00:00, run_after=2026-09-18 08:00:00+00:00
[2026-09-17T13:41:00.681+0000] {processor.py:183} INFO - Processing /opt/airflow/dags/json_dag.py took 0.815 seconds
[2026-09-17T13:41:31.348+0000] {processor.py:161} INFO - Started process (PID=1504) to work on /opt/airflow/dags/json_dag.py
[2026-09-17T13:41:31.350+0000] {processor.py:830} INFO - Processing file /opt/airflow/dags/json_dag.py for tasks to queue
[2026-09-17T13:41:31.352+0000] {logging_mixin.py:188} INFO - [2026-09-17T13:41:31.352+0000] {dagbag.py:545} INFO - Filling up the DagBag from /opt/airflow/dags/json_dag.py
[2026-09-17T13:41:31.769+0000] {processor.py:840} INFO - DAG(s) 'json_dag' retrieved from /opt/airflow/dags/json_dag.py
[2026-09-17T13:41:31.789+0000] {logging_mixin.py:188} INFO - [2026-09-17T13:41:31.789+0000] {dag.py:3096} INFO - Sync 1 DAGs
[2026-09-17T13:41:31.810+0000] {logging_mixin.py:188} INFO - [2026-09-17T13:41:31.810+0000] {dag.py:3954} INFO - Setting next_dagrun for json_dag to 2026-09-17 08:59:00+00:00, run_after=2026-09-18 08:00:00+00:00
[2026-09-17T13:41:31.831+0000] {processor.py:183} INFO - Processing /opt/airflow/dags/json_dag.py took 0.491 seconds
[2026-09-17T13:42:02.094+0000] {processor.py:161} INFO - Started process (PID=1513) to work on /opt/airflow/dags/json_dag.py
[2026-09-17T13:42:02.096+0000] {processor.py:830} INFO - Processing file /opt/airflow/dags/json_dag.py for tasks to queue
[2026-09-17T13:42:02.098+0000] {logging_mixin.py:188} INFO - [2026-09-17T13:42:02.098+0000] {dagbag.py:545} INFO - Filling up the DagBag from /opt/airflow/dags/json_dag.py
[2026-09-17T13:42:02.600+0000] {processor.py:840} INFO - DAG(s) 'json_dag' retrieved from /opt/airflow/dags/json_dag.py
[2026-09-17T13:42:02.620+0000] {logging_mixin.py:188} INFO - [2026-09-17T13:42:02.619+0000] {dag.py:3096} INFO - Sync 1 DAGs
[2026-09-17T13:42:02.639+0000] {logging_mixin.py:188} INFO - [2026-09-17T13:42:02.639+0000] {dag.py:3954} INFO - Setting next_dagrun for json_dag to 2026-09-17 08:59:00+00:00, run_after=2026-09-18 08:00:00+00:00
[2026-09-17T13:42:02.659+0000] {processor.py:183} INFO - Processing /opt/airflow/dags/json_dag.py took 0.571 seconds
[2026-09-17T13:42:33.420+0000] {processor.py:161} INFO - Started process (PID=1522) to work on /opt/airflow/dags/json_dag.py
[2026-09-17T13:42:33.422+0000] {processor.py:830} INFO - Processing file /opt/airflow/dags/json_dag.py for tasks to queue
[2026-09-17T13:42:33.425+0000] {logging_mixin.py:188} INFO - [2026-09-17T13:42:33.424+0000] {dagbag.py:545} INFO - Filling up the DagBag from /opt/airflow/dags/json_dag.py
[2026-09-17T13:42:33.917+0000] {processor.py:840} INFO - DAG(s) 'json_dag' retrieved from /opt/airflow/dags/json_dag.py
[2026-09-17T13:42:33.943+0000] {logging_mixin.py:188} INFO - [2026-09-17T13:42:33.942+0000] {dag.py:3096} INFO - Sync 1 DAGs
[2026-09-17T13:42:33.968+0000] {logging_mixin.py:188} INFO - [2026-09-17T13:42:33.968+0000] {dag.py:3954} INFO - Setting next_dagrun for json_dag to 2026-09-17 08:59:00+00:00, run_after=2026-09-18 08:00:00+00:00
[2026-09-17T13:42:34.143+0000] {processor.py:183} INFO - Processing /opt/airflow/dags/json_dag.py took 0.730 seconds
[2026-09-17T13:43:04.848+0000] {processor.py:161} INFO - Started process (PID=1531) to work on /opt/airflow/dags/json_dag.py
[2026-09-17T13:43:04.850+0000] {processor.py:830} INFO - Processing file /opt/airflow/dags/json_dag.py for tasks to queue
[2026-09-17T13:43:04.852+0000] {logging_mixin.py:188} INFO - [2026-09-17T13:43:04.852+0000] {dagbag.py:545} INFO - Filling up the DagBag from /opt/airflow/dags/json_dag.py
[2026-09-17T13:43:05.386+0000] {processor.py:840} INFO - DAG(s) 'json_dag' retrieved from /opt/airflow/dags/json_dag.py
[2026-09-17T13:43:05.414+0000] {logging_mixin.py:188} INFO - [2026-09-17T13:43:05.413+0000] {dag.py:3096} INFO - Sync 1 DAGs
[2026-09-17T13:43:05.624+0000] {logging_mixin.py:188} INFO - [2026-09-17T13:43:05.623+0000] {dag.py:3954} INFO - Setting next_dagrun for json_dag to 2026-09-17 08:59:00+00:00, run_after=2026-09-18 08:00:00+00:00
[2026-09-17T13:43:05.670+0000] {processor.py:183} INFO - Processing /opt/airflow/dags/json_dag.py took 0.827 seconds
[2026-09-17T13:43:36.386+0000] {processor.py:161} INFO - Started process (PID=1540) to work on /opt/airflow/dags/json_dag.py
[2026-09-17T13:43:36.387+0000] {processor.py:830} INFO - Processing file /opt/airflow/dags/json_dag.py for tasks to queue
[2026-09-17T13:43:36.390+0000] {logging_mixin.py:188} INFO - [2026-09-17T13:43:36.389+0000] {dagbag.py:545} INFO - Filling up the DagBag from /opt/airflow/dags/json_dag.py
[2026-09-17T13:43:36.906+0000] {processor.py:840} INFO - DAG(s) 'json_dag' retrieved from /opt/airflow/dags/json_dag.py
[2026-09-17T13:43:36.942+0000] {logging_mixin.py:188} INFO - [2026-09-17T13:43:36.942+0000] {dag.py:3096} INFO - Sync 1 DAGs
[2026-09-17T13:43:37.107+0000] {logging_mixin.py:188} INFO - [2026-09-17T13:43:37.107+0000] {dag.py:3954} INFO - Setting next_dagrun for json_dag to 2026-09-17 08:59:00+00:00, run_after=2026-09-18 08:00:00+00:00
[2026-09-17T13:43:37.132+0000] {processor.py:183} INFO - Processing /opt/airflow/dags/json_dag.py took 0.750 seconds
[2026-09-17T13:44:07.493+0000] {processor.py:161} INFO - Started process (PID=1549) to work on /opt/airflow/dags/json_dag.py
[2026-09-17T13:44:07.495+0000] {processor.py:830} INFO - Processing file /opt/airflow/dags/json_dag.py for tasks to queue
[2026-09-17T13:44:07.497+0000] {logging_mixin.py:188} INFO - [2026-09-17T13:44:07.497+0000] {dagbag.py:545} INFO - Filling up the DagBag from /opt/airflow/dags/json_dag.py
[2026-09-17T13:44:08.033+0000] {processor.py:840} INFO - DAG(s) 'json_dag' retrieved from /opt/airflow/dags/json_dag.py
[2026-09-17T13:44:08.061+0000] {logging_mixin.py:188} INFO - [2026-09-17T13:44:08.060+0000] {dag.py:3096} INFO - Sync 1 DAGs
[2026-09-17T13:44:08.088+0000] {logging_mixin.py:188} INFO - [2026-09-17T13:44:08.087+0000] {dag.py:3954} INFO - Setting next_dagrun for json_dag to 2026-09-17 08:59:00+00:00, run_after=2026-09-18 08:00:00+00:00
[2026-09-17T13:44:08.124+0000] {processor.py:183} INFO - Processing /opt/airflow/dags/json_dag.py took 0.638 seconds
[2026-09-17T13:44:38.342+0000] {processor.py:161} INFO - Started process (PID=1564) to work on /opt/airflow/dags/json_dag.py
[2026-09-17T13:44:38.344+0000] {processor.py:830} INFO - Processing file /opt/airflow/dags/json_dag.py for tasks to queue
[2026-09-17T13:44:38.347+0000] {logging_mixin.py:188} INFO - [2026-09-17T13:44:38.347+0000] {dagbag.py:545} INFO - Filling up the DagBag from /opt/airflow/dags/json_dag.py
[2026-09-17T13:44:39.021+0000] {processor.py:840} INFO - DAG(s) 'json_dag' retrieved from /opt/airflow/dags/json_dag.py
[2026-09-17T13:44:39.049+0000] {logging_mixin.py:188} INFO - [2026-09-17T13:44:39.048+0000] {dag.py:3096} INFO - Sync 1 DAGs
[2026-09-17T13:44:39.074+0000] {logging_mixin.py:188} INFO - [2026-09-17T13:44:39.074+0000] {dag.py:3954} INFO - Setting next_dagrun for json_dag to 2026-09-17 08:59:00+00:00, run_after=2026-09-18 08:00:00+00:00
[2026-09-17T13:44:39.099+0000] {processor.py:183} INFO - Processing /opt/airflow/dags/json_dag.py took 0.768 seconds
[2026-09-17T13:45:09.433+0000] {processor.py:161} INFO - Started process (PID=1573) to work on /opt/airflow/dags/json_dag.py
[2026-09-17T13:45:09.435+0000] {processor.py:830} INFO - Processing file /opt/airflow/dags/json_dag.py for tasks to queue
[2026-09-17T13:45:09.437+0000] {logging_mixin.py:188} INFO - [2026-09-17T13:45:09.437+0000] {dagbag.py:545} INFO - Filling up the DagBag from /opt/airflow/dags/json_dag.py
[2026-09-17T13:45:09.925+0000] {processor.py:840} INFO - DAG(s) 'json_dag' retrieved from /opt/airflow/dags/json_dag.py
[2026-09-17T13:45:09.947+0000] {logging_mixin.py:188} INFO - [2026-09-17T13:45:09.947+0000] {dag.py:3096} INFO - Sync 1 DAGs
[2026-09-17T13:45:09.967+0000] {logging_mixin.py:188} INFO - [2026-09-17T13:45:09.967+0000] {dag.py:3954} INFO - Setting next_dagrun for json_dag to 2026-09-17 08:59:00+00:00, run_after=2026-09-18 08:00:00+00:00
[2026-09-17T13:45:10.138+0000] {processor.py:183} INFO - Processing /opt/airflow/dags/json_dag.py took 0.713 seconds
[2026-09-17T13:45:40.888+0000] {processor.py:161} INFO - Started process (PID=1582) to work on /opt/airflow/dags/json_dag.py
[2026-09-17T13:45:40.890+0000] {processor.py:830} INFO - Processing file /opt/airflow/dags/json_dag.py for tasks to queue
[2026-09-17T13:45:40.894+0000] {logging_mixin.py:188} INFO - [2026-09-17T13:45:40.893+0000] {dagbag.py:545} INFO - Filling up the DagBag from /opt/airflow/dags/json_dag.py
[2026-09-17T13:45:41.397+0000] {processor.py:840} INFO - DAG(s) 'json_dag' retrieved from /opt/airflow/dags/json_dag.py
[2026-09-17T13:45:41.416+0000] {logging_mixin.py:188} INFO - [2026-09-17T13:45:41.416+0000] {dag.py:3096} INFO - Sync 1 DAGs
[2026-09-17T13:45:41.561+0000] {logging_mixin.py:188} INFO - [2026-09-17T13:45:41.561+0000] {dag.py:3954} INFO - Setting next_dagrun for json_dag to 2026-09-17 08:59:00+00:00, run_after=2026-09-18 08:00:00+00:00
[2026-09-17T13:45:41.585+0000] {processor.py:183} INFO - Processing /opt/airflow/dags/json_dag.py took 0.709 seconds
[2026-09-17T13:46:11.725+0000] {processor.py:161} INFO - Started process (PID=1591) to work on /opt/airflow/dags/json_dag.py
[2026-09-17T13:46:11.728+0000] {processor.py:830} INFO - Processing file /opt/airflow/dags/json_dag.py for tasks to queue
[2026-09-17T13:46:11.734+0000] {logging_mixin.py:188} INFO - [2026-09-17T13:46:11.734+0000] {dagbag.py:545} INFO - Filling up the DagBag from /opt/airflow/dags/json_dag.py
[2026-09-17T13:46:12.388+0000] {processor.py:840} INFO - DAG(s) 'json_dag' retrieved from /opt/airflow/dags/json_dag.py
[2026-09-17T13:46:12.418+0000] {logging_mixin.py:188} INFO - [2026-09-17T13:46:12.417+0000] {dag.py:3096} INFO - Sync 1 DAGs
[2026-09-17T13:46:12.656+0000] {logging_mixin.py:188} INFO - [2026-09-17T13:46:12.656+0000] {dag.py:3954} INFO - Setting next_dagrun for json_dag to 2026-09-17 08:59:00+00:00, run_after=2026-09-18 08:00:00+00:00
[2026-09-17T13:46:12.698+0000] {processor.py:183} INFO - Processing /opt/airflow/dags/json_dag.py took 0.988 seconds
[2026-09-17T13:46:43.112+0000] {processor.py:161} INFO - Started process (PID=1600) to work on /opt/airflow/dags/json_dag.py
[2026-09-17T13:46:43.113+0000] {processor.py:830} INFO - Processing file /opt/airflow/dags/json_dag.py for tasks to queue
[2026-09-17T13:46:43.115+0000] {logging_mixin.py:188} INFO - [2026-09-17T13:46:43.115+0000] {dagbag.py:545} INFO - Filling up the DagBag from /opt/airflow/dags/json_dag.py
[2026-09-17T13:46:43.491+0000] {processor.py:840} INFO - DAG(s) 'json_dag' retrieved from /opt/airflow/dags/json_dag.py
[2026-09-17T13:46:43.652+0000] {logging_mixin.py:188} INFO - [2026-09-17T13:46:43.652+0000] {dag.py:3096} INFO - Sync 1 DAGs
[2026-09-17T13:46:43.670+0000] {logging_mixin.py:188} INFO - [2026-09-17T13:46:43.670+0000] {dag.py:3954} INFO - Setting next_dagrun for json_dag to 2026-09-17 08:59:00+00:00, run_after=2026-09-18 08:00:00+00:00
[2026-09-17T13:46:43.690+0000] {processor.py:183} INFO - Processing /opt/airflow/dags/json_dag.py took 0.584 seconds
[2026-09-17T13:47:14.507+0000] {processor.py:161} INFO - Started process (PID=1609) to work on /opt/airflow/dags/json_dag.py
[2026-09-17T13:47:14.508+0000] {processor.py:830} INFO - Processing file /opt/airflow/dags/json_dag.py for tasks to queue
[2026-09-17T13:47:14.510+0000] {logging_mixin.py:188} INFO - [2026-09-17T13:47:14.510+0000] {dagbag.py:545} INFO - Filling up the DagBag from /opt/airflow/dags/json_dag.py
[2026-09-17T13:47:14.958+0000] {processor.py:840} INFO - DAG(s) 'json_dag' retrieved from /opt/airflow/dags/json_dag.py
[2026-09-17T13:47:14.977+0000] {logging_mixin.py:188} INFO - [2026-09-17T13:47:14.976+0000] {dag.py:3096} INFO - Sync 1 DAGs
[2026-09-17T13:47:14.996+0000] {logging_mixin.py:188} INFO - [2026-09-17T13:47:14.996+0000] {dag.py:3954} INFO - Setting next_dagrun for json_dag to 2026-09-17 08:59:00+00:00, run_after=2026-09-18 08:00:00+00:00
[2026-09-17T13:47:15.017+0000] {processor.py:183} INFO - Processing /opt/airflow/dags/json_dag.py took 0.520 seconds
[2026-09-17T13:47:45.925+0000] {processor.py:161} INFO - Started process (PID=1618) to work on /opt/airflow/dags/json_dag.py
[2026-09-17T13:47:45.927+0000] {processor.py:830} INFO - Processing file /opt/airflow/dags/json_dag.py for tasks to queue
[2026-09-17T13:47:45.929+0000] {logging_mixin.py:188} INFO - [2026-09-17T13:47:45.929+0000] {dagbag.py:545} INFO - Filling up the DagBag from /opt/airflow/dags/json_dag.py
[2026-09-17T13:47:46.487+0000] {processor.py:840} INFO - DAG(s) 'json_dag' retrieved from /opt/airflow/dags/json_dag.py
[2026-09-17T13:47:46.521+0000] {logging_mixin.py:188} INFO - [2026-09-17T13:47:46.520+0000] {dag.py:3096} INFO - Sync 1 DAGs
[2026-09-17T13:47:46.560+0000] {logging_mixin.py:188} INFO - [2026-09-17T13:47:46.559+0000] {dag.py:3954} INFO - Setting next_dagrun for json_dag to 2026-09-17 08:59:00+00:00, run_after=2026-09-18 08:00:00+00:00
[2026-09-17T13:47:46.758+0000] {processor.py:183} INFO - Processing /opt/airflow/dags/json_dag.py took 0.839 seconds
[2026-09-17T13:48:17.184+0000] {processor.py:161} INFO - Started process (PID=1627) to work on /opt/airflow/dags/json_dag.py
[2026-09-17T13:48:17.187+0000] {processor.py:830} INFO - Processing file /opt/airflow/dags/json_dag.py for tasks to queue
[2026-09-17T13:48:17.191+0000] {logging_mixin.py:188} INFO - [2026-09-17T13:48:17.190+0000] {dagbag.py:545} INFO - Filling up the DagBag from /opt/airflow/dags/json_dag.py
[2026-09-17T13:48:17.669+0000] {processor.py:840} INFO - DAG(s) 'json_dag' retrieved from /opt/airflow/dags/json_dag.py
[2026-09-17T13:48:17.693+0000] {logging_mixin.py:188} INFO - [2026-09-17T13:48:17.692+0000] {dag.py:3096} INFO - Sync 1 DAGs
[2026-09-17T13:48:17.721+0000] {logging_mixin.py:188} INFO - [2026-09-17T13:48:17.720+0000] {dag.py:3954} INFO - Setting next_dagrun for json_dag to 2026-09-17 08:59:00+00:00, run_after=2026-09-18 08:00:00+00:00
[2026-09-17T13:48:17.896+0000] {processor.py:183} INFO - Processing /opt/airflow/dags/json_dag.py took 0.722 seconds
