[2026-09-17T09:14:35.532+0000] {processor.py:161} INFO - Started process (PID=58) to work on /opt/airflow/dags/stoke_dag.py
[2026-09-17T09:14:35.536+0000] {processor.py:830} INFO - Processing file /opt/airflow/dags/stoke_dag.py for tasks to queue
[2026-09-17T09:14:35.540+0000] {logging_mixin.py:188} INFO - [2026-09-17T09:14:35.539+0000] {dagbag.py:545} INFO - Filling up the DagBag from /opt/airflow/dags/stoke_dag.py
[2026-09-17T09:14:35.595+0000] {processor.py:840} INFO - DAG(s) 'save_data' retrieved from /opt/airflow/dags/stoke_dag.py
[2026-09-17T09:14:35.717+0000] {logging_mixin.py:188} INFO - [2026-09-17T09:14:35.716+0000] {dag.py:3096} INFO - Sync 1 DAGs
[2026-09-17T09:14:35.749+0000] {logging_mixin.py:188} INFO - [2026-09-17T09:14:35.748+0000] {dag.py:3954} INFO - Setting next_dagrun for save_data to None, run_after=None
[2026-09-17T09:14:35.802+0000] {processor.py:183} INFO - Processing /opt/airflow/dags/stoke_dag.py took 0.287 seconds
[2026-09-17T09:14:56.952+0000] {processor.py:161} INFO - Started process (PID=47) to work on /opt/airflow/dags/stoke_dag.py
[2026-09-17T09:14:56.956+0000] {processor.py:830} INFO - Processing file /opt/airflow/dags/stoke_dag.py for tasks to queue
[2026-09-17T09:14:56.959+0000] {logging_mixin.py:188} INFO - [2026-09-17T09:14:56.959+0000] {dagbag.py:545} INFO - Filling up the DagBag from /opt/airflow/dags/stoke_dag.py
[2026-09-17T09:14:56.994+0000] {processor.py:840} INFO - DAG(s) 'save_data' retrieved from /opt/airflow/dags/stoke_dag.py
[2026-09-17T09:14:57.075+0000] {logging_mixin.py:188} INFO - [2026-09-17T09:14:57.075+0000] {dag.py:3096} INFO - Sync 1 DAGs
[2026-09-17T09:14:57.098+0000] {logging_mixin.py:188} INFO - [2026-09-17T09:14:57.098+0000] {dag.py:3954} INFO - Setting next_dagrun for save_data to None, run_after=None
[2026-09-17T09:14:57.131+0000] {processor.py:183} INFO - Processing /opt/airflow/dags/stoke_dag.py took 0.190 seconds
[2026-09-17T09:15:27.428+0000] {processor.py:161} INFO - Started process (PID=56) to work on /opt/airflow/dags/stoke_dag.py
[2026-09-17T09:15:27.430+0000] {processor.py:830} INFO - Processing file /opt/airflow/dags/stoke_dag.py for tasks to queue
[2026-09-17T09:15:27.433+0000] {logging_mixin.py:188} INFO - [2026-09-17T09:15:27.433+0000] {dagbag.py:545} INFO - Filling up the DagBag from /opt/airflow/dags/stoke_dag.py
[2026-09-17T09:15:27.461+0000] {processor.py:840} INFO - DAG(s) 'save_data' retrieved from /opt/airflow/dags/stoke_dag.py
[2026-09-17T09:15:27.499+0000] {logging_mixin.py:188} INFO - [2026-09-17T09:15:27.499+0000] {dag.py:3096} INFO - Sync 1 DAGs
[2026-09-17T09:15:27.520+0000] {logging_mixin.py:188} INFO - [2026-09-17T09:15:27.519+0000] {dag.py:3954} INFO - Setting next_dagrun for save_data to None, run_after=None
[2026-09-17T09:15:27.556+0000] {processor.py:183} INFO - Processing /opt/airflow/dags/stoke_dag.py took 0.137 seconds
[2026-09-17T09:15:57.850+0000] {processor.py:161} INFO - Started process (PID=65) to work on /opt/airflow/dags/stoke_dag.py
[2026-09-17T09:15:57.851+0000] {processor.py:830} INFO - Processing file /opt/airflow/dags/stoke_dag.py for tasks to queue
[2026-09-17T09:15:57.853+0000] {logging_mixin.py:188} INFO - [2026-09-17T09:15:57.853+0000] {dagbag.py:545} INFO - Filling up the DagBag from /opt/airflow/dags/stoke_dag.py
[2026-09-17T09:15:57.871+0000] {processor.py:840} INFO - DAG(s) 'save_data' retrieved from /opt/airflow/dags/stoke_dag.py
[2026-09-17T09:15:58.007+0000] {logging_mixin.py:188} INFO - [2026-09-17T09:15:58.007+0000] {dag.py:3096} INFO - Sync 1 DAGs
[2026-09-17T09:15:58.016+0000] {logging_mixin.py:188} INFO - [2026-09-17T09:15:58.016+0000] {dag.py:3954} INFO - Setting next_dagrun for save_data to None, run_after=None
[2026-09-17T09:15:58.041+0000] {processor.py:183} INFO - Processing /opt/airflow/dags/stoke_dag.py took 0.198 seconds
[2026-09-17T09:16:28.320+0000] {processor.py:161} INFO - Started process (PID=74) to work on /opt/airflow/dags/stoke_dag.py
[2026-09-17T09:16:28.322+0000] {processor.py:830} INFO - Processing file /opt/airflow/dags/stoke_dag.py for tasks to queue
[2026-09-17T09:16:28.324+0000] {logging_mixin.py:188} INFO - [2026-09-17T09:16:28.324+0000] {dagbag.py:545} INFO - Filling up the DagBag from /opt/airflow/dags/stoke_dag.py
[2026-09-17T09:16:28.343+0000] {processor.py:840} INFO - DAG(s) 'save_data' retrieved from /opt/airflow/dags/stoke_dag.py
[2026-09-17T09:16:28.366+0000] {logging_mixin.py:188} INFO - [2026-09-17T09:16:28.365+0000] {dag.py:3096} INFO - Sync 1 DAGs
[2026-09-17T09:16:28.377+0000] {logging_mixin.py:188} INFO - [2026-09-17T09:16:28.377+0000] {dag.py:3954} INFO - Setting next_dagrun for save_data to None, run_after=None
[2026-09-17T09:16:28.400+0000] {processor.py:183} INFO - Processing /opt/airflow/dags/stoke_dag.py took 0.092 seconds
[2026-09-17T09:16:58.663+0000] {processor.py:161} INFO - Started process (PID=83) to work on /opt/airflow/dags/stoke_dag.py
[2026-09-17T09:16:58.664+0000] {processor.py:830} INFO - Processing file /opt/airflow/dags/stoke_dag.py for tasks to queue
[2026-09-17T09:16:58.666+0000] {logging_mixin.py:188} INFO - [2026-09-17T09:16:58.666+0000] {dagbag.py:545} INFO - Filling up the DagBag from /opt/airflow/dags/stoke_dag.py
[2026-09-17T09:16:58.685+0000] {processor.py:840} INFO - DAG(s) 'save_data' retrieved from /opt/airflow/dags/stoke_dag.py
[2026-09-17T09:16:58.711+0000] {logging_mixin.py:188} INFO - [2026-09-17T09:16:58.711+0000] {dag.py:3096} INFO - Sync 1 DAGs
[2026-09-17T09:16:58.726+0000] {logging_mixin.py:188} INFO - [2026-09-17T09:16:58.726+0000] {dag.py:3954} INFO - Setting next_dagrun for save_data to None, run_after=None
[2026-09-17T09:16:58.754+0000] {processor.py:183} INFO - Processing /opt/airflow/dags/stoke_dag.py took 0.098 seconds
[2026-09-17T09:17:29.054+0000] {processor.py:161} INFO - Started process (PID=92) to work on /opt/airflow/dags/stoke_dag.py
[2026-09-17T09:17:29.056+0000] {processor.py:830} INFO - Processing file /opt/airflow/dags/stoke_dag.py for tasks to queue
[2026-09-17T09:17:29.059+0000] {logging_mixin.py:188} INFO - [2026-09-17T09:17:29.058+0000] {dagbag.py:545} INFO - Filling up the DagBag from /opt/airflow/dags/stoke_dag.py
[2026-09-17T09:17:29.085+0000] {processor.py:840} INFO - DAG(s) 'save_data' retrieved from /opt/airflow/dags/stoke_dag.py
[2026-09-17T09:17:29.115+0000] {logging_mixin.py:188} INFO - [2026-09-17T09:17:29.115+0000] {dag.py:3096} INFO - Sync 1 DAGs
[2026-09-17T09:17:29.128+0000] {logging_mixin.py:188} INFO - [2026-09-17T09:17:29.128+0000] {dag.py:3954} INFO - Setting next_dagrun for save_data to None, run_after=None
[2026-09-17T09:17:29.153+0000] {processor.py:183} INFO - Processing /opt/airflow/dags/stoke_dag.py took 0.106 seconds
[2026-09-17T09:17:59.454+0000] {processor.py:161} INFO - Started process (PID=101) to work on /opt/airflow/dags/stoke_dag.py
[2026-09-17T09:17:59.455+0000] {processor.py:830} INFO - Processing file /opt/airflow/dags/stoke_dag.py for tasks to queue
[2026-09-17T09:17:59.458+0000] {logging_mixin.py:188} INFO - [2026-09-17T09:17:59.457+0000] {dagbag.py:545} INFO - Filling up the DagBag from /opt/airflow/dags/stoke_dag.py
[2026-09-17T09:17:59.475+0000] {processor.py:840} INFO - DAG(s) 'save_data' retrieved from /opt/airflow/dags/stoke_dag.py
[2026-09-17T09:17:59.495+0000] {logging_mixin.py:188} INFO - [2026-09-17T09:17:59.495+0000] {dag.py:3096} INFO - Sync 1 DAGs
[2026-09-17T09:17:59.506+0000] {logging_mixin.py:188} INFO - [2026-09-17T09:17:59.506+0000] {dag.py:3954} INFO - Setting next_dagrun for save_data to None, run_after=None
[2026-09-17T09:17:59.527+0000] {processor.py:183} INFO - Processing /opt/airflow/dags/stoke_dag.py took 0.079 seconds
[2026-09-17T09:18:29.879+0000] {processor.py:161} INFO - Started process (PID=116) to work on /opt/airflow/dags/stoke_dag.py
[2026-09-17T09:18:29.883+0000] {processor.py:830} INFO - Processing file /opt/airflow/dags/stoke_dag.py for tasks to queue
[2026-09-17T09:18:29.886+0000] {logging_mixin.py:188} INFO - [2026-09-17T09:18:29.885+0000] {dagbag.py:545} INFO - Filling up the DagBag from /opt/airflow/dags/stoke_dag.py
[2026-09-17T09:18:29.921+0000] {processor.py:840} INFO - DAG(s) 'save_data' retrieved from /opt/airflow/dags/stoke_dag.py
[2026-09-17T09:18:29.964+0000] {logging_mixin.py:188} INFO - [2026-09-17T09:18:29.964+0000] {dag.py:3096} INFO - Sync 1 DAGs
[2026-09-17T09:18:29.984+0000] {logging_mixin.py:188} INFO - [2026-09-17T09:18:29.984+0000] {dag.py:3954} INFO - Setting next_dagrun for save_data to None, run_after=None
[2026-09-17T09:18:30.008+0000] {processor.py:183} INFO - Processing /opt/airflow/dags/stoke_dag.py took 0.140 seconds
[2026-09-17T09:19:00.292+0000] {processor.py:161} INFO - Started process (PID=125) to work on /opt/airflow/dags/stoke_dag.py
[2026-09-17T09:19:00.293+0000] {processor.py:830} INFO - Processing file /opt/airflow/dags/stoke_dag.py for tasks to queue
[2026-09-17T09:19:00.296+0000] {logging_mixin.py:188} INFO - [2026-09-17T09:19:00.296+0000] {dagbag.py:545} INFO - Filling up the DagBag from /opt/airflow/dags/stoke_dag.py
[2026-09-17T09:19:00.318+0000] {processor.py:840} INFO - DAG(s) 'save_data' retrieved from /opt/airflow/dags/stoke_dag.py
[2026-09-17T09:19:00.350+0000] {logging_mixin.py:188} INFO - [2026-09-17T09:19:00.350+0000] {dag.py:3096} INFO - Sync 1 DAGs
[2026-09-17T09:19:00.365+0000] {logging_mixin.py:188} INFO - [2026-09-17T09:19:00.365+0000] {dag.py:3954} INFO - Setting next_dagrun for save_data to None, run_after=None
[2026-09-17T09:19:00.392+0000] {processor.py:183} INFO - Processing /opt/airflow/dags/stoke_dag.py took 0.109 seconds
[2026-09-17T09:19:30.705+0000] {processor.py:161} INFO - Started process (PID=134) to work on /opt/airflow/dags/stoke_dag.py
[2026-09-17T09:19:30.707+0000] {processor.py:830} INFO - Processing file /opt/airflow/dags/stoke_dag.py for tasks to queue
[2026-09-17T09:19:30.710+0000] {logging_mixin.py:188} INFO - [2026-09-17T09:19:30.710+0000] {dagbag.py:545} INFO - Filling up the DagBag from /opt/airflow/dags/stoke_dag.py
[2026-09-17T09:19:30.742+0000] {processor.py:840} INFO - DAG(s) 'save_data' retrieved from /opt/airflow/dags/stoke_dag.py
[2026-09-17T09:19:30.777+0000] {logging_mixin.py:188} INFO - [2026-09-17T09:19:30.777+0000] {dag.py:3096} INFO - Sync 1 DAGs
[2026-09-17T09:19:30.806+0000] {logging_mixin.py:188} INFO - [2026-09-17T09:19:30.805+0000] {dag.py:3954} INFO - Setting next_dagrun for save_data to None, run_after=None
[2026-09-17T09:19:30.838+0000] {processor.py:183} INFO - Processing /opt/airflow/dags/stoke_dag.py took 0.150 seconds
[2026-09-17T09:20:01.225+0000] {processor.py:161} INFO - Started process (PID=143) to work on /opt/airflow/dags/stoke_dag.py
[2026-09-17T09:20:01.234+0000] {processor.py:830} INFO - Processing file /opt/airflow/dags/stoke_dag.py for tasks to queue
[2026-09-17T09:20:01.239+0000] {logging_mixin.py:188} INFO - [2026-09-17T09:20:01.239+0000] {dagbag.py:545} INFO - Filling up the DagBag from /opt/airflow/dags/stoke_dag.py
[2026-09-17T09:20:01.272+0000] {processor.py:840} INFO - DAG(s) 'save_data' retrieved from /opt/airflow/dags/stoke_dag.py
[2026-09-17T09:20:01.313+0000] {logging_mixin.py:188} INFO - [2026-09-17T09:20:01.313+0000] {dag.py:3096} INFO - Sync 1 DAGs
[2026-09-17T09:20:01.339+0000] {logging_mixin.py:188} INFO - [2026-09-17T09:20:01.338+0000] {dag.py:3954} INFO - Setting next_dagrun for save_data to None, run_after=None
[2026-09-17T09:20:01.382+0000] {processor.py:183} INFO - Processing /opt/airflow/dags/stoke_dag.py took 0.176 seconds
[2026-09-17T09:20:31.528+0000] {processor.py:161} INFO - Started process (PID=152) to work on /opt/airflow/dags/stoke_dag.py
[2026-09-17T09:20:31.529+0000] {processor.py:830} INFO - Processing file /opt/airflow/dags/stoke_dag.py for tasks to queue
[2026-09-17T09:20:31.533+0000] {logging_mixin.py:188} INFO - [2026-09-17T09:20:31.533+0000] {dagbag.py:545} INFO - Filling up the DagBag from /opt/airflow/dags/stoke_dag.py
[2026-09-17T09:20:31.563+0000] {processor.py:840} INFO - DAG(s) 'save_data' retrieved from /opt/airflow/dags/stoke_dag.py
[2026-09-17T09:20:31.598+0000] {logging_mixin.py:188} INFO - [2026-09-17T09:20:31.598+0000] {dag.py:3096} INFO - Sync 1 DAGs
[2026-09-17T09:20:31.617+0000] {logging_mixin.py:188} INFO - [2026-09-17T09:20:31.617+0000] {dag.py:3954} INFO - Setting next_dagrun for save_data to None, run_after=None
[2026-09-17T09:20:31.659+0000] {processor.py:183} INFO - Processing /opt/airflow/dags/stoke_dag.py took 0.147 seconds
[2026-09-17T09:21:01.989+0000] {processor.py:161} INFO - Started process (PID=161) to work on /opt/airflow/dags/stoke_dag.py
[2026-09-17T09:21:01.991+0000] {processor.py:830} INFO - Processing file /opt/airflow/dags/stoke_dag.py for tasks to queue
[2026-09-17T09:21:01.993+0000] {logging_mixin.py:188} INFO - [2026-09-17T09:21:01.992+0000] {dagbag.py:545} INFO - Filling up the DagBag from /opt/airflow/dags/stoke_dag.py
[2026-09-17T09:21:02.013+0000] {processor.py:840} INFO - DAG(s) 'save_data' retrieved from /opt/airflow/dags/stoke_dag.py
[2026-09-17T09:21:02.042+0000] {logging_mixin.py:188} INFO - [2026-09-17T09:21:02.041+0000] {dag.py:3096} INFO - Sync 1 DAGs
[2026-09-17T09:21:02.059+0000] {logging_mixin.py:188} INFO - [2026-09-17T09:21:02.058+0000] {dag.py:3954} INFO - Setting next_dagrun for save_data to None, run_after=None
[2026-09-17T09:21:02.088+0000] {processor.py:183} INFO - Processing /opt/airflow/dags/stoke_dag.py took 0.107 seconds
[2026-09-17T09:21:32.464+0000] {processor.py:161} INFO - Started process (PID=170) to work on /opt/airflow/dags/stoke_dag.py
[2026-09-17T09:21:32.465+0000] {processor.py:830} INFO - Processing file /opt/airflow/dags/stoke_dag.py for tasks to queue
[2026-09-17T09:21:32.467+0000] {logging_mixin.py:188} INFO - [2026-09-17T09:21:32.467+0000] {dagbag.py:545} INFO - Filling up the DagBag from /opt/airflow/dags/stoke_dag.py
[2026-09-17T09:21:32.488+0000] {processor.py:840} INFO - DAG(s) 'save_data' retrieved from /opt/airflow/dags/stoke_dag.py
[2026-09-17T09:21:32.511+0000] {logging_mixin.py:188} INFO - [2026-09-17T09:21:32.511+0000] {dag.py:3096} INFO - Sync 1 DAGs
[2026-09-17T09:21:32.524+0000] {logging_mixin.py:188} INFO - [2026-09-17T09:21:32.523+0000] {dag.py:3954} INFO - Setting next_dagrun for save_data to None, run_after=None
[2026-09-17T09:21:32.545+0000] {processor.py:183} INFO - Processing /opt/airflow/dags/stoke_dag.py took 0.088 seconds
[2026-09-17T09:22:02.899+0000] {processor.py:161} INFO - Started process (PID=179) to work on /opt/airflow/dags/stoke_dag.py
[2026-09-17T09:22:02.900+0000] {processor.py:830} INFO - Processing file /opt/airflow/dags/stoke_dag.py for tasks to queue
[2026-09-17T09:22:02.902+0000] {logging_mixin.py:188} INFO - [2026-09-17T09:22:02.901+0000] {dagbag.py:545} INFO - Filling up the DagBag from /opt/airflow/dags/stoke_dag.py
[2026-09-17T09:22:02.920+0000] {processor.py:840} INFO - DAG(s) 'save_data' retrieved from /opt/airflow/dags/stoke_dag.py
[2026-09-17T09:22:02.944+0000] {logging_mixin.py:188} INFO - [2026-09-17T09:22:02.943+0000] {dag.py:3096} INFO - Sync 1 DAGs
[2026-09-17T09:22:02.955+0000] {logging_mixin.py:188} INFO - [2026-09-17T09:22:02.955+0000] {dag.py:3954} INFO - Setting next_dagrun for save_data to None, run_after=None
[2026-09-17T09:22:02.984+0000] {processor.py:183} INFO - Processing /opt/airflow/dags/stoke_dag.py took 0.091 seconds
[2026-09-17T09:22:33.343+0000] {processor.py:161} INFO - Started process (PID=188) to work on /opt/airflow/dags/stoke_dag.py
[2026-09-17T09:22:33.346+0000] {processor.py:830} INFO - Processing file /opt/airflow/dags/stoke_dag.py for tasks to queue
[2026-09-17T09:22:33.352+0000] {logging_mixin.py:188} INFO - [2026-09-17T09:22:33.351+0000] {dagbag.py:545} INFO - Filling up the DagBag from /opt/airflow/dags/stoke_dag.py
[2026-09-17T09:22:33.390+0000] {processor.py:840} INFO - DAG(s) 'save_data' retrieved from /opt/airflow/dags/stoke_dag.py
[2026-09-17T09:22:33.429+0000] {logging_mixin.py:188} INFO - [2026-09-17T09:22:33.428+0000] {dag.py:3096} INFO - Sync 1 DAGs
[2026-09-17T09:22:33.448+0000] {logging_mixin.py:188} INFO - [2026-09-17T09:22:33.448+0000] {dag.py:3954} INFO - Setting next_dagrun for save_data to None, run_after=None
[2026-09-17T09:22:33.479+0000] {processor.py:183} INFO - Processing /opt/airflow/dags/stoke_dag.py took 0.151 seconds
[2026-09-17T09:23:03.698+0000] {processor.py:161} INFO - Started process (PID=197) to work on /opt/airflow/dags/stoke_dag.py
[2026-09-17T09:23:03.701+0000] {processor.py:830} INFO - Processing file /opt/airflow/dags/stoke_dag.py for tasks to queue
[2026-09-17T09:23:03.707+0000] {logging_mixin.py:188} INFO - [2026-09-17T09:23:03.706+0000] {dagbag.py:545} INFO - Filling up the DagBag from /opt/airflow/dags/stoke_dag.py
[2026-09-17T09:23:03.745+0000] {processor.py:840} INFO - DAG(s) 'save_data' retrieved from /opt/airflow/dags/stoke_dag.py
[2026-09-17T09:23:03.803+0000] {logging_mixin.py:188} INFO - [2026-09-17T09:23:03.801+0000] {dag.py:3096} INFO - Sync 1 DAGs
[2026-09-17T09:23:03.840+0000] {logging_mixin.py:188} INFO - [2026-09-17T09:23:03.840+0000] {dag.py:3954} INFO - Setting next_dagrun for save_data to None, run_after=None
[2026-09-17T09:23:03.887+0000] {processor.py:183} INFO - Processing /opt/airflow/dags/stoke_dag.py took 0.212 seconds
[2026-09-17T09:23:34.181+0000] {processor.py:161} INFO - Started process (PID=206) to work on /opt/airflow/dags/stoke_dag.py
[2026-09-17T09:23:34.183+0000] {processor.py:830} INFO - Processing file /opt/airflow/dags/stoke_dag.py for tasks to queue
[2026-09-17T09:23:34.187+0000] {logging_mixin.py:188} INFO - [2026-09-17T09:23:34.186+0000] {dagbag.py:545} INFO - Filling up the DagBag from /opt/airflow/dags/stoke_dag.py
[2026-09-17T09:23:34.214+0000] {processor.py:840} INFO - DAG(s) 'save_data' retrieved from /opt/airflow/dags/stoke_dag.py
[2026-09-17T09:23:34.248+0000] {logging_mixin.py:188} INFO - [2026-09-17T09:23:34.248+0000] {dag.py:3096} INFO - Sync 1 DAGs
[2026-09-17T09:23:34.260+0000] {logging_mixin.py:188} INFO - [2026-09-17T09:23:34.260+0000] {dag.py:3954} INFO - Setting next_dagrun for save_data to None, run_after=None
[2026-09-17T09:23:34.283+0000] {processor.py:183} INFO - Processing /opt/airflow/dags/stoke_dag.py took 0.110 seconds
[2026-09-17T09:24:04.588+0000] {processor.py:161} INFO - Started process (PID=215) to work on /opt/airflow/dags/stoke_dag.py
[2026-09-17T09:24:04.590+0000] {processor.py:830} INFO - Processing file /opt/airflow/dags/stoke_dag.py for tasks to queue
[2026-09-17T09:24:04.594+0000] {logging_mixin.py:188} INFO - [2026-09-17T09:24:04.593+0000] {dagbag.py:545} INFO - Filling up the DagBag from /opt/airflow/dags/stoke_dag.py
[2026-09-17T09:24:04.618+0000] {processor.py:840} INFO - DAG(s) 'save_data' retrieved from /opt/airflow/dags/stoke_dag.py
[2026-09-17T09:24:04.668+0000] {logging_mixin.py:188} INFO - [2026-09-17T09:24:04.668+0000] {dag.py:3096} INFO - Sync 1 DAGs
[2026-09-17T09:24:04.698+0000] {logging_mixin.py:188} INFO - [2026-09-17T09:24:04.698+0000] {dag.py:3954} INFO - Setting next_dagrun for save_data to None, run_after=None
[2026-09-17T09:24:04.726+0000] {processor.py:183} INFO - Processing /opt/airflow/dags/stoke_dag.py took 0.154 seconds
[2026-09-17T09:24:35.002+0000] {processor.py:161} INFO - Started process (PID=224) to work on /opt/airflow/dags/stoke_dag.py
[2026-09-17T09:24:35.003+0000] {processor.py:830} INFO - Processing file /opt/airflow/dags/stoke_dag.py for tasks to queue
[2026-09-17T09:24:35.005+0000] {logging_mixin.py:188} INFO - [2026-09-17T09:24:35.005+0000] {dagbag.py:545} INFO - Filling up the DagBag from /opt/airflow/dags/stoke_dag.py
[2026-09-17T09:24:35.020+0000] {processor.py:840} INFO - DAG(s) 'save_data' retrieved from /opt/airflow/dags/stoke_dag.py
[2026-09-17T09:24:35.040+0000] {logging_mixin.py:188} INFO - [2026-09-17T09:24:35.040+0000] {dag.py:3096} INFO - Sync 1 DAGs
[2026-09-17T09:24:35.051+0000] {logging_mixin.py:188} INFO - [2026-09-17T09:24:35.051+0000] {dag.py:3954} INFO - Setting next_dagrun for save_data to None, run_after=None
[2026-09-17T09:24:35.071+0000] {processor.py:183} INFO - Processing /opt/airflow/dags/stoke_dag.py took 0.075 seconds
[2026-09-17T09:25:05.398+0000] {processor.py:161} INFO - Started process (PID=233) to work on /opt/airflow/dags/stoke_dag.py
[2026-09-17T09:25:05.400+0000] {processor.py:830} INFO - Processing file /opt/airflow/dags/stoke_dag.py for tasks to queue
[2026-09-17T09:25:05.403+0000] {logging_mixin.py:188} INFO - [2026-09-17T09:25:05.403+0000] {dagbag.py:545} INFO - Filling up the DagBag from /opt/airflow/dags/stoke_dag.py
[2026-09-17T09:25:05.420+0000] {processor.py:840} INFO - DAG(s) 'save_data' retrieved from /opt/airflow/dags/stoke_dag.py
[2026-09-17T09:25:05.441+0000] {logging_mixin.py:188} INFO - [2026-09-17T09:25:05.440+0000] {dag.py:3096} INFO - Sync 1 DAGs
[2026-09-17T09:25:05.451+0000] {logging_mixin.py:188} INFO - [2026-09-17T09:25:05.451+0000] {dag.py:3954} INFO - Setting next_dagrun for save_data to None, run_after=None
[2026-09-17T09:25:05.473+0000] {processor.py:183} INFO - Processing /opt/airflow/dags/stoke_dag.py took 0.081 seconds
[2026-09-17T09:25:35.744+0000] {processor.py:161} INFO - Started process (PID=242) to work on /opt/airflow/dags/stoke_dag.py
[2026-09-17T09:25:35.745+0000] {processor.py:830} INFO - Processing file /opt/airflow/dags/stoke_dag.py for tasks to queue
[2026-09-17T09:25:35.747+0000] {logging_mixin.py:188} INFO - [2026-09-17T09:25:35.747+0000] {dagbag.py:545} INFO - Filling up the DagBag from /opt/airflow/dags/stoke_dag.py
[2026-09-17T09:25:35.766+0000] {processor.py:840} INFO - DAG(s) 'save_data' retrieved from /opt/airflow/dags/stoke_dag.py
[2026-09-17T09:25:35.790+0000] {logging_mixin.py:188} INFO - [2026-09-17T09:25:35.790+0000] {dag.py:3096} INFO - Sync 1 DAGs
[2026-09-17T09:25:35.803+0000] {logging_mixin.py:188} INFO - [2026-09-17T09:25:35.803+0000] {dag.py:3954} INFO - Setting next_dagrun for save_data to None, run_after=None
[2026-09-17T09:25:35.825+0000] {processor.py:183} INFO - Processing /opt/airflow/dags/stoke_dag.py took 0.087 seconds
[2026-09-17T09:26:06.139+0000] {processor.py:161} INFO - Started process (PID=251) to work on /opt/airflow/dags/stoke_dag.py
[2026-09-17T09:26:06.141+0000] {processor.py:830} INFO - Processing file /opt/airflow/dags/stoke_dag.py for tasks to queue
[2026-09-17T09:26:06.145+0000] {logging_mixin.py:188} INFO - [2026-09-17T09:26:06.144+0000] {dagbag.py:545} INFO - Filling up the DagBag from /opt/airflow/dags/stoke_dag.py
[2026-09-17T09:26:06.176+0000] {processor.py:840} INFO - DAG(s) 'save_data' retrieved from /opt/airflow/dags/stoke_dag.py
[2026-09-17T09:26:06.213+0000] {logging_mixin.py:188} INFO - [2026-09-17T09:26:06.212+0000] {dag.py:3096} INFO - Sync 1 DAGs
[2026-09-17T09:26:06.231+0000] {logging_mixin.py:188} INFO - [2026-09-17T09:26:06.230+0000] {dag.py:3954} INFO - Setting next_dagrun for save_data to None, run_after=None
[2026-09-17T09:26:06.263+0000] {processor.py:183} INFO - Processing /opt/airflow/dags/stoke_dag.py took 0.133 seconds
[2026-09-17T09:26:36.543+0000] {processor.py:161} INFO - Started process (PID=260) to work on /opt/airflow/dags/stoke_dag.py
[2026-09-17T09:26:36.545+0000] {processor.py:830} INFO - Processing file /opt/airflow/dags/stoke_dag.py for tasks to queue
[2026-09-17T09:26:36.546+0000] {logging_mixin.py:188} INFO - [2026-09-17T09:26:36.546+0000] {dagbag.py:545} INFO - Filling up the DagBag from /opt/airflow/dags/stoke_dag.py
[2026-09-17T09:26:36.566+0000] {processor.py:840} INFO - DAG(s) 'save_data' retrieved from /opt/airflow/dags/stoke_dag.py
[2026-09-17T09:26:36.590+0000] {logging_mixin.py:188} INFO - [2026-09-17T09:26:36.590+0000] {dag.py:3096} INFO - Sync 1 DAGs
[2026-09-17T09:26:36.604+0000] {logging_mixin.py:188} INFO - [2026-09-17T09:26:36.604+0000] {dag.py:3954} INFO - Setting next_dagrun for save_data to None, run_after=None
[2026-09-17T09:26:36.633+0000] {processor.py:183} INFO - Processing /opt/airflow/dags/stoke_dag.py took 0.097 seconds
[2026-09-17T09:27:06.924+0000] {processor.py:161} INFO - Started process (PID=269) to work on /opt/airflow/dags/stoke_dag.py
[2026-09-17T09:27:06.926+0000] {processor.py:830} INFO - Processing file /opt/airflow/dags/stoke_dag.py for tasks to queue
[2026-09-17T09:27:06.927+0000] {logging_mixin.py:188} INFO - [2026-09-17T09:27:06.927+0000] {dagbag.py:545} INFO - Filling up the DagBag from /opt/airflow/dags/stoke_dag.py
[2026-09-17T09:27:06.946+0000] {processor.py:840} INFO - DAG(s) 'save_data' retrieved from /opt/airflow/dags/stoke_dag.py
[2026-09-17T09:27:06.972+0000] {logging_mixin.py:188} INFO - [2026-09-17T09:27:06.972+0000] {dag.py:3096} INFO - Sync 1 DAGs
[2026-09-17T09:27:06.986+0000] {logging_mixin.py:188} INFO - [2026-09-17T09:27:06.986+0000] {dag.py:3954} INFO - Setting next_dagrun for save_data to None, run_after=None
[2026-09-17T09:27:07.008+0000] {processor.py:183} INFO - Processing /opt/airflow/dags/stoke_dag.py took 0.090 seconds
[2026-09-17T09:27:37.325+0000] {processor.py:161} INFO - Started process (PID=278) to work on /opt/airflow/dags/stoke_dag.py
[2026-09-17T09:27:37.326+0000] {processor.py:830} INFO - Processing file /opt/airflow/dags/stoke_dag.py for tasks to queue
[2026-09-17T09:27:37.328+0000] {logging_mixin.py:188} INFO - [2026-09-17T09:27:37.328+0000] {dagbag.py:545} INFO - Filling up the DagBag from /opt/airflow/dags/stoke_dag.py
[2026-09-17T09:27:37.342+0000] {processor.py:840} INFO - DAG(s) 'save_data' retrieved from /opt/airflow/dags/stoke_dag.py
[2026-09-17T09:27:37.364+0000] {logging_mixin.py:188} INFO - [2026-09-17T09:27:37.364+0000] {dag.py:3096} INFO - Sync 1 DAGs
[2026-09-17T09:27:37.378+0000] {logging_mixin.py:188} INFO - [2026-09-17T09:27:37.378+0000] {dag.py:3954} INFO - Setting next_dagrun for save_data to None, run_after=None
[2026-09-17T09:27:37.400+0000] {processor.py:183} INFO - Processing /opt/airflow/dags/stoke_dag.py took 0.080 seconds
[2026-09-17T09:28:07.736+0000] {processor.py:161} INFO - Started process (PID=287) to work on /opt/airflow/dags/stoke_dag.py
[2026-09-17T09:28:07.737+0000] {processor.py:830} INFO - Processing file /opt/airflow/dags/stoke_dag.py for tasks to queue
[2026-09-17T09:28:07.739+0000] {logging_mixin.py:188} INFO - [2026-09-17T09:28:07.739+0000] {dagbag.py:545} INFO - Filling up the DagBag from /opt/airflow/dags/stoke_dag.py
[2026-09-17T09:28:07.756+0000] {processor.py:840} INFO - DAG(s) 'save_data' retrieved from /opt/airflow/dags/stoke_dag.py
[2026-09-17T09:28:07.778+0000] {logging_mixin.py:188} INFO - [2026-09-17T09:28:07.778+0000] {dag.py:3096} INFO - Sync 1 DAGs
[2026-09-17T09:28:07.791+0000] {logging_mixin.py:188} INFO - [2026-09-17T09:28:07.791+0000] {dag.py:3954} INFO - Setting next_dagrun for save_data to None, run_after=None
[2026-09-17T09:28:07.809+0000] {processor.py:183} INFO - Processing /opt/airflow/dags/stoke_dag.py took 0.079 seconds
[2026-09-17T09:28:38.075+0000] {processor.py:161} INFO - Started process (PID=296) to work on /opt/airflow/dags/stoke_dag.py
[2026-09-17T09:28:38.077+0000] {processor.py:830} INFO - Processing file /opt/airflow/dags/stoke_dag.py for tasks to queue
[2026-09-17T09:28:38.080+0000] {logging_mixin.py:188} INFO - [2026-09-17T09:28:38.079+0000] {dagbag.py:545} INFO - Filling up the DagBag from /opt/airflow/dags/stoke_dag.py
[2026-09-17T09:28:38.102+0000] {processor.py:840} INFO - DAG(s) 'save_data' retrieved from /opt/airflow/dags/stoke_dag.py
[2026-09-17T09:28:38.131+0000] {logging_mixin.py:188} INFO - [2026-09-17T09:28:38.131+0000] {dag.py:3096} INFO - Sync 1 DAGs
[2026-09-17T09:28:38.147+0000] {logging_mixin.py:188} INFO - [2026-09-17T09:28:38.147+0000] {dag.py:3954} INFO - Setting next_dagrun for save_data to None, run_after=None
[2026-09-17T09:28:38.178+0000] {processor.py:183} INFO - Processing /opt/airflow/dags/stoke_dag.py took 0.112 seconds
[2026-09-17T09:29:08.506+0000] {processor.py:161} INFO - Started process (PID=305) to work on /opt/airflow/dags/stoke_dag.py
[2026-09-17T09:29:08.508+0000] {processor.py:830} INFO - Processing file /opt/airflow/dags/stoke_dag.py for tasks to queue
[2026-09-17T09:29:08.511+0000] {logging_mixin.py:188} INFO - [2026-09-17T09:29:08.510+0000] {dagbag.py:545} INFO - Filling up the DagBag from /opt/airflow/dags/stoke_dag.py
[2026-09-17T09:29:08.540+0000] {processor.py:840} INFO - DAG(s) 'save_data' retrieved from /opt/airflow/dags/stoke_dag.py
[2026-09-17T09:29:08.567+0000] {logging_mixin.py:188} INFO - [2026-09-17T09:29:08.566+0000] {dag.py:3096} INFO - Sync 1 DAGs
[2026-09-17T09:29:08.585+0000] {logging_mixin.py:188} INFO - [2026-09-17T09:29:08.585+0000] {dag.py:3954} INFO - Setting next_dagrun for save_data to None, run_after=None
[2026-09-17T09:29:08.609+0000] {processor.py:183} INFO - Processing /opt/airflow/dags/stoke_dag.py took 0.112 seconds
[2026-09-17T09:29:38.893+0000] {processor.py:161} INFO - Started process (PID=314) to work on /opt/airflow/dags/stoke_dag.py
[2026-09-17T09:29:38.894+0000] {processor.py:830} INFO - Processing file /opt/airflow/dags/stoke_dag.py for tasks to queue
[2026-09-17T09:29:38.896+0000] {logging_mixin.py:188} INFO - [2026-09-17T09:29:38.896+0000] {dagbag.py:545} INFO - Filling up the DagBag from /opt/airflow/dags/stoke_dag.py
[2026-09-17T09:29:38.912+0000] {processor.py:840} INFO - DAG(s) 'save_data' retrieved from /opt/airflow/dags/stoke_dag.py
[2026-09-17T09:29:38.933+0000] {logging_mixin.py:188} INFO - [2026-09-17T09:29:38.933+0000] {dag.py:3096} INFO - Sync 1 DAGs
[2026-09-17T09:29:38.944+0000] {logging_mixin.py:188} INFO - [2026-09-17T09:29:38.944+0000] {dag.py:3954} INFO - Setting next_dagrun for save_data to None, run_after=None
[2026-09-17T09:29:38.965+0000] {processor.py:183} INFO - Processing /opt/airflow/dags/stoke_dag.py took 0.078 seconds
[2026-09-17T09:30:09.267+0000] {processor.py:161} INFO - Started process (PID=323) to work on /opt/airflow/dags/stoke_dag.py
[2026-09-17T09:30:09.268+0000] {processor.py:830} INFO - Processing file /opt/airflow/dags/stoke_dag.py for tasks to queue
[2026-09-17T09:30:09.270+0000] {logging_mixin.py:188} INFO - [2026-09-17T09:30:09.269+0000] {dagbag.py:545} INFO - Filling up the DagBag from /opt/airflow/dags/stoke_dag.py
[2026-09-17T09:30:09.285+0000] {processor.py:840} INFO - DAG(s) 'save_data' retrieved from /opt/airflow/dags/stoke_dag.py
[2026-09-17T09:30:09.304+0000] {logging_mixin.py:188} INFO - [2026-09-17T09:30:09.304+0000] {dag.py:3096} INFO - Sync 1 DAGs
[2026-09-17T09:30:09.315+0000] {logging_mixin.py:188} INFO - [2026-09-17T09:30:09.314+0000] {dag.py:3954} INFO - Setting next_dagrun for save_data to None, run_after=None
[2026-09-17T09:30:09.335+0000] {processor.py:183} INFO - Processing /opt/airflow/dags/stoke_dag.py took 0.074 seconds
[2026-09-17T09:30:39.655+0000] {processor.py:161} INFO - Started process (PID=332) to work on /opt/airflow/dags/stoke_dag.py
[2026-09-17T09:30:39.656+0000] {processor.py:830} INFO - Processing file /opt/airflow/dags/stoke_dag.py for tasks to queue
[2026-09-17T09:30:39.658+0000] {logging_mixin.py:188} INFO - [2026-09-17T09:30:39.657+0000] {dagbag.py:545} INFO - Filling up the DagBag from /opt/airflow/dags/stoke_dag.py
[2026-09-17T09:30:39.672+0000] {processor.py:840} INFO - DAG(s) 'save_data' retrieved from /opt/airflow/dags/stoke_dag.py
[2026-09-17T09:30:39.692+0000] {logging_mixin.py:188} INFO - [2026-09-17T09:30:39.692+0000] {dag.py:3096} INFO - Sync 1 DAGs
[2026-09-17T09:30:39.703+0000] {logging_mixin.py:188} INFO - [2026-09-17T09:30:39.703+0000] {dag.py:3954} INFO - Setting next_dagrun for save_data to None, run_after=None
[2026-09-17T09:30:39.724+0000] {processor.py:183} INFO - Processing /opt/airflow/dags/stoke_dag.py took 0.075 seconds
[2026-09-17T09:31:10.043+0000] {processor.py:161} INFO - Started process (PID=341) to work on /opt/airflow/dags/stoke_dag.py
[2026-09-17T09:31:10.044+0000] {processor.py:830} INFO - Processing file /opt/airflow/dags/stoke_dag.py for tasks to queue
[2026-09-17T09:31:10.046+0000] {logging_mixin.py:188} INFO - [2026-09-17T09:31:10.046+0000] {dagbag.py:545} INFO - Filling up the DagBag from /opt/airflow/dags/stoke_dag.py
[2026-09-17T09:31:10.060+0000] {processor.py:840} INFO - DAG(s) 'save_data' retrieved from /opt/airflow/dags/stoke_dag.py
[2026-09-17T09:31:10.082+0000] {logging_mixin.py:188} INFO - [2026-09-17T09:31:10.082+0000] {dag.py:3096} INFO - Sync 1 DAGs
[2026-09-17T09:31:10.093+0000] {logging_mixin.py:188} INFO - [2026-09-17T09:31:10.093+0000] {dag.py:3954} INFO - Setting next_dagrun for save_data to None, run_after=None
[2026-09-17T09:31:10.115+0000] {processor.py:183} INFO - Processing /opt/airflow/dags/stoke_dag.py took 0.078 seconds
[2026-09-17T09:31:40.403+0000] {processor.py:161} INFO - Started process (PID=350) to work on /opt/airflow/dags/stoke_dag.py
[2026-09-17T09:31:40.405+0000] {processor.py:830} INFO - Processing file /opt/airflow/dags/stoke_dag.py for tasks to queue
[2026-09-17T09:31:40.406+0000] {logging_mixin.py:188} INFO - [2026-09-17T09:31:40.406+0000] {dagbag.py:545} INFO - Filling up the DagBag from /opt/airflow/dags/stoke_dag.py
[2026-09-17T09:31:40.422+0000] {processor.py:840} INFO - DAG(s) 'save_data' retrieved from /opt/airflow/dags/stoke_dag.py
[2026-09-17T09:31:40.442+0000] {logging_mixin.py:188} INFO - [2026-09-17T09:31:40.442+0000] {dag.py:3096} INFO - Sync 1 DAGs
[2026-09-17T09:31:40.453+0000] {logging_mixin.py:188} INFO - [2026-09-17T09:31:40.453+0000] {dag.py:3954} INFO - Setting next_dagrun for save_data to None, run_after=None
[2026-09-17T09:31:40.475+0000] {processor.py:183} INFO - Processing /opt/airflow/dags/stoke_dag.py took 0.079 seconds
[2026-09-17T09:32:10.759+0000] {processor.py:161} INFO - Started process (PID=359) to work on /opt/airflow/dags/stoke_dag.py
[2026-09-17T09:32:10.760+0000] {processor.py:830} INFO - Processing file /opt/airflow/dags/stoke_dag.py for tasks to queue
[2026-09-17T09:32:10.762+0000] {logging_mixin.py:188} INFO - [2026-09-17T09:32:10.762+0000] {dagbag.py:545} INFO - Filling up the DagBag from /opt/airflow/dags/stoke_dag.py
[2026-09-17T09:32:10.776+0000] {processor.py:840} INFO - DAG(s) 'save_data' retrieved from /opt/airflow/dags/stoke_dag.py
[2026-09-17T09:32:10.796+0000] {logging_mixin.py:188} INFO - [2026-09-17T09:32:10.796+0000] {dag.py:3096} INFO - Sync 1 DAGs
[2026-09-17T09:32:10.807+0000] {logging_mixin.py:188} INFO - [2026-09-17T09:32:10.807+0000] {dag.py:3954} INFO - Setting next_dagrun for save_data to None, run_after=None
[2026-09-17T09:32:10.828+0000] {processor.py:183} INFO - Processing /opt/airflow/dags/stoke_dag.py took 0.074 seconds
[2026-09-17T09:32:41.125+0000] {processor.py:161} INFO - Started process (PID=368) to work on /opt/airflow/dags/stoke_dag.py
[2026-09-17T09:32:41.126+0000] {processor.py:830} INFO - Processing file /opt/airflow/dags/stoke_dag.py for tasks to queue
[2026-09-17T09:32:41.128+0000] {logging_mixin.py:188} INFO - [2026-09-17T09:32:41.128+0000] {dagbag.py:545} INFO - Filling up the DagBag from /opt/airflow/dags/stoke_dag.py
[2026-09-17T09:32:41.142+0000] {processor.py:840} INFO - DAG(s) 'save_data' retrieved from /opt/airflow/dags/stoke_dag.py
[2026-09-17T09:32:41.162+0000] {logging_mixin.py:188} INFO - [2026-09-17T09:32:41.162+0000] {dag.py:3096} INFO - Sync 1 DAGs
[2026-09-17T09:32:41.173+0000] {logging_mixin.py:188} INFO - [2026-09-17T09:32:41.173+0000] {dag.py:3954} INFO - Setting next_dagrun for save_data to None, run_after=None
[2026-09-17T09:32:41.195+0000] {processor.py:183} INFO - Processing /opt/airflow/dags/stoke_dag.py took 0.075 seconds
[2026-09-17T09:33:11.514+0000] {processor.py:161} INFO - Started process (PID=377) to work on /opt/airflow/dags/stoke_dag.py
[2026-09-17T09:33:11.515+0000] {processor.py:830} INFO - Processing file /opt/airflow/dags/stoke_dag.py for tasks to queue
[2026-09-17T09:33:11.517+0000] {logging_mixin.py:188} INFO - [2026-09-17T09:33:11.517+0000] {dagbag.py:545} INFO - Filling up the DagBag from /opt/airflow/dags/stoke_dag.py
[2026-09-17T09:33:11.532+0000] {processor.py:840} INFO - DAG(s) 'save_data' retrieved from /opt/airflow/dags/stoke_dag.py
[2026-09-17T09:33:11.555+0000] {logging_mixin.py:188} INFO - [2026-09-17T09:33:11.555+0000] {dag.py:3096} INFO - Sync 1 DAGs
[2026-09-17T09:33:11.567+0000] {logging_mixin.py:188} INFO - [2026-09-17T09:33:11.567+0000] {dag.py:3954} INFO - Setting next_dagrun for save_data to None, run_after=None
[2026-09-17T09:33:11.593+0000] {processor.py:183} INFO - Processing /opt/airflow/dags/stoke_dag.py took 0.085 seconds
[2026-09-17T09:33:41.903+0000] {processor.py:161} INFO - Started process (PID=386) to work on /opt/airflow/dags/stoke_dag.py
[2026-09-17T09:33:41.904+0000] {processor.py:830} INFO - Processing file /opt/airflow/dags/stoke_dag.py for tasks to queue
[2026-09-17T09:33:41.906+0000] {logging_mixin.py:188} INFO - [2026-09-17T09:33:41.905+0000] {dagbag.py:545} INFO - Filling up the DagBag from /opt/airflow/dags/stoke_dag.py
[2026-09-17T09:33:41.918+0000] {processor.py:840} INFO - DAG(s) 'save_data' retrieved from /opt/airflow/dags/stoke_dag.py
[2026-09-17T09:33:41.937+0000] {logging_mixin.py:188} INFO - [2026-09-17T09:33:41.937+0000] {dag.py:3096} INFO - Sync 1 DAGs
[2026-09-17T09:33:41.948+0000] {logging_mixin.py:188} INFO - [2026-09-17T09:33:41.948+0000] {dag.py:3954} INFO - Setting next_dagrun for save_data to None, run_after=None
[2026-09-17T09:33:41.968+0000] {processor.py:183} INFO - Processing /opt/airflow/dags/stoke_dag.py took 0.071 seconds
[2026-09-17T09:34:12.295+0000] {processor.py:161} INFO - Started process (PID=395) to work on /opt/airflow/dags/stoke_dag.py
[2026-09-17T09:34:12.297+0000] {processor.py:830} INFO - Processing file /opt/airflow/dags/stoke_dag.py for tasks to queue
[2026-09-17T09:34:12.302+0000] {logging_mixin.py:188} INFO - [2026-09-17T09:34:12.301+0000] {dagbag.py:545} INFO - Filling up the DagBag from /opt/airflow/dags/stoke_dag.py
[2026-09-17T09:34:12.324+0000] {processor.py:840} INFO - DAG(s) 'save_data' retrieved from /opt/airflow/dags/stoke_dag.py
[2026-09-17T09:34:12.343+0000] {logging_mixin.py:188} INFO - [2026-09-17T09:34:12.343+0000] {dag.py:3096} INFO - Sync 1 DAGs
[2026-09-17T09:34:12.353+0000] {logging_mixin.py:188} INFO - [2026-09-17T09:34:12.353+0000] {dag.py:3954} INFO - Setting next_dagrun for save_data to None, run_after=None
[2026-09-17T09:34:12.370+0000] {processor.py:183} INFO - Processing /opt/airflow/dags/stoke_dag.py took 0.087 seconds
[2026-09-17T09:34:42.687+0000] {processor.py:161} INFO - Started process (PID=404) to work on /opt/airflow/dags/stoke_dag.py
[2026-09-17T09:34:42.689+0000] {processor.py:830} INFO - Processing file /opt/airflow/dags/stoke_dag.py for tasks to queue
[2026-09-17T09:34:42.691+0000] {logging_mixin.py:188} INFO - [2026-09-17T09:34:42.691+0000] {dagbag.py:545} INFO - Filling up the DagBag from /opt/airflow/dags/stoke_dag.py
[2026-09-17T09:34:42.705+0000] {processor.py:840} INFO - DAG(s) 'save_data' retrieved from /opt/airflow/dags/stoke_dag.py
[2026-09-17T09:34:42.724+0000] {logging_mixin.py:188} INFO - [2026-09-17T09:34:42.724+0000] {dag.py:3096} INFO - Sync 1 DAGs
[2026-09-17T09:34:42.734+0000] {logging_mixin.py:188} INFO - [2026-09-17T09:34:42.734+0000] {dag.py:3954} INFO - Setting next_dagrun for save_data to None, run_after=None
[2026-09-17T09:34:42.754+0000] {processor.py:183} INFO - Processing /opt/airflow/dags/stoke_dag.py took 0.073 seconds
[2026-09-17T09:35:13.044+0000] {processor.py:161} INFO - Started process (PID=411) to work on /opt/airflow/dags/stoke_dag.py
[2026-09-17T09:35:13.045+0000] {processor.py:830} INFO - Processing file /opt/airflow/dags/stoke_dag.py for tasks to queue
[2026-09-17T09:35:13.048+0000] {logging_mixin.py:188} INFO - [2026-09-17T09:35:13.048+0000] {dagbag.py:545} INFO - Filling up the DagBag from /opt/airflow/dags/stoke_dag.py
[2026-09-17T09:35:13.073+0000] {processor.py:840} INFO - DAG(s) 'save_data' retrieved from /opt/airflow/dags/stoke_dag.py
[2026-09-17T09:35:13.105+0000] {logging_mixin.py:188} INFO - [2026-09-17T09:35:13.104+0000] {dag.py:3096} INFO - Sync 1 DAGs
[2026-09-17T09:35:13.120+0000] {logging_mixin.py:188} INFO - [2026-09-17T09:35:13.119+0000] {dag.py:3954} INFO - Setting next_dagrun for save_data to None, run_after=None
[2026-09-17T09:35:13.146+0000] {processor.py:183} INFO - Processing /opt/airflow/dags/stoke_dag.py took 0.113 seconds
[2026-09-17T09:35:43.506+0000] {processor.py:161} INFO - Started process (PID=420) to work on /opt/airflow/dags/stoke_dag.py
[2026-09-17T09:35:43.507+0000] {processor.py:830} INFO - Processing file /opt/airflow/dags/stoke_dag.py for tasks to queue
[2026-09-17T09:35:43.509+0000] {logging_mixin.py:188} INFO - [2026-09-17T09:35:43.508+0000] {dagbag.py:545} INFO - Filling up the DagBag from /opt/airflow/dags/stoke_dag.py
[2026-09-17T09:35:43.522+0000] {processor.py:840} INFO - DAG(s) 'save_data' retrieved from /opt/airflow/dags/stoke_dag.py
[2026-09-17T09:35:43.546+0000] {logging_mixin.py:188} INFO - [2026-09-17T09:35:43.545+0000] {dag.py:3096} INFO - Sync 1 DAGs
[2026-09-17T09:35:43.558+0000] {logging_mixin.py:188} INFO - [2026-09-17T09:35:43.558+0000] {dag.py:3954} INFO - Setting next_dagrun for save_data to None, run_after=None
[2026-09-17T09:35:43.580+0000] {processor.py:183} INFO - Processing /opt/airflow/dags/stoke_dag.py took 0.080 seconds
[2026-09-17T09:36:13.897+0000] {processor.py:161} INFO - Started process (PID=429) to work on /opt/airflow/dags/stoke_dag.py
[2026-09-17T09:36:13.898+0000] {processor.py:830} INFO - Processing file /opt/airflow/dags/stoke_dag.py for tasks to queue
[2026-09-17T09:36:13.900+0000] {logging_mixin.py:188} INFO - [2026-09-17T09:36:13.900+0000] {dagbag.py:545} INFO - Filling up the DagBag from /opt/airflow/dags/stoke_dag.py
[2026-09-17T09:36:13.918+0000] {processor.py:840} INFO - DAG(s) 'save_data' retrieved from /opt/airflow/dags/stoke_dag.py
[2026-09-17T09:36:13.941+0000] {logging_mixin.py:188} INFO - [2026-09-17T09:36:13.941+0000] {dag.py:3096} INFO - Sync 1 DAGs
[2026-09-17T09:36:13.954+0000] {logging_mixin.py:188} INFO - [2026-09-17T09:36:13.954+0000] {dag.py:3954} INFO - Setting next_dagrun for save_data to None, run_after=None
[2026-09-17T09:36:13.974+0000] {processor.py:183} INFO - Processing /opt/airflow/dags/stoke_dag.py took 0.084 seconds
[2026-09-17T09:36:44.291+0000] {processor.py:161} INFO - Started process (PID=438) to work on /opt/airflow/dags/stoke_dag.py
[2026-09-17T09:36:44.292+0000] {processor.py:830} INFO - Processing file /opt/airflow/dags/stoke_dag.py for tasks to queue
[2026-09-17T09:36:44.294+0000] {logging_mixin.py:188} INFO - [2026-09-17T09:36:44.293+0000] {dagbag.py:545} INFO - Filling up the DagBag from /opt/airflow/dags/stoke_dag.py
[2026-09-17T09:36:44.311+0000] {processor.py:840} INFO - DAG(s) 'save_data' retrieved from /opt/airflow/dags/stoke_dag.py
[2026-09-17T09:36:44.334+0000] {logging_mixin.py:188} INFO - [2026-09-17T09:36:44.334+0000] {dag.py:3096} INFO - Sync 1 DAGs
[2026-09-17T09:36:44.347+0000] {logging_mixin.py:188} INFO - [2026-09-17T09:36:44.346+0000] {dag.py:3954} INFO - Setting next_dagrun for save_data to None, run_after=None
[2026-09-17T09:36:44.366+0000] {processor.py:183} INFO - Processing /opt/airflow/dags/stoke_dag.py took 0.082 seconds
[2026-09-17T09:37:14.665+0000] {processor.py:161} INFO - Started process (PID=447) to work on /opt/airflow/dags/stoke_dag.py
[2026-09-17T09:37:14.666+0000] {processor.py:830} INFO - Processing file /opt/airflow/dags/stoke_dag.py for tasks to queue
[2026-09-17T09:37:14.668+0000] {logging_mixin.py:188} INFO - [2026-09-17T09:37:14.668+0000] {dagbag.py:545} INFO - Filling up the DagBag from /opt/airflow/dags/stoke_dag.py
[2026-09-17T09:37:14.684+0000] {processor.py:840} INFO - DAG(s) 'save_data' retrieved from /opt/airflow/dags/stoke_dag.py
[2026-09-17T09:37:14.703+0000] {logging_mixin.py:188} INFO - [2026-09-17T09:37:14.703+0000] {dag.py:3096} INFO - Sync 1 DAGs
[2026-09-17T09:37:14.715+0000] {logging_mixin.py:188} INFO - [2026-09-17T09:37:14.715+0000] {dag.py:3954} INFO - Setting next_dagrun for save_data to None, run_after=None
[2026-09-17T09:37:14.742+0000] {processor.py:183} INFO - Processing /opt/airflow/dags/stoke_dag.py took 0.082 seconds
[2026-09-17T09:37:45.057+0000] {processor.py:161} INFO - Started process (PID=456) to work on /opt/airflow/dags/stoke_dag.py
[2026-09-17T09:37:45.058+0000] {processor.py:830} INFO - Processing file /opt/airflow/dags/stoke_dag.py for tasks to queue
[2026-09-17T09:37:45.060+0000] {logging_mixin.py:188} INFO - [2026-09-17T09:37:45.060+0000] {dagbag.py:545} INFO - Filling up the DagBag from /opt/airflow/dags/stoke_dag.py
[2026-09-17T09:37:45.074+0000] {processor.py:840} INFO - DAG(s) 'save_data' retrieved from /opt/airflow/dags/stoke_dag.py
[2026-09-17T09:37:45.093+0000] {logging_mixin.py:188} INFO - [2026-09-17T09:37:45.093+0000] {dag.py:3096} INFO - Sync 1 DAGs
[2026-09-17T09:37:45.105+0000] {logging_mixin.py:188} INFO - [2026-09-17T09:37:45.105+0000] {dag.py:3954} INFO - Setting next_dagrun for save_data to None, run_after=None
[2026-09-17T09:37:45.127+0000] {processor.py:183} INFO - Processing /opt/airflow/dags/stoke_dag.py took 0.075 seconds
[2026-09-17T09:38:15.462+0000] {processor.py:161} INFO - Started process (PID=465) to work on /opt/airflow/dags/stoke_dag.py
[2026-09-17T09:38:15.464+0000] {processor.py:830} INFO - Processing file /opt/airflow/dags/stoke_dag.py for tasks to queue
[2026-09-17T09:38:15.466+0000] {logging_mixin.py:188} INFO - [2026-09-17T09:38:15.466+0000] {dagbag.py:545} INFO - Filling up the DagBag from /opt/airflow/dags/stoke_dag.py
[2026-09-17T09:38:15.485+0000] {processor.py:840} INFO - DAG(s) 'save_data' retrieved from /opt/airflow/dags/stoke_dag.py
[2026-09-17T09:38:15.511+0000] {logging_mixin.py:188} INFO - [2026-09-17T09:38:15.511+0000] {dag.py:3096} INFO - Sync 1 DAGs
[2026-09-17T09:38:15.522+0000] {logging_mixin.py:188} INFO - [2026-09-17T09:38:15.522+0000] {dag.py:3954} INFO - Setting next_dagrun for save_data to None, run_after=None
[2026-09-17T09:38:15.546+0000] {processor.py:183} INFO - Processing /opt/airflow/dags/stoke_dag.py took 0.090 seconds
[2026-09-17T09:38:45.881+0000] {processor.py:161} INFO - Started process (PID=474) to work on /opt/airflow/dags/stoke_dag.py
[2026-09-17T09:38:45.882+0000] {processor.py:830} INFO - Processing file /opt/airflow/dags/stoke_dag.py for tasks to queue
[2026-09-17T09:38:45.886+0000] {logging_mixin.py:188} INFO - [2026-09-17T09:38:45.885+0000] {dagbag.py:545} INFO - Filling up the DagBag from /opt/airflow/dags/stoke_dag.py
[2026-09-17T09:38:45.913+0000] {processor.py:840} INFO - DAG(s) 'save_data' retrieved from /opt/airflow/dags/stoke_dag.py
[2026-09-17T09:38:45.941+0000] {logging_mixin.py:188} INFO - [2026-09-17T09:38:45.941+0000] {dag.py:3096} INFO - Sync 1 DAGs
[2026-09-17T09:38:45.951+0000] {logging_mixin.py:188} INFO - [2026-09-17T09:38:45.951+0000] {dag.py:3954} INFO - Setting next_dagrun for save_data to None, run_after=None
[2026-09-17T09:38:45.972+0000] {processor.py:183} INFO - Processing /opt/airflow/dags/stoke_dag.py took 0.100 seconds
[2026-09-17T09:39:16.352+0000] {processor.py:161} INFO - Started process (PID=483) to work on /opt/airflow/dags/stoke_dag.py
[2026-09-17T09:39:16.354+0000] {processor.py:830} INFO - Processing file /opt/airflow/dags/stoke_dag.py for tasks to queue
[2026-09-17T09:39:16.357+0000] {logging_mixin.py:188} INFO - [2026-09-17T09:39:16.357+0000] {dagbag.py:545} INFO - Filling up the DagBag from /opt/airflow/dags/stoke_dag.py
[2026-09-17T09:39:16.380+0000] {processor.py:840} INFO - DAG(s) 'save_data' retrieved from /opt/airflow/dags/stoke_dag.py
[2026-09-17T09:39:16.417+0000] {logging_mixin.py:188} INFO - [2026-09-17T09:39:16.416+0000] {dag.py:3096} INFO - Sync 1 DAGs
[2026-09-17T09:39:16.433+0000] {logging_mixin.py:188} INFO - [2026-09-17T09:39:16.433+0000] {dag.py:3954} INFO - Setting next_dagrun for save_data to None, run_after=None
[2026-09-17T09:39:16.468+0000] {processor.py:183} INFO - Processing /opt/airflow/dags/stoke_dag.py took 0.124 seconds
[2026-09-17T09:39:46.804+0000] {processor.py:161} INFO - Started process (PID=492) to work on /opt/airflow/dags/stoke_dag.py
[2026-09-17T09:39:46.805+0000] {processor.py:830} INFO - Processing file /opt/airflow/dags/stoke_dag.py for tasks to queue
[2026-09-17T09:39:46.807+0000] {logging_mixin.py:188} INFO - [2026-09-17T09:39:46.807+0000] {dagbag.py:545} INFO - Filling up the DagBag from /opt/airflow/dags/stoke_dag.py
[2026-09-17T09:39:46.823+0000] {processor.py:840} INFO - DAG(s) 'save_data' retrieved from /opt/airflow/dags/stoke_dag.py
[2026-09-17T09:39:46.843+0000] {logging_mixin.py:188} INFO - [2026-09-17T09:39:46.843+0000] {dag.py:3096} INFO - Sync 1 DAGs
[2026-09-17T09:39:46.854+0000] {logging_mixin.py:188} INFO - [2026-09-17T09:39:46.854+0000] {dag.py:3954} INFO - Setting next_dagrun for save_data to None, run_after=None
[2026-09-17T09:39:46.873+0000] {processor.py:183} INFO - Processing /opt/airflow/dags/stoke_dag.py took 0.075 seconds
[2026-09-17T09:40:17.226+0000] {processor.py:161} INFO - Started process (PID=501) to work on /opt/airflow/dags/stoke_dag.py
[2026-09-17T09:40:17.227+0000] {processor.py:830} INFO - Processing file /opt/airflow/dags/stoke_dag.py for tasks to queue
[2026-09-17T09:40:17.229+0000] {logging_mixin.py:188} INFO - [2026-09-17T09:40:17.229+0000] {dagbag.py:545} INFO - Filling up the DagBag from /opt/airflow/dags/stoke_dag.py
[2026-09-17T09:40:17.246+0000] {processor.py:840} INFO - DAG(s) 'save_data' retrieved from /opt/airflow/dags/stoke_dag.py
[2026-09-17T09:40:17.265+0000] {logging_mixin.py:188} INFO - [2026-09-17T09:40:17.265+0000] {dag.py:3096} INFO - Sync 1 DAGs
[2026-09-17T09:40:17.277+0000] {logging_mixin.py:188} INFO - [2026-09-17T09:40:17.277+0000] {dag.py:3954} INFO - Setting next_dagrun for save_data to None, run_after=None
[2026-09-17T09:40:17.306+0000] {processor.py:183} INFO - Processing /opt/airflow/dags/stoke_dag.py took 0.086 seconds
[2026-09-17T09:40:47.626+0000] {processor.py:161} INFO - Started process (PID=510) to work on /opt/airflow/dags/stoke_dag.py
[2026-09-17T09:40:47.628+0000] {processor.py:830} INFO - Processing file /opt/airflow/dags/stoke_dag.py for tasks to queue
[2026-09-17T09:40:47.629+0000] {logging_mixin.py:188} INFO - [2026-09-17T09:40:47.629+0000] {dagbag.py:545} INFO - Filling up the DagBag from /opt/airflow/dags/stoke_dag.py
[2026-09-17T09:40:47.645+0000] {processor.py:840} INFO - DAG(s) 'save_data' retrieved from /opt/airflow/dags/stoke_dag.py
[2026-09-17T09:40:47.666+0000] {logging_mixin.py:188} INFO - [2026-09-17T09:40:47.665+0000] {dag.py:3096} INFO - Sync 1 DAGs
[2026-09-17T09:40:47.679+0000] {logging_mixin.py:188} INFO - [2026-09-17T09:40:47.679+0000] {dag.py:3954} INFO - Setting next_dagrun for save_data to None, run_after=None
[2026-09-17T09:40:47.699+0000] {processor.py:183} INFO - Processing /opt/airflow/dags/stoke_dag.py took 0.078 seconds
[2026-09-17T09:41:17.989+0000] {processor.py:161} INFO - Started process (PID=519) to work on /opt/airflow/dags/stoke_dag.py
[2026-09-17T09:41:17.990+0000] {processor.py:830} INFO - Processing file /opt/airflow/dags/stoke_dag.py for tasks to queue
[2026-09-17T09:41:17.992+0000] {logging_mixin.py:188} INFO - [2026-09-17T09:41:17.992+0000] {dagbag.py:545} INFO - Filling up the DagBag from /opt/airflow/dags/stoke_dag.py
[2026-09-17T09:41:18.008+0000] {processor.py:840} INFO - DAG(s) 'save_data' retrieved from /opt/airflow/dags/stoke_dag.py
[2026-09-17T09:41:18.032+0000] {logging_mixin.py:188} INFO - [2026-09-17T09:41:18.031+0000] {dag.py:3096} INFO - Sync 1 DAGs
[2026-09-17T09:41:18.051+0000] {logging_mixin.py:188} INFO - [2026-09-17T09:41:18.050+0000] {dag.py:3954} INFO - Setting next_dagrun for save_data to None, run_after=None
[2026-09-17T09:41:18.079+0000] {processor.py:183} INFO - Processing /opt/airflow/dags/stoke_dag.py took 0.095 seconds
[2026-09-17T09:41:48.395+0000] {processor.py:161} INFO - Started process (PID=528) to work on /opt/airflow/dags/stoke_dag.py
[2026-09-17T09:41:48.397+0000] {processor.py:830} INFO - Processing file /opt/airflow/dags/stoke_dag.py for tasks to queue
[2026-09-17T09:41:48.399+0000] {logging_mixin.py:188} INFO - [2026-09-17T09:41:48.399+0000] {dagbag.py:545} INFO - Filling up the DagBag from /opt/airflow/dags/stoke_dag.py
[2026-09-17T09:41:48.416+0000] {processor.py:840} INFO - DAG(s) 'save_data' retrieved from /opt/airflow/dags/stoke_dag.py
[2026-09-17T09:41:48.438+0000] {logging_mixin.py:188} INFO - [2026-09-17T09:41:48.438+0000] {dag.py:3096} INFO - Sync 1 DAGs
[2026-09-17T09:41:48.449+0000] {logging_mixin.py:188} INFO - [2026-09-17T09:41:48.449+0000] {dag.py:3954} INFO - Setting next_dagrun for save_data to None, run_after=None
[2026-09-17T09:41:48.471+0000] {processor.py:183} INFO - Processing /opt/airflow/dags/stoke_dag.py took 0.083 seconds
[2026-09-17T09:42:18.799+0000] {processor.py:161} INFO - Started process (PID=537) to work on /opt/airflow/dags/stoke_dag.py
[2026-09-17T09:42:18.800+0000] {processor.py:830} INFO - Processing file /opt/airflow/dags/stoke_dag.py for tasks to queue
[2026-09-17T09:42:18.802+0000] {logging_mixin.py:188} INFO - [2026-09-17T09:42:18.802+0000] {dagbag.py:545} INFO - Filling up the DagBag from /opt/airflow/dags/stoke_dag.py
[2026-09-17T09:42:18.816+0000] {processor.py:840} INFO - DAG(s) 'save_data' retrieved from /opt/airflow/dags/stoke_dag.py
[2026-09-17T09:42:18.837+0000] {logging_mixin.py:188} INFO - [2026-09-17T09:42:18.836+0000] {dag.py:3096} INFO - Sync 1 DAGs
[2026-09-17T09:42:18.851+0000] {logging_mixin.py:188} INFO - [2026-09-17T09:42:18.851+0000] {dag.py:3954} INFO - Setting next_dagrun for save_data to None, run_after=None
[2026-09-17T09:42:18.882+0000] {processor.py:183} INFO - Processing /opt/airflow/dags/stoke_dag.py took 0.089 seconds
[2026-09-17T09:42:49.223+0000] {processor.py:161} INFO - Started process (PID=546) to work on /opt/airflow/dags/stoke_dag.py
[2026-09-17T09:42:49.225+0000] {processor.py:830} INFO - Processing file /opt/airflow/dags/stoke_dag.py for tasks to queue
[2026-09-17T09:42:49.228+0000] {logging_mixin.py:188} INFO - [2026-09-17T09:42:49.227+0000] {dagbag.py:545} INFO - Filling up the DagBag from /opt/airflow/dags/stoke_dag.py
[2026-09-17T09:42:49.248+0000] {processor.py:840} INFO - DAG(s) 'save_data' retrieved from /opt/airflow/dags/stoke_dag.py
[2026-09-17T09:42:49.268+0000] {logging_mixin.py:188} INFO - [2026-09-17T09:42:49.268+0000] {dag.py:3096} INFO - Sync 1 DAGs
[2026-09-17T09:42:49.278+0000] {logging_mixin.py:188} INFO - [2026-09-17T09:42:49.278+0000] {dag.py:3954} INFO - Setting next_dagrun for save_data to None, run_after=None
[2026-09-17T09:42:49.299+0000] {processor.py:183} INFO - Processing /opt/airflow/dags/stoke_dag.py took 0.083 seconds
[2026-09-17T09:43:19.604+0000] {processor.py:161} INFO - Started process (PID=555) to work on /opt/airflow/dags/stoke_dag.py
[2026-09-17T09:43:19.605+0000] {processor.py:830} INFO - Processing file /opt/airflow/dags/stoke_dag.py for tasks to queue
[2026-09-17T09:43:19.607+0000] {logging_mixin.py:188} INFO - [2026-09-17T09:43:19.607+0000] {dagbag.py:545} INFO - Filling up the DagBag from /opt/airflow/dags/stoke_dag.py
[2026-09-17T09:43:19.625+0000] {processor.py:840} INFO - DAG(s) 'save_data' retrieved from /opt/airflow/dags/stoke_dag.py
[2026-09-17T09:43:19.644+0000] {logging_mixin.py:188} INFO - [2026-09-17T09:43:19.643+0000] {dag.py:3096} INFO - Sync 1 DAGs
[2026-09-17T09:43:19.653+0000] {logging_mixin.py:188} INFO - [2026-09-17T09:43:19.653+0000] {dag.py:3954} INFO - Setting next_dagrun for save_data to None, run_after=None
[2026-09-17T09:43:19.673+0000] {processor.py:183} INFO - Processing /opt/airflow/dags/stoke_dag.py took 0.074 seconds
[2026-09-17T09:43:49.997+0000] {processor.py:161} INFO - Started process (PID=564) to work on /opt/airflow/dags/stoke_dag.py
[2026-09-17T09:43:49.998+0000] {processor.py:830} INFO - Processing file /opt/airflow/dags/stoke_dag.py for tasks to queue
[2026-09-17T09:43:50.000+0000] {logging_mixin.py:188} INFO - [2026-09-17T09:43:50.000+0000] {dagbag.py:545} INFO - Filling up the DagBag from /opt/airflow/dags/stoke_dag.py
[2026-09-17T09:43:50.015+0000] {processor.py:840} INFO - DAG(s) 'save_data' retrieved from /opt/airflow/dags/stoke_dag.py
[2026-09-17T09:43:50.034+0000] {logging_mixin.py:188} INFO - [2026-09-17T09:43:50.033+0000] {dag.py:3096} INFO - Sync 1 DAGs
[2026-09-17T09:43:50.045+0000] {logging_mixin.py:188} INFO - [2026-09-17T09:43:50.045+0000] {dag.py:3954} INFO - Setting next_dagrun for save_data to None, run_after=None
[2026-09-17T09:43:50.065+0000] {processor.py:183} INFO - Processing /opt/airflow/dags/stoke_dag.py took 0.073 seconds
[2026-09-17T09:44:20.399+0000] {processor.py:161} INFO - Started process (PID=573) to work on /opt/airflow/dags/stoke_dag.py
[2026-09-17T09:44:20.400+0000] {processor.py:830} INFO - Processing file /opt/airflow/dags/stoke_dag.py for tasks to queue
[2026-09-17T09:44:20.402+0000] {logging_mixin.py:188} INFO - [2026-09-17T09:44:20.402+0000] {dagbag.py:545} INFO - Filling up the DagBag from /opt/airflow/dags/stoke_dag.py
[2026-09-17T09:44:20.417+0000] {processor.py:840} INFO - DAG(s) 'save_data' retrieved from /opt/airflow/dags/stoke_dag.py
[2026-09-17T09:44:20.436+0000] {logging_mixin.py:188} INFO - [2026-09-17T09:44:20.435+0000] {dag.py:3096} INFO - Sync 1 DAGs
[2026-09-17T09:44:20.446+0000] {logging_mixin.py:188} INFO - [2026-09-17T09:44:20.446+0000] {dag.py:3954} INFO - Setting next_dagrun for save_data to None, run_after=None
[2026-09-17T09:44:20.467+0000] {processor.py:183} INFO - Processing /opt/airflow/dags/stoke_dag.py took 0.074 seconds
[2026-09-17T09:44:50.825+0000] {processor.py:161} INFO - Started process (PID=582) to work on /opt/airflow/dags/stoke_dag.py
[2026-09-17T09:44:50.826+0000] {processor.py:830} INFO - Processing file /opt/airflow/dags/stoke_dag.py for tasks to queue
[2026-09-17T09:44:50.827+0000] {logging_mixin.py:188} INFO - [2026-09-17T09:44:50.827+0000] {dagbag.py:545} INFO - Filling up the DagBag from /opt/airflow/dags/stoke_dag.py
[2026-09-17T09:44:50.841+0000] {processor.py:840} INFO - DAG(s) 'save_data' retrieved from /opt/airflow/dags/stoke_dag.py
[2026-09-17T09:44:50.861+0000] {logging_mixin.py:188} INFO - [2026-09-17T09:44:50.861+0000] {dag.py:3096} INFO - Sync 1 DAGs
[2026-09-17T09:44:50.875+0000] {logging_mixin.py:188} INFO - [2026-09-17T09:44:50.875+0000] {dag.py:3954} INFO - Setting next_dagrun for save_data to None, run_after=None
[2026-09-17T09:44:50.904+0000] {processor.py:183} INFO - Processing /opt/airflow/dags/stoke_dag.py took 0.085 seconds
[2026-09-17T09:45:21.246+0000] {processor.py:161} INFO - Started process (PID=591) to work on /opt/airflow/dags/stoke_dag.py
[2026-09-17T09:45:21.247+0000] {processor.py:830} INFO - Processing file /opt/airflow/dags/stoke_dag.py for tasks to queue
[2026-09-17T09:45:21.249+0000] {logging_mixin.py:188} INFO - [2026-09-17T09:45:21.249+0000] {dagbag.py:545} INFO - Filling up the DagBag from /opt/airflow/dags/stoke_dag.py
[2026-09-17T09:45:21.262+0000] {processor.py:840} INFO - DAG(s) 'save_data' retrieved from /opt/airflow/dags/stoke_dag.py
[2026-09-17T09:45:21.282+0000] {logging_mixin.py:188} INFO - [2026-09-17T09:45:21.282+0000] {dag.py:3096} INFO - Sync 1 DAGs
[2026-09-17T09:45:21.294+0000] {logging_mixin.py:188} INFO - [2026-09-17T09:45:21.294+0000] {dag.py:3954} INFO - Setting next_dagrun for save_data to None, run_after=None
[2026-09-17T09:45:21.317+0000] {processor.py:183} INFO - Processing /opt/airflow/dags/stoke_dag.py took 0.077 seconds
[2026-09-17T09:45:51.651+0000] {processor.py:161} INFO - Started process (PID=600) to work on /opt/airflow/dags/stoke_dag.py
[2026-09-17T09:45:51.652+0000] {processor.py:830} INFO - Processing file /opt/airflow/dags/stoke_dag.py for tasks to queue
[2026-09-17T09:45:51.654+0000] {logging_mixin.py:188} INFO - [2026-09-17T09:45:51.654+0000] {dagbag.py:545} INFO - Filling up the DagBag from /opt/airflow/dags/stoke_dag.py
[2026-09-17T09:45:51.668+0000] {processor.py:840} INFO - DAG(s) 'save_data' retrieved from /opt/airflow/dags/stoke_dag.py
[2026-09-17T09:45:51.686+0000] {logging_mixin.py:188} INFO - [2026-09-17T09:45:51.686+0000] {dag.py:3096} INFO - Sync 1 DAGs
[2026-09-17T09:45:51.697+0000] {logging_mixin.py:188} INFO - [2026-09-17T09:45:51.696+0000] {dag.py:3954} INFO - Setting next_dagrun for save_data to None, run_after=None
[2026-09-17T09:45:51.718+0000] {processor.py:183} INFO - Processing /opt/airflow/dags/stoke_dag.py took 0.072 seconds
[2026-09-17T09:46:22.048+0000] {processor.py:161} INFO - Started process (PID=609) to work on /opt/airflow/dags/stoke_dag.py
[2026-09-17T09:46:22.049+0000] {processor.py:830} INFO - Processing file /opt/airflow/dags/stoke_dag.py for tasks to queue
[2026-09-17T09:46:22.051+0000] {logging_mixin.py:188} INFO - [2026-09-17T09:46:22.051+0000] {dagbag.py:545} INFO - Filling up the DagBag from /opt/airflow/dags/stoke_dag.py
[2026-09-17T09:46:22.066+0000] {processor.py:840} INFO - DAG(s) 'save_data' retrieved from /opt/airflow/dags/stoke_dag.py
[2026-09-17T09:46:22.089+0000] {logging_mixin.py:188} INFO - [2026-09-17T09:46:22.088+0000] {dag.py:3096} INFO - Sync 1 DAGs
[2026-09-17T09:46:22.103+0000] {logging_mixin.py:188} INFO - [2026-09-17T09:46:22.103+0000] {dag.py:3954} INFO - Setting next_dagrun for save_data to None, run_after=None
[2026-09-17T09:46:22.129+0000] {processor.py:183} INFO - Processing /opt/airflow/dags/stoke_dag.py took 0.086 seconds
[2026-09-17T09:46:52.454+0000] {processor.py:161} INFO - Started process (PID=618) to work on /opt/airflow/dags/stoke_dag.py
[2026-09-17T09:46:52.455+0000] {processor.py:830} INFO - Processing file /opt/airflow/dags/stoke_dag.py for tasks to queue
[2026-09-17T09:46:52.457+0000] {logging_mixin.py:188} INFO - [2026-09-17T09:46:52.456+0000] {dagbag.py:545} INFO - Filling up the DagBag from /opt/airflow/dags/stoke_dag.py
[2026-09-17T09:46:52.471+0000] {processor.py:840} INFO - DAG(s) 'save_data' retrieved from /opt/airflow/dags/stoke_dag.py
[2026-09-17T09:46:52.490+0000] {logging_mixin.py:188} INFO - [2026-09-17T09:46:52.489+0000] {dag.py:3096} INFO - Sync 1 DAGs
[2026-09-17T09:46:52.500+0000] {logging_mixin.py:188} INFO - [2026-09-17T09:46:52.500+0000] {dag.py:3954} INFO - Setting next_dagrun for save_data to None, run_after=None
[2026-09-17T09:46:52.521+0000] {processor.py:183} INFO - Processing /opt/airflow/dags/stoke_dag.py took 0.073 seconds
[2026-09-17T09:47:22.904+0000] {processor.py:161} INFO - Started process (PID=628) to work on /opt/airflow/dags/stoke_dag.py
[2026-09-17T09:47:22.907+0000] {processor.py:830} INFO - Processing file /opt/airflow/dags/stoke_dag.py for tasks to queue
[2026-09-17T09:47:22.911+0000] {logging_mixin.py:188} INFO - [2026-09-17T09:47:22.910+0000] {dagbag.py:545} INFO - Filling up the DagBag from /opt/airflow/dags/stoke_dag.py
[2026-09-17T09:47:22.960+0000] {processor.py:840} INFO - DAG(s) 'save_data' retrieved from /opt/airflow/dags/stoke_dag.py
[2026-09-17T09:47:23.012+0000] {logging_mixin.py:188} INFO - [2026-09-17T09:47:23.011+0000] {dag.py:3096} INFO - Sync 1 DAGs
[2026-09-17T09:47:23.028+0000] {logging_mixin.py:188} INFO - [2026-09-17T09:47:23.027+0000] {dag.py:3954} INFO - Setting next_dagrun for save_data to None, run_after=None
[2026-09-17T09:47:23.056+0000] {processor.py:183} INFO - Processing /opt/airflow/dags/stoke_dag.py took 0.166 seconds
[2026-09-17T09:47:53.354+0000] {processor.py:161} INFO - Started process (PID=637) to work on /opt/airflow/dags/stoke_dag.py
[2026-09-17T09:47:53.356+0000] {processor.py:830} INFO - Processing file /opt/airflow/dags/stoke_dag.py for tasks to queue
[2026-09-17T09:47:53.357+0000] {logging_mixin.py:188} INFO - [2026-09-17T09:47:53.357+0000] {dagbag.py:545} INFO - Filling up the DagBag from /opt/airflow/dags/stoke_dag.py
[2026-09-17T09:47:53.373+0000] {processor.py:840} INFO - DAG(s) 'save_data' retrieved from /opt/airflow/dags/stoke_dag.py
[2026-09-17T09:47:53.393+0000] {logging_mixin.py:188} INFO - [2026-09-17T09:47:53.393+0000] {dag.py:3096} INFO - Sync 1 DAGs
[2026-09-17T09:47:53.407+0000] {logging_mixin.py:188} INFO - [2026-09-17T09:47:53.406+0000] {dag.py:3954} INFO - Setting next_dagrun for save_data to None, run_after=None
[2026-09-17T09:47:53.429+0000] {processor.py:183} INFO - Processing /opt/airflow/dags/stoke_dag.py took 0.080 seconds
[2026-09-17T09:48:23.752+0000] {processor.py:161} INFO - Started process (PID=646) to work on /opt/airflow/dags/stoke_dag.py
[2026-09-17T09:48:23.753+0000] {processor.py:830} INFO - Processing file /opt/airflow/dags/stoke_dag.py for tasks to queue
[2026-09-17T09:48:23.755+0000] {logging_mixin.py:188} INFO - [2026-09-17T09:48:23.755+0000] {dagbag.py:545} INFO - Filling up the DagBag from /opt/airflow/dags/stoke_dag.py
[2026-09-17T09:48:23.768+0000] {processor.py:840} INFO - DAG(s) 'save_data' retrieved from /opt/airflow/dags/stoke_dag.py
[2026-09-17T09:48:23.787+0000] {logging_mixin.py:188} INFO - [2026-09-17T09:48:23.787+0000] {dag.py:3096} INFO - Sync 1 DAGs
[2026-09-17T09:48:23.799+0000] {logging_mixin.py:188} INFO - [2026-09-17T09:48:23.799+0000] {dag.py:3954} INFO - Setting next_dagrun for save_data to None, run_after=None
[2026-09-17T09:48:23.823+0000] {processor.py:183} INFO - Processing /opt/airflow/dags/stoke_dag.py took 0.077 seconds
[2026-09-17T09:48:54.123+0000] {processor.py:161} INFO - Started process (PID=655) to work on /opt/airflow/dags/stoke_dag.py
[2026-09-17T09:48:54.124+0000] {processor.py:830} INFO - Processing file /opt/airflow/dags/stoke_dag.py for tasks to queue
[2026-09-17T09:48:54.126+0000] {logging_mixin.py:188} INFO - [2026-09-17T09:48:54.126+0000] {dagbag.py:545} INFO - Filling up the DagBag from /opt/airflow/dags/stoke_dag.py
[2026-09-17T09:48:54.142+0000] {processor.py:840} INFO - DAG(s) 'save_data' retrieved from /opt/airflow/dags/stoke_dag.py
[2026-09-17T09:48:54.161+0000] {logging_mixin.py:188} INFO - [2026-09-17T09:48:54.161+0000] {dag.py:3096} INFO - Sync 1 DAGs
[2026-09-17T09:48:54.172+0000] {logging_mixin.py:188} INFO - [2026-09-17T09:48:54.172+0000] {dag.py:3954} INFO - Setting next_dagrun for save_data to None, run_after=None
[2026-09-17T09:48:54.190+0000] {processor.py:183} INFO - Processing /opt/airflow/dags/stoke_dag.py took 0.075 seconds
[2026-09-17T09:49:24.545+0000] {processor.py:161} INFO - Started process (PID=664) to work on /opt/airflow/dags/stoke_dag.py
[2026-09-17T09:49:24.548+0000] {processor.py:830} INFO - Processing file /opt/airflow/dags/stoke_dag.py for tasks to queue
[2026-09-17T09:49:24.553+0000] {logging_mixin.py:188} INFO - [2026-09-17T09:49:24.552+0000] {dagbag.py:545} INFO - Filling up the DagBag from /opt/airflow/dags/stoke_dag.py
[2026-09-17T09:49:24.595+0000] {processor.py:840} INFO - DAG(s) 'save_data' retrieved from /opt/airflow/dags/stoke_dag.py
[2026-09-17T09:49:24.640+0000] {logging_mixin.py:188} INFO - [2026-09-17T09:49:24.640+0000] {dag.py:3096} INFO - Sync 1 DAGs
[2026-09-17T09:49:24.657+0000] {logging_mixin.py:188} INFO - [2026-09-17T09:49:24.657+0000] {dag.py:3954} INFO - Setting next_dagrun for save_data to None, run_after=None
[2026-09-17T09:49:24.684+0000] {processor.py:183} INFO - Processing /opt/airflow/dags/stoke_dag.py took 0.163 seconds
[2026-09-17T09:49:55.014+0000] {processor.py:161} INFO - Started process (PID=673) to work on /opt/airflow/dags/stoke_dag.py
[2026-09-17T09:49:55.015+0000] {processor.py:830} INFO - Processing file /opt/airflow/dags/stoke_dag.py for tasks to queue
[2026-09-17T09:49:55.017+0000] {logging_mixin.py:188} INFO - [2026-09-17T09:49:55.017+0000] {dagbag.py:545} INFO - Filling up the DagBag from /opt/airflow/dags/stoke_dag.py
[2026-09-17T09:49:55.034+0000] {processor.py:840} INFO - DAG(s) 'save_data' retrieved from /opt/airflow/dags/stoke_dag.py
[2026-09-17T09:49:55.054+0000] {logging_mixin.py:188} INFO - [2026-09-17T09:49:55.054+0000] {dag.py:3096} INFO - Sync 1 DAGs
[2026-09-17T09:49:55.064+0000] {logging_mixin.py:188} INFO - [2026-09-17T09:49:55.064+0000] {dag.py:3954} INFO - Setting next_dagrun for save_data to None, run_after=None
[2026-09-17T09:49:55.100+0000] {processor.py:183} INFO - Processing /opt/airflow/dags/stoke_dag.py took 0.093 seconds
[2026-09-17T09:50:25.402+0000] {processor.py:161} INFO - Started process (PID=682) to work on /opt/airflow/dags/stoke_dag.py
[2026-09-17T09:50:25.404+0000] {processor.py:830} INFO - Processing file /opt/airflow/dags/stoke_dag.py for tasks to queue
[2026-09-17T09:50:25.406+0000] {logging_mixin.py:188} INFO - [2026-09-17T09:50:25.406+0000] {dagbag.py:545} INFO - Filling up the DagBag from /opt/airflow/dags/stoke_dag.py
[2026-09-17T09:50:25.423+0000] {processor.py:840} INFO - DAG(s) 'save_data' retrieved from /opt/airflow/dags/stoke_dag.py
[2026-09-17T09:50:25.443+0000] {logging_mixin.py:188} INFO - [2026-09-17T09:50:25.442+0000] {dag.py:3096} INFO - Sync 1 DAGs
[2026-09-17T09:50:25.454+0000] {logging_mixin.py:188} INFO - [2026-09-17T09:50:25.453+0000] {dag.py:3954} INFO - Setting next_dagrun for save_data to None, run_after=None
[2026-09-17T09:50:25.474+0000] {processor.py:183} INFO - Processing /opt/airflow/dags/stoke_dag.py took 0.078 seconds
[2026-09-17T09:50:55.780+0000] {processor.py:161} INFO - Started process (PID=691) to work on /opt/airflow/dags/stoke_dag.py
[2026-09-17T09:50:55.782+0000] {processor.py:830} INFO - Processing file /opt/airflow/dags/stoke_dag.py for tasks to queue
[2026-09-17T09:50:55.784+0000] {logging_mixin.py:188} INFO - [2026-09-17T09:50:55.783+0000] {dagbag.py:545} INFO - Filling up the DagBag from /opt/airflow/dags/stoke_dag.py
[2026-09-17T09:50:55.802+0000] {processor.py:840} INFO - DAG(s) 'save_data' retrieved from /opt/airflow/dags/stoke_dag.py
[2026-09-17T09:50:55.828+0000] {logging_mixin.py:188} INFO - [2026-09-17T09:50:55.828+0000] {dag.py:3096} INFO - Sync 1 DAGs
[2026-09-17T09:50:55.842+0000] {logging_mixin.py:188} INFO - [2026-09-17T09:50:55.841+0000] {dag.py:3954} INFO - Setting next_dagrun for save_data to None, run_after=None
[2026-09-17T09:50:55.869+0000] {processor.py:183} INFO - Processing /opt/airflow/dags/stoke_dag.py took 0.098 seconds
[2026-09-17T09:51:26.175+0000] {processor.py:161} INFO - Started process (PID=700) to work on /opt/airflow/dags/stoke_dag.py
[2026-09-17T09:51:26.177+0000] {processor.py:830} INFO - Processing file /opt/airflow/dags/stoke_dag.py for tasks to queue
[2026-09-17T09:51:26.180+0000] {logging_mixin.py:188} INFO - [2026-09-17T09:51:26.180+0000] {dagbag.py:545} INFO - Filling up the DagBag from /opt/airflow/dags/stoke_dag.py
[2026-09-17T09:51:26.198+0000] {processor.py:840} INFO - DAG(s) 'save_data' retrieved from /opt/airflow/dags/stoke_dag.py
[2026-09-17T09:51:26.220+0000] {logging_mixin.py:188} INFO - [2026-09-17T09:51:26.219+0000] {dag.py:3096} INFO - Sync 1 DAGs
[2026-09-17T09:51:26.232+0000] {logging_mixin.py:188} INFO - [2026-09-17T09:51:26.232+0000] {dag.py:3954} INFO - Setting next_dagrun for save_data to None, run_after=None
[2026-09-17T09:51:26.253+0000] {processor.py:183} INFO - Processing /opt/airflow/dags/stoke_dag.py took 0.085 seconds
[2026-09-17T09:51:56.519+0000] {processor.py:161} INFO - Started process (PID=709) to work on /opt/airflow/dags/stoke_dag.py
[2026-09-17T09:51:56.520+0000] {processor.py:830} INFO - Processing file /opt/airflow/dags/stoke_dag.py for tasks to queue
[2026-09-17T09:51:56.523+0000] {logging_mixin.py:188} INFO - [2026-09-17T09:51:56.523+0000] {dagbag.py:545} INFO - Filling up the DagBag from /opt/airflow/dags/stoke_dag.py
[2026-09-17T09:51:56.539+0000] {processor.py:840} INFO - DAG(s) 'save_data' retrieved from /opt/airflow/dags/stoke_dag.py
[2026-09-17T09:51:56.562+0000] {logging_mixin.py:188} INFO - [2026-09-17T09:51:56.561+0000] {dag.py:3096} INFO - Sync 1 DAGs
[2026-09-17T09:51:56.575+0000] {logging_mixin.py:188} INFO - [2026-09-17T09:51:56.575+0000] {dag.py:3954} INFO - Setting next_dagrun for save_data to None, run_after=None
[2026-09-17T09:51:56.603+0000] {processor.py:183} INFO - Processing /opt/airflow/dags/stoke_dag.py took 0.091 seconds
[2026-09-17T09:52:26.911+0000] {processor.py:161} INFO - Started process (PID=718) to work on /opt/airflow/dags/stoke_dag.py
[2026-09-17T09:52:26.913+0000] {processor.py:830} INFO - Processing file /opt/airflow/dags/stoke_dag.py for tasks to queue
[2026-09-17T09:52:26.915+0000] {logging_mixin.py:188} INFO - [2026-09-17T09:52:26.915+0000] {dagbag.py:545} INFO - Filling up the DagBag from /opt/airflow/dags/stoke_dag.py
[2026-09-17T09:52:26.932+0000] {processor.py:840} INFO - DAG(s) 'save_data' retrieved from /opt/airflow/dags/stoke_dag.py
[2026-09-17T09:52:26.954+0000] {logging_mixin.py:188} INFO - [2026-09-17T09:52:26.953+0000] {dag.py:3096} INFO - Sync 1 DAGs
[2026-09-17T09:52:26.964+0000] {logging_mixin.py:188} INFO - [2026-09-17T09:52:26.964+0000] {dag.py:3954} INFO - Setting next_dagrun for save_data to None, run_after=None
[2026-09-17T09:52:26.987+0000] {processor.py:183} INFO - Processing /opt/airflow/dags/stoke_dag.py took 0.083 seconds
[2026-09-17T09:52:57.260+0000] {processor.py:161} INFO - Started process (PID=727) to work on /opt/airflow/dags/stoke_dag.py
[2026-09-17T09:52:57.261+0000] {processor.py:830} INFO - Processing file /opt/airflow/dags/stoke_dag.py for tasks to queue
[2026-09-17T09:52:57.263+0000] {logging_mixin.py:188} INFO - [2026-09-17T09:52:57.263+0000] {dagbag.py:545} INFO - Filling up the DagBag from /opt/airflow/dags/stoke_dag.py
[2026-09-17T09:52:57.287+0000] {processor.py:840} INFO - DAG(s) 'save_data' retrieved from /opt/airflow/dags/stoke_dag.py
[2026-09-17T09:52:57.312+0000] {logging_mixin.py:188} INFO - [2026-09-17T09:52:57.312+0000] {dag.py:3096} INFO - Sync 1 DAGs
[2026-09-17T09:52:57.325+0000] {logging_mixin.py:188} INFO - [2026-09-17T09:52:57.325+0000] {dag.py:3954} INFO - Setting next_dagrun for save_data to None, run_after=None
[2026-09-17T09:52:57.349+0000] {processor.py:183} INFO - Processing /opt/airflow/dags/stoke_dag.py took 0.096 seconds
[2026-09-17T09:53:27.659+0000] {processor.py:161} INFO - Started process (PID=736) to work on /opt/airflow/dags/stoke_dag.py
[2026-09-17T09:53:27.660+0000] {processor.py:830} INFO - Processing file /opt/airflow/dags/stoke_dag.py for tasks to queue
[2026-09-17T09:53:27.662+0000] {logging_mixin.py:188} INFO - [2026-09-17T09:53:27.662+0000] {dagbag.py:545} INFO - Filling up the DagBag from /opt/airflow/dags/stoke_dag.py
[2026-09-17T09:53:27.679+0000] {processor.py:840} INFO - DAG(s) 'save_data' retrieved from /opt/airflow/dags/stoke_dag.py
[2026-09-17T09:53:27.700+0000] {logging_mixin.py:188} INFO - [2026-09-17T09:53:27.700+0000] {dag.py:3096} INFO - Sync 1 DAGs
[2026-09-17T09:53:27.713+0000] {logging_mixin.py:188} INFO - [2026-09-17T09:53:27.713+0000] {dag.py:3954} INFO - Setting next_dagrun for save_data to None, run_after=None
[2026-09-17T09:53:27.736+0000] {processor.py:183} INFO - Processing /opt/airflow/dags/stoke_dag.py took 0.083 seconds
[2026-09-17T09:53:58.007+0000] {processor.py:161} INFO - Started process (PID=745) to work on /opt/airflow/dags/stoke_dag.py
[2026-09-17T09:53:58.008+0000] {processor.py:830} INFO - Processing file /opt/airflow/dags/stoke_dag.py for tasks to queue
[2026-09-17T09:53:58.010+0000] {logging_mixin.py:188} INFO - [2026-09-17T09:53:58.010+0000] {dagbag.py:545} INFO - Filling up the DagBag from /opt/airflow/dags/stoke_dag.py
[2026-09-17T09:53:58.026+0000] {processor.py:840} INFO - DAG(s) 'save_data' retrieved from /opt/airflow/dags/stoke_dag.py
[2026-09-17T09:53:58.046+0000] {logging_mixin.py:188} INFO - [2026-09-17T09:53:58.045+0000] {dag.py:3096} INFO - Sync 1 DAGs
[2026-09-17T09:53:58.056+0000] {logging_mixin.py:188} INFO - [2026-09-17T09:53:58.056+0000] {dag.py:3954} INFO - Setting next_dagrun for save_data to None, run_after=None
[2026-09-17T09:53:58.079+0000] {processor.py:183} INFO - Processing /opt/airflow/dags/stoke_dag.py took 0.078 seconds
[2026-09-17T09:54:28.369+0000] {processor.py:161} INFO - Started process (PID=754) to work on /opt/airflow/dags/stoke_dag.py
[2026-09-17T09:54:28.370+0000] {processor.py:830} INFO - Processing file /opt/airflow/dags/stoke_dag.py for tasks to queue
[2026-09-17T09:54:28.372+0000] {logging_mixin.py:188} INFO - [2026-09-17T09:54:28.371+0000] {dagbag.py:545} INFO - Filling up the DagBag from /opt/airflow/dags/stoke_dag.py
[2026-09-17T09:54:28.388+0000] {processor.py:840} INFO - DAG(s) 'save_data' retrieved from /opt/airflow/dags/stoke_dag.py
[2026-09-17T09:54:28.409+0000] {logging_mixin.py:188} INFO - [2026-09-17T09:54:28.409+0000] {dag.py:3096} INFO - Sync 1 DAGs
[2026-09-17T09:54:28.421+0000] {logging_mixin.py:188} INFO - [2026-09-17T09:54:28.421+0000] {dag.py:3954} INFO - Setting next_dagrun for save_data to None, run_after=None
[2026-09-17T09:54:28.443+0000] {processor.py:183} INFO - Processing /opt/airflow/dags/stoke_dag.py took 0.081 seconds
[2026-09-17T09:54:58.743+0000] {processor.py:161} INFO - Started process (PID=763) to work on /opt/airflow/dags/stoke_dag.py
[2026-09-17T09:54:58.744+0000] {processor.py:830} INFO - Processing file /opt/airflow/dags/stoke_dag.py for tasks to queue
[2026-09-17T09:54:58.746+0000] {logging_mixin.py:188} INFO - [2026-09-17T09:54:58.746+0000] {dagbag.py:545} INFO - Filling up the DagBag from /opt/airflow/dags/stoke_dag.py
[2026-09-17T09:54:58.762+0000] {processor.py:840} INFO - DAG(s) 'save_data' retrieved from /opt/airflow/dags/stoke_dag.py
[2026-09-17T09:54:58.781+0000] {logging_mixin.py:188} INFO - [2026-09-17T09:54:58.781+0000] {dag.py:3096} INFO - Sync 1 DAGs
[2026-09-17T09:54:58.791+0000] {logging_mixin.py:188} INFO - [2026-09-17T09:54:58.791+0000] {dag.py:3954} INFO - Setting next_dagrun for save_data to None, run_after=None
[2026-09-17T09:54:58.814+0000] {processor.py:183} INFO - Processing /opt/airflow/dags/stoke_dag.py took 0.077 seconds
[2026-09-17T09:55:29.115+0000] {processor.py:161} INFO - Started process (PID=772) to work on /opt/airflow/dags/stoke_dag.py
[2026-09-17T09:55:29.116+0000] {processor.py:830} INFO - Processing file /opt/airflow/dags/stoke_dag.py for tasks to queue
[2026-09-17T09:55:29.118+0000] {logging_mixin.py:188} INFO - [2026-09-17T09:55:29.118+0000] {dagbag.py:545} INFO - Filling up the DagBag from /opt/airflow/dags/stoke_dag.py
[2026-09-17T09:55:29.132+0000] {processor.py:840} INFO - DAG(s) 'save_data' retrieved from /opt/airflow/dags/stoke_dag.py
[2026-09-17T09:55:29.155+0000] {logging_mixin.py:188} INFO - [2026-09-17T09:55:29.155+0000] {dag.py:3096} INFO - Sync 1 DAGs
[2026-09-17T09:55:29.168+0000] {logging_mixin.py:188} INFO - [2026-09-17T09:55:29.167+0000] {dag.py:3954} INFO - Setting next_dagrun for save_data to None, run_after=None
[2026-09-17T09:55:29.196+0000] {processor.py:183} INFO - Processing /opt/airflow/dags/stoke_dag.py took 0.087 seconds
[2026-09-17T09:55:59.478+0000] {processor.py:161} INFO - Started process (PID=781) to work on /opt/airflow/dags/stoke_dag.py
[2026-09-17T09:55:59.480+0000] {processor.py:830} INFO - Processing file /opt/airflow/dags/stoke_dag.py for tasks to queue
[2026-09-17T09:55:59.483+0000] {logging_mixin.py:188} INFO - [2026-09-17T09:55:59.483+0000] {dagbag.py:545} INFO - Filling up the DagBag from /opt/airflow/dags/stoke_dag.py
[2026-09-17T09:55:59.501+0000] {processor.py:840} INFO - DAG(s) 'save_data' retrieved from /opt/airflow/dags/stoke_dag.py
[2026-09-17T09:55:59.522+0000] {logging_mixin.py:188} INFO - [2026-09-17T09:55:59.522+0000] {dag.py:3096} INFO - Sync 1 DAGs
[2026-09-17T09:55:59.532+0000] {logging_mixin.py:188} INFO - [2026-09-17T09:55:59.532+0000] {dag.py:3954} INFO - Setting next_dagrun for save_data to None, run_after=None
[2026-09-17T09:55:59.554+0000] {processor.py:183} INFO - Processing /opt/airflow/dags/stoke_dag.py took 0.083 seconds
[2026-09-17T09:56:29.867+0000] {processor.py:161} INFO - Started process (PID=790) to work on /opt/airflow/dags/stoke_dag.py
[2026-09-17T09:56:29.868+0000] {processor.py:830} INFO - Processing file /opt/airflow/dags/stoke_dag.py for tasks to queue
[2026-09-17T09:56:29.870+0000] {logging_mixin.py:188} INFO - [2026-09-17T09:56:29.870+0000] {dagbag.py:545} INFO - Filling up the DagBag from /opt/airflow/dags/stoke_dag.py
[2026-09-17T09:56:29.887+0000] {processor.py:840} INFO - DAG(s) 'save_data' retrieved from /opt/airflow/dags/stoke_dag.py
[2026-09-17T09:56:29.916+0000] {logging_mixin.py:188} INFO - [2026-09-17T09:56:29.916+0000] {dag.py:3096} INFO - Sync 1 DAGs
[2026-09-17T09:56:29.929+0000] {logging_mixin.py:188} INFO - [2026-09-17T09:56:29.928+0000] {dag.py:3954} INFO - Setting next_dagrun for save_data to None, run_after=None
[2026-09-17T09:56:29.955+0000] {processor.py:183} INFO - Processing /opt/airflow/dags/stoke_dag.py took 0.094 seconds
[2026-09-17T09:57:00.162+0000] {processor.py:161} INFO - Started process (PID=797) to work on /opt/airflow/dags/stoke_dag.py
[2026-09-17T09:57:00.163+0000] {processor.py:830} INFO - Processing file /opt/airflow/dags/stoke_dag.py for tasks to queue
[2026-09-17T09:57:00.166+0000] {logging_mixin.py:188} INFO - [2026-09-17T09:57:00.165+0000] {dagbag.py:545} INFO - Filling up the DagBag from /opt/airflow/dags/stoke_dag.py
[2026-09-17T09:57:00.185+0000] {processor.py:840} INFO - DAG(s) 'save_data' retrieved from /opt/airflow/dags/stoke_dag.py
[2026-09-17T09:57:00.218+0000] {logging_mixin.py:188} INFO - [2026-09-17T09:57:00.218+0000] {dag.py:3096} INFO - Sync 1 DAGs
[2026-09-17T09:57:00.235+0000] {logging_mixin.py:188} INFO - [2026-09-17T09:57:00.234+0000] {dag.py:3954} INFO - Setting next_dagrun for save_data to None, run_after=None
[2026-09-17T09:57:00.263+0000] {processor.py:183} INFO - Processing /opt/airflow/dags/stoke_dag.py took 0.109 seconds
[2026-09-17T09:57:30.571+0000] {processor.py:161} INFO - Started process (PID=806) to work on /opt/airflow/dags/stoke_dag.py
[2026-09-17T09:57:30.572+0000] {processor.py:830} INFO - Processing file /opt/airflow/dags/stoke_dag.py for tasks to queue
[2026-09-17T09:57:30.574+0000] {logging_mixin.py:188} INFO - [2026-09-17T09:57:30.573+0000] {dagbag.py:545} INFO - Filling up the DagBag from /opt/airflow/dags/stoke_dag.py
[2026-09-17T09:57:30.589+0000] {processor.py:840} INFO - DAG(s) 'save_data' retrieved from /opt/airflow/dags/stoke_dag.py
[2026-09-17T09:57:30.609+0000] {logging_mixin.py:188} INFO - [2026-09-17T09:57:30.609+0000] {dag.py:3096} INFO - Sync 1 DAGs
[2026-09-17T09:57:30.622+0000] {logging_mixin.py:188} INFO - [2026-09-17T09:57:30.622+0000] {dag.py:3954} INFO - Setting next_dagrun for save_data to None, run_after=None
[2026-09-17T09:57:30.644+0000] {processor.py:183} INFO - Processing /opt/airflow/dags/stoke_dag.py took 0.079 seconds
[2026-09-17T09:58:00.984+0000] {processor.py:161} INFO - Started process (PID=815) to work on /opt/airflow/dags/stoke_dag.py
[2026-09-17T09:58:00.986+0000] {processor.py:830} INFO - Processing file /opt/airflow/dags/stoke_dag.py for tasks to queue
[2026-09-17T09:58:00.989+0000] {logging_mixin.py:188} INFO - [2026-09-17T09:58:00.988+0000] {dagbag.py:545} INFO - Filling up the DagBag from /opt/airflow/dags/stoke_dag.py
[2026-09-17T09:58:01.014+0000] {processor.py:840} INFO - DAG(s) 'save_data' retrieved from /opt/airflow/dags/stoke_dag.py
[2026-09-17T09:58:01.042+0000] {logging_mixin.py:188} INFO - [2026-09-17T09:58:01.041+0000] {dag.py:3096} INFO - Sync 1 DAGs
[2026-09-17T09:58:01.055+0000] {logging_mixin.py:188} INFO - [2026-09-17T09:58:01.055+0000] {dag.py:3954} INFO - Setting next_dagrun for save_data to None, run_after=None
[2026-09-17T09:58:01.078+0000] {processor.py:183} INFO - Processing /opt/airflow/dags/stoke_dag.py took 0.100 seconds
[2026-09-17T09:58:31.408+0000] {processor.py:161} INFO - Started process (PID=824) to work on /opt/airflow/dags/stoke_dag.py
[2026-09-17T09:58:31.409+0000] {processor.py:830} INFO - Processing file /opt/airflow/dags/stoke_dag.py for tasks to queue
[2026-09-17T09:58:31.411+0000] {logging_mixin.py:188} INFO - [2026-09-17T09:58:31.411+0000] {dagbag.py:545} INFO - Filling up the DagBag from /opt/airflow/dags/stoke_dag.py
[2026-09-17T09:58:31.426+0000] {processor.py:840} INFO - DAG(s) 'save_data' retrieved from /opt/airflow/dags/stoke_dag.py
[2026-09-17T09:58:31.446+0000] {logging_mixin.py:188} INFO - [2026-09-17T09:58:31.445+0000] {dag.py:3096} INFO - Sync 1 DAGs
[2026-09-17T09:58:31.456+0000] {logging_mixin.py:188} INFO - [2026-09-17T09:58:31.456+0000] {dag.py:3954} INFO - Setting next_dagrun for save_data to None, run_after=None
[2026-09-17T09:58:31.482+0000] {processor.py:183} INFO - Processing /opt/airflow/dags/stoke_dag.py took 0.080 seconds
[2026-09-17T09:59:01.795+0000] {processor.py:161} INFO - Started process (PID=833) to work on /opt/airflow/dags/stoke_dag.py
[2026-09-17T09:59:01.797+0000] {processor.py:830} INFO - Processing file /opt/airflow/dags/stoke_dag.py for tasks to queue
[2026-09-17T09:59:01.800+0000] {logging_mixin.py:188} INFO - [2026-09-17T09:59:01.800+0000] {dagbag.py:545} INFO - Filling up the DagBag from /opt/airflow/dags/stoke_dag.py
[2026-09-17T09:59:01.827+0000] {processor.py:840} INFO - DAG(s) 'save_data' retrieved from /opt/airflow/dags/stoke_dag.py
[2026-09-17T09:59:01.856+0000] {logging_mixin.py:188} INFO - [2026-09-17T09:59:01.856+0000] {dag.py:3096} INFO - Sync 1 DAGs
[2026-09-17T09:59:01.872+0000] {logging_mixin.py:188} INFO - [2026-09-17T09:59:01.872+0000] {dag.py:3954} INFO - Setting next_dagrun for save_data to None, run_after=None
[2026-09-17T09:59:01.897+0000] {processor.py:183} INFO - Processing /opt/airflow/dags/stoke_dag.py took 0.112 seconds
[2026-09-17T09:59:32.196+0000] {processor.py:161} INFO - Started process (PID=842) to work on /opt/airflow/dags/stoke_dag.py
[2026-09-17T09:59:32.197+0000] {processor.py:830} INFO - Processing file /opt/airflow/dags/stoke_dag.py for tasks to queue
[2026-09-17T09:59:32.200+0000] {logging_mixin.py:188} INFO - [2026-09-17T09:59:32.199+0000] {dagbag.py:545} INFO - Filling up the DagBag from /opt/airflow/dags/stoke_dag.py
[2026-09-17T09:59:32.216+0000] {processor.py:840} INFO - DAG(s) 'save_data' retrieved from /opt/airflow/dags/stoke_dag.py
[2026-09-17T09:59:32.237+0000] {logging_mixin.py:188} INFO - [2026-09-17T09:59:32.237+0000] {dag.py:3096} INFO - Sync 1 DAGs
[2026-09-17T09:59:32.250+0000] {logging_mixin.py:188} INFO - [2026-09-17T09:59:32.249+0000] {dag.py:3954} INFO - Setting next_dagrun for save_data to None, run_after=None
[2026-09-17T09:59:32.272+0000] {processor.py:183} INFO - Processing /opt/airflow/dags/stoke_dag.py took 0.081 seconds
[2026-09-17T10:00:02.599+0000] {processor.py:161} INFO - Started process (PID=851) to work on /opt/airflow/dags/stoke_dag.py
[2026-09-17T10:00:02.600+0000] {processor.py:830} INFO - Processing file /opt/airflow/dags/stoke_dag.py for tasks to queue
[2026-09-17T10:00:02.602+0000] {logging_mixin.py:188} INFO - [2026-09-17T10:00:02.602+0000] {dagbag.py:545} INFO - Filling up the DagBag from /opt/airflow/dags/stoke_dag.py
[2026-09-17T10:00:02.620+0000] {processor.py:840} INFO - DAG(s) 'save_data' retrieved from /opt/airflow/dags/stoke_dag.py
[2026-09-17T10:00:02.642+0000] {logging_mixin.py:188} INFO - [2026-09-17T10:00:02.642+0000] {dag.py:3096} INFO - Sync 1 DAGs
[2026-09-17T10:00:02.654+0000] {logging_mixin.py:188} INFO - [2026-09-17T10:00:02.653+0000] {dag.py:3954} INFO - Setting next_dagrun for save_data to None, run_after=None
[2026-09-17T10:00:02.676+0000] {processor.py:183} INFO - Processing /opt/airflow/dags/stoke_dag.py took 0.084 seconds
[2026-09-17T10:00:32.973+0000] {processor.py:161} INFO - Started process (PID=860) to work on /opt/airflow/dags/stoke_dag.py
[2026-09-17T10:00:32.974+0000] {processor.py:830} INFO - Processing file /opt/airflow/dags/stoke_dag.py for tasks to queue
[2026-09-17T10:00:32.979+0000] {logging_mixin.py:188} INFO - [2026-09-17T10:00:32.978+0000] {dagbag.py:545} INFO - Filling up the DagBag from /opt/airflow/dags/stoke_dag.py
[2026-09-17T10:00:33.003+0000] {processor.py:840} INFO - DAG(s) 'save_data' retrieved from /opt/airflow/dags/stoke_dag.py
[2026-09-17T10:00:33.032+0000] {logging_mixin.py:188} INFO - [2026-09-17T10:00:33.032+0000] {dag.py:3096} INFO - Sync 1 DAGs
[2026-09-17T10:00:33.047+0000] {logging_mixin.py:188} INFO - [2026-09-17T10:00:33.047+0000] {dag.py:3954} INFO - Setting next_dagrun for save_data to None, run_after=None
[2026-09-17T10:00:33.072+0000] {processor.py:183} INFO - Processing /opt/airflow/dags/stoke_dag.py took 0.109 seconds
[2026-09-17T10:01:03.377+0000] {processor.py:161} INFO - Started process (PID=869) to work on /opt/airflow/dags/stoke_dag.py
[2026-09-17T10:01:03.379+0000] {processor.py:830} INFO - Processing file /opt/airflow/dags/stoke_dag.py for tasks to queue
[2026-09-17T10:01:03.382+0000] {logging_mixin.py:188} INFO - [2026-09-17T10:01:03.381+0000] {dagbag.py:545} INFO - Filling up the DagBag from /opt/airflow/dags/stoke_dag.py
[2026-09-17T10:01:03.412+0000] {processor.py:840} INFO - DAG(s) 'save_data' retrieved from /opt/airflow/dags/stoke_dag.py
[2026-09-17T10:01:03.469+0000] {logging_mixin.py:188} INFO - [2026-09-17T10:01:03.469+0000] {dag.py:3096} INFO - Sync 1 DAGs
[2026-09-17T10:01:03.507+0000] {logging_mixin.py:188} INFO - [2026-09-17T10:01:03.507+0000] {dag.py:3954} INFO - Setting next_dagrun for save_data to None, run_after=None
[2026-09-17T10:01:03.549+0000] {processor.py:183} INFO - Processing /opt/airflow/dags/stoke_dag.py took 0.179 seconds
[2026-09-17T10:01:33.913+0000] {processor.py:161} INFO - Started process (PID=878) to work on /opt/airflow/dags/stoke_dag.py
[2026-09-17T10:01:33.914+0000] {processor.py:830} INFO - Processing file /opt/airflow/dags/stoke_dag.py for tasks to queue
[2026-09-17T10:01:33.916+0000] {logging_mixin.py:188} INFO - [2026-09-17T10:01:33.915+0000] {dagbag.py:545} INFO - Filling up the DagBag from /opt/airflow/dags/stoke_dag.py
[2026-09-17T10:01:33.933+0000] {processor.py:840} INFO - DAG(s) 'save_data' retrieved from /opt/airflow/dags/stoke_dag.py
[2026-09-17T10:01:33.955+0000] {logging_mixin.py:188} INFO - [2026-09-17T10:01:33.955+0000] {dag.py:3096} INFO - Sync 1 DAGs
[2026-09-17T10:01:33.968+0000] {logging_mixin.py:188} INFO - [2026-09-17T10:01:33.967+0000] {dag.py:3954} INFO - Setting next_dagrun for save_data to None, run_after=None
[2026-09-17T10:01:33.989+0000] {processor.py:183} INFO - Processing /opt/airflow/dags/stoke_dag.py took 0.083 seconds
[2026-09-17T10:02:04.270+0000] {processor.py:161} INFO - Started process (PID=887) to work on /opt/airflow/dags/stoke_dag.py
[2026-09-17T10:02:04.271+0000] {processor.py:830} INFO - Processing file /opt/airflow/dags/stoke_dag.py for tasks to queue
[2026-09-17T10:02:04.274+0000] {logging_mixin.py:188} INFO - [2026-09-17T10:02:04.274+0000] {dagbag.py:545} INFO - Filling up the DagBag from /opt/airflow/dags/stoke_dag.py
[2026-09-17T10:02:04.298+0000] {processor.py:840} INFO - DAG(s) 'save_data' retrieved from /opt/airflow/dags/stoke_dag.py
[2026-09-17T10:02:04.327+0000] {logging_mixin.py:188} INFO - [2026-09-17T10:02:04.327+0000] {dag.py:3096} INFO - Sync 1 DAGs
[2026-09-17T10:02:04.342+0000] {logging_mixin.py:188} INFO - [2026-09-17T10:02:04.342+0000] {dag.py:3954} INFO - Setting next_dagrun for save_data to None, run_after=None
[2026-09-17T10:02:04.366+0000] {processor.py:183} INFO - Processing /opt/airflow/dags/stoke_dag.py took 0.103 seconds
[2026-09-17T10:02:34.643+0000] {processor.py:161} INFO - Started process (PID=896) to work on /opt/airflow/dags/stoke_dag.py
[2026-09-17T10:02:34.644+0000] {processor.py:830} INFO - Processing file /opt/airflow/dags/stoke_dag.py for tasks to queue
[2026-09-17T10:02:34.647+0000] {logging_mixin.py:188} INFO - [2026-09-17T10:02:34.646+0000] {dagbag.py:545} INFO - Filling up the DagBag from /opt/airflow/dags/stoke_dag.py
[2026-09-17T10:02:34.662+0000] {processor.py:840} INFO - DAG(s) 'save_data' retrieved from /opt/airflow/dags/stoke_dag.py
[2026-09-17T10:02:34.685+0000] {logging_mixin.py:188} INFO - [2026-09-17T10:02:34.684+0000] {dag.py:3096} INFO - Sync 1 DAGs
[2026-09-17T10:02:34.696+0000] {logging_mixin.py:188} INFO - [2026-09-17T10:02:34.696+0000] {dag.py:3954} INFO - Setting next_dagrun for save_data to None, run_after=None
[2026-09-17T10:02:34.716+0000] {processor.py:183} INFO - Processing /opt/airflow/dags/stoke_dag.py took 0.078 seconds
[2026-09-17T10:03:05.028+0000] {processor.py:161} INFO - Started process (PID=905) to work on /opt/airflow/dags/stoke_dag.py
[2026-09-17T10:03:05.029+0000] {processor.py:830} INFO - Processing file /opt/airflow/dags/stoke_dag.py for tasks to queue
[2026-09-17T10:03:05.031+0000] {logging_mixin.py:188} INFO - [2026-09-17T10:03:05.031+0000] {dagbag.py:545} INFO - Filling up the DagBag from /opt/airflow/dags/stoke_dag.py
[2026-09-17T10:03:05.046+0000] {processor.py:840} INFO - DAG(s) 'save_data' retrieved from /opt/airflow/dags/stoke_dag.py
[2026-09-17T10:03:05.067+0000] {logging_mixin.py:188} INFO - [2026-09-17T10:03:05.067+0000] {dag.py:3096} INFO - Sync 1 DAGs
[2026-09-17T10:03:05.079+0000] {logging_mixin.py:188} INFO - [2026-09-17T10:03:05.078+0000] {dag.py:3954} INFO - Setting next_dagrun for save_data to None, run_after=None
[2026-09-17T10:03:05.102+0000] {processor.py:183} INFO - Processing /opt/airflow/dags/stoke_dag.py took 0.080 seconds
[2026-09-17T10:03:35.443+0000] {processor.py:161} INFO - Started process (PID=920) to work on /opt/airflow/dags/stoke_dag.py
[2026-09-17T10:03:35.444+0000] {processor.py:830} INFO - Processing file /opt/airflow/dags/stoke_dag.py for tasks to queue
[2026-09-17T10:03:35.448+0000] {logging_mixin.py:188} INFO - [2026-09-17T10:03:35.448+0000] {dagbag.py:545} INFO - Filling up the DagBag from /opt/airflow/dags/stoke_dag.py
[2026-09-17T10:03:35.472+0000] {processor.py:840} INFO - DAG(s) 'save_data' retrieved from /opt/airflow/dags/stoke_dag.py
[2026-09-17T10:03:35.499+0000] {logging_mixin.py:188} INFO - [2026-09-17T10:03:35.499+0000] {dag.py:3096} INFO - Sync 1 DAGs
[2026-09-17T10:03:35.513+0000] {logging_mixin.py:188} INFO - [2026-09-17T10:03:35.513+0000] {dag.py:3954} INFO - Setting next_dagrun for save_data to None, run_after=None
[2026-09-17T10:03:35.535+0000] {processor.py:183} INFO - Processing /opt/airflow/dags/stoke_dag.py took 0.103 seconds
[2026-09-17T10:04:05.835+0000] {processor.py:161} INFO - Started process (PID=929) to work on /opt/airflow/dags/stoke_dag.py
[2026-09-17T10:04:05.837+0000] {processor.py:830} INFO - Processing file /opt/airflow/dags/stoke_dag.py for tasks to queue
[2026-09-17T10:04:05.839+0000] {logging_mixin.py:188} INFO - [2026-09-17T10:04:05.839+0000] {dagbag.py:545} INFO - Filling up the DagBag from /opt/airflow/dags/stoke_dag.py
[2026-09-17T10:04:05.860+0000] {processor.py:840} INFO - DAG(s) 'save_data' retrieved from /opt/airflow/dags/stoke_dag.py
[2026-09-17T10:04:05.885+0000] {logging_mixin.py:188} INFO - [2026-09-17T10:04:05.885+0000] {dag.py:3096} INFO - Sync 1 DAGs
[2026-09-17T10:04:05.898+0000] {logging_mixin.py:188} INFO - [2026-09-17T10:04:05.897+0000] {dag.py:3954} INFO - Setting next_dagrun for save_data to None, run_after=None
[2026-09-17T10:04:05.924+0000] {processor.py:183} INFO - Processing /opt/airflow/dags/stoke_dag.py took 0.097 seconds
[2026-09-17T10:04:36.238+0000] {processor.py:161} INFO - Started process (PID=938) to work on /opt/airflow/dags/stoke_dag.py
[2026-09-17T10:04:36.239+0000] {processor.py:830} INFO - Processing file /opt/airflow/dags/stoke_dag.py for tasks to queue
[2026-09-17T10:04:36.241+0000] {logging_mixin.py:188} INFO - [2026-09-17T10:04:36.241+0000] {dagbag.py:545} INFO - Filling up the DagBag from /opt/airflow/dags/stoke_dag.py
[2026-09-17T10:04:36.259+0000] {processor.py:840} INFO - DAG(s) 'save_data' retrieved from /opt/airflow/dags/stoke_dag.py
[2026-09-17T10:04:36.280+0000] {logging_mixin.py:188} INFO - [2026-09-17T10:04:36.280+0000] {dag.py:3096} INFO - Sync 1 DAGs
[2026-09-17T10:04:36.292+0000] {logging_mixin.py:188} INFO - [2026-09-17T10:04:36.291+0000] {dag.py:3954} INFO - Setting next_dagrun for save_data to None, run_after=None
[2026-09-17T10:04:36.313+0000] {processor.py:183} INFO - Processing /opt/airflow/dags/stoke_dag.py took 0.081 seconds
[2026-09-17T10:05:06.680+0000] {processor.py:161} INFO - Started process (PID=947) to work on /opt/airflow/dags/stoke_dag.py
[2026-09-17T10:05:06.681+0000] {processor.py:830} INFO - Processing file /opt/airflow/dags/stoke_dag.py for tasks to queue
[2026-09-17T10:05:06.683+0000] {logging_mixin.py:188} INFO - [2026-09-17T10:05:06.683+0000] {dagbag.py:545} INFO - Filling up the DagBag from /opt/airflow/dags/stoke_dag.py
[2026-09-17T10:05:06.698+0000] {processor.py:840} INFO - DAG(s) 'save_data' retrieved from /opt/airflow/dags/stoke_dag.py
[2026-09-17T10:05:06.720+0000] {logging_mixin.py:188} INFO - [2026-09-17T10:05:06.719+0000] {dag.py:3096} INFO - Sync 1 DAGs
[2026-09-17T10:05:06.731+0000] {logging_mixin.py:188} INFO - [2026-09-17T10:05:06.731+0000] {dag.py:3954} INFO - Setting next_dagrun for save_data to None, run_after=None
[2026-09-17T10:05:06.751+0000] {processor.py:183} INFO - Processing /opt/airflow/dags/stoke_dag.py took 0.077 seconds
[2026-09-17T10:05:37.080+0000] {processor.py:161} INFO - Started process (PID=956) to work on /opt/airflow/dags/stoke_dag.py
[2026-09-17T10:05:37.081+0000] {processor.py:830} INFO - Processing file /opt/airflow/dags/stoke_dag.py for tasks to queue
[2026-09-17T10:05:37.083+0000] {logging_mixin.py:188} INFO - [2026-09-17T10:05:37.082+0000] {dagbag.py:545} INFO - Filling up the DagBag from /opt/airflow/dags/stoke_dag.py
[2026-09-17T10:05:37.099+0000] {processor.py:840} INFO - DAG(s) 'save_data' retrieved from /opt/airflow/dags/stoke_dag.py
[2026-09-17T10:05:37.119+0000] {logging_mixin.py:188} INFO - [2026-09-17T10:05:37.119+0000] {dag.py:3096} INFO - Sync 1 DAGs
[2026-09-17T10:05:37.130+0000] {logging_mixin.py:188} INFO - [2026-09-17T10:05:37.130+0000] {dag.py:3954} INFO - Setting next_dagrun for save_data to None, run_after=None
[2026-09-17T10:05:37.150+0000] {processor.py:183} INFO - Processing /opt/airflow/dags/stoke_dag.py took 0.077 seconds
[2026-09-17T10:06:07.461+0000] {processor.py:161} INFO - Started process (PID=965) to work on /opt/airflow/dags/stoke_dag.py
[2026-09-17T10:06:07.462+0000] {processor.py:830} INFO - Processing file /opt/airflow/dags/stoke_dag.py for tasks to queue
[2026-09-17T10:06:07.464+0000] {logging_mixin.py:188} INFO - [2026-09-17T10:06:07.464+0000] {dagbag.py:545} INFO - Filling up the DagBag from /opt/airflow/dags/stoke_dag.py
[2026-09-17T10:06:07.480+0000] {processor.py:840} INFO - DAG(s) 'save_data' retrieved from /opt/airflow/dags/stoke_dag.py
[2026-09-17T10:06:07.501+0000] {logging_mixin.py:188} INFO - [2026-09-17T10:06:07.501+0000] {dag.py:3096} INFO - Sync 1 DAGs
[2026-09-17T10:06:07.511+0000] {logging_mixin.py:188} INFO - [2026-09-17T10:06:07.511+0000] {dag.py:3954} INFO - Setting next_dagrun for save_data to None, run_after=None
[2026-09-17T10:06:07.532+0000] {processor.py:183} INFO - Processing /opt/airflow/dags/stoke_dag.py took 0.077 seconds
[2026-09-17T10:06:37.845+0000] {processor.py:161} INFO - Started process (PID=974) to work on /opt/airflow/dags/stoke_dag.py
[2026-09-17T10:06:37.846+0000] {processor.py:830} INFO - Processing file /opt/airflow/dags/stoke_dag.py for tasks to queue
[2026-09-17T10:06:37.848+0000] {logging_mixin.py:188} INFO - [2026-09-17T10:06:37.848+0000] {dagbag.py:545} INFO - Filling up the DagBag from /opt/airflow/dags/stoke_dag.py
[2026-09-17T10:06:37.863+0000] {processor.py:840} INFO - DAG(s) 'save_data' retrieved from /opt/airflow/dags/stoke_dag.py
[2026-09-17T10:06:37.890+0000] {logging_mixin.py:188} INFO - [2026-09-17T10:06:37.889+0000] {dag.py:3096} INFO - Sync 1 DAGs
[2026-09-17T10:06:37.907+0000] {logging_mixin.py:188} INFO - [2026-09-17T10:06:37.907+0000] {dag.py:3954} INFO - Setting next_dagrun for save_data to None, run_after=None
[2026-09-17T10:06:37.938+0000] {processor.py:183} INFO - Processing /opt/airflow/dags/stoke_dag.py took 0.098 seconds
[2026-09-17T10:07:08.275+0000] {processor.py:161} INFO - Started process (PID=983) to work on /opt/airflow/dags/stoke_dag.py
[2026-09-17T10:07:08.277+0000] {processor.py:830} INFO - Processing file /opt/airflow/dags/stoke_dag.py for tasks to queue
[2026-09-17T10:07:08.279+0000] {logging_mixin.py:188} INFO - [2026-09-17T10:07:08.279+0000] {dagbag.py:545} INFO - Filling up the DagBag from /opt/airflow/dags/stoke_dag.py
[2026-09-17T10:07:08.297+0000] {processor.py:840} INFO - DAG(s) 'save_data' retrieved from /opt/airflow/dags/stoke_dag.py
[2026-09-17T10:07:08.319+0000] {logging_mixin.py:188} INFO - [2026-09-17T10:07:08.319+0000] {dag.py:3096} INFO - Sync 1 DAGs
[2026-09-17T10:07:08.332+0000] {logging_mixin.py:188} INFO - [2026-09-17T10:07:08.332+0000] {dag.py:3954} INFO - Setting next_dagrun for save_data to None, run_after=None
[2026-09-17T10:07:08.360+0000] {processor.py:183} INFO - Processing /opt/airflow/dags/stoke_dag.py took 0.091 seconds
[2026-09-17T10:07:38.737+0000] {processor.py:161} INFO - Started process (PID=992) to work on /opt/airflow/dags/stoke_dag.py
[2026-09-17T10:07:38.738+0000] {processor.py:830} INFO - Processing file /opt/airflow/dags/stoke_dag.py for tasks to queue
[2026-09-17T10:07:38.740+0000] {logging_mixin.py:188} INFO - [2026-09-17T10:07:38.740+0000] {dagbag.py:545} INFO - Filling up the DagBag from /opt/airflow/dags/stoke_dag.py
[2026-09-17T10:07:38.757+0000] {processor.py:840} INFO - DAG(s) 'save_data' retrieved from /opt/airflow/dags/stoke_dag.py
[2026-09-17T10:07:38.786+0000] {logging_mixin.py:188} INFO - [2026-09-17T10:07:38.786+0000] {dag.py:3096} INFO - Sync 1 DAGs
[2026-09-17T10:07:38.800+0000] {logging_mixin.py:188} INFO - [2026-09-17T10:07:38.800+0000] {dag.py:3954} INFO - Setting next_dagrun for save_data to None, run_after=None
[2026-09-17T10:07:38.830+0000] {processor.py:183} INFO - Processing /opt/airflow/dags/stoke_dag.py took 0.100 seconds
[2026-09-17T10:08:09.132+0000] {processor.py:161} INFO - Started process (PID=1001) to work on /opt/airflow/dags/stoke_dag.py
[2026-09-17T10:08:09.134+0000] {processor.py:830} INFO - Processing file /opt/airflow/dags/stoke_dag.py for tasks to queue
[2026-09-17T10:08:09.135+0000] {logging_mixin.py:188} INFO - [2026-09-17T10:08:09.135+0000] {dagbag.py:545} INFO - Filling up the DagBag from /opt/airflow/dags/stoke_dag.py
[2026-09-17T10:08:09.153+0000] {processor.py:840} INFO - DAG(s) 'save_data' retrieved from /opt/airflow/dags/stoke_dag.py
[2026-09-17T10:08:09.175+0000] {logging_mixin.py:188} INFO - [2026-09-17T10:08:09.175+0000] {dag.py:3096} INFO - Sync 1 DAGs
[2026-09-17T10:08:09.185+0000] {logging_mixin.py:188} INFO - [2026-09-17T10:08:09.185+0000] {dag.py:3954} INFO - Setting next_dagrun for save_data to None, run_after=None
[2026-09-17T10:08:09.206+0000] {processor.py:183} INFO - Processing /opt/airflow/dags/stoke_dag.py took 0.079 seconds
[2026-09-17T10:08:39.530+0000] {processor.py:161} INFO - Started process (PID=1010) to work on /opt/airflow/dags/stoke_dag.py
[2026-09-17T10:08:39.532+0000] {processor.py:830} INFO - Processing file /opt/airflow/dags/stoke_dag.py for tasks to queue
[2026-09-17T10:08:39.535+0000] {logging_mixin.py:188} INFO - [2026-09-17T10:08:39.534+0000] {dagbag.py:545} INFO - Filling up the DagBag from /opt/airflow/dags/stoke_dag.py
[2026-09-17T10:08:39.560+0000] {processor.py:840} INFO - DAG(s) 'save_data' retrieved from /opt/airflow/dags/stoke_dag.py
[2026-09-17T10:08:39.589+0000] {logging_mixin.py:188} INFO - [2026-09-17T10:08:39.589+0000] {dag.py:3096} INFO - Sync 1 DAGs
[2026-09-17T10:08:39.607+0000] {logging_mixin.py:188} INFO - [2026-09-17T10:08:39.607+0000] {dag.py:3954} INFO - Setting next_dagrun for save_data to None, run_after=None
[2026-09-17T10:08:39.637+0000] {processor.py:183} INFO - Processing /opt/airflow/dags/stoke_dag.py took 0.116 seconds
[2026-09-17T10:09:09.961+0000] {processor.py:161} INFO - Started process (PID=1019) to work on /opt/airflow/dags/stoke_dag.py
[2026-09-17T10:09:09.963+0000] {processor.py:830} INFO - Processing file /opt/airflow/dags/stoke_dag.py for tasks to queue
[2026-09-17T10:09:09.965+0000] {logging_mixin.py:188} INFO - [2026-09-17T10:09:09.964+0000] {dagbag.py:545} INFO - Filling up the DagBag from /opt/airflow/dags/stoke_dag.py
[2026-09-17T10:09:09.982+0000] {processor.py:840} INFO - DAG(s) 'save_data' retrieved from /opt/airflow/dags/stoke_dag.py
[2026-09-17T10:09:10.005+0000] {logging_mixin.py:188} INFO - [2026-09-17T10:09:10.005+0000] {dag.py:3096} INFO - Sync 1 DAGs
[2026-09-17T10:09:10.017+0000] {logging_mixin.py:188} INFO - [2026-09-17T10:09:10.017+0000] {dag.py:3954} INFO - Setting next_dagrun for save_data to None, run_after=None
[2026-09-17T10:09:10.039+0000] {processor.py:183} INFO - Processing /opt/airflow/dags/stoke_dag.py took 0.083 seconds
[2026-09-17T10:09:40.360+0000] {processor.py:161} INFO - Started process (PID=1028) to work on /opt/airflow/dags/stoke_dag.py
[2026-09-17T10:09:40.363+0000] {processor.py:830} INFO - Processing file /opt/airflow/dags/stoke_dag.py for tasks to queue
[2026-09-17T10:09:40.367+0000] {logging_mixin.py:188} INFO - [2026-09-17T10:09:40.367+0000] {dagbag.py:545} INFO - Filling up the DagBag from /opt/airflow/dags/stoke_dag.py
[2026-09-17T10:09:40.409+0000] {processor.py:840} INFO - DAG(s) 'save_data' retrieved from /opt/airflow/dags/stoke_dag.py
[2026-09-17T10:09:40.464+0000] {logging_mixin.py:188} INFO - [2026-09-17T10:09:40.463+0000] {dag.py:3096} INFO - Sync 1 DAGs
[2026-09-17T10:09:40.496+0000] {logging_mixin.py:188} INFO - [2026-09-17T10:09:40.495+0000] {dag.py:3954} INFO - Setting next_dagrun for save_data to None, run_after=None
[2026-09-17T10:09:40.534+0000] {processor.py:183} INFO - Processing /opt/airflow/dags/stoke_dag.py took 0.189 seconds
[2026-09-17T10:10:10.896+0000] {processor.py:161} INFO - Started process (PID=1037) to work on /opt/airflow/dags/stoke_dag.py
[2026-09-17T10:10:10.897+0000] {processor.py:830} INFO - Processing file /opt/airflow/dags/stoke_dag.py for tasks to queue
[2026-09-17T10:10:10.899+0000] {logging_mixin.py:188} INFO - [2026-09-17T10:10:10.899+0000] {dagbag.py:545} INFO - Filling up the DagBag from /opt/airflow/dags/stoke_dag.py
[2026-09-17T10:10:10.915+0000] {processor.py:840} INFO - DAG(s) 'save_data' retrieved from /opt/airflow/dags/stoke_dag.py
[2026-09-17T10:10:10.939+0000] {logging_mixin.py:188} INFO - [2026-09-17T10:10:10.939+0000] {dag.py:3096} INFO - Sync 1 DAGs
[2026-09-17T10:10:10.952+0000] {logging_mixin.py:188} INFO - [2026-09-17T10:10:10.952+0000] {dag.py:3954} INFO - Setting next_dagrun for save_data to None, run_after=None
[2026-09-17T10:10:10.975+0000] {processor.py:183} INFO - Processing /opt/airflow/dags/stoke_dag.py took 0.085 seconds
[2026-09-17T10:10:41.278+0000] {processor.py:161} INFO - Started process (PID=1046) to work on /opt/airflow/dags/stoke_dag.py
[2026-09-17T10:10:41.279+0000] {processor.py:830} INFO - Processing file /opt/airflow/dags/stoke_dag.py for tasks to queue
[2026-09-17T10:10:41.281+0000] {logging_mixin.py:188} INFO - [2026-09-17T10:10:41.281+0000] {dagbag.py:545} INFO - Filling up the DagBag from /opt/airflow/dags/stoke_dag.py
[2026-09-17T10:10:41.297+0000] {processor.py:840} INFO - DAG(s) 'save_data' retrieved from /opt/airflow/dags/stoke_dag.py
[2026-09-17T10:10:41.323+0000] {logging_mixin.py:188} INFO - [2026-09-17T10:10:41.323+0000] {dag.py:3096} INFO - Sync 1 DAGs
[2026-09-17T10:10:41.338+0000] {logging_mixin.py:188} INFO - [2026-09-17T10:10:41.338+0000] {dag.py:3954} INFO - Setting next_dagrun for save_data to None, run_after=None
[2026-09-17T10:10:41.361+0000] {processor.py:183} INFO - Processing /opt/airflow/dags/stoke_dag.py took 0.089 seconds
[2026-09-17T10:11:11.662+0000] {processor.py:161} INFO - Started process (PID=1055) to work on /opt/airflow/dags/stoke_dag.py
[2026-09-17T10:11:11.663+0000] {processor.py:830} INFO - Processing file /opt/airflow/dags/stoke_dag.py for tasks to queue
[2026-09-17T10:11:11.665+0000] {logging_mixin.py:188} INFO - [2026-09-17T10:11:11.665+0000] {dagbag.py:545} INFO - Filling up the DagBag from /opt/airflow/dags/stoke_dag.py
[2026-09-17T10:11:11.680+0000] {processor.py:840} INFO - DAG(s) 'save_data' retrieved from /opt/airflow/dags/stoke_dag.py
[2026-09-17T10:11:11.701+0000] {logging_mixin.py:188} INFO - [2026-09-17T10:11:11.701+0000] {dag.py:3096} INFO - Sync 1 DAGs
[2026-09-17T10:11:11.712+0000] {logging_mixin.py:188} INFO - [2026-09-17T10:11:11.712+0000] {dag.py:3954} INFO - Setting next_dagrun for save_data to None, run_after=None
[2026-09-17T10:11:11.736+0000] {processor.py:183} INFO - Processing /opt/airflow/dags/stoke_dag.py took 0.080 seconds
[2026-09-17T10:11:42.011+0000] {processor.py:161} INFO - Started process (PID=1064) to work on /opt/airflow/dags/stoke_dag.py
[2026-09-17T10:11:42.012+0000] {processor.py:830} INFO - Processing file /opt/airflow/dags/stoke_dag.py for tasks to queue
[2026-09-17T10:11:42.014+0000] {logging_mixin.py:188} INFO - [2026-09-17T10:11:42.014+0000] {dagbag.py:545} INFO - Filling up the DagBag from /opt/airflow/dags/stoke_dag.py
[2026-09-17T10:11:42.029+0000] {processor.py:840} INFO - DAG(s) 'save_data' retrieved from /opt/airflow/dags/stoke_dag.py
[2026-09-17T10:11:42.050+0000] {logging_mixin.py:188} INFO - [2026-09-17T10:11:42.050+0000] {dag.py:3096} INFO - Sync 1 DAGs
[2026-09-17T10:11:42.061+0000] {logging_mixin.py:188} INFO - [2026-09-17T10:11:42.061+0000] {dag.py:3954} INFO - Setting next_dagrun for save_data to None, run_after=None
[2026-09-17T10:11:42.083+0000] {processor.py:183} INFO - Processing /opt/airflow/dags/stoke_dag.py took 0.077 seconds
[2026-09-17T10:12:12.405+0000] {processor.py:161} INFO - Started process (PID=1073) to work on /opt/airflow/dags/stoke_dag.py
[2026-09-17T10:12:12.407+0000] {processor.py:830} INFO - Processing file /opt/airflow/dags/stoke_dag.py for tasks to queue
[2026-09-17T10:12:12.410+0000] {logging_mixin.py:188} INFO - [2026-09-17T10:12:12.410+0000] {dagbag.py:545} INFO - Filling up the DagBag from /opt/airflow/dags/stoke_dag.py
[2026-09-17T10:12:12.437+0000] {processor.py:840} INFO - DAG(s) 'save_data' retrieved from /opt/airflow/dags/stoke_dag.py
[2026-09-17T10:12:12.466+0000] {logging_mixin.py:188} INFO - [2026-09-17T10:12:12.466+0000] {dag.py:3096} INFO - Sync 1 DAGs
[2026-09-17T10:12:12.479+0000] {logging_mixin.py:188} INFO - [2026-09-17T10:12:12.479+0000] {dag.py:3954} INFO - Setting next_dagrun for save_data to None, run_after=None
[2026-09-17T10:12:12.503+0000] {processor.py:183} INFO - Processing /opt/airflow/dags/stoke_dag.py took 0.104 seconds
[2026-09-17T10:12:42.815+0000] {processor.py:161} INFO - Started process (PID=1082) to work on /opt/airflow/dags/stoke_dag.py
[2026-09-17T10:12:42.817+0000] {processor.py:830} INFO - Processing file /opt/airflow/dags/stoke_dag.py for tasks to queue
[2026-09-17T10:12:42.819+0000] {logging_mixin.py:188} INFO - [2026-09-17T10:12:42.819+0000] {dagbag.py:545} INFO - Filling up the DagBag from /opt/airflow/dags/stoke_dag.py
[2026-09-17T10:12:42.833+0000] {processor.py:840} INFO - DAG(s) 'save_data' retrieved from /opt/airflow/dags/stoke_dag.py
[2026-09-17T10:12:42.853+0000] {logging_mixin.py:188} INFO - [2026-09-17T10:12:42.853+0000] {dag.py:3096} INFO - Sync 1 DAGs
[2026-09-17T10:12:42.865+0000] {logging_mixin.py:188} INFO - [2026-09-17T10:12:42.865+0000] {dag.py:3954} INFO - Setting next_dagrun for save_data to None, run_after=None
[2026-09-17T10:12:42.887+0000] {processor.py:183} INFO - Processing /opt/airflow/dags/stoke_dag.py took 0.078 seconds
[2026-09-17T10:13:13.188+0000] {processor.py:161} INFO - Started process (PID=1091) to work on /opt/airflow/dags/stoke_dag.py
[2026-09-17T10:13:13.189+0000] {processor.py:830} INFO - Processing file /opt/airflow/dags/stoke_dag.py for tasks to queue
[2026-09-17T10:13:13.192+0000] {logging_mixin.py:188} INFO - [2026-09-17T10:13:13.191+0000] {dagbag.py:545} INFO - Filling up the DagBag from /opt/airflow/dags/stoke_dag.py
[2026-09-17T10:13:13.208+0000] {processor.py:840} INFO - DAG(s) 'save_data' retrieved from /opt/airflow/dags/stoke_dag.py
[2026-09-17T10:13:13.232+0000] {logging_mixin.py:188} INFO - [2026-09-17T10:13:13.232+0000] {dag.py:3096} INFO - Sync 1 DAGs
[2026-09-17T10:13:13.243+0000] {logging_mixin.py:188} INFO - [2026-09-17T10:13:13.243+0000] {dag.py:3954} INFO - Setting next_dagrun for save_data to None, run_after=None
[2026-09-17T10:13:13.266+0000] {processor.py:183} INFO - Processing /opt/airflow/dags/stoke_dag.py took 0.085 seconds
[2026-09-17T10:13:43.593+0000] {processor.py:161} INFO - Started process (PID=1100) to work on /opt/airflow/dags/stoke_dag.py
[2026-09-17T10:13:43.595+0000] {processor.py:830} INFO - Processing file /opt/airflow/dags/stoke_dag.py for tasks to queue
[2026-09-17T10:13:43.597+0000] {logging_mixin.py:188} INFO - [2026-09-17T10:13:43.597+0000] {dagbag.py:545} INFO - Filling up the DagBag from /opt/airflow/dags/stoke_dag.py
[2026-09-17T10:13:43.612+0000] {processor.py:840} INFO - DAG(s) 'save_data' retrieved from /opt/airflow/dags/stoke_dag.py
[2026-09-17T10:13:43.633+0000] {logging_mixin.py:188} INFO - [2026-09-17T10:13:43.632+0000] {dag.py:3096} INFO - Sync 1 DAGs
[2026-09-17T10:13:43.644+0000] {logging_mixin.py:188} INFO - [2026-09-17T10:13:43.644+0000] {dag.py:3954} INFO - Setting next_dagrun for save_data to None, run_after=None
[2026-09-17T10:13:43.665+0000] {processor.py:183} INFO - Processing /opt/airflow/dags/stoke_dag.py took 0.078 seconds
[2026-09-17T10:14:13.805+0000] {processor.py:161} INFO - Started process (PID=1109) to work on /opt/airflow/dags/stoke_dag.py
[2026-09-17T10:14:13.806+0000] {processor.py:830} INFO - Processing file /opt/airflow/dags/stoke_dag.py for tasks to queue
[2026-09-17T10:14:13.808+0000] {logging_mixin.py:188} INFO - [2026-09-17T10:14:13.808+0000] {dagbag.py:545} INFO - Filling up the DagBag from /opt/airflow/dags/stoke_dag.py
[2026-09-17T10:14:13.823+0000] {processor.py:840} INFO - DAG(s) 'save_data' retrieved from /opt/airflow/dags/stoke_dag.py
[2026-09-17T10:14:13.842+0000] {logging_mixin.py:188} INFO - [2026-09-17T10:14:13.842+0000] {dag.py:3096} INFO - Sync 1 DAGs
[2026-09-17T10:14:13.853+0000] {logging_mixin.py:188} INFO - [2026-09-17T10:14:13.852+0000] {dag.py:3954} INFO - Setting next_dagrun for save_data to None, run_after=None
[2026-09-17T10:14:13.874+0000] {processor.py:183} INFO - Processing /opt/airflow/dags/stoke_dag.py took 0.075 seconds
[2026-09-17T10:14:44.195+0000] {processor.py:161} INFO - Started process (PID=1118) to work on /opt/airflow/dags/stoke_dag.py
[2026-09-17T10:14:44.201+0000] {processor.py:830} INFO - Processing file /opt/airflow/dags/stoke_dag.py for tasks to queue
[2026-09-17T10:14:44.209+0000] {logging_mixin.py:188} INFO - [2026-09-17T10:14:44.208+0000] {dagbag.py:545} INFO - Filling up the DagBag from /opt/airflow/dags/stoke_dag.py
[2026-09-17T10:14:44.255+0000] {processor.py:840} INFO - DAG(s) 'save_data' retrieved from /opt/airflow/dags/stoke_dag.py
[2026-09-17T10:14:44.290+0000] {logging_mixin.py:188} INFO - [2026-09-17T10:14:44.290+0000] {dag.py:3096} INFO - Sync 1 DAGs
[2026-09-17T10:14:44.305+0000] {logging_mixin.py:188} INFO - [2026-09-17T10:14:44.304+0000] {dag.py:3954} INFO - Setting next_dagrun for save_data to None, run_after=None
[2026-09-17T10:14:44.329+0000] {processor.py:183} INFO - Processing /opt/airflow/dags/stoke_dag.py took 0.150 seconds
[2026-09-17T10:15:14.645+0000] {processor.py:161} INFO - Started process (PID=1127) to work on /opt/airflow/dags/stoke_dag.py
[2026-09-17T10:15:14.646+0000] {processor.py:830} INFO - Processing file /opt/airflow/dags/stoke_dag.py for tasks to queue
[2026-09-17T10:15:14.648+0000] {logging_mixin.py:188} INFO - [2026-09-17T10:15:14.648+0000] {dagbag.py:545} INFO - Filling up the DagBag from /opt/airflow/dags/stoke_dag.py
[2026-09-17T10:15:14.665+0000] {processor.py:840} INFO - DAG(s) 'save_data' retrieved from /opt/airflow/dags/stoke_dag.py
[2026-09-17T10:15:14.690+0000] {logging_mixin.py:188} INFO - [2026-09-17T10:15:14.690+0000] {dag.py:3096} INFO - Sync 1 DAGs
[2026-09-17T10:15:14.701+0000] {logging_mixin.py:188} INFO - [2026-09-17T10:15:14.701+0000] {dag.py:3954} INFO - Setting next_dagrun for save_data to None, run_after=None
[2026-09-17T10:15:14.724+0000] {processor.py:183} INFO - Processing /opt/airflow/dags/stoke_dag.py took 0.085 seconds
[2026-09-17T10:15:45.020+0000] {processor.py:161} INFO - Started process (PID=1136) to work on /opt/airflow/dags/stoke_dag.py
[2026-09-17T10:15:45.021+0000] {processor.py:830} INFO - Processing file /opt/airflow/dags/stoke_dag.py for tasks to queue
[2026-09-17T10:15:45.023+0000] {logging_mixin.py:188} INFO - [2026-09-17T10:15:45.023+0000] {dagbag.py:545} INFO - Filling up the DagBag from /opt/airflow/dags/stoke_dag.py
[2026-09-17T10:15:45.043+0000] {processor.py:840} INFO - DAG(s) 'save_data' retrieved from /opt/airflow/dags/stoke_dag.py
[2026-09-17T10:15:45.063+0000] {logging_mixin.py:188} INFO - [2026-09-17T10:15:45.063+0000] {dag.py:3096} INFO - Sync 1 DAGs
[2026-09-17T10:15:45.075+0000] {logging_mixin.py:188} INFO - [2026-09-17T10:15:45.075+0000] {dag.py:3954} INFO - Setting next_dagrun for save_data to None, run_after=None
[2026-09-17T10:15:45.096+0000] {processor.py:183} INFO - Processing /opt/airflow/dags/stoke_dag.py took 0.083 seconds
[2026-09-17T10:16:15.397+0000] {processor.py:161} INFO - Started process (PID=1145) to work on /opt/airflow/dags/stoke_dag.py
[2026-09-17T10:16:15.398+0000] {processor.py:830} INFO - Processing file /opt/airflow/dags/stoke_dag.py for tasks to queue
[2026-09-17T10:16:15.400+0000] {logging_mixin.py:188} INFO - [2026-09-17T10:16:15.400+0000] {dagbag.py:545} INFO - Filling up the DagBag from /opt/airflow/dags/stoke_dag.py
[2026-09-17T10:16:15.418+0000] {processor.py:840} INFO - DAG(s) 'save_data' retrieved from /opt/airflow/dags/stoke_dag.py
[2026-09-17T10:16:15.437+0000] {logging_mixin.py:188} INFO - [2026-09-17T10:16:15.437+0000] {dag.py:3096} INFO - Sync 1 DAGs
[2026-09-17T10:16:15.448+0000] {logging_mixin.py:188} INFO - [2026-09-17T10:16:15.448+0000] {dag.py:3954} INFO - Setting next_dagrun for save_data to None, run_after=None
[2026-09-17T10:16:15.471+0000] {processor.py:183} INFO - Processing /opt/airflow/dags/stoke_dag.py took 0.082 seconds
[2026-09-17T10:16:45.803+0000] {processor.py:161} INFO - Started process (PID=1154) to work on /opt/airflow/dags/stoke_dag.py
[2026-09-17T10:16:45.805+0000] {processor.py:830} INFO - Processing file /opt/airflow/dags/stoke_dag.py for tasks to queue
[2026-09-17T10:16:45.808+0000] {logging_mixin.py:188} INFO - [2026-09-17T10:16:45.807+0000] {dagbag.py:545} INFO - Filling up the DagBag from /opt/airflow/dags/stoke_dag.py
[2026-09-17T10:16:45.839+0000] {processor.py:840} INFO - DAG(s) 'save_data' retrieved from /opt/airflow/dags/stoke_dag.py
[2026-09-17T10:16:45.867+0000] {logging_mixin.py:188} INFO - [2026-09-17T10:16:45.866+0000] {dag.py:3096} INFO - Sync 1 DAGs
[2026-09-17T10:16:45.888+0000] {logging_mixin.py:188} INFO - [2026-09-17T10:16:45.887+0000] {dag.py:3954} INFO - Setting next_dagrun for save_data to None, run_after=None
[2026-09-17T10:16:45.918+0000] {processor.py:183} INFO - Processing /opt/airflow/dags/stoke_dag.py took 0.127 seconds
[2026-09-17T10:17:16.300+0000] {processor.py:161} INFO - Started process (PID=1163) to work on /opt/airflow/dags/stoke_dag.py
[2026-09-17T10:17:16.303+0000] {processor.py:830} INFO - Processing file /opt/airflow/dags/stoke_dag.py for tasks to queue
[2026-09-17T10:17:16.307+0000] {logging_mixin.py:188} INFO - [2026-09-17T10:17:16.307+0000] {dagbag.py:545} INFO - Filling up the DagBag from /opt/airflow/dags/stoke_dag.py
[2026-09-17T10:17:16.335+0000] {processor.py:840} INFO - DAG(s) 'save_data' retrieved from /opt/airflow/dags/stoke_dag.py
[2026-09-17T10:17:16.387+0000] {logging_mixin.py:188} INFO - [2026-09-17T10:17:16.387+0000] {dag.py:3096} INFO - Sync 1 DAGs
[2026-09-17T10:17:16.430+0000] {logging_mixin.py:188} INFO - [2026-09-17T10:17:16.429+0000] {dag.py:3954} INFO - Setting next_dagrun for save_data to None, run_after=None
[2026-09-17T10:17:16.497+0000] {processor.py:183} INFO - Processing /opt/airflow/dags/stoke_dag.py took 0.209 seconds
[2026-09-17T10:17:46.764+0000] {processor.py:161} INFO - Started process (PID=1172) to work on /opt/airflow/dags/stoke_dag.py
[2026-09-17T10:17:46.767+0000] {processor.py:830} INFO - Processing file /opt/airflow/dags/stoke_dag.py for tasks to queue
[2026-09-17T10:17:46.777+0000] {logging_mixin.py:188} INFO - [2026-09-17T10:17:46.774+0000] {dagbag.py:545} INFO - Filling up the DagBag from /opt/airflow/dags/stoke_dag.py
[2026-09-17T10:17:46.837+0000] {processor.py:840} INFO - DAG(s) 'save_data' retrieved from /opt/airflow/dags/stoke_dag.py
[2026-09-17T10:17:46.887+0000] {logging_mixin.py:188} INFO - [2026-09-17T10:17:46.886+0000] {dag.py:3096} INFO - Sync 1 DAGs
[2026-09-17T10:17:46.909+0000] {logging_mixin.py:188} INFO - [2026-09-17T10:17:46.909+0000] {dag.py:3954} INFO - Setting next_dagrun for save_data to None, run_after=None
[2026-09-17T10:17:46.952+0000] {processor.py:183} INFO - Processing /opt/airflow/dags/stoke_dag.py took 0.216 seconds
[2026-09-17T10:18:17.166+0000] {processor.py:161} INFO - Started process (PID=1179) to work on /opt/airflow/dags/stoke_dag.py
[2026-09-17T10:18:17.167+0000] {processor.py:830} INFO - Processing file /opt/airflow/dags/stoke_dag.py for tasks to queue
[2026-09-17T10:18:17.172+0000] {logging_mixin.py:188} INFO - [2026-09-17T10:18:17.171+0000] {dagbag.py:545} INFO - Filling up the DagBag from /opt/airflow/dags/stoke_dag.py
[2026-09-17T10:18:17.199+0000] {processor.py:840} INFO - DAG(s) 'save_data' retrieved from /opt/airflow/dags/stoke_dag.py
[2026-09-17T10:18:17.237+0000] {logging_mixin.py:188} INFO - [2026-09-17T10:18:17.236+0000] {dag.py:3096} INFO - Sync 1 DAGs
[2026-09-17T10:18:17.260+0000] {logging_mixin.py:188} INFO - [2026-09-17T10:18:17.259+0000] {dag.py:3954} INFO - Setting next_dagrun for save_data to None, run_after=None
[2026-09-17T10:18:17.304+0000] {processor.py:183} INFO - Processing /opt/airflow/dags/stoke_dag.py took 0.149 seconds
[2026-09-17T10:18:47.622+0000] {processor.py:161} INFO - Started process (PID=1188) to work on /opt/airflow/dags/stoke_dag.py
[2026-09-17T10:18:47.624+0000] {processor.py:830} INFO - Processing file /opt/airflow/dags/stoke_dag.py for tasks to queue
[2026-09-17T10:18:47.627+0000] {logging_mixin.py:188} INFO - [2026-09-17T10:18:47.626+0000] {dagbag.py:545} INFO - Filling up the DagBag from /opt/airflow/dags/stoke_dag.py
[2026-09-17T10:18:47.644+0000] {processor.py:840} INFO - DAG(s) 'save_data' retrieved from /opt/airflow/dags/stoke_dag.py
[2026-09-17T10:18:47.667+0000] {logging_mixin.py:188} INFO - [2026-09-17T10:18:47.667+0000] {dag.py:3096} INFO - Sync 1 DAGs
[2026-09-17T10:18:47.680+0000] {logging_mixin.py:188} INFO - [2026-09-17T10:18:47.680+0000] {dag.py:3954} INFO - Setting next_dagrun for save_data to None, run_after=None
[2026-09-17T10:18:47.704+0000] {processor.py:183} INFO - Processing /opt/airflow/dags/stoke_dag.py took 0.089 seconds
[2026-09-17T10:19:17.972+0000] {processor.py:161} INFO - Started process (PID=1197) to work on /opt/airflow/dags/stoke_dag.py
[2026-09-17T10:19:17.973+0000] {processor.py:830} INFO - Processing file /opt/airflow/dags/stoke_dag.py for tasks to queue
[2026-09-17T10:19:17.975+0000] {logging_mixin.py:188} INFO - [2026-09-17T10:19:17.975+0000] {dagbag.py:545} INFO - Filling up the DagBag from /opt/airflow/dags/stoke_dag.py
[2026-09-17T10:19:18.003+0000] {processor.py:840} INFO - DAG(s) 'save_data' retrieved from /opt/airflow/dags/stoke_dag.py
[2026-09-17T10:19:18.031+0000] {logging_mixin.py:188} INFO - [2026-09-17T10:19:18.031+0000] {dag.py:3096} INFO - Sync 1 DAGs
[2026-09-17T10:19:18.047+0000] {logging_mixin.py:188} INFO - [2026-09-17T10:19:18.046+0000] {dag.py:3954} INFO - Setting next_dagrun for save_data to None, run_after=None
[2026-09-17T10:19:18.072+0000] {processor.py:183} INFO - Processing /opt/airflow/dags/stoke_dag.py took 0.109 seconds
[2026-09-17T10:19:48.475+0000] {processor.py:161} INFO - Started process (PID=1206) to work on /opt/airflow/dags/stoke_dag.py
[2026-09-17T10:19:48.488+0000] {processor.py:830} INFO - Processing file /opt/airflow/dags/stoke_dag.py for tasks to queue
[2026-09-17T10:19:48.493+0000] {logging_mixin.py:188} INFO - [2026-09-17T10:19:48.492+0000] {dagbag.py:545} INFO - Filling up the DagBag from /opt/airflow/dags/stoke_dag.py
[2026-09-17T10:19:48.563+0000] {processor.py:840} INFO - DAG(s) 'save_data' retrieved from /opt/airflow/dags/stoke_dag.py
[2026-09-17T10:19:48.630+0000] {logging_mixin.py:188} INFO - [2026-09-17T10:19:48.629+0000] {dag.py:3096} INFO - Sync 1 DAGs
[2026-09-17T10:19:48.659+0000] {logging_mixin.py:188} INFO - [2026-09-17T10:19:48.658+0000] {dag.py:3954} INFO - Setting next_dagrun for save_data to None, run_after=None
[2026-09-17T10:19:48.717+0000] {processor.py:183} INFO - Processing /opt/airflow/dags/stoke_dag.py took 0.272 seconds
[2026-09-17T10:20:19.012+0000] {processor.py:161} INFO - Started process (PID=1215) to work on /opt/airflow/dags/stoke_dag.py
[2026-09-17T10:20:19.013+0000] {processor.py:830} INFO - Processing file /opt/airflow/dags/stoke_dag.py for tasks to queue
[2026-09-17T10:20:19.015+0000] {logging_mixin.py:188} INFO - [2026-09-17T10:20:19.015+0000] {dagbag.py:545} INFO - Filling up the DagBag from /opt/airflow/dags/stoke_dag.py
[2026-09-17T10:20:19.033+0000] {processor.py:840} INFO - DAG(s) 'save_data' retrieved from /opt/airflow/dags/stoke_dag.py
[2026-09-17T10:20:19.055+0000] {logging_mixin.py:188} INFO - [2026-09-17T10:20:19.055+0000] {dag.py:3096} INFO - Sync 1 DAGs
[2026-09-17T10:20:19.068+0000] {logging_mixin.py:188} INFO - [2026-09-17T10:20:19.068+0000] {dag.py:3954} INFO - Setting next_dagrun for save_data to None, run_after=None
[2026-09-17T10:20:19.091+0000] {processor.py:183} INFO - Processing /opt/airflow/dags/stoke_dag.py took 0.085 seconds
[2026-09-17T10:20:49.348+0000] {processor.py:161} INFO - Started process (PID=1224) to work on /opt/airflow/dags/stoke_dag.py
[2026-09-17T10:20:49.349+0000] {processor.py:830} INFO - Processing file /opt/airflow/dags/stoke_dag.py for tasks to queue
[2026-09-17T10:20:49.351+0000] {logging_mixin.py:188} INFO - [2026-09-17T10:20:49.351+0000] {dagbag.py:545} INFO - Filling up the DagBag from /opt/airflow/dags/stoke_dag.py
[2026-09-17T10:20:49.367+0000] {processor.py:840} INFO - DAG(s) 'save_data' retrieved from /opt/airflow/dags/stoke_dag.py
[2026-09-17T10:20:49.392+0000] {logging_mixin.py:188} INFO - [2026-09-17T10:20:49.391+0000] {dag.py:3096} INFO - Sync 1 DAGs
[2026-09-17T10:20:49.405+0000] {logging_mixin.py:188} INFO - [2026-09-17T10:20:49.405+0000] {dag.py:3954} INFO - Setting next_dagrun for save_data to None, run_after=None
[2026-09-17T10:20:49.427+0000] {processor.py:183} INFO - Processing /opt/airflow/dags/stoke_dag.py took 0.086 seconds
[2026-09-17T10:21:20.938+0000] {processor.py:161} INFO - Started process (PID=1233) to work on /opt/airflow/dags/stoke_dag.py
[2026-09-17T10:21:20.940+0000] {processor.py:830} INFO - Processing file /opt/airflow/dags/stoke_dag.py for tasks to queue
[2026-09-17T10:21:20.949+0000] {logging_mixin.py:188} INFO - [2026-09-17T10:21:20.945+0000] {dagbag.py:545} INFO - Filling up the DagBag from /opt/airflow/dags/stoke_dag.py
[2026-09-17T10:21:21.133+0000] {processor.py:840} INFO - DAG(s) 'save_data' retrieved from /opt/airflow/dags/stoke_dag.py
[2026-09-17T10:21:21.194+0000] {logging_mixin.py:188} INFO - [2026-09-17T10:21:21.193+0000] {dag.py:3096} INFO - Sync 1 DAGs
[2026-09-17T10:21:21.234+0000] {logging_mixin.py:188} INFO - [2026-09-17T10:21:21.233+0000] {dag.py:3954} INFO - Setting next_dagrun for save_data to None, run_after=None
[2026-09-17T10:21:21.293+0000] {processor.py:183} INFO - Processing /opt/airflow/dags/stoke_dag.py took 0.373 seconds
[2026-09-17T10:21:51.543+0000] {processor.py:161} INFO - Started process (PID=1242) to work on /opt/airflow/dags/stoke_dag.py
[2026-09-17T10:21:51.544+0000] {processor.py:830} INFO - Processing file /opt/airflow/dags/stoke_dag.py for tasks to queue
[2026-09-17T10:21:51.546+0000] {logging_mixin.py:188} INFO - [2026-09-17T10:21:51.546+0000] {dagbag.py:545} INFO - Filling up the DagBag from /opt/airflow/dags/stoke_dag.py
[2026-09-17T10:21:51.572+0000] {processor.py:840} INFO - DAG(s) 'save_data' retrieved from /opt/airflow/dags/stoke_dag.py
[2026-09-17T10:21:51.604+0000] {logging_mixin.py:188} INFO - [2026-09-17T10:21:51.603+0000] {dag.py:3096} INFO - Sync 1 DAGs
[2026-09-17T10:21:51.620+0000] {logging_mixin.py:188} INFO - [2026-09-17T10:21:51.619+0000] {dag.py:3954} INFO - Setting next_dagrun for save_data to None, run_after=None
[2026-09-17T10:21:51.645+0000] {processor.py:183} INFO - Processing /opt/airflow/dags/stoke_dag.py took 0.112 seconds
[2026-09-17T10:22:21.931+0000] {processor.py:161} INFO - Started process (PID=1251) to work on /opt/airflow/dags/stoke_dag.py
[2026-09-17T10:22:21.932+0000] {processor.py:830} INFO - Processing file /opt/airflow/dags/stoke_dag.py for tasks to queue
[2026-09-17T10:22:21.935+0000] {logging_mixin.py:188} INFO - [2026-09-17T10:22:21.935+0000] {dagbag.py:545} INFO - Filling up the DagBag from /opt/airflow/dags/stoke_dag.py
[2026-09-17T10:22:21.966+0000] {processor.py:840} INFO - DAG(s) 'save_data' retrieved from /opt/airflow/dags/stoke_dag.py
[2026-09-17T10:22:21.999+0000] {logging_mixin.py:188} INFO - [2026-09-17T10:22:21.998+0000] {dag.py:3096} INFO - Sync 1 DAGs
[2026-09-17T10:22:22.014+0000] {logging_mixin.py:188} INFO - [2026-09-17T10:22:22.014+0000] {dag.py:3954} INFO - Setting next_dagrun for save_data to None, run_after=None
[2026-09-17T10:22:22.039+0000] {processor.py:183} INFO - Processing /opt/airflow/dags/stoke_dag.py took 0.118 seconds
[2026-09-17T10:22:52.308+0000] {processor.py:161} INFO - Started process (PID=1260) to work on /opt/airflow/dags/stoke_dag.py
[2026-09-17T10:22:52.317+0000] {processor.py:830} INFO - Processing file /opt/airflow/dags/stoke_dag.py for tasks to queue
[2026-09-17T10:22:52.321+0000] {logging_mixin.py:188} INFO - [2026-09-17T10:22:52.320+0000] {dagbag.py:545} INFO - Filling up the DagBag from /opt/airflow/dags/stoke_dag.py
[2026-09-17T10:22:52.356+0000] {processor.py:840} INFO - DAG(s) 'save_data' retrieved from /opt/airflow/dags/stoke_dag.py
[2026-09-17T10:22:52.401+0000] {logging_mixin.py:188} INFO - [2026-09-17T10:22:52.400+0000] {dag.py:3096} INFO - Sync 1 DAGs
[2026-09-17T10:22:52.420+0000] {logging_mixin.py:188} INFO - [2026-09-17T10:22:52.420+0000] {dag.py:3954} INFO - Setting next_dagrun for save_data to None, run_after=None
[2026-09-17T10:22:52.450+0000] {processor.py:183} INFO - Processing /opt/airflow/dags/stoke_dag.py took 0.153 seconds
[2026-09-17T10:23:22.720+0000] {processor.py:161} INFO - Started process (PID=1269) to work on /opt/airflow/dags/stoke_dag.py
[2026-09-17T10:23:22.721+0000] {processor.py:830} INFO - Processing file /opt/airflow/dags/stoke_dag.py for tasks to queue
[2026-09-17T10:23:22.723+0000] {logging_mixin.py:188} INFO - [2026-09-17T10:23:22.723+0000] {dagbag.py:545} INFO - Filling up the DagBag from /opt/airflow/dags/stoke_dag.py
[2026-09-17T10:23:22.743+0000] {processor.py:840} INFO - DAG(s) 'save_data' retrieved from /opt/airflow/dags/stoke_dag.py
[2026-09-17T10:23:22.767+0000] {logging_mixin.py:188} INFO - [2026-09-17T10:23:22.767+0000] {dag.py:3096} INFO - Sync 1 DAGs
[2026-09-17T10:23:22.786+0000] {logging_mixin.py:188} INFO - [2026-09-17T10:23:22.786+0000] {dag.py:3954} INFO - Setting next_dagrun for save_data to None, run_after=None
[2026-09-17T10:23:22.811+0000] {processor.py:183} INFO - Processing /opt/airflow/dags/stoke_dag.py took 0.097 seconds
[2026-09-17T10:23:53.100+0000] {processor.py:161} INFO - Started process (PID=1278) to work on /opt/airflow/dags/stoke_dag.py
[2026-09-17T10:23:53.102+0000] {processor.py:830} INFO - Processing file /opt/airflow/dags/stoke_dag.py for tasks to queue
[2026-09-17T10:23:53.105+0000] {logging_mixin.py:188} INFO - [2026-09-17T10:23:53.104+0000] {dagbag.py:545} INFO - Filling up the DagBag from /opt/airflow/dags/stoke_dag.py
[2026-09-17T10:23:53.124+0000] {processor.py:840} INFO - DAG(s) 'save_data' retrieved from /opt/airflow/dags/stoke_dag.py
[2026-09-17T10:23:53.147+0000] {logging_mixin.py:188} INFO - [2026-09-17T10:23:53.147+0000] {dag.py:3096} INFO - Sync 1 DAGs
[2026-09-17T10:23:53.161+0000] {logging_mixin.py:188} INFO - [2026-09-17T10:23:53.161+0000] {dag.py:3954} INFO - Setting next_dagrun for save_data to None, run_after=None
[2026-09-17T10:23:53.183+0000] {processor.py:183} INFO - Processing /opt/airflow/dags/stoke_dag.py took 0.090 seconds
[2026-09-17T10:24:23.457+0000] {processor.py:161} INFO - Started process (PID=1287) to work on /opt/airflow/dags/stoke_dag.py
[2026-09-17T10:24:23.458+0000] {processor.py:830} INFO - Processing file /opt/airflow/dags/stoke_dag.py for tasks to queue
[2026-09-17T10:24:23.460+0000] {logging_mixin.py:188} INFO - [2026-09-17T10:24:23.460+0000] {dagbag.py:545} INFO - Filling up the DagBag from /opt/airflow/dags/stoke_dag.py
[2026-09-17T10:24:23.488+0000] {processor.py:840} INFO - DAG(s) 'save_data' retrieved from /opt/airflow/dags/stoke_dag.py
[2026-09-17T10:24:23.534+0000] {logging_mixin.py:188} INFO - [2026-09-17T10:24:23.534+0000] {dag.py:3096} INFO - Sync 1 DAGs
[2026-09-17T10:24:23.553+0000] {logging_mixin.py:188} INFO - [2026-09-17T10:24:23.553+0000] {dag.py:3954} INFO - Setting next_dagrun for save_data to None, run_after=None
[2026-09-17T10:24:23.585+0000] {processor.py:183} INFO - Processing /opt/airflow/dags/stoke_dag.py took 0.135 seconds
[2026-09-17T10:24:53.877+0000] {processor.py:161} INFO - Started process (PID=1296) to work on /opt/airflow/dags/stoke_dag.py
[2026-09-17T10:24:53.878+0000] {processor.py:830} INFO - Processing file /opt/airflow/dags/stoke_dag.py for tasks to queue
[2026-09-17T10:24:53.880+0000] {logging_mixin.py:188} INFO - [2026-09-17T10:24:53.880+0000] {dagbag.py:545} INFO - Filling up the DagBag from /opt/airflow/dags/stoke_dag.py
[2026-09-17T10:24:53.902+0000] {processor.py:840} INFO - DAG(s) 'save_data' retrieved from /opt/airflow/dags/stoke_dag.py
[2026-09-17T10:24:53.925+0000] {logging_mixin.py:188} INFO - [2026-09-17T10:24:53.924+0000] {dag.py:3096} INFO - Sync 1 DAGs
[2026-09-17T10:24:53.936+0000] {logging_mixin.py:188} INFO - [2026-09-17T10:24:53.936+0000] {dag.py:3954} INFO - Setting next_dagrun for save_data to None, run_after=None
[2026-09-17T10:24:53.958+0000] {processor.py:183} INFO - Processing /opt/airflow/dags/stoke_dag.py took 0.087 seconds
[2026-09-17T10:25:24.253+0000] {processor.py:161} INFO - Started process (PID=1305) to work on /opt/airflow/dags/stoke_dag.py
[2026-09-17T10:25:24.256+0000] {processor.py:830} INFO - Processing file /opt/airflow/dags/stoke_dag.py for tasks to queue
[2026-09-17T10:25:24.260+0000] {logging_mixin.py:188} INFO - [2026-09-17T10:25:24.259+0000] {dagbag.py:545} INFO - Filling up the DagBag from /opt/airflow/dags/stoke_dag.py
[2026-09-17T10:25:24.290+0000] {processor.py:840} INFO - DAG(s) 'save_data' retrieved from /opt/airflow/dags/stoke_dag.py
[2026-09-17T10:25:24.319+0000] {logging_mixin.py:188} INFO - [2026-09-17T10:25:24.318+0000] {dag.py:3096} INFO - Sync 1 DAGs
[2026-09-17T10:25:24.332+0000] {logging_mixin.py:188} INFO - [2026-09-17T10:25:24.331+0000] {dag.py:3954} INFO - Setting next_dagrun for save_data to None, run_after=None
[2026-09-17T10:25:24.361+0000] {processor.py:183} INFO - Processing /opt/airflow/dags/stoke_dag.py took 0.118 seconds
[2026-09-17T10:25:54.453+0000] {processor.py:161} INFO - Started process (PID=1314) to work on /opt/airflow/dags/stoke_dag.py
[2026-09-17T10:25:54.455+0000] {processor.py:830} INFO - Processing file /opt/airflow/dags/stoke_dag.py for tasks to queue
[2026-09-17T10:25:54.457+0000] {logging_mixin.py:188} INFO - [2026-09-17T10:25:54.457+0000] {dagbag.py:545} INFO - Filling up the DagBag from /opt/airflow/dags/stoke_dag.py
[2026-09-17T10:25:54.503+0000] {processor.py:840} INFO - DAG(s) 'save_data' retrieved from /opt/airflow/dags/stoke_dag.py
[2026-09-17T10:25:54.572+0000] {logging_mixin.py:188} INFO - [2026-09-17T10:25:54.572+0000] {dag.py:3096} INFO - Sync 1 DAGs
[2026-09-17T10:25:54.613+0000] {logging_mixin.py:188} INFO - [2026-09-17T10:25:54.612+0000] {dag.py:3954} INFO - Setting next_dagrun for save_data to None, run_after=None
[2026-09-17T10:25:54.669+0000] {processor.py:183} INFO - Processing /opt/airflow/dags/stoke_dag.py took 0.225 seconds
[2026-09-17T10:26:25.000+0000] {processor.py:161} INFO - Started process (PID=1323) to work on /opt/airflow/dags/stoke_dag.py
[2026-09-17T10:26:25.002+0000] {processor.py:830} INFO - Processing file /opt/airflow/dags/stoke_dag.py for tasks to queue
[2026-09-17T10:26:25.005+0000] {logging_mixin.py:188} INFO - [2026-09-17T10:26:25.004+0000] {dagbag.py:545} INFO - Filling up the DagBag from /opt/airflow/dags/stoke_dag.py
[2026-09-17T10:26:25.032+0000] {processor.py:840} INFO - DAG(s) 'save_data' retrieved from /opt/airflow/dags/stoke_dag.py
[2026-09-17T10:26:25.058+0000] {logging_mixin.py:188} INFO - [2026-09-17T10:26:25.058+0000] {dag.py:3096} INFO - Sync 1 DAGs
[2026-09-17T10:26:25.075+0000] {logging_mixin.py:188} INFO - [2026-09-17T10:26:25.075+0000] {dag.py:3954} INFO - Setting next_dagrun for save_data to None, run_after=None
[2026-09-17T10:26:25.101+0000] {processor.py:183} INFO - Processing /opt/airflow/dags/stoke_dag.py took 0.111 seconds
[2026-09-17T10:26:55.378+0000] {processor.py:161} INFO - Started process (PID=1332) to work on /opt/airflow/dags/stoke_dag.py
[2026-09-17T10:26:55.380+0000] {processor.py:830} INFO - Processing file /opt/airflow/dags/stoke_dag.py for tasks to queue
[2026-09-17T10:26:55.383+0000] {logging_mixin.py:188} INFO - [2026-09-17T10:26:55.383+0000] {dagbag.py:545} INFO - Filling up the DagBag from /opt/airflow/dags/stoke_dag.py
[2026-09-17T10:26:55.413+0000] {processor.py:840} INFO - DAG(s) 'save_data' retrieved from /opt/airflow/dags/stoke_dag.py
[2026-09-17T10:26:55.444+0000] {logging_mixin.py:188} INFO - [2026-09-17T10:26:55.444+0000] {dag.py:3096} INFO - Sync 1 DAGs
[2026-09-17T10:26:55.460+0000] {logging_mixin.py:188} INFO - [2026-09-17T10:26:55.460+0000] {dag.py:3954} INFO - Setting next_dagrun for save_data to None, run_after=None
[2026-09-17T10:26:55.493+0000] {processor.py:183} INFO - Processing /opt/airflow/dags/stoke_dag.py took 0.127 seconds
[2026-09-17T10:27:25.764+0000] {processor.py:161} INFO - Started process (PID=1341) to work on /opt/airflow/dags/stoke_dag.py
[2026-09-17T10:27:25.766+0000] {processor.py:830} INFO - Processing file /opt/airflow/dags/stoke_dag.py for tasks to queue
[2026-09-17T10:27:25.769+0000] {logging_mixin.py:188} INFO - [2026-09-17T10:27:25.768+0000] {dagbag.py:545} INFO - Filling up the DagBag from /opt/airflow/dags/stoke_dag.py
[2026-09-17T10:27:25.794+0000] {processor.py:840} INFO - DAG(s) 'save_data' retrieved from /opt/airflow/dags/stoke_dag.py
[2026-09-17T10:27:25.837+0000] {logging_mixin.py:188} INFO - [2026-09-17T10:27:25.837+0000] {dag.py:3096} INFO - Sync 1 DAGs
[2026-09-17T10:27:25.854+0000] {logging_mixin.py:188} INFO - [2026-09-17T10:27:25.854+0000] {dag.py:3954} INFO - Setting next_dagrun for save_data to None, run_after=None
[2026-09-17T10:27:25.893+0000] {processor.py:183} INFO - Processing /opt/airflow/dags/stoke_dag.py took 0.138 seconds
[2026-09-17T10:27:56.111+0000] {processor.py:161} INFO - Started process (PID=1350) to work on /opt/airflow/dags/stoke_dag.py
[2026-09-17T10:27:56.113+0000] {processor.py:830} INFO - Processing file /opt/airflow/dags/stoke_dag.py for tasks to queue
[2026-09-17T10:27:56.116+0000] {logging_mixin.py:188} INFO - [2026-09-17T10:27:56.115+0000] {dagbag.py:545} INFO - Filling up the DagBag from /opt/airflow/dags/stoke_dag.py
[2026-09-17T10:27:56.135+0000] {processor.py:840} INFO - DAG(s) 'save_data' retrieved from /opt/airflow/dags/stoke_dag.py
[2026-09-17T10:27:56.162+0000] {logging_mixin.py:188} INFO - [2026-09-17T10:27:56.162+0000] {dag.py:3096} INFO - Sync 1 DAGs
[2026-09-17T10:27:56.175+0000] {logging_mixin.py:188} INFO - [2026-09-17T10:27:56.175+0000] {dag.py:3954} INFO - Setting next_dagrun for save_data to None, run_after=None
[2026-09-17T10:27:56.202+0000] {processor.py:183} INFO - Processing /opt/airflow/dags/stoke_dag.py took 0.100 seconds
[2026-09-17T10:28:26.566+0000] {processor.py:161} INFO - Started process (PID=1359) to work on /opt/airflow/dags/stoke_dag.py
[2026-09-17T10:28:26.569+0000] {processor.py:830} INFO - Processing file /opt/airflow/dags/stoke_dag.py for tasks to queue
[2026-09-17T10:28:26.573+0000] {logging_mixin.py:188} INFO - [2026-09-17T10:28:26.572+0000] {dagbag.py:545} INFO - Filling up the DagBag from /opt/airflow/dags/stoke_dag.py
[2026-09-17T10:28:26.618+0000] {processor.py:840} INFO - DAG(s) 'save_data' retrieved from /opt/airflow/dags/stoke_dag.py
[2026-09-17T10:28:26.671+0000] {logging_mixin.py:188} INFO - [2026-09-17T10:28:26.670+0000] {dag.py:3096} INFO - Sync 1 DAGs
[2026-09-17T10:28:26.694+0000] {logging_mixin.py:188} INFO - [2026-09-17T10:28:26.694+0000] {dag.py:3954} INFO - Setting next_dagrun for save_data to None, run_after=None
[2026-09-17T10:28:26.729+0000] {processor.py:183} INFO - Processing /opt/airflow/dags/stoke_dag.py took 0.181 seconds
[2026-09-17T10:28:57.188+0000] {processor.py:161} INFO - Started process (PID=1368) to work on /opt/airflow/dags/stoke_dag.py
[2026-09-17T10:28:57.194+0000] {processor.py:830} INFO - Processing file /opt/airflow/dags/stoke_dag.py for tasks to queue
[2026-09-17T10:28:57.201+0000] {logging_mixin.py:188} INFO - [2026-09-17T10:28:57.200+0000] {dagbag.py:545} INFO - Filling up the DagBag from /opt/airflow/dags/stoke_dag.py
[2026-09-17T10:28:57.249+0000] {processor.py:840} INFO - DAG(s) 'save_data' retrieved from /opt/airflow/dags/stoke_dag.py
[2026-09-17T10:28:57.309+0000] {logging_mixin.py:188} INFO - [2026-09-17T10:28:57.308+0000] {dag.py:3096} INFO - Sync 1 DAGs
[2026-09-17T10:28:57.330+0000] {logging_mixin.py:188} INFO - [2026-09-17T10:28:57.329+0000] {dag.py:3954} INFO - Setting next_dagrun for save_data to None, run_after=None
[2026-09-17T10:28:57.386+0000] {processor.py:183} INFO - Processing /opt/airflow/dags/stoke_dag.py took 0.243 seconds
[2026-09-17T10:29:27.725+0000] {processor.py:161} INFO - Started process (PID=1377) to work on /opt/airflow/dags/stoke_dag.py
[2026-09-17T10:29:27.729+0000] {processor.py:830} INFO - Processing file /opt/airflow/dags/stoke_dag.py for tasks to queue
[2026-09-17T10:29:27.734+0000] {logging_mixin.py:188} INFO - [2026-09-17T10:29:27.733+0000] {dagbag.py:545} INFO - Filling up the DagBag from /opt/airflow/dags/stoke_dag.py
[2026-09-17T10:29:27.807+0000] {processor.py:840} INFO - DAG(s) 'save_data' retrieved from /opt/airflow/dags/stoke_dag.py
[2026-09-17T10:29:27.839+0000] {logging_mixin.py:188} INFO - [2026-09-17T10:29:27.839+0000] {dag.py:3096} INFO - Sync 1 DAGs
[2026-09-17T10:29:27.864+0000] {logging_mixin.py:188} INFO - [2026-09-17T10:29:27.864+0000] {dag.py:3954} INFO - Setting next_dagrun for save_data to None, run_after=None
[2026-09-17T10:29:27.899+0000] {processor.py:183} INFO - Processing /opt/airflow/dags/stoke_dag.py took 0.194 seconds
[2026-09-17T10:29:58.074+0000] {processor.py:161} INFO - Started process (PID=1386) to work on /opt/airflow/dags/stoke_dag.py
[2026-09-17T10:29:58.076+0000] {processor.py:830} INFO - Processing file /opt/airflow/dags/stoke_dag.py for tasks to queue
[2026-09-17T10:29:58.079+0000] {logging_mixin.py:188} INFO - [2026-09-17T10:29:58.078+0000] {dagbag.py:545} INFO - Filling up the DagBag from /opt/airflow/dags/stoke_dag.py
[2026-09-17T10:29:58.108+0000] {processor.py:840} INFO - DAG(s) 'save_data' retrieved from /opt/airflow/dags/stoke_dag.py
[2026-09-17T10:29:58.162+0000] {logging_mixin.py:188} INFO - [2026-09-17T10:29:58.162+0000] {dag.py:3096} INFO - Sync 1 DAGs
[2026-09-17T10:29:58.186+0000] {logging_mixin.py:188} INFO - [2026-09-17T10:29:58.186+0000] {dag.py:3954} INFO - Setting next_dagrun for save_data to None, run_after=None
[2026-09-17T10:29:58.219+0000] {processor.py:183} INFO - Processing /opt/airflow/dags/stoke_dag.py took 0.158 seconds
[2026-09-17T10:30:28.443+0000] {processor.py:161} INFO - Started process (PID=1395) to work on /opt/airflow/dags/stoke_dag.py
[2026-09-17T10:30:28.446+0000] {processor.py:830} INFO - Processing file /opt/airflow/dags/stoke_dag.py for tasks to queue
[2026-09-17T10:30:28.448+0000] {logging_mixin.py:188} INFO - [2026-09-17T10:30:28.448+0000] {dagbag.py:545} INFO - Filling up the DagBag from /opt/airflow/dags/stoke_dag.py
[2026-09-17T10:30:28.476+0000] {processor.py:840} INFO - DAG(s) 'save_data' retrieved from /opt/airflow/dags/stoke_dag.py
[2026-09-17T10:30:28.507+0000] {logging_mixin.py:188} INFO - [2026-09-17T10:30:28.506+0000] {dag.py:3096} INFO - Sync 1 DAGs
[2026-09-17T10:30:28.530+0000] {logging_mixin.py:188} INFO - [2026-09-17T10:30:28.529+0000] {dag.py:3954} INFO - Setting next_dagrun for save_data to None, run_after=None
[2026-09-17T10:30:28.569+0000] {processor.py:183} INFO - Processing /opt/airflow/dags/stoke_dag.py took 0.135 seconds
[2026-09-17T10:30:58.823+0000] {processor.py:161} INFO - Started process (PID=1404) to work on /opt/airflow/dags/stoke_dag.py
[2026-09-17T10:30:58.826+0000] {processor.py:830} INFO - Processing file /opt/airflow/dags/stoke_dag.py for tasks to queue
[2026-09-17T10:30:58.830+0000] {logging_mixin.py:188} INFO - [2026-09-17T10:30:58.830+0000] {dagbag.py:545} INFO - Filling up the DagBag from /opt/airflow/dags/stoke_dag.py
[2026-09-17T10:30:58.862+0000] {processor.py:840} INFO - DAG(s) 'save_data' retrieved from /opt/airflow/dags/stoke_dag.py
[2026-09-17T10:30:58.934+0000] {logging_mixin.py:188} INFO - [2026-09-17T10:30:58.934+0000] {dag.py:3096} INFO - Sync 1 DAGs
[2026-09-17T10:30:58.985+0000] {logging_mixin.py:188} INFO - [2026-09-17T10:30:58.983+0000] {dag.py:3954} INFO - Setting next_dagrun for save_data to None, run_after=None
[2026-09-17T10:30:59.048+0000] {processor.py:183} INFO - Processing /opt/airflow/dags/stoke_dag.py took 0.242 seconds
[2026-09-17T10:31:29.270+0000] {processor.py:161} INFO - Started process (PID=1413) to work on /opt/airflow/dags/stoke_dag.py
[2026-09-17T10:31:29.272+0000] {processor.py:830} INFO - Processing file /opt/airflow/dags/stoke_dag.py for tasks to queue
[2026-09-17T10:31:29.275+0000] {logging_mixin.py:188} INFO - [2026-09-17T10:31:29.275+0000] {dagbag.py:545} INFO - Filling up the DagBag from /opt/airflow/dags/stoke_dag.py
[2026-09-17T10:31:29.300+0000] {processor.py:840} INFO - DAG(s) 'save_data' retrieved from /opt/airflow/dags/stoke_dag.py
[2026-09-17T10:31:29.328+0000] {logging_mixin.py:188} INFO - [2026-09-17T10:31:29.327+0000] {dag.py:3096} INFO - Sync 1 DAGs
[2026-09-17T10:31:29.342+0000] {logging_mixin.py:188} INFO - [2026-09-17T10:31:29.341+0000] {dag.py:3954} INFO - Setting next_dagrun for save_data to None, run_after=None
[2026-09-17T10:31:29.370+0000] {processor.py:183} INFO - Processing /opt/airflow/dags/stoke_dag.py took 0.116 seconds
[2026-09-17T10:31:59.623+0000] {processor.py:161} INFO - Started process (PID=1423) to work on /opt/airflow/dags/stoke_dag.py
[2026-09-17T10:31:59.625+0000] {processor.py:830} INFO - Processing file /opt/airflow/dags/stoke_dag.py for tasks to queue
[2026-09-17T10:31:59.628+0000] {logging_mixin.py:188} INFO - [2026-09-17T10:31:59.627+0000] {dagbag.py:545} INFO - Filling up the DagBag from /opt/airflow/dags/stoke_dag.py
[2026-09-17T10:31:59.665+0000] {processor.py:840} INFO - DAG(s) 'save_data' retrieved from /opt/airflow/dags/stoke_dag.py
[2026-09-17T10:31:59.718+0000] {logging_mixin.py:188} INFO - [2026-09-17T10:31:59.717+0000] {dag.py:3096} INFO - Sync 1 DAGs
[2026-09-17T10:31:59.747+0000] {logging_mixin.py:188} INFO - [2026-09-17T10:31:59.747+0000] {dag.py:3954} INFO - Setting next_dagrun for save_data to None, run_after=None
[2026-09-17T10:31:59.793+0000] {processor.py:183} INFO - Processing /opt/airflow/dags/stoke_dag.py took 0.180 seconds
[2026-09-17T10:32:29.977+0000] {processor.py:161} INFO - Started process (PID=1432) to work on /opt/airflow/dags/stoke_dag.py
[2026-09-17T10:32:29.979+0000] {processor.py:830} INFO - Processing file /opt/airflow/dags/stoke_dag.py for tasks to queue
[2026-09-17T10:32:29.982+0000] {logging_mixin.py:188} INFO - [2026-09-17T10:32:29.981+0000] {dagbag.py:545} INFO - Filling up the DagBag from /opt/airflow/dags/stoke_dag.py
[2026-09-17T10:32:30.023+0000] {processor.py:840} INFO - DAG(s) 'save_data' retrieved from /opt/airflow/dags/stoke_dag.py
[2026-09-17T10:32:30.094+0000] {logging_mixin.py:188} INFO - [2026-09-17T10:32:30.093+0000] {dag.py:3096} INFO - Sync 1 DAGs
[2026-09-17T10:32:30.120+0000] {logging_mixin.py:188} INFO - [2026-09-17T10:32:30.120+0000] {dag.py:3954} INFO - Setting next_dagrun for save_data to None, run_after=None
[2026-09-17T10:32:30.153+0000] {processor.py:183} INFO - Processing /opt/airflow/dags/stoke_dag.py took 0.188 seconds
[2026-09-17T10:34:39.768+0000] {processor.py:161} INFO - Started process (PID=67) to work on /opt/airflow/dags/stoke_dag.py
[2026-09-17T10:34:39.772+0000] {processor.py:830} INFO - Processing file /opt/airflow/dags/stoke_dag.py for tasks to queue
[2026-09-17T10:34:39.777+0000] {logging_mixin.py:188} INFO - [2026-09-17T10:34:39.777+0000] {dagbag.py:545} INFO - Filling up the DagBag from /opt/airflow/dags/stoke_dag.py
[2026-09-17T10:34:39.847+0000] {processor.py:840} INFO - DAG(s) 'save_data' retrieved from /opt/airflow/dags/stoke_dag.py
[2026-09-17T10:34:40.714+0000] {logging_mixin.py:188} INFO - [2026-09-17T10:34:40.713+0000] {override.py:1829} INFO - Created Permission View: can read on DAG:save_data
[2026-09-17T10:34:40.755+0000] {logging_mixin.py:188} INFO - [2026-09-17T10:34:40.754+0000] {override.py:1829} INFO - Created Permission View: can edit on DAG:save_data
[2026-09-17T10:34:40.803+0000] {logging_mixin.py:188} INFO - [2026-09-17T10:34:40.802+0000] {override.py:1829} INFO - Created Permission View: can delete on DAG:save_data
[2026-09-17T10:34:40.804+0000] {logging_mixin.py:188} INFO - [2026-09-17T10:34:40.804+0000] {dag.py:3096} INFO - Sync 1 DAGs
[2026-09-17T10:34:40.840+0000] {logging_mixin.py:188} INFO - [2026-09-17T10:34:40.839+0000] {dag.py:3118} INFO - Creating ORM DAG for save_data
[2026-09-17T10:34:40.842+0000] {logging_mixin.py:188} INFO - [2026-09-17T10:34:40.842+0000] {dag.py:3954} INFO - Setting next_dagrun for save_data to None, run_after=None
[2026-09-17T10:34:40.907+0000] {processor.py:183} INFO - Processing /opt/airflow/dags/stoke_dag.py took 1.157 seconds
[2026-09-17T10:35:11.090+0000] {processor.py:161} INFO - Started process (PID=77) to work on /opt/airflow/dags/stoke_dag.py
[2026-09-17T10:35:11.092+0000] {processor.py:830} INFO - Processing file /opt/airflow/dags/stoke_dag.py for tasks to queue
[2026-09-17T10:35:11.096+0000] {logging_mixin.py:188} INFO - [2026-09-17T10:35:11.096+0000] {dagbag.py:545} INFO - Filling up the DagBag from /opt/airflow/dags/stoke_dag.py
[2026-09-17T10:35:11.123+0000] {processor.py:840} INFO - DAG(s) 'save_data' retrieved from /opt/airflow/dags/stoke_dag.py
[2026-09-17T10:35:11.163+0000] {logging_mixin.py:188} INFO - [2026-09-17T10:35:11.163+0000] {dag.py:3096} INFO - Sync 1 DAGs
[2026-09-17T10:35:11.184+0000] {logging_mixin.py:188} INFO - [2026-09-17T10:35:11.184+0000] {dag.py:3954} INFO - Setting next_dagrun for save_data to None, run_after=None
[2026-09-17T10:35:11.212+0000] {processor.py:183} INFO - Processing /opt/airflow/dags/stoke_dag.py took 0.138 seconds
[2026-09-17T10:35:41.340+0000] {processor.py:161} INFO - Started process (PID=86) to work on /opt/airflow/dags/stoke_dag.py
[2026-09-17T10:35:41.342+0000] {processor.py:830} INFO - Processing file /opt/airflow/dags/stoke_dag.py for tasks to queue
[2026-09-17T10:35:41.346+0000] {logging_mixin.py:188} INFO - [2026-09-17T10:35:41.345+0000] {dagbag.py:545} INFO - Filling up the DagBag from /opt/airflow/dags/stoke_dag.py
[2026-09-17T10:35:41.371+0000] {processor.py:840} INFO - DAG(s) 'save_data' retrieved from /opt/airflow/dags/stoke_dag.py
[2026-09-17T10:35:41.419+0000] {logging_mixin.py:188} INFO - [2026-09-17T10:35:41.418+0000] {dag.py:3096} INFO - Sync 1 DAGs
[2026-09-17T10:35:41.438+0000] {logging_mixin.py:188} INFO - [2026-09-17T10:35:41.438+0000] {dag.py:3954} INFO - Setting next_dagrun for save_data to None, run_after=None
[2026-09-17T10:35:41.464+0000] {processor.py:183} INFO - Processing /opt/airflow/dags/stoke_dag.py took 0.138 seconds
[2026-09-17T10:36:11.920+0000] {processor.py:161} INFO - Started process (PID=95) to work on /opt/airflow/dags/stoke_dag.py
[2026-09-17T10:36:11.923+0000] {processor.py:830} INFO - Processing file /opt/airflow/dags/stoke_dag.py for tasks to queue
[2026-09-17T10:36:11.928+0000] {logging_mixin.py:188} INFO - [2026-09-17T10:36:11.927+0000] {dagbag.py:545} INFO - Filling up the DagBag from /opt/airflow/dags/stoke_dag.py
[2026-09-17T10:36:11.994+0000] {processor.py:840} INFO - DAG(s) 'save_data' retrieved from /opt/airflow/dags/stoke_dag.py
[2026-09-17T10:36:12.058+0000] {logging_mixin.py:188} INFO - [2026-09-17T10:36:12.058+0000] {dag.py:3096} INFO - Sync 1 DAGs
[2026-09-17T10:36:12.091+0000] {logging_mixin.py:188} INFO - [2026-09-17T10:36:12.091+0000] {dag.py:3954} INFO - Setting next_dagrun for save_data to None, run_after=None
[2026-09-17T10:36:12.127+0000] {processor.py:183} INFO - Processing /opt/airflow/dags/stoke_dag.py took 0.231 seconds
[2026-09-17T10:36:42.194+0000] {processor.py:161} INFO - Started process (PID=104) to work on /opt/airflow/dags/stoke_dag.py
[2026-09-17T10:36:42.196+0000] {processor.py:830} INFO - Processing file /opt/airflow/dags/stoke_dag.py for tasks to queue
[2026-09-17T10:36:42.201+0000] {logging_mixin.py:188} INFO - [2026-09-17T10:36:42.200+0000] {dagbag.py:545} INFO - Filling up the DagBag from /opt/airflow/dags/stoke_dag.py
[2026-09-17T10:36:42.233+0000] {processor.py:840} INFO - DAG(s) 'save_data' retrieved from /opt/airflow/dags/stoke_dag.py
[2026-09-17T10:36:42.279+0000] {logging_mixin.py:188} INFO - [2026-09-17T10:36:42.279+0000] {dag.py:3096} INFO - Sync 1 DAGs
[2026-09-17T10:36:42.310+0000] {logging_mixin.py:188} INFO - [2026-09-17T10:36:42.309+0000] {dag.py:3954} INFO - Setting next_dagrun for save_data to None, run_after=None
[2026-09-17T10:36:42.355+0000] {processor.py:183} INFO - Processing /opt/airflow/dags/stoke_dag.py took 0.177 seconds
[2026-09-17T10:37:12.462+0000] {processor.py:161} INFO - Started process (PID=113) to work on /opt/airflow/dags/stoke_dag.py
[2026-09-17T10:37:12.465+0000] {processor.py:830} INFO - Processing file /opt/airflow/dags/stoke_dag.py for tasks to queue
[2026-09-17T10:37:12.470+0000] {logging_mixin.py:188} INFO - [2026-09-17T10:37:12.469+0000] {dagbag.py:545} INFO - Filling up the DagBag from /opt/airflow/dags/stoke_dag.py
[2026-09-17T10:37:12.516+0000] {processor.py:840} INFO - DAG(s) 'save_data' retrieved from /opt/airflow/dags/stoke_dag.py
[2026-09-17T10:37:12.567+0000] {logging_mixin.py:188} INFO - [2026-09-17T10:37:12.566+0000] {dag.py:3096} INFO - Sync 1 DAGs
[2026-09-17T10:37:12.588+0000] {logging_mixin.py:188} INFO - [2026-09-17T10:37:12.588+0000] {dag.py:3954} INFO - Setting next_dagrun for save_data to None, run_after=None
[2026-09-17T10:37:12.617+0000] {processor.py:183} INFO - Processing /opt/airflow/dags/stoke_dag.py took 0.166 seconds
[2026-09-17T10:37:43.005+0000] {processor.py:161} INFO - Started process (PID=122) to work on /opt/airflow/dags/stoke_dag.py
[2026-09-17T10:37:43.007+0000] {processor.py:830} INFO - Processing file /opt/airflow/dags/stoke_dag.py for tasks to queue
[2026-09-17T10:37:43.010+0000] {logging_mixin.py:188} INFO - [2026-09-17T10:37:43.010+0000] {dagbag.py:545} INFO - Filling up the DagBag from /opt/airflow/dags/stoke_dag.py
[2026-09-17T10:37:43.036+0000] {processor.py:840} INFO - DAG(s) 'save_data' retrieved from /opt/airflow/dags/stoke_dag.py
[2026-09-17T10:37:43.067+0000] {logging_mixin.py:188} INFO - [2026-09-17T10:37:43.067+0000] {dag.py:3096} INFO - Sync 1 DAGs
[2026-09-17T10:37:43.089+0000] {logging_mixin.py:188} INFO - [2026-09-17T10:37:43.088+0000] {dag.py:3954} INFO - Setting next_dagrun for save_data to None, run_after=None
[2026-09-17T10:37:43.120+0000] {processor.py:183} INFO - Processing /opt/airflow/dags/stoke_dag.py took 0.124 seconds
[2026-09-17T10:38:13.254+0000] {processor.py:161} INFO - Started process (PID=131) to work on /opt/airflow/dags/stoke_dag.py
[2026-09-17T10:38:13.258+0000] {processor.py:830} INFO - Processing file /opt/airflow/dags/stoke_dag.py for tasks to queue
[2026-09-17T10:38:13.268+0000] {logging_mixin.py:188} INFO - [2026-09-17T10:38:13.267+0000] {dagbag.py:545} INFO - Filling up the DagBag from /opt/airflow/dags/stoke_dag.py
[2026-09-17T10:38:13.328+0000] {processor.py:840} INFO - DAG(s) 'save_data' retrieved from /opt/airflow/dags/stoke_dag.py
[2026-09-17T10:38:13.394+0000] {logging_mixin.py:188} INFO - [2026-09-17T10:38:13.394+0000] {dag.py:3096} INFO - Sync 1 DAGs
[2026-09-17T10:38:13.424+0000] {logging_mixin.py:188} INFO - [2026-09-17T10:38:13.424+0000] {dag.py:3954} INFO - Setting next_dagrun for save_data to None, run_after=None
[2026-09-17T10:38:13.484+0000] {processor.py:183} INFO - Processing /opt/airflow/dags/stoke_dag.py took 0.282 seconds
[2026-09-17T10:38:43.779+0000] {processor.py:161} INFO - Started process (PID=140) to work on /opt/airflow/dags/stoke_dag.py
[2026-09-17T10:38:43.782+0000] {processor.py:830} INFO - Processing file /opt/airflow/dags/stoke_dag.py for tasks to queue
[2026-09-17T10:38:43.785+0000] {logging_mixin.py:188} INFO - [2026-09-17T10:38:43.784+0000] {dagbag.py:545} INFO - Filling up the DagBag from /opt/airflow/dags/stoke_dag.py
[2026-09-17T10:38:43.822+0000] {processor.py:840} INFO - DAG(s) 'save_data' retrieved from /opt/airflow/dags/stoke_dag.py
[2026-09-17T10:38:43.866+0000] {logging_mixin.py:188} INFO - [2026-09-17T10:38:43.866+0000] {dag.py:3096} INFO - Sync 1 DAGs
[2026-09-17T10:38:43.888+0000] {logging_mixin.py:188} INFO - [2026-09-17T10:38:43.887+0000] {dag.py:3954} INFO - Setting next_dagrun for save_data to None, run_after=None
[2026-09-17T10:38:43.950+0000] {processor.py:183} INFO - Processing /opt/airflow/dags/stoke_dag.py took 0.183 seconds
[2026-09-17T10:39:14.204+0000] {processor.py:161} INFO - Started process (PID=149) to work on /opt/airflow/dags/stoke_dag.py
[2026-09-17T10:39:14.212+0000] {processor.py:830} INFO - Processing file /opt/airflow/dags/stoke_dag.py for tasks to queue
[2026-09-17T10:39:14.220+0000] {logging_mixin.py:188} INFO - [2026-09-17T10:39:14.219+0000] {dagbag.py:545} INFO - Filling up the DagBag from /opt/airflow/dags/stoke_dag.py
[2026-09-17T10:39:14.286+0000] {processor.py:840} INFO - DAG(s) 'save_data' retrieved from /opt/airflow/dags/stoke_dag.py
[2026-09-17T10:39:14.341+0000] {logging_mixin.py:188} INFO - [2026-09-17T10:39:14.340+0000] {dag.py:3096} INFO - Sync 1 DAGs
[2026-09-17T10:39:14.377+0000] {logging_mixin.py:188} INFO - [2026-09-17T10:39:14.377+0000] {dag.py:3954} INFO - Setting next_dagrun for save_data to None, run_after=None
[2026-09-17T10:39:14.408+0000] {processor.py:183} INFO - Processing /opt/airflow/dags/stoke_dag.py took 0.328 seconds
[2026-09-17T10:39:44.759+0000] {processor.py:161} INFO - Started process (PID=158) to work on /opt/airflow/dags/stoke_dag.py
[2026-09-17T10:39:44.760+0000] {processor.py:830} INFO - Processing file /opt/airflow/dags/stoke_dag.py for tasks to queue
[2026-09-17T10:39:44.763+0000] {logging_mixin.py:188} INFO - [2026-09-17T10:39:44.762+0000] {dagbag.py:545} INFO - Filling up the DagBag from /opt/airflow/dags/stoke_dag.py
[2026-09-17T10:39:44.790+0000] {processor.py:840} INFO - DAG(s) 'save_data' retrieved from /opt/airflow/dags/stoke_dag.py
[2026-09-17T10:39:44.824+0000] {logging_mixin.py:188} INFO - [2026-09-17T10:39:44.823+0000] {dag.py:3096} INFO - Sync 1 DAGs
[2026-09-17T10:39:44.839+0000] {logging_mixin.py:188} INFO - [2026-09-17T10:39:44.839+0000] {dag.py:3954} INFO - Setting next_dagrun for save_data to None, run_after=None
[2026-09-17T10:39:44.863+0000] {processor.py:183} INFO - Processing /opt/airflow/dags/stoke_dag.py took 0.113 seconds
[2026-09-17T10:40:15.158+0000] {processor.py:161} INFO - Started process (PID=167) to work on /opt/airflow/dags/stoke_dag.py
[2026-09-17T10:40:15.160+0000] {processor.py:830} INFO - Processing file /opt/airflow/dags/stoke_dag.py for tasks to queue
[2026-09-17T10:40:15.162+0000] {logging_mixin.py:188} INFO - [2026-09-17T10:40:15.162+0000] {dagbag.py:545} INFO - Filling up the DagBag from /opt/airflow/dags/stoke_dag.py
[2026-09-17T10:40:15.188+0000] {processor.py:840} INFO - DAG(s) 'save_data' retrieved from /opt/airflow/dags/stoke_dag.py
[2026-09-17T10:40:15.224+0000] {logging_mixin.py:188} INFO - [2026-09-17T10:40:15.224+0000] {dag.py:3096} INFO - Sync 1 DAGs
[2026-09-17T10:40:15.243+0000] {logging_mixin.py:188} INFO - [2026-09-17T10:40:15.242+0000] {dag.py:3954} INFO - Setting next_dagrun for save_data to None, run_after=None
[2026-09-17T10:40:15.274+0000] {processor.py:183} INFO - Processing /opt/airflow/dags/stoke_dag.py took 0.124 seconds
[2026-09-17T10:40:45.544+0000] {processor.py:161} INFO - Started process (PID=176) to work on /opt/airflow/dags/stoke_dag.py
[2026-09-17T10:40:45.546+0000] {processor.py:830} INFO - Processing file /opt/airflow/dags/stoke_dag.py for tasks to queue
[2026-09-17T10:40:45.548+0000] {logging_mixin.py:188} INFO - [2026-09-17T10:40:45.548+0000] {dagbag.py:545} INFO - Filling up the DagBag from /opt/airflow/dags/stoke_dag.py
[2026-09-17T10:40:45.570+0000] {processor.py:840} INFO - DAG(s) 'save_data' retrieved from /opt/airflow/dags/stoke_dag.py
[2026-09-17T10:40:45.595+0000] {logging_mixin.py:188} INFO - [2026-09-17T10:40:45.595+0000] {dag.py:3096} INFO - Sync 1 DAGs
[2026-09-17T10:40:45.608+0000] {logging_mixin.py:188} INFO - [2026-09-17T10:40:45.607+0000] {dag.py:3954} INFO - Setting next_dagrun for save_data to None, run_after=None
[2026-09-17T10:40:45.631+0000] {processor.py:183} INFO - Processing /opt/airflow/dags/stoke_dag.py took 0.095 seconds
[2026-09-17T10:41:15.906+0000] {processor.py:161} INFO - Started process (PID=185) to work on /opt/airflow/dags/stoke_dag.py
[2026-09-17T10:41:15.907+0000] {processor.py:830} INFO - Processing file /opt/airflow/dags/stoke_dag.py for tasks to queue
[2026-09-17T10:41:15.909+0000] {logging_mixin.py:188} INFO - [2026-09-17T10:41:15.909+0000] {dagbag.py:545} INFO - Filling up the DagBag from /opt/airflow/dags/stoke_dag.py
[2026-09-17T10:41:15.933+0000] {processor.py:840} INFO - DAG(s) 'save_data' retrieved from /opt/airflow/dags/stoke_dag.py
[2026-09-17T10:41:15.958+0000] {logging_mixin.py:188} INFO - [2026-09-17T10:41:15.957+0000] {dag.py:3096} INFO - Sync 1 DAGs
[2026-09-17T10:41:15.972+0000] {logging_mixin.py:188} INFO - [2026-09-17T10:41:15.971+0000] {dag.py:3954} INFO - Setting next_dagrun for save_data to None, run_after=None
[2026-09-17T10:41:15.993+0000] {processor.py:183} INFO - Processing /opt/airflow/dags/stoke_dag.py took 0.094 seconds
[2026-09-17T10:41:46.310+0000] {processor.py:161} INFO - Started process (PID=194) to work on /opt/airflow/dags/stoke_dag.py
[2026-09-17T10:41:46.311+0000] {processor.py:830} INFO - Processing file /opt/airflow/dags/stoke_dag.py for tasks to queue
[2026-09-17T10:41:46.313+0000] {logging_mixin.py:188} INFO - [2026-09-17T10:41:46.313+0000] {dagbag.py:545} INFO - Filling up the DagBag from /opt/airflow/dags/stoke_dag.py
[2026-09-17T10:41:46.334+0000] {processor.py:840} INFO - DAG(s) 'save_data' retrieved from /opt/airflow/dags/stoke_dag.py
[2026-09-17T10:41:46.357+0000] {logging_mixin.py:188} INFO - [2026-09-17T10:41:46.357+0000] {dag.py:3096} INFO - Sync 1 DAGs
[2026-09-17T10:41:46.372+0000] {logging_mixin.py:188} INFO - [2026-09-17T10:41:46.372+0000] {dag.py:3954} INFO - Setting next_dagrun for save_data to None, run_after=None
[2026-09-17T10:41:46.395+0000] {processor.py:183} INFO - Processing /opt/airflow/dags/stoke_dag.py took 0.092 seconds
[2026-09-17T10:43:18.324+0000] {processor.py:161} INFO - Started process (PID=66) to work on /opt/airflow/dags/stoke_dag.py
[2026-09-17T10:43:18.326+0000] {processor.py:830} INFO - Processing file /opt/airflow/dags/stoke_dag.py for tasks to queue
[2026-09-17T10:43:18.329+0000] {logging_mixin.py:188} INFO - [2026-09-17T10:43:18.328+0000] {dagbag.py:545} INFO - Filling up the DagBag from /opt/airflow/dags/stoke_dag.py
[2026-09-17T10:43:18.365+0000] {processor.py:840} INFO - DAG(s) 'save_data' retrieved from /opt/airflow/dags/stoke_dag.py
[2026-09-17T10:43:18.843+0000] {logging_mixin.py:188} INFO - [2026-09-17T10:43:18.842+0000] {override.py:1829} INFO - Created Permission View: can read on DAG:save_data
[2026-09-17T10:43:18.868+0000] {logging_mixin.py:188} INFO - [2026-09-17T10:43:18.868+0000] {override.py:1829} INFO - Created Permission View: can edit on DAG:save_data
[2026-09-17T10:43:18.884+0000] {logging_mixin.py:188} INFO - [2026-09-17T10:43:18.884+0000] {override.py:1829} INFO - Created Permission View: can delete on DAG:save_data
[2026-09-17T10:43:18.887+0000] {logging_mixin.py:188} INFO - [2026-09-17T10:43:18.886+0000] {dag.py:3096} INFO - Sync 1 DAGs
[2026-09-17T10:43:18.905+0000] {logging_mixin.py:188} INFO - [2026-09-17T10:43:18.905+0000] {dag.py:3118} INFO - Creating ORM DAG for save_data
[2026-09-17T10:43:18.907+0000] {logging_mixin.py:188} INFO - [2026-09-17T10:43:18.907+0000] {dag.py:3954} INFO - Setting next_dagrun for save_data to None, run_after=None
[2026-09-17T10:43:18.943+0000] {processor.py:183} INFO - Processing /opt/airflow/dags/stoke_dag.py took 0.628 seconds
[2026-09-17T10:43:49.297+0000] {processor.py:161} INFO - Started process (PID=75) to work on /opt/airflow/dags/stoke_dag.py
[2026-09-17T10:43:49.298+0000] {processor.py:830} INFO - Processing file /opt/airflow/dags/stoke_dag.py for tasks to queue
[2026-09-17T10:43:49.301+0000] {logging_mixin.py:188} INFO - [2026-09-17T10:43:49.300+0000] {dagbag.py:545} INFO - Filling up the DagBag from /opt/airflow/dags/stoke_dag.py
[2026-09-17T10:43:49.328+0000] {processor.py:840} INFO - DAG(s) 'save_data' retrieved from /opt/airflow/dags/stoke_dag.py
[2026-09-17T10:43:49.364+0000] {logging_mixin.py:188} INFO - [2026-09-17T10:43:49.364+0000] {dag.py:3096} INFO - Sync 1 DAGs
[2026-09-17T10:43:49.387+0000] {logging_mixin.py:188} INFO - [2026-09-17T10:43:49.386+0000] {dag.py:3954} INFO - Setting next_dagrun for save_data to None, run_after=None
[2026-09-17T10:43:49.417+0000] {processor.py:183} INFO - Processing /opt/airflow/dags/stoke_dag.py took 0.129 seconds
[2026-09-17T10:44:19.771+0000] {processor.py:161} INFO - Started process (PID=84) to work on /opt/airflow/dags/stoke_dag.py
[2026-09-17T10:44:19.776+0000] {processor.py:830} INFO - Processing file /opt/airflow/dags/stoke_dag.py for tasks to queue
[2026-09-17T10:44:19.781+0000] {logging_mixin.py:188} INFO - [2026-09-17T10:44:19.780+0000] {dagbag.py:545} INFO - Filling up the DagBag from /opt/airflow/dags/stoke_dag.py
[2026-09-17T10:44:19.817+0000] {processor.py:840} INFO - DAG(s) 'save_data' retrieved from /opt/airflow/dags/stoke_dag.py
[2026-09-17T10:44:19.855+0000] {logging_mixin.py:188} INFO - [2026-09-17T10:44:19.855+0000] {dag.py:3096} INFO - Sync 1 DAGs
[2026-09-17T10:44:19.878+0000] {logging_mixin.py:188} INFO - [2026-09-17T10:44:19.877+0000] {dag.py:3954} INFO - Setting next_dagrun for save_data to None, run_after=None
[2026-09-17T10:44:19.916+0000] {processor.py:183} INFO - Processing /opt/airflow/dags/stoke_dag.py took 0.162 seconds
[2026-09-17T10:44:50.240+0000] {processor.py:161} INFO - Started process (PID=93) to work on /opt/airflow/dags/stoke_dag.py
[2026-09-17T10:44:50.242+0000] {processor.py:830} INFO - Processing file /opt/airflow/dags/stoke_dag.py for tasks to queue
[2026-09-17T10:44:50.245+0000] {logging_mixin.py:188} INFO - [2026-09-17T10:44:50.244+0000] {dagbag.py:545} INFO - Filling up the DagBag from /opt/airflow/dags/stoke_dag.py
[2026-09-17T10:44:50.304+0000] {processor.py:840} INFO - DAG(s) 'save_data' retrieved from /opt/airflow/dags/stoke_dag.py
[2026-09-17T10:44:50.348+0000] {logging_mixin.py:188} INFO - [2026-09-17T10:44:50.347+0000] {dag.py:3096} INFO - Sync 1 DAGs
[2026-09-17T10:44:50.380+0000] {logging_mixin.py:188} INFO - [2026-09-17T10:44:50.378+0000] {dag.py:3954} INFO - Setting next_dagrun for save_data to None, run_after=None
[2026-09-17T10:44:50.423+0000] {processor.py:183} INFO - Processing /opt/airflow/dags/stoke_dag.py took 0.197 seconds
[2026-09-17T10:45:20.727+0000] {processor.py:161} INFO - Started process (PID=102) to work on /opt/airflow/dags/stoke_dag.py
[2026-09-17T10:45:20.729+0000] {processor.py:830} INFO - Processing file /opt/airflow/dags/stoke_dag.py for tasks to queue
[2026-09-17T10:45:20.732+0000] {logging_mixin.py:188} INFO - [2026-09-17T10:45:20.732+0000] {dagbag.py:545} INFO - Filling up the DagBag from /opt/airflow/dags/stoke_dag.py
[2026-09-17T10:45:20.761+0000] {processor.py:840} INFO - DAG(s) 'save_data' retrieved from /opt/airflow/dags/stoke_dag.py
[2026-09-17T10:45:20.792+0000] {logging_mixin.py:188} INFO - [2026-09-17T10:45:20.792+0000] {dag.py:3096} INFO - Sync 1 DAGs
[2026-09-17T10:45:20.807+0000] {logging_mixin.py:188} INFO - [2026-09-17T10:45:20.807+0000] {dag.py:3954} INFO - Setting next_dagrun for save_data to None, run_after=None
[2026-09-17T10:45:20.835+0000] {processor.py:183} INFO - Processing /opt/airflow/dags/stoke_dag.py took 0.121 seconds
[2026-09-17T10:45:50.895+0000] {processor.py:161} INFO - Started process (PID=111) to work on /opt/airflow/dags/stoke_dag.py
[2026-09-17T10:45:50.897+0000] {processor.py:830} INFO - Processing file /opt/airflow/dags/stoke_dag.py for tasks to queue
[2026-09-17T10:45:50.900+0000] {logging_mixin.py:188} INFO - [2026-09-17T10:45:50.899+0000] {dagbag.py:545} INFO - Filling up the DagBag from /opt/airflow/dags/stoke_dag.py
[2026-09-17T10:45:50.932+0000] {processor.py:840} INFO - DAG(s) 'save_data' retrieved from /opt/airflow/dags/stoke_dag.py
[2026-09-17T10:45:50.976+0000] {logging_mixin.py:188} INFO - [2026-09-17T10:45:50.975+0000] {dag.py:3096} INFO - Sync 1 DAGs
[2026-09-17T10:45:50.994+0000] {logging_mixin.py:188} INFO - [2026-09-17T10:45:50.993+0000] {dag.py:3954} INFO - Setting next_dagrun for save_data to None, run_after=None
[2026-09-17T10:45:51.032+0000] {processor.py:183} INFO - Processing /opt/airflow/dags/stoke_dag.py took 0.153 seconds
[2026-09-17T10:46:21.385+0000] {processor.py:161} INFO - Started process (PID=120) to work on /opt/airflow/dags/stoke_dag.py
[2026-09-17T10:46:21.387+0000] {processor.py:830} INFO - Processing file /opt/airflow/dags/stoke_dag.py for tasks to queue
[2026-09-17T10:46:21.390+0000] {logging_mixin.py:188} INFO - [2026-09-17T10:46:21.389+0000] {dagbag.py:545} INFO - Filling up the DagBag from /opt/airflow/dags/stoke_dag.py
[2026-09-17T10:46:21.419+0000] {processor.py:840} INFO - DAG(s) 'save_data' retrieved from /opt/airflow/dags/stoke_dag.py
[2026-09-17T10:46:21.453+0000] {logging_mixin.py:188} INFO - [2026-09-17T10:46:21.452+0000] {dag.py:3096} INFO - Sync 1 DAGs
[2026-09-17T10:46:21.469+0000] {logging_mixin.py:188} INFO - [2026-09-17T10:46:21.469+0000] {dag.py:3954} INFO - Setting next_dagrun for save_data to None, run_after=None
[2026-09-17T10:46:21.500+0000] {processor.py:183} INFO - Processing /opt/airflow/dags/stoke_dag.py took 0.128 seconds
[2026-09-17T10:46:51.790+0000] {processor.py:161} INFO - Started process (PID=129) to work on /opt/airflow/dags/stoke_dag.py
[2026-09-17T10:46:51.792+0000] {processor.py:830} INFO - Processing file /opt/airflow/dags/stoke_dag.py for tasks to queue
[2026-09-17T10:46:51.797+0000] {logging_mixin.py:188} INFO - [2026-09-17T10:46:51.796+0000] {dagbag.py:545} INFO - Filling up the DagBag from /opt/airflow/dags/stoke_dag.py
[2026-09-17T10:46:51.843+0000] {processor.py:840} INFO - DAG(s) 'save_data' retrieved from /opt/airflow/dags/stoke_dag.py
[2026-09-17T10:46:51.922+0000] {logging_mixin.py:188} INFO - [2026-09-17T10:46:51.921+0000] {dag.py:3096} INFO - Sync 1 DAGs
[2026-09-17T10:46:51.957+0000] {logging_mixin.py:188} INFO - [2026-09-17T10:46:51.957+0000] {dag.py:3954} INFO - Setting next_dagrun for save_data to None, run_after=None
[2026-09-17T10:46:52.019+0000] {processor.py:183} INFO - Processing /opt/airflow/dags/stoke_dag.py took 0.239 seconds
[2026-09-17T10:47:22.363+0000] {processor.py:161} INFO - Started process (PID=138) to work on /opt/airflow/dags/stoke_dag.py
[2026-09-17T10:47:22.364+0000] {processor.py:830} INFO - Processing file /opt/airflow/dags/stoke_dag.py for tasks to queue
[2026-09-17T10:47:22.367+0000] {logging_mixin.py:188} INFO - [2026-09-17T10:47:22.366+0000] {dagbag.py:545} INFO - Filling up the DagBag from /opt/airflow/dags/stoke_dag.py
[2026-09-17T10:47:22.395+0000] {processor.py:840} INFO - DAG(s) 'save_data' retrieved from /opt/airflow/dags/stoke_dag.py
[2026-09-17T10:47:22.426+0000] {logging_mixin.py:188} INFO - [2026-09-17T10:47:22.426+0000] {dag.py:3096} INFO - Sync 1 DAGs
[2026-09-17T10:47:22.442+0000] {logging_mixin.py:188} INFO - [2026-09-17T10:47:22.442+0000] {dag.py:3954} INFO - Setting next_dagrun for save_data to None, run_after=None
[2026-09-17T10:47:22.501+0000] {processor.py:183} INFO - Processing /opt/airflow/dags/stoke_dag.py took 0.145 seconds
[2026-09-17T10:47:52.778+0000] {processor.py:161} INFO - Started process (PID=147) to work on /opt/airflow/dags/stoke_dag.py
[2026-09-17T10:47:52.780+0000] {processor.py:830} INFO - Processing file /opt/airflow/dags/stoke_dag.py for tasks to queue
[2026-09-17T10:47:52.783+0000] {logging_mixin.py:188} INFO - [2026-09-17T10:47:52.783+0000] {dagbag.py:545} INFO - Filling up the DagBag from /opt/airflow/dags/stoke_dag.py
[2026-09-17T10:47:52.816+0000] {processor.py:840} INFO - DAG(s) 'save_data' retrieved from /opt/airflow/dags/stoke_dag.py
[2026-09-17T10:47:52.847+0000] {logging_mixin.py:188} INFO - [2026-09-17T10:47:52.846+0000] {dag.py:3096} INFO - Sync 1 DAGs
[2026-09-17T10:47:52.858+0000] {logging_mixin.py:188} INFO - [2026-09-17T10:47:52.857+0000] {dag.py:3954} INFO - Setting next_dagrun for save_data to None, run_after=None
[2026-09-17T10:47:52.887+0000] {processor.py:183} INFO - Processing /opt/airflow/dags/stoke_dag.py took 0.120 seconds
[2026-09-17T10:48:23.218+0000] {processor.py:161} INFO - Started process (PID=156) to work on /opt/airflow/dags/stoke_dag.py
[2026-09-17T10:48:23.219+0000] {processor.py:830} INFO - Processing file /opt/airflow/dags/stoke_dag.py for tasks to queue
[2026-09-17T10:48:23.222+0000] {logging_mixin.py:188} INFO - [2026-09-17T10:48:23.221+0000] {dagbag.py:545} INFO - Filling up the DagBag from /opt/airflow/dags/stoke_dag.py
[2026-09-17T10:48:23.242+0000] {processor.py:840} INFO - DAG(s) 'save_data' retrieved from /opt/airflow/dags/stoke_dag.py
[2026-09-17T10:48:23.266+0000] {logging_mixin.py:188} INFO - [2026-09-17T10:48:23.266+0000] {dag.py:3096} INFO - Sync 1 DAGs
[2026-09-17T10:48:23.280+0000] {logging_mixin.py:188} INFO - [2026-09-17T10:48:23.279+0000] {dag.py:3954} INFO - Setting next_dagrun for save_data to None, run_after=None
[2026-09-17T10:48:23.306+0000] {processor.py:183} INFO - Processing /opt/airflow/dags/stoke_dag.py took 0.096 seconds
[2026-09-17T10:48:53.655+0000] {processor.py:161} INFO - Started process (PID=165) to work on /opt/airflow/dags/stoke_dag.py
[2026-09-17T10:48:53.656+0000] {processor.py:830} INFO - Processing file /opt/airflow/dags/stoke_dag.py for tasks to queue
[2026-09-17T10:48:53.658+0000] {logging_mixin.py:188} INFO - [2026-09-17T10:48:53.657+0000] {dagbag.py:545} INFO - Filling up the DagBag from /opt/airflow/dags/stoke_dag.py
[2026-09-17T10:48:53.678+0000] {processor.py:840} INFO - DAG(s) 'save_data' retrieved from /opt/airflow/dags/stoke_dag.py
[2026-09-17T10:48:53.709+0000] {logging_mixin.py:188} INFO - [2026-09-17T10:48:53.708+0000] {dag.py:3096} INFO - Sync 1 DAGs
[2026-09-17T10:48:53.724+0000] {logging_mixin.py:188} INFO - [2026-09-17T10:48:53.723+0000] {dag.py:3954} INFO - Setting next_dagrun for save_data to None, run_after=None
[2026-09-17T10:48:53.747+0000] {processor.py:183} INFO - Processing /opt/airflow/dags/stoke_dag.py took 0.099 seconds
[2026-09-17T10:49:24.042+0000] {processor.py:161} INFO - Started process (PID=174) to work on /opt/airflow/dags/stoke_dag.py
[2026-09-17T10:49:24.044+0000] {processor.py:830} INFO - Processing file /opt/airflow/dags/stoke_dag.py for tasks to queue
[2026-09-17T10:49:24.047+0000] {logging_mixin.py:188} INFO - [2026-09-17T10:49:24.047+0000] {dagbag.py:545} INFO - Filling up the DagBag from /opt/airflow/dags/stoke_dag.py
[2026-09-17T10:49:24.097+0000] {processor.py:840} INFO - DAG(s) 'save_data' retrieved from /opt/airflow/dags/stoke_dag.py
[2026-09-17T10:49:24.203+0000] {logging_mixin.py:188} INFO - [2026-09-17T10:49:24.202+0000] {dag.py:3096} INFO - Sync 1 DAGs
[2026-09-17T10:49:24.241+0000] {logging_mixin.py:188} INFO - [2026-09-17T10:49:24.241+0000] {dag.py:3954} INFO - Setting next_dagrun for save_data to None, run_after=None
[2026-09-17T10:49:24.300+0000] {processor.py:183} INFO - Processing /opt/airflow/dags/stoke_dag.py took 0.272 seconds
[2026-09-17T10:49:54.410+0000] {processor.py:161} INFO - Started process (PID=183) to work on /opt/airflow/dags/stoke_dag.py
[2026-09-17T10:49:54.411+0000] {processor.py:830} INFO - Processing file /opt/airflow/dags/stoke_dag.py for tasks to queue
[2026-09-17T10:49:54.415+0000] {logging_mixin.py:188} INFO - [2026-09-17T10:49:54.414+0000] {dagbag.py:545} INFO - Filling up the DagBag from /opt/airflow/dags/stoke_dag.py
[2026-09-17T10:49:54.440+0000] {processor.py:840} INFO - DAG(s) 'save_data' retrieved from /opt/airflow/dags/stoke_dag.py
[2026-09-17T10:49:54.466+0000] {logging_mixin.py:188} INFO - [2026-09-17T10:49:54.466+0000] {dag.py:3096} INFO - Sync 1 DAGs
[2026-09-17T10:49:54.480+0000] {logging_mixin.py:188} INFO - [2026-09-17T10:49:54.479+0000] {dag.py:3954} INFO - Setting next_dagrun for save_data to None, run_after=None
[2026-09-17T10:49:54.524+0000] {processor.py:183} INFO - Processing /opt/airflow/dags/stoke_dag.py took 0.121 seconds
[2026-09-17T10:50:24.870+0000] {processor.py:161} INFO - Started process (PID=192) to work on /opt/airflow/dags/stoke_dag.py
[2026-09-17T10:50:24.872+0000] {processor.py:830} INFO - Processing file /opt/airflow/dags/stoke_dag.py for tasks to queue
[2026-09-17T10:50:24.875+0000] {logging_mixin.py:188} INFO - [2026-09-17T10:50:24.875+0000] {dagbag.py:545} INFO - Filling up the DagBag from /opt/airflow/dags/stoke_dag.py
[2026-09-17T10:50:24.898+0000] {processor.py:840} INFO - DAG(s) 'save_data' retrieved from /opt/airflow/dags/stoke_dag.py
[2026-09-17T10:50:24.922+0000] {logging_mixin.py:188} INFO - [2026-09-17T10:50:24.921+0000] {dag.py:3096} INFO - Sync 1 DAGs
[2026-09-17T10:50:24.933+0000] {logging_mixin.py:188} INFO - [2026-09-17T10:50:24.932+0000] {dag.py:3954} INFO - Setting next_dagrun for save_data to None, run_after=None
[2026-09-17T10:50:24.958+0000] {processor.py:183} INFO - Processing /opt/airflow/dags/stoke_dag.py took 0.096 seconds
[2026-09-17T10:50:55.242+0000] {processor.py:161} INFO - Started process (PID=201) to work on /opt/airflow/dags/stoke_dag.py
[2026-09-17T10:50:55.244+0000] {processor.py:830} INFO - Processing file /opt/airflow/dags/stoke_dag.py for tasks to queue
[2026-09-17T10:50:55.248+0000] {logging_mixin.py:188} INFO - [2026-09-17T10:50:55.247+0000] {dagbag.py:545} INFO - Filling up the DagBag from /opt/airflow/dags/stoke_dag.py
[2026-09-17T10:50:55.281+0000] {processor.py:840} INFO - DAG(s) 'save_data' retrieved from /opt/airflow/dags/stoke_dag.py
[2026-09-17T10:50:55.319+0000] {logging_mixin.py:188} INFO - [2026-09-17T10:50:55.318+0000] {dag.py:3096} INFO - Sync 1 DAGs
[2026-09-17T10:50:55.340+0000] {logging_mixin.py:188} INFO - [2026-09-17T10:50:55.340+0000] {dag.py:3954} INFO - Setting next_dagrun for save_data to None, run_after=None
[2026-09-17T10:50:55.383+0000] {processor.py:183} INFO - Processing /opt/airflow/dags/stoke_dag.py took 0.153 seconds
[2026-09-17T10:51:25.657+0000] {processor.py:161} INFO - Started process (PID=210) to work on /opt/airflow/dags/stoke_dag.py
[2026-09-17T10:51:25.659+0000] {processor.py:830} INFO - Processing file /opt/airflow/dags/stoke_dag.py for tasks to queue
[2026-09-17T10:51:25.662+0000] {logging_mixin.py:188} INFO - [2026-09-17T10:51:25.661+0000] {dagbag.py:545} INFO - Filling up the DagBag from /opt/airflow/dags/stoke_dag.py
[2026-09-17T10:51:25.678+0000] {processor.py:840} INFO - DAG(s) 'save_data' retrieved from /opt/airflow/dags/stoke_dag.py
[2026-09-17T10:51:25.700+0000] {logging_mixin.py:188} INFO - [2026-09-17T10:51:25.700+0000] {dag.py:3096} INFO - Sync 1 DAGs
[2026-09-17T10:51:25.712+0000] {logging_mixin.py:188} INFO - [2026-09-17T10:51:25.712+0000] {dag.py:3954} INFO - Setting next_dagrun for save_data to None, run_after=None
[2026-09-17T10:51:25.736+0000] {processor.py:183} INFO - Processing /opt/airflow/dags/stoke_dag.py took 0.084 seconds
[2026-09-17T10:51:56.011+0000] {processor.py:161} INFO - Started process (PID=219) to work on /opt/airflow/dags/stoke_dag.py
[2026-09-17T10:51:56.013+0000] {processor.py:830} INFO - Processing file /opt/airflow/dags/stoke_dag.py for tasks to queue
[2026-09-17T10:51:56.016+0000] {logging_mixin.py:188} INFO - [2026-09-17T10:51:56.015+0000] {dagbag.py:545} INFO - Filling up the DagBag from /opt/airflow/dags/stoke_dag.py
[2026-09-17T10:51:56.037+0000] {processor.py:840} INFO - DAG(s) 'save_data' retrieved from /opt/airflow/dags/stoke_dag.py
[2026-09-17T10:51:56.069+0000] {logging_mixin.py:188} INFO - [2026-09-17T10:51:56.069+0000] {dag.py:3096} INFO - Sync 1 DAGs
[2026-09-17T10:51:56.085+0000] {logging_mixin.py:188} INFO - [2026-09-17T10:51:56.085+0000] {dag.py:3954} INFO - Setting next_dagrun for save_data to None, run_after=None
[2026-09-17T10:51:56.110+0000] {processor.py:183} INFO - Processing /opt/airflow/dags/stoke_dag.py took 0.105 seconds
[2026-09-17T10:52:26.383+0000] {processor.py:161} INFO - Started process (PID=228) to work on /opt/airflow/dags/stoke_dag.py
[2026-09-17T10:52:26.384+0000] {processor.py:830} INFO - Processing file /opt/airflow/dags/stoke_dag.py for tasks to queue
[2026-09-17T10:52:26.389+0000] {logging_mixin.py:188} INFO - [2026-09-17T10:52:26.388+0000] {dagbag.py:545} INFO - Filling up the DagBag from /opt/airflow/dags/stoke_dag.py
[2026-09-17T10:52:26.412+0000] {processor.py:840} INFO - DAG(s) 'save_data' retrieved from /opt/airflow/dags/stoke_dag.py
[2026-09-17T10:52:26.437+0000] {logging_mixin.py:188} INFO - [2026-09-17T10:52:26.437+0000] {dag.py:3096} INFO - Sync 1 DAGs
[2026-09-17T10:52:26.451+0000] {logging_mixin.py:188} INFO - [2026-09-17T10:52:26.450+0000] {dag.py:3954} INFO - Setting next_dagrun for save_data to None, run_after=None
[2026-09-17T10:52:26.474+0000] {processor.py:183} INFO - Processing /opt/airflow/dags/stoke_dag.py took 0.100 seconds
[2026-09-17T10:52:56.632+0000] {processor.py:161} INFO - Started process (PID=237) to work on /opt/airflow/dags/stoke_dag.py
[2026-09-17T10:52:56.633+0000] {processor.py:830} INFO - Processing file /opt/airflow/dags/stoke_dag.py for tasks to queue
[2026-09-17T10:52:56.638+0000] {logging_mixin.py:188} INFO - [2026-09-17T10:52:56.637+0000] {dagbag.py:545} INFO - Filling up the DagBag from /opt/airflow/dags/stoke_dag.py
[2026-09-17T10:52:56.671+0000] {processor.py:840} INFO - DAG(s) 'save_data' retrieved from /opt/airflow/dags/stoke_dag.py
[2026-09-17T10:52:56.721+0000] {logging_mixin.py:188} INFO - [2026-09-17T10:52:56.721+0000] {dag.py:3096} INFO - Sync 1 DAGs
[2026-09-17T10:52:56.748+0000] {logging_mixin.py:188} INFO - [2026-09-17T10:52:56.747+0000] {dag.py:3954} INFO - Setting next_dagrun for save_data to None, run_after=None
[2026-09-17T10:52:56.789+0000] {processor.py:183} INFO - Processing /opt/airflow/dags/stoke_dag.py took 0.169 seconds
[2026-09-17T10:53:27.022+0000] {processor.py:161} INFO - Started process (PID=246) to work on /opt/airflow/dags/stoke_dag.py
[2026-09-17T10:53:27.023+0000] {processor.py:830} INFO - Processing file /opt/airflow/dags/stoke_dag.py for tasks to queue
[2026-09-17T10:53:27.025+0000] {logging_mixin.py:188} INFO - [2026-09-17T10:53:27.025+0000] {dagbag.py:545} INFO - Filling up the DagBag from /opt/airflow/dags/stoke_dag.py
[2026-09-17T10:53:27.047+0000] {processor.py:840} INFO - DAG(s) 'save_data' retrieved from /opt/airflow/dags/stoke_dag.py
[2026-09-17T10:53:27.075+0000] {logging_mixin.py:188} INFO - [2026-09-17T10:53:27.075+0000] {dag.py:3096} INFO - Sync 1 DAGs
[2026-09-17T10:53:27.088+0000] {logging_mixin.py:188} INFO - [2026-09-17T10:53:27.088+0000] {dag.py:3954} INFO - Setting next_dagrun for save_data to None, run_after=None
[2026-09-17T10:53:27.111+0000] {processor.py:183} INFO - Processing /opt/airflow/dags/stoke_dag.py took 0.095 seconds
[2026-09-17T10:53:57.370+0000] {processor.py:161} INFO - Started process (PID=255) to work on /opt/airflow/dags/stoke_dag.py
[2026-09-17T10:53:57.371+0000] {processor.py:830} INFO - Processing file /opt/airflow/dags/stoke_dag.py for tasks to queue
[2026-09-17T10:53:57.375+0000] {logging_mixin.py:188} INFO - [2026-09-17T10:53:57.374+0000] {dagbag.py:545} INFO - Filling up the DagBag from /opt/airflow/dags/stoke_dag.py
[2026-09-17T10:53:57.395+0000] {processor.py:840} INFO - DAG(s) 'save_data' retrieved from /opt/airflow/dags/stoke_dag.py
[2026-09-17T10:53:57.417+0000] {logging_mixin.py:188} INFO - [2026-09-17T10:53:57.417+0000] {dag.py:3096} INFO - Sync 1 DAGs
[2026-09-17T10:53:57.430+0000] {logging_mixin.py:188} INFO - [2026-09-17T10:53:57.429+0000] {dag.py:3954} INFO - Setting next_dagrun for save_data to None, run_after=None
[2026-09-17T10:53:57.453+0000] {processor.py:183} INFO - Processing /opt/airflow/dags/stoke_dag.py took 0.090 seconds
[2026-09-17T10:54:27.704+0000] {processor.py:161} INFO - Started process (PID=264) to work on /opt/airflow/dags/stoke_dag.py
[2026-09-17T10:54:27.705+0000] {processor.py:830} INFO - Processing file /opt/airflow/dags/stoke_dag.py for tasks to queue
[2026-09-17T10:54:27.708+0000] {logging_mixin.py:188} INFO - [2026-09-17T10:54:27.708+0000] {dagbag.py:545} INFO - Filling up the DagBag from /opt/airflow/dags/stoke_dag.py
[2026-09-17T10:54:27.734+0000] {processor.py:840} INFO - DAG(s) 'save_data' retrieved from /opt/airflow/dags/stoke_dag.py
[2026-09-17T10:54:27.769+0000] {logging_mixin.py:188} INFO - [2026-09-17T10:54:27.769+0000] {dag.py:3096} INFO - Sync 1 DAGs
[2026-09-17T10:54:27.785+0000] {logging_mixin.py:188} INFO - [2026-09-17T10:54:27.785+0000] {dag.py:3954} INFO - Setting next_dagrun for save_data to None, run_after=None
[2026-09-17T10:54:27.820+0000] {processor.py:183} INFO - Processing /opt/airflow/dags/stoke_dag.py took 0.126 seconds
[2026-09-17T10:54:58.170+0000] {processor.py:161} INFO - Started process (PID=273) to work on /opt/airflow/dags/stoke_dag.py
[2026-09-17T10:54:58.172+0000] {processor.py:830} INFO - Processing file /opt/airflow/dags/stoke_dag.py for tasks to queue
[2026-09-17T10:54:58.175+0000] {logging_mixin.py:188} INFO - [2026-09-17T10:54:58.174+0000] {dagbag.py:545} INFO - Filling up the DagBag from /opt/airflow/dags/stoke_dag.py
[2026-09-17T10:54:58.204+0000] {processor.py:840} INFO - DAG(s) 'save_data' retrieved from /opt/airflow/dags/stoke_dag.py
[2026-09-17T10:54:58.240+0000] {logging_mixin.py:188} INFO - [2026-09-17T10:54:58.240+0000] {dag.py:3096} INFO - Sync 1 DAGs
[2026-09-17T10:54:58.256+0000] {logging_mixin.py:188} INFO - [2026-09-17T10:54:58.256+0000] {dag.py:3954} INFO - Setting next_dagrun for save_data to None, run_after=None
[2026-09-17T10:54:58.280+0000] {processor.py:183} INFO - Processing /opt/airflow/dags/stoke_dag.py took 0.121 seconds
[2026-09-17T10:55:28.529+0000] {processor.py:161} INFO - Started process (PID=282) to work on /opt/airflow/dags/stoke_dag.py
[2026-09-17T10:55:28.530+0000] {processor.py:830} INFO - Processing file /opt/airflow/dags/stoke_dag.py for tasks to queue
[2026-09-17T10:55:28.532+0000] {logging_mixin.py:188} INFO - [2026-09-17T10:55:28.532+0000] {dagbag.py:545} INFO - Filling up the DagBag from /opt/airflow/dags/stoke_dag.py
[2026-09-17T10:55:28.553+0000] {processor.py:840} INFO - DAG(s) 'save_data' retrieved from /opt/airflow/dags/stoke_dag.py
[2026-09-17T10:55:28.582+0000] {logging_mixin.py:188} INFO - [2026-09-17T10:55:28.582+0000] {dag.py:3096} INFO - Sync 1 DAGs
[2026-09-17T10:55:28.596+0000] {logging_mixin.py:188} INFO - [2026-09-17T10:55:28.596+0000] {dag.py:3954} INFO - Setting next_dagrun for save_data to None, run_after=None
[2026-09-17T10:55:28.622+0000] {processor.py:183} INFO - Processing /opt/airflow/dags/stoke_dag.py took 0.099 seconds
[2026-09-17T10:55:58.863+0000] {processor.py:161} INFO - Started process (PID=291) to work on /opt/airflow/dags/stoke_dag.py
[2026-09-17T10:55:58.865+0000] {processor.py:830} INFO - Processing file /opt/airflow/dags/stoke_dag.py for tasks to queue
[2026-09-17T10:55:58.867+0000] {logging_mixin.py:188} INFO - [2026-09-17T10:55:58.866+0000] {dagbag.py:545} INFO - Filling up the DagBag from /opt/airflow/dags/stoke_dag.py
[2026-09-17T10:55:58.883+0000] {processor.py:840} INFO - DAG(s) 'save_data' retrieved from /opt/airflow/dags/stoke_dag.py
[2026-09-17T10:55:58.912+0000] {logging_mixin.py:188} INFO - [2026-09-17T10:55:58.912+0000] {dag.py:3096} INFO - Sync 1 DAGs
[2026-09-17T10:55:58.925+0000] {logging_mixin.py:188} INFO - [2026-09-17T10:55:58.925+0000] {dag.py:3954} INFO - Setting next_dagrun for save_data to None, run_after=None
[2026-09-17T10:55:58.948+0000] {processor.py:183} INFO - Processing /opt/airflow/dags/stoke_dag.py took 0.092 seconds
[2026-09-17T10:56:29.207+0000] {processor.py:161} INFO - Started process (PID=304) to work on /opt/airflow/dags/stoke_dag.py
[2026-09-17T10:56:29.209+0000] {processor.py:830} INFO - Processing file /opt/airflow/dags/stoke_dag.py for tasks to queue
[2026-09-17T10:56:29.213+0000] {logging_mixin.py:188} INFO - [2026-09-17T10:56:29.212+0000] {dagbag.py:545} INFO - Filling up the DagBag from /opt/airflow/dags/stoke_dag.py
[2026-09-17T10:56:29.241+0000] {processor.py:840} INFO - DAG(s) 'save_data' retrieved from /opt/airflow/dags/stoke_dag.py
[2026-09-17T10:56:29.279+0000] {logging_mixin.py:188} INFO - [2026-09-17T10:56:29.279+0000] {dag.py:3096} INFO - Sync 1 DAGs
[2026-09-17T10:56:29.295+0000] {logging_mixin.py:188} INFO - [2026-09-17T10:56:29.295+0000] {dag.py:3954} INFO - Setting next_dagrun for save_data to None, run_after=None
[2026-09-17T10:56:29.318+0000] {processor.py:183} INFO - Processing /opt/airflow/dags/stoke_dag.py took 0.118 seconds
[2026-09-17T10:56:59.590+0000] {processor.py:161} INFO - Started process (PID=313) to work on /opt/airflow/dags/stoke_dag.py
[2026-09-17T10:56:59.591+0000] {processor.py:830} INFO - Processing file /opt/airflow/dags/stoke_dag.py for tasks to queue
[2026-09-17T10:56:59.594+0000] {logging_mixin.py:188} INFO - [2026-09-17T10:56:59.593+0000] {dagbag.py:545} INFO - Filling up the DagBag from /opt/airflow/dags/stoke_dag.py
[2026-09-17T10:56:59.614+0000] {processor.py:840} INFO - DAG(s) 'save_data' retrieved from /opt/airflow/dags/stoke_dag.py
[2026-09-17T10:56:59.640+0000] {logging_mixin.py:188} INFO - [2026-09-17T10:56:59.640+0000] {dag.py:3096} INFO - Sync 1 DAGs
[2026-09-17T10:56:59.661+0000] {logging_mixin.py:188} INFO - [2026-09-17T10:56:59.661+0000] {dag.py:3954} INFO - Setting next_dagrun for save_data to None, run_after=None
[2026-09-17T10:56:59.693+0000] {processor.py:183} INFO - Processing /opt/airflow/dags/stoke_dag.py took 0.109 seconds
[2026-09-17T10:57:29.945+0000] {processor.py:161} INFO - Started process (PID=322) to work on /opt/airflow/dags/stoke_dag.py
[2026-09-17T10:57:29.947+0000] {processor.py:830} INFO - Processing file /opt/airflow/dags/stoke_dag.py for tasks to queue
[2026-09-17T10:57:29.950+0000] {logging_mixin.py:188} INFO - [2026-09-17T10:57:29.949+0000] {dagbag.py:545} INFO - Filling up the DagBag from /opt/airflow/dags/stoke_dag.py
[2026-09-17T10:57:29.969+0000] {processor.py:840} INFO - DAG(s) 'save_data' retrieved from /opt/airflow/dags/stoke_dag.py
[2026-09-17T10:57:29.997+0000] {logging_mixin.py:188} INFO - [2026-09-17T10:57:29.996+0000] {dag.py:3096} INFO - Sync 1 DAGs
[2026-09-17T10:57:30.009+0000] {logging_mixin.py:188} INFO - [2026-09-17T10:57:30.009+0000] {dag.py:3954} INFO - Setting next_dagrun for save_data to None, run_after=None
[2026-09-17T10:57:30.030+0000] {processor.py:183} INFO - Processing /opt/airflow/dags/stoke_dag.py took 0.092 seconds
[2026-09-17T10:58:00.328+0000] {processor.py:161} INFO - Started process (PID=331) to work on /opt/airflow/dags/stoke_dag.py
[2026-09-17T10:58:00.329+0000] {processor.py:830} INFO - Processing file /opt/airflow/dags/stoke_dag.py for tasks to queue
[2026-09-17T10:58:00.332+0000] {logging_mixin.py:188} INFO - [2026-09-17T10:58:00.332+0000] {dagbag.py:545} INFO - Filling up the DagBag from /opt/airflow/dags/stoke_dag.py
[2026-09-17T10:58:00.350+0000] {processor.py:840} INFO - DAG(s) 'save_data' retrieved from /opt/airflow/dags/stoke_dag.py
[2026-09-17T10:58:00.374+0000] {logging_mixin.py:188} INFO - [2026-09-17T10:58:00.374+0000] {dag.py:3096} INFO - Sync 1 DAGs
[2026-09-17T10:58:00.404+0000] {logging_mixin.py:188} INFO - [2026-09-17T10:58:00.404+0000] {dag.py:3954} INFO - Setting next_dagrun for save_data to None, run_after=None
[2026-09-17T10:58:00.443+0000] {processor.py:183} INFO - Processing /opt/airflow/dags/stoke_dag.py took 0.126 seconds
[2026-09-17T10:58:30.754+0000] {processor.py:161} INFO - Started process (PID=340) to work on /opt/airflow/dags/stoke_dag.py
[2026-09-17T10:58:30.755+0000] {processor.py:830} INFO - Processing file /opt/airflow/dags/stoke_dag.py for tasks to queue
[2026-09-17T10:58:30.758+0000] {logging_mixin.py:188} INFO - [2026-09-17T10:58:30.758+0000] {dagbag.py:545} INFO - Filling up the DagBag from /opt/airflow/dags/stoke_dag.py
[2026-09-17T10:58:30.786+0000] {processor.py:840} INFO - DAG(s) 'save_data' retrieved from /opt/airflow/dags/stoke_dag.py
[2026-09-17T10:58:30.820+0000] {logging_mixin.py:188} INFO - [2026-09-17T10:58:30.820+0000] {dag.py:3096} INFO - Sync 1 DAGs
[2026-09-17T10:58:30.837+0000] {logging_mixin.py:188} INFO - [2026-09-17T10:58:30.836+0000] {dag.py:3954} INFO - Setting next_dagrun for save_data to None, run_after=None
[2026-09-17T10:58:30.865+0000] {processor.py:183} INFO - Processing /opt/airflow/dags/stoke_dag.py took 0.122 seconds
[2026-09-17T10:59:01.154+0000] {processor.py:161} INFO - Started process (PID=349) to work on /opt/airflow/dags/stoke_dag.py
[2026-09-17T10:59:01.155+0000] {processor.py:830} INFO - Processing file /opt/airflow/dags/stoke_dag.py for tasks to queue
[2026-09-17T10:59:01.157+0000] {logging_mixin.py:188} INFO - [2026-09-17T10:59:01.157+0000] {dagbag.py:545} INFO - Filling up the DagBag from /opt/airflow/dags/stoke_dag.py
[2026-09-17T10:59:01.174+0000] {processor.py:840} INFO - DAG(s) 'save_data' retrieved from /opt/airflow/dags/stoke_dag.py
[2026-09-17T10:59:01.195+0000] {logging_mixin.py:188} INFO - [2026-09-17T10:59:01.195+0000] {dag.py:3096} INFO - Sync 1 DAGs
[2026-09-17T10:59:01.207+0000] {logging_mixin.py:188} INFO - [2026-09-17T10:59:01.207+0000] {dag.py:3954} INFO - Setting next_dagrun for save_data to None, run_after=None
[2026-09-17T10:59:01.229+0000] {processor.py:183} INFO - Processing /opt/airflow/dags/stoke_dag.py took 0.081 seconds
[2026-09-17T10:59:31.465+0000] {processor.py:161} INFO - Started process (PID=356) to work on /opt/airflow/dags/stoke_dag.py
[2026-09-17T10:59:31.472+0000] {processor.py:830} INFO - Processing file /opt/airflow/dags/stoke_dag.py for tasks to queue
[2026-09-17T10:59:31.477+0000] {logging_mixin.py:188} INFO - [2026-09-17T10:59:31.476+0000] {dagbag.py:545} INFO - Filling up the DagBag from /opt/airflow/dags/stoke_dag.py
[2026-09-17T10:59:31.519+0000] {processor.py:840} INFO - DAG(s) 'save_data' retrieved from /opt/airflow/dags/stoke_dag.py
[2026-09-17T10:59:31.576+0000] {logging_mixin.py:188} INFO - [2026-09-17T10:59:31.576+0000] {dag.py:3096} INFO - Sync 1 DAGs
[2026-09-17T10:59:31.600+0000] {logging_mixin.py:188} INFO - [2026-09-17T10:59:31.600+0000] {dag.py:3954} INFO - Setting next_dagrun for save_data to None, run_after=None
[2026-09-17T10:59:31.640+0000] {processor.py:183} INFO - Processing /opt/airflow/dags/stoke_dag.py took 0.189 seconds
[2026-09-17T11:00:01.943+0000] {processor.py:161} INFO - Started process (PID=365) to work on /opt/airflow/dags/stoke_dag.py
[2026-09-17T11:00:01.944+0000] {processor.py:830} INFO - Processing file /opt/airflow/dags/stoke_dag.py for tasks to queue
[2026-09-17T11:00:01.946+0000] {logging_mixin.py:188} INFO - [2026-09-17T11:00:01.945+0000] {dagbag.py:545} INFO - Filling up the DagBag from /opt/airflow/dags/stoke_dag.py
[2026-09-17T11:00:01.962+0000] {processor.py:840} INFO - DAG(s) 'save_data' retrieved from /opt/airflow/dags/stoke_dag.py
[2026-09-17T11:00:01.986+0000] {logging_mixin.py:188} INFO - [2026-09-17T11:00:01.986+0000] {dag.py:3096} INFO - Sync 1 DAGs
[2026-09-17T11:00:01.999+0000] {logging_mixin.py:188} INFO - [2026-09-17T11:00:01.999+0000] {dag.py:3954} INFO - Setting next_dagrun for save_data to None, run_after=None
[2026-09-17T11:00:02.024+0000] {processor.py:183} INFO - Processing /opt/airflow/dags/stoke_dag.py took 0.087 seconds
[2026-09-17T11:00:32.304+0000] {processor.py:161} INFO - Started process (PID=374) to work on /opt/airflow/dags/stoke_dag.py
[2026-09-17T11:00:32.306+0000] {processor.py:830} INFO - Processing file /opt/airflow/dags/stoke_dag.py for tasks to queue
[2026-09-17T11:00:32.308+0000] {logging_mixin.py:188} INFO - [2026-09-17T11:00:32.307+0000] {dagbag.py:545} INFO - Filling up the DagBag from /opt/airflow/dags/stoke_dag.py
[2026-09-17T11:00:32.325+0000] {processor.py:840} INFO - DAG(s) 'save_data' retrieved from /opt/airflow/dags/stoke_dag.py
[2026-09-17T11:00:32.351+0000] {logging_mixin.py:188} INFO - [2026-09-17T11:00:32.351+0000] {dag.py:3096} INFO - Sync 1 DAGs
[2026-09-17T11:00:32.365+0000] {logging_mixin.py:188} INFO - [2026-09-17T11:00:32.364+0000] {dag.py:3954} INFO - Setting next_dagrun for save_data to None, run_after=None
[2026-09-17T11:00:32.388+0000] {processor.py:183} INFO - Processing /opt/airflow/dags/stoke_dag.py took 0.090 seconds
[2026-09-17T11:01:02.681+0000] {processor.py:161} INFO - Started process (PID=383) to work on /opt/airflow/dags/stoke_dag.py
[2026-09-17T11:01:02.683+0000] {processor.py:830} INFO - Processing file /opt/airflow/dags/stoke_dag.py for tasks to queue
[2026-09-17T11:01:02.685+0000] {logging_mixin.py:188} INFO - [2026-09-17T11:01:02.685+0000] {dagbag.py:545} INFO - Filling up the DagBag from /opt/airflow/dags/stoke_dag.py
[2026-09-17T11:01:02.713+0000] {processor.py:840} INFO - DAG(s) 'save_data' retrieved from /opt/airflow/dags/stoke_dag.py
[2026-09-17T11:01:02.749+0000] {logging_mixin.py:188} INFO - [2026-09-17T11:01:02.749+0000] {dag.py:3096} INFO - Sync 1 DAGs
[2026-09-17T11:01:02.764+0000] {logging_mixin.py:188} INFO - [2026-09-17T11:01:02.764+0000] {dag.py:3954} INFO - Setting next_dagrun for save_data to None, run_after=None
[2026-09-17T11:01:02.789+0000] {processor.py:183} INFO - Processing /opt/airflow/dags/stoke_dag.py took 0.115 seconds
[2026-09-17T11:01:33.070+0000] {processor.py:161} INFO - Started process (PID=392) to work on /opt/airflow/dags/stoke_dag.py
[2026-09-17T11:01:33.071+0000] {processor.py:830} INFO - Processing file /opt/airflow/dags/stoke_dag.py for tasks to queue
[2026-09-17T11:01:33.074+0000] {logging_mixin.py:188} INFO - [2026-09-17T11:01:33.074+0000] {dagbag.py:545} INFO - Filling up the DagBag from /opt/airflow/dags/stoke_dag.py
[2026-09-17T11:01:33.092+0000] {processor.py:840} INFO - DAG(s) 'save_data' retrieved from /opt/airflow/dags/stoke_dag.py
[2026-09-17T11:01:33.117+0000] {logging_mixin.py:188} INFO - [2026-09-17T11:01:33.117+0000] {dag.py:3096} INFO - Sync 1 DAGs
[2026-09-17T11:01:33.130+0000] {logging_mixin.py:188} INFO - [2026-09-17T11:01:33.129+0000] {dag.py:3954} INFO - Setting next_dagrun for save_data to None, run_after=None
[2026-09-17T11:01:33.151+0000] {processor.py:183} INFO - Processing /opt/airflow/dags/stoke_dag.py took 0.087 seconds
[2026-09-17T11:02:03.453+0000] {processor.py:161} INFO - Started process (PID=401) to work on /opt/airflow/dags/stoke_dag.py
[2026-09-17T11:02:03.455+0000] {processor.py:830} INFO - Processing file /opt/airflow/dags/stoke_dag.py for tasks to queue
[2026-09-17T11:02:03.458+0000] {logging_mixin.py:188} INFO - [2026-09-17T11:02:03.457+0000] {dagbag.py:545} INFO - Filling up the DagBag from /opt/airflow/dags/stoke_dag.py
[2026-09-17T11:02:03.483+0000] {processor.py:840} INFO - DAG(s) 'save_data' retrieved from /opt/airflow/dags/stoke_dag.py
[2026-09-17T11:02:03.525+0000] {logging_mixin.py:188} INFO - [2026-09-17T11:02:03.524+0000] {dag.py:3096} INFO - Sync 1 DAGs
[2026-09-17T11:02:03.545+0000] {logging_mixin.py:188} INFO - [2026-09-17T11:02:03.545+0000] {dag.py:3954} INFO - Setting next_dagrun for save_data to None, run_after=None
[2026-09-17T11:02:03.580+0000] {processor.py:183} INFO - Processing /opt/airflow/dags/stoke_dag.py took 0.137 seconds
[2026-09-17T11:02:33.880+0000] {processor.py:161} INFO - Started process (PID=410) to work on /opt/airflow/dags/stoke_dag.py
[2026-09-17T11:02:33.883+0000] {processor.py:830} INFO - Processing file /opt/airflow/dags/stoke_dag.py for tasks to queue
[2026-09-17T11:02:33.888+0000] {logging_mixin.py:188} INFO - [2026-09-17T11:02:33.888+0000] {dagbag.py:545} INFO - Filling up the DagBag from /opt/airflow/dags/stoke_dag.py
[2026-09-17T11:02:33.930+0000] {processor.py:840} INFO - DAG(s) 'save_data' retrieved from /opt/airflow/dags/stoke_dag.py
[2026-09-17T11:02:33.978+0000] {logging_mixin.py:188} INFO - [2026-09-17T11:02:33.978+0000] {dag.py:3096} INFO - Sync 1 DAGs
[2026-09-17T11:02:34.001+0000] {logging_mixin.py:188} INFO - [2026-09-17T11:02:33.999+0000] {dag.py:3954} INFO - Setting next_dagrun for save_data to None, run_after=None
[2026-09-17T11:02:34.035+0000] {processor.py:183} INFO - Processing /opt/airflow/dags/stoke_dag.py took 0.165 seconds
[2026-09-17T11:03:04.358+0000] {processor.py:161} INFO - Started process (PID=419) to work on /opt/airflow/dags/stoke_dag.py
[2026-09-17T11:03:04.360+0000] {processor.py:830} INFO - Processing file /opt/airflow/dags/stoke_dag.py for tasks to queue
[2026-09-17T11:03:04.362+0000] {logging_mixin.py:188} INFO - [2026-09-17T11:03:04.361+0000] {dagbag.py:545} INFO - Filling up the DagBag from /opt/airflow/dags/stoke_dag.py
[2026-09-17T11:03:04.379+0000] {processor.py:840} INFO - DAG(s) 'save_data' retrieved from /opt/airflow/dags/stoke_dag.py
[2026-09-17T11:03:04.404+0000] {logging_mixin.py:188} INFO - [2026-09-17T11:03:04.404+0000] {dag.py:3096} INFO - Sync 1 DAGs
[2026-09-17T11:03:04.418+0000] {logging_mixin.py:188} INFO - [2026-09-17T11:03:04.417+0000] {dag.py:3954} INFO - Setting next_dagrun for save_data to None, run_after=None
[2026-09-17T11:03:04.441+0000] {processor.py:183} INFO - Processing /opt/airflow/dags/stoke_dag.py took 0.090 seconds
[2026-09-17T11:03:34.798+0000] {processor.py:161} INFO - Started process (PID=428) to work on /opt/airflow/dags/stoke_dag.py
[2026-09-17T11:03:34.800+0000] {processor.py:830} INFO - Processing file /opt/airflow/dags/stoke_dag.py for tasks to queue
[2026-09-17T11:03:34.802+0000] {logging_mixin.py:188} INFO - [2026-09-17T11:03:34.801+0000] {dagbag.py:545} INFO - Filling up the DagBag from /opt/airflow/dags/stoke_dag.py
[2026-09-17T11:03:34.820+0000] {processor.py:840} INFO - DAG(s) 'save_data' retrieved from /opt/airflow/dags/stoke_dag.py
[2026-09-17T11:03:34.841+0000] {logging_mixin.py:188} INFO - [2026-09-17T11:03:34.841+0000] {dag.py:3096} INFO - Sync 1 DAGs
[2026-09-17T11:03:34.857+0000] {logging_mixin.py:188} INFO - [2026-09-17T11:03:34.856+0000] {dag.py:3954} INFO - Setting next_dagrun for save_data to None, run_after=None
[2026-09-17T11:03:34.886+0000] {processor.py:183} INFO - Processing /opt/airflow/dags/stoke_dag.py took 0.094 seconds
[2026-09-17T11:04:05.260+0000] {processor.py:161} INFO - Started process (PID=437) to work on /opt/airflow/dags/stoke_dag.py
[2026-09-17T11:04:05.262+0000] {processor.py:830} INFO - Processing file /opt/airflow/dags/stoke_dag.py for tasks to queue
[2026-09-17T11:04:05.264+0000] {logging_mixin.py:188} INFO - [2026-09-17T11:04:05.263+0000] {dagbag.py:545} INFO - Filling up the DagBag from /opt/airflow/dags/stoke_dag.py
[2026-09-17T11:04:05.281+0000] {processor.py:840} INFO - DAG(s) 'save_data' retrieved from /opt/airflow/dags/stoke_dag.py
[2026-09-17T11:04:05.306+0000] {logging_mixin.py:188} INFO - [2026-09-17T11:04:05.306+0000] {dag.py:3096} INFO - Sync 1 DAGs
[2026-09-17T11:04:05.318+0000] {logging_mixin.py:188} INFO - [2026-09-17T11:04:05.318+0000] {dag.py:3954} INFO - Setting next_dagrun for save_data to None, run_after=None
[2026-09-17T11:04:05.341+0000] {processor.py:183} INFO - Processing /opt/airflow/dags/stoke_dag.py took 0.087 seconds
[2026-09-17T11:04:35.662+0000] {processor.py:161} INFO - Started process (PID=446) to work on /opt/airflow/dags/stoke_dag.py
[2026-09-17T11:04:35.663+0000] {processor.py:830} INFO - Processing file /opt/airflow/dags/stoke_dag.py for tasks to queue
[2026-09-17T11:04:35.666+0000] {logging_mixin.py:188} INFO - [2026-09-17T11:04:35.666+0000] {dagbag.py:545} INFO - Filling up the DagBag from /opt/airflow/dags/stoke_dag.py
[2026-09-17T11:04:35.692+0000] {processor.py:840} INFO - DAG(s) 'save_data' retrieved from /opt/airflow/dags/stoke_dag.py
[2026-09-17T11:04:35.717+0000] {logging_mixin.py:188} INFO - [2026-09-17T11:04:35.717+0000] {dag.py:3096} INFO - Sync 1 DAGs
[2026-09-17T11:04:35.731+0000] {logging_mixin.py:188} INFO - [2026-09-17T11:04:35.731+0000] {dag.py:3954} INFO - Setting next_dagrun for save_data to None, run_after=None
[2026-09-17T11:04:35.758+0000] {processor.py:183} INFO - Processing /opt/airflow/dags/stoke_dag.py took 0.106 seconds
[2026-09-17T11:05:05.864+0000] {processor.py:161} INFO - Started process (PID=455) to work on /opt/airflow/dags/stoke_dag.py
[2026-09-17T11:05:05.867+0000] {processor.py:830} INFO - Processing file /opt/airflow/dags/stoke_dag.py for tasks to queue
[2026-09-17T11:05:05.870+0000] {logging_mixin.py:188} INFO - [2026-09-17T11:05:05.870+0000] {dagbag.py:545} INFO - Filling up the DagBag from /opt/airflow/dags/stoke_dag.py
[2026-09-17T11:05:05.912+0000] {processor.py:840} INFO - DAG(s) 'save_data' retrieved from /opt/airflow/dags/stoke_dag.py
[2026-09-17T11:05:05.988+0000] {logging_mixin.py:188} INFO - [2026-09-17T11:05:05.988+0000] {dag.py:3096} INFO - Sync 1 DAGs
[2026-09-17T11:05:06.066+0000] {logging_mixin.py:188} INFO - [2026-09-17T11:05:06.066+0000] {dag.py:3954} INFO - Setting next_dagrun for save_data to None, run_after=None
[2026-09-17T11:05:06.212+0000] {processor.py:183} INFO - Processing /opt/airflow/dags/stoke_dag.py took 0.361 seconds
[2026-09-17T11:05:36.849+0000] {processor.py:161} INFO - Started process (PID=464) to work on /opt/airflow/dags/stoke_dag.py
[2026-09-17T11:05:36.850+0000] {processor.py:830} INFO - Processing file /opt/airflow/dags/stoke_dag.py for tasks to queue
[2026-09-17T11:05:36.853+0000] {logging_mixin.py:188} INFO - [2026-09-17T11:05:36.853+0000] {dagbag.py:545} INFO - Filling up the DagBag from /opt/airflow/dags/stoke_dag.py
[2026-09-17T11:05:36.877+0000] {processor.py:840} INFO - DAG(s) 'save_data' retrieved from /opt/airflow/dags/stoke_dag.py
[2026-09-17T11:05:36.901+0000] {logging_mixin.py:188} INFO - [2026-09-17T11:05:36.901+0000] {dag.py:3096} INFO - Sync 1 DAGs
[2026-09-17T11:05:36.914+0000] {logging_mixin.py:188} INFO - [2026-09-17T11:05:36.914+0000] {dag.py:3954} INFO - Setting next_dagrun for save_data to None, run_after=None
[2026-09-17T11:05:36.947+0000] {processor.py:183} INFO - Processing /opt/airflow/dags/stoke_dag.py took 0.106 seconds
[2026-09-17T11:06:07.220+0000] {processor.py:161} INFO - Started process (PID=473) to work on /opt/airflow/dags/stoke_dag.py
[2026-09-17T11:06:07.222+0000] {processor.py:830} INFO - Processing file /opt/airflow/dags/stoke_dag.py for tasks to queue
[2026-09-17T11:06:07.224+0000] {logging_mixin.py:188} INFO - [2026-09-17T11:06:07.223+0000] {dagbag.py:545} INFO - Filling up the DagBag from /opt/airflow/dags/stoke_dag.py
[2026-09-17T11:06:07.248+0000] {processor.py:840} INFO - DAG(s) 'save_data' retrieved from /opt/airflow/dags/stoke_dag.py
[2026-09-17T11:06:07.274+0000] {logging_mixin.py:188} INFO - [2026-09-17T11:06:07.273+0000] {dag.py:3096} INFO - Sync 1 DAGs
[2026-09-17T11:06:07.286+0000] {logging_mixin.py:188} INFO - [2026-09-17T11:06:07.286+0000] {dag.py:3954} INFO - Setting next_dagrun for save_data to None, run_after=None
[2026-09-17T11:06:07.306+0000] {processor.py:183} INFO - Processing /opt/airflow/dags/stoke_dag.py took 0.094 seconds
[2026-09-17T11:06:37.447+0000] {processor.py:161} INFO - Started process (PID=482) to work on /opt/airflow/dags/stoke_dag.py
[2026-09-17T11:06:37.449+0000] {processor.py:830} INFO - Processing file /opt/airflow/dags/stoke_dag.py for tasks to queue
[2026-09-17T11:06:37.452+0000] {logging_mixin.py:188} INFO - [2026-09-17T11:06:37.451+0000] {dagbag.py:545} INFO - Filling up the DagBag from /opt/airflow/dags/stoke_dag.py
[2026-09-17T11:06:37.476+0000] {processor.py:840} INFO - DAG(s) 'save_data' retrieved from /opt/airflow/dags/stoke_dag.py
[2026-09-17T11:06:37.507+0000] {logging_mixin.py:188} INFO - [2026-09-17T11:06:37.507+0000] {dag.py:3096} INFO - Sync 1 DAGs
[2026-09-17T11:06:37.523+0000] {logging_mixin.py:188} INFO - [2026-09-17T11:06:37.523+0000] {dag.py:3954} INFO - Setting next_dagrun for save_data to None, run_after=None
[2026-09-17T11:06:37.551+0000] {processor.py:183} INFO - Processing /opt/airflow/dags/stoke_dag.py took 0.116 seconds
[2026-09-17T11:07:07.854+0000] {processor.py:161} INFO - Started process (PID=491) to work on /opt/airflow/dags/stoke_dag.py
[2026-09-17T11:07:07.855+0000] {processor.py:830} INFO - Processing file /opt/airflow/dags/stoke_dag.py for tasks to queue
[2026-09-17T11:07:07.857+0000] {logging_mixin.py:188} INFO - [2026-09-17T11:07:07.857+0000] {dagbag.py:545} INFO - Filling up the DagBag from /opt/airflow/dags/stoke_dag.py
[2026-09-17T11:07:07.877+0000] {processor.py:840} INFO - DAG(s) 'save_data' retrieved from /opt/airflow/dags/stoke_dag.py
[2026-09-17T11:07:07.902+0000] {logging_mixin.py:188} INFO - [2026-09-17T11:07:07.901+0000] {dag.py:3096} INFO - Sync 1 DAGs
[2026-09-17T11:07:07.914+0000] {logging_mixin.py:188} INFO - [2026-09-17T11:07:07.914+0000] {dag.py:3954} INFO - Setting next_dagrun for save_data to None, run_after=None
[2026-09-17T11:07:07.937+0000] {processor.py:183} INFO - Processing /opt/airflow/dags/stoke_dag.py took 0.089 seconds
[2026-09-17T11:07:38.387+0000] {processor.py:161} INFO - Started process (PID=500) to work on /opt/airflow/dags/stoke_dag.py
[2026-09-17T11:07:38.389+0000] {processor.py:830} INFO - Processing file /opt/airflow/dags/stoke_dag.py for tasks to queue
[2026-09-17T11:07:38.392+0000] {logging_mixin.py:188} INFO - [2026-09-17T11:07:38.392+0000] {dagbag.py:545} INFO - Filling up the DagBag from /opt/airflow/dags/stoke_dag.py
[2026-09-17T11:07:38.419+0000] {processor.py:840} INFO - DAG(s) 'save_data' retrieved from /opt/airflow/dags/stoke_dag.py
[2026-09-17T11:07:38.456+0000] {logging_mixin.py:188} INFO - [2026-09-17T11:07:38.456+0000] {dag.py:3096} INFO - Sync 1 DAGs
[2026-09-17T11:07:38.476+0000] {logging_mixin.py:188} INFO - [2026-09-17T11:07:38.475+0000] {dag.py:3954} INFO - Setting next_dagrun for save_data to None, run_after=None
[2026-09-17T11:07:38.516+0000] {processor.py:183} INFO - Processing /opt/airflow/dags/stoke_dag.py took 0.140 seconds
[2026-09-17T11:08:08.668+0000] {processor.py:161} INFO - Started process (PID=509) to work on /opt/airflow/dags/stoke_dag.py
[2026-09-17T11:08:08.669+0000] {processor.py:830} INFO - Processing file /opt/airflow/dags/stoke_dag.py for tasks to queue
[2026-09-17T11:08:08.672+0000] {logging_mixin.py:188} INFO - [2026-09-17T11:08:08.672+0000] {dagbag.py:545} INFO - Filling up the DagBag from /opt/airflow/dags/stoke_dag.py
[2026-09-17T11:08:08.692+0000] {processor.py:840} INFO - DAG(s) 'save_data' retrieved from /opt/airflow/dags/stoke_dag.py
[2026-09-17T11:08:08.723+0000] {logging_mixin.py:188} INFO - [2026-09-17T11:08:08.723+0000] {dag.py:3096} INFO - Sync 1 DAGs
[2026-09-17T11:08:08.735+0000] {logging_mixin.py:188} INFO - [2026-09-17T11:08:08.735+0000] {dag.py:3954} INFO - Setting next_dagrun for save_data to None, run_after=None
[2026-09-17T11:08:08.759+0000] {processor.py:183} INFO - Processing /opt/airflow/dags/stoke_dag.py took 0.098 seconds
[2026-09-17T11:08:39.239+0000] {processor.py:161} INFO - Started process (PID=518) to work on /opt/airflow/dags/stoke_dag.py
[2026-09-17T11:08:39.241+0000] {processor.py:830} INFO - Processing file /opt/airflow/dags/stoke_dag.py for tasks to queue
[2026-09-17T11:08:39.245+0000] {logging_mixin.py:188} INFO - [2026-09-17T11:08:39.244+0000] {dagbag.py:545} INFO - Filling up the DagBag from /opt/airflow/dags/stoke_dag.py
[2026-09-17T11:08:39.265+0000] {processor.py:840} INFO - DAG(s) 'save_data' retrieved from /opt/airflow/dags/stoke_dag.py
[2026-09-17T11:08:39.303+0000] {logging_mixin.py:188} INFO - [2026-09-17T11:08:39.303+0000] {dag.py:3096} INFO - Sync 1 DAGs
[2026-09-17T11:08:39.326+0000] {logging_mixin.py:188} INFO - [2026-09-17T11:08:39.325+0000] {dag.py:3954} INFO - Setting next_dagrun for save_data to None, run_after=None
[2026-09-17T11:08:39.364+0000] {processor.py:183} INFO - Processing /opt/airflow/dags/stoke_dag.py took 0.132 seconds
[2026-09-17T11:09:09.665+0000] {processor.py:161} INFO - Started process (PID=527) to work on /opt/airflow/dags/stoke_dag.py
[2026-09-17T11:09:09.668+0000] {processor.py:830} INFO - Processing file /opt/airflow/dags/stoke_dag.py for tasks to queue
[2026-09-17T11:09:09.671+0000] {logging_mixin.py:188} INFO - [2026-09-17T11:09:09.670+0000] {dagbag.py:545} INFO - Filling up the DagBag from /opt/airflow/dags/stoke_dag.py
[2026-09-17T11:09:09.700+0000] {processor.py:840} INFO - DAG(s) 'save_data' retrieved from /opt/airflow/dags/stoke_dag.py
[2026-09-17T11:09:09.734+0000] {logging_mixin.py:188} INFO - [2026-09-17T11:09:09.732+0000] {dag.py:3096} INFO - Sync 1 DAGs
[2026-09-17T11:09:09.757+0000] {logging_mixin.py:188} INFO - [2026-09-17T11:09:09.757+0000] {dag.py:3954} INFO - Setting next_dagrun for save_data to None, run_after=None
[2026-09-17T11:09:09.790+0000] {processor.py:183} INFO - Processing /opt/airflow/dags/stoke_dag.py took 0.135 seconds
[2026-09-17T11:09:39.886+0000] {processor.py:161} INFO - Started process (PID=536) to work on /opt/airflow/dags/stoke_dag.py
[2026-09-17T11:09:39.888+0000] {processor.py:830} INFO - Processing file /opt/airflow/dags/stoke_dag.py for tasks to queue
[2026-09-17T11:09:39.890+0000] {logging_mixin.py:188} INFO - [2026-09-17T11:09:39.890+0000] {dagbag.py:545} INFO - Filling up the DagBag from /opt/airflow/dags/stoke_dag.py
[2026-09-17T11:09:39.911+0000] {processor.py:840} INFO - DAG(s) 'save_data' retrieved from /opt/airflow/dags/stoke_dag.py
[2026-09-17T11:09:39.938+0000] {logging_mixin.py:188} INFO - [2026-09-17T11:09:39.938+0000] {dag.py:3096} INFO - Sync 1 DAGs
[2026-09-17T11:09:39.952+0000] {logging_mixin.py:188} INFO - [2026-09-17T11:09:39.951+0000] {dag.py:3954} INFO - Setting next_dagrun for save_data to None, run_after=None
[2026-09-17T11:09:39.975+0000] {processor.py:183} INFO - Processing /opt/airflow/dags/stoke_dag.py took 0.097 seconds
[2026-09-17T11:10:10.122+0000] {processor.py:161} INFO - Started process (PID=545) to work on /opt/airflow/dags/stoke_dag.py
[2026-09-17T11:10:10.123+0000] {processor.py:830} INFO - Processing file /opt/airflow/dags/stoke_dag.py for tasks to queue
[2026-09-17T11:10:10.126+0000] {logging_mixin.py:188} INFO - [2026-09-17T11:10:10.126+0000] {dagbag.py:545} INFO - Filling up the DagBag from /opt/airflow/dags/stoke_dag.py
[2026-09-17T11:10:10.153+0000] {processor.py:840} INFO - DAG(s) 'save_data' retrieved from /opt/airflow/dags/stoke_dag.py
[2026-09-17T11:10:10.184+0000] {logging_mixin.py:188} INFO - [2026-09-17T11:10:10.183+0000] {dag.py:3096} INFO - Sync 1 DAGs
[2026-09-17T11:10:10.199+0000] {logging_mixin.py:188} INFO - [2026-09-17T11:10:10.199+0000] {dag.py:3954} INFO - Setting next_dagrun for save_data to None, run_after=None
[2026-09-17T11:10:10.223+0000] {processor.py:183} INFO - Processing /opt/airflow/dags/stoke_dag.py took 0.109 seconds
[2026-09-17T11:10:40.507+0000] {processor.py:161} INFO - Started process (PID=554) to work on /opt/airflow/dags/stoke_dag.py
[2026-09-17T11:10:40.509+0000] {processor.py:830} INFO - Processing file /opt/airflow/dags/stoke_dag.py for tasks to queue
[2026-09-17T11:10:40.513+0000] {logging_mixin.py:188} INFO - [2026-09-17T11:10:40.512+0000] {dagbag.py:545} INFO - Filling up the DagBag from /opt/airflow/dags/stoke_dag.py
[2026-09-17T11:10:40.555+0000] {processor.py:840} INFO - DAG(s) 'save_data' retrieved from /opt/airflow/dags/stoke_dag.py
[2026-09-17T11:10:40.586+0000] {logging_mixin.py:188} INFO - [2026-09-17T11:10:40.586+0000] {dag.py:3096} INFO - Sync 1 DAGs
[2026-09-17T11:10:40.602+0000] {logging_mixin.py:188} INFO - [2026-09-17T11:10:40.601+0000] {dag.py:3954} INFO - Setting next_dagrun for save_data to None, run_after=None
[2026-09-17T11:10:40.635+0000] {processor.py:183} INFO - Processing /opt/airflow/dags/stoke_dag.py took 0.137 seconds
[2026-09-17T11:11:10.727+0000] {processor.py:161} INFO - Started process (PID=563) to work on /opt/airflow/dags/stoke_dag.py
[2026-09-17T11:11:10.728+0000] {processor.py:830} INFO - Processing file /opt/airflow/dags/stoke_dag.py for tasks to queue
[2026-09-17T11:11:10.730+0000] {logging_mixin.py:188} INFO - [2026-09-17T11:11:10.729+0000] {dagbag.py:545} INFO - Filling up the DagBag from /opt/airflow/dags/stoke_dag.py
[2026-09-17T11:11:10.748+0000] {processor.py:840} INFO - DAG(s) 'save_data' retrieved from /opt/airflow/dags/stoke_dag.py
[2026-09-17T11:11:10.792+0000] {logging_mixin.py:188} INFO - [2026-09-17T11:11:10.792+0000] {dag.py:3096} INFO - Sync 1 DAGs
[2026-09-17T11:11:10.808+0000] {logging_mixin.py:188} INFO - [2026-09-17T11:11:10.807+0000] {dag.py:3954} INFO - Setting next_dagrun for save_data to None, run_after=None
[2026-09-17T11:11:10.836+0000] {processor.py:183} INFO - Processing /opt/airflow/dags/stoke_dag.py took 0.116 seconds
[2026-09-17T11:11:41.145+0000] {processor.py:161} INFO - Started process (PID=572) to work on /opt/airflow/dags/stoke_dag.py
[2026-09-17T11:11:41.146+0000] {processor.py:830} INFO - Processing file /opt/airflow/dags/stoke_dag.py for tasks to queue
[2026-09-17T11:11:41.150+0000] {logging_mixin.py:188} INFO - [2026-09-17T11:11:41.150+0000] {dagbag.py:545} INFO - Filling up the DagBag from /opt/airflow/dags/stoke_dag.py
[2026-09-17T11:11:41.180+0000] {processor.py:840} INFO - DAG(s) 'save_data' retrieved from /opt/airflow/dags/stoke_dag.py
[2026-09-17T11:11:41.203+0000] {logging_mixin.py:188} INFO - [2026-09-17T11:11:41.203+0000] {dag.py:3096} INFO - Sync 1 DAGs
[2026-09-17T11:11:41.217+0000] {logging_mixin.py:188} INFO - [2026-09-17T11:11:41.217+0000] {dag.py:3954} INFO - Setting next_dagrun for save_data to None, run_after=None
[2026-09-17T11:11:41.241+0000] {processor.py:183} INFO - Processing /opt/airflow/dags/stoke_dag.py took 0.110 seconds
[2026-09-17T11:12:11.603+0000] {processor.py:161} INFO - Started process (PID=581) to work on /opt/airflow/dags/stoke_dag.py
[2026-09-17T11:12:11.605+0000] {processor.py:830} INFO - Processing file /opt/airflow/dags/stoke_dag.py for tasks to queue
[2026-09-17T11:12:11.607+0000] {logging_mixin.py:188} INFO - [2026-09-17T11:12:11.607+0000] {dagbag.py:545} INFO - Filling up the DagBag from /opt/airflow/dags/stoke_dag.py
[2026-09-17T11:12:11.623+0000] {processor.py:840} INFO - DAG(s) 'save_data' retrieved from /opt/airflow/dags/stoke_dag.py
[2026-09-17T11:12:11.646+0000] {logging_mixin.py:188} INFO - [2026-09-17T11:12:11.646+0000] {dag.py:3096} INFO - Sync 1 DAGs
[2026-09-17T11:12:11.659+0000] {logging_mixin.py:188} INFO - [2026-09-17T11:12:11.658+0000] {dag.py:3954} INFO - Setting next_dagrun for save_data to None, run_after=None
[2026-09-17T11:12:11.683+0000] {processor.py:183} INFO - Processing /opt/airflow/dags/stoke_dag.py took 0.085 seconds
[2026-09-17T11:12:42.026+0000] {processor.py:161} INFO - Started process (PID=590) to work on /opt/airflow/dags/stoke_dag.py
[2026-09-17T11:12:42.028+0000] {processor.py:830} INFO - Processing file /opt/airflow/dags/stoke_dag.py for tasks to queue
[2026-09-17T11:12:42.032+0000] {logging_mixin.py:188} INFO - [2026-09-17T11:12:42.031+0000] {dagbag.py:545} INFO - Filling up the DagBag from /opt/airflow/dags/stoke_dag.py
[2026-09-17T11:12:42.066+0000] {processor.py:840} INFO - DAG(s) 'save_data' retrieved from /opt/airflow/dags/stoke_dag.py
[2026-09-17T11:12:42.092+0000] {logging_mixin.py:188} INFO - [2026-09-17T11:12:42.091+0000] {dag.py:3096} INFO - Sync 1 DAGs
[2026-09-17T11:12:42.107+0000] {logging_mixin.py:188} INFO - [2026-09-17T11:12:42.107+0000] {dag.py:3954} INFO - Setting next_dagrun for save_data to None, run_after=None
[2026-09-17T11:12:42.134+0000] {processor.py:183} INFO - Processing /opt/airflow/dags/stoke_dag.py took 0.121 seconds
[2026-09-17T11:13:12.525+0000] {processor.py:161} INFO - Started process (PID=599) to work on /opt/airflow/dags/stoke_dag.py
[2026-09-17T11:13:12.526+0000] {processor.py:830} INFO - Processing file /opt/airflow/dags/stoke_dag.py for tasks to queue
[2026-09-17T11:13:12.528+0000] {logging_mixin.py:188} INFO - [2026-09-17T11:13:12.528+0000] {dagbag.py:545} INFO - Filling up the DagBag from /opt/airflow/dags/stoke_dag.py
[2026-09-17T11:13:12.548+0000] {processor.py:840} INFO - DAG(s) 'save_data' retrieved from /opt/airflow/dags/stoke_dag.py
[2026-09-17T11:13:12.571+0000] {logging_mixin.py:188} INFO - [2026-09-17T11:13:12.571+0000] {dag.py:3096} INFO - Sync 1 DAGs
[2026-09-17T11:13:12.587+0000] {logging_mixin.py:188} INFO - [2026-09-17T11:13:12.586+0000] {dag.py:3954} INFO - Setting next_dagrun for save_data to None, run_after=None
[2026-09-17T11:13:12.610+0000] {processor.py:183} INFO - Processing /opt/airflow/dags/stoke_dag.py took 0.091 seconds
[2026-09-17T11:13:42.826+0000] {processor.py:161} INFO - Started process (PID=608) to work on /opt/airflow/dags/stoke_dag.py
[2026-09-17T11:13:42.830+0000] {processor.py:830} INFO - Processing file /opt/airflow/dags/stoke_dag.py for tasks to queue
[2026-09-17T11:13:42.835+0000] {logging_mixin.py:188} INFO - [2026-09-17T11:13:42.834+0000] {dagbag.py:545} INFO - Filling up the DagBag from /opt/airflow/dags/stoke_dag.py
[2026-09-17T11:13:42.860+0000] {processor.py:840} INFO - DAG(s) 'save_data' retrieved from /opt/airflow/dags/stoke_dag.py
[2026-09-17T11:13:42.887+0000] {logging_mixin.py:188} INFO - [2026-09-17T11:13:42.887+0000] {dag.py:3096} INFO - Sync 1 DAGs
[2026-09-17T11:13:42.901+0000] {logging_mixin.py:188} INFO - [2026-09-17T11:13:42.901+0000] {dag.py:3954} INFO - Setting next_dagrun for save_data to None, run_after=None
[2026-09-17T11:13:42.926+0000] {processor.py:183} INFO - Processing /opt/airflow/dags/stoke_dag.py took 0.117 seconds
[2026-09-17T11:14:13.286+0000] {processor.py:161} INFO - Started process (PID=617) to work on /opt/airflow/dags/stoke_dag.py
[2026-09-17T11:14:13.288+0000] {processor.py:830} INFO - Processing file /opt/airflow/dags/stoke_dag.py for tasks to queue
[2026-09-17T11:14:13.291+0000] {logging_mixin.py:188} INFO - [2026-09-17T11:14:13.291+0000] {dagbag.py:545} INFO - Filling up the DagBag from /opt/airflow/dags/stoke_dag.py
[2026-09-17T11:14:13.316+0000] {processor.py:840} INFO - DAG(s) 'save_data' retrieved from /opt/airflow/dags/stoke_dag.py
[2026-09-17T11:14:13.348+0000] {logging_mixin.py:188} INFO - [2026-09-17T11:14:13.348+0000] {dag.py:3096} INFO - Sync 1 DAGs
[2026-09-17T11:14:13.364+0000] {logging_mixin.py:188} INFO - [2026-09-17T11:14:13.364+0000] {dag.py:3954} INFO - Setting next_dagrun for save_data to None, run_after=None
[2026-09-17T11:14:13.393+0000] {processor.py:183} INFO - Processing /opt/airflow/dags/stoke_dag.py took 0.117 seconds
[2026-09-17T11:14:43.541+0000] {processor.py:161} INFO - Started process (PID=626) to work on /opt/airflow/dags/stoke_dag.py
[2026-09-17T11:14:43.542+0000] {processor.py:830} INFO - Processing file /opt/airflow/dags/stoke_dag.py for tasks to queue
[2026-09-17T11:14:43.545+0000] {logging_mixin.py:188} INFO - [2026-09-17T11:14:43.545+0000] {dagbag.py:545} INFO - Filling up the DagBag from /opt/airflow/dags/stoke_dag.py
[2026-09-17T11:14:43.568+0000] {processor.py:840} INFO - DAG(s) 'save_data' retrieved from /opt/airflow/dags/stoke_dag.py
[2026-09-17T11:14:43.613+0000] {logging_mixin.py:188} INFO - [2026-09-17T11:14:43.613+0000] {dag.py:3096} INFO - Sync 1 DAGs
[2026-09-17T11:14:43.641+0000] {logging_mixin.py:188} INFO - [2026-09-17T11:14:43.641+0000] {dag.py:3954} INFO - Setting next_dagrun for save_data to None, run_after=None
[2026-09-17T11:14:43.678+0000] {processor.py:183} INFO - Processing /opt/airflow/dags/stoke_dag.py took 0.145 seconds
[2026-09-17T11:15:14.008+0000] {processor.py:161} INFO - Started process (PID=635) to work on /opt/airflow/dags/stoke_dag.py
[2026-09-17T11:15:14.009+0000] {processor.py:830} INFO - Processing file /opt/airflow/dags/stoke_dag.py for tasks to queue
[2026-09-17T11:15:14.011+0000] {logging_mixin.py:188} INFO - [2026-09-17T11:15:14.011+0000] {dagbag.py:545} INFO - Filling up the DagBag from /opt/airflow/dags/stoke_dag.py
[2026-09-17T11:15:14.029+0000] {processor.py:840} INFO - DAG(s) 'save_data' retrieved from /opt/airflow/dags/stoke_dag.py
[2026-09-17T11:15:14.052+0000] {logging_mixin.py:188} INFO - [2026-09-17T11:15:14.052+0000] {dag.py:3096} INFO - Sync 1 DAGs
[2026-09-17T11:15:14.065+0000] {logging_mixin.py:188} INFO - [2026-09-17T11:15:14.065+0000] {dag.py:3954} INFO - Setting next_dagrun for save_data to None, run_after=None
[2026-09-17T11:15:14.091+0000] {processor.py:183} INFO - Processing /opt/airflow/dags/stoke_dag.py took 0.090 seconds
[2026-09-17T11:15:44.385+0000] {processor.py:161} INFO - Started process (PID=644) to work on /opt/airflow/dags/stoke_dag.py
[2026-09-17T11:15:44.386+0000] {processor.py:830} INFO - Processing file /opt/airflow/dags/stoke_dag.py for tasks to queue
[2026-09-17T11:15:44.388+0000] {logging_mixin.py:188} INFO - [2026-09-17T11:15:44.388+0000] {dagbag.py:545} INFO - Filling up the DagBag from /opt/airflow/dags/stoke_dag.py
[2026-09-17T11:15:44.416+0000] {processor.py:840} INFO - DAG(s) 'save_data' retrieved from /opt/airflow/dags/stoke_dag.py
[2026-09-17T11:15:44.453+0000] {logging_mixin.py:188} INFO - [2026-09-17T11:15:44.452+0000] {dag.py:3096} INFO - Sync 1 DAGs
[2026-09-17T11:15:44.475+0000] {logging_mixin.py:188} INFO - [2026-09-17T11:15:44.474+0000] {dag.py:3954} INFO - Setting next_dagrun for save_data to None, run_after=None
[2026-09-17T11:15:44.513+0000] {processor.py:183} INFO - Processing /opt/airflow/dags/stoke_dag.py took 0.139 seconds
[2026-09-17T11:16:14.835+0000] {processor.py:161} INFO - Started process (PID=653) to work on /opt/airflow/dags/stoke_dag.py
[2026-09-17T11:16:14.837+0000] {processor.py:830} INFO - Processing file /opt/airflow/dags/stoke_dag.py for tasks to queue
[2026-09-17T11:16:14.841+0000] {logging_mixin.py:188} INFO - [2026-09-17T11:16:14.841+0000] {dagbag.py:545} INFO - Filling up the DagBag from /opt/airflow/dags/stoke_dag.py
[2026-09-17T11:16:14.874+0000] {processor.py:840} INFO - DAG(s) 'save_data' retrieved from /opt/airflow/dags/stoke_dag.py
[2026-09-17T11:16:14.914+0000] {logging_mixin.py:188} INFO - [2026-09-17T11:16:14.913+0000] {dag.py:3096} INFO - Sync 1 DAGs
[2026-09-17T11:16:14.940+0000] {logging_mixin.py:188} INFO - [2026-09-17T11:16:14.939+0000] {dag.py:3954} INFO - Setting next_dagrun for save_data to None, run_after=None
[2026-09-17T11:16:14.975+0000] {processor.py:183} INFO - Processing /opt/airflow/dags/stoke_dag.py took 0.151 seconds
[2026-09-17T11:16:45.097+0000] {processor.py:161} INFO - Started process (PID=662) to work on /opt/airflow/dags/stoke_dag.py
[2026-09-17T11:16:45.100+0000] {processor.py:830} INFO - Processing file /opt/airflow/dags/stoke_dag.py for tasks to queue
[2026-09-17T11:16:45.104+0000] {logging_mixin.py:188} INFO - [2026-09-17T11:16:45.104+0000] {dagbag.py:545} INFO - Filling up the DagBag from /opt/airflow/dags/stoke_dag.py
[2026-09-17T11:16:45.138+0000] {processor.py:840} INFO - DAG(s) 'save_data' retrieved from /opt/airflow/dags/stoke_dag.py
[2026-09-17T11:16:45.181+0000] {logging_mixin.py:188} INFO - [2026-09-17T11:16:45.181+0000] {dag.py:3096} INFO - Sync 1 DAGs
[2026-09-17T11:16:45.203+0000] {logging_mixin.py:188} INFO - [2026-09-17T11:16:45.202+0000] {dag.py:3954} INFO - Setting next_dagrun for save_data to None, run_after=None
[2026-09-17T11:16:45.238+0000] {processor.py:183} INFO - Processing /opt/airflow/dags/stoke_dag.py took 0.158 seconds
[2026-09-17T11:17:15.366+0000] {processor.py:161} INFO - Started process (PID=671) to work on /opt/airflow/dags/stoke_dag.py
[2026-09-17T11:17:15.367+0000] {processor.py:830} INFO - Processing file /opt/airflow/dags/stoke_dag.py for tasks to queue
[2026-09-17T11:17:15.370+0000] {logging_mixin.py:188} INFO - [2026-09-17T11:17:15.369+0000] {dagbag.py:545} INFO - Filling up the DagBag from /opt/airflow/dags/stoke_dag.py
[2026-09-17T11:17:15.388+0000] {processor.py:840} INFO - DAG(s) 'save_data' retrieved from /opt/airflow/dags/stoke_dag.py
[2026-09-17T11:17:15.421+0000] {logging_mixin.py:188} INFO - [2026-09-17T11:17:15.420+0000] {dag.py:3096} INFO - Sync 1 DAGs
[2026-09-17T11:17:15.438+0000] {logging_mixin.py:188} INFO - [2026-09-17T11:17:15.437+0000] {dag.py:3954} INFO - Setting next_dagrun for save_data to None, run_after=None
[2026-09-17T11:17:15.465+0000] {processor.py:183} INFO - Processing /opt/airflow/dags/stoke_dag.py took 0.105 seconds
[2026-09-17T11:17:45.710+0000] {processor.py:161} INFO - Started process (PID=680) to work on /opt/airflow/dags/stoke_dag.py
[2026-09-17T11:17:45.711+0000] {processor.py:830} INFO - Processing file /opt/airflow/dags/stoke_dag.py for tasks to queue
[2026-09-17T11:17:45.712+0000] {logging_mixin.py:188} INFO - [2026-09-17T11:17:45.712+0000] {dagbag.py:545} INFO - Filling up the DagBag from /opt/airflow/dags/stoke_dag.py
[2026-09-17T11:17:45.732+0000] {processor.py:840} INFO - DAG(s) 'save_data' retrieved from /opt/airflow/dags/stoke_dag.py
[2026-09-17T11:17:45.757+0000] {logging_mixin.py:188} INFO - [2026-09-17T11:17:45.756+0000] {dag.py:3096} INFO - Sync 1 DAGs
[2026-09-17T11:17:45.768+0000] {logging_mixin.py:188} INFO - [2026-09-17T11:17:45.768+0000] {dag.py:3954} INFO - Setting next_dagrun for save_data to None, run_after=None
[2026-09-17T11:17:45.789+0000] {processor.py:183} INFO - Processing /opt/airflow/dags/stoke_dag.py took 0.086 seconds
[2026-09-17T11:18:16.076+0000] {processor.py:161} INFO - Started process (PID=689) to work on /opt/airflow/dags/stoke_dag.py
[2026-09-17T11:18:16.078+0000] {processor.py:830} INFO - Processing file /opt/airflow/dags/stoke_dag.py for tasks to queue
[2026-09-17T11:18:16.081+0000] {logging_mixin.py:188} INFO - [2026-09-17T11:18:16.080+0000] {dagbag.py:545} INFO - Filling up the DagBag from /opt/airflow/dags/stoke_dag.py
[2026-09-17T11:18:16.104+0000] {processor.py:840} INFO - DAG(s) 'save_data' retrieved from /opt/airflow/dags/stoke_dag.py
[2026-09-17T11:18:16.133+0000] {logging_mixin.py:188} INFO - [2026-09-17T11:18:16.133+0000] {dag.py:3096} INFO - Sync 1 DAGs
[2026-09-17T11:18:16.146+0000] {logging_mixin.py:188} INFO - [2026-09-17T11:18:16.145+0000] {dag.py:3954} INFO - Setting next_dagrun for save_data to None, run_after=None
[2026-09-17T11:18:16.171+0000] {processor.py:183} INFO - Processing /opt/airflow/dags/stoke_dag.py took 0.103 seconds
[2026-09-17T11:18:46.451+0000] {processor.py:161} INFO - Started process (PID=698) to work on /opt/airflow/dags/stoke_dag.py
[2026-09-17T11:18:46.452+0000] {processor.py:830} INFO - Processing file /opt/airflow/dags/stoke_dag.py for tasks to queue
[2026-09-17T11:18:46.454+0000] {logging_mixin.py:188} INFO - [2026-09-17T11:18:46.453+0000] {dagbag.py:545} INFO - Filling up the DagBag from /opt/airflow/dags/stoke_dag.py
[2026-09-17T11:18:46.474+0000] {processor.py:840} INFO - DAG(s) 'save_data' retrieved from /opt/airflow/dags/stoke_dag.py
[2026-09-17T11:18:46.504+0000] {logging_mixin.py:188} INFO - [2026-09-17T11:18:46.504+0000] {dag.py:3096} INFO - Sync 1 DAGs
[2026-09-17T11:18:46.521+0000] {logging_mixin.py:188} INFO - [2026-09-17T11:18:46.520+0000] {dag.py:3954} INFO - Setting next_dagrun for save_data to None, run_after=None
[2026-09-17T11:18:46.547+0000] {processor.py:183} INFO - Processing /opt/airflow/dags/stoke_dag.py took 0.104 seconds
[2026-09-17T11:19:16.728+0000] {processor.py:161} INFO - Started process (PID=705) to work on /opt/airflow/dags/stoke_dag.py
[2026-09-17T11:19:16.729+0000] {processor.py:830} INFO - Processing file /opt/airflow/dags/stoke_dag.py for tasks to queue
[2026-09-17T11:19:16.735+0000] {logging_mixin.py:188} INFO - [2026-09-17T11:19:16.734+0000] {dagbag.py:545} INFO - Filling up the DagBag from /opt/airflow/dags/stoke_dag.py
[2026-09-17T11:19:16.769+0000] {processor.py:840} INFO - DAG(s) 'save_data' retrieved from /opt/airflow/dags/stoke_dag.py
[2026-09-17T11:19:16.811+0000] {logging_mixin.py:188} INFO - [2026-09-17T11:19:16.811+0000] {dag.py:3096} INFO - Sync 1 DAGs
[2026-09-17T11:19:16.832+0000] {logging_mixin.py:188} INFO - [2026-09-17T11:19:16.832+0000] {dag.py:3954} INFO - Setting next_dagrun for save_data to None, run_after=None
[2026-09-17T11:19:16.866+0000] {processor.py:183} INFO - Processing /opt/airflow/dags/stoke_dag.py took 0.149 seconds
[2026-09-17T11:19:46.995+0000] {processor.py:161} INFO - Started process (PID=714) to work on /opt/airflow/dags/stoke_dag.py
[2026-09-17T11:19:46.998+0000] {processor.py:830} INFO - Processing file /opt/airflow/dags/stoke_dag.py for tasks to queue
[2026-09-17T11:19:47.007+0000] {logging_mixin.py:188} INFO - [2026-09-17T11:19:47.006+0000] {dagbag.py:545} INFO - Filling up the DagBag from /opt/airflow/dags/stoke_dag.py
[2026-09-17T11:19:47.050+0000] {processor.py:840} INFO - DAG(s) 'save_data' retrieved from /opt/airflow/dags/stoke_dag.py
[2026-09-17T11:19:47.117+0000] {logging_mixin.py:188} INFO - [2026-09-17T11:19:47.117+0000] {dag.py:3096} INFO - Sync 1 DAGs
[2026-09-17T11:19:47.152+0000] {logging_mixin.py:188} INFO - [2026-09-17T11:19:47.152+0000] {dag.py:3954} INFO - Setting next_dagrun for save_data to None, run_after=None
[2026-09-17T11:19:47.197+0000] {processor.py:183} INFO - Processing /opt/airflow/dags/stoke_dag.py took 0.223 seconds
[2026-09-17T11:20:17.316+0000] {processor.py:161} INFO - Started process (PID=723) to work on /opt/airflow/dags/stoke_dag.py
[2026-09-17T11:20:17.317+0000] {processor.py:830} INFO - Processing file /opt/airflow/dags/stoke_dag.py for tasks to queue
[2026-09-17T11:20:17.319+0000] {logging_mixin.py:188} INFO - [2026-09-17T11:20:17.319+0000] {dagbag.py:545} INFO - Filling up the DagBag from /opt/airflow/dags/stoke_dag.py
[2026-09-17T11:20:17.336+0000] {processor.py:840} INFO - DAG(s) 'save_data' retrieved from /opt/airflow/dags/stoke_dag.py
[2026-09-17T11:20:17.358+0000] {logging_mixin.py:188} INFO - [2026-09-17T11:20:17.358+0000] {dag.py:3096} INFO - Sync 1 DAGs
[2026-09-17T11:20:17.377+0000] {logging_mixin.py:188} INFO - [2026-09-17T11:20:17.376+0000] {dag.py:3954} INFO - Setting next_dagrun for save_data to None, run_after=None
[2026-09-17T11:20:17.400+0000] {processor.py:183} INFO - Processing /opt/airflow/dags/stoke_dag.py took 0.089 seconds
[2026-09-17T11:20:47.747+0000] {processor.py:161} INFO - Started process (PID=732) to work on /opt/airflow/dags/stoke_dag.py
[2026-09-17T11:20:47.749+0000] {processor.py:830} INFO - Processing file /opt/airflow/dags/stoke_dag.py for tasks to queue
[2026-09-17T11:20:47.751+0000] {logging_mixin.py:188} INFO - [2026-09-17T11:20:47.750+0000] {dagbag.py:545} INFO - Filling up the DagBag from /opt/airflow/dags/stoke_dag.py
[2026-09-17T11:20:47.766+0000] {processor.py:840} INFO - DAG(s) 'save_data' retrieved from /opt/airflow/dags/stoke_dag.py
[2026-09-17T11:20:47.788+0000] {logging_mixin.py:188} INFO - [2026-09-17T11:20:47.787+0000] {dag.py:3096} INFO - Sync 1 DAGs
[2026-09-17T11:20:47.800+0000] {logging_mixin.py:188} INFO - [2026-09-17T11:20:47.800+0000] {dag.py:3954} INFO - Setting next_dagrun for save_data to None, run_after=None
[2026-09-17T11:20:47.823+0000] {processor.py:183} INFO - Processing /opt/airflow/dags/stoke_dag.py took 0.081 seconds
[2026-09-17T11:21:18.121+0000] {processor.py:161} INFO - Started process (PID=741) to work on /opt/airflow/dags/stoke_dag.py
[2026-09-17T11:21:18.123+0000] {processor.py:830} INFO - Processing file /opt/airflow/dags/stoke_dag.py for tasks to queue
[2026-09-17T11:21:18.125+0000] {logging_mixin.py:188} INFO - [2026-09-17T11:21:18.125+0000] {dagbag.py:545} INFO - Filling up the DagBag from /opt/airflow/dags/stoke_dag.py
[2026-09-17T11:21:18.148+0000] {processor.py:840} INFO - DAG(s) 'save_data' retrieved from /opt/airflow/dags/stoke_dag.py
[2026-09-17T11:21:18.171+0000] {logging_mixin.py:188} INFO - [2026-09-17T11:21:18.171+0000] {dag.py:3096} INFO - Sync 1 DAGs
[2026-09-17T11:21:18.182+0000] {logging_mixin.py:188} INFO - [2026-09-17T11:21:18.181+0000] {dag.py:3954} INFO - Setting next_dagrun for save_data to None, run_after=None
[2026-09-17T11:21:18.205+0000] {processor.py:183} INFO - Processing /opt/airflow/dags/stoke_dag.py took 0.094 seconds
[2026-09-17T11:21:48.506+0000] {processor.py:161} INFO - Started process (PID=750) to work on /opt/airflow/dags/stoke_dag.py
[2026-09-17T11:21:48.508+0000] {processor.py:830} INFO - Processing file /opt/airflow/dags/stoke_dag.py for tasks to queue
[2026-09-17T11:21:48.511+0000] {logging_mixin.py:188} INFO - [2026-09-17T11:21:48.511+0000] {dagbag.py:545} INFO - Filling up the DagBag from /opt/airflow/dags/stoke_dag.py
[2026-09-17T11:21:48.534+0000] {processor.py:840} INFO - DAG(s) 'save_data' retrieved from /opt/airflow/dags/stoke_dag.py
[2026-09-17T11:21:48.560+0000] {logging_mixin.py:188} INFO - [2026-09-17T11:21:48.559+0000] {dag.py:3096} INFO - Sync 1 DAGs
[2026-09-17T11:21:48.571+0000] {logging_mixin.py:188} INFO - [2026-09-17T11:21:48.571+0000] {dag.py:3954} INFO - Setting next_dagrun for save_data to None, run_after=None
[2026-09-17T11:21:48.601+0000] {processor.py:183} INFO - Processing /opt/airflow/dags/stoke_dag.py took 0.102 seconds
[2026-09-17T11:22:18.909+0000] {processor.py:161} INFO - Started process (PID=759) to work on /opt/airflow/dags/stoke_dag.py
[2026-09-17T11:22:18.911+0000] {processor.py:830} INFO - Processing file /opt/airflow/dags/stoke_dag.py for tasks to queue
[2026-09-17T11:22:18.914+0000] {logging_mixin.py:188} INFO - [2026-09-17T11:22:18.914+0000] {dagbag.py:545} INFO - Filling up the DagBag from /opt/airflow/dags/stoke_dag.py
[2026-09-17T11:22:18.946+0000] {processor.py:840} INFO - DAG(s) 'save_data' retrieved from /opt/airflow/dags/stoke_dag.py
[2026-09-17T11:22:18.976+0000] {logging_mixin.py:188} INFO - [2026-09-17T11:22:18.976+0000] {dag.py:3096} INFO - Sync 1 DAGs
[2026-09-17T11:22:18.995+0000] {logging_mixin.py:188} INFO - [2026-09-17T11:22:18.995+0000] {dag.py:3954} INFO - Setting next_dagrun for save_data to None, run_after=None
[2026-09-17T11:22:19.029+0000] {processor.py:183} INFO - Processing /opt/airflow/dags/stoke_dag.py took 0.130 seconds
[2026-09-17T11:22:49.305+0000] {processor.py:161} INFO - Started process (PID=768) to work on /opt/airflow/dags/stoke_dag.py
[2026-09-17T11:22:49.311+0000] {processor.py:830} INFO - Processing file /opt/airflow/dags/stoke_dag.py for tasks to queue
[2026-09-17T11:22:49.314+0000] {logging_mixin.py:188} INFO - [2026-09-17T11:22:49.314+0000] {dagbag.py:545} INFO - Filling up the DagBag from /opt/airflow/dags/stoke_dag.py
[2026-09-17T11:22:49.339+0000] {processor.py:840} INFO - DAG(s) 'save_data' retrieved from /opt/airflow/dags/stoke_dag.py
[2026-09-17T11:22:49.363+0000] {logging_mixin.py:188} INFO - [2026-09-17T11:22:49.363+0000] {dag.py:3096} INFO - Sync 1 DAGs
[2026-09-17T11:22:49.374+0000] {logging_mixin.py:188} INFO - [2026-09-17T11:22:49.374+0000] {dag.py:3954} INFO - Setting next_dagrun for save_data to None, run_after=None
[2026-09-17T11:22:49.396+0000] {processor.py:183} INFO - Processing /opt/airflow/dags/stoke_dag.py took 0.103 seconds
[2026-09-17T11:23:19.683+0000] {processor.py:161} INFO - Started process (PID=777) to work on /opt/airflow/dags/stoke_dag.py
[2026-09-17T11:23:19.685+0000] {processor.py:830} INFO - Processing file /opt/airflow/dags/stoke_dag.py for tasks to queue
[2026-09-17T11:23:19.688+0000] {logging_mixin.py:188} INFO - [2026-09-17T11:23:19.687+0000] {dagbag.py:545} INFO - Filling up the DagBag from /opt/airflow/dags/stoke_dag.py
[2026-09-17T11:23:19.704+0000] {processor.py:840} INFO - DAG(s) 'save_data' retrieved from /opt/airflow/dags/stoke_dag.py
[2026-09-17T11:23:19.728+0000] {logging_mixin.py:188} INFO - [2026-09-17T11:23:19.727+0000] {dag.py:3096} INFO - Sync 1 DAGs
[2026-09-17T11:23:19.740+0000] {logging_mixin.py:188} INFO - [2026-09-17T11:23:19.740+0000] {dag.py:3954} INFO - Setting next_dagrun for save_data to None, run_after=None
[2026-09-17T11:23:20.158+0000] {processor.py:183} INFO - Processing /opt/airflow/dags/stoke_dag.py took 0.486 seconds
[2026-09-17T11:23:50.978+0000] {processor.py:161} INFO - Started process (PID=786) to work on /opt/airflow/dags/stoke_dag.py
[2026-09-17T11:23:50.979+0000] {processor.py:830} INFO - Processing file /opt/airflow/dags/stoke_dag.py for tasks to queue
[2026-09-17T11:23:50.981+0000] {logging_mixin.py:188} INFO - [2026-09-17T11:23:50.981+0000] {dagbag.py:545} INFO - Filling up the DagBag from /opt/airflow/dags/stoke_dag.py
[2026-09-17T11:23:51.000+0000] {processor.py:840} INFO - DAG(s) 'save_data' retrieved from /opt/airflow/dags/stoke_dag.py
[2026-09-17T11:23:51.023+0000] {logging_mixin.py:188} INFO - [2026-09-17T11:23:51.023+0000] {dag.py:3096} INFO - Sync 1 DAGs
[2026-09-17T11:23:51.039+0000] {logging_mixin.py:188} INFO - [2026-09-17T11:23:51.039+0000] {dag.py:3954} INFO - Setting next_dagrun for save_data to None, run_after=None
[2026-09-17T11:23:51.066+0000] {processor.py:183} INFO - Processing /opt/airflow/dags/stoke_dag.py took 0.096 seconds
[2026-09-17T11:24:21.370+0000] {processor.py:161} INFO - Started process (PID=795) to work on /opt/airflow/dags/stoke_dag.py
[2026-09-17T11:24:21.371+0000] {processor.py:830} INFO - Processing file /opt/airflow/dags/stoke_dag.py for tasks to queue
[2026-09-17T11:24:21.373+0000] {logging_mixin.py:188} INFO - [2026-09-17T11:24:21.372+0000] {dagbag.py:545} INFO - Filling up the DagBag from /opt/airflow/dags/stoke_dag.py
[2026-09-17T11:24:21.389+0000] {processor.py:840} INFO - DAG(s) 'save_data' retrieved from /opt/airflow/dags/stoke_dag.py
[2026-09-17T11:24:21.413+0000] {logging_mixin.py:188} INFO - [2026-09-17T11:24:21.413+0000] {dag.py:3096} INFO - Sync 1 DAGs
[2026-09-17T11:24:21.429+0000] {logging_mixin.py:188} INFO - [2026-09-17T11:24:21.429+0000] {dag.py:3954} INFO - Setting next_dagrun for save_data to None, run_after=None
[2026-09-17T11:24:21.452+0000] {processor.py:183} INFO - Processing /opt/airflow/dags/stoke_dag.py took 0.089 seconds
[2026-09-17T11:24:51.776+0000] {processor.py:161} INFO - Started process (PID=804) to work on /opt/airflow/dags/stoke_dag.py
[2026-09-17T11:24:51.778+0000] {processor.py:830} INFO - Processing file /opt/airflow/dags/stoke_dag.py for tasks to queue
[2026-09-17T11:24:51.780+0000] {logging_mixin.py:188} INFO - [2026-09-17T11:24:51.780+0000] {dagbag.py:545} INFO - Filling up the DagBag from /opt/airflow/dags/stoke_dag.py
[2026-09-17T11:24:51.800+0000] {processor.py:840} INFO - DAG(s) 'save_data' retrieved from /opt/airflow/dags/stoke_dag.py
[2026-09-17T11:24:51.827+0000] {logging_mixin.py:188} INFO - [2026-09-17T11:24:51.827+0000] {dag.py:3096} INFO - Sync 1 DAGs
[2026-09-17T11:24:51.842+0000] {logging_mixin.py:188} INFO - [2026-09-17T11:24:51.842+0000] {dag.py:3954} INFO - Setting next_dagrun for save_data to None, run_after=None
[2026-09-17T11:24:51.868+0000] {processor.py:183} INFO - Processing /opt/airflow/dags/stoke_dag.py took 0.099 seconds
[2026-09-17T11:25:22.228+0000] {processor.py:161} INFO - Started process (PID=813) to work on /opt/airflow/dags/stoke_dag.py
[2026-09-17T11:25:22.229+0000] {processor.py:830} INFO - Processing file /opt/airflow/dags/stoke_dag.py for tasks to queue
[2026-09-17T11:25:22.231+0000] {logging_mixin.py:188} INFO - [2026-09-17T11:25:22.231+0000] {dagbag.py:545} INFO - Filling up the DagBag from /opt/airflow/dags/stoke_dag.py
[2026-09-17T11:25:22.252+0000] {processor.py:840} INFO - DAG(s) 'save_data' retrieved from /opt/airflow/dags/stoke_dag.py
[2026-09-17T11:25:22.288+0000] {logging_mixin.py:188} INFO - [2026-09-17T11:25:22.288+0000] {dag.py:3096} INFO - Sync 1 DAGs
[2026-09-17T11:25:22.304+0000] {logging_mixin.py:188} INFO - [2026-09-17T11:25:22.304+0000] {dag.py:3954} INFO - Setting next_dagrun for save_data to None, run_after=None
[2026-09-17T11:25:22.341+0000] {processor.py:183} INFO - Processing /opt/airflow/dags/stoke_dag.py took 0.119 seconds
[2026-09-17T12:32:34.574+0000] {processor.py:161} INFO - Started process (PID=822) to work on /opt/airflow/dags/stoke_dag.py
[2026-09-17T12:32:34.577+0000] {processor.py:830} INFO - Processing file /opt/airflow/dags/stoke_dag.py for tasks to queue
[2026-09-17T12:32:34.584+0000] {logging_mixin.py:188} INFO - [2026-09-17T12:32:34.583+0000] {dagbag.py:545} INFO - Filling up the DagBag from /opt/airflow/dags/stoke_dag.py
[2026-09-17T12:32:34.654+0000] {processor.py:840} INFO - DAG(s) 'save_data' retrieved from /opt/airflow/dags/stoke_dag.py
[2026-09-17T12:32:34.745+0000] {logging_mixin.py:188} INFO - [2026-09-17T12:32:34.744+0000] {dag.py:3096} INFO - Sync 1 DAGs
[2026-09-17T12:32:34.823+0000] {logging_mixin.py:188} INFO - [2026-09-17T12:32:34.822+0000] {dag.py:3954} INFO - Setting next_dagrun for save_data to None, run_after=None
[2026-09-17T12:32:34.944+0000] {processor.py:183} INFO - Processing /opt/airflow/dags/stoke_dag.py took 0.402 seconds
[2026-09-17T13:03:25.386+0000] {processor.py:161} INFO - Started process (PID=825) to work on /opt/airflow/dags/stoke_dag.py
[2026-09-17T13:03:25.390+0000] {processor.py:830} INFO - Processing file /opt/airflow/dags/stoke_dag.py for tasks to queue
[2026-09-17T13:03:25.403+0000] {logging_mixin.py:188} INFO - [2026-09-17T13:03:25.396+0000] {dagbag.py:545} INFO - Filling up the DagBag from /opt/airflow/dags/stoke_dag.py
[2026-09-17T13:03:26.056+0000] {processor.py:840} INFO - DAG(s) 'save_data' retrieved from /opt/airflow/dags/stoke_dag.py
[2026-09-17T13:03:26.279+0000] {logging_mixin.py:188} INFO - [2026-09-17T13:03:26.278+0000] {dag.py:3096} INFO - Sync 1 DAGs
[2026-09-17T13:03:26.357+0000] {logging_mixin.py:188} INFO - [2026-09-17T13:03:26.356+0000] {dag.py:3954} INFO - Setting next_dagrun for save_data to None, run_after=None
[2026-09-17T13:03:26.472+0000] {processor.py:183} INFO - Processing /opt/airflow/dags/stoke_dag.py took 1.110 seconds
[2026-09-17T13:03:57.011+0000] {processor.py:161} INFO - Started process (PID=834) to work on /opt/airflow/dags/stoke_dag.py
[2026-09-17T13:03:57.015+0000] {processor.py:830} INFO - Processing file /opt/airflow/dags/stoke_dag.py for tasks to queue
[2026-09-17T13:03:57.022+0000] {logging_mixin.py:188} INFO - [2026-09-17T13:03:57.021+0000] {dagbag.py:545} INFO - Filling up the DagBag from /opt/airflow/dags/stoke_dag.py
[2026-09-17T13:03:57.071+0000] {processor.py:840} INFO - DAG(s) 'save_data' retrieved from /opt/airflow/dags/stoke_dag.py
[2026-09-17T13:03:57.136+0000] {logging_mixin.py:188} INFO - [2026-09-17T13:03:57.136+0000] {dag.py:3096} INFO - Sync 1 DAGs
[2026-09-17T13:03:57.158+0000] {logging_mixin.py:188} INFO - [2026-09-17T13:03:57.158+0000] {dag.py:3954} INFO - Setting next_dagrun for save_data to None, run_after=None
[2026-09-17T13:03:57.195+0000] {processor.py:183} INFO - Processing /opt/airflow/dags/stoke_dag.py took 0.199 seconds
[2026-09-17T13:04:27.585+0000] {processor.py:161} INFO - Started process (PID=843) to work on /opt/airflow/dags/stoke_dag.py
[2026-09-17T13:04:27.588+0000] {processor.py:830} INFO - Processing file /opt/airflow/dags/stoke_dag.py for tasks to queue
[2026-09-17T13:04:27.591+0000] {logging_mixin.py:188} INFO - [2026-09-17T13:04:27.590+0000] {dagbag.py:545} INFO - Filling up the DagBag from /opt/airflow/dags/stoke_dag.py
[2026-09-17T13:04:27.635+0000] {processor.py:840} INFO - DAG(s) 'save_data' retrieved from /opt/airflow/dags/stoke_dag.py
[2026-09-17T13:04:27.672+0000] {logging_mixin.py:188} INFO - [2026-09-17T13:04:27.671+0000] {dag.py:3096} INFO - Sync 1 DAGs
[2026-09-17T13:04:27.689+0000] {logging_mixin.py:188} INFO - [2026-09-17T13:04:27.689+0000] {dag.py:3954} INFO - Setting next_dagrun for save_data to None, run_after=None
[2026-09-17T13:04:27.721+0000] {processor.py:183} INFO - Processing /opt/airflow/dags/stoke_dag.py took 0.148 seconds
[2026-09-17T13:04:57.839+0000] {processor.py:161} INFO - Started process (PID=852) to work on /opt/airflow/dags/stoke_dag.py
[2026-09-17T13:04:57.840+0000] {processor.py:830} INFO - Processing file /opt/airflow/dags/stoke_dag.py for tasks to queue
[2026-09-17T13:04:57.842+0000] {logging_mixin.py:188} INFO - [2026-09-17T13:04:57.841+0000] {dagbag.py:545} INFO - Filling up the DagBag from /opt/airflow/dags/stoke_dag.py
[2026-09-17T13:04:57.865+0000] {processor.py:840} INFO - DAG(s) 'save_data' retrieved from /opt/airflow/dags/stoke_dag.py
[2026-09-17T13:04:57.891+0000] {logging_mixin.py:188} INFO - [2026-09-17T13:04:57.891+0000] {dag.py:3096} INFO - Sync 1 DAGs
[2026-09-17T13:04:57.904+0000] {logging_mixin.py:188} INFO - [2026-09-17T13:04:57.904+0000] {dag.py:3954} INFO - Setting next_dagrun for save_data to None, run_after=None
[2026-09-17T13:04:57.928+0000] {processor.py:183} INFO - Processing /opt/airflow/dags/stoke_dag.py took 0.095 seconds
[2026-09-17T13:05:28.109+0000] {processor.py:161} INFO - Started process (PID=861) to work on /opt/airflow/dags/stoke_dag.py
[2026-09-17T13:05:28.111+0000] {processor.py:830} INFO - Processing file /opt/airflow/dags/stoke_dag.py for tasks to queue
[2026-09-17T13:05:28.113+0000] {logging_mixin.py:188} INFO - [2026-09-17T13:05:28.113+0000] {dagbag.py:545} INFO - Filling up the DagBag from /opt/airflow/dags/stoke_dag.py
[2026-09-17T13:05:28.144+0000] {processor.py:840} INFO - DAG(s) 'save_data' retrieved from /opt/airflow/dags/stoke_dag.py
[2026-09-17T13:05:28.173+0000] {logging_mixin.py:188} INFO - [2026-09-17T13:05:28.173+0000] {dag.py:3096} INFO - Sync 1 DAGs
[2026-09-17T13:05:28.189+0000] {logging_mixin.py:188} INFO - [2026-09-17T13:05:28.189+0000] {dag.py:3954} INFO - Setting next_dagrun for save_data to None, run_after=None
[2026-09-17T13:05:28.212+0000] {processor.py:183} INFO - Processing /opt/airflow/dags/stoke_dag.py took 0.113 seconds
[2026-09-17T13:05:58.575+0000] {processor.py:161} INFO - Started process (PID=870) to work on /opt/airflow/dags/stoke_dag.py
[2026-09-17T13:05:58.577+0000] {processor.py:830} INFO - Processing file /opt/airflow/dags/stoke_dag.py for tasks to queue
[2026-09-17T13:05:58.580+0000] {logging_mixin.py:188} INFO - [2026-09-17T13:05:58.580+0000] {dagbag.py:545} INFO - Filling up the DagBag from /opt/airflow/dags/stoke_dag.py
[2026-09-17T13:05:58.608+0000] {processor.py:840} INFO - DAG(s) 'save_data' retrieved from /opt/airflow/dags/stoke_dag.py
[2026-09-17T13:05:58.633+0000] {logging_mixin.py:188} INFO - [2026-09-17T13:05:58.633+0000] {dag.py:3096} INFO - Sync 1 DAGs
[2026-09-17T13:05:58.647+0000] {logging_mixin.py:188} INFO - [2026-09-17T13:05:58.647+0000] {dag.py:3954} INFO - Setting next_dagrun for save_data to None, run_after=None
[2026-09-17T13:05:58.672+0000] {processor.py:183} INFO - Processing /opt/airflow/dags/stoke_dag.py took 0.107 seconds
[2026-09-17T13:06:28.835+0000] {processor.py:161} INFO - Started process (PID=880) to work on /opt/airflow/dags/stoke_dag.py
[2026-09-17T13:06:28.836+0000] {processor.py:830} INFO - Processing file /opt/airflow/dags/stoke_dag.py for tasks to queue
[2026-09-17T13:06:28.839+0000] {logging_mixin.py:188} INFO - [2026-09-17T13:06:28.839+0000] {dagbag.py:545} INFO - Filling up the DagBag from /opt/airflow/dags/stoke_dag.py
[2026-09-17T13:06:28.856+0000] {processor.py:840} INFO - DAG(s) 'save_data' retrieved from /opt/airflow/dags/stoke_dag.py
[2026-09-17T13:06:28.877+0000] {logging_mixin.py:188} INFO - [2026-09-17T13:06:28.877+0000] {dag.py:3096} INFO - Sync 1 DAGs
[2026-09-17T13:06:28.888+0000] {logging_mixin.py:188} INFO - [2026-09-17T13:06:28.887+0000] {dag.py:3954} INFO - Setting next_dagrun for save_data to None, run_after=None
[2026-09-17T13:06:28.907+0000] {processor.py:183} INFO - Processing /opt/airflow/dags/stoke_dag.py took 0.078 seconds
[2026-09-17T13:06:59.242+0000] {processor.py:161} INFO - Started process (PID=889) to work on /opt/airflow/dags/stoke_dag.py
[2026-09-17T13:06:59.244+0000] {processor.py:830} INFO - Processing file /opt/airflow/dags/stoke_dag.py for tasks to queue
[2026-09-17T13:06:59.247+0000] {logging_mixin.py:188} INFO - [2026-09-17T13:06:59.247+0000] {dagbag.py:545} INFO - Filling up the DagBag from /opt/airflow/dags/stoke_dag.py
[2026-09-17T13:06:59.275+0000] {processor.py:840} INFO - DAG(s) 'save_data' retrieved from /opt/airflow/dags/stoke_dag.py
[2026-09-17T13:06:59.304+0000] {logging_mixin.py:188} INFO - [2026-09-17T13:06:59.304+0000] {dag.py:3096} INFO - Sync 1 DAGs
[2026-09-17T13:06:59.316+0000] {logging_mixin.py:188} INFO - [2026-09-17T13:06:59.316+0000] {dag.py:3954} INFO - Setting next_dagrun for save_data to None, run_after=None
[2026-09-17T13:06:59.345+0000] {processor.py:183} INFO - Processing /opt/airflow/dags/stoke_dag.py took 0.111 seconds
[2026-09-17T13:07:29.681+0000] {processor.py:161} INFO - Started process (PID=898) to work on /opt/airflow/dags/stoke_dag.py
[2026-09-17T13:07:29.682+0000] {processor.py:830} INFO - Processing file /opt/airflow/dags/stoke_dag.py for tasks to queue
[2026-09-17T13:07:29.684+0000] {logging_mixin.py:188} INFO - [2026-09-17T13:07:29.684+0000] {dagbag.py:545} INFO - Filling up the DagBag from /opt/airflow/dags/stoke_dag.py
[2026-09-17T13:07:29.698+0000] {processor.py:840} INFO - DAG(s) 'save_data' retrieved from /opt/airflow/dags/stoke_dag.py
[2026-09-17T13:07:29.720+0000] {logging_mixin.py:188} INFO - [2026-09-17T13:07:29.720+0000] {dag.py:3096} INFO - Sync 1 DAGs
[2026-09-17T13:07:29.731+0000] {logging_mixin.py:188} INFO - [2026-09-17T13:07:29.731+0000] {dag.py:3954} INFO - Setting next_dagrun for save_data to None, run_after=None
[2026-09-17T13:07:29.754+0000] {processor.py:183} INFO - Processing /opt/airflow/dags/stoke_dag.py took 0.080 seconds
[2026-09-17T13:08:00.116+0000] {processor.py:161} INFO - Started process (PID=907) to work on /opt/airflow/dags/stoke_dag.py
[2026-09-17T13:08:00.119+0000] {processor.py:830} INFO - Processing file /opt/airflow/dags/stoke_dag.py for tasks to queue
[2026-09-17T13:08:00.123+0000] {logging_mixin.py:188} INFO - [2026-09-17T13:08:00.122+0000] {dagbag.py:545} INFO - Filling up the DagBag from /opt/airflow/dags/stoke_dag.py
[2026-09-17T13:08:00.144+0000] {processor.py:840} INFO - DAG(s) 'save_data' retrieved from /opt/airflow/dags/stoke_dag.py
[2026-09-17T13:08:00.169+0000] {logging_mixin.py:188} INFO - [2026-09-17T13:08:00.169+0000] {dag.py:3096} INFO - Sync 1 DAGs
[2026-09-17T13:08:00.180+0000] {logging_mixin.py:188} INFO - [2026-09-17T13:08:00.179+0000] {dag.py:3954} INFO - Setting next_dagrun for save_data to None, run_after=None
[2026-09-17T13:08:00.198+0000] {processor.py:183} INFO - Processing /opt/airflow/dags/stoke_dag.py took 0.087 seconds
[2026-09-17T13:08:30.505+0000] {processor.py:161} INFO - Started process (PID=916) to work on /opt/airflow/dags/stoke_dag.py
[2026-09-17T13:08:30.507+0000] {processor.py:830} INFO - Processing file /opt/airflow/dags/stoke_dag.py for tasks to queue
[2026-09-17T13:08:30.510+0000] {logging_mixin.py:188} INFO - [2026-09-17T13:08:30.510+0000] {dagbag.py:545} INFO - Filling up the DagBag from /opt/airflow/dags/stoke_dag.py
[2026-09-17T13:08:30.538+0000] {processor.py:840} INFO - DAG(s) 'save_data' retrieved from /opt/airflow/dags/stoke_dag.py
[2026-09-17T13:08:30.566+0000] {logging_mixin.py:188} INFO - [2026-09-17T13:08:30.565+0000] {dag.py:3096} INFO - Sync 1 DAGs
[2026-09-17T13:08:30.584+0000] {logging_mixin.py:188} INFO - [2026-09-17T13:08:30.583+0000] {dag.py:3954} INFO - Setting next_dagrun for save_data to None, run_after=None
[2026-09-17T13:08:30.614+0000] {processor.py:183} INFO - Processing /opt/airflow/dags/stoke_dag.py took 0.114 seconds
[2026-09-17T13:09:00.947+0000] {processor.py:161} INFO - Started process (PID=925) to work on /opt/airflow/dags/stoke_dag.py
[2026-09-17T13:09:00.948+0000] {processor.py:830} INFO - Processing file /opt/airflow/dags/stoke_dag.py for tasks to queue
[2026-09-17T13:09:00.952+0000] {logging_mixin.py:188} INFO - [2026-09-17T13:09:00.951+0000] {dagbag.py:545} INFO - Filling up the DagBag from /opt/airflow/dags/stoke_dag.py
[2026-09-17T13:09:00.969+0000] {processor.py:840} INFO - DAG(s) 'save_data' retrieved from /opt/airflow/dags/stoke_dag.py
[2026-09-17T13:09:00.993+0000] {logging_mixin.py:188} INFO - [2026-09-17T13:09:00.993+0000] {dag.py:3096} INFO - Sync 1 DAGs
[2026-09-17T13:09:01.003+0000] {logging_mixin.py:188} INFO - [2026-09-17T13:09:01.003+0000] {dag.py:3954} INFO - Setting next_dagrun for save_data to None, run_after=None
[2026-09-17T13:09:01.026+0000] {processor.py:183} INFO - Processing /opt/airflow/dags/stoke_dag.py took 0.088 seconds
[2026-09-17T13:09:31.397+0000] {processor.py:161} INFO - Started process (PID=934) to work on /opt/airflow/dags/stoke_dag.py
[2026-09-17T13:09:31.399+0000] {processor.py:830} INFO - Processing file /opt/airflow/dags/stoke_dag.py for tasks to queue
[2026-09-17T13:09:31.401+0000] {logging_mixin.py:188} INFO - [2026-09-17T13:09:31.401+0000] {dagbag.py:545} INFO - Filling up the DagBag from /opt/airflow/dags/stoke_dag.py
[2026-09-17T13:09:31.421+0000] {processor.py:840} INFO - DAG(s) 'save_data' retrieved from /opt/airflow/dags/stoke_dag.py
[2026-09-17T13:09:31.444+0000] {logging_mixin.py:188} INFO - [2026-09-17T13:09:31.444+0000] {dag.py:3096} INFO - Sync 1 DAGs
[2026-09-17T13:09:31.458+0000] {logging_mixin.py:188} INFO - [2026-09-17T13:09:31.457+0000] {dag.py:3954} INFO - Setting next_dagrun for save_data to None, run_after=None
[2026-09-17T13:09:31.480+0000] {processor.py:183} INFO - Processing /opt/airflow/dags/stoke_dag.py took 0.090 seconds
[2026-09-17T13:10:01.849+0000] {processor.py:161} INFO - Started process (PID=943) to work on /opt/airflow/dags/stoke_dag.py
[2026-09-17T13:10:01.851+0000] {processor.py:830} INFO - Processing file /opt/airflow/dags/stoke_dag.py for tasks to queue
[2026-09-17T13:10:01.854+0000] {logging_mixin.py:188} INFO - [2026-09-17T13:10:01.854+0000] {dagbag.py:545} INFO - Filling up the DagBag from /opt/airflow/dags/stoke_dag.py
[2026-09-17T13:10:01.876+0000] {processor.py:840} INFO - DAG(s) 'save_data' retrieved from /opt/airflow/dags/stoke_dag.py
[2026-09-17T13:10:01.907+0000] {logging_mixin.py:188} INFO - [2026-09-17T13:10:01.907+0000] {dag.py:3096} INFO - Sync 1 DAGs
[2026-09-17T13:10:01.918+0000] {logging_mixin.py:188} INFO - [2026-09-17T13:10:01.918+0000] {dag.py:3954} INFO - Setting next_dagrun for save_data to None, run_after=None
[2026-09-17T13:10:01.938+0000] {processor.py:183} INFO - Processing /opt/airflow/dags/stoke_dag.py took 0.098 seconds
[2026-09-17T13:10:32.243+0000] {processor.py:161} INFO - Started process (PID=952) to work on /opt/airflow/dags/stoke_dag.py
[2026-09-17T13:10:32.245+0000] {processor.py:830} INFO - Processing file /opt/airflow/dags/stoke_dag.py for tasks to queue
[2026-09-17T13:10:32.249+0000] {logging_mixin.py:188} INFO - [2026-09-17T13:10:32.248+0000] {dagbag.py:545} INFO - Filling up the DagBag from /opt/airflow/dags/stoke_dag.py
[2026-09-17T13:10:32.270+0000] {processor.py:840} INFO - DAG(s) 'save_data' retrieved from /opt/airflow/dags/stoke_dag.py
[2026-09-17T13:10:32.301+0000] {logging_mixin.py:188} INFO - [2026-09-17T13:10:32.301+0000] {dag.py:3096} INFO - Sync 1 DAGs
[2026-09-17T13:10:32.322+0000] {logging_mixin.py:188} INFO - [2026-09-17T13:10:32.321+0000] {dag.py:3954} INFO - Setting next_dagrun for save_data to None, run_after=None
[2026-09-17T13:10:32.346+0000] {processor.py:183} INFO - Processing /opt/airflow/dags/stoke_dag.py took 0.111 seconds
[2026-09-17T13:11:02.719+0000] {processor.py:161} INFO - Started process (PID=961) to work on /opt/airflow/dags/stoke_dag.py
[2026-09-17T13:11:02.722+0000] {processor.py:830} INFO - Processing file /opt/airflow/dags/stoke_dag.py for tasks to queue
[2026-09-17T13:11:02.727+0000] {logging_mixin.py:188} INFO - [2026-09-17T13:11:02.727+0000] {dagbag.py:545} INFO - Filling up the DagBag from /opt/airflow/dags/stoke_dag.py
[2026-09-17T13:11:02.771+0000] {processor.py:840} INFO - DAG(s) 'save_data' retrieved from /opt/airflow/dags/stoke_dag.py
[2026-09-17T13:11:02.807+0000] {logging_mixin.py:188} INFO - [2026-09-17T13:11:02.806+0000] {dag.py:3096} INFO - Sync 1 DAGs
[2026-09-17T13:11:02.829+0000] {logging_mixin.py:188} INFO - [2026-09-17T13:11:02.829+0000] {dag.py:3954} INFO - Setting next_dagrun for save_data to None, run_after=None
[2026-09-17T13:11:02.859+0000] {processor.py:183} INFO - Processing /opt/airflow/dags/stoke_dag.py took 0.154 seconds
[2026-09-17T13:11:33.033+0000] {processor.py:161} INFO - Started process (PID=970) to work on /opt/airflow/dags/stoke_dag.py
[2026-09-17T13:11:33.035+0000] {processor.py:830} INFO - Processing file /opt/airflow/dags/stoke_dag.py for tasks to queue
[2026-09-17T13:11:33.038+0000] {logging_mixin.py:188} INFO - [2026-09-17T13:11:33.038+0000] {dagbag.py:545} INFO - Filling up the DagBag from /opt/airflow/dags/stoke_dag.py
[2026-09-17T13:11:33.067+0000] {processor.py:840} INFO - DAG(s) 'save_data' retrieved from /opt/airflow/dags/stoke_dag.py
[2026-09-17T13:11:33.089+0000] {logging_mixin.py:188} INFO - [2026-09-17T13:11:33.089+0000] {dag.py:3096} INFO - Sync 1 DAGs
[2026-09-17T13:11:33.102+0000] {logging_mixin.py:188} INFO - [2026-09-17T13:11:33.102+0000] {dag.py:3954} INFO - Setting next_dagrun for save_data to None, run_after=None
[2026-09-17T13:11:33.126+0000] {processor.py:183} INFO - Processing /opt/airflow/dags/stoke_dag.py took 0.103 seconds
[2026-09-17T13:12:03.553+0000] {processor.py:161} INFO - Started process (PID=986) to work on /opt/airflow/dags/stoke_dag.py
[2026-09-17T13:12:03.556+0000] {processor.py:830} INFO - Processing file /opt/airflow/dags/stoke_dag.py for tasks to queue
[2026-09-17T13:12:03.559+0000] {logging_mixin.py:188} INFO - [2026-09-17T13:12:03.559+0000] {dagbag.py:545} INFO - Filling up the DagBag from /opt/airflow/dags/stoke_dag.py
[2026-09-17T13:12:03.592+0000] {processor.py:840} INFO - DAG(s) 'save_data' retrieved from /opt/airflow/dags/stoke_dag.py
[2026-09-17T13:12:03.629+0000] {logging_mixin.py:188} INFO - [2026-09-17T13:12:03.629+0000] {dag.py:3096} INFO - Sync 1 DAGs
[2026-09-17T13:12:03.647+0000] {logging_mixin.py:188} INFO - [2026-09-17T13:12:03.647+0000] {dag.py:3954} INFO - Setting next_dagrun for save_data to None, run_after=None
[2026-09-17T13:12:03.676+0000] {processor.py:183} INFO - Processing /opt/airflow/dags/stoke_dag.py took 0.140 seconds
[2026-09-17T13:12:33.994+0000] {processor.py:161} INFO - Started process (PID=995) to work on /opt/airflow/dags/stoke_dag.py
[2026-09-17T13:12:33.996+0000] {processor.py:830} INFO - Processing file /opt/airflow/dags/stoke_dag.py for tasks to queue
[2026-09-17T13:12:33.999+0000] {logging_mixin.py:188} INFO - [2026-09-17T13:12:33.999+0000] {dagbag.py:545} INFO - Filling up the DagBag from /opt/airflow/dags/stoke_dag.py
[2026-09-17T13:12:34.032+0000] {processor.py:840} INFO - DAG(s) 'save_data' retrieved from /opt/airflow/dags/stoke_dag.py
[2026-09-17T13:12:34.055+0000] {logging_mixin.py:188} INFO - [2026-09-17T13:12:34.055+0000] {dag.py:3096} INFO - Sync 1 DAGs
[2026-09-17T13:12:34.068+0000] {logging_mixin.py:188} INFO - [2026-09-17T13:12:34.068+0000] {dag.py:3954} INFO - Setting next_dagrun for save_data to None, run_after=None
[2026-09-17T13:12:34.090+0000] {processor.py:183} INFO - Processing /opt/airflow/dags/stoke_dag.py took 0.109 seconds
[2026-09-17T13:13:04.192+0000] {processor.py:161} INFO - Started process (PID=1004) to work on /opt/airflow/dags/stoke_dag.py
[2026-09-17T13:13:04.194+0000] {processor.py:830} INFO - Processing file /opt/airflow/dags/stoke_dag.py for tasks to queue
[2026-09-17T13:13:04.196+0000] {logging_mixin.py:188} INFO - [2026-09-17T13:13:04.196+0000] {dagbag.py:545} INFO - Filling up the DagBag from /opt/airflow/dags/stoke_dag.py
[2026-09-17T13:13:04.226+0000] {processor.py:840} INFO - DAG(s) 'save_data' retrieved from /opt/airflow/dags/stoke_dag.py
[2026-09-17T13:13:04.283+0000] {logging_mixin.py:188} INFO - [2026-09-17T13:13:04.283+0000] {dag.py:3096} INFO - Sync 1 DAGs
[2026-09-17T13:13:04.308+0000] {logging_mixin.py:188} INFO - [2026-09-17T13:13:04.308+0000] {dag.py:3954} INFO - Setting next_dagrun for save_data to None, run_after=None
[2026-09-17T13:13:04.349+0000] {processor.py:183} INFO - Processing /opt/airflow/dags/stoke_dag.py took 0.164 seconds
[2026-09-17T13:13:34.694+0000] {processor.py:161} INFO - Started process (PID=1013) to work on /opt/airflow/dags/stoke_dag.py
[2026-09-17T13:13:34.697+0000] {processor.py:830} INFO - Processing file /opt/airflow/dags/stoke_dag.py for tasks to queue
[2026-09-17T13:13:34.702+0000] {logging_mixin.py:188} INFO - [2026-09-17T13:13:34.701+0000] {dagbag.py:545} INFO - Filling up the DagBag from /opt/airflow/dags/stoke_dag.py
[2026-09-17T13:13:34.921+0000] {processor.py:840} INFO - DAG(s) 'save_data' retrieved from /opt/airflow/dags/stoke_dag.py
[2026-09-17T13:13:34.981+0000] {logging_mixin.py:188} INFO - [2026-09-17T13:13:34.981+0000] {dag.py:3096} INFO - Sync 1 DAGs
[2026-09-17T13:13:35.005+0000] {logging_mixin.py:188} INFO - [2026-09-17T13:13:35.004+0000] {dag.py:3954} INFO - Setting next_dagrun for save_data to None, run_after=None
[2026-09-17T13:13:35.047+0000] {processor.py:183} INFO - Processing /opt/airflow/dags/stoke_dag.py took 0.368 seconds
[2026-09-17T13:14:05.413+0000] {processor.py:161} INFO - Started process (PID=1022) to work on /opt/airflow/dags/stoke_dag.py
[2026-09-17T13:14:05.415+0000] {processor.py:830} INFO - Processing file /opt/airflow/dags/stoke_dag.py for tasks to queue
[2026-09-17T13:14:05.419+0000] {logging_mixin.py:188} INFO - [2026-09-17T13:14:05.418+0000] {dagbag.py:545} INFO - Filling up the DagBag from /opt/airflow/dags/stoke_dag.py
[2026-09-17T13:14:05.446+0000] {processor.py:840} INFO - DAG(s) 'save_data' retrieved from /opt/airflow/dags/stoke_dag.py
[2026-09-17T13:14:05.477+0000] {logging_mixin.py:188} INFO - [2026-09-17T13:14:05.477+0000] {dag.py:3096} INFO - Sync 1 DAGs
[2026-09-17T13:14:05.503+0000] {logging_mixin.py:188} INFO - [2026-09-17T13:14:05.503+0000] {dag.py:3954} INFO - Setting next_dagrun for save_data to None, run_after=None
[2026-09-17T13:14:05.542+0000] {processor.py:183} INFO - Processing /opt/airflow/dags/stoke_dag.py took 0.137 seconds
[2026-09-17T13:14:35.831+0000] {processor.py:161} INFO - Started process (PID=1031) to work on /opt/airflow/dags/stoke_dag.py
[2026-09-17T13:14:35.832+0000] {processor.py:830} INFO - Processing file /opt/airflow/dags/stoke_dag.py for tasks to queue
[2026-09-17T13:14:35.834+0000] {logging_mixin.py:188} INFO - [2026-09-17T13:14:35.834+0000] {dagbag.py:545} INFO - Filling up the DagBag from /opt/airflow/dags/stoke_dag.py
[2026-09-17T13:14:35.857+0000] {processor.py:840} INFO - DAG(s) 'save_data' retrieved from /opt/airflow/dags/stoke_dag.py
[2026-09-17T13:14:35.877+0000] {logging_mixin.py:188} INFO - [2026-09-17T13:14:35.877+0000] {dag.py:3096} INFO - Sync 1 DAGs
[2026-09-17T13:14:35.890+0000] {logging_mixin.py:188} INFO - [2026-09-17T13:14:35.890+0000] {dag.py:3954} INFO - Setting next_dagrun for save_data to None, run_after=None
[2026-09-17T13:14:35.912+0000] {processor.py:183} INFO - Processing /opt/airflow/dags/stoke_dag.py took 0.087 seconds
[2026-09-17T13:15:06.253+0000] {processor.py:161} INFO - Started process (PID=1040) to work on /opt/airflow/dags/stoke_dag.py
[2026-09-17T13:15:06.254+0000] {processor.py:830} INFO - Processing file /opt/airflow/dags/stoke_dag.py for tasks to queue
[2026-09-17T13:15:06.256+0000] {logging_mixin.py:188} INFO - [2026-09-17T13:15:06.256+0000] {dagbag.py:545} INFO - Filling up the DagBag from /opt/airflow/dags/stoke_dag.py
[2026-09-17T13:15:06.279+0000] {processor.py:840} INFO - DAG(s) 'save_data' retrieved from /opt/airflow/dags/stoke_dag.py
[2026-09-17T13:15:06.300+0000] {logging_mixin.py:188} INFO - [2026-09-17T13:15:06.299+0000] {dag.py:3096} INFO - Sync 1 DAGs
[2026-09-17T13:15:06.314+0000] {logging_mixin.py:188} INFO - [2026-09-17T13:15:06.314+0000] {dag.py:3954} INFO - Setting next_dagrun for save_data to None, run_after=None
[2026-09-17T13:15:06.343+0000] {processor.py:183} INFO - Processing /opt/airflow/dags/stoke_dag.py took 0.100 seconds
[2026-09-17T13:15:36.792+0000] {processor.py:161} INFO - Started process (PID=1049) to work on /opt/airflow/dags/stoke_dag.py
[2026-09-17T13:15:36.793+0000] {processor.py:830} INFO - Processing file /opt/airflow/dags/stoke_dag.py for tasks to queue
[2026-09-17T13:15:36.796+0000] {logging_mixin.py:188} INFO - [2026-09-17T13:15:36.795+0000] {dagbag.py:545} INFO - Filling up the DagBag from /opt/airflow/dags/stoke_dag.py
[2026-09-17T13:15:36.816+0000] {processor.py:840} INFO - DAG(s) 'save_data' retrieved from /opt/airflow/dags/stoke_dag.py
[2026-09-17T13:15:36.836+0000] {logging_mixin.py:188} INFO - [2026-09-17T13:15:36.836+0000] {dag.py:3096} INFO - Sync 1 DAGs
[2026-09-17T13:15:36.846+0000] {logging_mixin.py:188} INFO - [2026-09-17T13:15:36.846+0000] {dag.py:3954} INFO - Setting next_dagrun for save_data to None, run_after=None
[2026-09-17T13:15:36.866+0000] {processor.py:183} INFO - Processing /opt/airflow/dags/stoke_dag.py took 0.080 seconds
[2026-09-17T13:16:07.190+0000] {processor.py:161} INFO - Started process (PID=1058) to work on /opt/airflow/dags/stoke_dag.py
[2026-09-17T13:16:07.192+0000] {processor.py:830} INFO - Processing file /opt/airflow/dags/stoke_dag.py for tasks to queue
[2026-09-17T13:16:07.195+0000] {logging_mixin.py:188} INFO - [2026-09-17T13:16:07.194+0000] {dagbag.py:545} INFO - Filling up the DagBag from /opt/airflow/dags/stoke_dag.py
[2026-09-17T13:16:07.220+0000] {processor.py:840} INFO - DAG(s) 'save_data' retrieved from /opt/airflow/dags/stoke_dag.py
[2026-09-17T13:16:07.246+0000] {logging_mixin.py:188} INFO - [2026-09-17T13:16:07.246+0000] {dag.py:3096} INFO - Sync 1 DAGs
[2026-09-17T13:16:07.261+0000] {logging_mixin.py:188} INFO - [2026-09-17T13:16:07.261+0000] {dag.py:3954} INFO - Setting next_dagrun for save_data to None, run_after=None
[2026-09-17T13:16:07.288+0000] {processor.py:183} INFO - Processing /opt/airflow/dags/stoke_dag.py took 0.106 seconds
[2026-09-17T13:16:37.619+0000] {processor.py:161} INFO - Started process (PID=1067) to work on /opt/airflow/dags/stoke_dag.py
[2026-09-17T13:16:37.620+0000] {processor.py:830} INFO - Processing file /opt/airflow/dags/stoke_dag.py for tasks to queue
[2026-09-17T13:16:37.623+0000] {logging_mixin.py:188} INFO - [2026-09-17T13:16:37.622+0000] {dagbag.py:545} INFO - Filling up the DagBag from /opt/airflow/dags/stoke_dag.py
[2026-09-17T13:16:37.651+0000] {processor.py:840} INFO - DAG(s) 'save_data' retrieved from /opt/airflow/dags/stoke_dag.py
[2026-09-17T13:16:37.680+0000] {logging_mixin.py:188} INFO - [2026-09-17T13:16:37.680+0000] {dag.py:3096} INFO - Sync 1 DAGs
[2026-09-17T13:16:37.693+0000] {logging_mixin.py:188} INFO - [2026-09-17T13:16:37.692+0000] {dag.py:3954} INFO - Setting next_dagrun for save_data to None, run_after=None
[2026-09-17T13:16:37.715+0000] {processor.py:183} INFO - Processing /opt/airflow/dags/stoke_dag.py took 0.109 seconds
[2026-09-17T13:17:07.883+0000] {processor.py:161} INFO - Started process (PID=1076) to work on /opt/airflow/dags/stoke_dag.py
[2026-09-17T13:17:07.884+0000] {processor.py:830} INFO - Processing file /opt/airflow/dags/stoke_dag.py for tasks to queue
[2026-09-17T13:17:07.887+0000] {logging_mixin.py:188} INFO - [2026-09-17T13:17:07.886+0000] {dagbag.py:545} INFO - Filling up the DagBag from /opt/airflow/dags/stoke_dag.py
[2026-09-17T13:17:07.909+0000] {processor.py:840} INFO - DAG(s) 'save_data' retrieved from /opt/airflow/dags/stoke_dag.py
[2026-09-17T13:17:07.931+0000] {logging_mixin.py:188} INFO - [2026-09-17T13:17:07.931+0000] {dag.py:3096} INFO - Sync 1 DAGs
[2026-09-17T13:17:07.942+0000] {logging_mixin.py:188} INFO - [2026-09-17T13:17:07.942+0000] {dag.py:3954} INFO - Setting next_dagrun for save_data to None, run_after=None
[2026-09-17T13:17:07.965+0000] {processor.py:183} INFO - Processing /opt/airflow/dags/stoke_dag.py took 0.090 seconds
[2026-09-17T13:17:38.247+0000] {processor.py:161} INFO - Started process (PID=1085) to work on /opt/airflow/dags/stoke_dag.py
[2026-09-17T13:17:38.249+0000] {processor.py:830} INFO - Processing file /opt/airflow/dags/stoke_dag.py for tasks to queue
[2026-09-17T13:17:38.250+0000] {logging_mixin.py:188} INFO - [2026-09-17T13:17:38.250+0000] {dagbag.py:545} INFO - Filling up the DagBag from /opt/airflow/dags/stoke_dag.py
[2026-09-17T13:17:38.267+0000] {processor.py:840} INFO - DAG(s) 'save_data' retrieved from /opt/airflow/dags/stoke_dag.py
[2026-09-17T13:17:38.287+0000] {logging_mixin.py:188} INFO - [2026-09-17T13:17:38.287+0000] {dag.py:3096} INFO - Sync 1 DAGs
[2026-09-17T13:17:38.298+0000] {logging_mixin.py:188} INFO - [2026-09-17T13:17:38.298+0000] {dag.py:3954} INFO - Setting next_dagrun for save_data to None, run_after=None
[2026-09-17T13:17:38.319+0000] {processor.py:183} INFO - Processing /opt/airflow/dags/stoke_dag.py took 0.077 seconds
[2026-09-17T13:18:08.639+0000] {processor.py:161} INFO - Started process (PID=1094) to work on /opt/airflow/dags/stoke_dag.py
[2026-09-17T13:18:08.641+0000] {processor.py:830} INFO - Processing file /opt/airflow/dags/stoke_dag.py for tasks to queue
[2026-09-17T13:18:08.644+0000] {logging_mixin.py:188} INFO - [2026-09-17T13:18:08.643+0000] {dagbag.py:545} INFO - Filling up the DagBag from /opt/airflow/dags/stoke_dag.py
[2026-09-17T13:18:08.670+0000] {processor.py:840} INFO - DAG(s) 'save_data' retrieved from /opt/airflow/dags/stoke_dag.py
[2026-09-17T13:18:08.692+0000] {logging_mixin.py:188} INFO - [2026-09-17T13:18:08.692+0000] {dag.py:3096} INFO - Sync 1 DAGs
[2026-09-17T13:18:08.702+0000] {logging_mixin.py:188} INFO - [2026-09-17T13:18:08.702+0000] {dag.py:3954} INFO - Setting next_dagrun for save_data to None, run_after=None
[2026-09-17T13:18:08.722+0000] {processor.py:183} INFO - Processing /opt/airflow/dags/stoke_dag.py took 0.090 seconds
[2026-09-17T13:18:39.029+0000] {processor.py:161} INFO - Started process (PID=1103) to work on /opt/airflow/dags/stoke_dag.py
[2026-09-17T13:18:39.031+0000] {processor.py:830} INFO - Processing file /opt/airflow/dags/stoke_dag.py for tasks to queue
[2026-09-17T13:18:39.033+0000] {logging_mixin.py:188} INFO - [2026-09-17T13:18:39.033+0000] {dagbag.py:545} INFO - Filling up the DagBag from /opt/airflow/dags/stoke_dag.py
[2026-09-17T13:18:39.056+0000] {processor.py:840} INFO - DAG(s) 'save_data' retrieved from /opt/airflow/dags/stoke_dag.py
[2026-09-17T13:18:39.079+0000] {logging_mixin.py:188} INFO - [2026-09-17T13:18:39.079+0000] {dag.py:3096} INFO - Sync 1 DAGs
[2026-09-17T13:18:39.090+0000] {logging_mixin.py:188} INFO - [2026-09-17T13:18:39.090+0000] {dag.py:3954} INFO - Setting next_dagrun for save_data to None, run_after=None
[2026-09-17T13:18:39.114+0000] {processor.py:183} INFO - Processing /opt/airflow/dags/stoke_dag.py took 0.093 seconds
[2026-09-17T13:19:09.446+0000] {processor.py:161} INFO - Started process (PID=1112) to work on /opt/airflow/dags/stoke_dag.py
[2026-09-17T13:19:09.448+0000] {processor.py:830} INFO - Processing file /opt/airflow/dags/stoke_dag.py for tasks to queue
[2026-09-17T13:19:09.450+0000] {logging_mixin.py:188} INFO - [2026-09-17T13:19:09.450+0000] {dagbag.py:545} INFO - Filling up the DagBag from /opt/airflow/dags/stoke_dag.py
[2026-09-17T13:19:09.471+0000] {processor.py:840} INFO - DAG(s) 'save_data' retrieved from /opt/airflow/dags/stoke_dag.py
[2026-09-17T13:19:09.493+0000] {logging_mixin.py:188} INFO - [2026-09-17T13:19:09.492+0000] {dag.py:3096} INFO - Sync 1 DAGs
[2026-09-17T13:19:09.503+0000] {logging_mixin.py:188} INFO - [2026-09-17T13:19:09.502+0000] {dag.py:3954} INFO - Setting next_dagrun for save_data to None, run_after=None
[2026-09-17T13:19:09.523+0000] {processor.py:183} INFO - Processing /opt/airflow/dags/stoke_dag.py took 0.083 seconds
[2026-09-17T13:19:39.848+0000] {processor.py:161} INFO - Started process (PID=1121) to work on /opt/airflow/dags/stoke_dag.py
[2026-09-17T13:19:39.850+0000] {processor.py:830} INFO - Processing file /opt/airflow/dags/stoke_dag.py for tasks to queue
[2026-09-17T13:19:39.852+0000] {logging_mixin.py:188} INFO - [2026-09-17T13:19:39.852+0000] {dagbag.py:545} INFO - Filling up the DagBag from /opt/airflow/dags/stoke_dag.py
[2026-09-17T13:19:39.873+0000] {processor.py:840} INFO - DAG(s) 'save_data' retrieved from /opt/airflow/dags/stoke_dag.py
[2026-09-17T13:19:39.899+0000] {logging_mixin.py:188} INFO - [2026-09-17T13:19:39.899+0000] {dag.py:3096} INFO - Sync 1 DAGs
[2026-09-17T13:19:39.911+0000] {logging_mixin.py:188} INFO - [2026-09-17T13:19:39.910+0000] {dag.py:3954} INFO - Setting next_dagrun for save_data to None, run_after=None
[2026-09-17T13:19:39.932+0000] {processor.py:183} INFO - Processing /opt/airflow/dags/stoke_dag.py took 0.090 seconds
[2026-09-17T13:20:10.280+0000] {processor.py:161} INFO - Started process (PID=1130) to work on /opt/airflow/dags/stoke_dag.py
[2026-09-17T13:20:10.282+0000] {processor.py:830} INFO - Processing file /opt/airflow/dags/stoke_dag.py for tasks to queue
[2026-09-17T13:20:10.284+0000] {logging_mixin.py:188} INFO - [2026-09-17T13:20:10.284+0000] {dagbag.py:545} INFO - Filling up the DagBag from /opt/airflow/dags/stoke_dag.py
[2026-09-17T13:20:10.307+0000] {processor.py:840} INFO - DAG(s) 'save_data' retrieved from /opt/airflow/dags/stoke_dag.py
[2026-09-17T13:20:10.327+0000] {logging_mixin.py:188} INFO - [2026-09-17T13:20:10.327+0000] {dag.py:3096} INFO - Sync 1 DAGs
[2026-09-17T13:20:10.338+0000] {logging_mixin.py:188} INFO - [2026-09-17T13:20:10.338+0000] {dag.py:3954} INFO - Setting next_dagrun for save_data to None, run_after=None
[2026-09-17T13:20:10.359+0000] {processor.py:183} INFO - Processing /opt/airflow/dags/stoke_dag.py took 0.085 seconds
[2026-09-17T13:20:40.794+0000] {processor.py:161} INFO - Started process (PID=1139) to work on /opt/airflow/dags/stoke_dag.py
[2026-09-17T13:20:40.796+0000] {processor.py:830} INFO - Processing file /opt/airflow/dags/stoke_dag.py for tasks to queue
[2026-09-17T13:20:40.801+0000] {logging_mixin.py:188} INFO - [2026-09-17T13:20:40.800+0000] {dagbag.py:545} INFO - Filling up the DagBag from /opt/airflow/dags/stoke_dag.py
[2026-09-17T13:20:40.823+0000] {processor.py:840} INFO - DAG(s) 'save_data' retrieved from /opt/airflow/dags/stoke_dag.py
[2026-09-17T13:20:40.845+0000] {logging_mixin.py:188} INFO - [2026-09-17T13:20:40.844+0000] {dag.py:3096} INFO - Sync 1 DAGs
[2026-09-17T13:20:40.856+0000] {logging_mixin.py:188} INFO - [2026-09-17T13:20:40.856+0000] {dag.py:3954} INFO - Setting next_dagrun for save_data to None, run_after=None
[2026-09-17T13:20:40.881+0000] {processor.py:183} INFO - Processing /opt/airflow/dags/stoke_dag.py took 0.093 seconds
[2026-09-17T13:21:11.139+0000] {processor.py:161} INFO - Started process (PID=1147) to work on /opt/airflow/dags/stoke_dag.py
[2026-09-17T13:21:11.142+0000] {processor.py:830} INFO - Processing file /opt/airflow/dags/stoke_dag.py for tasks to queue
[2026-09-17T13:21:11.145+0000] {logging_mixin.py:188} INFO - [2026-09-17T13:21:11.145+0000] {dagbag.py:545} INFO - Filling up the DagBag from /opt/airflow/dags/stoke_dag.py
[2026-09-17T13:21:11.170+0000] {processor.py:840} INFO - DAG(s) 'save_data' retrieved from /opt/airflow/dags/stoke_dag.py
[2026-09-17T13:21:11.214+0000] {logging_mixin.py:188} INFO - [2026-09-17T13:21:11.213+0000] {dag.py:3096} INFO - Sync 1 DAGs
[2026-09-17T13:21:11.235+0000] {logging_mixin.py:188} INFO - [2026-09-17T13:21:11.235+0000] {dag.py:3954} INFO - Setting next_dagrun for save_data to None, run_after=None
[2026-09-17T13:21:11.268+0000] {processor.py:183} INFO - Processing /opt/airflow/dags/stoke_dag.py took 0.144 seconds
[2026-09-17T13:21:41.627+0000] {processor.py:161} INFO - Started process (PID=1156) to work on /opt/airflow/dags/stoke_dag.py
[2026-09-17T13:21:41.629+0000] {processor.py:830} INFO - Processing file /opt/airflow/dags/stoke_dag.py for tasks to queue
[2026-09-17T13:21:41.631+0000] {logging_mixin.py:188} INFO - [2026-09-17T13:21:41.631+0000] {dagbag.py:545} INFO - Filling up the DagBag from /opt/airflow/dags/stoke_dag.py
[2026-09-17T13:21:41.646+0000] {processor.py:840} INFO - DAG(s) 'save_data' retrieved from /opt/airflow/dags/stoke_dag.py
[2026-09-17T13:21:41.669+0000] {logging_mixin.py:188} INFO - [2026-09-17T13:21:41.669+0000] {dag.py:3096} INFO - Sync 1 DAGs
[2026-09-17T13:21:41.679+0000] {logging_mixin.py:188} INFO - [2026-09-17T13:21:41.679+0000] {dag.py:3954} INFO - Setting next_dagrun for save_data to None, run_after=None
[2026-09-17T13:21:41.697+0000] {processor.py:183} INFO - Processing /opt/airflow/dags/stoke_dag.py took 0.078 seconds
[2026-09-17T13:22:12.029+0000] {processor.py:161} INFO - Started process (PID=1165) to work on /opt/airflow/dags/stoke_dag.py
[2026-09-17T13:22:12.030+0000] {processor.py:830} INFO - Processing file /opt/airflow/dags/stoke_dag.py for tasks to queue
[2026-09-17T13:22:12.033+0000] {logging_mixin.py:188} INFO - [2026-09-17T13:22:12.032+0000] {dagbag.py:545} INFO - Filling up the DagBag from /opt/airflow/dags/stoke_dag.py
[2026-09-17T13:22:12.055+0000] {processor.py:840} INFO - DAG(s) 'save_data' retrieved from /opt/airflow/dags/stoke_dag.py
[2026-09-17T13:22:12.087+0000] {logging_mixin.py:188} INFO - [2026-09-17T13:22:12.087+0000] {dag.py:3096} INFO - Sync 1 DAGs
[2026-09-17T13:22:12.101+0000] {logging_mixin.py:188} INFO - [2026-09-17T13:22:12.101+0000] {dag.py:3954} INFO - Setting next_dagrun for save_data to None, run_after=None
[2026-09-17T13:22:12.128+0000] {processor.py:183} INFO - Processing /opt/airflow/dags/stoke_dag.py took 0.105 seconds
[2026-09-17T13:22:42.246+0000] {processor.py:161} INFO - Started process (PID=1174) to work on /opt/airflow/dags/stoke_dag.py
[2026-09-17T13:22:42.248+0000] {processor.py:830} INFO - Processing file /opt/airflow/dags/stoke_dag.py for tasks to queue
[2026-09-17T13:22:42.250+0000] {logging_mixin.py:188} INFO - [2026-09-17T13:22:42.250+0000] {dagbag.py:545} INFO - Filling up the DagBag from /opt/airflow/dags/stoke_dag.py
[2026-09-17T13:22:42.268+0000] {processor.py:840} INFO - DAG(s) 'save_data' retrieved from /opt/airflow/dags/stoke_dag.py
[2026-09-17T13:22:42.294+0000] {logging_mixin.py:188} INFO - [2026-09-17T13:22:42.294+0000] {dag.py:3096} INFO - Sync 1 DAGs
[2026-09-17T13:22:42.307+0000] {logging_mixin.py:188} INFO - [2026-09-17T13:22:42.306+0000] {dag.py:3954} INFO - Setting next_dagrun for save_data to None, run_after=None
[2026-09-17T13:22:42.328+0000] {processor.py:183} INFO - Processing /opt/airflow/dags/stoke_dag.py took 0.087 seconds
[2026-09-17T13:23:12.689+0000] {processor.py:161} INFO - Started process (PID=1183) to work on /opt/airflow/dags/stoke_dag.py
[2026-09-17T13:23:12.692+0000] {processor.py:830} INFO - Processing file /opt/airflow/dags/stoke_dag.py for tasks to queue
[2026-09-17T13:23:12.694+0000] {logging_mixin.py:188} INFO - [2026-09-17T13:23:12.694+0000] {dagbag.py:545} INFO - Filling up the DagBag from /opt/airflow/dags/stoke_dag.py
[2026-09-17T13:23:12.718+0000] {processor.py:840} INFO - DAG(s) 'save_data' retrieved from /opt/airflow/dags/stoke_dag.py
[2026-09-17T13:23:12.747+0000] {logging_mixin.py:188} INFO - [2026-09-17T13:23:12.747+0000] {dag.py:3096} INFO - Sync 1 DAGs
[2026-09-17T13:23:12.762+0000] {logging_mixin.py:188} INFO - [2026-09-17T13:23:12.762+0000] {dag.py:3954} INFO - Setting next_dagrun for save_data to None, run_after=None
[2026-09-17T13:23:12.788+0000] {processor.py:183} INFO - Processing /opt/airflow/dags/stoke_dag.py took 0.107 seconds
[2026-09-17T13:23:43.185+0000] {processor.py:161} INFO - Started process (PID=1192) to work on /opt/airflow/dags/stoke_dag.py
[2026-09-17T13:23:43.187+0000] {processor.py:830} INFO - Processing file /opt/airflow/dags/stoke_dag.py for tasks to queue
[2026-09-17T13:23:43.190+0000] {logging_mixin.py:188} INFO - [2026-09-17T13:23:43.189+0000] {dagbag.py:545} INFO - Filling up the DagBag from /opt/airflow/dags/stoke_dag.py
[2026-09-17T13:23:43.214+0000] {processor.py:840} INFO - DAG(s) 'save_data' retrieved from /opt/airflow/dags/stoke_dag.py
[2026-09-17T13:23:43.237+0000] {logging_mixin.py:188} INFO - [2026-09-17T13:23:43.237+0000] {dag.py:3096} INFO - Sync 1 DAGs
[2026-09-17T13:23:43.248+0000] {logging_mixin.py:188} INFO - [2026-09-17T13:23:43.247+0000] {dag.py:3954} INFO - Setting next_dagrun for save_data to None, run_after=None
[2026-09-17T13:23:43.268+0000] {processor.py:183} INFO - Processing /opt/airflow/dags/stoke_dag.py took 0.090 seconds
[2026-09-17T13:24:13.687+0000] {processor.py:161} INFO - Started process (PID=1201) to work on /opt/airflow/dags/stoke_dag.py
[2026-09-17T13:24:13.689+0000] {processor.py:830} INFO - Processing file /opt/airflow/dags/stoke_dag.py for tasks to queue
[2026-09-17T13:24:13.694+0000] {logging_mixin.py:188} INFO - [2026-09-17T13:24:13.694+0000] {dagbag.py:545} INFO - Filling up the DagBag from /opt/airflow/dags/stoke_dag.py
[2026-09-17T13:24:13.726+0000] {processor.py:840} INFO - DAG(s) 'save_data' retrieved from /opt/airflow/dags/stoke_dag.py
[2026-09-17T13:24:13.758+0000] {logging_mixin.py:188} INFO - [2026-09-17T13:24:13.757+0000] {dag.py:3096} INFO - Sync 1 DAGs
[2026-09-17T13:24:13.775+0000] {logging_mixin.py:188} INFO - [2026-09-17T13:24:13.775+0000] {dag.py:3954} INFO - Setting next_dagrun for save_data to None, run_after=None
[2026-09-17T13:24:13.809+0000] {processor.py:183} INFO - Processing /opt/airflow/dags/stoke_dag.py took 0.135 seconds
[2026-09-17T13:24:44.130+0000] {processor.py:161} INFO - Started process (PID=1210) to work on /opt/airflow/dags/stoke_dag.py
[2026-09-17T13:24:44.131+0000] {processor.py:830} INFO - Processing file /opt/airflow/dags/stoke_dag.py for tasks to queue
[2026-09-17T13:24:44.133+0000] {logging_mixin.py:188} INFO - [2026-09-17T13:24:44.133+0000] {dagbag.py:545} INFO - Filling up the DagBag from /opt/airflow/dags/stoke_dag.py
[2026-09-17T13:24:44.153+0000] {processor.py:840} INFO - DAG(s) 'save_data' retrieved from /opt/airflow/dags/stoke_dag.py
[2026-09-17T13:24:44.179+0000] {logging_mixin.py:188} INFO - [2026-09-17T13:24:44.179+0000] {dag.py:3096} INFO - Sync 1 DAGs
[2026-09-17T13:24:44.190+0000] {logging_mixin.py:188} INFO - [2026-09-17T13:24:44.190+0000] {dag.py:3954} INFO - Setting next_dagrun for save_data to None, run_after=None
[2026-09-17T13:24:44.212+0000] {processor.py:183} INFO - Processing /opt/airflow/dags/stoke_dag.py took 0.088 seconds
[2026-09-17T13:25:14.348+0000] {processor.py:161} INFO - Started process (PID=1219) to work on /opt/airflow/dags/stoke_dag.py
[2026-09-17T13:25:14.350+0000] {processor.py:830} INFO - Processing file /opt/airflow/dags/stoke_dag.py for tasks to queue
[2026-09-17T13:25:14.352+0000] {logging_mixin.py:188} INFO - [2026-09-17T13:25:14.352+0000] {dagbag.py:545} INFO - Filling up the DagBag from /opt/airflow/dags/stoke_dag.py
[2026-09-17T13:25:14.376+0000] {processor.py:840} INFO - DAG(s) 'save_data' retrieved from /opt/airflow/dags/stoke_dag.py
[2026-09-17T13:25:14.400+0000] {logging_mixin.py:188} INFO - [2026-09-17T13:25:14.400+0000] {dag.py:3096} INFO - Sync 1 DAGs
[2026-09-17T13:25:14.412+0000] {logging_mixin.py:188} INFO - [2026-09-17T13:25:14.412+0000] {dag.py:3954} INFO - Setting next_dagrun for save_data to None, run_after=None
[2026-09-17T13:25:14.433+0000] {processor.py:183} INFO - Processing /opt/airflow/dags/stoke_dag.py took 0.091 seconds
[2026-09-17T13:25:44.643+0000] {processor.py:161} INFO - Started process (PID=1228) to work on /opt/airflow/dags/stoke_dag.py
[2026-09-17T13:25:44.645+0000] {processor.py:830} INFO - Processing file /opt/airflow/dags/stoke_dag.py for tasks to queue
[2026-09-17T13:25:44.648+0000] {logging_mixin.py:188} INFO - [2026-09-17T13:25:44.648+0000] {dagbag.py:545} INFO - Filling up the DagBag from /opt/airflow/dags/stoke_dag.py
[2026-09-17T13:25:44.667+0000] {processor.py:840} INFO - DAG(s) 'save_data' retrieved from /opt/airflow/dags/stoke_dag.py
[2026-09-17T13:25:44.686+0000] {logging_mixin.py:188} INFO - [2026-09-17T13:25:44.686+0000] {dag.py:3096} INFO - Sync 1 DAGs
[2026-09-17T13:25:44.699+0000] {logging_mixin.py:188} INFO - [2026-09-17T13:25:44.699+0000] {dag.py:3954} INFO - Setting next_dagrun for save_data to None, run_after=None
[2026-09-17T13:25:44.722+0000] {processor.py:183} INFO - Processing /opt/airflow/dags/stoke_dag.py took 0.084 seconds
[2026-09-17T13:26:15.049+0000] {processor.py:161} INFO - Started process (PID=1237) to work on /opt/airflow/dags/stoke_dag.py
[2026-09-17T13:26:15.051+0000] {processor.py:830} INFO - Processing file /opt/airflow/dags/stoke_dag.py for tasks to queue
[2026-09-17T13:26:15.054+0000] {logging_mixin.py:188} INFO - [2026-09-17T13:26:15.054+0000] {dagbag.py:545} INFO - Filling up the DagBag from /opt/airflow/dags/stoke_dag.py
[2026-09-17T13:26:15.077+0000] {processor.py:840} INFO - DAG(s) 'save_data' retrieved from /opt/airflow/dags/stoke_dag.py
[2026-09-17T13:26:15.099+0000] {logging_mixin.py:188} INFO - [2026-09-17T13:26:15.098+0000] {dag.py:3096} INFO - Sync 1 DAGs
[2026-09-17T13:26:15.110+0000] {logging_mixin.py:188} INFO - [2026-09-17T13:26:15.109+0000] {dag.py:3954} INFO - Setting next_dagrun for save_data to None, run_after=None
[2026-09-17T13:26:15.129+0000] {processor.py:183} INFO - Processing /opt/airflow/dags/stoke_dag.py took 0.086 seconds
[2026-09-17T13:26:45.186+0000] {processor.py:161} INFO - Started process (PID=1246) to work on /opt/airflow/dags/stoke_dag.py
[2026-09-17T13:26:45.188+0000] {processor.py:830} INFO - Processing file /opt/airflow/dags/stoke_dag.py for tasks to queue
[2026-09-17T13:26:45.191+0000] {logging_mixin.py:188} INFO - [2026-09-17T13:26:45.191+0000] {dagbag.py:545} INFO - Filling up the DagBag from /opt/airflow/dags/stoke_dag.py
[2026-09-17T13:26:45.210+0000] {processor.py:840} INFO - DAG(s) 'save_data' retrieved from /opt/airflow/dags/stoke_dag.py
[2026-09-17T13:26:45.238+0000] {logging_mixin.py:188} INFO - [2026-09-17T13:26:45.237+0000] {dag.py:3096} INFO - Sync 1 DAGs
[2026-09-17T13:26:45.253+0000] {logging_mixin.py:188} INFO - [2026-09-17T13:26:45.253+0000] {dag.py:3954} INFO - Setting next_dagrun for save_data to None, run_after=None
[2026-09-17T13:26:45.277+0000] {processor.py:183} INFO - Processing /opt/airflow/dags/stoke_dag.py took 0.097 seconds
[2026-09-17T13:27:15.617+0000] {processor.py:161} INFO - Started process (PID=1255) to work on /opt/airflow/dags/stoke_dag.py
[2026-09-17T13:27:15.619+0000] {processor.py:830} INFO - Processing file /opt/airflow/dags/stoke_dag.py for tasks to queue
[2026-09-17T13:27:15.623+0000] {logging_mixin.py:188} INFO - [2026-09-17T13:27:15.622+0000] {dagbag.py:545} INFO - Filling up the DagBag from /opt/airflow/dags/stoke_dag.py
[2026-09-17T13:27:15.644+0000] {processor.py:840} INFO - DAG(s) 'save_data' retrieved from /opt/airflow/dags/stoke_dag.py
[2026-09-17T13:27:15.667+0000] {logging_mixin.py:188} INFO - [2026-09-17T13:27:15.667+0000] {dag.py:3096} INFO - Sync 1 DAGs
[2026-09-17T13:27:15.678+0000] {logging_mixin.py:188} INFO - [2026-09-17T13:27:15.678+0000] {dag.py:3954} INFO - Setting next_dagrun for save_data to None, run_after=None
[2026-09-17T13:27:15.701+0000] {processor.py:183} INFO - Processing /opt/airflow/dags/stoke_dag.py took 0.091 seconds
[2026-09-17T13:27:46.047+0000] {processor.py:161} INFO - Started process (PID=1264) to work on /opt/airflow/dags/stoke_dag.py
[2026-09-17T13:27:46.048+0000] {processor.py:830} INFO - Processing file /opt/airflow/dags/stoke_dag.py for tasks to queue
[2026-09-17T13:27:46.051+0000] {logging_mixin.py:188} INFO - [2026-09-17T13:27:46.051+0000] {dagbag.py:545} INFO - Filling up the DagBag from /opt/airflow/dags/stoke_dag.py
[2026-09-17T13:27:46.082+0000] {processor.py:840} INFO - DAG(s) 'save_data' retrieved from /opt/airflow/dags/stoke_dag.py
[2026-09-17T13:27:46.108+0000] {logging_mixin.py:188} INFO - [2026-09-17T13:27:46.108+0000] {dag.py:3096} INFO - Sync 1 DAGs
[2026-09-17T13:27:46.121+0000] {logging_mixin.py:188} INFO - [2026-09-17T13:27:46.121+0000] {dag.py:3954} INFO - Setting next_dagrun for save_data to None, run_after=None
[2026-09-17T13:27:46.149+0000] {processor.py:183} INFO - Processing /opt/airflow/dags/stoke_dag.py took 0.109 seconds
[2026-09-17T13:28:16.569+0000] {processor.py:161} INFO - Started process (PID=1273) to work on /opt/airflow/dags/stoke_dag.py
[2026-09-17T13:28:16.572+0000] {processor.py:830} INFO - Processing file /opt/airflow/dags/stoke_dag.py for tasks to queue
[2026-09-17T13:28:16.577+0000] {logging_mixin.py:188} INFO - [2026-09-17T13:28:16.576+0000] {dagbag.py:545} INFO - Filling up the DagBag from /opt/airflow/dags/stoke_dag.py
[2026-09-17T13:28:16.610+0000] {processor.py:840} INFO - DAG(s) 'save_data' retrieved from /opt/airflow/dags/stoke_dag.py
[2026-09-17T13:28:16.651+0000] {logging_mixin.py:188} INFO - [2026-09-17T13:28:16.651+0000] {dag.py:3096} INFO - Sync 1 DAGs
[2026-09-17T13:28:16.675+0000] {logging_mixin.py:188} INFO - [2026-09-17T13:28:16.674+0000] {dag.py:3954} INFO - Setting next_dagrun for save_data to None, run_after=None
[2026-09-17T13:28:16.711+0000] {processor.py:183} INFO - Processing /opt/airflow/dags/stoke_dag.py took 0.156 seconds
[2026-09-17T13:28:47.034+0000] {processor.py:161} INFO - Started process (PID=1282) to work on /opt/airflow/dags/stoke_dag.py
[2026-09-17T13:28:47.035+0000] {processor.py:830} INFO - Processing file /opt/airflow/dags/stoke_dag.py for tasks to queue
[2026-09-17T13:28:47.038+0000] {logging_mixin.py:188} INFO - [2026-09-17T13:28:47.038+0000] {dagbag.py:545} INFO - Filling up the DagBag from /opt/airflow/dags/stoke_dag.py
[2026-09-17T13:28:47.069+0000] {processor.py:840} INFO - DAG(s) 'save_data' retrieved from /opt/airflow/dags/stoke_dag.py
[2026-09-17T13:28:47.117+0000] {logging_mixin.py:188} INFO - [2026-09-17T13:28:47.117+0000] {dag.py:3096} INFO - Sync 1 DAGs
[2026-09-17T13:28:47.140+0000] {logging_mixin.py:188} INFO - [2026-09-17T13:28:47.140+0000] {dag.py:3954} INFO - Setting next_dagrun for save_data to None, run_after=None
[2026-09-17T13:28:47.175+0000] {processor.py:183} INFO - Processing /opt/airflow/dags/stoke_dag.py took 0.151 seconds
[2026-09-17T13:29:17.502+0000] {processor.py:161} INFO - Started process (PID=1291) to work on /opt/airflow/dags/stoke_dag.py
[2026-09-17T13:29:17.504+0000] {processor.py:830} INFO - Processing file /opt/airflow/dags/stoke_dag.py for tasks to queue
[2026-09-17T13:29:17.508+0000] {logging_mixin.py:188} INFO - [2026-09-17T13:29:17.507+0000] {dagbag.py:545} INFO - Filling up the DagBag from /opt/airflow/dags/stoke_dag.py
[2026-09-17T13:29:17.534+0000] {processor.py:840} INFO - DAG(s) 'save_data' retrieved from /opt/airflow/dags/stoke_dag.py
[2026-09-17T13:29:17.558+0000] {logging_mixin.py:188} INFO - [2026-09-17T13:29:17.558+0000] {dag.py:3096} INFO - Sync 1 DAGs
[2026-09-17T13:29:17.571+0000] {logging_mixin.py:188} INFO - [2026-09-17T13:29:17.571+0000] {dag.py:3954} INFO - Setting next_dagrun for save_data to None, run_after=None
[2026-09-17T13:29:17.595+0000] {processor.py:183} INFO - Processing /opt/airflow/dags/stoke_dag.py took 0.100 seconds
[2026-09-17T13:29:47.944+0000] {processor.py:161} INFO - Started process (PID=1300) to work on /opt/airflow/dags/stoke_dag.py
[2026-09-17T13:29:47.945+0000] {processor.py:830} INFO - Processing file /opt/airflow/dags/stoke_dag.py for tasks to queue
[2026-09-17T13:29:47.947+0000] {logging_mixin.py:188} INFO - [2026-09-17T13:29:47.947+0000] {dagbag.py:545} INFO - Filling up the DagBag from /opt/airflow/dags/stoke_dag.py
[2026-09-17T13:29:47.961+0000] {processor.py:840} INFO - DAG(s) 'save_data' retrieved from /opt/airflow/dags/stoke_dag.py
[2026-09-17T13:29:47.981+0000] {logging_mixin.py:188} INFO - [2026-09-17T13:29:47.981+0000] {dag.py:3096} INFO - Sync 1 DAGs
[2026-09-17T13:29:47.993+0000] {logging_mixin.py:188} INFO - [2026-09-17T13:29:47.992+0000] {dag.py:3954} INFO - Setting next_dagrun for save_data to None, run_after=None
[2026-09-17T13:29:48.015+0000] {processor.py:183} INFO - Processing /opt/airflow/dags/stoke_dag.py took 0.077 seconds
[2026-09-17T13:30:18.342+0000] {processor.py:161} INFO - Started process (PID=1309) to work on /opt/airflow/dags/stoke_dag.py
[2026-09-17T13:30:18.343+0000] {processor.py:830} INFO - Processing file /opt/airflow/dags/stoke_dag.py for tasks to queue
[2026-09-17T13:30:18.347+0000] {logging_mixin.py:188} INFO - [2026-09-17T13:30:18.346+0000] {dagbag.py:545} INFO - Filling up the DagBag from /opt/airflow/dags/stoke_dag.py
[2026-09-17T13:30:18.362+0000] {processor.py:840} INFO - DAG(s) 'save_data' retrieved from /opt/airflow/dags/stoke_dag.py
[2026-09-17T13:30:18.383+0000] {logging_mixin.py:188} INFO - [2026-09-17T13:30:18.382+0000] {dag.py:3096} INFO - Sync 1 DAGs
[2026-09-17T13:30:18.396+0000] {logging_mixin.py:188} INFO - [2026-09-17T13:30:18.396+0000] {dag.py:3954} INFO - Setting next_dagrun for save_data to None, run_after=None
[2026-09-17T13:30:18.415+0000] {processor.py:183} INFO - Processing /opt/airflow/dags/stoke_dag.py took 0.079 seconds
[2026-09-17T13:30:48.763+0000] {processor.py:161} INFO - Started process (PID=1317) to work on /opt/airflow/dags/stoke_dag.py
[2026-09-17T13:30:48.765+0000] {processor.py:830} INFO - Processing file /opt/airflow/dags/stoke_dag.py for tasks to queue
[2026-09-17T13:30:48.767+0000] {logging_mixin.py:188} INFO - [2026-09-17T13:30:48.766+0000] {dagbag.py:545} INFO - Filling up the DagBag from /opt/airflow/dags/stoke_dag.py
[2026-09-17T13:30:48.788+0000] {processor.py:840} INFO - DAG(s) 'save_data' retrieved from /opt/airflow/dags/stoke_dag.py
[2026-09-17T13:30:48.817+0000] {logging_mixin.py:188} INFO - [2026-09-17T13:30:48.817+0000] {dag.py:3096} INFO - Sync 1 DAGs
[2026-09-17T13:30:48.833+0000] {logging_mixin.py:188} INFO - [2026-09-17T13:30:48.833+0000] {dag.py:3954} INFO - Setting next_dagrun for save_data to None, run_after=None
[2026-09-17T13:30:48.853+0000] {processor.py:183} INFO - Processing /opt/airflow/dags/stoke_dag.py took 0.097 seconds
[2026-09-17T13:31:19.189+0000] {processor.py:161} INFO - Started process (PID=1326) to work on /opt/airflow/dags/stoke_dag.py
[2026-09-17T13:31:19.191+0000] {processor.py:830} INFO - Processing file /opt/airflow/dags/stoke_dag.py for tasks to queue
[2026-09-17T13:31:19.193+0000] {logging_mixin.py:188} INFO - [2026-09-17T13:31:19.193+0000] {dagbag.py:545} INFO - Filling up the DagBag from /opt/airflow/dags/stoke_dag.py
[2026-09-17T13:31:19.209+0000] {processor.py:840} INFO - DAG(s) 'save_data' retrieved from /opt/airflow/dags/stoke_dag.py
[2026-09-17T13:31:19.230+0000] {logging_mixin.py:188} INFO - [2026-09-17T13:31:19.230+0000] {dag.py:3096} INFO - Sync 1 DAGs
[2026-09-17T13:31:19.241+0000] {logging_mixin.py:188} INFO - [2026-09-17T13:31:19.240+0000] {dag.py:3954} INFO - Setting next_dagrun for save_data to None, run_after=None
[2026-09-17T13:31:19.260+0000] {processor.py:183} INFO - Processing /opt/airflow/dags/stoke_dag.py took 0.079 seconds
[2026-09-17T13:31:49.583+0000] {processor.py:161} INFO - Started process (PID=1335) to work on /opt/airflow/dags/stoke_dag.py
[2026-09-17T13:31:49.585+0000] {processor.py:830} INFO - Processing file /opt/airflow/dags/stoke_dag.py for tasks to queue
[2026-09-17T13:31:49.586+0000] {logging_mixin.py:188} INFO - [2026-09-17T13:31:49.586+0000] {dagbag.py:545} INFO - Filling up the DagBag from /opt/airflow/dags/stoke_dag.py
[2026-09-17T13:31:49.602+0000] {processor.py:840} INFO - DAG(s) 'save_data' retrieved from /opt/airflow/dags/stoke_dag.py
[2026-09-17T13:31:49.621+0000] {logging_mixin.py:188} INFO - [2026-09-17T13:31:49.621+0000] {dag.py:3096} INFO - Sync 1 DAGs
[2026-09-17T13:31:49.632+0000] {logging_mixin.py:188} INFO - [2026-09-17T13:31:49.632+0000] {dag.py:3954} INFO - Setting next_dagrun for save_data to None, run_after=None
[2026-09-17T13:31:49.654+0000] {processor.py:183} INFO - Processing /opt/airflow/dags/stoke_dag.py took 0.076 seconds
[2026-09-17T13:32:19.985+0000] {processor.py:161} INFO - Started process (PID=1344) to work on /opt/airflow/dags/stoke_dag.py
[2026-09-17T13:32:19.986+0000] {processor.py:830} INFO - Processing file /opt/airflow/dags/stoke_dag.py for tasks to queue
[2026-09-17T13:32:19.989+0000] {logging_mixin.py:188} INFO - [2026-09-17T13:32:19.989+0000] {dagbag.py:545} INFO - Filling up the DagBag from /opt/airflow/dags/stoke_dag.py
[2026-09-17T13:32:20.010+0000] {processor.py:840} INFO - DAG(s) 'save_data' retrieved from /opt/airflow/dags/stoke_dag.py
[2026-09-17T13:32:20.032+0000] {logging_mixin.py:188} INFO - [2026-09-17T13:32:20.031+0000] {dag.py:3096} INFO - Sync 1 DAGs
[2026-09-17T13:32:20.042+0000] {logging_mixin.py:188} INFO - [2026-09-17T13:32:20.042+0000] {dag.py:3954} INFO - Setting next_dagrun for save_data to None, run_after=None
[2026-09-17T13:32:20.066+0000] {processor.py:183} INFO - Processing /opt/airflow/dags/stoke_dag.py took 0.088 seconds
[2026-09-17T13:32:50.366+0000] {processor.py:161} INFO - Started process (PID=1352) to work on /opt/airflow/dags/stoke_dag.py
[2026-09-17T13:32:50.368+0000] {processor.py:830} INFO - Processing file /opt/airflow/dags/stoke_dag.py for tasks to queue
[2026-09-17T13:32:50.370+0000] {logging_mixin.py:188} INFO - [2026-09-17T13:32:50.370+0000] {dagbag.py:545} INFO - Filling up the DagBag from /opt/airflow/dags/stoke_dag.py
[2026-09-17T13:32:50.384+0000] {processor.py:840} INFO - DAG(s) 'save_data' retrieved from /opt/airflow/dags/stoke_dag.py
[2026-09-17T13:32:50.404+0000] {logging_mixin.py:188} INFO - [2026-09-17T13:32:50.404+0000] {dag.py:3096} INFO - Sync 1 DAGs
[2026-09-17T13:32:50.416+0000] {logging_mixin.py:188} INFO - [2026-09-17T13:32:50.416+0000] {dag.py:3954} INFO - Setting next_dagrun for save_data to None, run_after=None
[2026-09-17T13:32:50.436+0000] {processor.py:183} INFO - Processing /opt/airflow/dags/stoke_dag.py took 0.077 seconds
[2026-09-17T13:33:20.837+0000] {processor.py:161} INFO - Started process (PID=1361) to work on /opt/airflow/dags/stoke_dag.py
[2026-09-17T13:33:20.840+0000] {processor.py:830} INFO - Processing file /opt/airflow/dags/stoke_dag.py for tasks to queue
[2026-09-17T13:33:20.846+0000] {logging_mixin.py:188} INFO - [2026-09-17T13:33:20.845+0000] {dagbag.py:545} INFO - Filling up the DagBag from /opt/airflow/dags/stoke_dag.py
[2026-09-17T13:33:20.900+0000] {processor.py:840} INFO - DAG(s) 'save_data' retrieved from /opt/airflow/dags/stoke_dag.py
[2026-09-17T13:33:20.961+0000] {logging_mixin.py:188} INFO - [2026-09-17T13:33:20.960+0000] {dag.py:3096} INFO - Sync 1 DAGs
[2026-09-17T13:33:20.996+0000] {logging_mixin.py:188} INFO - [2026-09-17T13:33:20.995+0000] {dag.py:3954} INFO - Setting next_dagrun for save_data to None, run_after=None
[2026-09-17T13:33:21.053+0000] {processor.py:183} INFO - Processing /opt/airflow/dags/stoke_dag.py took 0.235 seconds
[2026-09-17T13:33:51.420+0000] {processor.py:161} INFO - Started process (PID=1370) to work on /opt/airflow/dags/stoke_dag.py
[2026-09-17T13:33:51.422+0000] {processor.py:830} INFO - Processing file /opt/airflow/dags/stoke_dag.py for tasks to queue
[2026-09-17T13:33:51.424+0000] {logging_mixin.py:188} INFO - [2026-09-17T13:33:51.424+0000] {dagbag.py:545} INFO - Filling up the DagBag from /opt/airflow/dags/stoke_dag.py
[2026-09-17T13:33:51.445+0000] {processor.py:840} INFO - DAG(s) 'save_data' retrieved from /opt/airflow/dags/stoke_dag.py
[2026-09-17T13:33:51.465+0000] {logging_mixin.py:188} INFO - [2026-09-17T13:33:51.465+0000] {dag.py:3096} INFO - Sync 1 DAGs
[2026-09-17T13:33:51.476+0000] {logging_mixin.py:188} INFO - [2026-09-17T13:33:51.476+0000] {dag.py:3954} INFO - Setting next_dagrun for save_data to None, run_after=None
[2026-09-17T13:33:51.497+0000] {processor.py:183} INFO - Processing /opt/airflow/dags/stoke_dag.py took 0.084 seconds
[2026-09-17T13:34:21.576+0000] {processor.py:161} INFO - Started process (PID=1379) to work on /opt/airflow/dags/stoke_dag.py
[2026-09-17T13:34:21.580+0000] {processor.py:830} INFO - Processing file /opt/airflow/dags/stoke_dag.py for tasks to queue
[2026-09-17T13:34:21.585+0000] {logging_mixin.py:188} INFO - [2026-09-17T13:34:21.585+0000] {dagbag.py:545} INFO - Filling up the DagBag from /opt/airflow/dags/stoke_dag.py
[2026-09-17T13:34:21.624+0000] {processor.py:840} INFO - DAG(s) 'save_data' retrieved from /opt/airflow/dags/stoke_dag.py
[2026-09-17T13:34:21.669+0000] {logging_mixin.py:188} INFO - [2026-09-17T13:34:21.668+0000] {dag.py:3096} INFO - Sync 1 DAGs
[2026-09-17T13:34:21.686+0000] {logging_mixin.py:188} INFO - [2026-09-17T13:34:21.686+0000] {dag.py:3954} INFO - Setting next_dagrun for save_data to None, run_after=None
[2026-09-17T13:34:21.739+0000] {processor.py:183} INFO - Processing /opt/airflow/dags/stoke_dag.py took 0.175 seconds
[2026-09-17T13:34:52.042+0000] {processor.py:161} INFO - Started process (PID=1388) to work on /opt/airflow/dags/stoke_dag.py
[2026-09-17T13:34:52.043+0000] {processor.py:830} INFO - Processing file /opt/airflow/dags/stoke_dag.py for tasks to queue
[2026-09-17T13:34:52.045+0000] {logging_mixin.py:188} INFO - [2026-09-17T13:34:52.044+0000] {dagbag.py:545} INFO - Filling up the DagBag from /opt/airflow/dags/stoke_dag.py
[2026-09-17T13:34:52.060+0000] {processor.py:840} INFO - DAG(s) 'save_data' retrieved from /opt/airflow/dags/stoke_dag.py
[2026-09-17T13:34:52.081+0000] {logging_mixin.py:188} INFO - [2026-09-17T13:34:52.081+0000] {dag.py:3096} INFO - Sync 1 DAGs
[2026-09-17T13:34:52.091+0000] {logging_mixin.py:188} INFO - [2026-09-17T13:34:52.091+0000] {dag.py:3954} INFO - Setting next_dagrun for save_data to None, run_after=None
[2026-09-17T13:34:52.110+0000] {processor.py:183} INFO - Processing /opt/airflow/dags/stoke_dag.py took 0.075 seconds
[2026-09-17T13:35:22.407+0000] {processor.py:161} INFO - Started process (PID=1397) to work on /opt/airflow/dags/stoke_dag.py
[2026-09-17T13:35:22.409+0000] {processor.py:830} INFO - Processing file /opt/airflow/dags/stoke_dag.py for tasks to queue
[2026-09-17T13:35:22.412+0000] {logging_mixin.py:188} INFO - [2026-09-17T13:35:22.411+0000] {dagbag.py:545} INFO - Filling up the DagBag from /opt/airflow/dags/stoke_dag.py
[2026-09-17T13:35:22.436+0000] {processor.py:840} INFO - DAG(s) 'save_data' retrieved from /opt/airflow/dags/stoke_dag.py
[2026-09-17T13:35:22.469+0000] {logging_mixin.py:188} INFO - [2026-09-17T13:35:22.469+0000] {dag.py:3096} INFO - Sync 1 DAGs
[2026-09-17T13:35:22.485+0000] {logging_mixin.py:188} INFO - [2026-09-17T13:35:22.484+0000] {dag.py:3954} INFO - Setting next_dagrun for save_data to None, run_after=None
[2026-09-17T13:35:22.510+0000] {processor.py:183} INFO - Processing /opt/airflow/dags/stoke_dag.py took 0.114 seconds
[2026-09-17T13:35:52.828+0000] {processor.py:161} INFO - Started process (PID=1406) to work on /opt/airflow/dags/stoke_dag.py
[2026-09-17T13:35:52.830+0000] {processor.py:830} INFO - Processing file /opt/airflow/dags/stoke_dag.py for tasks to queue
[2026-09-17T13:35:52.832+0000] {logging_mixin.py:188} INFO - [2026-09-17T13:35:52.832+0000] {dagbag.py:545} INFO - Filling up the DagBag from /opt/airflow/dags/stoke_dag.py
[2026-09-17T13:35:52.847+0000] {processor.py:840} INFO - DAG(s) 'save_data' retrieved from /opt/airflow/dags/stoke_dag.py
[2026-09-17T13:35:52.880+0000] {logging_mixin.py:188} INFO - [2026-09-17T13:35:52.879+0000] {dag.py:3096} INFO - Sync 1 DAGs
[2026-09-17T13:35:52.893+0000] {logging_mixin.py:188} INFO - [2026-09-17T13:35:52.893+0000] {dag.py:3954} INFO - Setting next_dagrun for save_data to None, run_after=None
[2026-09-17T13:35:52.920+0000] {processor.py:183} INFO - Processing /opt/airflow/dags/stoke_dag.py took 0.098 seconds
[2026-09-17T13:36:23.226+0000] {processor.py:161} INFO - Started process (PID=1415) to work on /opt/airflow/dags/stoke_dag.py
[2026-09-17T13:36:23.227+0000] {processor.py:830} INFO - Processing file /opt/airflow/dags/stoke_dag.py for tasks to queue
[2026-09-17T13:36:23.229+0000] {logging_mixin.py:188} INFO - [2026-09-17T13:36:23.229+0000] {dagbag.py:545} INFO - Filling up the DagBag from /opt/airflow/dags/stoke_dag.py
[2026-09-17T13:36:23.252+0000] {processor.py:840} INFO - DAG(s) 'save_data' retrieved from /opt/airflow/dags/stoke_dag.py
[2026-09-17T13:36:23.275+0000] {logging_mixin.py:188} INFO - [2026-09-17T13:36:23.275+0000] {dag.py:3096} INFO - Sync 1 DAGs
[2026-09-17T13:36:23.290+0000] {logging_mixin.py:188} INFO - [2026-09-17T13:36:23.289+0000] {dag.py:3954} INFO - Setting next_dagrun for save_data to None, run_after=None
[2026-09-17T13:36:23.318+0000] {processor.py:183} INFO - Processing /opt/airflow/dags/stoke_dag.py took 0.099 seconds
[2026-09-17T13:36:53.471+0000] {processor.py:161} INFO - Started process (PID=1424) to work on /opt/airflow/dags/stoke_dag.py
[2026-09-17T13:36:53.473+0000] {processor.py:830} INFO - Processing file /opt/airflow/dags/stoke_dag.py for tasks to queue
[2026-09-17T13:36:53.478+0000] {logging_mixin.py:188} INFO - [2026-09-17T13:36:53.477+0000] {dagbag.py:545} INFO - Filling up the DagBag from /opt/airflow/dags/stoke_dag.py
[2026-09-17T13:36:53.506+0000] {processor.py:840} INFO - DAG(s) 'save_data' retrieved from /opt/airflow/dags/stoke_dag.py
[2026-09-17T13:36:53.550+0000] {logging_mixin.py:188} INFO - [2026-09-17T13:36:53.549+0000] {dag.py:3096} INFO - Sync 1 DAGs
[2026-09-17T13:36:53.574+0000] {logging_mixin.py:188} INFO - [2026-09-17T13:36:53.573+0000] {dag.py:3954} INFO - Setting next_dagrun for save_data to None, run_after=None
[2026-09-17T13:36:53.611+0000] {processor.py:183} INFO - Processing /opt/airflow/dags/stoke_dag.py took 0.148 seconds
[2026-09-17T13:37:23.787+0000] {processor.py:161} INFO - Started process (PID=1433) to work on /opt/airflow/dags/stoke_dag.py
[2026-09-17T13:37:23.789+0000] {processor.py:830} INFO - Processing file /opt/airflow/dags/stoke_dag.py for tasks to queue
[2026-09-17T13:37:23.794+0000] {logging_mixin.py:188} INFO - [2026-09-17T13:37:23.793+0000] {dagbag.py:545} INFO - Filling up the DagBag from /opt/airflow/dags/stoke_dag.py
[2026-09-17T13:37:23.827+0000] {processor.py:840} INFO - DAG(s) 'save_data' retrieved from /opt/airflow/dags/stoke_dag.py
[2026-09-17T13:37:23.864+0000] {logging_mixin.py:188} INFO - [2026-09-17T13:37:23.863+0000] {dag.py:3096} INFO - Sync 1 DAGs
[2026-09-17T13:37:23.885+0000] {logging_mixin.py:188} INFO - [2026-09-17T13:37:23.885+0000] {dag.py:3954} INFO - Setting next_dagrun for save_data to None, run_after=None
[2026-09-17T13:37:23.923+0000] {processor.py:183} INFO - Processing /opt/airflow/dags/stoke_dag.py took 0.145 seconds
[2026-09-17T13:37:54.280+0000] {processor.py:161} INFO - Started process (PID=1442) to work on /opt/airflow/dags/stoke_dag.py
[2026-09-17T13:37:54.282+0000] {processor.py:830} INFO - Processing file /opt/airflow/dags/stoke_dag.py for tasks to queue
[2026-09-17T13:37:54.285+0000] {logging_mixin.py:188} INFO - [2026-09-17T13:37:54.285+0000] {dagbag.py:545} INFO - Filling up the DagBag from /opt/airflow/dags/stoke_dag.py
[2026-09-17T13:37:54.313+0000] {processor.py:840} INFO - DAG(s) 'save_data' retrieved from /opt/airflow/dags/stoke_dag.py
[2026-09-17T13:37:54.347+0000] {logging_mixin.py:188} INFO - [2026-09-17T13:37:54.347+0000] {dag.py:3096} INFO - Sync 1 DAGs
[2026-09-17T13:37:54.363+0000] {logging_mixin.py:188} INFO - [2026-09-17T13:37:54.363+0000] {dag.py:3954} INFO - Setting next_dagrun for save_data to None, run_after=None
[2026-09-17T13:37:54.394+0000] {processor.py:183} INFO - Processing /opt/airflow/dags/stoke_dag.py took 0.125 seconds
[2026-09-17T13:38:24.707+0000] {processor.py:161} INFO - Started process (PID=1451) to work on /opt/airflow/dags/stoke_dag.py
[2026-09-17T13:38:24.709+0000] {processor.py:830} INFO - Processing file /opt/airflow/dags/stoke_dag.py for tasks to queue
[2026-09-17T13:38:24.712+0000] {logging_mixin.py:188} INFO - [2026-09-17T13:38:24.712+0000] {dagbag.py:545} INFO - Filling up the DagBag from /opt/airflow/dags/stoke_dag.py
[2026-09-17T13:38:24.738+0000] {processor.py:840} INFO - DAG(s) 'save_data' retrieved from /opt/airflow/dags/stoke_dag.py
[2026-09-17T13:38:24.762+0000] {logging_mixin.py:188} INFO - [2026-09-17T13:38:24.762+0000] {dag.py:3096} INFO - Sync 1 DAGs
[2026-09-17T13:38:24.774+0000] {logging_mixin.py:188} INFO - [2026-09-17T13:38:24.773+0000] {dag.py:3954} INFO - Setting next_dagrun for save_data to None, run_after=None
[2026-09-17T13:38:24.793+0000] {processor.py:183} INFO - Processing /opt/airflow/dags/stoke_dag.py took 0.095 seconds
[2026-09-17T13:38:55.086+0000] {processor.py:161} INFO - Started process (PID=1460) to work on /opt/airflow/dags/stoke_dag.py
[2026-09-17T13:38:55.088+0000] {processor.py:830} INFO - Processing file /opt/airflow/dags/stoke_dag.py for tasks to queue
[2026-09-17T13:38:55.090+0000] {logging_mixin.py:188} INFO - [2026-09-17T13:38:55.090+0000] {dagbag.py:545} INFO - Filling up the DagBag from /opt/airflow/dags/stoke_dag.py
[2026-09-17T13:38:55.113+0000] {processor.py:840} INFO - DAG(s) 'save_data' retrieved from /opt/airflow/dags/stoke_dag.py
[2026-09-17T13:38:55.133+0000] {logging_mixin.py:188} INFO - [2026-09-17T13:38:55.133+0000] {dag.py:3096} INFO - Sync 1 DAGs
[2026-09-17T13:38:55.145+0000] {logging_mixin.py:188} INFO - [2026-09-17T13:38:55.144+0000] {dag.py:3954} INFO - Setting next_dagrun for save_data to None, run_after=None
[2026-09-17T13:38:55.164+0000] {processor.py:183} INFO - Processing /opt/airflow/dags/stoke_dag.py took 0.084 seconds
[2026-09-17T13:39:25.474+0000] {processor.py:161} INFO - Started process (PID=1467) to work on /opt/airflow/dags/stoke_dag.py
[2026-09-17T13:39:25.477+0000] {processor.py:830} INFO - Processing file /opt/airflow/dags/stoke_dag.py for tasks to queue
[2026-09-17T13:39:25.480+0000] {logging_mixin.py:188} INFO - [2026-09-17T13:39:25.480+0000] {dagbag.py:545} INFO - Filling up the DagBag from /opt/airflow/dags/stoke_dag.py
[2026-09-17T13:39:25.511+0000] {processor.py:840} INFO - DAG(s) 'save_data' retrieved from /opt/airflow/dags/stoke_dag.py
[2026-09-17T13:39:25.543+0000] {logging_mixin.py:188} INFO - [2026-09-17T13:39:25.542+0000] {dag.py:3096} INFO - Sync 1 DAGs
[2026-09-17T13:39:25.557+0000] {logging_mixin.py:188} INFO - [2026-09-17T13:39:25.556+0000] {dag.py:3954} INFO - Setting next_dagrun for save_data to None, run_after=None
[2026-09-17T13:39:25.584+0000] {processor.py:183} INFO - Processing /opt/airflow/dags/stoke_dag.py took 0.125 seconds
[2026-09-17T13:39:55.920+0000] {processor.py:161} INFO - Started process (PID=1476) to work on /opt/airflow/dags/stoke_dag.py
[2026-09-17T13:39:55.922+0000] {processor.py:830} INFO - Processing file /opt/airflow/dags/stoke_dag.py for tasks to queue
[2026-09-17T13:39:55.927+0000] {logging_mixin.py:188} INFO - [2026-09-17T13:39:55.926+0000] {dagbag.py:545} INFO - Filling up the DagBag from /opt/airflow/dags/stoke_dag.py
[2026-09-17T13:39:55.971+0000] {processor.py:840} INFO - DAG(s) 'save_data' retrieved from /opt/airflow/dags/stoke_dag.py
[2026-09-17T13:39:56.021+0000] {logging_mixin.py:188} INFO - [2026-09-17T13:39:56.020+0000] {dag.py:3096} INFO - Sync 1 DAGs
[2026-09-17T13:39:56.040+0000] {logging_mixin.py:188} INFO - [2026-09-17T13:39:56.039+0000] {dag.py:3954} INFO - Setting next_dagrun for save_data to None, run_after=None
[2026-09-17T13:39:56.080+0000] {processor.py:183} INFO - Processing /opt/airflow/dags/stoke_dag.py took 0.175 seconds
[2026-09-17T13:40:26.419+0000] {processor.py:161} INFO - Started process (PID=1485) to work on /opt/airflow/dags/stoke_dag.py
[2026-09-17T13:40:26.421+0000] {processor.py:830} INFO - Processing file /opt/airflow/dags/stoke_dag.py for tasks to queue
[2026-09-17T13:40:26.424+0000] {logging_mixin.py:188} INFO - [2026-09-17T13:40:26.423+0000] {dagbag.py:545} INFO - Filling up the DagBag from /opt/airflow/dags/stoke_dag.py
[2026-09-17T13:40:26.441+0000] {processor.py:840} INFO - DAG(s) 'save_data' retrieved from /opt/airflow/dags/stoke_dag.py
[2026-09-17T13:40:26.465+0000] {logging_mixin.py:188} INFO - [2026-09-17T13:40:26.464+0000] {dag.py:3096} INFO - Sync 1 DAGs
[2026-09-17T13:40:26.477+0000] {logging_mixin.py:188} INFO - [2026-09-17T13:40:26.477+0000] {dag.py:3954} INFO - Setting next_dagrun for save_data to None, run_after=None
[2026-09-17T13:40:26.498+0000] {processor.py:183} INFO - Processing /opt/airflow/dags/stoke_dag.py took 0.084 seconds
[2026-09-17T13:40:56.829+0000] {processor.py:161} INFO - Started process (PID=1494) to work on /opt/airflow/dags/stoke_dag.py
[2026-09-17T13:40:56.831+0000] {processor.py:830} INFO - Processing file /opt/airflow/dags/stoke_dag.py for tasks to queue
[2026-09-17T13:40:56.833+0000] {logging_mixin.py:188} INFO - [2026-09-17T13:40:56.833+0000] {dagbag.py:545} INFO - Filling up the DagBag from /opt/airflow/dags/stoke_dag.py
[2026-09-17T13:40:56.858+0000] {processor.py:840} INFO - DAG(s) 'save_data' retrieved from /opt/airflow/dags/stoke_dag.py
[2026-09-17T13:40:56.890+0000] {logging_mixin.py:188} INFO - [2026-09-17T13:40:56.890+0000] {dag.py:3096} INFO - Sync 1 DAGs
[2026-09-17T13:40:56.911+0000] {logging_mixin.py:188} INFO - [2026-09-17T13:40:56.910+0000] {dag.py:3954} INFO - Setting next_dagrun for save_data to None, run_after=None
[2026-09-17T13:40:56.944+0000] {processor.py:183} INFO - Processing /opt/airflow/dags/stoke_dag.py took 0.122 seconds
[2026-09-17T13:41:27.294+0000] {processor.py:161} INFO - Started process (PID=1503) to work on /opt/airflow/dags/stoke_dag.py
[2026-09-17T13:41:27.295+0000] {processor.py:830} INFO - Processing file /opt/airflow/dags/stoke_dag.py for tasks to queue
[2026-09-17T13:41:27.297+0000] {logging_mixin.py:188} INFO - [2026-09-17T13:41:27.297+0000] {dagbag.py:545} INFO - Filling up the DagBag from /opt/airflow/dags/stoke_dag.py
[2026-09-17T13:41:27.319+0000] {processor.py:840} INFO - DAG(s) 'save_data' retrieved from /opt/airflow/dags/stoke_dag.py
[2026-09-17T13:41:27.345+0000] {logging_mixin.py:188} INFO - [2026-09-17T13:41:27.345+0000] {dag.py:3096} INFO - Sync 1 DAGs
[2026-09-17T13:41:27.359+0000] {logging_mixin.py:188} INFO - [2026-09-17T13:41:27.359+0000] {dag.py:3954} INFO - Setting next_dagrun for save_data to None, run_after=None
[2026-09-17T13:41:27.380+0000] {processor.py:183} INFO - Processing /opt/airflow/dags/stoke_dag.py took 0.093 seconds
[2026-09-17T13:41:57.775+0000] {processor.py:161} INFO - Started process (PID=1512) to work on /opt/airflow/dags/stoke_dag.py
[2026-09-17T13:41:57.777+0000] {processor.py:830} INFO - Processing file /opt/airflow/dags/stoke_dag.py for tasks to queue
[2026-09-17T13:41:57.782+0000] {logging_mixin.py:188} INFO - [2026-09-17T13:41:57.781+0000] {dagbag.py:545} INFO - Filling up the DagBag from /opt/airflow/dags/stoke_dag.py
[2026-09-17T13:41:57.809+0000] {processor.py:840} INFO - DAG(s) 'save_data' retrieved from /opt/airflow/dags/stoke_dag.py
[2026-09-17T13:41:57.863+0000] {logging_mixin.py:188} INFO - [2026-09-17T13:41:57.862+0000] {dag.py:3096} INFO - Sync 1 DAGs
[2026-09-17T13:41:57.890+0000] {logging_mixin.py:188} INFO - [2026-09-17T13:41:57.890+0000] {dag.py:3954} INFO - Setting next_dagrun for save_data to None, run_after=None
[2026-09-17T13:41:57.923+0000] {processor.py:183} INFO - Processing /opt/airflow/dags/stoke_dag.py took 0.153 seconds
[2026-09-17T13:42:28.357+0000] {processor.py:161} INFO - Started process (PID=1521) to work on /opt/airflow/dags/stoke_dag.py
[2026-09-17T13:42:28.359+0000] {processor.py:830} INFO - Processing file /opt/airflow/dags/stoke_dag.py for tasks to queue
[2026-09-17T13:42:28.362+0000] {logging_mixin.py:188} INFO - [2026-09-17T13:42:28.361+0000] {dagbag.py:545} INFO - Filling up the DagBag from /opt/airflow/dags/stoke_dag.py
[2026-09-17T13:42:28.393+0000] {processor.py:840} INFO - DAG(s) 'save_data' retrieved from /opt/airflow/dags/stoke_dag.py
[2026-09-17T13:42:28.415+0000] {logging_mixin.py:188} INFO - [2026-09-17T13:42:28.414+0000] {dag.py:3096} INFO - Sync 1 DAGs
[2026-09-17T13:42:28.428+0000] {logging_mixin.py:188} INFO - [2026-09-17T13:42:28.427+0000] {dag.py:3954} INFO - Setting next_dagrun for save_data to None, run_after=None
[2026-09-17T13:42:28.448+0000] {processor.py:183} INFO - Processing /opt/airflow/dags/stoke_dag.py took 0.099 seconds
[2026-09-17T13:42:58.775+0000] {processor.py:161} INFO - Started process (PID=1530) to work on /opt/airflow/dags/stoke_dag.py
[2026-09-17T13:42:58.777+0000] {processor.py:830} INFO - Processing file /opt/airflow/dags/stoke_dag.py for tasks to queue
[2026-09-17T13:42:58.783+0000] {logging_mixin.py:188} INFO - [2026-09-17T13:42:58.782+0000] {dagbag.py:545} INFO - Filling up the DagBag from /opt/airflow/dags/stoke_dag.py
[2026-09-17T13:42:58.818+0000] {processor.py:840} INFO - DAG(s) 'save_data' retrieved from /opt/airflow/dags/stoke_dag.py
[2026-09-17T13:42:58.845+0000] {logging_mixin.py:188} INFO - [2026-09-17T13:42:58.844+0000] {dag.py:3096} INFO - Sync 1 DAGs
[2026-09-17T13:42:58.861+0000] {logging_mixin.py:188} INFO - [2026-09-17T13:42:58.861+0000] {dag.py:3954} INFO - Setting next_dagrun for save_data to None, run_after=None
[2026-09-17T13:42:58.897+0000] {processor.py:183} INFO - Processing /opt/airflow/dags/stoke_dag.py took 0.132 seconds
[2026-09-17T13:43:29.125+0000] {processor.py:161} INFO - Started process (PID=1539) to work on /opt/airflow/dags/stoke_dag.py
[2026-09-17T13:43:29.128+0000] {processor.py:830} INFO - Processing file /opt/airflow/dags/stoke_dag.py for tasks to queue
[2026-09-17T13:43:29.132+0000] {logging_mixin.py:188} INFO - [2026-09-17T13:43:29.131+0000] {dagbag.py:545} INFO - Filling up the DagBag from /opt/airflow/dags/stoke_dag.py
[2026-09-17T13:43:29.172+0000] {processor.py:840} INFO - DAG(s) 'save_data' retrieved from /opt/airflow/dags/stoke_dag.py
[2026-09-17T13:43:29.215+0000] {logging_mixin.py:188} INFO - [2026-09-17T13:43:29.215+0000] {dag.py:3096} INFO - Sync 1 DAGs
[2026-09-17T13:43:29.240+0000] {logging_mixin.py:188} INFO - [2026-09-17T13:43:29.239+0000] {dag.py:3954} INFO - Setting next_dagrun for save_data to None, run_after=None
[2026-09-17T13:43:29.281+0000] {processor.py:183} INFO - Processing /opt/airflow/dags/stoke_dag.py took 0.171 seconds
[2026-09-17T13:43:59.412+0000] {processor.py:161} INFO - Started process (PID=1548) to work on /opt/airflow/dags/stoke_dag.py
[2026-09-17T13:43:59.415+0000] {processor.py:830} INFO - Processing file /opt/airflow/dags/stoke_dag.py for tasks to queue
[2026-09-17T13:43:59.420+0000] {logging_mixin.py:188} INFO - [2026-09-17T13:43:59.419+0000] {dagbag.py:545} INFO - Filling up the DagBag from /opt/airflow/dags/stoke_dag.py
[2026-09-17T13:43:59.455+0000] {processor.py:840} INFO - DAG(s) 'save_data' retrieved from /opt/airflow/dags/stoke_dag.py
[2026-09-17T13:43:59.509+0000] {logging_mixin.py:188} INFO - [2026-09-17T13:43:59.509+0000] {dag.py:3096} INFO - Sync 1 DAGs
[2026-09-17T13:43:59.532+0000] {logging_mixin.py:188} INFO - [2026-09-17T13:43:59.532+0000] {dag.py:3954} INFO - Setting next_dagrun for save_data to None, run_after=None
[2026-09-17T13:43:59.569+0000] {processor.py:183} INFO - Processing /opt/airflow/dags/stoke_dag.py took 0.169 seconds
[2026-09-17T13:44:29.974+0000] {processor.py:161} INFO - Started process (PID=1557) to work on /opt/airflow/dags/stoke_dag.py
[2026-09-17T13:44:29.976+0000] {processor.py:830} INFO - Processing file /opt/airflow/dags/stoke_dag.py for tasks to queue
[2026-09-17T13:44:29.980+0000] {logging_mixin.py:188} INFO - [2026-09-17T13:44:29.978+0000] {dagbag.py:545} INFO - Filling up the DagBag from /opt/airflow/dags/stoke_dag.py
[2026-09-17T13:44:30.012+0000] {processor.py:840} INFO - DAG(s) 'save_data' retrieved from /opt/airflow/dags/stoke_dag.py
[2026-09-17T13:44:30.063+0000] {logging_mixin.py:188} INFO - [2026-09-17T13:44:30.062+0000] {dag.py:3096} INFO - Sync 1 DAGs
[2026-09-17T13:44:30.107+0000] {logging_mixin.py:188} INFO - [2026-09-17T13:44:30.106+0000] {dag.py:3954} INFO - Setting next_dagrun for save_data to None, run_after=None
[2026-09-17T13:44:30.162+0000] {processor.py:183} INFO - Processing /opt/airflow/dags/stoke_dag.py took 0.200 seconds
[2026-09-17T13:45:00.311+0000] {processor.py:161} INFO - Started process (PID=1566) to work on /opt/airflow/dags/stoke_dag.py
[2026-09-17T13:45:00.313+0000] {processor.py:830} INFO - Processing file /opt/airflow/dags/stoke_dag.py for tasks to queue
[2026-09-17T13:45:00.316+0000] {logging_mixin.py:188} INFO - [2026-09-17T13:45:00.316+0000] {dagbag.py:545} INFO - Filling up the DagBag from /opt/airflow/dags/stoke_dag.py
[2026-09-17T13:45:00.352+0000] {processor.py:840} INFO - DAG(s) 'save_data' retrieved from /opt/airflow/dags/stoke_dag.py
[2026-09-17T13:45:00.384+0000] {logging_mixin.py:188} INFO - [2026-09-17T13:45:00.384+0000] {dag.py:3096} INFO - Sync 1 DAGs
[2026-09-17T13:45:00.398+0000] {logging_mixin.py:188} INFO - [2026-09-17T13:45:00.398+0000] {dag.py:3954} INFO - Setting next_dagrun for save_data to None, run_after=None
[2026-09-17T13:45:00.422+0000] {processor.py:183} INFO - Processing /opt/airflow/dags/stoke_dag.py took 0.121 seconds
[2026-09-17T13:45:30.775+0000] {processor.py:161} INFO - Started process (PID=1575) to work on /opt/airflow/dags/stoke_dag.py
[2026-09-17T13:45:30.778+0000] {processor.py:830} INFO - Processing file /opt/airflow/dags/stoke_dag.py for tasks to queue
[2026-09-17T13:45:30.781+0000] {logging_mixin.py:188} INFO - [2026-09-17T13:45:30.780+0000] {dagbag.py:545} INFO - Filling up the DagBag from /opt/airflow/dags/stoke_dag.py
[2026-09-17T13:45:30.801+0000] {processor.py:840} INFO - DAG(s) 'save_data' retrieved from /opt/airflow/dags/stoke_dag.py
[2026-09-17T13:45:30.831+0000] {logging_mixin.py:188} INFO - [2026-09-17T13:45:30.830+0000] {dag.py:3096} INFO - Sync 1 DAGs
[2026-09-17T13:45:30.845+0000] {logging_mixin.py:188} INFO - [2026-09-17T13:45:30.845+0000] {dag.py:3954} INFO - Setting next_dagrun for save_data to None, run_after=None
[2026-09-17T13:45:30.870+0000] {processor.py:183} INFO - Processing /opt/airflow/dags/stoke_dag.py took 0.104 seconds
[2026-09-17T13:46:01.392+0000] {processor.py:161} INFO - Started process (PID=1584) to work on /opt/airflow/dags/stoke_dag.py
[2026-09-17T13:46:01.394+0000] {processor.py:830} INFO - Processing file /opt/airflow/dags/stoke_dag.py for tasks to queue
[2026-09-17T13:46:01.398+0000] {logging_mixin.py:188} INFO - [2026-09-17T13:46:01.397+0000] {dagbag.py:545} INFO - Filling up the DagBag from /opt/airflow/dags/stoke_dag.py
[2026-09-17T13:46:01.441+0000] {processor.py:840} INFO - DAG(s) 'save_data' retrieved from /opt/airflow/dags/stoke_dag.py
[2026-09-17T13:46:01.475+0000] {logging_mixin.py:188} INFO - [2026-09-17T13:46:01.475+0000] {dag.py:3096} INFO - Sync 1 DAGs
[2026-09-17T13:46:01.506+0000] {logging_mixin.py:188} INFO - [2026-09-17T13:46:01.505+0000] {dag.py:3954} INFO - Setting next_dagrun for save_data to None, run_after=None
[2026-09-17T13:46:01.545+0000] {processor.py:183} INFO - Processing /opt/airflow/dags/stoke_dag.py took 0.163 seconds
[2026-09-17T13:46:31.952+0000] {processor.py:161} INFO - Started process (PID=1593) to work on /opt/airflow/dags/stoke_dag.py
[2026-09-17T13:46:31.953+0000] {processor.py:830} INFO - Processing file /opt/airflow/dags/stoke_dag.py for tasks to queue
[2026-09-17T13:46:31.955+0000] {logging_mixin.py:188} INFO - [2026-09-17T13:46:31.955+0000] {dagbag.py:545} INFO - Filling up the DagBag from /opt/airflow/dags/stoke_dag.py
[2026-09-17T13:46:31.983+0000] {processor.py:840} INFO - DAG(s) 'save_data' retrieved from /opt/airflow/dags/stoke_dag.py
[2026-09-17T13:46:32.008+0000] {logging_mixin.py:188} INFO - [2026-09-17T13:46:32.008+0000] {dag.py:3096} INFO - Sync 1 DAGs
[2026-09-17T13:46:32.022+0000] {logging_mixin.py:188} INFO - [2026-09-17T13:46:32.022+0000] {dag.py:3954} INFO - Setting next_dagrun for save_data to None, run_after=None
[2026-09-17T13:46:32.046+0000] {processor.py:183} INFO - Processing /opt/airflow/dags/stoke_dag.py took 0.102 seconds
[2026-09-17T13:47:02.369+0000] {processor.py:161} INFO - Started process (PID=1602) to work on /opt/airflow/dags/stoke_dag.py
[2026-09-17T13:47:02.370+0000] {processor.py:830} INFO - Processing file /opt/airflow/dags/stoke_dag.py for tasks to queue
[2026-09-17T13:47:02.373+0000] {logging_mixin.py:188} INFO - [2026-09-17T13:47:02.372+0000] {dagbag.py:545} INFO - Filling up the DagBag from /opt/airflow/dags/stoke_dag.py
[2026-09-17T13:47:02.395+0000] {processor.py:840} INFO - DAG(s) 'save_data' retrieved from /opt/airflow/dags/stoke_dag.py
[2026-09-17T13:47:02.419+0000] {logging_mixin.py:188} INFO - [2026-09-17T13:47:02.419+0000] {dag.py:3096} INFO - Sync 1 DAGs
[2026-09-17T13:47:02.430+0000] {logging_mixin.py:188} INFO - [2026-09-17T13:47:02.430+0000] {dag.py:3954} INFO - Setting next_dagrun for save_data to None, run_after=None
[2026-09-17T13:47:02.449+0000] {processor.py:183} INFO - Processing /opt/airflow/dags/stoke_dag.py took 0.087 seconds
[2026-09-17T13:47:32.782+0000] {processor.py:161} INFO - Started process (PID=1611) to work on /opt/airflow/dags/stoke_dag.py
[2026-09-17T13:47:32.783+0000] {processor.py:830} INFO - Processing file /opt/airflow/dags/stoke_dag.py for tasks to queue
[2026-09-17T13:47:32.785+0000] {logging_mixin.py:188} INFO - [2026-09-17T13:47:32.785+0000] {dagbag.py:545} INFO - Filling up the DagBag from /opt/airflow/dags/stoke_dag.py
[2026-09-17T13:47:32.808+0000] {processor.py:840} INFO - DAG(s) 'save_data' retrieved from /opt/airflow/dags/stoke_dag.py
[2026-09-17T13:47:32.835+0000] {logging_mixin.py:188} INFO - [2026-09-17T13:47:32.835+0000] {dag.py:3096} INFO - Sync 1 DAGs
[2026-09-17T13:47:32.848+0000] {logging_mixin.py:188} INFO - [2026-09-17T13:47:32.848+0000] {dag.py:3954} INFO - Setting next_dagrun for save_data to None, run_after=None
[2026-09-17T13:47:32.873+0000] {processor.py:183} INFO - Processing /opt/airflow/dags/stoke_dag.py took 0.101 seconds
[2026-09-17T13:48:03.020+0000] {processor.py:161} INFO - Started process (PID=1620) to work on /opt/airflow/dags/stoke_dag.py
[2026-09-17T13:48:03.022+0000] {processor.py:830} INFO - Processing file /opt/airflow/dags/stoke_dag.py for tasks to queue
[2026-09-17T13:48:03.024+0000] {logging_mixin.py:188} INFO - [2026-09-17T13:48:03.024+0000] {dagbag.py:545} INFO - Filling up the DagBag from /opt/airflow/dags/stoke_dag.py
[2026-09-17T13:48:03.048+0000] {processor.py:840} INFO - DAG(s) 'save_data' retrieved from /opt/airflow/dags/stoke_dag.py
[2026-09-17T13:48:03.072+0000] {logging_mixin.py:188} INFO - [2026-09-17T13:48:03.072+0000] {dag.py:3096} INFO - Sync 1 DAGs
[2026-09-17T13:48:03.085+0000] {logging_mixin.py:188} INFO - [2026-09-17T13:48:03.085+0000] {dag.py:3954} INFO - Setting next_dagrun for save_data to None, run_after=None
[2026-09-17T13:48:03.117+0000] {processor.py:183} INFO - Processing /opt/airflow/dags/stoke_dag.py took 0.103 seconds
[2026-09-17T13:48:33.208+0000] {processor.py:161} INFO - Started process (PID=1629) to work on /opt/airflow/dags/stoke_dag.py
[2026-09-17T13:48:33.210+0000] {processor.py:830} INFO - Processing file /opt/airflow/dags/stoke_dag.py for tasks to queue
[2026-09-17T13:48:33.213+0000] {logging_mixin.py:188} INFO - [2026-09-17T13:48:33.213+0000] {dagbag.py:545} INFO - Filling up the DagBag from /opt/airflow/dags/stoke_dag.py
[2026-09-17T13:48:33.240+0000] {processor.py:840} INFO - DAG(s) 'save_data' retrieved from /opt/airflow/dags/stoke_dag.py
[2026-09-17T13:48:33.263+0000] {logging_mixin.py:188} INFO - [2026-09-17T13:48:33.263+0000] {dag.py:3096} INFO - Sync 1 DAGs
[2026-09-17T13:48:33.277+0000] {logging_mixin.py:188} INFO - [2026-09-17T13:48:33.276+0000] {dag.py:3954} INFO - Setting next_dagrun for save_data to None, run_after=None
[2026-09-17T13:48:33.299+0000] {processor.py:183} INFO - Processing /opt/airflow/dags/stoke_dag.py took 0.101 seconds
[2026-09-17T13:49:03.599+0000] {processor.py:161} INFO - Started process (PID=1638) to work on /opt/airflow/dags/stoke_dag.py
[2026-09-17T13:49:03.600+0000] {processor.py:830} INFO - Processing file /opt/airflow/dags/stoke_dag.py for tasks to queue
[2026-09-17T13:49:03.602+0000] {logging_mixin.py:188} INFO - [2026-09-17T13:49:03.602+0000] {dagbag.py:545} INFO - Filling up the DagBag from /opt/airflow/dags/stoke_dag.py
[2026-09-17T13:49:03.618+0000] {processor.py:840} INFO - DAG(s) 'save_data' retrieved from /opt/airflow/dags/stoke_dag.py
[2026-09-17T13:49:03.638+0000] {logging_mixin.py:188} INFO - [2026-09-17T13:49:03.638+0000] {dag.py:3096} INFO - Sync 1 DAGs
[2026-09-17T13:49:03.657+0000] {logging_mixin.py:188} INFO - [2026-09-17T13:49:03.656+0000] {dag.py:3954} INFO - Setting next_dagrun for save_data to None, run_after=None
[2026-09-17T13:49:03.687+0000] {processor.py:183} INFO - Processing /opt/airflow/dags/stoke_dag.py took 0.094 seconds
[2026-09-17T13:49:34.039+0000] {processor.py:161} INFO - Started process (PID=1647) to work on /opt/airflow/dags/stoke_dag.py
[2026-09-17T13:49:34.040+0000] {processor.py:830} INFO - Processing file /opt/airflow/dags/stoke_dag.py for tasks to queue
[2026-09-17T13:49:34.042+0000] {logging_mixin.py:188} INFO - [2026-09-17T13:49:34.042+0000] {dagbag.py:545} INFO - Filling up the DagBag from /opt/airflow/dags/stoke_dag.py
[2026-09-17T13:49:34.070+0000] {processor.py:840} INFO - DAG(s) 'save_data' retrieved from /opt/airflow/dags/stoke_dag.py
[2026-09-17T13:49:34.105+0000] {logging_mixin.py:188} INFO - [2026-09-17T13:49:34.105+0000] {dag.py:3096} INFO - Sync 1 DAGs
[2026-09-17T13:49:34.123+0000] {logging_mixin.py:188} INFO - [2026-09-17T13:49:34.123+0000] {dag.py:3954} INFO - Setting next_dagrun for save_data to None, run_after=None
[2026-09-17T13:49:34.155+0000] {processor.py:183} INFO - Processing /opt/airflow/dags/stoke_dag.py took 0.127 seconds
[2026-09-17T13:50:04.493+0000] {processor.py:161} INFO - Started process (PID=1656) to work on /opt/airflow/dags/stoke_dag.py
[2026-09-17T13:50:04.495+0000] {processor.py:830} INFO - Processing file /opt/airflow/dags/stoke_dag.py for tasks to queue
[2026-09-17T13:50:04.496+0000] {logging_mixin.py:188} INFO - [2026-09-17T13:50:04.496+0000] {dagbag.py:545} INFO - Filling up the DagBag from /opt/airflow/dags/stoke_dag.py
[2026-09-17T13:50:04.512+0000] {processor.py:840} INFO - DAG(s) 'save_data' retrieved from /opt/airflow/dags/stoke_dag.py
[2026-09-17T13:50:04.533+0000] {logging_mixin.py:188} INFO - [2026-09-17T13:50:04.533+0000] {dag.py:3096} INFO - Sync 1 DAGs
[2026-09-17T13:50:04.545+0000] {logging_mixin.py:188} INFO - [2026-09-17T13:50:04.545+0000] {dag.py:3954} INFO - Setting next_dagrun for save_data to None, run_after=None
[2026-09-17T13:50:04.567+0000] {processor.py:183} INFO - Processing /opt/airflow/dags/stoke_dag.py took 0.079 seconds
[2026-09-17T13:50:34.883+0000] {processor.py:161} INFO - Started process (PID=1665) to work on /opt/airflow/dags/stoke_dag.py
[2026-09-17T13:50:34.884+0000] {processor.py:830} INFO - Processing file /opt/airflow/dags/stoke_dag.py for tasks to queue
[2026-09-17T13:50:34.887+0000] {logging_mixin.py:188} INFO - [2026-09-17T13:50:34.886+0000] {dagbag.py:545} INFO - Filling up the DagBag from /opt/airflow/dags/stoke_dag.py
[2026-09-17T13:50:34.906+0000] {processor.py:840} INFO - DAG(s) 'save_data' retrieved from /opt/airflow/dags/stoke_dag.py
[2026-09-17T13:50:34.928+0000] {logging_mixin.py:188} INFO - [2026-09-17T13:50:34.928+0000] {dag.py:3096} INFO - Sync 1 DAGs
[2026-09-17T13:50:34.940+0000] {logging_mixin.py:188} INFO - [2026-09-17T13:50:34.939+0000] {dag.py:3954} INFO - Setting next_dagrun for save_data to None, run_after=None
[2026-09-17T13:50:34.959+0000] {processor.py:183} INFO - Processing /opt/airflow/dags/stoke_dag.py took 0.084 seconds
[2026-09-17T13:51:05.363+0000] {processor.py:161} INFO - Started process (PID=1674) to work on /opt/airflow/dags/stoke_dag.py
[2026-09-17T13:51:05.365+0000] {processor.py:830} INFO - Processing file /opt/airflow/dags/stoke_dag.py for tasks to queue
[2026-09-17T13:51:05.368+0000] {logging_mixin.py:188} INFO - [2026-09-17T13:51:05.368+0000] {dagbag.py:545} INFO - Filling up the DagBag from /opt/airflow/dags/stoke_dag.py
[2026-09-17T13:51:05.415+0000] {processor.py:840} INFO - DAG(s) 'save_data' retrieved from /opt/airflow/dags/stoke_dag.py
[2026-09-17T13:51:05.443+0000] {logging_mixin.py:188} INFO - [2026-09-17T13:51:05.442+0000] {dag.py:3096} INFO - Sync 1 DAGs
[2026-09-17T13:51:05.457+0000] {logging_mixin.py:188} INFO - [2026-09-17T13:51:05.457+0000] {dag.py:3954} INFO - Setting next_dagrun for save_data to None, run_after=None
[2026-09-17T13:51:05.484+0000] {processor.py:183} INFO - Processing /opt/airflow/dags/stoke_dag.py took 0.133 seconds
[2026-09-17T13:51:35.804+0000] {processor.py:161} INFO - Started process (PID=1683) to work on /opt/airflow/dags/stoke_dag.py
[2026-09-17T13:51:35.806+0000] {processor.py:830} INFO - Processing file /opt/airflow/dags/stoke_dag.py for tasks to queue
[2026-09-17T13:51:35.809+0000] {logging_mixin.py:188} INFO - [2026-09-17T13:51:35.809+0000] {dagbag.py:545} INFO - Filling up the DagBag from /opt/airflow/dags/stoke_dag.py
[2026-09-17T13:51:35.835+0000] {processor.py:840} INFO - DAG(s) 'save_data' retrieved from /opt/airflow/dags/stoke_dag.py
[2026-09-17T13:51:35.869+0000] {logging_mixin.py:188} INFO - [2026-09-17T13:51:35.869+0000] {dag.py:3096} INFO - Sync 1 DAGs
[2026-09-17T13:51:35.890+0000] {logging_mixin.py:188} INFO - [2026-09-17T13:51:35.890+0000] {dag.py:3954} INFO - Setting next_dagrun for save_data to None, run_after=None
[2026-09-17T13:51:35.920+0000] {processor.py:183} INFO - Processing /opt/airflow/dags/stoke_dag.py took 0.124 seconds
[2026-09-17T13:52:06.035+0000] {processor.py:161} INFO - Started process (PID=1692) to work on /opt/airflow/dags/stoke_dag.py
[2026-09-17T13:52:06.037+0000] {processor.py:830} INFO - Processing file /opt/airflow/dags/stoke_dag.py for tasks to queue
[2026-09-17T13:52:06.039+0000] {logging_mixin.py:188} INFO - [2026-09-17T13:52:06.039+0000] {dagbag.py:545} INFO - Filling up the DagBag from /opt/airflow/dags/stoke_dag.py
[2026-09-17T13:52:06.054+0000] {processor.py:840} INFO - DAG(s) 'save_data' retrieved from /opt/airflow/dags/stoke_dag.py
[2026-09-17T13:52:06.073+0000] {logging_mixin.py:188} INFO - [2026-09-17T13:52:06.073+0000] {dag.py:3096} INFO - Sync 1 DAGs
[2026-09-17T13:52:06.084+0000] {logging_mixin.py:188} INFO - [2026-09-17T13:52:06.084+0000] {dag.py:3954} INFO - Setting next_dagrun for save_data to None, run_after=None
[2026-09-17T13:52:06.103+0000] {processor.py:183} INFO - Processing /opt/airflow/dags/stoke_dag.py took 0.073 seconds
[2026-09-17T13:52:36.408+0000] {processor.py:161} INFO - Started process (PID=1701) to work on /opt/airflow/dags/stoke_dag.py
[2026-09-17T13:52:36.409+0000] {processor.py:830} INFO - Processing file /opt/airflow/dags/stoke_dag.py for tasks to queue
[2026-09-17T13:52:36.414+0000] {logging_mixin.py:188} INFO - [2026-09-17T13:52:36.413+0000] {dagbag.py:545} INFO - Filling up the DagBag from /opt/airflow/dags/stoke_dag.py
[2026-09-17T13:52:36.447+0000] {processor.py:840} INFO - DAG(s) 'save_data' retrieved from /opt/airflow/dags/stoke_dag.py
[2026-09-17T13:52:36.479+0000] {logging_mixin.py:188} INFO - [2026-09-17T13:52:36.478+0000] {dag.py:3096} INFO - Sync 1 DAGs
[2026-09-17T13:52:36.493+0000] {logging_mixin.py:188} INFO - [2026-09-17T13:52:36.493+0000] {dag.py:3954} INFO - Setting next_dagrun for save_data to None, run_after=None
[2026-09-17T13:52:36.515+0000] {processor.py:183} INFO - Processing /opt/airflow/dags/stoke_dag.py took 0.116 seconds
[2026-09-17T13:53:06.841+0000] {processor.py:161} INFO - Started process (PID=1710) to work on /opt/airflow/dags/stoke_dag.py
[2026-09-17T13:53:06.843+0000] {processor.py:830} INFO - Processing file /opt/airflow/dags/stoke_dag.py for tasks to queue
[2026-09-17T13:53:06.846+0000] {logging_mixin.py:188} INFO - [2026-09-17T13:53:06.846+0000] {dagbag.py:545} INFO - Filling up the DagBag from /opt/airflow/dags/stoke_dag.py
[2026-09-17T13:53:06.870+0000] {processor.py:840} INFO - DAG(s) 'save_data' retrieved from /opt/airflow/dags/stoke_dag.py
[2026-09-17T13:53:06.909+0000] {logging_mixin.py:188} INFO - [2026-09-17T13:53:06.909+0000] {dag.py:3096} INFO - Sync 1 DAGs
[2026-09-17T13:53:06.926+0000] {logging_mixin.py:188} INFO - [2026-09-17T13:53:06.926+0000] {dag.py:3954} INFO - Setting next_dagrun for save_data to None, run_after=None
[2026-09-17T13:53:06.949+0000] {processor.py:183} INFO - Processing /opt/airflow/dags/stoke_dag.py took 0.115 seconds
[2026-09-17T13:53:37.145+0000] {processor.py:161} INFO - Started process (PID=1719) to work on /opt/airflow/dags/stoke_dag.py
[2026-09-17T13:53:37.146+0000] {processor.py:830} INFO - Processing file /opt/airflow/dags/stoke_dag.py for tasks to queue
[2026-09-17T13:53:37.148+0000] {logging_mixin.py:188} INFO - [2026-09-17T13:53:37.148+0000] {dagbag.py:545} INFO - Filling up the DagBag from /opt/airflow/dags/stoke_dag.py
[2026-09-17T13:53:37.169+0000] {processor.py:840} INFO - DAG(s) 'save_data' retrieved from /opt/airflow/dags/stoke_dag.py
[2026-09-17T13:53:37.189+0000] {logging_mixin.py:188} INFO - [2026-09-17T13:53:37.189+0000] {dag.py:3096} INFO - Sync 1 DAGs
[2026-09-17T13:53:37.201+0000] {logging_mixin.py:188} INFO - [2026-09-17T13:53:37.201+0000] {dag.py:3954} INFO - Setting next_dagrun for save_data to None, run_after=None
[2026-09-17T13:53:37.226+0000] {processor.py:183} INFO - Processing /opt/airflow/dags/stoke_dag.py took 0.086 seconds
[2026-09-17T13:54:07.452+0000] {processor.py:161} INFO - Started process (PID=1728) to work on /opt/airflow/dags/stoke_dag.py
[2026-09-17T13:54:07.453+0000] {processor.py:830} INFO - Processing file /opt/airflow/dags/stoke_dag.py for tasks to queue
[2026-09-17T13:54:07.456+0000] {logging_mixin.py:188} INFO - [2026-09-17T13:54:07.456+0000] {dagbag.py:545} INFO - Filling up the DagBag from /opt/airflow/dags/stoke_dag.py
[2026-09-17T13:54:07.480+0000] {processor.py:840} INFO - DAG(s) 'save_data' retrieved from /opt/airflow/dags/stoke_dag.py
[2026-09-17T13:54:07.502+0000] {logging_mixin.py:188} INFO - [2026-09-17T13:54:07.501+0000] {dag.py:3096} INFO - Sync 1 DAGs
[2026-09-17T13:54:07.516+0000] {logging_mixin.py:188} INFO - [2026-09-17T13:54:07.516+0000] {dag.py:3954} INFO - Setting next_dagrun for save_data to None, run_after=None
[2026-09-17T13:54:07.546+0000] {processor.py:183} INFO - Processing /opt/airflow/dags/stoke_dag.py took 0.101 seconds
[2026-09-17T13:54:37.869+0000] {processor.py:161} INFO - Started process (PID=1737) to work on /opt/airflow/dags/stoke_dag.py
[2026-09-17T13:54:37.871+0000] {processor.py:830} INFO - Processing file /opt/airflow/dags/stoke_dag.py for tasks to queue
[2026-09-17T13:54:37.875+0000] {logging_mixin.py:188} INFO - [2026-09-17T13:54:37.874+0000] {dagbag.py:545} INFO - Filling up the DagBag from /opt/airflow/dags/stoke_dag.py
[2026-09-17T13:54:37.905+0000] {processor.py:840} INFO - DAG(s) 'save_data' retrieved from /opt/airflow/dags/stoke_dag.py
[2026-09-17T13:54:37.931+0000] {logging_mixin.py:188} INFO - [2026-09-17T13:54:37.931+0000] {dag.py:3096} INFO - Sync 1 DAGs
[2026-09-17T13:54:37.945+0000] {logging_mixin.py:188} INFO - [2026-09-17T13:54:37.945+0000] {dag.py:3954} INFO - Setting next_dagrun for save_data to None, run_after=None
[2026-09-17T13:54:37.970+0000] {processor.py:183} INFO - Processing /opt/airflow/dags/stoke_dag.py took 0.111 seconds
