[2026-09-16T15:06:48.434+0000] {processor.py:161} INFO - Started process (PID=65) to work on /opt/airflow/dags/json_dag.py
[2026-09-16T15:06:48.437+0000] {processor.py:830} INFO - Processing file /opt/airflow/dags/json_dag.py for tasks to queue
[2026-09-16T15:06:48.443+0000] {logging_mixin.py:188} INFO - [2026-09-16T15:06:48.442+0000] {dagbag.py:545} INFO - Filling up the DagBag from /opt/airflow/dags/json_dag.py
[2026-09-16T15:06:48.527+0000] {processor.py:840} INFO - DAG(s) 'json_dag' retrieved from /opt/airflow/dags/json_dag.py
[2026-09-16T15:06:49.650+0000] {logging_mixin.py:188} INFO - [2026-09-16T15:06:49.649+0000] {override.py:1829} INFO - Created Permission View: can read on DAG:json_dag
[2026-09-16T15:06:49.689+0000] {logging_mixin.py:188} INFO - [2026-09-16T15:06:49.688+0000] {override.py:1829} INFO - Created Permission View: can edit on DAG:json_dag
[2026-09-16T15:06:49.708+0000] {logging_mixin.py:188} INFO - [2026-09-16T15:06:49.707+0000] {override.py:1829} INFO - Created Permission View: can delete on DAG:json_dag
[2026-09-16T15:06:49.710+0000] {logging_mixin.py:188} INFO - [2026-09-16T15:06:49.710+0000] {dag.py:3096} INFO - Sync 1 DAGs
[2026-09-16T15:06:49.745+0000] {logging_mixin.py:188} INFO - [2026-09-16T15:06:49.745+0000] {dag.py:3118} INFO - Creating ORM DAG for json_dag
[2026-09-16T15:06:49.781+0000] {logging_mixin.py:188} INFO - [2026-09-16T15:06:49.780+0000] {dag.py:3954} INFO - Setting next_dagrun for json_dag to 2026-09-15 08:00:00+00:00, run_after=2026-09-16 08:00:00+00:00
[2026-09-16T15:06:49.824+0000] {processor.py:183} INFO - Processing /opt/airflow/dags/json_dag.py took 1.411 seconds
[2026-09-16T15:07:20.158+0000] {processor.py:161} INFO - Started process (PID=73) to work on /opt/airflow/dags/json_dag.py
[2026-09-16T15:07:20.161+0000] {processor.py:830} INFO - Processing file /opt/airflow/dags/json_dag.py for tasks to queue
[2026-09-16T15:07:20.165+0000] {logging_mixin.py:188} INFO - [2026-09-16T15:07:20.164+0000] {dagbag.py:545} INFO - Filling up the DagBag from /opt/airflow/dags/json_dag.py
[2026-09-16T15:07:20.204+0000] {processor.py:840} INFO - DAG(s) 'json_dag' retrieved from /opt/airflow/dags/json_dag.py
[2026-09-16T15:07:20.241+0000] {logging_mixin.py:188} INFO - [2026-09-16T15:07:20.241+0000] {dag.py:3096} INFO - Sync 1 DAGs
[2026-09-16T15:07:20.268+0000] {logging_mixin.py:188} INFO - [2026-09-16T15:07:20.268+0000] {dag.py:3954} INFO - Setting next_dagrun for json_dag to 2026-09-15 08:00:00+00:00, run_after=2026-09-16 08:00:00+00:00
[2026-09-16T15:07:20.299+0000] {processor.py:183} INFO - Processing /opt/airflow/dags/json_dag.py took 0.152 seconds
[2026-09-16T15:07:50.626+0000] {processor.py:161} INFO - Started process (PID=81) to work on /opt/airflow/dags/json_dag.py
[2026-09-16T15:07:50.629+0000] {processor.py:830} INFO - Processing file /opt/airflow/dags/json_dag.py for tasks to queue
[2026-09-16T15:07:50.633+0000] {logging_mixin.py:188} INFO - [2026-09-16T15:07:50.632+0000] {dagbag.py:545} INFO - Filling up the DagBag from /opt/airflow/dags/json_dag.py
[2026-09-16T15:07:50.671+0000] {processor.py:840} INFO - DAG(s) 'json_dag' retrieved from /opt/airflow/dags/json_dag.py
[2026-09-16T15:07:50.703+0000] {logging_mixin.py:188} INFO - [2026-09-16T15:07:50.702+0000] {dag.py:3096} INFO - Sync 1 DAGs
[2026-09-16T15:07:50.731+0000] {logging_mixin.py:188} INFO - [2026-09-16T15:07:50.731+0000] {dag.py:3954} INFO - Setting next_dagrun for json_dag to 2026-09-15 08:00:00+00:00, run_after=2026-09-16 08:00:00+00:00
[2026-09-16T15:07:50.759+0000] {processor.py:183} INFO - Processing /opt/airflow/dags/json_dag.py took 0.147 seconds
[2026-09-16T15:08:20.929+0000] {processor.py:161} INFO - Started process (PID=89) to work on /opt/airflow/dags/json_dag.py
[2026-09-16T15:08:20.931+0000] {processor.py:830} INFO - Processing file /opt/airflow/dags/json_dag.py for tasks to queue
[2026-09-16T15:08:20.937+0000] {logging_mixin.py:188} INFO - [2026-09-16T15:08:20.936+0000] {dagbag.py:545} INFO - Filling up the DagBag from /opt/airflow/dags/json_dag.py
[2026-09-16T15:08:20.980+0000] {processor.py:840} INFO - DAG(s) 'json_dag' retrieved from /opt/airflow/dags/json_dag.py
[2026-09-16T15:08:21.020+0000] {logging_mixin.py:188} INFO - [2026-09-16T15:08:21.020+0000] {dag.py:3096} INFO - Sync 1 DAGs
[2026-09-16T15:08:21.049+0000] {logging_mixin.py:188} INFO - [2026-09-16T15:08:21.049+0000] {dag.py:3954} INFO - Setting next_dagrun for json_dag to 2026-09-15 08:00:00+00:00, run_after=2026-09-16 08:00:00+00:00
[2026-09-16T15:08:21.076+0000] {processor.py:183} INFO - Processing /opt/airflow/dags/json_dag.py took 0.158 seconds
[2026-09-16T15:08:51.444+0000] {processor.py:161} INFO - Started process (PID=97) to work on /opt/airflow/dags/json_dag.py
[2026-09-16T15:08:51.447+0000] {processor.py:830} INFO - Processing file /opt/airflow/dags/json_dag.py for tasks to queue
[2026-09-16T15:08:51.452+0000] {logging_mixin.py:188} INFO - [2026-09-16T15:08:51.452+0000] {dagbag.py:545} INFO - Filling up the DagBag from /opt/airflow/dags/json_dag.py
[2026-09-16T15:08:51.494+0000] {processor.py:840} INFO - DAG(s) 'json_dag' retrieved from /opt/airflow/dags/json_dag.py
[2026-09-16T15:08:51.537+0000] {logging_mixin.py:188} INFO - [2026-09-16T15:08:51.537+0000] {dag.py:3096} INFO - Sync 1 DAGs
[2026-09-16T15:08:51.585+0000] {logging_mixin.py:188} INFO - [2026-09-16T15:08:51.584+0000] {dag.py:3954} INFO - Setting next_dagrun for json_dag to 2026-09-15 08:00:00+00:00, run_after=2026-09-16 08:00:00+00:00
[2026-09-16T15:08:51.624+0000] {processor.py:183} INFO - Processing /opt/airflow/dags/json_dag.py took 0.197 seconds
[2026-09-16T15:09:22.009+0000] {processor.py:161} INFO - Started process (PID=105) to work on /opt/airflow/dags/json_dag.py
[2026-09-16T15:09:22.013+0000] {processor.py:830} INFO - Processing file /opt/airflow/dags/json_dag.py for tasks to queue
[2026-09-16T15:09:22.024+0000] {logging_mixin.py:188} INFO - [2026-09-16T15:09:22.023+0000] {dagbag.py:545} INFO - Filling up the DagBag from /opt/airflow/dags/json_dag.py
[2026-09-16T15:09:22.057+0000] {processor.py:840} INFO - DAG(s) 'json_dag' retrieved from /opt/airflow/dags/json_dag.py
[2026-09-16T15:09:22.094+0000] {logging_mixin.py:188} INFO - [2026-09-16T15:09:22.094+0000] {dag.py:3096} INFO - Sync 1 DAGs
[2026-09-16T15:09:22.129+0000] {logging_mixin.py:188} INFO - [2026-09-16T15:09:22.129+0000] {dag.py:3954} INFO - Setting next_dagrun for json_dag to 2026-09-15 08:00:00+00:00, run_after=2026-09-16 08:00:00+00:00
[2026-09-16T15:09:22.160+0000] {processor.py:183} INFO - Processing /opt/airflow/dags/json_dag.py took 0.169 seconds
[2026-09-16T15:09:44.262+0000] {processor.py:161} INFO - Started process (PID=107) to work on /opt/airflow/dags/json_dag.py
[2026-09-16T15:09:44.263+0000] {processor.py:830} INFO - Processing file /opt/airflow/dags/json_dag.py for tasks to queue
[2026-09-16T15:09:44.265+0000] {logging_mixin.py:188} INFO - [2026-09-16T15:09:44.265+0000] {dagbag.py:545} INFO - Filling up the DagBag from /opt/airflow/dags/json_dag.py
[2026-09-16T15:09:44.284+0000] {logging_mixin.py:188} INFO - [2026-09-16T15:09:44.283+0000] {dagbag.py:355} ERROR - Failed to import: /opt/airflow/dags/json_dag.py
Traceback (most recent call last):
  File "/home/airflow/.local/lib/python3.10/site-packages/airflow/models/dagbag.py", line 351, in parse
    loader.exec_module(new_module)
  File "<frozen importlib._bootstrap_external>", line 879, in exec_module
  File "<frozen importlib._bootstrap_external>", line 1017, in get_code
  File "<frozen importlib._bootstrap_external>", line 947, in source_to_code
  File "<frozen importlib._bootstrap>", line 241, in _call_with_frames_removed
  File "/opt/airflow/dags/json_dag.py", line 5
    from src.app import Application
IndentationError: unexpected indent
[2026-09-16T15:09:44.285+0000] {processor.py:842} WARNING - No viable dags retrieved from /opt/airflow/dags/json_dag.py
[2026-09-16T15:09:44.310+0000] {processor.py:183} INFO - Processing /opt/airflow/dags/json_dag.py took 0.057 seconds
[2026-09-16T15:09:48.449+0000] {processor.py:161} INFO - Started process (PID=114) to work on /opt/airflow/dags/json_dag.py
[2026-09-16T15:09:48.450+0000] {processor.py:830} INFO - Processing file /opt/airflow/dags/json_dag.py for tasks to queue
[2026-09-16T15:09:48.452+0000] {logging_mixin.py:188} INFO - [2026-09-16T15:09:48.452+0000] {dagbag.py:545} INFO - Filling up the DagBag from /opt/airflow/dags/json_dag.py
[2026-09-16T15:09:48.474+0000] {logging_mixin.py:188} INFO - [2026-09-16T15:09:48.473+0000] {dagbag.py:355} ERROR - Failed to import: /opt/airflow/dags/json_dag.py
Traceback (most recent call last):
  File "/home/airflow/.local/lib/python3.10/site-packages/airflow/models/dagbag.py", line 351, in parse
    loader.exec_module(new_module)
  File "<frozen importlib._bootstrap_external>", line 879, in exec_module
  File "<frozen importlib._bootstrap_external>", line 1017, in get_code
  File "<frozen importlib._bootstrap_external>", line 947, in source_to_code
  File "<frozen importlib._bootstrap>", line 241, in _call_with_frames_removed
  File "/opt/airflow/dags/json_dag.py", line 5
    from src.models import Config
IndentationError: unexpected indent
[2026-09-16T15:09:48.474+0000] {processor.py:842} WARNING - No viable dags retrieved from /opt/airflow/dags/json_dag.py
[2026-09-16T15:09:48.499+0000] {processor.py:183} INFO - Processing /opt/airflow/dags/json_dag.py took 0.057 seconds
[2026-09-16T15:09:50.476+0000] {processor.py:161} INFO - Started process (PID=115) to work on /opt/airflow/dags/json_dag.py
[2026-09-16T15:09:50.478+0000] {processor.py:830} INFO - Processing file /opt/airflow/dags/json_dag.py for tasks to queue
[2026-09-16T15:09:50.480+0000] {logging_mixin.py:188} INFO - [2026-09-16T15:09:50.480+0000] {dagbag.py:545} INFO - Filling up the DagBag from /opt/airflow/dags/json_dag.py
[2026-09-16T15:09:50.498+0000] {logging_mixin.py:188} INFO - [2026-09-16T15:09:50.498+0000] {dagbag.py:355} ERROR - Failed to import: /opt/airflow/dags/json_dag.py
Traceback (most recent call last):
  File "/home/airflow/.local/lib/python3.10/site-packages/airflow/models/dagbag.py", line 351, in parse
    loader.exec_module(new_module)
  File "<frozen importlib._bootstrap_external>", line 879, in exec_module
  File "<frozen importlib._bootstrap_external>", line 1017, in get_code
  File "<frozen importlib._bootstrap_external>", line 947, in source_to_code
  File "<frozen importlib._bootstrap>", line 241, in _call_with_frames_removed
  File "/opt/airflow/dags/json_dag.py", line 5
    from src.app import Application
IndentationError: unexpected indent
[2026-09-16T15:09:50.499+0000] {processor.py:842} WARNING - No viable dags retrieved from /opt/airflow/dags/json_dag.py
[2026-09-16T15:09:50.520+0000] {processor.py:183} INFO - Processing /opt/airflow/dags/json_dag.py took 0.052 seconds
[2026-09-16T15:09:52.600+0000] {processor.py:161} INFO - Started process (PID=116) to work on /opt/airflow/dags/json_dag.py
[2026-09-16T15:09:52.601+0000] {processor.py:830} INFO - Processing file /opt/airflow/dags/json_dag.py for tasks to queue
[2026-09-16T15:09:52.604+0000] {logging_mixin.py:188} INFO - [2026-09-16T15:09:52.603+0000] {dagbag.py:545} INFO - Filling up the DagBag from /opt/airflow/dags/json_dag.py
[2026-09-16T15:09:52.623+0000] {logging_mixin.py:188} INFO - [2026-09-16T15:09:52.622+0000] {dagbag.py:355} ERROR - Failed to import: /opt/airflow/dags/json_dag.py
Traceback (most recent call last):
  File "/home/airflow/.local/lib/python3.10/site-packages/airflow/models/dagbag.py", line 351, in parse
    loader.exec_module(new_module)
  File "<frozen importlib._bootstrap_external>", line 879, in exec_module
  File "<frozen importlib._bootstrap_external>", line 1017, in get_code
  File "<frozen importlib._bootstrap_external>", line 947, in source_to_code
  File "<frozen importlib._bootstrap>", line 241, in _call_with_frames_removed
  File "/opt/airflow/dags/json_dag.py", line 6
    from src.models import Config
IndentationError: unexpected indent
[2026-09-16T15:09:52.624+0000] {processor.py:842} WARNING - No viable dags retrieved from /opt/airflow/dags/json_dag.py
[2026-09-16T15:09:52.652+0000] {processor.py:183} INFO - Processing /opt/airflow/dags/json_dag.py took 0.065 seconds
[2026-09-16T15:09:54.740+0000] {processor.py:161} INFO - Started process (PID=118) to work on /opt/airflow/dags/json_dag.py
[2026-09-16T15:09:54.743+0000] {processor.py:830} INFO - Processing file /opt/airflow/dags/json_dag.py for tasks to queue
[2026-09-16T15:09:54.746+0000] {logging_mixin.py:188} INFO - [2026-09-16T15:09:54.745+0000] {dagbag.py:545} INFO - Filling up the DagBag from /opt/airflow/dags/json_dag.py
[2026-09-16T15:09:54.763+0000] {logging_mixin.py:188} INFO - [2026-09-16T15:09:54.763+0000] {dagbag.py:355} ERROR - Failed to import: /opt/airflow/dags/json_dag.py
Traceback (most recent call last):
  File "/home/airflow/.local/lib/python3.10/site-packages/airflow/models/dagbag.py", line 351, in parse
    loader.exec_module(new_module)
  File "<frozen importlib._bootstrap_external>", line 879, in exec_module
  File "<frozen importlib._bootstrap_external>", line 1017, in get_code
  File "<frozen importlib._bootstrap_external>", line 947, in source_to_code
  File "<frozen importlib._bootstrap>", line 241, in _call_with_frames_removed
  File "/opt/airflow/dags/json_dag.py", line 7
    import os
IndentationError: unexpected indent
[2026-09-16T15:09:54.764+0000] {processor.py:842} WARNING - No viable dags retrieved from /opt/airflow/dags/json_dag.py
[2026-09-16T15:09:54.786+0000] {processor.py:183} INFO - Processing /opt/airflow/dags/json_dag.py took 0.057 seconds
[2026-09-16T15:09:56.840+0000] {processor.py:161} INFO - Started process (PID=119) to work on /opt/airflow/dags/json_dag.py
[2026-09-16T15:09:56.842+0000] {processor.py:830} INFO - Processing file /opt/airflow/dags/json_dag.py for tasks to queue
[2026-09-16T15:09:56.846+0000] {logging_mixin.py:188} INFO - [2026-09-16T15:09:56.846+0000] {dagbag.py:545} INFO - Filling up the DagBag from /opt/airflow/dags/json_dag.py
[2026-09-16T15:09:56.898+0000] {logging_mixin.py:188} INFO - [2026-09-16T15:09:56.889+0000] {dagbag.py:355} ERROR - Failed to import: /opt/airflow/dags/json_dag.py
Traceback (most recent call last):
  File "/home/airflow/.local/lib/python3.10/site-packages/airflow/models/dagbag.py", line 351, in parse
    loader.exec_module(new_module)
  File "<frozen importlib._bootstrap_external>", line 883, in exec_module
  File "<frozen importlib._bootstrap>", line 241, in _call_with_frames_removed
  File "/opt/airflow/dags/json_dag.py", line 5, in <module>
    from src.app import Application
ModuleNotFoundError: No module named 'src'
[2026-09-16T15:09:56.900+0000] {processor.py:842} WARNING - No viable dags retrieved from /opt/airflow/dags/json_dag.py
[2026-09-16T15:09:56.929+0000] {processor.py:183} INFO - Processing /opt/airflow/dags/json_dag.py took 0.104 seconds
[2026-09-16T15:10:09.094+0000] {processor.py:161} INFO - Started process (PID=120) to work on /opt/airflow/dags/json_dag.py
[2026-09-16T15:10:09.096+0000] {processor.py:830} INFO - Processing file /opt/airflow/dags/json_dag.py for tasks to queue
[2026-09-16T15:10:09.099+0000] {logging_mixin.py:188} INFO - [2026-09-16T15:10:09.099+0000] {dagbag.py:545} INFO - Filling up the DagBag from /opt/airflow/dags/json_dag.py
[2026-09-16T15:10:09.128+0000] {logging_mixin.py:188} INFO - [2026-09-16T15:10:09.126+0000] {dagbag.py:355} ERROR - Failed to import: /opt/airflow/dags/json_dag.py
Traceback (most recent call last):
  File "/home/airflow/.local/lib/python3.10/site-packages/airflow/models/dagbag.py", line 351, in parse
    loader.exec_module(new_module)
  File "<frozen importlib._bootstrap_external>", line 879, in exec_module
  File "<frozen importlib._bootstrap_external>", line 1017, in get_code
  File "<frozen importlib._bootstrap_external>", line 947, in source_to_code
  File "<frozen importlib._bootstrap>", line 241, in _call_with_frames_removed
  File "/opt/airflow/dags/json_dag.py", line 24
    @task
         ^
IndentationError: unindent does not match any outer indentation level
[2026-09-16T15:10:09.129+0000] {processor.py:842} WARNING - No viable dags retrieved from /opt/airflow/dags/json_dag.py
[2026-09-16T15:10:09.168+0000] {processor.py:183} INFO - Processing /opt/airflow/dags/json_dag.py took 0.090 seconds
[2026-09-16T15:10:12.110+0000] {processor.py:161} INFO - Started process (PID=121) to work on /opt/airflow/dags/json_dag.py
[2026-09-16T15:10:12.112+0000] {processor.py:830} INFO - Processing file /opt/airflow/dags/json_dag.py for tasks to queue
[2026-09-16T15:10:12.113+0000] {logging_mixin.py:188} INFO - [2026-09-16T15:10:12.113+0000] {dagbag.py:545} INFO - Filling up the DagBag from /opt/airflow/dags/json_dag.py
[2026-09-16T15:10:12.141+0000] {logging_mixin.py:188} INFO - [2026-09-16T15:10:12.140+0000] {dagbag.py:355} ERROR - Failed to import: /opt/airflow/dags/json_dag.py
Traceback (most recent call last):
  File "/home/airflow/.local/lib/python3.10/site-packages/airflow/models/dagbag.py", line 351, in parse
    loader.exec_module(new_module)
  File "<frozen importlib._bootstrap_external>", line 879, in exec_module
  File "<frozen importlib._bootstrap_external>", line 1017, in get_code
  File "<frozen importlib._bootstrap_external>", line 947, in source_to_code
  File "<frozen importlib._bootstrap>", line 241, in _call_with_frames_removed
  File "/opt/airflow/dags/json_dag.py", line 23
    application = Application("@MrBeast", config)
IndentationError: unexpected indent
[2026-09-16T15:10:12.142+0000] {processor.py:842} WARNING - No viable dags retrieved from /opt/airflow/dags/json_dag.py
[2026-09-16T15:10:12.173+0000] {processor.py:183} INFO - Processing /opt/airflow/dags/json_dag.py took 0.071 seconds
[2026-09-16T15:10:15.145+0000] {processor.py:161} INFO - Started process (PID=128) to work on /opt/airflow/dags/json_dag.py
[2026-09-16T15:10:15.146+0000] {processor.py:830} INFO - Processing file /opt/airflow/dags/json_dag.py for tasks to queue
[2026-09-16T15:10:15.148+0000] {logging_mixin.py:188} INFO - [2026-09-16T15:10:15.148+0000] {dagbag.py:545} INFO - Filling up the DagBag from /opt/airflow/dags/json_dag.py
[2026-09-16T15:10:15.188+0000] {logging_mixin.py:188} INFO - [2026-09-16T15:10:15.183+0000] {dagbag.py:355} ERROR - Failed to import: /opt/airflow/dags/json_dag.py
Traceback (most recent call last):
  File "/home/airflow/.local/lib/python3.10/site-packages/airflow/models/dagbag.py", line 351, in parse
    loader.exec_module(new_module)
  File "<frozen importlib._bootstrap_external>", line 883, in exec_module
  File "<frozen importlib._bootstrap>", line 241, in _call_with_frames_removed
  File "/opt/airflow/dags/json_dag.py", line 5, in <module>
    from src.app import Application
ModuleNotFoundError: No module named 'src'
[2026-09-16T15:10:15.190+0000] {processor.py:842} WARNING - No viable dags retrieved from /opt/airflow/dags/json_dag.py
[2026-09-16T15:10:15.220+0000] {processor.py:183} INFO - Processing /opt/airflow/dags/json_dag.py took 0.083 seconds
[2026-09-16T15:10:17.294+0000] {processor.py:161} INFO - Started process (PID=129) to work on /opt/airflow/dags/json_dag.py
[2026-09-16T15:10:17.295+0000] {processor.py:830} INFO - Processing file /opt/airflow/dags/json_dag.py for tasks to queue
[2026-09-16T15:10:17.298+0000] {logging_mixin.py:188} INFO - [2026-09-16T15:10:17.297+0000] {dagbag.py:545} INFO - Filling up the DagBag from /opt/airflow/dags/json_dag.py
[2026-09-16T15:10:17.363+0000] {logging_mixin.py:188} INFO - [2026-09-16T15:10:17.354+0000] {dagbag.py:355} ERROR - Failed to import: /opt/airflow/dags/json_dag.py
Traceback (most recent call last):
  File "/home/airflow/.local/lib/python3.10/site-packages/airflow/models/dagbag.py", line 351, in parse
    loader.exec_module(new_module)
  File "<frozen importlib._bootstrap_external>", line 883, in exec_module
  File "<frozen importlib._bootstrap>", line 241, in _call_with_frames_removed
  File "/opt/airflow/dags/json_dag.py", line 5, in <module>
    from src.app import Application
ModuleNotFoundError: No module named 'src'
[2026-09-16T15:10:17.364+0000] {processor.py:842} WARNING - No viable dags retrieved from /opt/airflow/dags/json_dag.py
[2026-09-16T15:10:17.398+0000] {processor.py:183} INFO - Processing /opt/airflow/dags/json_dag.py took 0.117 seconds
[2026-09-16T15:10:46.028+0000] {processor.py:161} INFO - Started process (PID=137) to work on /opt/airflow/dags/json_dag.py
[2026-09-16T15:10:46.032+0000] {processor.py:830} INFO - Processing file /opt/airflow/dags/json_dag.py for tasks to queue
[2026-09-16T15:10:46.039+0000] {logging_mixin.py:188} INFO - [2026-09-16T15:10:46.038+0000] {dagbag.py:545} INFO - Filling up the DagBag from /opt/airflow/dags/json_dag.py
[2026-09-16T15:10:46.148+0000] {logging_mixin.py:188} INFO - [2026-09-16T15:10:46.139+0000] {dagbag.py:355} ERROR - Failed to import: /opt/airflow/dags/json_dag.py
Traceback (most recent call last):
  File "/home/airflow/.local/lib/python3.10/site-packages/airflow/models/dagbag.py", line 351, in parse
    loader.exec_module(new_module)
  File "<frozen importlib._bootstrap_external>", line 883, in exec_module
  File "<frozen importlib._bootstrap>", line 241, in _call_with_frames_removed
  File "/opt/airflow/dags/json_dag.py", line 5, in <module>
    from src.app import Application
ModuleNotFoundError: No module named 'src'
[2026-09-16T15:10:46.151+0000] {processor.py:842} WARNING - No viable dags retrieved from /opt/airflow/dags/json_dag.py
[2026-09-16T15:10:46.198+0000] {processor.py:183} INFO - Processing /opt/airflow/dags/json_dag.py took 0.197 seconds
[2026-09-16T15:10:51.299+0000] {processor.py:161} INFO - Started process (PID=138) to work on /opt/airflow/dags/json_dag.py
[2026-09-16T15:10:51.300+0000] {processor.py:830} INFO - Processing file /opt/airflow/dags/json_dag.py for tasks to queue
[2026-09-16T15:10:51.302+0000] {logging_mixin.py:188} INFO - [2026-09-16T15:10:51.302+0000] {dagbag.py:545} INFO - Filling up the DagBag from /opt/airflow/dags/json_dag.py
[2026-09-16T15:10:51.340+0000] {logging_mixin.py:188} INFO - [2026-09-16T15:10:51.334+0000] {dagbag.py:355} ERROR - Failed to import: /opt/airflow/dags/json_dag.py
Traceback (most recent call last):
  File "/home/airflow/.local/lib/python3.10/site-packages/airflow/models/dagbag.py", line 351, in parse
    loader.exec_module(new_module)
  File "<frozen importlib._bootstrap_external>", line 883, in exec_module
  File "<frozen importlib._bootstrap>", line 241, in _call_with_frames_removed
  File "/opt/airflow/dags/json_dag.py", line 5, in <module>
    from src.app import Application
ModuleNotFoundError: No module named 'src'
[2026-09-16T15:10:51.342+0000] {processor.py:842} WARNING - No viable dags retrieved from /opt/airflow/dags/json_dag.py
[2026-09-16T15:10:51.373+0000] {processor.py:183} INFO - Processing /opt/airflow/dags/json_dag.py took 0.083 seconds
[2026-09-16T15:10:52.307+0000] {processor.py:161} INFO - Started process (PID=139) to work on /opt/airflow/dags/json_dag.py
[2026-09-16T15:10:52.308+0000] {processor.py:830} INFO - Processing file /opt/airflow/dags/json_dag.py for tasks to queue
[2026-09-16T15:10:52.309+0000] {logging_mixin.py:188} INFO - [2026-09-16T15:10:52.309+0000] {dagbag.py:545} INFO - Filling up the DagBag from /opt/airflow/dags/json_dag.py
[2026-09-16T15:10:52.326+0000] {logging_mixin.py:188} INFO - [2026-09-16T15:10:52.323+0000] {dagbag.py:355} ERROR - Failed to import: /opt/airflow/dags/json_dag.py
Traceback (most recent call last):
  File "/home/airflow/.local/lib/python3.10/site-packages/airflow/models/dagbag.py", line 351, in parse
    loader.exec_module(new_module)
  File "<frozen importlib._bootstrap_external>", line 883, in exec_module
  File "<frozen importlib._bootstrap>", line 241, in _call_with_frames_removed
  File "/opt/airflow/dags/json_dag.py", line 5, in <module>
    from src.app import Application
ModuleNotFoundError: No module named 'src'
[2026-09-16T15:10:52.327+0000] {processor.py:842} WARNING - No viable dags retrieved from /opt/airflow/dags/json_dag.py
[2026-09-16T15:10:52.348+0000] {processor.py:183} INFO - Processing /opt/airflow/dags/json_dag.py took 0.047 seconds
[2026-09-16T15:11:22.717+0000] {processor.py:161} INFO - Started process (PID=149) to work on /opt/airflow/dags/json_dag.py
[2026-09-16T15:11:22.718+0000] {processor.py:830} INFO - Processing file /opt/airflow/dags/json_dag.py for tasks to queue
[2026-09-16T15:11:22.720+0000] {logging_mixin.py:188} INFO - [2026-09-16T15:11:22.719+0000] {dagbag.py:545} INFO - Filling up the DagBag from /opt/airflow/dags/json_dag.py
[2026-09-16T15:11:22.752+0000] {logging_mixin.py:188} INFO - [2026-09-16T15:11:22.745+0000] {dagbag.py:355} ERROR - Failed to import: /opt/airflow/dags/json_dag.py
Traceback (most recent call last):
  File "/home/airflow/.local/lib/python3.10/site-packages/airflow/models/dagbag.py", line 351, in parse
    loader.exec_module(new_module)
  File "<frozen importlib._bootstrap_external>", line 883, in exec_module
  File "<frozen importlib._bootstrap>", line 241, in _call_with_frames_removed
  File "/opt/airflow/dags/json_dag.py", line 5, in <module>
    from src.app import Application
ModuleNotFoundError: No module named 'src'
[2026-09-16T15:11:22.755+0000] {processor.py:842} WARNING - No viable dags retrieved from /opt/airflow/dags/json_dag.py
[2026-09-16T15:11:22.800+0000] {processor.py:183} INFO - Processing /opt/airflow/dags/json_dag.py took 0.091 seconds
[2026-09-16T15:11:53.220+0000] {processor.py:161} INFO - Started process (PID=157) to work on /opt/airflow/dags/json_dag.py
[2026-09-16T15:11:53.221+0000] {processor.py:830} INFO - Processing file /opt/airflow/dags/json_dag.py for tasks to queue
[2026-09-16T15:11:53.223+0000] {logging_mixin.py:188} INFO - [2026-09-16T15:11:53.222+0000] {dagbag.py:545} INFO - Filling up the DagBag from /opt/airflow/dags/json_dag.py
[2026-09-16T15:11:53.258+0000] {logging_mixin.py:188} INFO - [2026-09-16T15:11:53.252+0000] {dagbag.py:355} ERROR - Failed to import: /opt/airflow/dags/json_dag.py
Traceback (most recent call last):
  File "/home/airflow/.local/lib/python3.10/site-packages/airflow/models/dagbag.py", line 351, in parse
    loader.exec_module(new_module)
  File "<frozen importlib._bootstrap_external>", line 883, in exec_module
  File "<frozen importlib._bootstrap>", line 241, in _call_with_frames_removed
  File "/opt/airflow/dags/json_dag.py", line 5, in <module>
    from src.app import Application
ModuleNotFoundError: No module named 'src'
[2026-09-16T15:11:53.261+0000] {processor.py:842} WARNING - No viable dags retrieved from /opt/airflow/dags/json_dag.py
[2026-09-16T15:11:53.295+0000] {processor.py:183} INFO - Processing /opt/airflow/dags/json_dag.py took 0.093 seconds
[2026-09-16T15:12:23.918+0000] {processor.py:161} INFO - Started process (PID=167) to work on /opt/airflow/dags/json_dag.py
[2026-09-16T15:12:23.919+0000] {processor.py:830} INFO - Processing file /opt/airflow/dags/json_dag.py for tasks to queue
[2026-09-16T15:12:23.921+0000] {logging_mixin.py:188} INFO - [2026-09-16T15:12:23.920+0000] {dagbag.py:545} INFO - Filling up the DagBag from /opt/airflow/dags/json_dag.py
[2026-09-16T15:12:23.945+0000] {logging_mixin.py:188} INFO - [2026-09-16T15:12:23.941+0000] {dagbag.py:355} ERROR - Failed to import: /opt/airflow/dags/json_dag.py
Traceback (most recent call last):
  File "/home/airflow/.local/lib/python3.10/site-packages/airflow/models/dagbag.py", line 351, in parse
    loader.exec_module(new_module)
  File "<frozen importlib._bootstrap_external>", line 883, in exec_module
  File "<frozen importlib._bootstrap>", line 241, in _call_with_frames_removed
  File "/opt/airflow/dags/json_dag.py", line 5, in <module>
    from src.app import Application
ModuleNotFoundError: No module named 'src'
[2026-09-16T15:12:23.947+0000] {processor.py:842} WARNING - No viable dags retrieved from /opt/airflow/dags/json_dag.py
[2026-09-16T15:12:23.980+0000] {processor.py:183} INFO - Processing /opt/airflow/dags/json_dag.py took 0.072 seconds
[2026-09-16T15:12:54.826+0000] {processor.py:161} INFO - Started process (PID=182) to work on /opt/airflow/dags/json_dag.py
[2026-09-16T15:12:54.827+0000] {processor.py:830} INFO - Processing file /opt/airflow/dags/json_dag.py for tasks to queue
[2026-09-16T15:12:54.829+0000] {logging_mixin.py:188} INFO - [2026-09-16T15:12:54.828+0000] {dagbag.py:545} INFO - Filling up the DagBag from /opt/airflow/dags/json_dag.py
[2026-09-16T15:12:54.849+0000] {logging_mixin.py:188} INFO - [2026-09-16T15:12:54.845+0000] {dagbag.py:355} ERROR - Failed to import: /opt/airflow/dags/json_dag.py
Traceback (most recent call last):
  File "/home/airflow/.local/lib/python3.10/site-packages/airflow/models/dagbag.py", line 351, in parse
    loader.exec_module(new_module)
  File "<frozen importlib._bootstrap_external>", line 883, in exec_module
  File "<frozen importlib._bootstrap>", line 241, in _call_with_frames_removed
  File "/opt/airflow/dags/json_dag.py", line 5, in <module>
    from src.app import Application
ModuleNotFoundError: No module named 'src'
[2026-09-16T15:12:54.850+0000] {processor.py:842} WARNING - No viable dags retrieved from /opt/airflow/dags/json_dag.py
[2026-09-16T15:12:54.874+0000] {processor.py:183} INFO - Processing /opt/airflow/dags/json_dag.py took 0.055 seconds
[2026-09-16T15:13:25.155+0000] {processor.py:161} INFO - Started process (PID=190) to work on /opt/airflow/dags/json_dag.py
[2026-09-16T15:13:25.156+0000] {processor.py:830} INFO - Processing file /opt/airflow/dags/json_dag.py for tasks to queue
[2026-09-16T15:13:25.157+0000] {logging_mixin.py:188} INFO - [2026-09-16T15:13:25.156+0000] {dagbag.py:545} INFO - Filling up the DagBag from /opt/airflow/dags/json_dag.py
[2026-09-16T15:13:25.177+0000] {logging_mixin.py:188} INFO - [2026-09-16T15:13:25.173+0000] {dagbag.py:355} ERROR - Failed to import: /opt/airflow/dags/json_dag.py
Traceback (most recent call last):
  File "/home/airflow/.local/lib/python3.10/site-packages/airflow/models/dagbag.py", line 351, in parse
    loader.exec_module(new_module)
  File "<frozen importlib._bootstrap_external>", line 883, in exec_module
  File "<frozen importlib._bootstrap>", line 241, in _call_with_frames_removed
  File "/opt/airflow/dags/json_dag.py", line 5, in <module>
    from src.app import Application
ModuleNotFoundError: No module named 'src'
[2026-09-16T15:13:25.178+0000] {processor.py:842} WARNING - No viable dags retrieved from /opt/airflow/dags/json_dag.py
[2026-09-16T15:13:25.203+0000] {processor.py:183} INFO - Processing /opt/airflow/dags/json_dag.py took 0.054 seconds
[2026-09-16T15:13:55.581+0000] {processor.py:161} INFO - Started process (PID=199) to work on /opt/airflow/dags/json_dag.py
[2026-09-16T15:13:55.583+0000] {processor.py:830} INFO - Processing file /opt/airflow/dags/json_dag.py for tasks to queue
[2026-09-16T15:13:55.585+0000] {logging_mixin.py:188} INFO - [2026-09-16T15:13:55.585+0000] {dagbag.py:545} INFO - Filling up the DagBag from /opt/airflow/dags/json_dag.py
[2026-09-16T15:13:55.607+0000] {logging_mixin.py:188} INFO - [2026-09-16T15:13:55.604+0000] {dagbag.py:355} ERROR - Failed to import: /opt/airflow/dags/json_dag.py
Traceback (most recent call last):
  File "/home/airflow/.local/lib/python3.10/site-packages/airflow/models/dagbag.py", line 351, in parse
    loader.exec_module(new_module)
  File "<frozen importlib._bootstrap_external>", line 883, in exec_module
  File "<frozen importlib._bootstrap>", line 241, in _call_with_frames_removed
  File "/opt/airflow/dags/json_dag.py", line 5, in <module>
    from src.app import Application
ModuleNotFoundError: No module named 'src'
[2026-09-16T15:13:55.608+0000] {processor.py:842} WARNING - No viable dags retrieved from /opt/airflow/dags/json_dag.py
[2026-09-16T15:13:55.629+0000] {processor.py:183} INFO - Processing /opt/airflow/dags/json_dag.py took 0.058 seconds
[2026-09-16T15:14:26.253+0000] {processor.py:161} INFO - Started process (PID=210) to work on /opt/airflow/dags/json_dag.py
[2026-09-16T15:14:26.257+0000] {processor.py:830} INFO - Processing file /opt/airflow/dags/json_dag.py for tasks to queue
[2026-09-16T15:14:26.270+0000] {logging_mixin.py:188} INFO - [2026-09-16T15:14:26.269+0000] {dagbag.py:545} INFO - Filling up the DagBag from /opt/airflow/dags/json_dag.py
[2026-09-16T15:14:26.361+0000] {logging_mixin.py:188} INFO - [2026-09-16T15:14:26.340+0000] {dagbag.py:355} ERROR - Failed to import: /opt/airflow/dags/json_dag.py
Traceback (most recent call last):
  File "/home/airflow/.local/lib/python3.10/site-packages/airflow/models/dagbag.py", line 351, in parse
    loader.exec_module(new_module)
  File "<frozen importlib._bootstrap_external>", line 883, in exec_module
  File "<frozen importlib._bootstrap>", line 241, in _call_with_frames_removed
  File "/opt/airflow/dags/json_dag.py", line 5, in <module>
    from src.app import Application
ModuleNotFoundError: No module named 'src'
[2026-09-16T15:14:26.365+0000] {processor.py:842} WARNING - No viable dags retrieved from /opt/airflow/dags/json_dag.py
[2026-09-16T15:14:26.439+0000] {processor.py:183} INFO - Processing /opt/airflow/dags/json_dag.py took 0.210 seconds
[2026-09-16T15:14:56.980+0000] {processor.py:161} INFO - Started process (PID=219) to work on /opt/airflow/dags/json_dag.py
[2026-09-16T15:14:56.982+0000] {processor.py:830} INFO - Processing file /opt/airflow/dags/json_dag.py for tasks to queue
[2026-09-16T15:14:56.983+0000] {logging_mixin.py:188} INFO - [2026-09-16T15:14:56.983+0000] {dagbag.py:545} INFO - Filling up the DagBag from /opt/airflow/dags/json_dag.py
[2026-09-16T15:14:57.014+0000] {logging_mixin.py:188} INFO - [2026-09-16T15:14:57.008+0000] {dagbag.py:355} ERROR - Failed to import: /opt/airflow/dags/json_dag.py
Traceback (most recent call last):
  File "/home/airflow/.local/lib/python3.10/site-packages/airflow/models/dagbag.py", line 351, in parse
    loader.exec_module(new_module)
  File "<frozen importlib._bootstrap_external>", line 883, in exec_module
  File "<frozen importlib._bootstrap>", line 241, in _call_with_frames_removed
  File "/opt/airflow/dags/json_dag.py", line 5, in <module>
    from src.app import Application
ModuleNotFoundError: No module named 'src'
[2026-09-16T15:14:57.016+0000] {processor.py:842} WARNING - No viable dags retrieved from /opt/airflow/dags/json_dag.py
[2026-09-16T15:14:57.058+0000] {processor.py:183} INFO - Processing /opt/airflow/dags/json_dag.py took 0.090 seconds
[2026-09-16T15:15:27.366+0000] {processor.py:161} INFO - Started process (PID=227) to work on /opt/airflow/dags/json_dag.py
[2026-09-16T15:15:27.367+0000] {processor.py:830} INFO - Processing file /opt/airflow/dags/json_dag.py for tasks to queue
[2026-09-16T15:15:27.368+0000] {logging_mixin.py:188} INFO - [2026-09-16T15:15:27.368+0000] {dagbag.py:545} INFO - Filling up the DagBag from /opt/airflow/dags/json_dag.py
[2026-09-16T15:15:27.389+0000] {logging_mixin.py:188} INFO - [2026-09-16T15:15:27.384+0000] {dagbag.py:355} ERROR - Failed to import: /opt/airflow/dags/json_dag.py
Traceback (most recent call last):
  File "/home/airflow/.local/lib/python3.10/site-packages/airflow/models/dagbag.py", line 351, in parse
    loader.exec_module(new_module)
  File "<frozen importlib._bootstrap_external>", line 883, in exec_module
  File "<frozen importlib._bootstrap>", line 241, in _call_with_frames_removed
  File "/opt/airflow/dags/json_dag.py", line 5, in <module>
    from src.app import Application
ModuleNotFoundError: No module named 'src'
[2026-09-16T15:15:27.390+0000] {processor.py:842} WARNING - No viable dags retrieved from /opt/airflow/dags/json_dag.py
[2026-09-16T15:15:27.418+0000] {processor.py:183} INFO - Processing /opt/airflow/dags/json_dag.py took 0.060 seconds
[2026-09-16T15:15:57.727+0000] {processor.py:161} INFO - Started process (PID=235) to work on /opt/airflow/dags/json_dag.py
[2026-09-16T15:15:57.728+0000] {processor.py:830} INFO - Processing file /opt/airflow/dags/json_dag.py for tasks to queue
[2026-09-16T15:15:57.730+0000] {logging_mixin.py:188} INFO - [2026-09-16T15:15:57.729+0000] {dagbag.py:545} INFO - Filling up the DagBag from /opt/airflow/dags/json_dag.py
[2026-09-16T15:15:57.763+0000] {logging_mixin.py:188} INFO - [2026-09-16T15:15:57.756+0000] {dagbag.py:355} ERROR - Failed to import: /opt/airflow/dags/json_dag.py
Traceback (most recent call last):
  File "/home/airflow/.local/lib/python3.10/site-packages/airflow/models/dagbag.py", line 351, in parse
    loader.exec_module(new_module)
  File "<frozen importlib._bootstrap_external>", line 883, in exec_module
  File "<frozen importlib._bootstrap>", line 241, in _call_with_frames_removed
  File "/opt/airflow/dags/json_dag.py", line 5, in <module>
    from src.app import Application
ModuleNotFoundError: No module named 'src'
[2026-09-16T15:15:57.766+0000] {processor.py:842} WARNING - No viable dags retrieved from /opt/airflow/dags/json_dag.py
[2026-09-16T15:15:57.800+0000] {processor.py:183} INFO - Processing /opt/airflow/dags/json_dag.py took 0.087 seconds
[2026-09-16T15:16:28.459+0000] {processor.py:161} INFO - Started process (PID=243) to work on /opt/airflow/dags/json_dag.py
[2026-09-16T15:16:28.460+0000] {processor.py:830} INFO - Processing file /opt/airflow/dags/json_dag.py for tasks to queue
[2026-09-16T15:16:28.461+0000] {logging_mixin.py:188} INFO - [2026-09-16T15:16:28.461+0000] {dagbag.py:545} INFO - Filling up the DagBag from /opt/airflow/dags/json_dag.py
[2026-09-16T15:16:28.480+0000] {logging_mixin.py:188} INFO - [2026-09-16T15:16:28.477+0000] {dagbag.py:355} ERROR - Failed to import: /opt/airflow/dags/json_dag.py
Traceback (most recent call last):
  File "/home/airflow/.local/lib/python3.10/site-packages/airflow/models/dagbag.py", line 351, in parse
    loader.exec_module(new_module)
  File "<frozen importlib._bootstrap_external>", line 883, in exec_module
  File "<frozen importlib._bootstrap>", line 241, in _call_with_frames_removed
  File "/opt/airflow/dags/json_dag.py", line 5, in <module>
    from src.app import Application
ModuleNotFoundError: No module named 'src'
[2026-09-16T15:16:28.481+0000] {processor.py:842} WARNING - No viable dags retrieved from /opt/airflow/dags/json_dag.py
[2026-09-16T15:16:28.503+0000] {processor.py:183} INFO - Processing /opt/airflow/dags/json_dag.py took 0.049 seconds
[2026-09-16T15:16:55.925+0000] {processor.py:161} INFO - Started process (PID=251) to work on /opt/airflow/dags/json_dag.py
[2026-09-16T15:16:55.926+0000] {processor.py:830} INFO - Processing file /opt/airflow/dags/json_dag.py for tasks to queue
[2026-09-16T15:16:55.927+0000] {logging_mixin.py:188} INFO - [2026-09-16T15:16:55.927+0000] {dagbag.py:545} INFO - Filling up the DagBag from /opt/airflow/dags/json_dag.py
[2026-09-16T15:16:55.940+0000] {logging_mixin.py:188} INFO - [2026-09-16T15:16:55.940+0000] {dagbag.py:355} ERROR - Failed to import: /opt/airflow/dags/json_dag.py
Traceback (most recent call last):
  File "/home/airflow/.local/lib/python3.10/site-packages/airflow/models/dagbag.py", line 351, in parse
    loader.exec_module(new_module)
  File "<frozen importlib._bootstrap_external>", line 879, in exec_module
  File "<frozen importlib._bootstrap_external>", line 1017, in get_code
  File "<frozen importlib._bootstrap_external>", line 947, in source_to_code
  File "<frozen importlib._bootstrap>", line 241, in _call_with_frames_removed
  File "/opt/airflow/dags/json_dag.py", line 17
    load_dotenv()
                 ^
IndentationError: unindent does not match any outer indentation level
[2026-09-16T15:16:55.941+0000] {processor.py:842} WARNING - No viable dags retrieved from /opt/airflow/dags/json_dag.py
[2026-09-16T15:16:55.964+0000] {processor.py:183} INFO - Processing /opt/airflow/dags/json_dag.py took 0.045 seconds
[2026-09-16T15:16:58.007+0000] {processor.py:161} INFO - Started process (PID=252) to work on /opt/airflow/dags/json_dag.py
[2026-09-16T15:16:58.008+0000] {processor.py:830} INFO - Processing file /opt/airflow/dags/json_dag.py for tasks to queue
[2026-09-16T15:16:58.009+0000] {logging_mixin.py:188} INFO - [2026-09-16T15:16:58.009+0000] {dagbag.py:545} INFO - Filling up the DagBag from /opt/airflow/dags/json_dag.py
[2026-09-16T15:16:58.025+0000] {logging_mixin.py:188} INFO - [2026-09-16T15:16:58.024+0000] {dagbag.py:355} ERROR - Failed to import: /opt/airflow/dags/json_dag.py
Traceback (most recent call last):
  File "/home/airflow/.local/lib/python3.10/site-packages/airflow/models/dagbag.py", line 351, in parse
    loader.exec_module(new_module)
  File "<frozen importlib._bootstrap_external>", line 879, in exec_module
  File "<frozen importlib._bootstrap_external>", line 1017, in get_code
  File "<frozen importlib._bootstrap_external>", line 947, in source_to_code
  File "<frozen importlib._bootstrap>", line 241, in _call_with_frames_removed
  File "/opt/airflow/dags/json_dag.py", line 17
    load_dotenv()
                 ^
IndentationError: unindent does not match any outer indentation level
[2026-09-16T15:16:58.026+0000] {processor.py:842} WARNING - No viable dags retrieved from /opt/airflow/dags/json_dag.py
[2026-09-16T15:16:58.046+0000] {processor.py:183} INFO - Processing /opt/airflow/dags/json_dag.py took 0.047 seconds
[2026-09-16T15:16:59.045+0000] {processor.py:161} INFO - Started process (PID=253) to work on /opt/airflow/dags/json_dag.py
[2026-09-16T15:16:59.046+0000] {processor.py:830} INFO - Processing file /opt/airflow/dags/json_dag.py for tasks to queue
[2026-09-16T15:16:59.047+0000] {logging_mixin.py:188} INFO - [2026-09-16T15:16:59.047+0000] {dagbag.py:545} INFO - Filling up the DagBag from /opt/airflow/dags/json_dag.py
[2026-09-16T15:16:59.098+0000] {logging_mixin.py:188} INFO - [2026-09-16T15:16:59.093+0000] {dagbag.py:355} ERROR - Failed to import: /opt/airflow/dags/json_dag.py
Traceback (most recent call last):
  File "/home/airflow/.local/lib/python3.10/site-packages/airflow/models/dagbag.py", line 351, in parse
    loader.exec_module(new_module)
  File "<frozen importlib._bootstrap_external>", line 883, in exec_module
  File "<frozen importlib._bootstrap>", line 241, in _call_with_frames_removed
  File "/opt/airflow/dags/json_dag.py", line 5, in <module>
    from src.app import Application
ModuleNotFoundError: No module named 'src'
[2026-09-16T15:16:59.100+0000] {processor.py:842} WARNING - No viable dags retrieved from /opt/airflow/dags/json_dag.py
[2026-09-16T15:16:59.124+0000] {processor.py:183} INFO - Processing /opt/airflow/dags/json_dag.py took 0.089 seconds
[2026-09-16T15:17:29.404+0000] {processor.py:161} INFO - Started process (PID=261) to work on /opt/airflow/dags/json_dag.py
[2026-09-16T15:17:29.405+0000] {processor.py:830} INFO - Processing file /opt/airflow/dags/json_dag.py for tasks to queue
[2026-09-16T15:17:29.406+0000] {logging_mixin.py:188} INFO - [2026-09-16T15:17:29.406+0000] {dagbag.py:545} INFO - Filling up the DagBag from /opt/airflow/dags/json_dag.py
[2026-09-16T15:17:29.426+0000] {logging_mixin.py:188} INFO - [2026-09-16T15:17:29.423+0000] {dagbag.py:355} ERROR - Failed to import: /opt/airflow/dags/json_dag.py
Traceback (most recent call last):
  File "/home/airflow/.local/lib/python3.10/site-packages/airflow/models/dagbag.py", line 351, in parse
    loader.exec_module(new_module)
  File "<frozen importlib._bootstrap_external>", line 883, in exec_module
  File "<frozen importlib._bootstrap>", line 241, in _call_with_frames_removed
  File "/opt/airflow/dags/json_dag.py", line 5, in <module>
    from src.app import Application
ModuleNotFoundError: No module named 'src'
[2026-09-16T15:17:29.427+0000] {processor.py:842} WARNING - No viable dags retrieved from /opt/airflow/dags/json_dag.py
[2026-09-16T15:17:29.447+0000] {processor.py:183} INFO - Processing /opt/airflow/dags/json_dag.py took 0.049 seconds
[2026-09-16T15:17:32.458+0000] {processor.py:161} INFO - Started process (PID=262) to work on /opt/airflow/dags/json_dag.py
[2026-09-16T15:17:32.460+0000] {processor.py:830} INFO - Processing file /opt/airflow/dags/json_dag.py for tasks to queue
[2026-09-16T15:17:32.460+0000] {logging_mixin.py:188} INFO - [2026-09-16T15:17:32.460+0000] {dagbag.py:545} INFO - Filling up the DagBag from /opt/airflow/dags/json_dag.py
[2026-09-16T15:17:32.499+0000] {logging_mixin.py:188} INFO - [2026-09-16T15:17:32.495+0000] {dagbag.py:355} ERROR - Failed to import: /opt/airflow/dags/json_dag.py
Traceback (most recent call last):
  File "/home/airflow/.local/lib/python3.10/site-packages/airflow/models/dagbag.py", line 351, in parse
    loader.exec_module(new_module)
  File "<frozen importlib._bootstrap_external>", line 883, in exec_module
  File "<frozen importlib._bootstrap>", line 241, in _call_with_frames_removed
  File "/opt/airflow/dags/json_dag.py", line 6, in <module>
    from src.app import Application
ModuleNotFoundError: No module named 'src'
[2026-09-16T15:17:32.500+0000] {processor.py:842} WARNING - No viable dags retrieved from /opt/airflow/dags/json_dag.py
[2026-09-16T15:17:32.523+0000] {processor.py:183} INFO - Processing /opt/airflow/dags/json_dag.py took 0.071 seconds
[2026-09-16T15:17:35.701+0000] {processor.py:161} INFO - Started process (PID=263) to work on /opt/airflow/dags/json_dag.py
[2026-09-16T15:17:35.703+0000] {processor.py:830} INFO - Processing file /opt/airflow/dags/json_dag.py for tasks to queue
[2026-09-16T15:17:35.704+0000] {logging_mixin.py:188} INFO - [2026-09-16T15:17:35.704+0000] {dagbag.py:545} INFO - Filling up the DagBag from /opt/airflow/dags/json_dag.py
[2026-09-16T15:17:35.743+0000] {logging_mixin.py:188} INFO - [2026-09-16T15:17:35.738+0000] {dagbag.py:355} ERROR - Failed to import: /opt/airflow/dags/json_dag.py
Traceback (most recent call last):
  File "/home/airflow/.local/lib/python3.10/site-packages/airflow/models/dagbag.py", line 351, in parse
    loader.exec_module(new_module)
  File "<frozen importlib._bootstrap_external>", line 883, in exec_module
  File "<frozen importlib._bootstrap>", line 241, in _call_with_frames_removed
  File "/opt/airflow/dags/json_dag.py", line 3, in <module>
    import src.database as db
ModuleNotFoundError: No module named 'src'
[2026-09-16T15:17:35.744+0000] {processor.py:842} WARNING - No viable dags retrieved from /opt/airflow/dags/json_dag.py
[2026-09-16T15:17:35.771+0000] {processor.py:183} INFO - Processing /opt/airflow/dags/json_dag.py took 0.083 seconds
[2026-09-16T15:17:36.747+0000] {processor.py:161} INFO - Started process (PID=264) to work on /opt/airflow/dags/json_dag.py
[2026-09-16T15:17:36.748+0000] {processor.py:830} INFO - Processing file /opt/airflow/dags/json_dag.py for tasks to queue
[2026-09-16T15:17:36.750+0000] {logging_mixin.py:188} INFO - [2026-09-16T15:17:36.749+0000] {dagbag.py:545} INFO - Filling up the DagBag from /opt/airflow/dags/json_dag.py
[2026-09-16T15:17:36.794+0000] {logging_mixin.py:188} INFO - [2026-09-16T15:17:36.789+0000] {dagbag.py:355} ERROR - Failed to import: /opt/airflow/dags/json_dag.py
Traceback (most recent call last):
  File "/home/airflow/.local/lib/python3.10/site-packages/airflow/models/dagbag.py", line 351, in parse
    loader.exec_module(new_module)
  File "<frozen importlib._bootstrap_external>", line 883, in exec_module
  File "<frozen importlib._bootstrap>", line 241, in _call_with_frames_removed
  File "/opt/airflow/dags/json_dag.py", line 3, in <module>
    import src.database as db
ModuleNotFoundError: No module named 'src'
[2026-09-16T15:17:36.796+0000] {processor.py:842} WARNING - No viable dags retrieved from /opt/airflow/dags/json_dag.py
[2026-09-16T15:17:36.826+0000] {processor.py:183} INFO - Processing /opt/airflow/dags/json_dag.py took 0.090 seconds
[2026-09-16T15:18:07.140+0000] {processor.py:161} INFO - Started process (PID=272) to work on /opt/airflow/dags/json_dag.py
[2026-09-16T15:18:07.142+0000] {processor.py:830} INFO - Processing file /opt/airflow/dags/json_dag.py for tasks to queue
[2026-09-16T15:18:07.145+0000] {logging_mixin.py:188} INFO - [2026-09-16T15:18:07.144+0000] {dagbag.py:545} INFO - Filling up the DagBag from /opt/airflow/dags/json_dag.py
[2026-09-16T15:18:07.181+0000] {logging_mixin.py:188} INFO - [2026-09-16T15:18:07.176+0000] {dagbag.py:355} ERROR - Failed to import: /opt/airflow/dags/json_dag.py
Traceback (most recent call last):
  File "/home/airflow/.local/lib/python3.10/site-packages/airflow/models/dagbag.py", line 351, in parse
    loader.exec_module(new_module)
  File "<frozen importlib._bootstrap_external>", line 883, in exec_module
  File "<frozen importlib._bootstrap>", line 241, in _call_with_frames_removed
  File "/opt/airflow/dags/json_dag.py", line 3, in <module>
    import src.database as db
ModuleNotFoundError: No module named 'src'
[2026-09-16T15:18:07.183+0000] {processor.py:842} WARNING - No viable dags retrieved from /opt/airflow/dags/json_dag.py
[2026-09-16T15:18:07.214+0000] {processor.py:183} INFO - Processing /opt/airflow/dags/json_dag.py took 0.084 seconds
[2026-09-16T15:18:37.446+0000] {processor.py:161} INFO - Started process (PID=280) to work on /opt/airflow/dags/json_dag.py
[2026-09-16T15:18:37.448+0000] {processor.py:830} INFO - Processing file /opt/airflow/dags/json_dag.py for tasks to queue
[2026-09-16T15:18:37.450+0000] {logging_mixin.py:188} INFO - [2026-09-16T15:18:37.449+0000] {dagbag.py:545} INFO - Filling up the DagBag from /opt/airflow/dags/json_dag.py
[2026-09-16T15:18:37.478+0000] {logging_mixin.py:188} INFO - [2026-09-16T15:18:37.475+0000] {dagbag.py:355} ERROR - Failed to import: /opt/airflow/dags/json_dag.py
Traceback (most recent call last):
  File "/home/airflow/.local/lib/python3.10/site-packages/airflow/models/dagbag.py", line 351, in parse
    loader.exec_module(new_module)
  File "<frozen importlib._bootstrap_external>", line 883, in exec_module
  File "<frozen importlib._bootstrap>", line 241, in _call_with_frames_removed
  File "/opt/airflow/dags/json_dag.py", line 3, in <module>
    import src.database as db
ModuleNotFoundError: No module named 'src'
[2026-09-16T15:18:37.479+0000] {processor.py:842} WARNING - No viable dags retrieved from /opt/airflow/dags/json_dag.py
[2026-09-16T15:18:37.507+0000] {processor.py:183} INFO - Processing /opt/airflow/dags/json_dag.py took 0.078 seconds
[2026-09-16T15:19:07.958+0000] {processor.py:161} INFO - Started process (PID=289) to work on /opt/airflow/dags/json_dag.py
[2026-09-16T15:19:07.960+0000] {processor.py:830} INFO - Processing file /opt/airflow/dags/json_dag.py for tasks to queue
[2026-09-16T15:19:07.961+0000] {logging_mixin.py:188} INFO - [2026-09-16T15:19:07.961+0000] {dagbag.py:545} INFO - Filling up the DagBag from /opt/airflow/dags/json_dag.py
[2026-09-16T15:19:07.992+0000] {logging_mixin.py:188} INFO - [2026-09-16T15:19:07.987+0000] {dagbag.py:355} ERROR - Failed to import: /opt/airflow/dags/json_dag.py
Traceback (most recent call last):
  File "/home/airflow/.local/lib/python3.10/site-packages/airflow/models/dagbag.py", line 351, in parse
    loader.exec_module(new_module)
  File "<frozen importlib._bootstrap_external>", line 883, in exec_module
  File "<frozen importlib._bootstrap>", line 241, in _call_with_frames_removed
  File "/opt/airflow/dags/json_dag.py", line 3, in <module>
    import src.database as db
ModuleNotFoundError: No module named 'src'
[2026-09-16T15:19:07.994+0000] {processor.py:842} WARNING - No viable dags retrieved from /opt/airflow/dags/json_dag.py
[2026-09-16T15:19:08.019+0000] {processor.py:183} INFO - Processing /opt/airflow/dags/json_dag.py took 0.070 seconds
[2026-09-16T15:20:29.116+0000] {processor.py:161} INFO - Started process (PID=66) to work on /opt/airflow/dags/json_dag.py
[2026-09-16T15:20:29.118+0000] {processor.py:830} INFO - Processing file /opt/airflow/dags/json_dag.py for tasks to queue
[2026-09-16T15:20:29.123+0000] {logging_mixin.py:188} INFO - [2026-09-16T15:20:29.122+0000] {dagbag.py:545} INFO - Filling up the DagBag from /opt/airflow/dags/json_dag.py
[2026-09-16T15:20:29.172+0000] {logging_mixin.py:188} INFO - [2026-09-16T15:20:29.168+0000] {dagbag.py:355} ERROR - Failed to import: /opt/airflow/dags/json_dag.py
Traceback (most recent call last):
  File "/home/airflow/.local/lib/python3.10/site-packages/airflow/models/dagbag.py", line 351, in parse
    loader.exec_module(new_module)
  File "<frozen importlib._bootstrap_external>", line 883, in exec_module
  File "<frozen importlib._bootstrap>", line 241, in _call_with_frames_removed
  File "/opt/airflow/dags/json_dag.py", line 3, in <module>
    import src.database as db
ModuleNotFoundError: No module named 'src'
[2026-09-16T15:20:29.174+0000] {processor.py:842} WARNING - No viable dags retrieved from /opt/airflow/dags/json_dag.py
[2026-09-16T15:20:29.198+0000] {processor.py:183} INFO - Processing /opt/airflow/dags/json_dag.py took 0.097 seconds
[2026-09-16T15:20:59.489+0000] {processor.py:161} INFO - Started process (PID=74) to work on /opt/airflow/dags/json_dag.py
[2026-09-16T15:20:59.490+0000] {processor.py:830} INFO - Processing file /opt/airflow/dags/json_dag.py for tasks to queue
[2026-09-16T15:20:59.496+0000] {logging_mixin.py:188} INFO - [2026-09-16T15:20:59.495+0000] {dagbag.py:545} INFO - Filling up the DagBag from /opt/airflow/dags/json_dag.py
[2026-09-16T15:20:59.537+0000] {logging_mixin.py:188} INFO - [2026-09-16T15:20:59.532+0000] {dagbag.py:355} ERROR - Failed to import: /opt/airflow/dags/json_dag.py
Traceback (most recent call last):
  File "/home/airflow/.local/lib/python3.10/site-packages/airflow/models/dagbag.py", line 351, in parse
    loader.exec_module(new_module)
  File "<frozen importlib._bootstrap_external>", line 883, in exec_module
  File "<frozen importlib._bootstrap>", line 241, in _call_with_frames_removed
  File "/opt/airflow/dags/json_dag.py", line 3, in <module>
    import src.database as db
ModuleNotFoundError: No module named 'src'
[2026-09-16T15:20:59.539+0000] {processor.py:842} WARNING - No viable dags retrieved from /opt/airflow/dags/json_dag.py
[2026-09-16T15:20:59.570+0000] {processor.py:183} INFO - Processing /opt/airflow/dags/json_dag.py took 0.098 seconds
[2026-09-16T15:21:29.897+0000] {processor.py:161} INFO - Started process (PID=82) to work on /opt/airflow/dags/json_dag.py
[2026-09-16T15:21:29.898+0000] {processor.py:830} INFO - Processing file /opt/airflow/dags/json_dag.py for tasks to queue
[2026-09-16T15:21:29.903+0000] {logging_mixin.py:188} INFO - [2026-09-16T15:21:29.902+0000] {dagbag.py:545} INFO - Filling up the DagBag from /opt/airflow/dags/json_dag.py
[2026-09-16T15:21:29.950+0000] {logging_mixin.py:188} INFO - [2026-09-16T15:21:29.943+0000] {dagbag.py:355} ERROR - Failed to import: /opt/airflow/dags/json_dag.py
Traceback (most recent call last):
  File "/home/airflow/.local/lib/python3.10/site-packages/airflow/models/dagbag.py", line 351, in parse
    loader.exec_module(new_module)
  File "<frozen importlib._bootstrap_external>", line 883, in exec_module
  File "<frozen importlib._bootstrap>", line 241, in _call_with_frames_removed
  File "/opt/airflow/dags/json_dag.py", line 3, in <module>
    import src.database as db
ModuleNotFoundError: No module named 'src'
[2026-09-16T15:21:29.952+0000] {processor.py:842} WARNING - No viable dags retrieved from /opt/airflow/dags/json_dag.py
[2026-09-16T15:21:29.987+0000] {processor.py:183} INFO - Processing /opt/airflow/dags/json_dag.py took 0.104 seconds
[2026-09-16T15:21:58.408+0000] {processor.py:161} INFO - Started process (PID=89) to work on /opt/airflow/dags/json_dag.py
[2026-09-16T15:21:58.409+0000] {processor.py:830} INFO - Processing file /opt/airflow/dags/json_dag.py for tasks to queue
[2026-09-16T15:21:58.411+0000] {logging_mixin.py:188} INFO - [2026-09-16T15:21:58.411+0000] {dagbag.py:545} INFO - Filling up the DagBag from /opt/airflow/dags/json_dag.py
[2026-09-16T15:21:58.449+0000] {logging_mixin.py:188} INFO - [2026-09-16T15:21:58.445+0000] {dagbag.py:355} ERROR - Failed to import: /opt/airflow/dags/json_dag.py
Traceback (most recent call last):
  File "/home/airflow/.local/lib/python3.10/site-packages/airflow/models/dagbag.py", line 351, in parse
    loader.exec_module(new_module)
  File "<frozen importlib._bootstrap_external>", line 883, in exec_module
  File "<frozen importlib._bootstrap>", line 241, in _call_with_frames_removed
  File "/opt/airflow/dags/json_dag.py", line 3, in <module>
    import src.database as db
ModuleNotFoundError: No module named 'src'
[2026-09-16T15:21:58.450+0000] {processor.py:842} WARNING - No viable dags retrieved from /opt/airflow/dags/json_dag.py
[2026-09-16T15:21:58.472+0000] {processor.py:183} INFO - Processing /opt/airflow/dags/json_dag.py took 0.069 seconds
[2026-09-16T15:22:24.717+0000] {processor.py:161} INFO - Started process (PID=91) to work on /opt/airflow/dags/json_dag.py
[2026-09-16T15:22:24.719+0000] {processor.py:830} INFO - Processing file /opt/airflow/dags/json_dag.py for tasks to queue
[2026-09-16T15:22:24.721+0000] {logging_mixin.py:188} INFO - [2026-09-16T15:22:24.721+0000] {dagbag.py:545} INFO - Filling up the DagBag from /opt/airflow/dags/json_dag.py
[2026-09-16T15:22:24.742+0000] {logging_mixin.py:188} INFO - [2026-09-16T15:22:24.741+0000] {dagbag.py:355} ERROR - Failed to import: /opt/airflow/dags/json_dag.py
Traceback (most recent call last):
  File "/home/airflow/.local/lib/python3.10/site-packages/airflow/models/dagbag.py", line 351, in parse
    loader.exec_module(new_module)
  File "<frozen importlib._bootstrap_external>", line 879, in exec_module
  File "<frozen importlib._bootstrap_external>", line 1017, in get_code
  File "<frozen importlib._bootstrap_external>", line 947, in source_to_code
  File "<frozen importlib._bootstrap>", line 241, in _call_with_frames_removed
  File "/opt/airflow/dags/json_dag.py", line 4
    from src.
             ^
SyntaxError: invalid syntax
[2026-09-16T15:22:24.742+0000] {processor.py:842} WARNING - No viable dags retrieved from /opt/airflow/dags/json_dag.py
[2026-09-16T15:22:24.765+0000] {processor.py:183} INFO - Processing /opt/airflow/dags/json_dag.py took 0.054 seconds
[2026-09-16T15:22:26.788+0000] {processor.py:161} INFO - Started process (PID=92) to work on /opt/airflow/dags/json_dag.py
[2026-09-16T15:22:26.791+0000] {processor.py:830} INFO - Processing file /opt/airflow/dags/json_dag.py for tasks to queue
[2026-09-16T15:22:26.795+0000] {logging_mixin.py:188} INFO - [2026-09-16T15:22:26.795+0000] {dagbag.py:545} INFO - Filling up the DagBag from /opt/airflow/dags/json_dag.py
[2026-09-16T15:22:26.827+0000] {logging_mixin.py:188} INFO - [2026-09-16T15:22:26.826+0000] {dagbag.py:355} ERROR - Failed to import: /opt/airflow/dags/json_dag.py
Traceback (most recent call last):
  File "/home/airflow/.local/lib/python3.10/site-packages/airflow/models/dagbag.py", line 351, in parse
    loader.exec_module(new_module)
  File "<frozen importlib._bootstrap_external>", line 879, in exec_module
  File "<frozen importlib._bootstrap_external>", line 1017, in get_code
  File "<frozen importlib._bootstrap_external>", line 947, in source_to_code
  File "<frozen importlib._bootstrap>", line 241, in _call_with_frames_removed
  File "/opt/airflow/dags/json_dag.py", line 4
    from src.helper
                   ^
SyntaxError: invalid syntax
[2026-09-16T15:22:26.828+0000] {processor.py:842} WARNING - No viable dags retrieved from /opt/airflow/dags/json_dag.py
[2026-09-16T15:22:26.864+0000] {processor.py:183} INFO - Processing /opt/airflow/dags/json_dag.py took 0.094 seconds
[2026-09-16T15:22:29.862+0000] {processor.py:161} INFO - Started process (PID=99) to work on /opt/airflow/dags/json_dag.py
[2026-09-16T15:22:29.863+0000] {processor.py:830} INFO - Processing file /opt/airflow/dags/json_dag.py for tasks to queue
[2026-09-16T15:22:29.865+0000] {logging_mixin.py:188} INFO - [2026-09-16T15:22:29.865+0000] {dagbag.py:545} INFO - Filling up the DagBag from /opt/airflow/dags/json_dag.py
[2026-09-16T15:22:29.882+0000] {logging_mixin.py:188} INFO - [2026-09-16T15:22:29.881+0000] {dagbag.py:355} ERROR - Failed to import: /opt/airflow/dags/json_dag.py
Traceback (most recent call last):
  File "/home/airflow/.local/lib/python3.10/site-packages/airflow/models/dagbag.py", line 351, in parse
    loader.exec_module(new_module)
  File "<frozen importlib._bootstrap_external>", line 879, in exec_module
  File "<frozen importlib._bootstrap_external>", line 1017, in get_code
  File "<frozen importlib._bootstrap_external>", line 947, in source_to_code
  File "<frozen importlib._bootstrap>", line 241, in _call_with_frames_removed
  File "/opt/airflow/dags/json_dag.py", line 4
    from src.database
                     ^
SyntaxError: invalid syntax
[2026-09-16T15:22:29.882+0000] {processor.py:842} WARNING - No viable dags retrieved from /opt/airflow/dags/json_dag.py
[2026-09-16T15:22:29.905+0000] {processor.py:183} INFO - Processing /opt/airflow/dags/json_dag.py took 0.050 seconds
[2026-09-16T15:22:32.974+0000] {processor.py:161} INFO - Started process (PID=101) to work on /opt/airflow/dags/json_dag.py
[2026-09-16T15:22:32.976+0000] {processor.py:830} INFO - Processing file /opt/airflow/dags/json_dag.py for tasks to queue
[2026-09-16T15:22:32.978+0000] {logging_mixin.py:188} INFO - [2026-09-16T15:22:32.978+0000] {dagbag.py:545} INFO - Filling up the DagBag from /opt/airflow/dags/json_dag.py
[2026-09-16T15:22:32.995+0000] {logging_mixin.py:188} INFO - [2026-09-16T15:22:32.994+0000] {dagbag.py:355} ERROR - Failed to import: /opt/airflow/dags/json_dag.py
Traceback (most recent call last):
  File "/home/airflow/.local/lib/python3.10/site-packages/airflow/models/dagbag.py", line 351, in parse
    loader.exec_module(new_module)
  File "<frozen importlib._bootstrap_external>", line 879, in exec_module
  File "<frozen importlib._bootstrap_external>", line 1017, in get_code
  File "<frozen importlib._bootstrap_external>", line 947, in source_to_code
  File "<frozen importlib._bootstrap>", line 241, in _call_with_frames_removed
  File "/opt/airflow/dags/json_dag.py", line 4
    from src.database import 
                             ^
SyntaxError: invalid syntax
[2026-09-16T15:22:32.997+0000] {processor.py:842} WARNING - No viable dags retrieved from /opt/airflow/dags/json_dag.py
[2026-09-16T15:22:33.020+0000] {processor.py:183} INFO - Processing /opt/airflow/dags/json_dag.py took 0.054 seconds
[2026-09-16T15:22:37.040+0000] {processor.py:161} INFO - Started process (PID=102) to work on /opt/airflow/dags/json_dag.py
[2026-09-16T15:22:37.042+0000] {processor.py:830} INFO - Processing file /opt/airflow/dags/json_dag.py for tasks to queue
[2026-09-16T15:22:37.046+0000] {logging_mixin.py:188} INFO - [2026-09-16T15:22:37.045+0000] {dagbag.py:545} INFO - Filling up the DagBag from /opt/airflow/dags/json_dag.py
[2026-09-16T15:22:37.094+0000] {logging_mixin.py:188} INFO - [2026-09-16T15:22:37.089+0000] {dagbag.py:355} ERROR - Failed to import: /opt/airflow/dags/json_dag.py
Traceback (most recent call last):
  File "/home/airflow/.local/lib/python3.10/site-packages/airflow/models/dagbag.py", line 351, in parse
    loader.exec_module(new_module)
  File "<frozen importlib._bootstrap_external>", line 883, in exec_module
  File "<frozen importlib._bootstrap>", line 241, in _call_with_frames_removed
  File "/opt/airflow/dags/json_dag.py", line 3, in <module>
    import src.database as db
ModuleNotFoundError: No module named 'src'
[2026-09-16T15:22:37.097+0000] {processor.py:842} WARNING - No viable dags retrieved from /opt/airflow/dags/json_dag.py
[2026-09-16T15:22:37.128+0000] {processor.py:183} INFO - Processing /opt/airflow/dags/json_dag.py took 0.099 seconds
[2026-09-16T15:22:41.121+0000] {processor.py:161} INFO - Started process (PID=103) to work on /opt/airflow/dags/json_dag.py
[2026-09-16T15:22:41.123+0000] {processor.py:830} INFO - Processing file /opt/airflow/dags/json_dag.py for tasks to queue
[2026-09-16T15:22:41.126+0000] {logging_mixin.py:188} INFO - [2026-09-16T15:22:41.126+0000] {dagbag.py:545} INFO - Filling up the DagBag from /opt/airflow/dags/json_dag.py
[2026-09-16T15:22:41.161+0000] {logging_mixin.py:188} INFO - [2026-09-16T15:22:41.157+0000] {dagbag.py:355} ERROR - Failed to import: /opt/airflow/dags/json_dag.py
Traceback (most recent call last):
  File "/home/airflow/.local/lib/python3.10/site-packages/airflow/models/dagbag.py", line 351, in parse
    loader.exec_module(new_module)
  File "<frozen importlib._bootstrap_external>", line 883, in exec_module
  File "<frozen importlib._bootstrap>", line 241, in _call_with_frames_removed
  File "/opt/airflow/dags/json_dag.py", line 4, in <module>
    from src.database import create_tables
ModuleNotFoundError: No module named 'src'
[2026-09-16T15:22:41.163+0000] {processor.py:842} WARNING - No viable dags retrieved from /opt/airflow/dags/json_dag.py
[2026-09-16T15:22:41.187+0000] {processor.py:183} INFO - Processing /opt/airflow/dags/json_dag.py took 0.072 seconds
[2026-09-16T15:22:45.240+0000] {processor.py:161} INFO - Started process (PID=104) to work on /opt/airflow/dags/json_dag.py
[2026-09-16T15:22:45.241+0000] {processor.py:830} INFO - Processing file /opt/airflow/dags/json_dag.py for tasks to queue
[2026-09-16T15:22:45.244+0000] {logging_mixin.py:188} INFO - [2026-09-16T15:22:45.244+0000] {dagbag.py:545} INFO - Filling up the DagBag from /opt/airflow/dags/json_dag.py
[2026-09-16T15:22:45.279+0000] {logging_mixin.py:188} INFO - [2026-09-16T15:22:45.275+0000] {dagbag.py:355} ERROR - Failed to import: /opt/airflow/dags/json_dag.py
Traceback (most recent call last):
  File "/home/airflow/.local/lib/python3.10/site-packages/airflow/models/dagbag.py", line 351, in parse
    loader.exec_module(new_module)
  File "<frozen importlib._bootstrap_external>", line 883, in exec_module
  File "<frozen importlib._bootstrap>", line 241, in _call_with_frames_removed
  File "/opt/airflow/dags/json_dag.py", line 4, in <module>
    from src.database import create_tables
ModuleNotFoundError: No module named 'src'
[2026-09-16T15:22:45.281+0000] {processor.py:842} WARNING - No viable dags retrieved from /opt/airflow/dags/json_dag.py
[2026-09-16T15:22:45.302+0000] {processor.py:183} INFO - Processing /opt/airflow/dags/json_dag.py took 0.071 seconds
[2026-09-16T15:23:15.809+0000] {processor.py:161} INFO - Started process (PID=116) to work on /opt/airflow/dags/json_dag.py
[2026-09-16T15:23:15.812+0000] {processor.py:830} INFO - Processing file /opt/airflow/dags/json_dag.py for tasks to queue
[2026-09-16T15:23:15.816+0000] {logging_mixin.py:188} INFO - [2026-09-16T15:23:15.815+0000] {dagbag.py:545} INFO - Filling up the DagBag from /opt/airflow/dags/json_dag.py
[2026-09-16T15:23:15.854+0000] {logging_mixin.py:188} INFO - [2026-09-16T15:23:15.848+0000] {dagbag.py:355} ERROR - Failed to import: /opt/airflow/dags/json_dag.py
Traceback (most recent call last):
  File "/home/airflow/.local/lib/python3.10/site-packages/airflow/models/dagbag.py", line 351, in parse
    loader.exec_module(new_module)
  File "<frozen importlib._bootstrap_external>", line 883, in exec_module
  File "<frozen importlib._bootstrap>", line 241, in _call_with_frames_removed
  File "/opt/airflow/dags/json_dag.py", line 4, in <module>
    from src.database import create_tables
ModuleNotFoundError: No module named 'src'
[2026-09-16T15:23:15.862+0000] {processor.py:842} WARNING - No viable dags retrieved from /opt/airflow/dags/json_dag.py
[2026-09-16T15:23:15.901+0000] {processor.py:183} INFO - Processing /opt/airflow/dags/json_dag.py took 0.103 seconds
[2026-09-16T15:23:46.429+0000] {processor.py:161} INFO - Started process (PID=127) to work on /opt/airflow/dags/json_dag.py
[2026-09-16T15:23:46.432+0000] {processor.py:830} INFO - Processing file /opt/airflow/dags/json_dag.py for tasks to queue
[2026-09-16T15:23:46.435+0000] {logging_mixin.py:188} INFO - [2026-09-16T15:23:46.435+0000] {dagbag.py:545} INFO - Filling up the DagBag from /opt/airflow/dags/json_dag.py
[2026-09-16T15:23:46.469+0000] {logging_mixin.py:188} INFO - [2026-09-16T15:23:46.463+0000] {dagbag.py:355} ERROR - Failed to import: /opt/airflow/dags/json_dag.py
Traceback (most recent call last):
  File "/home/airflow/.local/lib/python3.10/site-packages/airflow/models/dagbag.py", line 351, in parse
    loader.exec_module(new_module)
  File "<frozen importlib._bootstrap_external>", line 883, in exec_module
  File "<frozen importlib._bootstrap>", line 241, in _call_with_frames_removed
  File "/opt/airflow/dags/json_dag.py", line 4, in <module>
    from src.database import create_tables
ModuleNotFoundError: No module named 'src'
[2026-09-16T15:23:46.472+0000] {processor.py:842} WARNING - No viable dags retrieved from /opt/airflow/dags/json_dag.py
[2026-09-16T15:23:46.504+0000] {processor.py:183} INFO - Processing /opt/airflow/dags/json_dag.py took 0.082 seconds
[2026-09-16T15:24:16.834+0000] {processor.py:161} INFO - Started process (PID=135) to work on /opt/airflow/dags/json_dag.py
[2026-09-16T15:24:16.836+0000] {processor.py:830} INFO - Processing file /opt/airflow/dags/json_dag.py for tasks to queue
[2026-09-16T15:24:16.839+0000] {logging_mixin.py:188} INFO - [2026-09-16T15:24:16.839+0000] {dagbag.py:545} INFO - Filling up the DagBag from /opt/airflow/dags/json_dag.py
[2026-09-16T15:24:16.865+0000] {logging_mixin.py:188} INFO - [2026-09-16T15:24:16.861+0000] {dagbag.py:355} ERROR - Failed to import: /opt/airflow/dags/json_dag.py
Traceback (most recent call last):
  File "/home/airflow/.local/lib/python3.10/site-packages/airflow/models/dagbag.py", line 351, in parse
    loader.exec_module(new_module)
  File "<frozen importlib._bootstrap_external>", line 883, in exec_module
  File "<frozen importlib._bootstrap>", line 241, in _call_with_frames_removed
  File "/opt/airflow/dags/json_dag.py", line 4, in <module>
    from src.database import create_tables
ModuleNotFoundError: No module named 'src'
[2026-09-16T15:24:16.866+0000] {processor.py:842} WARNING - No viable dags retrieved from /opt/airflow/dags/json_dag.py
[2026-09-16T15:24:16.893+0000] {processor.py:183} INFO - Processing /opt/airflow/dags/json_dag.py took 0.069 seconds
[2026-09-16T15:24:23.008+0000] {processor.py:161} INFO - Started process (PID=136) to work on /opt/airflow/dags/json_dag.py
[2026-09-16T15:24:23.010+0000] {processor.py:830} INFO - Processing file /opt/airflow/dags/json_dag.py for tasks to queue
[2026-09-16T15:24:23.016+0000] {logging_mixin.py:188} INFO - [2026-09-16T15:24:23.015+0000] {dagbag.py:545} INFO - Filling up the DagBag from /opt/airflow/dags/json_dag.py
[2026-09-16T15:24:23.065+0000] {logging_mixin.py:188} INFO - [2026-09-16T15:24:23.059+0000] {dagbag.py:355} ERROR - Failed to import: /opt/airflow/dags/json_dag.py
Traceback (most recent call last):
  File "/home/airflow/.local/lib/python3.10/site-packages/airflow/models/dagbag.py", line 351, in parse
    loader.exec_module(new_module)
  File "<frozen importlib._bootstrap_external>", line 883, in exec_module
  File "<frozen importlib._bootstrap>", line 241, in _call_with_frames_removed
  File "/opt/airflow/dags/json_dag.py", line 9, in <module>
    from src.app import Application
ModuleNotFoundError: No module named 'src'
[2026-09-16T15:24:23.066+0000] {processor.py:842} WARNING - No viable dags retrieved from /opt/airflow/dags/json_dag.py
[2026-09-16T15:24:23.092+0000] {processor.py:183} INFO - Processing /opt/airflow/dags/json_dag.py took 0.099 seconds
[2026-09-16T15:24:26.033+0000] {processor.py:161} INFO - Started process (PID=137) to work on /opt/airflow/dags/json_dag.py
[2026-09-16T15:24:26.034+0000] {processor.py:830} INFO - Processing file /opt/airflow/dags/json_dag.py for tasks to queue
[2026-09-16T15:24:26.037+0000] {logging_mixin.py:188} INFO - [2026-09-16T15:24:26.036+0000] {dagbag.py:545} INFO - Filling up the DagBag from /opt/airflow/dags/json_dag.py
[2026-09-16T15:24:26.077+0000] {logging_mixin.py:188} INFO - [2026-09-16T15:24:26.071+0000] {dagbag.py:355} ERROR - Failed to import: /opt/airflow/dags/json_dag.py
Traceback (most recent call last):
  File "/home/airflow/.local/lib/python3.10/site-packages/airflow/models/dagbag.py", line 351, in parse
    loader.exec_module(new_module)
  File "<frozen importlib._bootstrap_external>", line 883, in exec_module
  File "<frozen importlib._bootstrap>", line 241, in _call_with_frames_removed
  File "/opt/airflow/dags/json_dag.py", line 9, in <module>
    from src.app import Application
ModuleNotFoundError: No module named 'src'
[2026-09-16T15:24:26.080+0000] {processor.py:842} WARNING - No viable dags retrieved from /opt/airflow/dags/json_dag.py
[2026-09-16T15:24:26.104+0000] {processor.py:183} INFO - Processing /opt/airflow/dags/json_dag.py took 0.078 seconds
[2026-09-16T15:24:56.307+0000] {processor.py:161} INFO - Started process (PID=145) to work on /opt/airflow/dags/json_dag.py
[2026-09-16T15:24:56.308+0000] {processor.py:830} INFO - Processing file /opt/airflow/dags/json_dag.py for tasks to queue
[2026-09-16T15:24:56.310+0000] {logging_mixin.py:188} INFO - [2026-09-16T15:24:56.310+0000] {dagbag.py:545} INFO - Filling up the DagBag from /opt/airflow/dags/json_dag.py
[2026-09-16T15:24:56.333+0000] {logging_mixin.py:188} INFO - [2026-09-16T15:24:56.328+0000] {dagbag.py:355} ERROR - Failed to import: /opt/airflow/dags/json_dag.py
Traceback (most recent call last):
  File "/home/airflow/.local/lib/python3.10/site-packages/airflow/models/dagbag.py", line 351, in parse
    loader.exec_module(new_module)
  File "<frozen importlib._bootstrap_external>", line 883, in exec_module
  File "<frozen importlib._bootstrap>", line 241, in _call_with_frames_removed
  File "/opt/airflow/dags/json_dag.py", line 9, in <module>
    from src.app import Application
ModuleNotFoundError: No module named 'src'
[2026-09-16T15:24:56.334+0000] {processor.py:842} WARNING - No viable dags retrieved from /opt/airflow/dags/json_dag.py
[2026-09-16T15:24:56.357+0000] {processor.py:183} INFO - Processing /opt/airflow/dags/json_dag.py took 0.058 seconds
[2026-09-16T15:25:11.574+0000] {processor.py:161} INFO - Started process (PID=153) to work on /opt/airflow/dags/json_dag.py
[2026-09-16T15:25:11.576+0000] {processor.py:830} INFO - Processing file /opt/airflow/dags/json_dag.py for tasks to queue
[2026-09-16T15:25:11.578+0000] {logging_mixin.py:188} INFO - [2026-09-16T15:25:11.577+0000] {dagbag.py:545} INFO - Filling up the DagBag from /opt/airflow/dags/json_dag.py
[2026-09-16T15:25:11.639+0000] {processor.py:840} INFO - DAG(s) 'json_dag' retrieved from /opt/airflow/dags/json_dag.py
[2026-09-16T15:25:11.880+0000] {logging_mixin.py:188} INFO - [2026-09-16T15:25:11.880+0000] {dag.py:3096} INFO - Sync 1 DAGs
[2026-09-16T15:25:11.892+0000] {logging_mixin.py:188} INFO - [2026-09-16T15:25:11.891+0000] {dag.py:3118} INFO - Creating ORM DAG for json_dag
[2026-09-16T15:25:11.907+0000] {logging_mixin.py:188} INFO - [2026-09-16T15:25:11.906+0000] {dag.py:3954} INFO - Setting next_dagrun for json_dag to 2026-09-15 08:00:00+00:00, run_after=2026-09-16 08:00:00+00:00
[2026-09-16T15:25:11.936+0000] {processor.py:183} INFO - Processing /opt/airflow/dags/json_dag.py took 0.368 seconds
[2026-09-16T15:25:14.001+0000] {processor.py:161} INFO - Started process (PID=154) to work on /opt/airflow/dags/json_dag.py
[2026-09-16T15:25:14.002+0000] {processor.py:830} INFO - Processing file /opt/airflow/dags/json_dag.py for tasks to queue
[2026-09-16T15:25:14.004+0000] {logging_mixin.py:188} INFO - [2026-09-16T15:25:14.004+0000] {dagbag.py:545} INFO - Filling up the DagBag from /opt/airflow/dags/json_dag.py
[2026-09-16T15:25:14.036+0000] {processor.py:840} INFO - DAG(s) 'json_dag' retrieved from /opt/airflow/dags/json_dag.py
[2026-09-16T15:25:14.050+0000] {logging_mixin.py:188} INFO - [2026-09-16T15:25:14.050+0000] {dag.py:3096} INFO - Sync 1 DAGs
[2026-09-16T15:25:14.071+0000] {logging_mixin.py:188} INFO - [2026-09-16T15:25:14.071+0000] {dag.py:3954} INFO - Setting next_dagrun for json_dag to 2026-09-15 08:00:00+00:00, run_after=2026-09-16 08:00:00+00:00
[2026-09-16T15:25:14.106+0000] {processor.py:183} INFO - Processing /opt/airflow/dags/json_dag.py took 0.111 seconds
[2026-09-16T15:25:16.023+0000] {processor.py:161} INFO - Started process (PID=155) to work on /opt/airflow/dags/json_dag.py
[2026-09-16T15:25:16.025+0000] {processor.py:830} INFO - Processing file /opt/airflow/dags/json_dag.py for tasks to queue
[2026-09-16T15:25:16.027+0000] {logging_mixin.py:188} INFO - [2026-09-16T15:25:16.026+0000] {dagbag.py:545} INFO - Filling up the DagBag from /opt/airflow/dags/json_dag.py
[2026-09-16T15:25:16.037+0000] {logging_mixin.py:188} INFO - [2026-09-16T15:25:16.036+0000] {dagbag.py:334} INFO - File /opt/airflow/dags/json_dag.py assumed to contain no DAGs. Skipping.
[2026-09-16T15:25:16.037+0000] {processor.py:842} WARNING - No viable dags retrieved from /opt/airflow/dags/json_dag.py
[2026-09-16T15:25:16.054+0000] {processor.py:183} INFO - Processing /opt/airflow/dags/json_dag.py took 0.037 seconds
[2026-09-16T15:25:18.071+0000] {processor.py:161} INFO - Started process (PID=156) to work on /opt/airflow/dags/json_dag.py
[2026-09-16T15:25:18.073+0000] {processor.py:830} INFO - Processing file /opt/airflow/dags/json_dag.py for tasks to queue
[2026-09-16T15:25:18.079+0000] {logging_mixin.py:188} INFO - [2026-09-16T15:25:18.077+0000] {dagbag.py:545} INFO - Filling up the DagBag from /opt/airflow/dags/json_dag.py
[2026-09-16T15:25:18.134+0000] {processor.py:840} INFO - DAG(s) 'json_dag' retrieved from /opt/airflow/dags/json_dag.py
[2026-09-16T15:25:18.155+0000] {logging_mixin.py:188} INFO - [2026-09-16T15:25:18.155+0000] {dag.py:3096} INFO - Sync 1 DAGs
[2026-09-16T15:25:18.199+0000] {logging_mixin.py:188} INFO - [2026-09-16T15:25:18.199+0000] {dag.py:3954} INFO - Setting next_dagrun for json_dag to 2026-09-15 08:00:00+00:00, run_after=2026-09-16 08:00:00+00:00
[2026-09-16T15:25:18.233+0000] {processor.py:183} INFO - Processing /opt/airflow/dags/json_dag.py took 0.175 seconds
[2026-09-16T15:25:48.486+0000] {processor.py:161} INFO - Started process (PID=165) to work on /opt/airflow/dags/json_dag.py
[2026-09-16T15:25:48.487+0000] {processor.py:830} INFO - Processing file /opt/airflow/dags/json_dag.py for tasks to queue
[2026-09-16T15:25:48.492+0000] {logging_mixin.py:188} INFO - [2026-09-16T15:25:48.491+0000] {dagbag.py:545} INFO - Filling up the DagBag from /opt/airflow/dags/json_dag.py
[2026-09-16T15:25:48.514+0000] {processor.py:840} INFO - DAG(s) 'json_dag' retrieved from /opt/airflow/dags/json_dag.py
[2026-09-16T15:25:48.538+0000] {logging_mixin.py:188} INFO - [2026-09-16T15:25:48.538+0000] {dag.py:3096} INFO - Sync 1 DAGs
[2026-09-16T15:25:48.563+0000] {logging_mixin.py:188} INFO - [2026-09-16T15:25:48.563+0000] {dag.py:3954} INFO - Setting next_dagrun for json_dag to 2026-09-15 08:00:00+00:00, run_after=2026-09-16 08:00:00+00:00
[2026-09-16T15:25:48.588+0000] {processor.py:183} INFO - Processing /opt/airflow/dags/json_dag.py took 0.110 seconds
[2026-09-16T15:26:19.242+0000] {processor.py:161} INFO - Started process (PID=179) to work on /opt/airflow/dags/json_dag.py
[2026-09-16T15:26:19.244+0000] {processor.py:830} INFO - Processing file /opt/airflow/dags/json_dag.py for tasks to queue
[2026-09-16T15:26:19.247+0000] {logging_mixin.py:188} INFO - [2026-09-16T15:26:19.247+0000] {dagbag.py:545} INFO - Filling up the DagBag from /opt/airflow/dags/json_dag.py
[2026-09-16T15:26:19.293+0000] {processor.py:840} INFO - DAG(s) 'json_dag' retrieved from /opt/airflow/dags/json_dag.py
[2026-09-16T15:26:19.334+0000] {logging_mixin.py:188} INFO - [2026-09-16T15:26:19.334+0000] {dag.py:3096} INFO - Sync 1 DAGs
[2026-09-16T15:26:19.372+0000] {logging_mixin.py:188} INFO - [2026-09-16T15:26:19.371+0000] {dag.py:3954} INFO - Setting next_dagrun for json_dag to 2026-09-15 08:00:00+00:00, run_after=2026-09-16 08:00:00+00:00
[2026-09-16T15:26:19.396+0000] {processor.py:183} INFO - Processing /opt/airflow/dags/json_dag.py took 0.163 seconds
[2026-09-16T15:26:49.615+0000] {processor.py:161} INFO - Started process (PID=187) to work on /opt/airflow/dags/json_dag.py
[2026-09-16T15:26:49.616+0000] {processor.py:830} INFO - Processing file /opt/airflow/dags/json_dag.py for tasks to queue
[2026-09-16T15:26:49.618+0000] {logging_mixin.py:188} INFO - [2026-09-16T15:26:49.618+0000] {dagbag.py:545} INFO - Filling up the DagBag from /opt/airflow/dags/json_dag.py
[2026-09-16T15:26:49.644+0000] {processor.py:840} INFO - DAG(s) 'json_dag' retrieved from /opt/airflow/dags/json_dag.py
[2026-09-16T15:26:49.669+0000] {logging_mixin.py:188} INFO - [2026-09-16T15:26:49.669+0000] {dag.py:3096} INFO - Sync 1 DAGs
[2026-09-16T15:26:49.692+0000] {logging_mixin.py:188} INFO - [2026-09-16T15:26:49.692+0000] {dag.py:3954} INFO - Setting next_dagrun for json_dag to 2026-09-15 08:00:00+00:00, run_after=2026-09-16 08:00:00+00:00
[2026-09-16T15:26:49.713+0000] {processor.py:183} INFO - Processing /opt/airflow/dags/json_dag.py took 0.104 seconds
[2026-09-16T15:27:20.058+0000] {processor.py:161} INFO - Started process (PID=195) to work on /opt/airflow/dags/json_dag.py
[2026-09-16T15:27:20.060+0000] {processor.py:830} INFO - Processing file /opt/airflow/dags/json_dag.py for tasks to queue
[2026-09-16T15:27:20.064+0000] {logging_mixin.py:188} INFO - [2026-09-16T15:27:20.063+0000] {dagbag.py:545} INFO - Filling up the DagBag from /opt/airflow/dags/json_dag.py
[2026-09-16T15:27:20.087+0000] {processor.py:840} INFO - DAG(s) 'json_dag' retrieved from /opt/airflow/dags/json_dag.py
[2026-09-16T15:27:20.116+0000] {logging_mixin.py:188} INFO - [2026-09-16T15:27:20.115+0000] {dag.py:3096} INFO - Sync 1 DAGs
[2026-09-16T15:27:20.136+0000] {logging_mixin.py:188} INFO - [2026-09-16T15:27:20.136+0000] {dag.py:3954} INFO - Setting next_dagrun for json_dag to 2026-09-15 08:00:00+00:00, run_after=2026-09-16 08:00:00+00:00
[2026-09-16T15:27:20.156+0000] {processor.py:183} INFO - Processing /opt/airflow/dags/json_dag.py took 0.105 seconds
[2026-09-16T15:27:34.259+0000] {processor.py:161} INFO - Started process (PID=202) to work on /opt/airflow/dags/json_dag.py
[2026-09-16T15:27:34.260+0000] {processor.py:830} INFO - Processing file /opt/airflow/dags/json_dag.py for tasks to queue
[2026-09-16T15:27:34.262+0000] {logging_mixin.py:188} INFO - [2026-09-16T15:27:34.262+0000] {dagbag.py:545} INFO - Filling up the DagBag from /opt/airflow/dags/json_dag.py
[2026-09-16T15:27:34.299+0000] {logging_mixin.py:188} INFO - [2026-09-16T15:27:34.293+0000] {dagbag.py:355} ERROR - Failed to import: /opt/airflow/dags/json_dag.py
Traceback (most recent call last):
  File "/home/airflow/.local/lib/python3.10/site-packages/airflow/models/dagbag.py", line 351, in parse
    loader.exec_module(new_module)
  File "<frozen importlib._bootstrap_external>", line 883, in exec_module
  File "<frozen importlib._bootstrap>", line 241, in _call_with_frames_removed
  File "/opt/airflow/dags/json_dag.py", line 9, in <module>
    from src.app import Application
ModuleNotFoundError: No module named 'src'
[2026-09-16T15:27:34.301+0000] {processor.py:842} WARNING - No viable dags retrieved from /opt/airflow/dags/json_dag.py
[2026-09-16T15:27:34.331+0000] {processor.py:183} INFO - Processing /opt/airflow/dags/json_dag.py took 0.079 seconds
[2026-09-16T15:27:37.348+0000] {processor.py:161} INFO - Started process (PID=203) to work on /opt/airflow/dags/json_dag.py
[2026-09-16T15:27:37.349+0000] {processor.py:830} INFO - Processing file /opt/airflow/dags/json_dag.py for tasks to queue
[2026-09-16T15:27:37.351+0000] {logging_mixin.py:188} INFO - [2026-09-16T15:27:37.351+0000] {dagbag.py:545} INFO - Filling up the DagBag from /opt/airflow/dags/json_dag.py
[2026-09-16T15:27:37.383+0000] {logging_mixin.py:188} INFO - [2026-09-16T15:27:37.380+0000] {dagbag.py:355} ERROR - Failed to import: /opt/airflow/dags/json_dag.py
Traceback (most recent call last):
  File "/home/airflow/.local/lib/python3.10/site-packages/airflow/models/dagbag.py", line 351, in parse
    loader.exec_module(new_module)
  File "<frozen importlib._bootstrap_external>", line 883, in exec_module
  File "<frozen importlib._bootstrap>", line 241, in _call_with_frames_removed
  File "/opt/airflow/dags/json_dag.py", line 9, in <module>
    from src.app import Application
ModuleNotFoundError: No module named 'src'
[2026-09-16T15:27:37.384+0000] {processor.py:842} WARNING - No viable dags retrieved from /opt/airflow/dags/json_dag.py
[2026-09-16T15:27:37.405+0000] {processor.py:183} INFO - Processing /opt/airflow/dags/json_dag.py took 0.063 seconds
[2026-09-16T15:27:39.437+0000] {processor.py:161} INFO - Started process (PID=204) to work on /opt/airflow/dags/json_dag.py
[2026-09-16T15:27:39.439+0000] {processor.py:830} INFO - Processing file /opt/airflow/dags/json_dag.py for tasks to queue
[2026-09-16T15:27:39.444+0000] {logging_mixin.py:188} INFO - [2026-09-16T15:27:39.443+0000] {dagbag.py:545} INFO - Filling up the DagBag from /opt/airflow/dags/json_dag.py
[2026-09-16T15:27:39.505+0000] {logging_mixin.py:188} INFO - [2026-09-16T15:27:39.500+0000] {dagbag.py:355} ERROR - Failed to import: /opt/airflow/dags/json_dag.py
Traceback (most recent call last):
  File "/home/airflow/.local/lib/python3.10/site-packages/airflow/models/dagbag.py", line 351, in parse
    loader.exec_module(new_module)
  File "<frozen importlib._bootstrap_external>", line 883, in exec_module
  File "<frozen importlib._bootstrap>", line 241, in _call_with_frames_removed
  File "/opt/airflow/dags/json_dag.py", line 9, in <module>
    from src.app import Application
ModuleNotFoundError: No module named 'src'
[2026-09-16T15:27:39.507+0000] {processor.py:842} WARNING - No viable dags retrieved from /opt/airflow/dags/json_dag.py
[2026-09-16T15:27:39.537+0000] {processor.py:183} INFO - Processing /opt/airflow/dags/json_dag.py took 0.113 seconds
[2026-09-16T15:27:54.756+0000] {processor.py:161} INFO - Started process (PID=206) to work on /opt/airflow/dags/json_dag.py
[2026-09-16T15:27:54.757+0000] {processor.py:830} INFO - Processing file /opt/airflow/dags/json_dag.py for tasks to queue
[2026-09-16T15:27:54.760+0000] {logging_mixin.py:188} INFO - [2026-09-16T15:27:54.760+0000] {dagbag.py:545} INFO - Filling up the DagBag from /opt/airflow/dags/json_dag.py
[2026-09-16T15:27:54.806+0000] {logging_mixin.py:188} INFO - [2026-09-16T15:27:54.801+0000] {dagbag.py:355} ERROR - Failed to import: /opt/airflow/dags/json_dag.py
Traceback (most recent call last):
  File "/home/airflow/.local/lib/python3.10/site-packages/airflow/models/dagbag.py", line 351, in parse
    loader.exec_module(new_module)
  File "<frozen importlib._bootstrap_external>", line 883, in exec_module
  File "<frozen importlib._bootstrap>", line 241, in _call_with_frames_removed
  File "/opt/airflow/dags/json_dag.py", line 4, in <module>
    from src.database import create_tables
ModuleNotFoundError: No module named 'src'
[2026-09-16T15:27:54.807+0000] {processor.py:842} WARNING - No viable dags retrieved from /opt/airflow/dags/json_dag.py
[2026-09-16T15:27:54.833+0000] {processor.py:183} INFO - Processing /opt/airflow/dags/json_dag.py took 0.086 seconds
[2026-09-16T15:28:25.092+0000] {processor.py:161} INFO - Started process (PID=214) to work on /opt/airflow/dags/json_dag.py
[2026-09-16T15:28:25.094+0000] {processor.py:830} INFO - Processing file /opt/airflow/dags/json_dag.py for tasks to queue
[2026-09-16T15:28:25.096+0000] {logging_mixin.py:188} INFO - [2026-09-16T15:28:25.095+0000] {dagbag.py:545} INFO - Filling up the DagBag from /opt/airflow/dags/json_dag.py
[2026-09-16T15:28:25.129+0000] {logging_mixin.py:188} INFO - [2026-09-16T15:28:25.125+0000] {dagbag.py:355} ERROR - Failed to import: /opt/airflow/dags/json_dag.py
Traceback (most recent call last):
  File "/home/airflow/.local/lib/python3.10/site-packages/airflow/models/dagbag.py", line 351, in parse
    loader.exec_module(new_module)
  File "<frozen importlib._bootstrap_external>", line 883, in exec_module
  File "<frozen importlib._bootstrap>", line 241, in _call_with_frames_removed
  File "/opt/airflow/dags/json_dag.py", line 4, in <module>
    from src.database import create_tables
ModuleNotFoundError: No module named 'src'
[2026-09-16T15:28:25.131+0000] {processor.py:842} WARNING - No viable dags retrieved from /opt/airflow/dags/json_dag.py
[2026-09-16T15:28:25.156+0000] {processor.py:183} INFO - Processing /opt/airflow/dags/json_dag.py took 0.071 seconds
[2026-09-16T15:28:55.520+0000] {processor.py:161} INFO - Started process (PID=222) to work on /opt/airflow/dags/json_dag.py
[2026-09-16T15:28:55.522+0000] {processor.py:830} INFO - Processing file /opt/airflow/dags/json_dag.py for tasks to queue
[2026-09-16T15:28:55.523+0000] {logging_mixin.py:188} INFO - [2026-09-16T15:28:55.523+0000] {dagbag.py:545} INFO - Filling up the DagBag from /opt/airflow/dags/json_dag.py
[2026-09-16T15:28:55.549+0000] {logging_mixin.py:188} INFO - [2026-09-16T15:28:55.542+0000] {dagbag.py:355} ERROR - Failed to import: /opt/airflow/dags/json_dag.py
Traceback (most recent call last):
  File "/home/airflow/.local/lib/python3.10/site-packages/airflow/models/dagbag.py", line 351, in parse
    loader.exec_module(new_module)
  File "<frozen importlib._bootstrap_external>", line 883, in exec_module
  File "<frozen importlib._bootstrap>", line 241, in _call_with_frames_removed
  File "/opt/airflow/dags/json_dag.py", line 4, in <module>
    from src.database import create_tables
ModuleNotFoundError: No module named 'src'
[2026-09-16T15:28:55.551+0000] {processor.py:842} WARNING - No viable dags retrieved from /opt/airflow/dags/json_dag.py
[2026-09-16T15:28:55.576+0000] {processor.py:183} INFO - Processing /opt/airflow/dags/json_dag.py took 0.063 seconds
[2026-09-16T15:28:59.658+0000] {processor.py:161} INFO - Started process (PID=229) to work on /opt/airflow/dags/json_dag.py
[2026-09-16T15:28:59.660+0000] {processor.py:830} INFO - Processing file /opt/airflow/dags/json_dag.py for tasks to queue
[2026-09-16T15:28:59.662+0000] {logging_mixin.py:188} INFO - [2026-09-16T15:28:59.661+0000] {dagbag.py:545} INFO - Filling up the DagBag from /opt/airflow/dags/json_dag.py
[2026-09-16T15:28:59.704+0000] {logging_mixin.py:188} INFO - [2026-09-16T15:28:59.699+0000] {dagbag.py:355} ERROR - Failed to import: /opt/airflow/dags/json_dag.py
Traceback (most recent call last):
  File "/home/airflow/.local/lib/python3.10/site-packages/airflow/models/dagbag.py", line 351, in parse
    loader.exec_module(new_module)
  File "<frozen importlib._bootstrap_external>", line 883, in exec_module
  File "<frozen importlib._bootstrap>", line 241, in _call_with_frames_removed
  File "/opt/airflow/dags/json_dag.py", line 4, in <module>
    from src.database import create_tables
ModuleNotFoundError: No module named 'src'
[2026-09-16T15:28:59.706+0000] {processor.py:842} WARNING - No viable dags retrieved from /opt/airflow/dags/json_dag.py
[2026-09-16T15:28:59.729+0000] {processor.py:183} INFO - Processing /opt/airflow/dags/json_dag.py took 0.084 seconds
[2026-09-16T15:29:30.017+0000] {processor.py:161} INFO - Started process (PID=237) to work on /opt/airflow/dags/json_dag.py
[2026-09-16T15:29:30.019+0000] {processor.py:830} INFO - Processing file /opt/airflow/dags/json_dag.py for tasks to queue
[2026-09-16T15:29:30.020+0000] {logging_mixin.py:188} INFO - [2026-09-16T15:29:30.019+0000] {dagbag.py:545} INFO - Filling up the DagBag from /opt/airflow/dags/json_dag.py
[2026-09-16T15:29:30.043+0000] {logging_mixin.py:188} INFO - [2026-09-16T15:29:30.038+0000] {dagbag.py:355} ERROR - Failed to import: /opt/airflow/dags/json_dag.py
Traceback (most recent call last):
  File "/home/airflow/.local/lib/python3.10/site-packages/airflow/models/dagbag.py", line 351, in parse
    loader.exec_module(new_module)
  File "<frozen importlib._bootstrap_external>", line 883, in exec_module
  File "<frozen importlib._bootstrap>", line 241, in _call_with_frames_removed
  File "/opt/airflow/dags/json_dag.py", line 4, in <module>
    from src.database import create_tables
ModuleNotFoundError: No module named 'src'
[2026-09-16T15:29:30.044+0000] {processor.py:842} WARNING - No viable dags retrieved from /opt/airflow/dags/json_dag.py
[2026-09-16T15:29:30.067+0000] {processor.py:183} INFO - Processing /opt/airflow/dags/json_dag.py took 0.057 seconds
[2026-09-16T15:30:36.646+0000] {processor.py:161} INFO - Started process (PID=61) to work on /opt/airflow/dags/json_dag.py
[2026-09-16T15:30:36.649+0000] {processor.py:830} INFO - Processing file /opt/airflow/dags/json_dag.py for tasks to queue
[2026-09-16T15:30:36.653+0000] {logging_mixin.py:188} INFO - [2026-09-16T15:30:36.652+0000] {dagbag.py:545} INFO - Filling up the DagBag from /opt/airflow/dags/json_dag.py
[2026-09-16T15:30:39.263+0000] {logging_mixin.py:188} INFO - [2026-09-16T15:30:39.250+0000] {dagbag.py:355} ERROR - Failed to import: /opt/airflow/dags/json_dag.py
Traceback (most recent call last):
  File "/home/airflow/.local/lib/python3.10/site-packages/airflow/models/dagbag.py", line 351, in parse
    loader.exec_module(new_module)
  File "<frozen importlib._bootstrap_external>", line 883, in exec_module
  File "<frozen importlib._bootstrap>", line 241, in _call_with_frames_removed
  File "/opt/airflow/dags/json_dag.py", line 9, in <module>
    from src.app import Application
  File "/opt/airflow/src/app.py", line 11, in <module>
    class Application:
  File "/opt/airflow/src/app.py", line 13, in Application
    def __init__(self,username, config: md.Confi):
AttributeError: module 'src.models' has no attribute 'Confi'
[2026-09-16T15:30:39.265+0000] {processor.py:842} WARNING - No viable dags retrieved from /opt/airflow/dags/json_dag.py
[2026-09-16T15:30:39.293+0000] {processor.py:183} INFO - Processing /opt/airflow/dags/json_dag.py took 2.667 seconds
[2026-09-16T15:31:09.657+0000] {processor.py:161} INFO - Started process (PID=77) to work on /opt/airflow/dags/json_dag.py
[2026-09-16T15:31:09.659+0000] {processor.py:830} INFO - Processing file /opt/airflow/dags/json_dag.py for tasks to queue
[2026-09-16T15:31:09.664+0000] {logging_mixin.py:188} INFO - [2026-09-16T15:31:09.663+0000] {dagbag.py:545} INFO - Filling up the DagBag from /opt/airflow/dags/json_dag.py
[2026-09-16T15:31:10.267+0000] {logging_mixin.py:188} INFO - [2026-09-16T15:31:10.257+0000] {dagbag.py:355} ERROR - Failed to import: /opt/airflow/dags/json_dag.py
Traceback (most recent call last):
  File "/home/airflow/.local/lib/python3.10/site-packages/airflow/models/dagbag.py", line 351, in parse
    loader.exec_module(new_module)
  File "<frozen importlib._bootstrap_external>", line 883, in exec_module
  File "<frozen importlib._bootstrap>", line 241, in _call_with_frames_removed
  File "/opt/airflow/dags/json_dag.py", line 9, in <module>
    from src.app import Application
  File "/opt/airflow/src/app.py", line 11, in <module>
    class Application:
  File "/opt/airflow/src/app.py", line 13, in Application
    def __init__(self,username, config: md.Confi):
AttributeError: module 'src.models' has no attribute 'Confi'
[2026-09-16T15:31:10.269+0000] {processor.py:842} WARNING - No viable dags retrieved from /opt/airflow/dags/json_dag.py
[2026-09-16T15:31:10.293+0000] {processor.py:183} INFO - Processing /opt/airflow/dags/json_dag.py took 0.648 seconds
[2026-09-16T15:31:41.086+0000] {processor.py:161} INFO - Started process (PID=86) to work on /opt/airflow/dags/json_dag.py
[2026-09-16T15:31:41.088+0000] {processor.py:830} INFO - Processing file /opt/airflow/dags/json_dag.py for tasks to queue
[2026-09-16T15:31:41.091+0000] {logging_mixin.py:188} INFO - [2026-09-16T15:31:41.091+0000] {dagbag.py:545} INFO - Filling up the DagBag from /opt/airflow/dags/json_dag.py
[2026-09-16T15:31:41.606+0000] {logging_mixin.py:188} INFO - [2026-09-16T15:31:41.598+0000] {dagbag.py:355} ERROR - Failed to import: /opt/airflow/dags/json_dag.py
Traceback (most recent call last):
  File "/home/airflow/.local/lib/python3.10/site-packages/airflow/models/dagbag.py", line 351, in parse
    loader.exec_module(new_module)
  File "<frozen importlib._bootstrap_external>", line 883, in exec_module
  File "<frozen importlib._bootstrap>", line 241, in _call_with_frames_removed
  File "/opt/airflow/dags/json_dag.py", line 9, in <module>
    from src.app import Application
  File "/opt/airflow/src/app.py", line 11, in <module>
    class Application:
  File "/opt/airflow/src/app.py", line 13, in Application
    def __init__(self,username, config: md.Confi):
AttributeError: module 'src.models' has no attribute 'Confi'
[2026-09-16T15:31:41.608+0000] {processor.py:842} WARNING - No viable dags retrieved from /opt/airflow/dags/json_dag.py
[2026-09-16T15:31:41.630+0000] {processor.py:183} INFO - Processing /opt/airflow/dags/json_dag.py took 0.555 seconds
[2026-09-16T15:32:11.728+0000] {processor.py:161} INFO - Started process (PID=95) to work on /opt/airflow/dags/json_dag.py
[2026-09-16T15:32:11.730+0000] {processor.py:830} INFO - Processing file /opt/airflow/dags/json_dag.py for tasks to queue
[2026-09-16T15:32:11.731+0000] {logging_mixin.py:188} INFO - [2026-09-16T15:32:11.731+0000] {dagbag.py:545} INFO - Filling up the DagBag from /opt/airflow/dags/json_dag.py
[2026-09-16T15:32:12.205+0000] {logging_mixin.py:188} INFO - [2026-09-16T15:32:12.197+0000] {dagbag.py:355} ERROR - Failed to import: /opt/airflow/dags/json_dag.py
Traceback (most recent call last):
  File "/home/airflow/.local/lib/python3.10/site-packages/airflow/models/dagbag.py", line 351, in parse
    loader.exec_module(new_module)
  File "<frozen importlib._bootstrap_external>", line 883, in exec_module
  File "<frozen importlib._bootstrap>", line 241, in _call_with_frames_removed
  File "/opt/airflow/dags/json_dag.py", line 9, in <module>
    from src.app import Application
  File "/opt/airflow/src/app.py", line 11, in <module>
    class Application:
  File "/opt/airflow/src/app.py", line 13, in Application
    def __init__(self,username, config: md.Confi):
AttributeError: module 'src.models' has no attribute 'Confi'
[2026-09-16T15:32:12.207+0000] {processor.py:842} WARNING - No viable dags retrieved from /opt/airflow/dags/json_dag.py
[2026-09-16T15:32:12.231+0000] {processor.py:183} INFO - Processing /opt/airflow/dags/json_dag.py took 0.510 seconds
[2026-09-16T15:32:43.023+0000] {processor.py:161} INFO - Started process (PID=104) to work on /opt/airflow/dags/json_dag.py
[2026-09-16T15:32:43.024+0000] {processor.py:830} INFO - Processing file /opt/airflow/dags/json_dag.py for tasks to queue
[2026-09-16T15:32:43.027+0000] {logging_mixin.py:188} INFO - [2026-09-16T15:32:43.027+0000] {dagbag.py:545} INFO - Filling up the DagBag from /opt/airflow/dags/json_dag.py
[2026-09-16T15:32:43.446+0000] {logging_mixin.py:188} INFO - [2026-09-16T15:32:43.435+0000] {dagbag.py:355} ERROR - Failed to import: /opt/airflow/dags/json_dag.py
Traceback (most recent call last):
  File "/home/airflow/.local/lib/python3.10/site-packages/airflow/models/dagbag.py", line 351, in parse
    loader.exec_module(new_module)
  File "<frozen importlib._bootstrap_external>", line 883, in exec_module
  File "<frozen importlib._bootstrap>", line 241, in _call_with_frames_removed
  File "/opt/airflow/dags/json_dag.py", line 9, in <module>
    from src.app import Application
  File "/opt/airflow/src/app.py", line 11, in <module>
    class Application:
  File "/opt/airflow/src/app.py", line 13, in Application
    def __init__(self,username, config: md.Confi):
AttributeError: module 'src.models' has no attribute 'Confi'
[2026-09-16T15:32:43.448+0000] {processor.py:842} WARNING - No viable dags retrieved from /opt/airflow/dags/json_dag.py
[2026-09-16T15:32:43.472+0000] {processor.py:183} INFO - Processing /opt/airflow/dags/json_dag.py took 0.456 seconds
[2026-09-16T15:33:13.836+0000] {processor.py:161} INFO - Started process (PID=113) to work on /opt/airflow/dags/json_dag.py
[2026-09-16T15:33:13.839+0000] {processor.py:830} INFO - Processing file /opt/airflow/dags/json_dag.py for tasks to queue
[2026-09-16T15:33:13.845+0000] {logging_mixin.py:188} INFO - [2026-09-16T15:33:13.844+0000] {dagbag.py:545} INFO - Filling up the DagBag from /opt/airflow/dags/json_dag.py
[2026-09-16T15:33:14.673+0000] {processor.py:840} INFO - DAG(s) 'json_dag' retrieved from /opt/airflow/dags/json_dag.py
[2026-09-16T15:33:15.016+0000] {logging_mixin.py:188} INFO - [2026-09-16T15:33:15.011+0000] {dag.py:3096} INFO - Sync 1 DAGs
[2026-09-16T15:33:15.076+0000] {logging_mixin.py:188} INFO - [2026-09-16T15:33:15.075+0000] {dag.py:3954} INFO - Setting next_dagrun for json_dag to 2026-09-15 08:00:00+00:00, run_after=2026-09-16 08:00:00+00:00
[2026-09-16T15:33:15.127+0000] {processor.py:183} INFO - Processing /opt/airflow/dags/json_dag.py took 1.321 seconds
[2026-09-16T15:33:45.970+0000] {processor.py:161} INFO - Started process (PID=122) to work on /opt/airflow/dags/json_dag.py
[2026-09-16T15:33:45.972+0000] {processor.py:830} INFO - Processing file /opt/airflow/dags/json_dag.py for tasks to queue
[2026-09-16T15:33:45.974+0000] {logging_mixin.py:188} INFO - [2026-09-16T15:33:45.974+0000] {dagbag.py:545} INFO - Filling up the DagBag from /opt/airflow/dags/json_dag.py
[2026-09-16T15:33:46.571+0000] {processor.py:840} INFO - DAG(s) 'json_dag' retrieved from /opt/airflow/dags/json_dag.py
[2026-09-16T15:33:46.598+0000] {logging_mixin.py:188} INFO - [2026-09-16T15:33:46.597+0000] {dag.py:3096} INFO - Sync 1 DAGs
[2026-09-16T15:33:46.620+0000] {logging_mixin.py:188} INFO - [2026-09-16T15:33:46.620+0000] {dag.py:3954} INFO - Setting next_dagrun for json_dag to 2026-09-15 08:00:00+00:00, run_after=2026-09-16 08:00:00+00:00
[2026-09-16T15:33:46.648+0000] {processor.py:183} INFO - Processing /opt/airflow/dags/json_dag.py took 0.687 seconds
[2026-09-16T15:34:17.338+0000] {processor.py:161} INFO - Started process (PID=131) to work on /opt/airflow/dags/json_dag.py
[2026-09-16T15:34:17.342+0000] {processor.py:830} INFO - Processing file /opt/airflow/dags/json_dag.py for tasks to queue
[2026-09-16T15:34:17.346+0000] {logging_mixin.py:188} INFO - [2026-09-16T15:34:17.345+0000] {dagbag.py:545} INFO - Filling up the DagBag from /opt/airflow/dags/json_dag.py
[2026-09-16T15:34:18.192+0000] {processor.py:840} INFO - DAG(s) 'json_dag' retrieved from /opt/airflow/dags/json_dag.py
[2026-09-16T15:34:18.225+0000] {logging_mixin.py:188} INFO - [2026-09-16T15:34:18.224+0000] {dag.py:3096} INFO - Sync 1 DAGs
[2026-09-16T15:34:18.267+0000] {logging_mixin.py:188} INFO - [2026-09-16T15:34:18.266+0000] {dag.py:3954} INFO - Setting next_dagrun for json_dag to 2026-09-15 08:00:00+00:00, run_after=2026-09-16 08:00:00+00:00
[2026-09-16T15:34:18.301+0000] {processor.py:183} INFO - Processing /opt/airflow/dags/json_dag.py took 0.978 seconds
[2026-09-16T15:34:48.797+0000] {processor.py:161} INFO - Started process (PID=140) to work on /opt/airflow/dags/json_dag.py
[2026-09-16T15:34:48.799+0000] {processor.py:830} INFO - Processing file /opt/airflow/dags/json_dag.py for tasks to queue
[2026-09-16T15:34:48.801+0000] {logging_mixin.py:188} INFO - [2026-09-16T15:34:48.800+0000] {dagbag.py:545} INFO - Filling up the DagBag from /opt/airflow/dags/json_dag.py
[2026-09-16T15:34:49.186+0000] {processor.py:840} INFO - DAG(s) 'json_dag' retrieved from /opt/airflow/dags/json_dag.py
[2026-09-16T15:34:49.209+0000] {logging_mixin.py:188} INFO - [2026-09-16T15:34:49.209+0000] {dag.py:3096} INFO - Sync 1 DAGs
[2026-09-16T15:34:49.228+0000] {logging_mixin.py:188} INFO - [2026-09-16T15:34:49.227+0000] {dag.py:3954} INFO - Setting next_dagrun for json_dag to 2026-09-15 08:00:00+00:00, run_after=2026-09-16 08:00:00+00:00
[2026-09-16T15:34:49.249+0000] {processor.py:183} INFO - Processing /opt/airflow/dags/json_dag.py took 0.459 seconds
[2026-09-16T15:35:20.205+0000] {processor.py:161} INFO - Started process (PID=149) to work on /opt/airflow/dags/json_dag.py
[2026-09-16T15:35:20.207+0000] {processor.py:830} INFO - Processing file /opt/airflow/dags/json_dag.py for tasks to queue
[2026-09-16T15:35:20.209+0000] {logging_mixin.py:188} INFO - [2026-09-16T15:35:20.209+0000] {dagbag.py:545} INFO - Filling up the DagBag from /opt/airflow/dags/json_dag.py
[2026-09-16T15:35:20.742+0000] {processor.py:840} INFO - DAG(s) 'json_dag' retrieved from /opt/airflow/dags/json_dag.py
[2026-09-16T15:35:20.768+0000] {logging_mixin.py:188} INFO - [2026-09-16T15:35:20.767+0000] {dag.py:3096} INFO - Sync 1 DAGs
[2026-09-16T15:35:20.791+0000] {logging_mixin.py:188} INFO - [2026-09-16T15:35:20.791+0000] {dag.py:3954} INFO - Setting next_dagrun for json_dag to 2026-09-16 08:00:00+00:00, run_after=2026-09-17 08:00:00+00:00
[2026-09-16T15:35:20.818+0000] {processor.py:183} INFO - Processing /opt/airflow/dags/json_dag.py took 0.620 seconds
[2026-09-16T15:35:51.651+0000] {processor.py:161} INFO - Started process (PID=158) to work on /opt/airflow/dags/json_dag.py
[2026-09-16T15:35:51.653+0000] {processor.py:830} INFO - Processing file /opt/airflow/dags/json_dag.py for tasks to queue
[2026-09-16T15:35:51.655+0000] {logging_mixin.py:188} INFO - [2026-09-16T15:35:51.655+0000] {dagbag.py:545} INFO - Filling up the DagBag from /opt/airflow/dags/json_dag.py
[2026-09-16T15:35:52.061+0000] {processor.py:840} INFO - DAG(s) 'json_dag' retrieved from /opt/airflow/dags/json_dag.py
[2026-09-16T15:35:52.090+0000] {logging_mixin.py:188} INFO - [2026-09-16T15:35:52.090+0000] {dag.py:3096} INFO - Sync 1 DAGs
[2026-09-16T15:35:52.116+0000] {logging_mixin.py:188} INFO - [2026-09-16T15:35:52.115+0000] {dag.py:3954} INFO - Setting next_dagrun for json_dag to 2026-09-16 08:00:00+00:00, run_after=2026-09-17 08:00:00+00:00
[2026-09-16T15:35:52.136+0000] {processor.py:183} INFO - Processing /opt/airflow/dags/json_dag.py took 0.493 seconds
[2026-09-16T15:36:11.943+0000] {processor.py:161} INFO - Started process (PID=166) to work on /opt/airflow/dags/json_dag.py
[2026-09-16T15:36:11.944+0000] {processor.py:830} INFO - Processing file /opt/airflow/dags/json_dag.py for tasks to queue
[2026-09-16T15:36:11.947+0000] {logging_mixin.py:188} INFO - [2026-09-16T15:36:11.947+0000] {dagbag.py:545} INFO - Filling up the DagBag from /opt/airflow/dags/json_dag.py
[2026-09-16T15:36:12.504+0000] {processor.py:840} INFO - DAG(s) 'json_dag' retrieved from /opt/airflow/dags/json_dag.py
[2026-09-16T15:36:12.814+0000] {logging_mixin.py:188} INFO - [2026-09-16T15:36:12.814+0000] {dag.py:3096} INFO - Sync 1 DAGs
[2026-09-16T15:36:12.840+0000] {logging_mixin.py:188} INFO - [2026-09-16T15:36:12.839+0000] {dag.py:3954} INFO - Setting next_dagrun for json_dag to 2026-09-16 14:01:00+00:00, run_after=2026-09-16 15:01:00+00:00
[2026-09-16T15:36:12.873+0000] {processor.py:183} INFO - Processing /opt/airflow/dags/json_dag.py took 0.939 seconds
[2026-09-16T15:36:43.219+0000] {processor.py:161} INFO - Started process (PID=176) to work on /opt/airflow/dags/json_dag.py
[2026-09-16T15:36:43.220+0000] {processor.py:830} INFO - Processing file /opt/airflow/dags/json_dag.py for tasks to queue
[2026-09-16T15:36:43.222+0000] {logging_mixin.py:188} INFO - [2026-09-16T15:36:43.222+0000] {dagbag.py:545} INFO - Filling up the DagBag from /opt/airflow/dags/json_dag.py
[2026-09-16T15:36:43.650+0000] {processor.py:840} INFO - DAG(s) 'json_dag' retrieved from /opt/airflow/dags/json_dag.py
[2026-09-16T15:36:43.672+0000] {logging_mixin.py:188} INFO - [2026-09-16T15:36:43.672+0000] {dag.py:3096} INFO - Sync 1 DAGs
[2026-09-16T15:36:43.691+0000] {logging_mixin.py:188} INFO - [2026-09-16T15:36:43.691+0000] {dag.py:3954} INFO - Setting next_dagrun for json_dag to 2026-09-16 15:01:00+00:00, run_after=2026-09-16 16:01:00+00:00
[2026-09-16T15:36:43.713+0000] {processor.py:183} INFO - Processing /opt/airflow/dags/json_dag.py took 0.500 seconds
[2026-09-16T15:37:13.924+0000] {processor.py:161} INFO - Started process (PID=185) to work on /opt/airflow/dags/json_dag.py
[2026-09-16T15:37:13.928+0000] {processor.py:830} INFO - Processing file /opt/airflow/dags/json_dag.py for tasks to queue
[2026-09-16T15:37:13.932+0000] {logging_mixin.py:188} INFO - [2026-09-16T15:37:13.932+0000] {dagbag.py:545} INFO - Filling up the DagBag from /opt/airflow/dags/json_dag.py
[2026-09-16T15:37:14.506+0000] {processor.py:840} INFO - DAG(s) 'json_dag' retrieved from /opt/airflow/dags/json_dag.py
[2026-09-16T15:37:14.530+0000] {logging_mixin.py:188} INFO - [2026-09-16T15:37:14.529+0000] {dag.py:3096} INFO - Sync 1 DAGs
[2026-09-16T15:37:14.552+0000] {logging_mixin.py:188} INFO - [2026-09-16T15:37:14.552+0000] {dag.py:3954} INFO - Setting next_dagrun for json_dag to 2026-09-16 15:01:00+00:00, run_after=2026-09-16 16:01:00+00:00
[2026-09-16T15:37:14.573+0000] {processor.py:183} INFO - Processing /opt/airflow/dags/json_dag.py took 0.662 seconds
[2026-09-16T15:37:45.274+0000] {processor.py:161} INFO - Started process (PID=194) to work on /opt/airflow/dags/json_dag.py
[2026-09-16T15:37:45.275+0000] {processor.py:830} INFO - Processing file /opt/airflow/dags/json_dag.py for tasks to queue
[2026-09-16T15:37:45.278+0000] {logging_mixin.py:188} INFO - [2026-09-16T15:37:45.277+0000] {dagbag.py:545} INFO - Filling up the DagBag from /opt/airflow/dags/json_dag.py
[2026-09-16T15:37:45.736+0000] {processor.py:840} INFO - DAG(s) 'json_dag' retrieved from /opt/airflow/dags/json_dag.py
[2026-09-16T15:37:45.760+0000] {logging_mixin.py:188} INFO - [2026-09-16T15:37:45.760+0000] {dag.py:3096} INFO - Sync 1 DAGs
[2026-09-16T15:37:45.785+0000] {logging_mixin.py:188} INFO - [2026-09-16T15:37:45.785+0000] {dag.py:3954} INFO - Setting next_dagrun for json_dag to 2026-09-16 15:01:00+00:00, run_after=2026-09-16 16:01:00+00:00
[2026-09-16T15:37:45.805+0000] {processor.py:183} INFO - Processing /opt/airflow/dags/json_dag.py took 0.539 seconds
[2026-09-16T15:38:16.660+0000] {processor.py:161} INFO - Started process (PID=203) to work on /opt/airflow/dags/json_dag.py
[2026-09-16T15:38:16.661+0000] {processor.py:830} INFO - Processing file /opt/airflow/dags/json_dag.py for tasks to queue
[2026-09-16T15:38:16.665+0000] {logging_mixin.py:188} INFO - [2026-09-16T15:38:16.664+0000] {dagbag.py:545} INFO - Filling up the DagBag from /opt/airflow/dags/json_dag.py
[2026-09-16T15:38:17.162+0000] {processor.py:840} INFO - DAG(s) 'json_dag' retrieved from /opt/airflow/dags/json_dag.py
[2026-09-16T15:38:17.194+0000] {logging_mixin.py:188} INFO - [2026-09-16T15:38:17.194+0000] {dag.py:3096} INFO - Sync 1 DAGs
[2026-09-16T15:38:17.226+0000] {logging_mixin.py:188} INFO - [2026-09-16T15:38:17.225+0000] {dag.py:3954} INFO - Setting next_dagrun for json_dag to 2026-09-16 15:01:00+00:00, run_after=2026-09-16 16:01:00+00:00
[2026-09-16T15:38:17.248+0000] {processor.py:183} INFO - Processing /opt/airflow/dags/json_dag.py took 0.595 seconds
[2026-09-16T15:38:47.398+0000] {processor.py:161} INFO - Started process (PID=212) to work on /opt/airflow/dags/json_dag.py
[2026-09-16T15:38:47.399+0000] {processor.py:830} INFO - Processing file /opt/airflow/dags/json_dag.py for tasks to queue
[2026-09-16T15:38:47.402+0000] {logging_mixin.py:188} INFO - [2026-09-16T15:38:47.402+0000] {dagbag.py:545} INFO - Filling up the DagBag from /opt/airflow/dags/json_dag.py
[2026-09-16T15:38:47.847+0000] {processor.py:840} INFO - DAG(s) 'json_dag' retrieved from /opt/airflow/dags/json_dag.py
[2026-09-16T15:38:47.870+0000] {logging_mixin.py:188} INFO - [2026-09-16T15:38:47.870+0000] {dag.py:3096} INFO - Sync 1 DAGs
[2026-09-16T15:38:47.902+0000] {logging_mixin.py:188} INFO - [2026-09-16T15:38:47.901+0000] {dag.py:3954} INFO - Setting next_dagrun for json_dag to 2026-09-16 15:01:00+00:00, run_after=2026-09-16 16:01:00+00:00
[2026-09-16T15:38:47.956+0000] {processor.py:183} INFO - Processing /opt/airflow/dags/json_dag.py took 0.565 seconds
[2026-09-16T15:39:18.449+0000] {processor.py:161} INFO - Started process (PID=221) to work on /opt/airflow/dags/json_dag.py
[2026-09-16T15:39:18.451+0000] {processor.py:830} INFO - Processing file /opt/airflow/dags/json_dag.py for tasks to queue
[2026-09-16T15:39:18.456+0000] {logging_mixin.py:188} INFO - [2026-09-16T15:39:18.455+0000] {dagbag.py:545} INFO - Filling up the DagBag from /opt/airflow/dags/json_dag.py
[2026-09-16T15:39:19.123+0000] {processor.py:840} INFO - DAG(s) 'json_dag' retrieved from /opt/airflow/dags/json_dag.py
[2026-09-16T15:39:19.149+0000] {logging_mixin.py:188} INFO - [2026-09-16T15:39:19.148+0000] {dag.py:3096} INFO - Sync 1 DAGs
[2026-09-16T15:39:19.172+0000] {logging_mixin.py:188} INFO - [2026-09-16T15:39:19.172+0000] {dag.py:3954} INFO - Setting next_dagrun for json_dag to 2026-09-16 15:01:00+00:00, run_after=2026-09-16 16:01:00+00:00
[2026-09-16T15:39:19.194+0000] {processor.py:183} INFO - Processing /opt/airflow/dags/json_dag.py took 0.759 seconds
[2026-09-16T15:39:49.831+0000] {processor.py:161} INFO - Started process (PID=230) to work on /opt/airflow/dags/json_dag.py
[2026-09-16T15:39:49.833+0000] {processor.py:830} INFO - Processing file /opt/airflow/dags/json_dag.py for tasks to queue
[2026-09-16T15:39:49.837+0000] {logging_mixin.py:188} INFO - [2026-09-16T15:39:49.836+0000] {dagbag.py:545} INFO - Filling up the DagBag from /opt/airflow/dags/json_dag.py
[2026-09-16T15:39:50.459+0000] {processor.py:840} INFO - DAG(s) 'json_dag' retrieved from /opt/airflow/dags/json_dag.py
[2026-09-16T15:39:50.489+0000] {logging_mixin.py:188} INFO - [2026-09-16T15:39:50.488+0000] {dag.py:3096} INFO - Sync 1 DAGs
[2026-09-16T15:39:50.521+0000] {logging_mixin.py:188} INFO - [2026-09-16T15:39:50.521+0000] {dag.py:3954} INFO - Setting next_dagrun for json_dag to 2026-09-16 15:01:00+00:00, run_after=2026-09-16 16:01:00+00:00
[2026-09-16T15:39:50.546+0000] {processor.py:183} INFO - Processing /opt/airflow/dags/json_dag.py took 0.727 seconds
[2026-09-16T15:40:21.277+0000] {processor.py:161} INFO - Started process (PID=239) to work on /opt/airflow/dags/json_dag.py
[2026-09-16T15:40:21.280+0000] {processor.py:830} INFO - Processing file /opt/airflow/dags/json_dag.py for tasks to queue
[2026-09-16T15:40:21.283+0000] {logging_mixin.py:188} INFO - [2026-09-16T15:40:21.283+0000] {dagbag.py:545} INFO - Filling up the DagBag from /opt/airflow/dags/json_dag.py
[2026-09-16T15:40:21.971+0000] {processor.py:840} INFO - DAG(s) 'json_dag' retrieved from /opt/airflow/dags/json_dag.py
[2026-09-16T15:40:22.002+0000] {logging_mixin.py:188} INFO - [2026-09-16T15:40:22.001+0000] {dag.py:3096} INFO - Sync 1 DAGs
[2026-09-16T15:40:22.036+0000] {logging_mixin.py:188} INFO - [2026-09-16T15:40:22.036+0000] {dag.py:3954} INFO - Setting next_dagrun for json_dag to 2026-09-16 15:01:00+00:00, run_after=2026-09-16 16:01:00+00:00
[2026-09-16T15:40:22.075+0000] {processor.py:183} INFO - Processing /opt/airflow/dags/json_dag.py took 0.806 seconds
[2026-09-16T15:40:28.221+0000] {processor.py:161} INFO - Started process (PID=241) to work on /opt/airflow/dags/json_dag.py
[2026-09-16T15:40:28.223+0000] {processor.py:830} INFO - Processing file /opt/airflow/dags/json_dag.py for tasks to queue
[2026-09-16T15:40:28.226+0000] {logging_mixin.py:188} INFO - [2026-09-16T15:40:28.226+0000] {dagbag.py:545} INFO - Filling up the DagBag from /opt/airflow/dags/json_dag.py
[2026-09-16T15:40:28.677+0000] {processor.py:840} INFO - DAG(s) 'json_dag' retrieved from /opt/airflow/dags/json_dag.py
[2026-09-16T15:40:28.760+0000] {logging_mixin.py:188} INFO - [2026-09-16T15:40:28.759+0000] {dag.py:3096} INFO - Sync 1 DAGs
[2026-09-16T15:40:28.911+0000] {logging_mixin.py:188} INFO - [2026-09-16T15:40:28.910+0000] {dag.py:3954} INFO - Setting next_dagrun for json_dag to 2026-09-16 14:02:00+00:00, run_after=2026-09-16 15:02:00+00:00
[2026-09-16T15:40:28.935+0000] {processor.py:183} INFO - Processing /opt/airflow/dags/json_dag.py took 0.724 seconds
[2026-09-16T15:40:59.759+0000] {processor.py:161} INFO - Started process (PID=254) to work on /opt/airflow/dags/json_dag.py
[2026-09-16T15:40:59.760+0000] {processor.py:830} INFO - Processing file /opt/airflow/dags/json_dag.py for tasks to queue
[2026-09-16T15:40:59.763+0000] {logging_mixin.py:188} INFO - [2026-09-16T15:40:59.763+0000] {dagbag.py:545} INFO - Filling up the DagBag from /opt/airflow/dags/json_dag.py
[2026-09-16T15:41:00.291+0000] {processor.py:840} INFO - DAG(s) 'json_dag' retrieved from /opt/airflow/dags/json_dag.py
[2026-09-16T15:41:00.312+0000] {logging_mixin.py:188} INFO - [2026-09-16T15:41:00.311+0000] {dag.py:3096} INFO - Sync 1 DAGs
[2026-09-16T15:41:00.338+0000] {logging_mixin.py:188} INFO - [2026-09-16T15:41:00.338+0000] {dag.py:3954} INFO - Setting next_dagrun for json_dag to 2026-09-16 15:02:00+00:00, run_after=2026-09-16 16:02:00+00:00
[2026-09-16T15:41:00.363+0000] {processor.py:183} INFO - Processing /opt/airflow/dags/json_dag.py took 0.610 seconds
[2026-09-16T15:41:31.101+0000] {processor.py:161} INFO - Started process (PID=263) to work on /opt/airflow/dags/json_dag.py
[2026-09-16T15:41:31.102+0000] {processor.py:830} INFO - Processing file /opt/airflow/dags/json_dag.py for tasks to queue
[2026-09-16T15:41:31.104+0000] {logging_mixin.py:188} INFO - [2026-09-16T15:41:31.104+0000] {dagbag.py:545} INFO - Filling up the DagBag from /opt/airflow/dags/json_dag.py
[2026-09-16T15:41:31.538+0000] {processor.py:840} INFO - DAG(s) 'json_dag' retrieved from /opt/airflow/dags/json_dag.py
[2026-09-16T15:41:31.559+0000] {logging_mixin.py:188} INFO - [2026-09-16T15:41:31.558+0000] {dag.py:3096} INFO - Sync 1 DAGs
[2026-09-16T15:41:31.604+0000] {logging_mixin.py:188} INFO - [2026-09-16T15:41:31.604+0000] {dag.py:3954} INFO - Setting next_dagrun for json_dag to 2026-09-16 15:02:00+00:00, run_after=2026-09-16 16:02:00+00:00
[2026-09-16T15:41:31.642+0000] {processor.py:183} INFO - Processing /opt/airflow/dags/json_dag.py took 0.548 seconds
[2026-09-16T15:42:02.531+0000] {processor.py:161} INFO - Started process (PID=272) to work on /opt/airflow/dags/json_dag.py
[2026-09-16T15:42:02.532+0000] {processor.py:830} INFO - Processing file /opt/airflow/dags/json_dag.py for tasks to queue
[2026-09-16T15:42:02.535+0000] {logging_mixin.py:188} INFO - [2026-09-16T15:42:02.535+0000] {dagbag.py:545} INFO - Filling up the DagBag from /opt/airflow/dags/json_dag.py
[2026-09-16T15:42:02.950+0000] {processor.py:840} INFO - DAG(s) 'json_dag' retrieved from /opt/airflow/dags/json_dag.py
[2026-09-16T15:42:02.978+0000] {logging_mixin.py:188} INFO - [2026-09-16T15:42:02.977+0000] {dag.py:3096} INFO - Sync 1 DAGs
[2026-09-16T15:42:03.007+0000] {logging_mixin.py:188} INFO - [2026-09-16T15:42:03.007+0000] {dag.py:3954} INFO - Setting next_dagrun for json_dag to 2026-09-16 15:02:00+00:00, run_after=2026-09-16 16:02:00+00:00
[2026-09-16T15:42:03.034+0000] {processor.py:183} INFO - Processing /opt/airflow/dags/json_dag.py took 0.511 seconds
[2026-09-16T15:42:33.915+0000] {processor.py:161} INFO - Started process (PID=281) to work on /opt/airflow/dags/json_dag.py
[2026-09-16T15:42:33.916+0000] {processor.py:830} INFO - Processing file /opt/airflow/dags/json_dag.py for tasks to queue
[2026-09-16T15:42:33.920+0000] {logging_mixin.py:188} INFO - [2026-09-16T15:42:33.919+0000] {dagbag.py:545} INFO - Filling up the DagBag from /opt/airflow/dags/json_dag.py
[2026-09-16T15:42:34.459+0000] {processor.py:840} INFO - DAG(s) 'json_dag' retrieved from /opt/airflow/dags/json_dag.py
[2026-09-16T15:42:34.481+0000] {logging_mixin.py:188} INFO - [2026-09-16T15:42:34.481+0000] {dag.py:3096} INFO - Sync 1 DAGs
[2026-09-16T15:42:34.500+0000] {logging_mixin.py:188} INFO - [2026-09-16T15:42:34.500+0000] {dag.py:3954} INFO - Setting next_dagrun for json_dag to 2026-09-16 15:02:00+00:00, run_after=2026-09-16 16:02:00+00:00
[2026-09-16T15:42:34.520+0000] {processor.py:183} INFO - Processing /opt/airflow/dags/json_dag.py took 0.616 seconds
[2026-09-16T15:43:05.330+0000] {processor.py:161} INFO - Started process (PID=290) to work on /opt/airflow/dags/json_dag.py
[2026-09-16T15:43:05.332+0000] {processor.py:830} INFO - Processing file /opt/airflow/dags/json_dag.py for tasks to queue
[2026-09-16T15:43:05.337+0000] {logging_mixin.py:188} INFO - [2026-09-16T15:43:05.336+0000] {dagbag.py:545} INFO - Filling up the DagBag from /opt/airflow/dags/json_dag.py
[2026-09-16T15:43:05.945+0000] {processor.py:840} INFO - DAG(s) 'json_dag' retrieved from /opt/airflow/dags/json_dag.py
[2026-09-16T15:43:05.974+0000] {logging_mixin.py:188} INFO - [2026-09-16T15:43:05.974+0000] {dag.py:3096} INFO - Sync 1 DAGs
[2026-09-16T15:43:06.000+0000] {logging_mixin.py:188} INFO - [2026-09-16T15:43:05.999+0000] {dag.py:3954} INFO - Setting next_dagrun for json_dag to 2026-09-16 15:02:00+00:00, run_after=2026-09-16 16:02:00+00:00
[2026-09-16T15:43:06.025+0000] {processor.py:183} INFO - Processing /opt/airflow/dags/json_dag.py took 0.708 seconds
[2026-09-16T15:43:36.742+0000] {processor.py:161} INFO - Started process (PID=299) to work on /opt/airflow/dags/json_dag.py
[2026-09-16T15:43:36.743+0000] {processor.py:830} INFO - Processing file /opt/airflow/dags/json_dag.py for tasks to queue
[2026-09-16T15:43:36.745+0000] {logging_mixin.py:188} INFO - [2026-09-16T15:43:36.745+0000] {dagbag.py:545} INFO - Filling up the DagBag from /opt/airflow/dags/json_dag.py
[2026-09-16T15:43:37.226+0000] {processor.py:840} INFO - DAG(s) 'json_dag' retrieved from /opt/airflow/dags/json_dag.py
[2026-09-16T15:43:37.254+0000] {logging_mixin.py:188} INFO - [2026-09-16T15:43:37.254+0000] {dag.py:3096} INFO - Sync 1 DAGs
[2026-09-16T15:43:37.285+0000] {logging_mixin.py:188} INFO - [2026-09-16T15:43:37.285+0000] {dag.py:3954} INFO - Setting next_dagrun for json_dag to 2026-09-16 15:02:00+00:00, run_after=2026-09-16 16:02:00+00:00
[2026-09-16T15:43:37.489+0000] {processor.py:183} INFO - Processing /opt/airflow/dags/json_dag.py took 0.753 seconds
[2026-09-16T15:44:08.250+0000] {processor.py:161} INFO - Started process (PID=308) to work on /opt/airflow/dags/json_dag.py
[2026-09-16T15:44:08.252+0000] {processor.py:830} INFO - Processing file /opt/airflow/dags/json_dag.py for tasks to queue
[2026-09-16T15:44:08.256+0000] {logging_mixin.py:188} INFO - [2026-09-16T15:44:08.255+0000] {dagbag.py:545} INFO - Filling up the DagBag from /opt/airflow/dags/json_dag.py
[2026-09-16T15:44:08.713+0000] {processor.py:840} INFO - DAG(s) 'json_dag' retrieved from /opt/airflow/dags/json_dag.py
[2026-09-16T15:44:08.738+0000] {logging_mixin.py:188} INFO - [2026-09-16T15:44:08.737+0000] {dag.py:3096} INFO - Sync 1 DAGs
[2026-09-16T15:44:08.762+0000] {logging_mixin.py:188} INFO - [2026-09-16T15:44:08.762+0000] {dag.py:3954} INFO - Setting next_dagrun for json_dag to 2026-09-16 15:02:00+00:00, run_after=2026-09-16 16:02:00+00:00
[2026-09-16T15:44:08.798+0000] {processor.py:183} INFO - Processing /opt/airflow/dags/json_dag.py took 0.556 seconds
[2026-09-16T15:44:39.650+0000] {processor.py:161} INFO - Started process (PID=317) to work on /opt/airflow/dags/json_dag.py
[2026-09-16T15:44:39.652+0000] {processor.py:830} INFO - Processing file /opt/airflow/dags/json_dag.py for tasks to queue
[2026-09-16T15:44:39.655+0000] {logging_mixin.py:188} INFO - [2026-09-16T15:44:39.655+0000] {dagbag.py:545} INFO - Filling up the DagBag from /opt/airflow/dags/json_dag.py
[2026-09-16T15:44:40.109+0000] {processor.py:840} INFO - DAG(s) 'json_dag' retrieved from /opt/airflow/dags/json_dag.py
[2026-09-16T15:44:40.131+0000] {logging_mixin.py:188} INFO - [2026-09-16T15:44:40.130+0000] {dag.py:3096} INFO - Sync 1 DAGs
[2026-09-16T15:44:40.153+0000] {logging_mixin.py:188} INFO - [2026-09-16T15:44:40.153+0000] {dag.py:3954} INFO - Setting next_dagrun for json_dag to 2026-09-16 15:02:00+00:00, run_after=2026-09-16 16:02:00+00:00
[2026-09-16T15:44:40.176+0000] {processor.py:183} INFO - Processing /opt/airflow/dags/json_dag.py took 0.536 seconds
[2026-09-16T15:45:10.346+0000] {processor.py:161} INFO - Started process (PID=332) to work on /opt/airflow/dags/json_dag.py
[2026-09-16T15:45:10.355+0000] {processor.py:830} INFO - Processing file /opt/airflow/dags/json_dag.py for tasks to queue
[2026-09-16T15:45:10.363+0000] {logging_mixin.py:188} INFO - [2026-09-16T15:45:10.362+0000] {dagbag.py:545} INFO - Filling up the DagBag from /opt/airflow/dags/json_dag.py
[2026-09-16T15:45:11.131+0000] {processor.py:840} INFO - DAG(s) 'json_dag' retrieved from /opt/airflow/dags/json_dag.py
[2026-09-16T15:45:11.163+0000] {logging_mixin.py:188} INFO - [2026-09-16T15:45:11.163+0000] {dag.py:3096} INFO - Sync 1 DAGs
[2026-09-16T15:45:11.195+0000] {logging_mixin.py:188} INFO - [2026-09-16T15:45:11.194+0000] {dag.py:3954} INFO - Setting next_dagrun for json_dag to 2026-09-16 15:02:00+00:00, run_after=2026-09-16 16:02:00+00:00
[2026-09-16T15:45:11.222+0000] {processor.py:183} INFO - Processing /opt/airflow/dags/json_dag.py took 0.901 seconds
[2026-09-16T15:45:41.842+0000] {processor.py:161} INFO - Started process (PID=341) to work on /opt/airflow/dags/json_dag.py
[2026-09-16T15:45:41.845+0000] {processor.py:830} INFO - Processing file /opt/airflow/dags/json_dag.py for tasks to queue
[2026-09-16T15:45:41.847+0000] {logging_mixin.py:188} INFO - [2026-09-16T15:45:41.846+0000] {dagbag.py:545} INFO - Filling up the DagBag from /opt/airflow/dags/json_dag.py
[2026-09-16T15:45:42.401+0000] {processor.py:840} INFO - DAG(s) 'json_dag' retrieved from /opt/airflow/dags/json_dag.py
[2026-09-16T15:45:42.425+0000] {logging_mixin.py:188} INFO - [2026-09-16T15:45:42.425+0000] {dag.py:3096} INFO - Sync 1 DAGs
[2026-09-16T15:45:42.449+0000] {logging_mixin.py:188} INFO - [2026-09-16T15:45:42.448+0000] {dag.py:3954} INFO - Setting next_dagrun for json_dag to 2026-09-16 15:02:00+00:00, run_after=2026-09-16 16:02:00+00:00
[2026-09-16T15:45:42.470+0000] {processor.py:183} INFO - Processing /opt/airflow/dags/json_dag.py took 0.633 seconds
[2026-09-16T15:46:13.010+0000] {processor.py:161} INFO - Started process (PID=350) to work on /opt/airflow/dags/json_dag.py
[2026-09-16T15:46:13.013+0000] {processor.py:830} INFO - Processing file /opt/airflow/dags/json_dag.py for tasks to queue
[2026-09-16T15:46:13.016+0000] {logging_mixin.py:188} INFO - [2026-09-16T15:46:13.016+0000] {dagbag.py:545} INFO - Filling up the DagBag from /opt/airflow/dags/json_dag.py
[2026-09-16T15:46:13.483+0000] {processor.py:840} INFO - DAG(s) 'json_dag' retrieved from /opt/airflow/dags/json_dag.py
[2026-09-16T15:46:13.511+0000] {logging_mixin.py:188} INFO - [2026-09-16T15:46:13.510+0000] {dag.py:3096} INFO - Sync 1 DAGs
[2026-09-16T15:46:13.541+0000] {logging_mixin.py:188} INFO - [2026-09-16T15:46:13.541+0000] {dag.py:3954} INFO - Setting next_dagrun for json_dag to 2026-09-16 15:02:00+00:00, run_after=2026-09-16 16:02:00+00:00
[2026-09-16T15:46:13.575+0000] {processor.py:183} INFO - Processing /opt/airflow/dags/json_dag.py took 0.577 seconds
[2026-09-16T15:46:43.713+0000] {processor.py:161} INFO - Started process (PID=359) to work on /opt/airflow/dags/json_dag.py
[2026-09-16T15:46:43.715+0000] {processor.py:830} INFO - Processing file /opt/airflow/dags/json_dag.py for tasks to queue
[2026-09-16T15:46:43.719+0000] {logging_mixin.py:188} INFO - [2026-09-16T15:46:43.718+0000] {dagbag.py:545} INFO - Filling up the DagBag from /opt/airflow/dags/json_dag.py
[2026-09-16T15:46:44.162+0000] {processor.py:840} INFO - DAG(s) 'json_dag' retrieved from /opt/airflow/dags/json_dag.py
[2026-09-16T15:46:44.187+0000] {logging_mixin.py:188} INFO - [2026-09-16T15:46:44.186+0000] {dag.py:3096} INFO - Sync 1 DAGs
[2026-09-16T15:46:44.214+0000] {logging_mixin.py:188} INFO - [2026-09-16T15:46:44.214+0000] {dag.py:3954} INFO - Setting next_dagrun for json_dag to 2026-09-16 15:02:00+00:00, run_after=2026-09-16 16:02:00+00:00
[2026-09-16T15:46:44.386+0000] {processor.py:183} INFO - Processing /opt/airflow/dags/json_dag.py took 0.682 seconds
[2026-09-16T15:47:15.001+0000] {processor.py:161} INFO - Started process (PID=368) to work on /opt/airflow/dags/json_dag.py
[2026-09-16T15:47:15.002+0000] {processor.py:830} INFO - Processing file /opt/airflow/dags/json_dag.py for tasks to queue
[2026-09-16T15:47:15.004+0000] {logging_mixin.py:188} INFO - [2026-09-16T15:47:15.004+0000] {dagbag.py:545} INFO - Filling up the DagBag from /opt/airflow/dags/json_dag.py
[2026-09-16T15:47:15.400+0000] {processor.py:840} INFO - DAG(s) 'json_dag' retrieved from /opt/airflow/dags/json_dag.py
[2026-09-16T15:47:15.430+0000] {logging_mixin.py:188} INFO - [2026-09-16T15:47:15.430+0000] {dag.py:3096} INFO - Sync 1 DAGs
[2026-09-16T15:47:15.461+0000] {logging_mixin.py:188} INFO - [2026-09-16T15:47:15.461+0000] {dag.py:3954} INFO - Setting next_dagrun for json_dag to 2026-09-16 15:02:00+00:00, run_after=2026-09-16 16:02:00+00:00
[2026-09-16T15:47:15.486+0000] {processor.py:183} INFO - Processing /opt/airflow/dags/json_dag.py took 0.493 seconds
[2026-09-16T15:47:45.576+0000] {processor.py:161} INFO - Started process (PID=377) to work on /opt/airflow/dags/json_dag.py
[2026-09-16T15:47:45.577+0000] {processor.py:830} INFO - Processing file /opt/airflow/dags/json_dag.py for tasks to queue
[2026-09-16T15:47:45.580+0000] {logging_mixin.py:188} INFO - [2026-09-16T15:47:45.579+0000] {dagbag.py:545} INFO - Filling up the DagBag from /opt/airflow/dags/json_dag.py
[2026-09-16T15:47:45.991+0000] {processor.py:840} INFO - DAG(s) 'json_dag' retrieved from /opt/airflow/dags/json_dag.py
[2026-09-16T15:47:46.009+0000] {logging_mixin.py:188} INFO - [2026-09-16T15:47:46.009+0000] {dag.py:3096} INFO - Sync 1 DAGs
[2026-09-16T15:47:46.029+0000] {logging_mixin.py:188} INFO - [2026-09-16T15:47:46.029+0000] {dag.py:3954} INFO - Setting next_dagrun for json_dag to 2026-09-16 15:02:00+00:00, run_after=2026-09-16 16:02:00+00:00
[2026-09-16T15:47:46.048+0000] {processor.py:183} INFO - Processing /opt/airflow/dags/json_dag.py took 0.478 seconds
[2026-09-16T15:48:16.979+0000] {processor.py:161} INFO - Started process (PID=386) to work on /opt/airflow/dags/json_dag.py
[2026-09-16T15:48:16.980+0000] {processor.py:830} INFO - Processing file /opt/airflow/dags/json_dag.py for tasks to queue
[2026-09-16T15:48:16.983+0000] {logging_mixin.py:188} INFO - [2026-09-16T15:48:16.983+0000] {dagbag.py:545} INFO - Filling up the DagBag from /opt/airflow/dags/json_dag.py
[2026-09-16T15:48:17.381+0000] {processor.py:840} INFO - DAG(s) 'json_dag' retrieved from /opt/airflow/dags/json_dag.py
[2026-09-16T15:48:17.407+0000] {logging_mixin.py:188} INFO - [2026-09-16T15:48:17.407+0000] {dag.py:3096} INFO - Sync 1 DAGs
[2026-09-16T15:48:17.430+0000] {logging_mixin.py:188} INFO - [2026-09-16T15:48:17.430+0000] {dag.py:3954} INFO - Setting next_dagrun for json_dag to 2026-09-16 15:02:00+00:00, run_after=2026-09-16 16:02:00+00:00
[2026-09-16T15:48:17.456+0000] {processor.py:183} INFO - Processing /opt/airflow/dags/json_dag.py took 0.484 seconds
[2026-09-16T15:48:48.356+0000] {processor.py:161} INFO - Started process (PID=395) to work on /opt/airflow/dags/json_dag.py
[2026-09-16T15:48:48.358+0000] {processor.py:830} INFO - Processing file /opt/airflow/dags/json_dag.py for tasks to queue
[2026-09-16T15:48:48.360+0000] {logging_mixin.py:188} INFO - [2026-09-16T15:48:48.360+0000] {dagbag.py:545} INFO - Filling up the DagBag from /opt/airflow/dags/json_dag.py
[2026-09-16T15:48:48.795+0000] {processor.py:840} INFO - DAG(s) 'json_dag' retrieved from /opt/airflow/dags/json_dag.py
[2026-09-16T15:48:48.817+0000] {logging_mixin.py:188} INFO - [2026-09-16T15:48:48.816+0000] {dag.py:3096} INFO - Sync 1 DAGs
[2026-09-16T15:48:48.840+0000] {logging_mixin.py:188} INFO - [2026-09-16T15:48:48.840+0000] {dag.py:3954} INFO - Setting next_dagrun for json_dag to 2026-09-16 15:02:00+00:00, run_after=2026-09-16 16:02:00+00:00
[2026-09-16T15:48:48.862+0000] {processor.py:183} INFO - Processing /opt/airflow/dags/json_dag.py took 0.511 seconds
[2026-09-16T15:49:19.652+0000] {processor.py:161} INFO - Started process (PID=404) to work on /opt/airflow/dags/json_dag.py
[2026-09-16T15:49:19.654+0000] {processor.py:830} INFO - Processing file /opt/airflow/dags/json_dag.py for tasks to queue
[2026-09-16T15:49:19.657+0000] {logging_mixin.py:188} INFO - [2026-09-16T15:49:19.656+0000] {dagbag.py:545} INFO - Filling up the DagBag from /opt/airflow/dags/json_dag.py
[2026-09-16T15:49:20.089+0000] {processor.py:840} INFO - DAG(s) 'json_dag' retrieved from /opt/airflow/dags/json_dag.py
[2026-09-16T15:49:20.120+0000] {logging_mixin.py:188} INFO - [2026-09-16T15:49:20.120+0000] {dag.py:3096} INFO - Sync 1 DAGs
[2026-09-16T15:49:20.146+0000] {logging_mixin.py:188} INFO - [2026-09-16T15:49:20.145+0000] {dag.py:3954} INFO - Setting next_dagrun for json_dag to 2026-09-16 15:02:00+00:00, run_after=2026-09-16 16:02:00+00:00
[2026-09-16T15:49:20.169+0000] {processor.py:183} INFO - Processing /opt/airflow/dags/json_dag.py took 0.525 seconds
[2026-09-16T15:49:51.009+0000] {processor.py:161} INFO - Started process (PID=413) to work on /opt/airflow/dags/json_dag.py
[2026-09-16T15:49:51.011+0000] {processor.py:830} INFO - Processing file /opt/airflow/dags/json_dag.py for tasks to queue
[2026-09-16T15:49:51.013+0000] {logging_mixin.py:188} INFO - [2026-09-16T15:49:51.013+0000] {dagbag.py:545} INFO - Filling up the DagBag from /opt/airflow/dags/json_dag.py
[2026-09-16T15:49:51.416+0000] {processor.py:840} INFO - DAG(s) 'json_dag' retrieved from /opt/airflow/dags/json_dag.py
[2026-09-16T15:49:51.435+0000] {logging_mixin.py:188} INFO - [2026-09-16T15:49:51.434+0000] {dag.py:3096} INFO - Sync 1 DAGs
[2026-09-16T15:49:51.470+0000] {logging_mixin.py:188} INFO - [2026-09-16T15:49:51.470+0000] {dag.py:3954} INFO - Setting next_dagrun for json_dag to 2026-09-16 15:02:00+00:00, run_after=2026-09-16 16:02:00+00:00
[2026-09-16T15:49:51.492+0000] {processor.py:183} INFO - Processing /opt/airflow/dags/json_dag.py took 0.489 seconds
[2026-09-16T15:50:22.374+0000] {processor.py:161} INFO - Started process (PID=423) to work on /opt/airflow/dags/json_dag.py
[2026-09-16T15:50:22.376+0000] {processor.py:830} INFO - Processing file /opt/airflow/dags/json_dag.py for tasks to queue
[2026-09-16T15:50:22.377+0000] {logging_mixin.py:188} INFO - [2026-09-16T15:50:22.377+0000] {dagbag.py:545} INFO - Filling up the DagBag from /opt/airflow/dags/json_dag.py
[2026-09-16T15:50:22.791+0000] {processor.py:840} INFO - DAG(s) 'json_dag' retrieved from /opt/airflow/dags/json_dag.py
[2026-09-16T15:50:22.825+0000] {logging_mixin.py:188} INFO - [2026-09-16T15:50:22.825+0000] {dag.py:3096} INFO - Sync 1 DAGs
[2026-09-16T15:50:22.862+0000] {logging_mixin.py:188} INFO - [2026-09-16T15:50:22.861+0000] {dag.py:3954} INFO - Setting next_dagrun for json_dag to 2026-09-16 15:02:00+00:00, run_after=2026-09-16 16:02:00+00:00
[2026-09-16T15:50:22.903+0000] {processor.py:183} INFO - Processing /opt/airflow/dags/json_dag.py took 0.535 seconds
[2026-09-16T15:50:53.786+0000] {processor.py:161} INFO - Started process (PID=432) to work on /opt/airflow/dags/json_dag.py
[2026-09-16T15:50:53.788+0000] {processor.py:830} INFO - Processing file /opt/airflow/dags/json_dag.py for tasks to queue
[2026-09-16T15:50:53.791+0000] {logging_mixin.py:188} INFO - [2026-09-16T15:50:53.790+0000] {dagbag.py:545} INFO - Filling up the DagBag from /opt/airflow/dags/json_dag.py
[2026-09-16T15:50:54.214+0000] {processor.py:840} INFO - DAG(s) 'json_dag' retrieved from /opt/airflow/dags/json_dag.py
[2026-09-16T15:50:54.236+0000] {logging_mixin.py:188} INFO - [2026-09-16T15:50:54.236+0000] {dag.py:3096} INFO - Sync 1 DAGs
[2026-09-16T15:50:54.259+0000] {logging_mixin.py:188} INFO - [2026-09-16T15:50:54.259+0000] {dag.py:3954} INFO - Setting next_dagrun for json_dag to 2026-09-16 15:02:00+00:00, run_after=2026-09-16 16:02:00+00:00
[2026-09-16T15:50:54.280+0000] {processor.py:183} INFO - Processing /opt/airflow/dags/json_dag.py took 0.501 seconds
[2026-09-16T15:51:25.236+0000] {processor.py:161} INFO - Started process (PID=442) to work on /opt/airflow/dags/json_dag.py
[2026-09-16T15:51:25.237+0000] {processor.py:830} INFO - Processing file /opt/airflow/dags/json_dag.py for tasks to queue
[2026-09-16T15:51:25.239+0000] {logging_mixin.py:188} INFO - [2026-09-16T15:51:25.239+0000] {dagbag.py:545} INFO - Filling up the DagBag from /opt/airflow/dags/json_dag.py
[2026-09-16T15:51:25.603+0000] {processor.py:840} INFO - DAG(s) 'json_dag' retrieved from /opt/airflow/dags/json_dag.py
[2026-09-16T15:51:25.623+0000] {logging_mixin.py:188} INFO - [2026-09-16T15:51:25.622+0000] {dag.py:3096} INFO - Sync 1 DAGs
[2026-09-16T15:51:25.642+0000] {logging_mixin.py:188} INFO - [2026-09-16T15:51:25.642+0000] {dag.py:3954} INFO - Setting next_dagrun for json_dag to 2026-09-16 15:02:00+00:00, run_after=2026-09-16 16:02:00+00:00
[2026-09-16T15:51:25.661+0000] {processor.py:183} INFO - Processing /opt/airflow/dags/json_dag.py took 0.431 seconds
[2026-09-16T15:51:55.716+0000] {processor.py:161} INFO - Started process (PID=451) to work on /opt/airflow/dags/json_dag.py
[2026-09-16T15:51:55.718+0000] {processor.py:830} INFO - Processing file /opt/airflow/dags/json_dag.py for tasks to queue
[2026-09-16T15:51:55.720+0000] {logging_mixin.py:188} INFO - [2026-09-16T15:51:55.720+0000] {dagbag.py:545} INFO - Filling up the DagBag from /opt/airflow/dags/json_dag.py
[2026-09-16T15:51:56.089+0000] {processor.py:840} INFO - DAG(s) 'json_dag' retrieved from /opt/airflow/dags/json_dag.py
[2026-09-16T15:51:56.114+0000] {logging_mixin.py:188} INFO - [2026-09-16T15:51:56.114+0000] {dag.py:3096} INFO - Sync 1 DAGs
[2026-09-16T15:51:56.137+0000] {logging_mixin.py:188} INFO - [2026-09-16T15:51:56.137+0000] {dag.py:3954} INFO - Setting next_dagrun for json_dag to 2026-09-16 15:02:00+00:00, run_after=2026-09-16 16:02:00+00:00
[2026-09-16T15:51:56.161+0000] {processor.py:183} INFO - Processing /opt/airflow/dags/json_dag.py took 0.451 seconds
[2026-09-16T15:52:27.033+0000] {processor.py:161} INFO - Started process (PID=460) to work on /opt/airflow/dags/json_dag.py
[2026-09-16T15:52:27.035+0000] {processor.py:830} INFO - Processing file /opt/airflow/dags/json_dag.py for tasks to queue
[2026-09-16T15:52:27.038+0000] {logging_mixin.py:188} INFO - [2026-09-16T15:52:27.038+0000] {dagbag.py:545} INFO - Filling up the DagBag from /opt/airflow/dags/json_dag.py
[2026-09-16T15:52:27.434+0000] {processor.py:840} INFO - DAG(s) 'json_dag' retrieved from /opt/airflow/dags/json_dag.py
[2026-09-16T15:52:27.457+0000] {logging_mixin.py:188} INFO - [2026-09-16T15:52:27.456+0000] {dag.py:3096} INFO - Sync 1 DAGs
[2026-09-16T15:52:27.488+0000] {logging_mixin.py:188} INFO - [2026-09-16T15:52:27.487+0000] {dag.py:3954} INFO - Setting next_dagrun for json_dag to 2026-09-16 15:02:00+00:00, run_after=2026-09-16 16:02:00+00:00
[2026-09-16T15:52:27.633+0000] {processor.py:183} INFO - Processing /opt/airflow/dags/json_dag.py took 0.607 seconds
[2026-09-16T15:52:58.463+0000] {processor.py:161} INFO - Started process (PID=469) to work on /opt/airflow/dags/json_dag.py
[2026-09-16T15:52:58.466+0000] {processor.py:830} INFO - Processing file /opt/airflow/dags/json_dag.py for tasks to queue
[2026-09-16T15:52:58.469+0000] {logging_mixin.py:188} INFO - [2026-09-16T15:52:58.469+0000] {dagbag.py:545} INFO - Filling up the DagBag from /opt/airflow/dags/json_dag.py
[2026-09-16T15:52:58.939+0000] {processor.py:840} INFO - DAG(s) 'json_dag' retrieved from /opt/airflow/dags/json_dag.py
[2026-09-16T15:52:58.962+0000] {logging_mixin.py:188} INFO - [2026-09-16T15:52:58.961+0000] {dag.py:3096} INFO - Sync 1 DAGs
[2026-09-16T15:52:58.985+0000] {logging_mixin.py:188} INFO - [2026-09-16T15:52:58.984+0000] {dag.py:3954} INFO - Setting next_dagrun for json_dag to 2026-09-16 15:02:00+00:00, run_after=2026-09-16 16:02:00+00:00
[2026-09-16T15:52:59.007+0000] {processor.py:183} INFO - Processing /opt/airflow/dags/json_dag.py took 0.555 seconds
[2026-09-16T15:53:29.853+0000] {processor.py:161} INFO - Started process (PID=479) to work on /opt/airflow/dags/json_dag.py
[2026-09-16T15:53:29.855+0000] {processor.py:830} INFO - Processing file /opt/airflow/dags/json_dag.py for tasks to queue
[2026-09-16T15:53:29.858+0000] {logging_mixin.py:188} INFO - [2026-09-16T15:53:29.857+0000] {dagbag.py:545} INFO - Filling up the DagBag from /opt/airflow/dags/json_dag.py
[2026-09-16T15:53:30.338+0000] {processor.py:840} INFO - DAG(s) 'json_dag' retrieved from /opt/airflow/dags/json_dag.py
[2026-09-16T15:53:30.374+0000] {logging_mixin.py:188} INFO - [2026-09-16T15:53:30.373+0000] {dag.py:3096} INFO - Sync 1 DAGs
[2026-09-16T15:53:30.409+0000] {logging_mixin.py:188} INFO - [2026-09-16T15:53:30.409+0000] {dag.py:3954} INFO - Setting next_dagrun for json_dag to 2026-09-16 15:02:00+00:00, run_after=2026-09-16 16:02:00+00:00
[2026-09-16T15:53:30.438+0000] {processor.py:183} INFO - Processing /opt/airflow/dags/json_dag.py took 0.592 seconds
[2026-09-16T15:54:00.555+0000] {processor.py:161} INFO - Started process (PID=488) to work on /opt/airflow/dags/json_dag.py
[2026-09-16T15:54:00.556+0000] {processor.py:830} INFO - Processing file /opt/airflow/dags/json_dag.py for tasks to queue
[2026-09-16T15:54:00.558+0000] {logging_mixin.py:188} INFO - [2026-09-16T15:54:00.558+0000] {dagbag.py:545} INFO - Filling up the DagBag from /opt/airflow/dags/json_dag.py
[2026-09-16T15:54:01.147+0000] {processor.py:840} INFO - DAG(s) 'json_dag' retrieved from /opt/airflow/dags/json_dag.py
[2026-09-16T15:54:01.172+0000] {logging_mixin.py:188} INFO - [2026-09-16T15:54:01.171+0000] {dag.py:3096} INFO - Sync 1 DAGs
[2026-09-16T15:54:01.197+0000] {logging_mixin.py:188} INFO - [2026-09-16T15:54:01.197+0000] {dag.py:3954} INFO - Setting next_dagrun for json_dag to 2026-09-16 15:02:00+00:00, run_after=2026-09-16 16:02:00+00:00
[2026-09-16T15:54:01.220+0000] {processor.py:183} INFO - Processing /opt/airflow/dags/json_dag.py took 0.673 seconds
[2026-09-16T15:54:31.545+0000] {processor.py:161} INFO - Started process (PID=497) to work on /opt/airflow/dags/json_dag.py
[2026-09-16T15:54:31.547+0000] {processor.py:830} INFO - Processing file /opt/airflow/dags/json_dag.py for tasks to queue
[2026-09-16T15:54:31.549+0000] {logging_mixin.py:188} INFO - [2026-09-16T15:54:31.549+0000] {dagbag.py:545} INFO - Filling up the DagBag from /opt/airflow/dags/json_dag.py
[2026-09-16T15:54:32.079+0000] {processor.py:840} INFO - DAG(s) 'json_dag' retrieved from /opt/airflow/dags/json_dag.py
[2026-09-16T15:54:32.100+0000] {logging_mixin.py:188} INFO - [2026-09-16T15:54:32.100+0000] {dag.py:3096} INFO - Sync 1 DAGs
[2026-09-16T15:54:32.123+0000] {logging_mixin.py:188} INFO - [2026-09-16T15:54:32.123+0000] {dag.py:3954} INFO - Setting next_dagrun for json_dag to 2026-09-16 15:02:00+00:00, run_after=2026-09-16 16:02:00+00:00
[2026-09-16T15:54:32.144+0000] {processor.py:183} INFO - Processing /opt/airflow/dags/json_dag.py took 0.608 seconds
[2026-09-16T15:55:02.894+0000] {processor.py:161} INFO - Started process (PID=506) to work on /opt/airflow/dags/json_dag.py
[2026-09-16T15:55:02.897+0000] {processor.py:830} INFO - Processing file /opt/airflow/dags/json_dag.py for tasks to queue
[2026-09-16T15:55:02.902+0000] {logging_mixin.py:188} INFO - [2026-09-16T15:55:02.902+0000] {dagbag.py:545} INFO - Filling up the DagBag from /opt/airflow/dags/json_dag.py
[2026-09-16T15:55:03.549+0000] {processor.py:840} INFO - DAG(s) 'json_dag' retrieved from /opt/airflow/dags/json_dag.py
[2026-09-16T15:55:03.594+0000] {logging_mixin.py:188} INFO - [2026-09-16T15:55:03.594+0000] {dag.py:3096} INFO - Sync 1 DAGs
[2026-09-16T15:55:03.640+0000] {logging_mixin.py:188} INFO - [2026-09-16T15:55:03.638+0000] {dag.py:3954} INFO - Setting next_dagrun for json_dag to 2026-09-16 15:02:00+00:00, run_after=2026-09-16 16:02:00+00:00
[2026-09-16T15:55:03.670+0000] {processor.py:183} INFO - Processing /opt/airflow/dags/json_dag.py took 0.788 seconds
[2026-09-16T15:55:34.298+0000] {processor.py:161} INFO - Started process (PID=515) to work on /opt/airflow/dags/json_dag.py
[2026-09-16T15:55:34.300+0000] {processor.py:830} INFO - Processing file /opt/airflow/dags/json_dag.py for tasks to queue
[2026-09-16T15:55:34.303+0000] {logging_mixin.py:188} INFO - [2026-09-16T15:55:34.303+0000] {dagbag.py:545} INFO - Filling up the DagBag from /opt/airflow/dags/json_dag.py
[2026-09-16T15:55:34.994+0000] {processor.py:840} INFO - DAG(s) 'json_dag' retrieved from /opt/airflow/dags/json_dag.py
[2026-09-16T15:55:35.032+0000] {logging_mixin.py:188} INFO - [2026-09-16T15:55:35.032+0000] {dag.py:3096} INFO - Sync 1 DAGs
[2026-09-16T15:55:35.074+0000] {logging_mixin.py:188} INFO - [2026-09-16T15:55:35.074+0000] {dag.py:3954} INFO - Setting next_dagrun for json_dag to 2026-09-16 15:02:00+00:00, run_after=2026-09-16 16:02:00+00:00
[2026-09-16T15:55:35.316+0000] {processor.py:183} INFO - Processing /opt/airflow/dags/json_dag.py took 1.028 seconds
[2026-09-16T15:56:05.653+0000] {processor.py:161} INFO - Started process (PID=525) to work on /opt/airflow/dags/json_dag.py
[2026-09-16T15:56:05.654+0000] {processor.py:830} INFO - Processing file /opt/airflow/dags/json_dag.py for tasks to queue
[2026-09-16T15:56:05.657+0000] {logging_mixin.py:188} INFO - [2026-09-16T15:56:05.656+0000] {dagbag.py:545} INFO - Filling up the DagBag from /opt/airflow/dags/json_dag.py
[2026-09-16T15:56:06.110+0000] {processor.py:840} INFO - DAG(s) 'json_dag' retrieved from /opt/airflow/dags/json_dag.py
[2026-09-16T15:56:06.134+0000] {logging_mixin.py:188} INFO - [2026-09-16T15:56:06.133+0000] {dag.py:3096} INFO - Sync 1 DAGs
[2026-09-16T15:56:06.157+0000] {logging_mixin.py:188} INFO - [2026-09-16T15:56:06.157+0000] {dag.py:3954} INFO - Setting next_dagrun for json_dag to 2026-09-16 15:02:00+00:00, run_after=2026-09-16 16:02:00+00:00
[2026-09-16T15:56:06.180+0000] {processor.py:183} INFO - Processing /opt/airflow/dags/json_dag.py took 0.536 seconds
[2026-09-16T15:56:37.026+0000] {processor.py:161} INFO - Started process (PID=534) to work on /opt/airflow/dags/json_dag.py
[2026-09-16T15:56:37.027+0000] {processor.py:830} INFO - Processing file /opt/airflow/dags/json_dag.py for tasks to queue
[2026-09-16T15:56:37.029+0000] {logging_mixin.py:188} INFO - [2026-09-16T15:56:37.029+0000] {dagbag.py:545} INFO - Filling up the DagBag from /opt/airflow/dags/json_dag.py
[2026-09-16T15:56:37.684+0000] {processor.py:840} INFO - DAG(s) 'json_dag' retrieved from /opt/airflow/dags/json_dag.py
[2026-09-16T15:56:37.709+0000] {logging_mixin.py:188} INFO - [2026-09-16T15:56:37.709+0000] {dag.py:3096} INFO - Sync 1 DAGs
[2026-09-16T15:56:37.740+0000] {logging_mixin.py:188} INFO - [2026-09-16T15:56:37.740+0000] {dag.py:3954} INFO - Setting next_dagrun for json_dag to 2026-09-16 15:02:00+00:00, run_after=2026-09-16 16:02:00+00:00
[2026-09-16T15:56:37.762+0000] {processor.py:183} INFO - Processing /opt/airflow/dags/json_dag.py took 0.744 seconds
[2026-09-16T15:57:08.440+0000] {processor.py:161} INFO - Started process (PID=544) to work on /opt/airflow/dags/json_dag.py
[2026-09-16T15:57:08.442+0000] {processor.py:830} INFO - Processing file /opt/airflow/dags/json_dag.py for tasks to queue
[2026-09-16T15:57:08.445+0000] {logging_mixin.py:188} INFO - [2026-09-16T15:57:08.445+0000] {dagbag.py:545} INFO - Filling up the DagBag from /opt/airflow/dags/json_dag.py
[2026-09-16T15:57:08.963+0000] {processor.py:840} INFO - DAG(s) 'json_dag' retrieved from /opt/airflow/dags/json_dag.py
[2026-09-16T15:57:08.993+0000] {logging_mixin.py:188} INFO - [2026-09-16T15:57:08.993+0000] {dag.py:3096} INFO - Sync 1 DAGs
[2026-09-16T15:57:09.023+0000] {logging_mixin.py:188} INFO - [2026-09-16T15:57:09.022+0000] {dag.py:3954} INFO - Setting next_dagrun for json_dag to 2026-09-16 15:02:00+00:00, run_after=2026-09-16 16:02:00+00:00
[2026-09-16T15:57:09.048+0000] {processor.py:183} INFO - Processing /opt/airflow/dags/json_dag.py took 0.621 seconds
[2026-09-16T15:57:39.885+0000] {processor.py:161} INFO - Started process (PID=553) to work on /opt/airflow/dags/json_dag.py
[2026-09-16T15:57:39.886+0000] {processor.py:830} INFO - Processing file /opt/airflow/dags/json_dag.py for tasks to queue
[2026-09-16T15:57:39.889+0000] {logging_mixin.py:188} INFO - [2026-09-16T15:57:39.889+0000] {dagbag.py:545} INFO - Filling up the DagBag from /opt/airflow/dags/json_dag.py
[2026-09-16T15:57:40.466+0000] {processor.py:840} INFO - DAG(s) 'json_dag' retrieved from /opt/airflow/dags/json_dag.py
[2026-09-16T15:57:40.488+0000] {logging_mixin.py:188} INFO - [2026-09-16T15:57:40.487+0000] {dag.py:3096} INFO - Sync 1 DAGs
[2026-09-16T15:57:40.511+0000] {logging_mixin.py:188} INFO - [2026-09-16T15:57:40.510+0000] {dag.py:3954} INFO - Setting next_dagrun for json_dag to 2026-09-16 15:02:00+00:00, run_after=2026-09-16 16:02:00+00:00
[2026-09-16T15:57:40.535+0000] {processor.py:183} INFO - Processing /opt/airflow/dags/json_dag.py took 0.661 seconds
[2026-09-16T15:58:11.377+0000] {processor.py:161} INFO - Started process (PID=562) to work on /opt/airflow/dags/json_dag.py
[2026-09-16T15:58:11.378+0000] {processor.py:830} INFO - Processing file /opt/airflow/dags/json_dag.py for tasks to queue
[2026-09-16T15:58:11.381+0000] {logging_mixin.py:188} INFO - [2026-09-16T15:58:11.381+0000] {dagbag.py:545} INFO - Filling up the DagBag from /opt/airflow/dags/json_dag.py
[2026-09-16T15:58:11.968+0000] {processor.py:840} INFO - DAG(s) 'json_dag' retrieved from /opt/airflow/dags/json_dag.py
[2026-09-16T15:58:11.994+0000] {logging_mixin.py:188} INFO - [2026-09-16T15:58:11.994+0000] {dag.py:3096} INFO - Sync 1 DAGs
[2026-09-16T15:58:12.023+0000] {logging_mixin.py:188} INFO - [2026-09-16T15:58:12.023+0000] {dag.py:3954} INFO - Setting next_dagrun for json_dag to 2026-09-16 15:02:00+00:00, run_after=2026-09-16 16:02:00+00:00
[2026-09-16T15:58:12.264+0000] {processor.py:183} INFO - Processing /opt/airflow/dags/json_dag.py took 0.894 seconds
[2026-09-16T15:58:42.577+0000] {processor.py:161} INFO - Started process (PID=577) to work on /opt/airflow/dags/json_dag.py
[2026-09-16T15:58:42.578+0000] {processor.py:830} INFO - Processing file /opt/airflow/dags/json_dag.py for tasks to queue
[2026-09-16T15:58:42.580+0000] {logging_mixin.py:188} INFO - [2026-09-16T15:58:42.580+0000] {dagbag.py:545} INFO - Filling up the DagBag from /opt/airflow/dags/json_dag.py
[2026-09-16T15:58:42.968+0000] {processor.py:840} INFO - DAG(s) 'json_dag' retrieved from /opt/airflow/dags/json_dag.py
[2026-09-16T15:58:42.990+0000] {logging_mixin.py:188} INFO - [2026-09-16T15:58:42.990+0000] {dag.py:3096} INFO - Sync 1 DAGs
[2026-09-16T15:58:43.011+0000] {logging_mixin.py:188} INFO - [2026-09-16T15:58:43.010+0000] {dag.py:3954} INFO - Setting next_dagrun for json_dag to 2026-09-16 15:02:00+00:00, run_after=2026-09-16 16:02:00+00:00
[2026-09-16T15:58:43.030+0000] {processor.py:183} INFO - Processing /opt/airflow/dags/json_dag.py took 0.459 seconds
[2026-09-16T15:59:13.938+0000] {processor.py:161} INFO - Started process (PID=586) to work on /opt/airflow/dags/json_dag.py
[2026-09-16T15:59:13.940+0000] {processor.py:830} INFO - Processing file /opt/airflow/dags/json_dag.py for tasks to queue
[2026-09-16T15:59:13.942+0000] {logging_mixin.py:188} INFO - [2026-09-16T15:59:13.942+0000] {dagbag.py:545} INFO - Filling up the DagBag from /opt/airflow/dags/json_dag.py
[2026-09-16T15:59:14.336+0000] {processor.py:840} INFO - DAG(s) 'json_dag' retrieved from /opt/airflow/dags/json_dag.py
[2026-09-16T15:59:14.362+0000] {logging_mixin.py:188} INFO - [2026-09-16T15:59:14.361+0000] {dag.py:3096} INFO - Sync 1 DAGs
[2026-09-16T15:59:14.381+0000] {logging_mixin.py:188} INFO - [2026-09-16T15:59:14.381+0000] {dag.py:3954} INFO - Setting next_dagrun for json_dag to 2026-09-16 15:02:00+00:00, run_after=2026-09-16 16:02:00+00:00
[2026-09-16T15:59:14.402+0000] {processor.py:183} INFO - Processing /opt/airflow/dags/json_dag.py took 0.470 seconds
[2026-09-16T15:59:45.324+0000] {processor.py:161} INFO - Started process (PID=595) to work on /opt/airflow/dags/json_dag.py
[2026-09-16T15:59:45.326+0000] {processor.py:830} INFO - Processing file /opt/airflow/dags/json_dag.py for tasks to queue
[2026-09-16T15:59:45.330+0000] {logging_mixin.py:188} INFO - [2026-09-16T15:59:45.329+0000] {dagbag.py:545} INFO - Filling up the DagBag from /opt/airflow/dags/json_dag.py
[2026-09-16T15:59:45.766+0000] {processor.py:840} INFO - DAG(s) 'json_dag' retrieved from /opt/airflow/dags/json_dag.py
[2026-09-16T15:59:45.794+0000] {logging_mixin.py:188} INFO - [2026-09-16T15:59:45.793+0000] {dag.py:3096} INFO - Sync 1 DAGs
[2026-09-16T15:59:45.819+0000] {logging_mixin.py:188} INFO - [2026-09-16T15:59:45.819+0000] {dag.py:3954} INFO - Setting next_dagrun for json_dag to 2026-09-16 15:02:00+00:00, run_after=2026-09-16 16:02:00+00:00
[2026-09-16T15:59:45.841+0000] {processor.py:183} INFO - Processing /opt/airflow/dags/json_dag.py took 0.524 seconds
[2026-09-16T16:00:16.344+0000] {processor.py:161} INFO - Started process (PID=605) to work on /opt/airflow/dags/json_dag.py
[2026-09-16T16:00:16.345+0000] {processor.py:830} INFO - Processing file /opt/airflow/dags/json_dag.py for tasks to queue
[2026-09-16T16:00:16.347+0000] {logging_mixin.py:188} INFO - [2026-09-16T16:00:16.347+0000] {dagbag.py:545} INFO - Filling up the DagBag from /opt/airflow/dags/json_dag.py
[2026-09-16T16:00:16.722+0000] {processor.py:840} INFO - DAG(s) 'json_dag' retrieved from /opt/airflow/dags/json_dag.py
[2026-09-16T16:00:16.740+0000] {logging_mixin.py:188} INFO - [2026-09-16T16:00:16.740+0000] {dag.py:3096} INFO - Sync 1 DAGs
[2026-09-16T16:00:16.763+0000] {logging_mixin.py:188} INFO - [2026-09-16T16:00:16.763+0000] {dag.py:3954} INFO - Setting next_dagrun for json_dag to 2026-09-16 15:02:00+00:00, run_after=2026-09-16 16:02:00+00:00
[2026-09-16T16:00:16.787+0000] {processor.py:183} INFO - Processing /opt/airflow/dags/json_dag.py took 0.450 seconds
[2026-09-16T16:00:46.873+0000] {processor.py:161} INFO - Started process (PID=614) to work on /opt/airflow/dags/json_dag.py
[2026-09-16T16:00:46.875+0000] {processor.py:830} INFO - Processing file /opt/airflow/dags/json_dag.py for tasks to queue
[2026-09-16T16:00:46.878+0000] {logging_mixin.py:188} INFO - [2026-09-16T16:00:46.878+0000] {dagbag.py:545} INFO - Filling up the DagBag from /opt/airflow/dags/json_dag.py
[2026-09-16T16:00:47.393+0000] {processor.py:840} INFO - DAG(s) 'json_dag' retrieved from /opt/airflow/dags/json_dag.py
[2026-09-16T16:00:47.418+0000] {logging_mixin.py:188} INFO - [2026-09-16T16:00:47.418+0000] {dag.py:3096} INFO - Sync 1 DAGs
[2026-09-16T16:00:47.443+0000] {logging_mixin.py:188} INFO - [2026-09-16T16:00:47.443+0000] {dag.py:3954} INFO - Setting next_dagrun for json_dag to 2026-09-16 15:02:00+00:00, run_after=2026-09-16 16:02:00+00:00
[2026-09-16T16:00:47.468+0000] {processor.py:183} INFO - Processing /opt/airflow/dags/json_dag.py took 0.603 seconds
[2026-09-16T16:01:18.176+0000] {processor.py:161} INFO - Started process (PID=623) to work on /opt/airflow/dags/json_dag.py
[2026-09-16T16:01:18.178+0000] {processor.py:830} INFO - Processing file /opt/airflow/dags/json_dag.py for tasks to queue
[2026-09-16T16:01:18.180+0000] {logging_mixin.py:188} INFO - [2026-09-16T16:01:18.179+0000] {dagbag.py:545} INFO - Filling up the DagBag from /opt/airflow/dags/json_dag.py
[2026-09-16T16:01:18.602+0000] {processor.py:840} INFO - DAG(s) 'json_dag' retrieved from /opt/airflow/dags/json_dag.py
[2026-09-16T16:01:18.621+0000] {logging_mixin.py:188} INFO - [2026-09-16T16:01:18.620+0000] {dag.py:3096} INFO - Sync 1 DAGs
[2026-09-16T16:01:18.641+0000] {logging_mixin.py:188} INFO - [2026-09-16T16:01:18.641+0000] {dag.py:3954} INFO - Setting next_dagrun for json_dag to 2026-09-16 15:02:00+00:00, run_after=2026-09-16 16:02:00+00:00
[2026-09-16T16:01:18.661+0000] {processor.py:183} INFO - Processing /opt/airflow/dags/json_dag.py took 0.491 seconds
[2026-09-16T16:01:49.546+0000] {processor.py:161} INFO - Started process (PID=632) to work on /opt/airflow/dags/json_dag.py
[2026-09-16T16:01:49.547+0000] {processor.py:830} INFO - Processing file /opt/airflow/dags/json_dag.py for tasks to queue
[2026-09-16T16:01:49.549+0000] {logging_mixin.py:188} INFO - [2026-09-16T16:01:49.549+0000] {dagbag.py:545} INFO - Filling up the DagBag from /opt/airflow/dags/json_dag.py
[2026-09-16T16:01:49.919+0000] {processor.py:840} INFO - DAG(s) 'json_dag' retrieved from /opt/airflow/dags/json_dag.py
[2026-09-16T16:01:49.947+0000] {logging_mixin.py:188} INFO - [2026-09-16T16:01:49.946+0000] {dag.py:3096} INFO - Sync 1 DAGs
[2026-09-16T16:01:49.975+0000] {logging_mixin.py:188} INFO - [2026-09-16T16:01:49.975+0000] {dag.py:3954} INFO - Setting next_dagrun for json_dag to 2026-09-16 15:02:00+00:00, run_after=2026-09-16 16:02:00+00:00
[2026-09-16T16:01:49.998+0000] {processor.py:183} INFO - Processing /opt/airflow/dags/json_dag.py took 0.458 seconds
[2026-09-16T16:02:20.923+0000] {processor.py:161} INFO - Started process (PID=641) to work on /opt/airflow/dags/json_dag.py
[2026-09-16T16:02:20.924+0000] {processor.py:830} INFO - Processing file /opt/airflow/dags/json_dag.py for tasks to queue
[2026-09-16T16:02:20.927+0000] {logging_mixin.py:188} INFO - [2026-09-16T16:02:20.926+0000] {dagbag.py:545} INFO - Filling up the DagBag from /opt/airflow/dags/json_dag.py
[2026-09-16T16:02:21.346+0000] {processor.py:840} INFO - DAG(s) 'json_dag' retrieved from /opt/airflow/dags/json_dag.py
[2026-09-16T16:02:21.367+0000] {logging_mixin.py:188} INFO - [2026-09-16T16:02:21.367+0000] {dag.py:3096} INFO - Sync 1 DAGs
[2026-09-16T16:02:21.388+0000] {logging_mixin.py:188} INFO - [2026-09-16T16:02:21.387+0000] {dag.py:3954} INFO - Setting next_dagrun for json_dag to 2026-09-16 16:02:00+00:00, run_after=2026-09-16 17:02:00+00:00
[2026-09-16T16:02:21.411+0000] {processor.py:183} INFO - Processing /opt/airflow/dags/json_dag.py took 0.495 seconds
[2026-09-16T16:02:52.294+0000] {processor.py:161} INFO - Started process (PID=650) to work on /opt/airflow/dags/json_dag.py
[2026-09-16T16:02:52.295+0000] {processor.py:830} INFO - Processing file /opt/airflow/dags/json_dag.py for tasks to queue
[2026-09-16T16:02:52.297+0000] {logging_mixin.py:188} INFO - [2026-09-16T16:02:52.297+0000] {dagbag.py:545} INFO - Filling up the DagBag from /opt/airflow/dags/json_dag.py
[2026-09-16T16:02:52.685+0000] {processor.py:840} INFO - DAG(s) 'json_dag' retrieved from /opt/airflow/dags/json_dag.py
[2026-09-16T16:02:52.708+0000] {logging_mixin.py:188} INFO - [2026-09-16T16:02:52.707+0000] {dag.py:3096} INFO - Sync 1 DAGs
[2026-09-16T16:02:52.732+0000] {logging_mixin.py:188} INFO - [2026-09-16T16:02:52.731+0000] {dag.py:3954} INFO - Setting next_dagrun for json_dag to 2026-09-16 16:02:00+00:00, run_after=2026-09-16 17:02:00+00:00
[2026-09-16T16:02:52.753+0000] {processor.py:183} INFO - Processing /opt/airflow/dags/json_dag.py took 0.465 seconds
[2026-09-16T16:03:23.680+0000] {processor.py:161} INFO - Started process (PID=659) to work on /opt/airflow/dags/json_dag.py
[2026-09-16T16:03:23.681+0000] {processor.py:830} INFO - Processing file /opt/airflow/dags/json_dag.py for tasks to queue
[2026-09-16T16:03:23.683+0000] {logging_mixin.py:188} INFO - [2026-09-16T16:03:23.683+0000] {dagbag.py:545} INFO - Filling up the DagBag from /opt/airflow/dags/json_dag.py
[2026-09-16T16:03:24.050+0000] {processor.py:840} INFO - DAG(s) 'json_dag' retrieved from /opt/airflow/dags/json_dag.py
[2026-09-16T16:03:24.072+0000] {logging_mixin.py:188} INFO - [2026-09-16T16:03:24.072+0000] {dag.py:3096} INFO - Sync 1 DAGs
[2026-09-16T16:03:24.094+0000] {logging_mixin.py:188} INFO - [2026-09-16T16:03:24.094+0000] {dag.py:3954} INFO - Setting next_dagrun for json_dag to 2026-09-16 16:02:00+00:00, run_after=2026-09-16 17:02:00+00:00
[2026-09-16T16:03:24.115+0000] {processor.py:183} INFO - Processing /opt/airflow/dags/json_dag.py took 0.441 seconds
[2026-09-16T16:03:55.088+0000] {processor.py:161} INFO - Started process (PID=668) to work on /opt/airflow/dags/json_dag.py
[2026-09-16T16:03:55.089+0000] {processor.py:830} INFO - Processing file /opt/airflow/dags/json_dag.py for tasks to queue
[2026-09-16T16:03:55.090+0000] {logging_mixin.py:188} INFO - [2026-09-16T16:03:55.090+0000] {dagbag.py:545} INFO - Filling up the DagBag from /opt/airflow/dags/json_dag.py
[2026-09-16T16:03:55.435+0000] {processor.py:840} INFO - DAG(s) 'json_dag' retrieved from /opt/airflow/dags/json_dag.py
[2026-09-16T16:03:55.454+0000] {logging_mixin.py:188} INFO - [2026-09-16T16:03:55.454+0000] {dag.py:3096} INFO - Sync 1 DAGs
[2026-09-16T16:03:55.475+0000] {logging_mixin.py:188} INFO - [2026-09-16T16:03:55.475+0000] {dag.py:3954} INFO - Setting next_dagrun for json_dag to 2026-09-16 16:02:00+00:00, run_after=2026-09-16 17:02:00+00:00
[2026-09-16T16:03:55.635+0000] {processor.py:183} INFO - Processing /opt/airflow/dags/json_dag.py took 0.554 seconds
[2026-09-16T16:04:26.442+0000] {processor.py:161} INFO - Started process (PID=678) to work on /opt/airflow/dags/json_dag.py
[2026-09-16T16:04:26.443+0000] {processor.py:830} INFO - Processing file /opt/airflow/dags/json_dag.py for tasks to queue
[2026-09-16T16:04:26.446+0000] {logging_mixin.py:188} INFO - [2026-09-16T16:04:26.446+0000] {dagbag.py:545} INFO - Filling up the DagBag from /opt/airflow/dags/json_dag.py
[2026-09-16T16:04:26.810+0000] {processor.py:840} INFO - DAG(s) 'json_dag' retrieved from /opt/airflow/dags/json_dag.py
[2026-09-16T16:04:26.833+0000] {logging_mixin.py:188} INFO - [2026-09-16T16:04:26.832+0000] {dag.py:3096} INFO - Sync 1 DAGs
[2026-09-16T16:04:26.852+0000] {logging_mixin.py:188} INFO - [2026-09-16T16:04:26.852+0000] {dag.py:3954} INFO - Setting next_dagrun for json_dag to 2026-09-16 16:02:00+00:00, run_after=2026-09-16 17:02:00+00:00
[2026-09-16T16:04:26.873+0000] {processor.py:183} INFO - Processing /opt/airflow/dags/json_dag.py took 0.440 seconds
[2026-09-16T16:04:56.949+0000] {processor.py:161} INFO - Started process (PID=687) to work on /opt/airflow/dags/json_dag.py
[2026-09-16T16:04:56.950+0000] {processor.py:830} INFO - Processing file /opt/airflow/dags/json_dag.py for tasks to queue
[2026-09-16T16:04:56.952+0000] {logging_mixin.py:188} INFO - [2026-09-16T16:04:56.951+0000] {dagbag.py:545} INFO - Filling up the DagBag from /opt/airflow/dags/json_dag.py
[2026-09-16T16:04:57.328+0000] {processor.py:840} INFO - DAG(s) 'json_dag' retrieved from /opt/airflow/dags/json_dag.py
[2026-09-16T16:04:57.347+0000] {logging_mixin.py:188} INFO - [2026-09-16T16:04:57.347+0000] {dag.py:3096} INFO - Sync 1 DAGs
[2026-09-16T16:04:57.367+0000] {logging_mixin.py:188} INFO - [2026-09-16T16:04:57.367+0000] {dag.py:3954} INFO - Setting next_dagrun for json_dag to 2026-09-16 16:02:00+00:00, run_after=2026-09-16 17:02:00+00:00
[2026-09-16T16:04:57.385+0000] {processor.py:183} INFO - Processing /opt/airflow/dags/json_dag.py took 0.442 seconds
[2026-09-16T16:05:28.226+0000] {processor.py:161} INFO - Started process (PID=696) to work on /opt/airflow/dags/json_dag.py
[2026-09-16T16:05:28.227+0000] {processor.py:830} INFO - Processing file /opt/airflow/dags/json_dag.py for tasks to queue
[2026-09-16T16:05:28.229+0000] {logging_mixin.py:188} INFO - [2026-09-16T16:05:28.229+0000] {dagbag.py:545} INFO - Filling up the DagBag from /opt/airflow/dags/json_dag.py
[2026-09-16T16:05:28.587+0000] {processor.py:840} INFO - DAG(s) 'json_dag' retrieved from /opt/airflow/dags/json_dag.py
[2026-09-16T16:05:28.608+0000] {logging_mixin.py:188} INFO - [2026-09-16T16:05:28.608+0000] {dag.py:3096} INFO - Sync 1 DAGs
[2026-09-16T16:05:28.629+0000] {logging_mixin.py:188} INFO - [2026-09-16T16:05:28.629+0000] {dag.py:3954} INFO - Setting next_dagrun for json_dag to 2026-09-16 16:02:00+00:00, run_after=2026-09-16 17:02:00+00:00
[2026-09-16T16:05:28.649+0000] {processor.py:183} INFO - Processing /opt/airflow/dags/json_dag.py took 0.429 seconds
[2026-09-16T16:05:58.725+0000] {processor.py:161} INFO - Started process (PID=705) to work on /opt/airflow/dags/json_dag.py
[2026-09-16T16:05:58.726+0000] {processor.py:830} INFO - Processing file /opt/airflow/dags/json_dag.py for tasks to queue
[2026-09-16T16:05:58.728+0000] {logging_mixin.py:188} INFO - [2026-09-16T16:05:58.728+0000] {dagbag.py:545} INFO - Filling up the DagBag from /opt/airflow/dags/json_dag.py
[2026-09-16T16:05:59.072+0000] {processor.py:840} INFO - DAG(s) 'json_dag' retrieved from /opt/airflow/dags/json_dag.py
[2026-09-16T16:05:59.099+0000] {logging_mixin.py:188} INFO - [2026-09-16T16:05:59.099+0000] {dag.py:3096} INFO - Sync 1 DAGs
[2026-09-16T16:05:59.124+0000] {logging_mixin.py:188} INFO - [2026-09-16T16:05:59.123+0000] {dag.py:3954} INFO - Setting next_dagrun for json_dag to 2026-09-16 16:02:00+00:00, run_after=2026-09-16 17:02:00+00:00
[2026-09-16T16:05:59.146+0000] {processor.py:183} INFO - Processing /opt/airflow/dags/json_dag.py took 0.427 seconds
[2026-09-16T16:06:30.041+0000] {processor.py:161} INFO - Started process (PID=714) to work on /opt/airflow/dags/json_dag.py
[2026-09-16T16:06:30.042+0000] {processor.py:830} INFO - Processing file /opt/airflow/dags/json_dag.py for tasks to queue
[2026-09-16T16:06:30.044+0000] {logging_mixin.py:188} INFO - [2026-09-16T16:06:30.043+0000] {dagbag.py:545} INFO - Filling up the DagBag from /opt/airflow/dags/json_dag.py
[2026-09-16T16:06:30.377+0000] {processor.py:840} INFO - DAG(s) 'json_dag' retrieved from /opt/airflow/dags/json_dag.py
[2026-09-16T16:06:30.395+0000] {logging_mixin.py:188} INFO - [2026-09-16T16:06:30.395+0000] {dag.py:3096} INFO - Sync 1 DAGs
[2026-09-16T16:06:30.413+0000] {logging_mixin.py:188} INFO - [2026-09-16T16:06:30.413+0000] {dag.py:3954} INFO - Setting next_dagrun for json_dag to 2026-09-16 16:02:00+00:00, run_after=2026-09-16 17:02:00+00:00
[2026-09-16T16:06:30.543+0000] {processor.py:183} INFO - Processing /opt/airflow/dags/json_dag.py took 0.508 seconds
[2026-09-16T16:07:01.453+0000] {processor.py:161} INFO - Started process (PID=723) to work on /opt/airflow/dags/json_dag.py
[2026-09-16T16:07:01.454+0000] {processor.py:830} INFO - Processing file /opt/airflow/dags/json_dag.py for tasks to queue
[2026-09-16T16:07:01.456+0000] {logging_mixin.py:188} INFO - [2026-09-16T16:07:01.455+0000] {dagbag.py:545} INFO - Filling up the DagBag from /opt/airflow/dags/json_dag.py
[2026-09-16T16:07:01.835+0000] {processor.py:840} INFO - DAG(s) 'json_dag' retrieved from /opt/airflow/dags/json_dag.py
[2026-09-16T16:07:01.854+0000] {logging_mixin.py:188} INFO - [2026-09-16T16:07:01.854+0000] {dag.py:3096} INFO - Sync 1 DAGs
[2026-09-16T16:07:01.992+0000] {logging_mixin.py:188} INFO - [2026-09-16T16:07:01.991+0000] {dag.py:3954} INFO - Setting next_dagrun for json_dag to 2026-09-16 16:02:00+00:00, run_after=2026-09-16 17:02:00+00:00
[2026-09-16T16:07:02.013+0000] {processor.py:183} INFO - Processing /opt/airflow/dags/json_dag.py took 0.568 seconds
[2026-09-16T16:07:32.825+0000] {processor.py:161} INFO - Started process (PID=732) to work on /opt/airflow/dags/json_dag.py
[2026-09-16T16:07:32.826+0000] {processor.py:830} INFO - Processing file /opt/airflow/dags/json_dag.py for tasks to queue
[2026-09-16T16:07:32.828+0000] {logging_mixin.py:188} INFO - [2026-09-16T16:07:32.827+0000] {dagbag.py:545} INFO - Filling up the DagBag from /opt/airflow/dags/json_dag.py
[2026-09-16T16:07:33.228+0000] {processor.py:840} INFO - DAG(s) 'json_dag' retrieved from /opt/airflow/dags/json_dag.py
[2026-09-16T16:07:33.250+0000] {logging_mixin.py:188} INFO - [2026-09-16T16:07:33.249+0000] {dag.py:3096} INFO - Sync 1 DAGs
[2026-09-16T16:07:33.274+0000] {logging_mixin.py:188} INFO - [2026-09-16T16:07:33.274+0000] {dag.py:3954} INFO - Setting next_dagrun for json_dag to 2026-09-16 16:02:00+00:00, run_after=2026-09-16 17:02:00+00:00
[2026-09-16T16:07:33.294+0000] {processor.py:183} INFO - Processing /opt/airflow/dags/json_dag.py took 0.475 seconds
[2026-09-16T16:08:03.354+0000] {processor.py:161} INFO - Started process (PID=741) to work on /opt/airflow/dags/json_dag.py
[2026-09-16T16:08:03.355+0000] {processor.py:830} INFO - Processing file /opt/airflow/dags/json_dag.py for tasks to queue
[2026-09-16T16:08:03.358+0000] {logging_mixin.py:188} INFO - [2026-09-16T16:08:03.358+0000] {dagbag.py:545} INFO - Filling up the DagBag from /opt/airflow/dags/json_dag.py
[2026-09-16T16:08:03.711+0000] {processor.py:840} INFO - DAG(s) 'json_dag' retrieved from /opt/airflow/dags/json_dag.py
[2026-09-16T16:08:03.732+0000] {logging_mixin.py:188} INFO - [2026-09-16T16:08:03.732+0000] {dag.py:3096} INFO - Sync 1 DAGs
[2026-09-16T16:08:03.751+0000] {logging_mixin.py:188} INFO - [2026-09-16T16:08:03.751+0000] {dag.py:3954} INFO - Setting next_dagrun for json_dag to 2026-09-16 16:02:00+00:00, run_after=2026-09-16 17:02:00+00:00
[2026-09-16T16:08:03.772+0000] {processor.py:183} INFO - Processing /opt/airflow/dags/json_dag.py took 0.424 seconds
[2026-09-16T16:08:34.639+0000] {processor.py:161} INFO - Started process (PID=750) to work on /opt/airflow/dags/json_dag.py
[2026-09-16T16:08:34.640+0000] {processor.py:830} INFO - Processing file /opt/airflow/dags/json_dag.py for tasks to queue
[2026-09-16T16:08:34.642+0000] {logging_mixin.py:188} INFO - [2026-09-16T16:08:34.642+0000] {dagbag.py:545} INFO - Filling up the DagBag from /opt/airflow/dags/json_dag.py
[2026-09-16T16:08:35.024+0000] {processor.py:840} INFO - DAG(s) 'json_dag' retrieved from /opt/airflow/dags/json_dag.py
[2026-09-16T16:08:35.044+0000] {logging_mixin.py:188} INFO - [2026-09-16T16:08:35.044+0000] {dag.py:3096} INFO - Sync 1 DAGs
[2026-09-16T16:08:35.064+0000] {logging_mixin.py:188} INFO - [2026-09-16T16:08:35.064+0000] {dag.py:3954} INFO - Setting next_dagrun for json_dag to 2026-09-16 16:02:00+00:00, run_after=2026-09-16 17:02:00+00:00
[2026-09-16T16:08:35.083+0000] {processor.py:183} INFO - Processing /opt/airflow/dags/json_dag.py took 0.450 seconds
[2026-09-16T16:09:05.143+0000] {processor.py:161} INFO - Started process (PID=759) to work on /opt/airflow/dags/json_dag.py
[2026-09-16T16:09:05.144+0000] {processor.py:830} INFO - Processing file /opt/airflow/dags/json_dag.py for tasks to queue
[2026-09-16T16:09:05.147+0000] {logging_mixin.py:188} INFO - [2026-09-16T16:09:05.147+0000] {dagbag.py:545} INFO - Filling up the DagBag from /opt/airflow/dags/json_dag.py
[2026-09-16T16:09:05.537+0000] {processor.py:840} INFO - DAG(s) 'json_dag' retrieved from /opt/airflow/dags/json_dag.py
[2026-09-16T16:09:05.558+0000] {logging_mixin.py:188} INFO - [2026-09-16T16:09:05.558+0000] {dag.py:3096} INFO - Sync 1 DAGs
[2026-09-16T16:09:05.578+0000] {logging_mixin.py:188} INFO - [2026-09-16T16:09:05.578+0000] {dag.py:3954} INFO - Setting next_dagrun for json_dag to 2026-09-16 16:02:00+00:00, run_after=2026-09-16 17:02:00+00:00
[2026-09-16T16:09:05.597+0000] {processor.py:183} INFO - Processing /opt/airflow/dags/json_dag.py took 0.461 seconds
[2026-09-16T16:09:36.446+0000] {processor.py:161} INFO - Started process (PID=768) to work on /opt/airflow/dags/json_dag.py
[2026-09-16T16:09:36.447+0000] {processor.py:830} INFO - Processing file /opt/airflow/dags/json_dag.py for tasks to queue
[2026-09-16T16:09:36.450+0000] {logging_mixin.py:188} INFO - [2026-09-16T16:09:36.450+0000] {dagbag.py:545} INFO - Filling up the DagBag from /opt/airflow/dags/json_dag.py
[2026-09-16T16:09:36.800+0000] {processor.py:840} INFO - DAG(s) 'json_dag' retrieved from /opt/airflow/dags/json_dag.py
[2026-09-16T16:09:36.819+0000] {logging_mixin.py:188} INFO - [2026-09-16T16:09:36.819+0000] {dag.py:3096} INFO - Sync 1 DAGs
[2026-09-16T16:09:36.843+0000] {logging_mixin.py:188} INFO - [2026-09-16T16:09:36.843+0000] {dag.py:3954} INFO - Setting next_dagrun for json_dag to 2026-09-16 16:02:00+00:00, run_after=2026-09-16 17:02:00+00:00
[2026-09-16T16:09:37.002+0000] {processor.py:183} INFO - Processing /opt/airflow/dags/json_dag.py took 0.562 seconds
[2026-09-16T16:10:07.872+0000] {processor.py:161} INFO - Started process (PID=777) to work on /opt/airflow/dags/json_dag.py
[2026-09-16T16:10:07.873+0000] {processor.py:830} INFO - Processing file /opt/airflow/dags/json_dag.py for tasks to queue
[2026-09-16T16:10:07.874+0000] {logging_mixin.py:188} INFO - [2026-09-16T16:10:07.874+0000] {dagbag.py:545} INFO - Filling up the DagBag from /opt/airflow/dags/json_dag.py
[2026-09-16T16:10:08.233+0000] {processor.py:840} INFO - DAG(s) 'json_dag' retrieved from /opt/airflow/dags/json_dag.py
[2026-09-16T16:10:08.255+0000] {logging_mixin.py:188} INFO - [2026-09-16T16:10:08.254+0000] {dag.py:3096} INFO - Sync 1 DAGs
[2026-09-16T16:10:08.274+0000] {logging_mixin.py:188} INFO - [2026-09-16T16:10:08.274+0000] {dag.py:3954} INFO - Setting next_dagrun for json_dag to 2026-09-16 16:02:00+00:00, run_after=2026-09-16 17:02:00+00:00
[2026-09-16T16:10:08.292+0000] {processor.py:183} INFO - Processing /opt/airflow/dags/json_dag.py took 0.426 seconds
[2026-09-16T16:10:38.390+0000] {processor.py:161} INFO - Started process (PID=786) to work on /opt/airflow/dags/json_dag.py
[2026-09-16T16:10:38.391+0000] {processor.py:830} INFO - Processing file /opt/airflow/dags/json_dag.py for tasks to queue
[2026-09-16T16:10:38.393+0000] {logging_mixin.py:188} INFO - [2026-09-16T16:10:38.393+0000] {dagbag.py:545} INFO - Filling up the DagBag from /opt/airflow/dags/json_dag.py
[2026-09-16T16:10:38.751+0000] {processor.py:840} INFO - DAG(s) 'json_dag' retrieved from /opt/airflow/dags/json_dag.py
[2026-09-16T16:10:38.771+0000] {logging_mixin.py:188} INFO - [2026-09-16T16:10:38.770+0000] {dag.py:3096} INFO - Sync 1 DAGs
[2026-09-16T16:10:38.791+0000] {logging_mixin.py:188} INFO - [2026-09-16T16:10:38.791+0000] {dag.py:3954} INFO - Setting next_dagrun for json_dag to 2026-09-16 16:02:00+00:00, run_after=2026-09-16 17:02:00+00:00
[2026-09-16T16:10:38.810+0000] {processor.py:183} INFO - Processing /opt/airflow/dags/json_dag.py took 0.426 seconds
[2026-09-16T16:11:09.723+0000] {processor.py:161} INFO - Started process (PID=795) to work on /opt/airflow/dags/json_dag.py
[2026-09-16T16:11:09.724+0000] {processor.py:830} INFO - Processing file /opt/airflow/dags/json_dag.py for tasks to queue
[2026-09-16T16:11:09.726+0000] {logging_mixin.py:188} INFO - [2026-09-16T16:11:09.726+0000] {dagbag.py:545} INFO - Filling up the DagBag from /opt/airflow/dags/json_dag.py
[2026-09-16T16:11:10.110+0000] {processor.py:840} INFO - DAG(s) 'json_dag' retrieved from /opt/airflow/dags/json_dag.py
[2026-09-16T16:11:10.131+0000] {logging_mixin.py:188} INFO - [2026-09-16T16:11:10.131+0000] {dag.py:3096} INFO - Sync 1 DAGs
[2026-09-16T16:11:10.150+0000] {logging_mixin.py:188} INFO - [2026-09-16T16:11:10.150+0000] {dag.py:3954} INFO - Setting next_dagrun for json_dag to 2026-09-16 16:02:00+00:00, run_after=2026-09-16 17:02:00+00:00
[2026-09-16T16:11:10.169+0000] {processor.py:183} INFO - Processing /opt/airflow/dags/json_dag.py took 0.452 seconds
[2026-09-16T16:11:41.128+0000] {processor.py:161} INFO - Started process (PID=804) to work on /opt/airflow/dags/json_dag.py
[2026-09-16T16:11:41.130+0000] {processor.py:830} INFO - Processing file /opt/airflow/dags/json_dag.py for tasks to queue
[2026-09-16T16:11:41.132+0000] {logging_mixin.py:188} INFO - [2026-09-16T16:11:41.131+0000] {dagbag.py:545} INFO - Filling up the DagBag from /opt/airflow/dags/json_dag.py
[2026-09-16T16:11:41.580+0000] {processor.py:840} INFO - DAG(s) 'json_dag' retrieved from /opt/airflow/dags/json_dag.py
[2026-09-16T16:11:41.601+0000] {logging_mixin.py:188} INFO - [2026-09-16T16:11:41.600+0000] {dag.py:3096} INFO - Sync 1 DAGs
[2026-09-16T16:11:41.619+0000] {logging_mixin.py:188} INFO - [2026-09-16T16:11:41.619+0000] {dag.py:3954} INFO - Setting next_dagrun for json_dag to 2026-09-16 16:02:00+00:00, run_after=2026-09-16 17:02:00+00:00
[2026-09-16T16:11:41.640+0000] {processor.py:183} INFO - Processing /opt/airflow/dags/json_dag.py took 0.517 seconds
[2026-09-16T16:12:12.518+0000] {processor.py:161} INFO - Started process (PID=813) to work on /opt/airflow/dags/json_dag.py
[2026-09-16T16:12:12.519+0000] {processor.py:830} INFO - Processing file /opt/airflow/dags/json_dag.py for tasks to queue
[2026-09-16T16:12:12.521+0000] {logging_mixin.py:188} INFO - [2026-09-16T16:12:12.521+0000] {dagbag.py:545} INFO - Filling up the DagBag from /opt/airflow/dags/json_dag.py
[2026-09-16T16:12:12.899+0000] {processor.py:840} INFO - DAG(s) 'json_dag' retrieved from /opt/airflow/dags/json_dag.py
[2026-09-16T16:12:12.919+0000] {logging_mixin.py:188} INFO - [2026-09-16T16:12:12.918+0000] {dag.py:3096} INFO - Sync 1 DAGs
[2026-09-16T16:12:12.937+0000] {logging_mixin.py:188} INFO - [2026-09-16T16:12:12.937+0000] {dag.py:3954} INFO - Setting next_dagrun for json_dag to 2026-09-16 16:02:00+00:00, run_after=2026-09-16 17:02:00+00:00
[2026-09-16T16:12:13.092+0000] {processor.py:183} INFO - Processing /opt/airflow/dags/json_dag.py took 0.580 seconds
[2026-09-16T16:12:43.873+0000] {processor.py:161} INFO - Started process (PID=828) to work on /opt/airflow/dags/json_dag.py
[2026-09-16T16:12:43.874+0000] {processor.py:830} INFO - Processing file /opt/airflow/dags/json_dag.py for tasks to queue
[2026-09-16T16:12:43.875+0000] {logging_mixin.py:188} INFO - [2026-09-16T16:12:43.875+0000] {dagbag.py:545} INFO - Filling up the DagBag from /opt/airflow/dags/json_dag.py
[2026-09-16T16:12:44.224+0000] {processor.py:840} INFO - DAG(s) 'json_dag' retrieved from /opt/airflow/dags/json_dag.py
[2026-09-16T16:12:44.246+0000] {logging_mixin.py:188} INFO - [2026-09-16T16:12:44.246+0000] {dag.py:3096} INFO - Sync 1 DAGs
[2026-09-16T16:12:44.428+0000] {logging_mixin.py:188} INFO - [2026-09-16T16:12:44.428+0000] {dag.py:3954} INFO - Setting next_dagrun for json_dag to 2026-09-16 16:02:00+00:00, run_after=2026-09-16 17:02:00+00:00
[2026-09-16T16:12:44.456+0000] {processor.py:183} INFO - Processing /opt/airflow/dags/json_dag.py took 0.590 seconds
[2026-09-16T16:13:15.277+0000] {processor.py:161} INFO - Started process (PID=838) to work on /opt/airflow/dags/json_dag.py
[2026-09-16T16:13:15.279+0000] {processor.py:830} INFO - Processing file /opt/airflow/dags/json_dag.py for tasks to queue
[2026-09-16T16:13:15.282+0000] {logging_mixin.py:188} INFO - [2026-09-16T16:13:15.282+0000] {dagbag.py:545} INFO - Filling up the DagBag from /opt/airflow/dags/json_dag.py
[2026-09-16T16:13:15.720+0000] {processor.py:840} INFO - DAG(s) 'json_dag' retrieved from /opt/airflow/dags/json_dag.py
[2026-09-16T16:13:15.737+0000] {logging_mixin.py:188} INFO - [2026-09-16T16:13:15.737+0000] {dag.py:3096} INFO - Sync 1 DAGs
[2026-09-16T16:13:15.756+0000] {logging_mixin.py:188} INFO - [2026-09-16T16:13:15.755+0000] {dag.py:3954} INFO - Setting next_dagrun for json_dag to 2026-09-16 16:02:00+00:00, run_after=2026-09-16 17:02:00+00:00
[2026-09-16T16:13:15.776+0000] {processor.py:183} INFO - Processing /opt/airflow/dags/json_dag.py took 0.508 seconds
[2026-09-16T16:13:46.689+0000] {processor.py:161} INFO - Started process (PID=847) to work on /opt/airflow/dags/json_dag.py
[2026-09-16T16:13:46.691+0000] {processor.py:830} INFO - Processing file /opt/airflow/dags/json_dag.py for tasks to queue
[2026-09-16T16:13:46.694+0000] {logging_mixin.py:188} INFO - [2026-09-16T16:13:46.694+0000] {dagbag.py:545} INFO - Filling up the DagBag from /opt/airflow/dags/json_dag.py
[2026-09-16T16:13:47.160+0000] {processor.py:840} INFO - DAG(s) 'json_dag' retrieved from /opt/airflow/dags/json_dag.py
[2026-09-16T16:13:47.189+0000] {logging_mixin.py:188} INFO - [2026-09-16T16:13:47.188+0000] {dag.py:3096} INFO - Sync 1 DAGs
[2026-09-16T16:13:47.213+0000] {logging_mixin.py:188} INFO - [2026-09-16T16:13:47.213+0000] {dag.py:3954} INFO - Setting next_dagrun for json_dag to 2026-09-16 16:02:00+00:00, run_after=2026-09-16 17:02:00+00:00
[2026-09-16T16:13:47.238+0000] {processor.py:183} INFO - Processing /opt/airflow/dags/json_dag.py took 0.558 seconds
[2026-09-16T16:14:18.093+0000] {processor.py:161} INFO - Started process (PID=856) to work on /opt/airflow/dags/json_dag.py
[2026-09-16T16:14:18.095+0000] {processor.py:830} INFO - Processing file /opt/airflow/dags/json_dag.py for tasks to queue
[2026-09-16T16:14:18.098+0000] {logging_mixin.py:188} INFO - [2026-09-16T16:14:18.097+0000] {dagbag.py:545} INFO - Filling up the DagBag from /opt/airflow/dags/json_dag.py
[2026-09-16T16:14:18.574+0000] {processor.py:840} INFO - DAG(s) 'json_dag' retrieved from /opt/airflow/dags/json_dag.py
[2026-09-16T16:14:18.602+0000] {logging_mixin.py:188} INFO - [2026-09-16T16:14:18.601+0000] {dag.py:3096} INFO - Sync 1 DAGs
[2026-09-16T16:14:18.629+0000] {logging_mixin.py:188} INFO - [2026-09-16T16:14:18.628+0000] {dag.py:3954} INFO - Setting next_dagrun for json_dag to 2026-09-16 16:02:00+00:00, run_after=2026-09-16 17:02:00+00:00
[2026-09-16T16:14:18.651+0000] {processor.py:183} INFO - Processing /opt/airflow/dags/json_dag.py took 0.565 seconds
[2026-09-16T16:14:49.521+0000] {processor.py:161} INFO - Started process (PID=865) to work on /opt/airflow/dags/json_dag.py
[2026-09-16T16:14:49.522+0000] {processor.py:830} INFO - Processing file /opt/airflow/dags/json_dag.py for tasks to queue
[2026-09-16T16:14:49.524+0000] {logging_mixin.py:188} INFO - [2026-09-16T16:14:49.524+0000] {dagbag.py:545} INFO - Filling up the DagBag from /opt/airflow/dags/json_dag.py
[2026-09-16T16:14:49.982+0000] {processor.py:840} INFO - DAG(s) 'json_dag' retrieved from /opt/airflow/dags/json_dag.py
[2026-09-16T16:14:50.006+0000] {logging_mixin.py:188} INFO - [2026-09-16T16:14:50.006+0000] {dag.py:3096} INFO - Sync 1 DAGs
[2026-09-16T16:14:50.030+0000] {logging_mixin.py:188} INFO - [2026-09-16T16:14:50.030+0000] {dag.py:3954} INFO - Setting next_dagrun for json_dag to 2026-09-16 16:02:00+00:00, run_after=2026-09-16 17:02:00+00:00
[2026-09-16T16:14:50.053+0000] {processor.py:183} INFO - Processing /opt/airflow/dags/json_dag.py took 0.537 seconds
[2026-09-16T16:15:20.874+0000] {processor.py:161} INFO - Started process (PID=874) to work on /opt/airflow/dags/json_dag.py
[2026-09-16T16:15:20.875+0000] {processor.py:830} INFO - Processing file /opt/airflow/dags/json_dag.py for tasks to queue
[2026-09-16T16:15:20.877+0000] {logging_mixin.py:188} INFO - [2026-09-16T16:15:20.876+0000] {dagbag.py:545} INFO - Filling up the DagBag from /opt/airflow/dags/json_dag.py
[2026-09-16T16:15:21.223+0000] {processor.py:840} INFO - DAG(s) 'json_dag' retrieved from /opt/airflow/dags/json_dag.py
[2026-09-16T16:15:21.243+0000] {logging_mixin.py:188} INFO - [2026-09-16T16:15:21.242+0000] {dag.py:3096} INFO - Sync 1 DAGs
[2026-09-16T16:15:21.262+0000] {logging_mixin.py:188} INFO - [2026-09-16T16:15:21.262+0000] {dag.py:3954} INFO - Setting next_dagrun for json_dag to 2026-09-16 16:02:00+00:00, run_after=2026-09-16 17:02:00+00:00
[2026-09-16T16:15:21.396+0000] {processor.py:183} INFO - Processing /opt/airflow/dags/json_dag.py took 0.528 seconds
[2026-09-16T16:15:52.333+0000] {processor.py:161} INFO - Started process (PID=883) to work on /opt/airflow/dags/json_dag.py
[2026-09-16T16:15:52.334+0000] {processor.py:830} INFO - Processing file /opt/airflow/dags/json_dag.py for tasks to queue
[2026-09-16T16:15:52.337+0000] {logging_mixin.py:188} INFO - [2026-09-16T16:15:52.336+0000] {dagbag.py:545} INFO - Filling up the DagBag from /opt/airflow/dags/json_dag.py
[2026-09-16T16:15:52.700+0000] {processor.py:840} INFO - DAG(s) 'json_dag' retrieved from /opt/airflow/dags/json_dag.py
[2026-09-16T16:15:52.719+0000] {logging_mixin.py:188} INFO - [2026-09-16T16:15:52.719+0000] {dag.py:3096} INFO - Sync 1 DAGs
[2026-09-16T16:15:52.849+0000] {logging_mixin.py:188} INFO - [2026-09-16T16:15:52.849+0000] {dag.py:3954} INFO - Setting next_dagrun for json_dag to 2026-09-16 16:02:00+00:00, run_after=2026-09-16 17:02:00+00:00
[2026-09-16T16:15:52.866+0000] {processor.py:183} INFO - Processing /opt/airflow/dags/json_dag.py took 0.540 seconds
[2026-09-16T16:16:23.656+0000] {processor.py:161} INFO - Started process (PID=892) to work on /opt/airflow/dags/json_dag.py
[2026-09-16T16:16:23.658+0000] {processor.py:830} INFO - Processing file /opt/airflow/dags/json_dag.py for tasks to queue
[2026-09-16T16:16:23.660+0000] {logging_mixin.py:188} INFO - [2026-09-16T16:16:23.660+0000] {dagbag.py:545} INFO - Filling up the DagBag from /opt/airflow/dags/json_dag.py
[2026-09-16T16:16:24.024+0000] {processor.py:840} INFO - DAG(s) 'json_dag' retrieved from /opt/airflow/dags/json_dag.py
[2026-09-16T16:16:24.049+0000] {logging_mixin.py:188} INFO - [2026-09-16T16:16:24.048+0000] {dag.py:3096} INFO - Sync 1 DAGs
[2026-09-16T16:16:24.072+0000] {logging_mixin.py:188} INFO - [2026-09-16T16:16:24.072+0000] {dag.py:3954} INFO - Setting next_dagrun for json_dag to 2026-09-16 16:02:00+00:00, run_after=2026-09-16 17:02:00+00:00
[2026-09-16T16:16:24.091+0000] {processor.py:183} INFO - Processing /opt/airflow/dags/json_dag.py took 0.442 seconds
[2026-09-16T16:16:55.003+0000] {processor.py:161} INFO - Started process (PID=901) to work on /opt/airflow/dags/json_dag.py
[2026-09-16T16:16:55.005+0000] {processor.py:830} INFO - Processing file /opt/airflow/dags/json_dag.py for tasks to queue
[2026-09-16T16:16:55.007+0000] {logging_mixin.py:188} INFO - [2026-09-16T16:16:55.006+0000] {dagbag.py:545} INFO - Filling up the DagBag from /opt/airflow/dags/json_dag.py
[2026-09-16T16:16:55.359+0000] {processor.py:840} INFO - DAG(s) 'json_dag' retrieved from /opt/airflow/dags/json_dag.py
[2026-09-16T16:16:55.378+0000] {logging_mixin.py:188} INFO - [2026-09-16T16:16:55.377+0000] {dag.py:3096} INFO - Sync 1 DAGs
[2026-09-16T16:16:55.396+0000] {logging_mixin.py:188} INFO - [2026-09-16T16:16:55.396+0000] {dag.py:3954} INFO - Setting next_dagrun for json_dag to 2026-09-16 16:02:00+00:00, run_after=2026-09-16 17:02:00+00:00
[2026-09-16T16:16:55.414+0000] {processor.py:183} INFO - Processing /opt/airflow/dags/json_dag.py took 0.419 seconds
[2026-09-16T16:17:25.508+0000] {processor.py:161} INFO - Started process (PID=910) to work on /opt/airflow/dags/json_dag.py
[2026-09-16T16:17:25.509+0000] {processor.py:830} INFO - Processing file /opt/airflow/dags/json_dag.py for tasks to queue
[2026-09-16T16:17:25.511+0000] {logging_mixin.py:188} INFO - [2026-09-16T16:17:25.511+0000] {dagbag.py:545} INFO - Filling up the DagBag from /opt/airflow/dags/json_dag.py
[2026-09-16T16:17:25.865+0000] {processor.py:840} INFO - DAG(s) 'json_dag' retrieved from /opt/airflow/dags/json_dag.py
[2026-09-16T16:17:25.885+0000] {logging_mixin.py:188} INFO - [2026-09-16T16:17:25.884+0000] {dag.py:3096} INFO - Sync 1 DAGs
[2026-09-16T16:17:25.904+0000] {logging_mixin.py:188} INFO - [2026-09-16T16:17:25.904+0000] {dag.py:3954} INFO - Setting next_dagrun for json_dag to 2026-09-16 16:02:00+00:00, run_after=2026-09-16 17:02:00+00:00
[2026-09-16T16:17:25.924+0000] {processor.py:183} INFO - Processing /opt/airflow/dags/json_dag.py took 0.422 seconds
[2026-09-16T16:17:56.824+0000] {processor.py:161} INFO - Started process (PID=919) to work on /opt/airflow/dags/json_dag.py
[2026-09-16T16:17:56.825+0000] {processor.py:830} INFO - Processing file /opt/airflow/dags/json_dag.py for tasks to queue
[2026-09-16T16:17:56.827+0000] {logging_mixin.py:188} INFO - [2026-09-16T16:17:56.827+0000] {dagbag.py:545} INFO - Filling up the DagBag from /opt/airflow/dags/json_dag.py
[2026-09-16T16:17:57.184+0000] {processor.py:840} INFO - DAG(s) 'json_dag' retrieved from /opt/airflow/dags/json_dag.py
[2026-09-16T16:17:57.205+0000] {logging_mixin.py:188} INFO - [2026-09-16T16:17:57.204+0000] {dag.py:3096} INFO - Sync 1 DAGs
[2026-09-16T16:17:57.223+0000] {logging_mixin.py:188} INFO - [2026-09-16T16:17:57.223+0000] {dag.py:3954} INFO - Setting next_dagrun for json_dag to 2026-09-16 16:02:00+00:00, run_after=2026-09-16 17:02:00+00:00
[2026-09-16T16:17:57.356+0000] {processor.py:183} INFO - Processing /opt/airflow/dags/json_dag.py took 0.540 seconds
[2026-09-16T16:18:27.453+0000] {processor.py:161} INFO - Started process (PID=929) to work on /opt/airflow/dags/json_dag.py
[2026-09-16T16:18:27.455+0000] {processor.py:830} INFO - Processing file /opt/airflow/dags/json_dag.py for tasks to queue
[2026-09-16T16:18:27.461+0000] {logging_mixin.py:188} INFO - [2026-09-16T16:18:27.461+0000] {dagbag.py:545} INFO - Filling up the DagBag from /opt/airflow/dags/json_dag.py
[2026-09-16T16:18:28.168+0000] {processor.py:840} INFO - DAG(s) 'json_dag' retrieved from /opt/airflow/dags/json_dag.py
[2026-09-16T16:18:28.203+0000] {logging_mixin.py:188} INFO - [2026-09-16T16:18:28.203+0000] {dag.py:3096} INFO - Sync 1 DAGs
[2026-09-16T16:18:28.506+0000] {logging_mixin.py:188} INFO - [2026-09-16T16:18:28.506+0000] {dag.py:3954} INFO - Setting next_dagrun for json_dag to 2026-09-16 16:02:00+00:00, run_after=2026-09-16 17:02:00+00:00
[2026-09-16T16:18:28.534+0000] {processor.py:183} INFO - Processing /opt/airflow/dags/json_dag.py took 1.092 seconds
[2026-09-16T16:18:58.849+0000] {processor.py:161} INFO - Started process (PID=938) to work on /opt/airflow/dags/json_dag.py
[2026-09-16T16:18:58.850+0000] {processor.py:830} INFO - Processing file /opt/airflow/dags/json_dag.py for tasks to queue
[2026-09-16T16:18:58.853+0000] {logging_mixin.py:188} INFO - [2026-09-16T16:18:58.852+0000] {dagbag.py:545} INFO - Filling up the DagBag from /opt/airflow/dags/json_dag.py
[2026-09-16T16:18:59.378+0000] {processor.py:840} INFO - DAG(s) 'json_dag' retrieved from /opt/airflow/dags/json_dag.py
[2026-09-16T16:18:59.400+0000] {logging_mixin.py:188} INFO - [2026-09-16T16:18:59.399+0000] {dag.py:3096} INFO - Sync 1 DAGs
[2026-09-16T16:18:59.427+0000] {logging_mixin.py:188} INFO - [2026-09-16T16:18:59.427+0000] {dag.py:3954} INFO - Setting next_dagrun for json_dag to 2026-09-16 16:02:00+00:00, run_after=2026-09-16 17:02:00+00:00
[2026-09-16T16:18:59.451+0000] {processor.py:183} INFO - Processing /opt/airflow/dags/json_dag.py took 0.610 seconds
[2026-09-16T16:19:30.304+0000] {processor.py:161} INFO - Started process (PID=947) to work on /opt/airflow/dags/json_dag.py
[2026-09-16T16:19:30.306+0000] {processor.py:830} INFO - Processing file /opt/airflow/dags/json_dag.py for tasks to queue
[2026-09-16T16:19:30.309+0000] {logging_mixin.py:188} INFO - [2026-09-16T16:19:30.308+0000] {dagbag.py:545} INFO - Filling up the DagBag from /opt/airflow/dags/json_dag.py
[2026-09-16T16:19:30.916+0000] {processor.py:840} INFO - DAG(s) 'json_dag' retrieved from /opt/airflow/dags/json_dag.py
[2026-09-16T16:19:30.944+0000] {logging_mixin.py:188} INFO - [2026-09-16T16:19:30.944+0000] {dag.py:3096} INFO - Sync 1 DAGs
[2026-09-16T16:19:30.967+0000] {logging_mixin.py:188} INFO - [2026-09-16T16:19:30.967+0000] {dag.py:3954} INFO - Setting next_dagrun for json_dag to 2026-09-16 16:02:00+00:00, run_after=2026-09-16 17:02:00+00:00
[2026-09-16T16:19:30.989+0000] {processor.py:183} INFO - Processing /opt/airflow/dags/json_dag.py took 0.693 seconds
[2026-09-16T16:20:01.634+0000] {processor.py:161} INFO - Started process (PID=956) to work on /opt/airflow/dags/json_dag.py
[2026-09-16T16:20:01.635+0000] {processor.py:830} INFO - Processing file /opt/airflow/dags/json_dag.py for tasks to queue
[2026-09-16T16:20:01.637+0000] {logging_mixin.py:188} INFO - [2026-09-16T16:20:01.637+0000] {dagbag.py:545} INFO - Filling up the DagBag from /opt/airflow/dags/json_dag.py
[2026-09-16T16:20:02.160+0000] {processor.py:840} INFO - DAG(s) 'json_dag' retrieved from /opt/airflow/dags/json_dag.py
[2026-09-16T16:20:02.183+0000] {logging_mixin.py:188} INFO - [2026-09-16T16:20:02.183+0000] {dag.py:3096} INFO - Sync 1 DAGs
[2026-09-16T16:20:02.211+0000] {logging_mixin.py:188} INFO - [2026-09-16T16:20:02.211+0000] {dag.py:3954} INFO - Setting next_dagrun for json_dag to 2026-09-16 16:02:00+00:00, run_after=2026-09-16 17:02:00+00:00
[2026-09-16T16:20:02.235+0000] {processor.py:183} INFO - Processing /opt/airflow/dags/json_dag.py took 0.609 seconds
[2026-09-16T16:20:32.365+0000] {processor.py:161} INFO - Started process (PID=965) to work on /opt/airflow/dags/json_dag.py
[2026-09-16T16:20:32.367+0000] {processor.py:830} INFO - Processing file /opt/airflow/dags/json_dag.py for tasks to queue
[2026-09-16T16:20:32.369+0000] {logging_mixin.py:188} INFO - [2026-09-16T16:20:32.369+0000] {dagbag.py:545} INFO - Filling up the DagBag from /opt/airflow/dags/json_dag.py
[2026-09-16T16:20:32.954+0000] {processor.py:840} INFO - DAG(s) 'json_dag' retrieved from /opt/airflow/dags/json_dag.py
[2026-09-16T16:20:32.978+0000] {logging_mixin.py:188} INFO - [2026-09-16T16:20:32.977+0000] {dag.py:3096} INFO - Sync 1 DAGs
[2026-09-16T16:20:33.000+0000] {logging_mixin.py:188} INFO - [2026-09-16T16:20:33.000+0000] {dag.py:3954} INFO - Setting next_dagrun for json_dag to 2026-09-16 16:02:00+00:00, run_after=2026-09-16 17:02:00+00:00
[2026-09-16T16:20:33.026+0000] {processor.py:183} INFO - Processing /opt/airflow/dags/json_dag.py took 0.667 seconds
[2026-09-16T16:21:03.353+0000] {processor.py:161} INFO - Started process (PID=974) to work on /opt/airflow/dags/json_dag.py
[2026-09-16T16:21:03.355+0000] {processor.py:830} INFO - Processing file /opt/airflow/dags/json_dag.py for tasks to queue
[2026-09-16T16:21:03.358+0000] {logging_mixin.py:188} INFO - [2026-09-16T16:21:03.357+0000] {dagbag.py:545} INFO - Filling up the DagBag from /opt/airflow/dags/json_dag.py
[2026-09-16T16:21:03.849+0000] {processor.py:840} INFO - DAG(s) 'json_dag' retrieved from /opt/airflow/dags/json_dag.py
[2026-09-16T16:21:03.882+0000] {logging_mixin.py:188} INFO - [2026-09-16T16:21:03.880+0000] {dag.py:3096} INFO - Sync 1 DAGs
[2026-09-16T16:21:03.907+0000] {logging_mixin.py:188} INFO - [2026-09-16T16:21:03.907+0000] {dag.py:3954} INFO - Setting next_dagrun for json_dag to 2026-09-16 16:02:00+00:00, run_after=2026-09-16 17:02:00+00:00
[2026-09-16T16:21:04.090+0000] {processor.py:183} INFO - Processing /opt/airflow/dags/json_dag.py took 0.747 seconds
[2026-09-16T16:21:34.800+0000] {processor.py:161} INFO - Started process (PID=983) to work on /opt/airflow/dags/json_dag.py
[2026-09-16T16:21:34.802+0000] {processor.py:830} INFO - Processing file /opt/airflow/dags/json_dag.py for tasks to queue
[2026-09-16T16:21:34.805+0000] {logging_mixin.py:188} INFO - [2026-09-16T16:21:34.804+0000] {dagbag.py:545} INFO - Filling up the DagBag from /opt/airflow/dags/json_dag.py
[2026-09-16T16:21:35.287+0000] {processor.py:840} INFO - DAG(s) 'json_dag' retrieved from /opt/airflow/dags/json_dag.py
[2026-09-16T16:21:35.311+0000] {logging_mixin.py:188} INFO - [2026-09-16T16:21:35.310+0000] {dag.py:3096} INFO - Sync 1 DAGs
[2026-09-16T16:21:35.483+0000] {logging_mixin.py:188} INFO - [2026-09-16T16:21:35.483+0000] {dag.py:3954} INFO - Setting next_dagrun for json_dag to 2026-09-16 16:02:00+00:00, run_after=2026-09-16 17:02:00+00:00
[2026-09-16T16:21:35.508+0000] {processor.py:183} INFO - Processing /opt/airflow/dags/json_dag.py took 0.714 seconds
[2026-09-16T16:22:06.209+0000] {processor.py:161} INFO - Started process (PID=992) to work on /opt/airflow/dags/json_dag.py
[2026-09-16T16:22:06.212+0000] {processor.py:830} INFO - Processing file /opt/airflow/dags/json_dag.py for tasks to queue
[2026-09-16T16:22:06.214+0000] {logging_mixin.py:188} INFO - [2026-09-16T16:22:06.214+0000] {dagbag.py:545} INFO - Filling up the DagBag from /opt/airflow/dags/json_dag.py
[2026-09-16T16:22:06.756+0000] {processor.py:840} INFO - DAG(s) 'json_dag' retrieved from /opt/airflow/dags/json_dag.py
[2026-09-16T16:22:06.784+0000] {logging_mixin.py:188} INFO - [2026-09-16T16:22:06.784+0000] {dag.py:3096} INFO - Sync 1 DAGs
[2026-09-16T16:22:06.813+0000] {logging_mixin.py:188} INFO - [2026-09-16T16:22:06.813+0000] {dag.py:3954} INFO - Setting next_dagrun for json_dag to 2026-09-16 16:02:00+00:00, run_after=2026-09-16 17:02:00+00:00
[2026-09-16T16:22:06.836+0000] {processor.py:183} INFO - Processing /opt/airflow/dags/json_dag.py took 0.640 seconds
[2026-09-16T16:22:37.608+0000] {processor.py:161} INFO - Started process (PID=1001) to work on /opt/airflow/dags/json_dag.py
[2026-09-16T16:22:37.610+0000] {processor.py:830} INFO - Processing file /opt/airflow/dags/json_dag.py for tasks to queue
[2026-09-16T16:22:37.614+0000] {logging_mixin.py:188} INFO - [2026-09-16T16:22:37.613+0000] {dagbag.py:545} INFO - Filling up the DagBag from /opt/airflow/dags/json_dag.py
[2026-09-16T16:22:38.197+0000] {processor.py:840} INFO - DAG(s) 'json_dag' retrieved from /opt/airflow/dags/json_dag.py
[2026-09-16T16:22:38.236+0000] {logging_mixin.py:188} INFO - [2026-09-16T16:22:38.236+0000] {dag.py:3096} INFO - Sync 1 DAGs
[2026-09-16T16:22:38.270+0000] {logging_mixin.py:188} INFO - [2026-09-16T16:22:38.270+0000] {dag.py:3954} INFO - Setting next_dagrun for json_dag to 2026-09-16 16:02:00+00:00, run_after=2026-09-16 17:02:00+00:00
[2026-09-16T16:22:38.304+0000] {processor.py:183} INFO - Processing /opt/airflow/dags/json_dag.py took 0.703 seconds
[2026-09-16T16:23:09.034+0000] {processor.py:161} INFO - Started process (PID=1010) to work on /opt/airflow/dags/json_dag.py
[2026-09-16T16:23:09.036+0000] {processor.py:830} INFO - Processing file /opt/airflow/dags/json_dag.py for tasks to queue
[2026-09-16T16:23:09.039+0000] {logging_mixin.py:188} INFO - [2026-09-16T16:23:09.038+0000] {dagbag.py:545} INFO - Filling up the DagBag from /opt/airflow/dags/json_dag.py
[2026-09-16T16:23:09.889+0000] {processor.py:840} INFO - DAG(s) 'json_dag' retrieved from /opt/airflow/dags/json_dag.py
[2026-09-16T16:23:09.914+0000] {logging_mixin.py:188} INFO - [2026-09-16T16:23:09.914+0000] {dag.py:3096} INFO - Sync 1 DAGs
[2026-09-16T16:23:09.939+0000] {logging_mixin.py:188} INFO - [2026-09-16T16:23:09.939+0000] {dag.py:3954} INFO - Setting next_dagrun for json_dag to 2026-09-16 16:02:00+00:00, run_after=2026-09-16 17:02:00+00:00
[2026-09-16T16:23:09.965+0000] {processor.py:183} INFO - Processing /opt/airflow/dags/json_dag.py took 0.944 seconds
[2026-09-16T16:23:40.382+0000] {processor.py:161} INFO - Started process (PID=1019) to work on /opt/airflow/dags/json_dag.py
[2026-09-16T16:23:40.384+0000] {processor.py:830} INFO - Processing file /opt/airflow/dags/json_dag.py for tasks to queue
[2026-09-16T16:23:40.388+0000] {logging_mixin.py:188} INFO - [2026-09-16T16:23:40.388+0000] {dagbag.py:545} INFO - Filling up the DagBag from /opt/airflow/dags/json_dag.py
[2026-09-16T16:23:40.991+0000] {processor.py:840} INFO - DAG(s) 'json_dag' retrieved from /opt/airflow/dags/json_dag.py
[2026-09-16T16:23:41.015+0000] {logging_mixin.py:188} INFO - [2026-09-16T16:23:41.014+0000] {dag.py:3096} INFO - Sync 1 DAGs
[2026-09-16T16:23:41.042+0000] {logging_mixin.py:188} INFO - [2026-09-16T16:23:41.041+0000] {dag.py:3954} INFO - Setting next_dagrun for json_dag to 2026-09-16 16:02:00+00:00, run_after=2026-09-16 17:02:00+00:00
[2026-09-16T16:23:41.237+0000] {processor.py:183} INFO - Processing /opt/airflow/dags/json_dag.py took 0.861 seconds
[2026-09-16T16:24:11.729+0000] {processor.py:161} INFO - Started process (PID=1029) to work on /opt/airflow/dags/json_dag.py
[2026-09-16T16:24:11.731+0000] {processor.py:830} INFO - Processing file /opt/airflow/dags/json_dag.py for tasks to queue
[2026-09-16T16:24:11.734+0000] {logging_mixin.py:188} INFO - [2026-09-16T16:24:11.734+0000] {dagbag.py:545} INFO - Filling up the DagBag from /opt/airflow/dags/json_dag.py
[2026-09-16T16:24:12.246+0000] {processor.py:840} INFO - DAG(s) 'json_dag' retrieved from /opt/airflow/dags/json_dag.py
[2026-09-16T16:24:12.267+0000] {logging_mixin.py:188} INFO - [2026-09-16T16:24:12.267+0000] {dag.py:3096} INFO - Sync 1 DAGs
[2026-09-16T16:24:12.452+0000] {logging_mixin.py:188} INFO - [2026-09-16T16:24:12.451+0000] {dag.py:3954} INFO - Setting next_dagrun for json_dag to 2026-09-16 16:02:00+00:00, run_after=2026-09-16 17:02:00+00:00
[2026-09-16T16:24:12.474+0000] {processor.py:183} INFO - Processing /opt/airflow/dags/json_dag.py took 0.752 seconds
[2026-09-16T16:24:22.633+0000] {processor.py:161} INFO - Started process (PID=1037) to work on /opt/airflow/dags/json_dag.py
[2026-09-16T16:24:22.634+0000] {processor.py:830} INFO - Processing file /opt/airflow/dags/json_dag.py for tasks to queue
[2026-09-16T16:24:22.637+0000] {logging_mixin.py:188} INFO - [2026-09-16T16:24:22.636+0000] {dagbag.py:545} INFO - Filling up the DagBag from /opt/airflow/dags/json_dag.py
[2026-09-16T16:24:23.195+0000] {logging_mixin.py:188} INFO - [2026-09-16T16:24:23.191+0000] {dagbag.py:452} ERROR - Failed to bag_dag: /opt/airflow/dags/json_dag.py
Traceback (most recent call last):
  File "/home/airflow/.local/lib/python3.10/site-packages/airflow/timetables/_cron.py", line 100, in validate
    croniter(self._expression)
  File "/home/airflow/.local/lib/python3.10/site-packages/croniter/croniter.py", line 187, in __init__
    self.expanded, self.nth_weekday_of_month = self.expand(expr_format, hash_id=hash_id)
  File "/home/airflow/.local/lib/python3.10/site-packages/croniter/croniter.py", line 821, in expand
    return cls._expand(expr_format, hash_id=hash_id)
  File "/home/airflow/.local/lib/python3.10/site-packages/croniter/croniter.py", line 659, in _expand
    raise CroniterBadCronError(cls.bad_length)
croniter.croniter.CroniterBadCronError: Exactly 5 or 6 columns has to be specified for iterator expression.

During handling of the above exception, another exception occurred:

Traceback (most recent call last):
  File "/home/airflow/.local/lib/python3.10/site-packages/airflow/models/dagbag.py", line 447, in _process_modules
    dag.validate()
  File "/home/airflow/.local/lib/python3.10/site-packages/airflow/models/dag.py", line 775, in validate
    self.timetable.validate()
  File "/home/airflow/.local/lib/python3.10/site-packages/airflow/timetables/_cron.py", line 102, in validate
    raise AirflowTimetableInvalid(str(e))
airflow.exceptions.AirflowTimetableInvalid: Exactly 5 or 6 columns has to be specified for iterator expression.
[2026-09-16T16:24:23.196+0000] {processor.py:842} WARNING - No viable dags retrieved from /opt/airflow/dags/json_dag.py
[2026-09-16T16:24:23.216+0000] {processor.py:183} INFO - Processing /opt/airflow/dags/json_dag.py took 0.590 seconds
[2026-09-16T16:24:24.007+0000] {processor.py:161} INFO - Started process (PID=1039) to work on /opt/airflow/dags/json_dag.py
[2026-09-16T16:24:24.009+0000] {processor.py:830} INFO - Processing file /opt/airflow/dags/json_dag.py for tasks to queue
[2026-09-16T16:24:24.011+0000] {logging_mixin.py:188} INFO - [2026-09-16T16:24:24.010+0000] {dagbag.py:545} INFO - Filling up the DagBag from /opt/airflow/dags/json_dag.py
[2026-09-16T16:24:24.559+0000] {processor.py:840} INFO - DAG(s) 'json_dag' retrieved from /opt/airflow/dags/json_dag.py
[2026-09-16T16:24:24.815+0000] {logging_mixin.py:188} INFO - [2026-09-16T16:24:24.815+0000] {dag.py:3096} INFO - Sync 1 DAGs
[2026-09-16T16:24:24.833+0000] {logging_mixin.py:188} INFO - [2026-09-16T16:24:24.833+0000] {dag.py:3954} INFO - Setting next_dagrun for json_dag to 2026-09-16 08:02:00+00:00, run_after=2026-09-17 08:02:00+00:00
[2026-09-16T16:24:24.871+0000] {processor.py:183} INFO - Processing /opt/airflow/dags/json_dag.py took 0.870 seconds
[2026-09-16T16:24:25.945+0000] {processor.py:161} INFO - Started process (PID=1041) to work on /opt/airflow/dags/json_dag.py
[2026-09-16T16:24:25.947+0000] {processor.py:830} INFO - Processing file /opt/airflow/dags/json_dag.py for tasks to queue
[2026-09-16T16:24:25.950+0000] {logging_mixin.py:188} INFO - [2026-09-16T16:24:25.950+0000] {dagbag.py:545} INFO - Filling up the DagBag from /opt/airflow/dags/json_dag.py
[2026-09-16T16:24:26.595+0000] {processor.py:840} INFO - DAG(s) 'json_dag' retrieved from /opt/airflow/dags/json_dag.py
[2026-09-16T16:24:26.605+0000] {logging_mixin.py:188} INFO - [2026-09-16T16:24:26.605+0000] {dag.py:3096} INFO - Sync 1 DAGs
[2026-09-16T16:24:26.633+0000] {logging_mixin.py:188} INFO - [2026-09-16T16:24:26.633+0000] {dag.py:3954} INFO - Setting next_dagrun for json_dag to 2026-09-16 08:59:00+00:00, run_after=2026-09-17 08:00:00+00:00
[2026-09-16T16:24:26.813+0000] {processor.py:183} INFO - Processing /opt/airflow/dags/json_dag.py took 0.876 seconds
[2026-09-16T16:24:57.183+0000] {processor.py:161} INFO - Started process (PID=1050) to work on /opt/airflow/dags/json_dag.py
[2026-09-16T16:24:57.184+0000] {processor.py:830} INFO - Processing file /opt/airflow/dags/json_dag.py for tasks to queue
[2026-09-16T16:24:57.188+0000] {logging_mixin.py:188} INFO - [2026-09-16T16:24:57.188+0000] {dagbag.py:545} INFO - Filling up the DagBag from /opt/airflow/dags/json_dag.py
[2026-09-16T16:24:57.807+0000] {processor.py:840} INFO - DAG(s) 'json_dag' retrieved from /opt/airflow/dags/json_dag.py
[2026-09-16T16:24:58.069+0000] {logging_mixin.py:188} INFO - [2026-09-16T16:24:58.068+0000] {dag.py:3096} INFO - Sync 1 DAGs
[2026-09-16T16:24:58.089+0000] {logging_mixin.py:188} INFO - [2026-09-16T16:24:58.089+0000] {dag.py:3954} INFO - Setting next_dagrun for json_dag to 2026-09-16 08:59:00+00:00, run_after=2026-09-17 08:00:00+00:00
[2026-09-16T16:24:58.118+0000] {processor.py:183} INFO - Processing /opt/airflow/dags/json_dag.py took 0.944 seconds
[2026-09-16T16:25:28.487+0000] {processor.py:161} INFO - Started process (PID=1059) to work on /opt/airflow/dags/json_dag.py
[2026-09-16T16:25:28.488+0000] {processor.py:830} INFO - Processing file /opt/airflow/dags/json_dag.py for tasks to queue
[2026-09-16T16:25:28.490+0000] {logging_mixin.py:188} INFO - [2026-09-16T16:25:28.490+0000] {dagbag.py:545} INFO - Filling up the DagBag from /opt/airflow/dags/json_dag.py
[2026-09-16T16:25:29.087+0000] {processor.py:840} INFO - DAG(s) 'json_dag' retrieved from /opt/airflow/dags/json_dag.py
[2026-09-16T16:25:29.113+0000] {logging_mixin.py:188} INFO - [2026-09-16T16:25:29.113+0000] {dag.py:3096} INFO - Sync 1 DAGs
[2026-09-16T16:25:29.153+0000] {logging_mixin.py:188} INFO - [2026-09-16T16:25:29.152+0000] {dag.py:3954} INFO - Setting next_dagrun for json_dag to 2026-09-16 08:59:00+00:00, run_after=2026-09-17 08:00:00+00:00
[2026-09-16T16:25:29.187+0000] {processor.py:183} INFO - Processing /opt/airflow/dags/json_dag.py took 0.706 seconds
[2026-09-16T16:25:59.636+0000] {processor.py:161} INFO - Started process (PID=1068) to work on /opt/airflow/dags/json_dag.py
[2026-09-16T16:25:59.638+0000] {processor.py:830} INFO - Processing file /opt/airflow/dags/json_dag.py for tasks to queue
[2026-09-16T16:25:59.640+0000] {logging_mixin.py:188} INFO - [2026-09-16T16:25:59.639+0000] {dagbag.py:545} INFO - Filling up the DagBag from /opt/airflow/dags/json_dag.py
[2026-09-16T16:26:00.063+0000] {processor.py:840} INFO - DAG(s) 'json_dag' retrieved from /opt/airflow/dags/json_dag.py
[2026-09-16T16:26:00.088+0000] {logging_mixin.py:188} INFO - [2026-09-16T16:26:00.088+0000] {dag.py:3096} INFO - Sync 1 DAGs
[2026-09-16T16:26:00.108+0000] {logging_mixin.py:188} INFO - [2026-09-16T16:26:00.107+0000] {dag.py:3954} INFO - Setting next_dagrun for json_dag to 2026-09-16 08:59:00+00:00, run_after=2026-09-17 08:00:00+00:00
[2026-09-16T16:26:00.129+0000] {processor.py:183} INFO - Processing /opt/airflow/dags/json_dag.py took 0.499 seconds
[2026-09-16T16:26:30.178+0000] {processor.py:161} INFO - Started process (PID=1077) to work on /opt/airflow/dags/json_dag.py
[2026-09-16T16:26:30.180+0000] {processor.py:830} INFO - Processing file /opt/airflow/dags/json_dag.py for tasks to queue
[2026-09-16T16:26:30.182+0000] {logging_mixin.py:188} INFO - [2026-09-16T16:26:30.181+0000] {dagbag.py:545} INFO - Filling up the DagBag from /opt/airflow/dags/json_dag.py
[2026-09-16T16:26:30.598+0000] {processor.py:840} INFO - DAG(s) 'json_dag' retrieved from /opt/airflow/dags/json_dag.py
[2026-09-16T16:26:30.620+0000] {logging_mixin.py:188} INFO - [2026-09-16T16:26:30.620+0000] {dag.py:3096} INFO - Sync 1 DAGs
[2026-09-16T16:26:30.641+0000] {logging_mixin.py:188} INFO - [2026-09-16T16:26:30.641+0000] {dag.py:3954} INFO - Setting next_dagrun for json_dag to 2026-09-16 08:59:00+00:00, run_after=2026-09-17 08:00:00+00:00
[2026-09-16T16:26:30.786+0000] {processor.py:183} INFO - Processing /opt/airflow/dags/json_dag.py took 0.615 seconds
[2026-09-16T16:27:01.179+0000] {processor.py:161} INFO - Started process (PID=1086) to work on /opt/airflow/dags/json_dag.py
[2026-09-16T16:27:01.184+0000] {processor.py:830} INFO - Processing file /opt/airflow/dags/json_dag.py for tasks to queue
[2026-09-16T16:27:01.190+0000] {logging_mixin.py:188} INFO - [2026-09-16T16:27:01.188+0000] {dagbag.py:545} INFO - Filling up the DagBag from /opt/airflow/dags/json_dag.py
[2026-09-16T16:27:01.836+0000] {processor.py:840} INFO - DAG(s) 'json_dag' retrieved from /opt/airflow/dags/json_dag.py
[2026-09-16T16:27:01.869+0000] {logging_mixin.py:188} INFO - [2026-09-16T16:27:01.869+0000] {dag.py:3096} INFO - Sync 1 DAGs
[2026-09-16T16:27:02.059+0000] {logging_mixin.py:188} INFO - [2026-09-16T16:27:02.058+0000] {dag.py:3954} INFO - Setting next_dagrun for json_dag to 2026-09-16 08:59:00+00:00, run_after=2026-09-17 08:00:00+00:00
[2026-09-16T16:27:02.083+0000] {processor.py:183} INFO - Processing /opt/airflow/dags/json_dag.py took 0.918 seconds
[2026-09-16T16:27:32.646+0000] {processor.py:161} INFO - Started process (PID=1096) to work on /opt/airflow/dags/json_dag.py
[2026-09-16T16:27:32.648+0000] {processor.py:830} INFO - Processing file /opt/airflow/dags/json_dag.py for tasks to queue
[2026-09-16T16:27:32.652+0000] {logging_mixin.py:188} INFO - [2026-09-16T16:27:32.651+0000] {dagbag.py:545} INFO - Filling up the DagBag from /opt/airflow/dags/json_dag.py
[2026-09-16T16:27:33.187+0000] {processor.py:840} INFO - DAG(s) 'json_dag' retrieved from /opt/airflow/dags/json_dag.py
[2026-09-16T16:27:33.210+0000] {logging_mixin.py:188} INFO - [2026-09-16T16:27:33.210+0000] {dag.py:3096} INFO - Sync 1 DAGs
[2026-09-16T16:27:33.398+0000] {logging_mixin.py:188} INFO - [2026-09-16T16:27:33.398+0000] {dag.py:3954} INFO - Setting next_dagrun for json_dag to 2026-09-16 08:59:00+00:00, run_after=2026-09-17 08:00:00+00:00
[2026-09-16T16:27:33.423+0000] {processor.py:183} INFO - Processing /opt/airflow/dags/json_dag.py took 0.789 seconds
[2026-09-16T16:28:04.089+0000] {processor.py:161} INFO - Started process (PID=1105) to work on /opt/airflow/dags/json_dag.py
[2026-09-16T16:28:04.091+0000] {processor.py:830} INFO - Processing file /opt/airflow/dags/json_dag.py for tasks to queue
[2026-09-16T16:28:04.095+0000] {logging_mixin.py:188} INFO - [2026-09-16T16:28:04.094+0000] {dagbag.py:545} INFO - Filling up the DagBag from /opt/airflow/dags/json_dag.py
[2026-09-16T16:28:04.732+0000] {processor.py:840} INFO - DAG(s) 'json_dag' retrieved from /opt/airflow/dags/json_dag.py
[2026-09-16T16:28:04.762+0000] {logging_mixin.py:188} INFO - [2026-09-16T16:28:04.762+0000] {dag.py:3096} INFO - Sync 1 DAGs
[2026-09-16T16:28:04.792+0000] {logging_mixin.py:188} INFO - [2026-09-16T16:28:04.792+0000] {dag.py:3954} INFO - Setting next_dagrun for json_dag to 2026-09-16 08:59:00+00:00, run_after=2026-09-17 08:00:00+00:00
[2026-09-16T16:28:04.826+0000] {processor.py:183} INFO - Processing /opt/airflow/dags/json_dag.py took 0.749 seconds
[2026-09-16T16:28:35.544+0000] {processor.py:161} INFO - Started process (PID=1114) to work on /opt/airflow/dags/json_dag.py
[2026-09-16T16:28:35.546+0000] {processor.py:830} INFO - Processing file /opt/airflow/dags/json_dag.py for tasks to queue
[2026-09-16T16:28:35.548+0000] {logging_mixin.py:188} INFO - [2026-09-16T16:28:35.547+0000] {dagbag.py:545} INFO - Filling up the DagBag from /opt/airflow/dags/json_dag.py
[2026-09-16T16:28:36.046+0000] {processor.py:840} INFO - DAG(s) 'json_dag' retrieved from /opt/airflow/dags/json_dag.py
[2026-09-16T16:28:36.068+0000] {logging_mixin.py:188} INFO - [2026-09-16T16:28:36.068+0000] {dag.py:3096} INFO - Sync 1 DAGs
[2026-09-16T16:28:36.089+0000] {logging_mixin.py:188} INFO - [2026-09-16T16:28:36.089+0000] {dag.py:3954} INFO - Setting next_dagrun for json_dag to 2026-09-16 08:59:00+00:00, run_after=2026-09-17 08:00:00+00:00
[2026-09-16T16:28:36.113+0000] {processor.py:183} INFO - Processing /opt/airflow/dags/json_dag.py took 0.577 seconds
[2026-09-16T16:29:07.029+0000] {processor.py:161} INFO - Started process (PID=1123) to work on /opt/airflow/dags/json_dag.py
[2026-09-16T16:29:07.031+0000] {processor.py:830} INFO - Processing file /opt/airflow/dags/json_dag.py for tasks to queue
[2026-09-16T16:29:07.033+0000] {logging_mixin.py:188} INFO - [2026-09-16T16:29:07.033+0000] {dagbag.py:545} INFO - Filling up the DagBag from /opt/airflow/dags/json_dag.py
[2026-09-16T16:29:07.572+0000] {processor.py:840} INFO - DAG(s) 'json_dag' retrieved from /opt/airflow/dags/json_dag.py
[2026-09-16T16:29:07.600+0000] {logging_mixin.py:188} INFO - [2026-09-16T16:29:07.599+0000] {dag.py:3096} INFO - Sync 1 DAGs
[2026-09-16T16:29:07.623+0000] {logging_mixin.py:188} INFO - [2026-09-16T16:29:07.623+0000] {dag.py:3954} INFO - Setting next_dagrun for json_dag to 2026-09-16 08:59:00+00:00, run_after=2026-09-17 08:00:00+00:00
[2026-09-16T16:29:07.646+0000] {processor.py:183} INFO - Processing /opt/airflow/dags/json_dag.py took 0.627 seconds
[2026-09-16T16:29:38.455+0000] {processor.py:161} INFO - Started process (PID=1133) to work on /opt/airflow/dags/json_dag.py
[2026-09-16T16:29:38.459+0000] {processor.py:830} INFO - Processing file /opt/airflow/dags/json_dag.py for tasks to queue
[2026-09-16T16:29:38.461+0000] {logging_mixin.py:188} INFO - [2026-09-16T16:29:38.461+0000] {dagbag.py:545} INFO - Filling up the DagBag from /opt/airflow/dags/json_dag.py
[2026-09-16T16:29:39.088+0000] {processor.py:840} INFO - DAG(s) 'json_dag' retrieved from /opt/airflow/dags/json_dag.py
[2026-09-16T16:29:39.112+0000] {logging_mixin.py:188} INFO - [2026-09-16T16:29:39.112+0000] {dag.py:3096} INFO - Sync 1 DAGs
[2026-09-16T16:29:39.137+0000] {logging_mixin.py:188} INFO - [2026-09-16T16:29:39.136+0000] {dag.py:3954} INFO - Setting next_dagrun for json_dag to 2026-09-16 08:59:00+00:00, run_after=2026-09-17 08:00:00+00:00
[2026-09-16T16:29:39.300+0000] {processor.py:183} INFO - Processing /opt/airflow/dags/json_dag.py took 0.850 seconds
[2026-09-16T16:30:09.667+0000] {processor.py:161} INFO - Started process (PID=1143) to work on /opt/airflow/dags/json_dag.py
[2026-09-16T16:30:09.669+0000] {processor.py:830} INFO - Processing file /opt/airflow/dags/json_dag.py for tasks to queue
[2026-09-16T16:30:09.671+0000] {logging_mixin.py:188} INFO - [2026-09-16T16:30:09.671+0000] {dagbag.py:545} INFO - Filling up the DagBag from /opt/airflow/dags/json_dag.py
[2026-09-16T16:30:10.155+0000] {processor.py:840} INFO - DAG(s) 'json_dag' retrieved from /opt/airflow/dags/json_dag.py
[2026-09-16T16:30:10.187+0000] {logging_mixin.py:188} INFO - [2026-09-16T16:30:10.186+0000] {dag.py:3096} INFO - Sync 1 DAGs
[2026-09-16T16:30:10.374+0000] {logging_mixin.py:188} INFO - [2026-09-16T16:30:10.373+0000] {dag.py:3954} INFO - Setting next_dagrun for json_dag to 2026-09-16 08:59:00+00:00, run_after=2026-09-17 08:00:00+00:00
[2026-09-16T16:30:10.397+0000] {processor.py:183} INFO - Processing /opt/airflow/dags/json_dag.py took 0.736 seconds
[2026-09-16T16:30:41.112+0000] {processor.py:161} INFO - Started process (PID=1152) to work on /opt/airflow/dags/json_dag.py
[2026-09-16T16:30:41.113+0000] {processor.py:830} INFO - Processing file /opt/airflow/dags/json_dag.py for tasks to queue
[2026-09-16T16:30:41.115+0000] {logging_mixin.py:188} INFO - [2026-09-16T16:30:41.115+0000] {dagbag.py:545} INFO - Filling up the DagBag from /opt/airflow/dags/json_dag.py
[2026-09-16T16:30:41.483+0000] {processor.py:840} INFO - DAG(s) 'json_dag' retrieved from /opt/airflow/dags/json_dag.py
[2026-09-16T16:30:41.504+0000] {logging_mixin.py:188} INFO - [2026-09-16T16:30:41.503+0000] {dag.py:3096} INFO - Sync 1 DAGs
[2026-09-16T16:30:41.522+0000] {logging_mixin.py:188} INFO - [2026-09-16T16:30:41.522+0000] {dag.py:3954} INFO - Setting next_dagrun for json_dag to 2026-09-16 08:59:00+00:00, run_after=2026-09-17 08:00:00+00:00
[2026-09-16T16:30:41.545+0000] {processor.py:183} INFO - Processing /opt/airflow/dags/json_dag.py took 0.439 seconds
[2026-09-16T16:31:12.482+0000] {processor.py:161} INFO - Started process (PID=1161) to work on /opt/airflow/dags/json_dag.py
[2026-09-16T16:31:12.483+0000] {processor.py:830} INFO - Processing file /opt/airflow/dags/json_dag.py for tasks to queue
[2026-09-16T16:31:12.486+0000] {logging_mixin.py:188} INFO - [2026-09-16T16:31:12.486+0000] {dagbag.py:545} INFO - Filling up the DagBag from /opt/airflow/dags/json_dag.py
[2026-09-16T16:31:12.863+0000] {processor.py:840} INFO - DAG(s) 'json_dag' retrieved from /opt/airflow/dags/json_dag.py
[2026-09-16T16:31:12.884+0000] {logging_mixin.py:188} INFO - [2026-09-16T16:31:12.884+0000] {dag.py:3096} INFO - Sync 1 DAGs
[2026-09-16T16:31:12.905+0000] {logging_mixin.py:188} INFO - [2026-09-16T16:31:12.904+0000] {dag.py:3954} INFO - Setting next_dagrun for json_dag to 2026-09-16 08:59:00+00:00, run_after=2026-09-17 08:00:00+00:00
[2026-09-16T16:31:12.924+0000] {processor.py:183} INFO - Processing /opt/airflow/dags/json_dag.py took 0.448 seconds
[2026-09-16T16:31:43.842+0000] {processor.py:161} INFO - Started process (PID=1171) to work on /opt/airflow/dags/json_dag.py
[2026-09-16T16:31:43.843+0000] {processor.py:830} INFO - Processing file /opt/airflow/dags/json_dag.py for tasks to queue
[2026-09-16T16:31:43.845+0000] {logging_mixin.py:188} INFO - [2026-09-16T16:31:43.845+0000] {dagbag.py:545} INFO - Filling up the DagBag from /opt/airflow/dags/json_dag.py
[2026-09-16T16:31:44.226+0000] {processor.py:840} INFO - DAG(s) 'json_dag' retrieved from /opt/airflow/dags/json_dag.py
[2026-09-16T16:31:44.247+0000] {logging_mixin.py:188} INFO - [2026-09-16T16:31:44.247+0000] {dag.py:3096} INFO - Sync 1 DAGs
[2026-09-16T16:31:44.265+0000] {logging_mixin.py:188} INFO - [2026-09-16T16:31:44.265+0000] {dag.py:3954} INFO - Setting next_dagrun for json_dag to 2026-09-16 08:59:00+00:00, run_after=2026-09-17 08:00:00+00:00
[2026-09-16T16:31:44.284+0000] {processor.py:183} INFO - Processing /opt/airflow/dags/json_dag.py took 0.448 seconds
[2026-09-16T16:32:15.236+0000] {processor.py:161} INFO - Started process (PID=1180) to work on /opt/airflow/dags/json_dag.py
[2026-09-16T16:32:15.237+0000] {processor.py:830} INFO - Processing file /opt/airflow/dags/json_dag.py for tasks to queue
[2026-09-16T16:32:15.239+0000] {logging_mixin.py:188} INFO - [2026-09-16T16:32:15.239+0000] {dagbag.py:545} INFO - Filling up the DagBag from /opt/airflow/dags/json_dag.py
[2026-09-16T16:32:15.630+0000] {processor.py:840} INFO - DAG(s) 'json_dag' retrieved from /opt/airflow/dags/json_dag.py
[2026-09-16T16:32:15.650+0000] {logging_mixin.py:188} INFO - [2026-09-16T16:32:15.650+0000] {dag.py:3096} INFO - Sync 1 DAGs
[2026-09-16T16:32:15.675+0000] {logging_mixin.py:188} INFO - [2026-09-16T16:32:15.675+0000] {dag.py:3954} INFO - Setting next_dagrun for json_dag to 2026-09-16 08:59:00+00:00, run_after=2026-09-17 08:00:00+00:00
[2026-09-16T16:32:15.824+0000] {processor.py:183} INFO - Processing /opt/airflow/dags/json_dag.py took 0.595 seconds
[2026-09-16T16:32:46.629+0000] {processor.py:161} INFO - Started process (PID=1195) to work on /opt/airflow/dags/json_dag.py
[2026-09-16T16:32:46.630+0000] {processor.py:830} INFO - Processing file /opt/airflow/dags/json_dag.py for tasks to queue
[2026-09-16T16:32:46.633+0000] {logging_mixin.py:188} INFO - [2026-09-16T16:32:46.632+0000] {dagbag.py:545} INFO - Filling up the DagBag from /opt/airflow/dags/json_dag.py
[2026-09-16T16:32:47.039+0000] {processor.py:840} INFO - DAG(s) 'json_dag' retrieved from /opt/airflow/dags/json_dag.py
[2026-09-16T16:32:47.058+0000] {logging_mixin.py:188} INFO - [2026-09-16T16:32:47.057+0000] {dag.py:3096} INFO - Sync 1 DAGs
[2026-09-16T16:32:47.214+0000] {logging_mixin.py:188} INFO - [2026-09-16T16:32:47.214+0000] {dag.py:3954} INFO - Setting next_dagrun for json_dag to 2026-09-16 08:59:00+00:00, run_after=2026-09-17 08:00:00+00:00
[2026-09-16T16:32:47.236+0000] {processor.py:183} INFO - Processing /opt/airflow/dags/json_dag.py took 0.613 seconds
[2026-09-16T16:33:18.032+0000] {processor.py:161} INFO - Started process (PID=1204) to work on /opt/airflow/dags/json_dag.py
[2026-09-16T16:33:18.033+0000] {processor.py:830} INFO - Processing file /opt/airflow/dags/json_dag.py for tasks to queue
[2026-09-16T16:33:18.036+0000] {logging_mixin.py:188} INFO - [2026-09-16T16:33:18.036+0000] {dagbag.py:545} INFO - Filling up the DagBag from /opt/airflow/dags/json_dag.py
[2026-09-16T16:33:18.394+0000] {processor.py:840} INFO - DAG(s) 'json_dag' retrieved from /opt/airflow/dags/json_dag.py
[2026-09-16T16:33:18.416+0000] {logging_mixin.py:188} INFO - [2026-09-16T16:33:18.415+0000] {dag.py:3096} INFO - Sync 1 DAGs
[2026-09-16T16:33:18.595+0000] {logging_mixin.py:188} INFO - [2026-09-16T16:33:18.595+0000] {dag.py:3954} INFO - Setting next_dagrun for json_dag to 2026-09-16 08:59:00+00:00, run_after=2026-09-17 08:00:00+00:00
[2026-09-16T16:33:18.612+0000] {processor.py:183} INFO - Processing /opt/airflow/dags/json_dag.py took 0.586 seconds
[2026-09-16T16:33:49.410+0000] {processor.py:161} INFO - Started process (PID=1213) to work on /opt/airflow/dags/json_dag.py
[2026-09-16T16:33:49.412+0000] {processor.py:830} INFO - Processing file /opt/airflow/dags/json_dag.py for tasks to queue
[2026-09-16T16:33:49.414+0000] {logging_mixin.py:188} INFO - [2026-09-16T16:33:49.413+0000] {dagbag.py:545} INFO - Filling up the DagBag from /opt/airflow/dags/json_dag.py
[2026-09-16T16:33:49.798+0000] {processor.py:840} INFO - DAG(s) 'json_dag' retrieved from /opt/airflow/dags/json_dag.py
[2026-09-16T16:33:49.819+0000] {logging_mixin.py:188} INFO - [2026-09-16T16:33:49.819+0000] {dag.py:3096} INFO - Sync 1 DAGs
[2026-09-16T16:33:49.840+0000] {logging_mixin.py:188} INFO - [2026-09-16T16:33:49.839+0000] {dag.py:3954} INFO - Setting next_dagrun for json_dag to 2026-09-16 08:59:00+00:00, run_after=2026-09-17 08:00:00+00:00
[2026-09-16T16:33:49.858+0000] {processor.py:183} INFO - Processing /opt/airflow/dags/json_dag.py took 0.453 seconds
[2026-09-16T16:34:20.838+0000] {processor.py:161} INFO - Started process (PID=1222) to work on /opt/airflow/dags/json_dag.py
[2026-09-16T16:34:20.840+0000] {processor.py:830} INFO - Processing file /opt/airflow/dags/json_dag.py for tasks to queue
[2026-09-16T16:34:20.842+0000] {logging_mixin.py:188} INFO - [2026-09-16T16:34:20.841+0000] {dagbag.py:545} INFO - Filling up the DagBag from /opt/airflow/dags/json_dag.py
[2026-09-16T16:34:21.200+0000] {processor.py:840} INFO - DAG(s) 'json_dag' retrieved from /opt/airflow/dags/json_dag.py
[2026-09-16T16:34:21.218+0000] {logging_mixin.py:188} INFO - [2026-09-16T16:34:21.217+0000] {dag.py:3096} INFO - Sync 1 DAGs
[2026-09-16T16:34:21.235+0000] {logging_mixin.py:188} INFO - [2026-09-16T16:34:21.235+0000] {dag.py:3954} INFO - Setting next_dagrun for json_dag to 2026-09-16 08:59:00+00:00, run_after=2026-09-17 08:00:00+00:00
[2026-09-16T16:34:21.252+0000] {processor.py:183} INFO - Processing /opt/airflow/dags/json_dag.py took 0.419 seconds
[2026-09-16T16:34:51.324+0000] {processor.py:161} INFO - Started process (PID=1231) to work on /opt/airflow/dags/json_dag.py
[2026-09-16T16:34:51.326+0000] {processor.py:830} INFO - Processing file /opt/airflow/dags/json_dag.py for tasks to queue
[2026-09-16T16:34:51.328+0000] {logging_mixin.py:188} INFO - [2026-09-16T16:34:51.328+0000] {dagbag.py:545} INFO - Filling up the DagBag from /opt/airflow/dags/json_dag.py
[2026-09-16T16:34:51.719+0000] {processor.py:840} INFO - DAG(s) 'json_dag' retrieved from /opt/airflow/dags/json_dag.py
[2026-09-16T16:34:51.738+0000] {logging_mixin.py:188} INFO - [2026-09-16T16:34:51.738+0000] {dag.py:3096} INFO - Sync 1 DAGs
[2026-09-16T16:34:51.758+0000] {logging_mixin.py:188} INFO - [2026-09-16T16:34:51.758+0000] {dag.py:3954} INFO - Setting next_dagrun for json_dag to 2026-09-16 08:59:00+00:00, run_after=2026-09-17 08:00:00+00:00
[2026-09-16T16:34:51.776+0000] {processor.py:183} INFO - Processing /opt/airflow/dags/json_dag.py took 0.459 seconds
[2026-09-16T16:35:22.657+0000] {processor.py:161} INFO - Started process (PID=1240) to work on /opt/airflow/dags/json_dag.py
[2026-09-16T16:35:22.659+0000] {processor.py:830} INFO - Processing file /opt/airflow/dags/json_dag.py for tasks to queue
[2026-09-16T16:35:22.661+0000] {logging_mixin.py:188} INFO - [2026-09-16T16:35:22.661+0000] {dagbag.py:545} INFO - Filling up the DagBag from /opt/airflow/dags/json_dag.py
[2026-09-16T16:35:23.056+0000] {processor.py:840} INFO - DAG(s) 'json_dag' retrieved from /opt/airflow/dags/json_dag.py
[2026-09-16T16:35:23.076+0000] {logging_mixin.py:188} INFO - [2026-09-16T16:35:23.076+0000] {dag.py:3096} INFO - Sync 1 DAGs
[2026-09-16T16:35:23.098+0000] {logging_mixin.py:188} INFO - [2026-09-16T16:35:23.098+0000] {dag.py:3954} INFO - Setting next_dagrun for json_dag to 2026-09-16 08:59:00+00:00, run_after=2026-09-17 08:00:00+00:00
[2026-09-16T16:35:23.248+0000] {processor.py:183} INFO - Processing /opt/airflow/dags/json_dag.py took 0.598 seconds
[2026-09-16T16:35:54.100+0000] {processor.py:161} INFO - Started process (PID=1249) to work on /opt/airflow/dags/json_dag.py
[2026-09-16T16:35:54.101+0000] {processor.py:830} INFO - Processing file /opt/airflow/dags/json_dag.py for tasks to queue
[2026-09-16T16:35:54.103+0000] {logging_mixin.py:188} INFO - [2026-09-16T16:35:54.103+0000] {dagbag.py:545} INFO - Filling up the DagBag from /opt/airflow/dags/json_dag.py
[2026-09-16T16:35:54.476+0000] {processor.py:840} INFO - DAG(s) 'json_dag' retrieved from /opt/airflow/dags/json_dag.py
[2026-09-16T16:35:54.495+0000] {logging_mixin.py:188} INFO - [2026-09-16T16:35:54.494+0000] {dag.py:3096} INFO - Sync 1 DAGs
[2026-09-16T16:35:54.663+0000] {logging_mixin.py:188} INFO - [2026-09-16T16:35:54.662+0000] {dag.py:3954} INFO - Setting next_dagrun for json_dag to 2026-09-16 08:59:00+00:00, run_after=2026-09-17 08:00:00+00:00
[2026-09-16T16:35:54.682+0000] {processor.py:183} INFO - Processing /opt/airflow/dags/json_dag.py took 0.588 seconds
[2026-09-16T16:36:25.458+0000] {processor.py:161} INFO - Started process (PID=1258) to work on /opt/airflow/dags/json_dag.py
[2026-09-16T16:36:25.460+0000] {processor.py:830} INFO - Processing file /opt/airflow/dags/json_dag.py for tasks to queue
[2026-09-16T16:36:25.462+0000] {logging_mixin.py:188} INFO - [2026-09-16T16:36:25.462+0000] {dagbag.py:545} INFO - Filling up the DagBag from /opt/airflow/dags/json_dag.py
[2026-09-16T16:36:25.885+0000] {processor.py:840} INFO - DAG(s) 'json_dag' retrieved from /opt/airflow/dags/json_dag.py
[2026-09-16T16:36:25.906+0000] {logging_mixin.py:188} INFO - [2026-09-16T16:36:25.906+0000] {dag.py:3096} INFO - Sync 1 DAGs
[2026-09-16T16:36:26.049+0000] {logging_mixin.py:188} INFO - [2026-09-16T16:36:26.049+0000] {dag.py:3954} INFO - Setting next_dagrun for json_dag to 2026-09-16 08:59:00+00:00, run_after=2026-09-17 08:00:00+00:00
[2026-09-16T16:36:26.070+0000] {processor.py:183} INFO - Processing /opt/airflow/dags/json_dag.py took 0.620 seconds
[2026-09-16T16:36:56.923+0000] {processor.py:161} INFO - Started process (PID=1267) to work on /opt/airflow/dags/json_dag.py
[2026-09-16T16:36:56.925+0000] {processor.py:830} INFO - Processing file /opt/airflow/dags/json_dag.py for tasks to queue
[2026-09-16T16:36:56.927+0000] {logging_mixin.py:188} INFO - [2026-09-16T16:36:56.927+0000] {dagbag.py:545} INFO - Filling up the DagBag from /opt/airflow/dags/json_dag.py
[2026-09-16T16:36:57.272+0000] {processor.py:840} INFO - DAG(s) 'json_dag' retrieved from /opt/airflow/dags/json_dag.py
[2026-09-16T16:36:57.291+0000] {logging_mixin.py:188} INFO - [2026-09-16T16:36:57.291+0000] {dag.py:3096} INFO - Sync 1 DAGs
[2026-09-16T16:36:57.310+0000] {logging_mixin.py:188} INFO - [2026-09-16T16:36:57.310+0000] {dag.py:3954} INFO - Setting next_dagrun for json_dag to 2026-09-16 08:59:00+00:00, run_after=2026-09-17 08:00:00+00:00
[2026-09-16T16:36:57.328+0000] {processor.py:183} INFO - Processing /opt/airflow/dags/json_dag.py took 0.411 seconds
[2026-09-16T16:37:27.416+0000] {processor.py:161} INFO - Started process (PID=1276) to work on /opt/airflow/dags/json_dag.py
[2026-09-16T16:37:27.417+0000] {processor.py:830} INFO - Processing file /opt/airflow/dags/json_dag.py for tasks to queue
[2026-09-16T16:37:27.419+0000] {logging_mixin.py:188} INFO - [2026-09-16T16:37:27.419+0000] {dagbag.py:545} INFO - Filling up the DagBag from /opt/airflow/dags/json_dag.py
[2026-09-16T16:37:27.767+0000] {processor.py:840} INFO - DAG(s) 'json_dag' retrieved from /opt/airflow/dags/json_dag.py
[2026-09-16T16:37:27.787+0000] {logging_mixin.py:188} INFO - [2026-09-16T16:37:27.786+0000] {dag.py:3096} INFO - Sync 1 DAGs
[2026-09-16T16:37:27.805+0000] {logging_mixin.py:188} INFO - [2026-09-16T16:37:27.805+0000] {dag.py:3954} INFO - Setting next_dagrun for json_dag to 2026-09-16 08:59:00+00:00, run_after=2026-09-17 08:00:00+00:00
[2026-09-16T16:37:27.823+0000] {processor.py:183} INFO - Processing /opt/airflow/dags/json_dag.py took 0.413 seconds
[2026-09-16T16:37:58.743+0000] {processor.py:161} INFO - Started process (PID=1285) to work on /opt/airflow/dags/json_dag.py
[2026-09-16T16:37:58.744+0000] {processor.py:830} INFO - Processing file /opt/airflow/dags/json_dag.py for tasks to queue
[2026-09-16T16:37:58.746+0000] {logging_mixin.py:188} INFO - [2026-09-16T16:37:58.746+0000] {dagbag.py:545} INFO - Filling up the DagBag from /opt/airflow/dags/json_dag.py
[2026-09-16T16:37:59.137+0000] {processor.py:840} INFO - DAG(s) 'json_dag' retrieved from /opt/airflow/dags/json_dag.py
[2026-09-16T16:37:59.154+0000] {logging_mixin.py:188} INFO - [2026-09-16T16:37:59.154+0000] {dag.py:3096} INFO - Sync 1 DAGs
[2026-09-16T16:37:59.174+0000] {logging_mixin.py:188} INFO - [2026-09-16T16:37:59.174+0000] {dag.py:3954} INFO - Setting next_dagrun for json_dag to 2026-09-16 08:59:00+00:00, run_after=2026-09-17 08:00:00+00:00
[2026-09-16T16:37:59.325+0000] {processor.py:183} INFO - Processing /opt/airflow/dags/json_dag.py took 0.588 seconds
[2026-09-16T16:38:30.211+0000] {processor.py:161} INFO - Started process (PID=1294) to work on /opt/airflow/dags/json_dag.py
[2026-09-16T16:38:30.212+0000] {processor.py:830} INFO - Processing file /opt/airflow/dags/json_dag.py for tasks to queue
[2026-09-16T16:38:30.214+0000] {logging_mixin.py:188} INFO - [2026-09-16T16:38:30.213+0000] {dagbag.py:545} INFO - Filling up the DagBag from /opt/airflow/dags/json_dag.py
[2026-09-16T16:38:30.568+0000] {processor.py:840} INFO - DAG(s) 'json_dag' retrieved from /opt/airflow/dags/json_dag.py
[2026-09-16T16:38:30.592+0000] {logging_mixin.py:188} INFO - [2026-09-16T16:38:30.591+0000] {dag.py:3096} INFO - Sync 1 DAGs
[2026-09-16T16:38:30.743+0000] {logging_mixin.py:188} INFO - [2026-09-16T16:38:30.743+0000] {dag.py:3954} INFO - Setting next_dagrun for json_dag to 2026-09-16 08:59:00+00:00, run_after=2026-09-17 08:00:00+00:00
[2026-09-16T16:38:30.759+0000] {processor.py:183} INFO - Processing /opt/airflow/dags/json_dag.py took 0.554 seconds
[2026-09-16T16:39:01.581+0000] {processor.py:161} INFO - Started process (PID=1303) to work on /opt/airflow/dags/json_dag.py
[2026-09-16T16:39:01.583+0000] {processor.py:830} INFO - Processing file /opt/airflow/dags/json_dag.py for tasks to queue
[2026-09-16T16:39:01.585+0000] {logging_mixin.py:188} INFO - [2026-09-16T16:39:01.585+0000] {dagbag.py:545} INFO - Filling up the DagBag from /opt/airflow/dags/json_dag.py
[2026-09-16T16:39:02.019+0000] {processor.py:840} INFO - DAG(s) 'json_dag' retrieved from /opt/airflow/dags/json_dag.py
[2026-09-16T16:39:02.036+0000] {logging_mixin.py:188} INFO - [2026-09-16T16:39:02.036+0000] {dag.py:3096} INFO - Sync 1 DAGs
[2026-09-16T16:39:02.216+0000] {logging_mixin.py:188} INFO - [2026-09-16T16:39:02.215+0000] {dag.py:3954} INFO - Setting next_dagrun for json_dag to 2026-09-16 08:59:00+00:00, run_after=2026-09-17 08:00:00+00:00
[2026-09-16T16:39:02.239+0000] {processor.py:183} INFO - Processing /opt/airflow/dags/json_dag.py took 0.667 seconds
[2026-09-16T16:39:32.953+0000] {processor.py:161} INFO - Started process (PID=1312) to work on /opt/airflow/dags/json_dag.py
[2026-09-16T16:39:32.955+0000] {processor.py:830} INFO - Processing file /opt/airflow/dags/json_dag.py for tasks to queue
[2026-09-16T16:39:32.958+0000] {logging_mixin.py:188} INFO - [2026-09-16T16:39:32.957+0000] {dagbag.py:545} INFO - Filling up the DagBag from /opt/airflow/dags/json_dag.py
[2026-09-16T16:39:33.467+0000] {processor.py:840} INFO - DAG(s) 'json_dag' retrieved from /opt/airflow/dags/json_dag.py
[2026-09-16T16:39:33.495+0000] {logging_mixin.py:188} INFO - [2026-09-16T16:39:33.494+0000] {dag.py:3096} INFO - Sync 1 DAGs
[2026-09-16T16:39:33.522+0000] {logging_mixin.py:188} INFO - [2026-09-16T16:39:33.522+0000] {dag.py:3954} INFO - Setting next_dagrun for json_dag to 2026-09-16 08:59:00+00:00, run_after=2026-09-17 08:00:00+00:00
[2026-09-16T16:39:33.550+0000] {processor.py:183} INFO - Processing /opt/airflow/dags/json_dag.py took 0.606 seconds
[2026-09-16T16:40:04.369+0000] {processor.py:161} INFO - Started process (PID=1321) to work on /opt/airflow/dags/json_dag.py
[2026-09-16T16:40:04.371+0000] {processor.py:830} INFO - Processing file /opt/airflow/dags/json_dag.py for tasks to queue
[2026-09-16T16:40:04.374+0000] {logging_mixin.py:188} INFO - [2026-09-16T16:40:04.374+0000] {dagbag.py:545} INFO - Filling up the DagBag from /opt/airflow/dags/json_dag.py
[2026-09-16T16:40:04.963+0000] {processor.py:840} INFO - DAG(s) 'json_dag' retrieved from /opt/airflow/dags/json_dag.py
[2026-09-16T16:40:04.992+0000] {logging_mixin.py:188} INFO - [2026-09-16T16:40:04.992+0000] {dag.py:3096} INFO - Sync 1 DAGs
[2026-09-16T16:40:05.020+0000] {logging_mixin.py:188} INFO - [2026-09-16T16:40:05.019+0000] {dag.py:3954} INFO - Setting next_dagrun for json_dag to 2026-09-16 08:59:00+00:00, run_after=2026-09-17 08:00:00+00:00
[2026-09-16T16:40:05.045+0000] {processor.py:183} INFO - Processing /opt/airflow/dags/json_dag.py took 0.687 seconds
[2026-09-16T16:40:35.798+0000] {processor.py:161} INFO - Started process (PID=1330) to work on /opt/airflow/dags/json_dag.py
[2026-09-16T16:40:35.800+0000] {processor.py:830} INFO - Processing file /opt/airflow/dags/json_dag.py for tasks to queue
[2026-09-16T16:40:35.802+0000] {logging_mixin.py:188} INFO - [2026-09-16T16:40:35.802+0000] {dagbag.py:545} INFO - Filling up the DagBag from /opt/airflow/dags/json_dag.py
[2026-09-16T16:40:36.274+0000] {processor.py:840} INFO - DAG(s) 'json_dag' retrieved from /opt/airflow/dags/json_dag.py
[2026-09-16T16:40:36.299+0000] {logging_mixin.py:188} INFO - [2026-09-16T16:40:36.299+0000] {dag.py:3096} INFO - Sync 1 DAGs
[2026-09-16T16:40:36.324+0000] {logging_mixin.py:188} INFO - [2026-09-16T16:40:36.323+0000] {dag.py:3954} INFO - Setting next_dagrun for json_dag to 2026-09-16 08:59:00+00:00, run_after=2026-09-17 08:00:00+00:00
[2026-09-16T16:40:36.346+0000] {processor.py:183} INFO - Processing /opt/airflow/dags/json_dag.py took 0.555 seconds
[2026-09-16T16:41:07.192+0000] {processor.py:161} INFO - Started process (PID=1339) to work on /opt/airflow/dags/json_dag.py
[2026-09-16T16:41:07.193+0000] {processor.py:830} INFO - Processing file /opt/airflow/dags/json_dag.py for tasks to queue
[2026-09-16T16:41:07.194+0000] {logging_mixin.py:188} INFO - [2026-09-16T16:41:07.194+0000] {dagbag.py:545} INFO - Filling up the DagBag from /opt/airflow/dags/json_dag.py
[2026-09-16T16:41:07.549+0000] {processor.py:840} INFO - DAG(s) 'json_dag' retrieved from /opt/airflow/dags/json_dag.py
[2026-09-16T16:41:07.567+0000] {logging_mixin.py:188} INFO - [2026-09-16T16:41:07.567+0000] {dag.py:3096} INFO - Sync 1 DAGs
[2026-09-16T16:41:07.709+0000] {logging_mixin.py:188} INFO - [2026-09-16T16:41:07.709+0000] {dag.py:3954} INFO - Setting next_dagrun for json_dag to 2026-09-16 08:59:00+00:00, run_after=2026-09-17 08:00:00+00:00
[2026-09-16T16:41:07.725+0000] {processor.py:183} INFO - Processing /opt/airflow/dags/json_dag.py took 0.541 seconds
[2026-09-16T16:41:38.526+0000] {processor.py:161} INFO - Started process (PID=1348) to work on /opt/airflow/dags/json_dag.py
[2026-09-16T16:41:38.528+0000] {processor.py:830} INFO - Processing file /opt/airflow/dags/json_dag.py for tasks to queue
[2026-09-16T16:41:38.530+0000] {logging_mixin.py:188} INFO - [2026-09-16T16:41:38.530+0000] {dagbag.py:545} INFO - Filling up the DagBag from /opt/airflow/dags/json_dag.py
[2026-09-16T16:41:38.918+0000] {processor.py:840} INFO - DAG(s) 'json_dag' retrieved from /opt/airflow/dags/json_dag.py
[2026-09-16T16:41:38.938+0000] {logging_mixin.py:188} INFO - [2026-09-16T16:41:38.938+0000] {dag.py:3096} INFO - Sync 1 DAGs
[2026-09-16T16:41:39.095+0000] {logging_mixin.py:188} INFO - [2026-09-16T16:41:39.094+0000] {dag.py:3954} INFO - Setting next_dagrun for json_dag to 2026-09-16 08:59:00+00:00, run_after=2026-09-17 08:00:00+00:00
[2026-09-16T16:41:39.115+0000] {processor.py:183} INFO - Processing /opt/airflow/dags/json_dag.py took 0.598 seconds
[2026-09-16T16:42:09.957+0000] {processor.py:161} INFO - Started process (PID=1357) to work on /opt/airflow/dags/json_dag.py
[2026-09-16T16:42:09.958+0000] {processor.py:830} INFO - Processing file /opt/airflow/dags/json_dag.py for tasks to queue
[2026-09-16T16:42:09.960+0000] {logging_mixin.py:188} INFO - [2026-09-16T16:42:09.960+0000] {dagbag.py:545} INFO - Filling up the DagBag from /opt/airflow/dags/json_dag.py
[2026-09-16T16:42:10.316+0000] {processor.py:840} INFO - DAG(s) 'json_dag' retrieved from /opt/airflow/dags/json_dag.py
[2026-09-16T16:42:10.337+0000] {logging_mixin.py:188} INFO - [2026-09-16T16:42:10.336+0000] {dag.py:3096} INFO - Sync 1 DAGs
[2026-09-16T16:42:10.484+0000] {logging_mixin.py:188} INFO - [2026-09-16T16:42:10.483+0000] {dag.py:3954} INFO - Setting next_dagrun for json_dag to 2026-09-16 08:59:00+00:00, run_after=2026-09-17 08:00:00+00:00
[2026-09-16T16:42:10.503+0000] {processor.py:183} INFO - Processing /opt/airflow/dags/json_dag.py took 0.552 seconds
[2026-09-16T16:42:41.277+0000] {processor.py:161} INFO - Started process (PID=1366) to work on /opt/airflow/dags/json_dag.py
[2026-09-16T16:42:41.278+0000] {processor.py:830} INFO - Processing file /opt/airflow/dags/json_dag.py for tasks to queue
[2026-09-16T16:42:41.281+0000] {logging_mixin.py:188} INFO - [2026-09-16T16:42:41.280+0000] {dagbag.py:545} INFO - Filling up the DagBag from /opt/airflow/dags/json_dag.py
[2026-09-16T16:42:41.660+0000] {processor.py:840} INFO - DAG(s) 'json_dag' retrieved from /opt/airflow/dags/json_dag.py
[2026-09-16T16:42:41.678+0000] {logging_mixin.py:188} INFO - [2026-09-16T16:42:41.678+0000] {dag.py:3096} INFO - Sync 1 DAGs
[2026-09-16T16:42:41.696+0000] {logging_mixin.py:188} INFO - [2026-09-16T16:42:41.696+0000] {dag.py:3954} INFO - Setting next_dagrun for json_dag to 2026-09-16 08:59:00+00:00, run_after=2026-09-17 08:00:00+00:00
[2026-09-16T16:42:41.717+0000] {processor.py:183} INFO - Processing /opt/airflow/dags/json_dag.py took 0.447 seconds
[2026-09-16T16:43:11.795+0000] {processor.py:161} INFO - Started process (PID=1375) to work on /opt/airflow/dags/json_dag.py
[2026-09-16T16:43:11.797+0000] {processor.py:830} INFO - Processing file /opt/airflow/dags/json_dag.py for tasks to queue
[2026-09-16T16:43:11.799+0000] {logging_mixin.py:188} INFO - [2026-09-16T16:43:11.799+0000] {dagbag.py:545} INFO - Filling up the DagBag from /opt/airflow/dags/json_dag.py
[2026-09-16T16:43:12.216+0000] {processor.py:840} INFO - DAG(s) 'json_dag' retrieved from /opt/airflow/dags/json_dag.py
[2026-09-16T16:43:12.235+0000] {logging_mixin.py:188} INFO - [2026-09-16T16:43:12.234+0000] {dag.py:3096} INFO - Sync 1 DAGs
[2026-09-16T16:43:12.253+0000] {logging_mixin.py:188} INFO - [2026-09-16T16:43:12.252+0000] {dag.py:3954} INFO - Setting next_dagrun for json_dag to 2026-09-16 08:59:00+00:00, run_after=2026-09-17 08:00:00+00:00
[2026-09-16T16:43:12.270+0000] {processor.py:183} INFO - Processing /opt/airflow/dags/json_dag.py took 0.481 seconds
[2026-09-16T16:43:43.113+0000] {processor.py:161} INFO - Started process (PID=1383) to work on /opt/airflow/dags/json_dag.py
[2026-09-16T16:43:43.114+0000] {processor.py:830} INFO - Processing file /opt/airflow/dags/json_dag.py for tasks to queue
[2026-09-16T16:43:43.116+0000] {logging_mixin.py:188} INFO - [2026-09-16T16:43:43.116+0000] {dagbag.py:545} INFO - Filling up the DagBag from /opt/airflow/dags/json_dag.py
[2026-09-16T16:43:43.457+0000] {processor.py:840} INFO - DAG(s) 'json_dag' retrieved from /opt/airflow/dags/json_dag.py
[2026-09-16T16:43:43.476+0000] {logging_mixin.py:188} INFO - [2026-09-16T16:43:43.475+0000] {dag.py:3096} INFO - Sync 1 DAGs
[2026-09-16T16:43:43.495+0000] {logging_mixin.py:188} INFO - [2026-09-16T16:43:43.495+0000] {dag.py:3954} INFO - Setting next_dagrun for json_dag to 2026-09-16 08:59:00+00:00, run_after=2026-09-17 08:00:00+00:00
[2026-09-16T16:43:43.650+0000] {processor.py:183} INFO - Processing /opt/airflow/dags/json_dag.py took 0.544 seconds
[2026-09-16T16:44:14.523+0000] {processor.py:161} INFO - Started process (PID=1392) to work on /opt/airflow/dags/json_dag.py
[2026-09-16T16:44:14.526+0000] {processor.py:830} INFO - Processing file /opt/airflow/dags/json_dag.py for tasks to queue
[2026-09-16T16:44:14.528+0000] {logging_mixin.py:188} INFO - [2026-09-16T16:44:14.528+0000] {dagbag.py:545} INFO - Filling up the DagBag from /opt/airflow/dags/json_dag.py
[2026-09-16T16:44:14.944+0000] {processor.py:840} INFO - DAG(s) 'json_dag' retrieved from /opt/airflow/dags/json_dag.py
[2026-09-16T16:44:14.962+0000] {logging_mixin.py:188} INFO - [2026-09-16T16:44:14.961+0000] {dag.py:3096} INFO - Sync 1 DAGs
[2026-09-16T16:44:15.112+0000] {logging_mixin.py:188} INFO - [2026-09-16T16:44:15.111+0000] {dag.py:3954} INFO - Setting next_dagrun for json_dag to 2026-09-16 08:59:00+00:00, run_after=2026-09-17 08:00:00+00:00
[2026-09-16T16:44:15.132+0000] {processor.py:183} INFO - Processing /opt/airflow/dags/json_dag.py took 0.618 seconds
[2026-09-16T16:44:45.945+0000] {processor.py:161} INFO - Started process (PID=1402) to work on /opt/airflow/dags/json_dag.py
[2026-09-16T16:44:45.947+0000] {processor.py:830} INFO - Processing file /opt/airflow/dags/json_dag.py for tasks to queue
[2026-09-16T16:44:45.950+0000] {logging_mixin.py:188} INFO - [2026-09-16T16:44:45.950+0000] {dagbag.py:545} INFO - Filling up the DagBag from /opt/airflow/dags/json_dag.py
[2026-09-16T16:44:46.374+0000] {processor.py:840} INFO - DAG(s) 'json_dag' retrieved from /opt/airflow/dags/json_dag.py
[2026-09-16T16:44:46.398+0000] {logging_mixin.py:188} INFO - [2026-09-16T16:44:46.397+0000] {dag.py:3096} INFO - Sync 1 DAGs
[2026-09-16T16:44:46.564+0000] {logging_mixin.py:188} INFO - [2026-09-16T16:44:46.563+0000] {dag.py:3954} INFO - Setting next_dagrun for json_dag to 2026-09-16 08:59:00+00:00, run_after=2026-09-17 08:00:00+00:00
[2026-09-16T16:44:46.586+0000] {processor.py:183} INFO - Processing /opt/airflow/dags/json_dag.py took 0.652 seconds
[2026-09-16T16:45:17.387+0000] {processor.py:161} INFO - Started process (PID=1411) to work on /opt/airflow/dags/json_dag.py
[2026-09-16T16:45:17.388+0000] {processor.py:830} INFO - Processing file /opt/airflow/dags/json_dag.py for tasks to queue
[2026-09-16T16:45:17.390+0000] {logging_mixin.py:188} INFO - [2026-09-16T16:45:17.390+0000] {dagbag.py:545} INFO - Filling up the DagBag from /opt/airflow/dags/json_dag.py
[2026-09-16T16:45:17.813+0000] {processor.py:840} INFO - DAG(s) 'json_dag' retrieved from /opt/airflow/dags/json_dag.py
[2026-09-16T16:45:17.831+0000] {logging_mixin.py:188} INFO - [2026-09-16T16:45:17.831+0000] {dag.py:3096} INFO - Sync 1 DAGs
[2026-09-16T16:45:17.849+0000] {logging_mixin.py:188} INFO - [2026-09-16T16:45:17.848+0000] {dag.py:3954} INFO - Setting next_dagrun for json_dag to 2026-09-16 08:59:00+00:00, run_after=2026-09-17 08:00:00+00:00
[2026-09-16T16:45:17.867+0000] {processor.py:183} INFO - Processing /opt/airflow/dags/json_dag.py took 0.486 seconds
[2026-09-16T16:45:47.922+0000] {processor.py:161} INFO - Started process (PID=1426) to work on /opt/airflow/dags/json_dag.py
[2026-09-16T16:45:47.923+0000] {processor.py:830} INFO - Processing file /opt/airflow/dags/json_dag.py for tasks to queue
[2026-09-16T16:45:47.925+0000] {logging_mixin.py:188} INFO - [2026-09-16T16:45:47.925+0000] {dagbag.py:545} INFO - Filling up the DagBag from /opt/airflow/dags/json_dag.py
[2026-09-16T16:45:48.388+0000] {processor.py:840} INFO - DAG(s) 'json_dag' retrieved from /opt/airflow/dags/json_dag.py
[2026-09-16T16:45:48.411+0000] {logging_mixin.py:188} INFO - [2026-09-16T16:45:48.410+0000] {dag.py:3096} INFO - Sync 1 DAGs
[2026-09-16T16:45:48.439+0000] {logging_mixin.py:188} INFO - [2026-09-16T16:45:48.438+0000] {dag.py:3954} INFO - Setting next_dagrun for json_dag to 2026-09-16 08:59:00+00:00, run_after=2026-09-17 08:00:00+00:00
[2026-09-16T16:45:48.464+0000] {processor.py:183} INFO - Processing /opt/airflow/dags/json_dag.py took 0.549 seconds
[2026-09-16T16:46:19.240+0000] {processor.py:161} INFO - Started process (PID=1435) to work on /opt/airflow/dags/json_dag.py
[2026-09-16T16:46:19.241+0000] {processor.py:830} INFO - Processing file /opt/airflow/dags/json_dag.py for tasks to queue
[2026-09-16T16:46:19.243+0000] {logging_mixin.py:188} INFO - [2026-09-16T16:46:19.243+0000] {dagbag.py:545} INFO - Filling up the DagBag from /opt/airflow/dags/json_dag.py
[2026-09-16T16:46:19.635+0000] {processor.py:840} INFO - DAG(s) 'json_dag' retrieved from /opt/airflow/dags/json_dag.py
[2026-09-16T16:46:19.653+0000] {logging_mixin.py:188} INFO - [2026-09-16T16:46:19.653+0000] {dag.py:3096} INFO - Sync 1 DAGs
[2026-09-16T16:46:19.673+0000] {logging_mixin.py:188} INFO - [2026-09-16T16:46:19.673+0000] {dag.py:3954} INFO - Setting next_dagrun for json_dag to 2026-09-16 08:59:00+00:00, run_after=2026-09-17 08:00:00+00:00
[2026-09-16T16:46:19.826+0000] {processor.py:183} INFO - Processing /opt/airflow/dags/json_dag.py took 0.597 seconds
[2026-09-16T16:46:50.647+0000] {processor.py:161} INFO - Started process (PID=1444) to work on /opt/airflow/dags/json_dag.py
[2026-09-16T16:46:50.648+0000] {processor.py:830} INFO - Processing file /opt/airflow/dags/json_dag.py for tasks to queue
[2026-09-16T16:46:50.651+0000] {logging_mixin.py:188} INFO - [2026-09-16T16:46:50.650+0000] {dagbag.py:545} INFO - Filling up the DagBag from /opt/airflow/dags/json_dag.py
[2026-09-16T16:46:51.031+0000] {processor.py:840} INFO - DAG(s) 'json_dag' retrieved from /opt/airflow/dags/json_dag.py
[2026-09-16T16:46:51.051+0000] {logging_mixin.py:188} INFO - [2026-09-16T16:46:51.050+0000] {dag.py:3096} INFO - Sync 1 DAGs
[2026-09-16T16:46:51.197+0000] {logging_mixin.py:188} INFO - [2026-09-16T16:46:51.197+0000] {dag.py:3954} INFO - Setting next_dagrun for json_dag to 2026-09-16 08:59:00+00:00, run_after=2026-09-17 08:00:00+00:00
[2026-09-16T16:46:51.221+0000] {processor.py:183} INFO - Processing /opt/airflow/dags/json_dag.py took 0.580 seconds
[2026-09-16T16:47:22.035+0000] {processor.py:161} INFO - Started process (PID=1453) to work on /opt/airflow/dags/json_dag.py
[2026-09-16T16:47:22.037+0000] {processor.py:830} INFO - Processing file /opt/airflow/dags/json_dag.py for tasks to queue
[2026-09-16T16:47:22.039+0000] {logging_mixin.py:188} INFO - [2026-09-16T16:47:22.039+0000] {dagbag.py:545} INFO - Filling up the DagBag from /opt/airflow/dags/json_dag.py
[2026-09-16T16:47:22.425+0000] {processor.py:840} INFO - DAG(s) 'json_dag' retrieved from /opt/airflow/dags/json_dag.py
[2026-09-16T16:47:22.445+0000] {logging_mixin.py:188} INFO - [2026-09-16T16:47:22.445+0000] {dag.py:3096} INFO - Sync 1 DAGs
[2026-09-16T16:47:22.600+0000] {logging_mixin.py:188} INFO - [2026-09-16T16:47:22.600+0000] {dag.py:3954} INFO - Setting next_dagrun for json_dag to 2026-09-16 08:59:00+00:00, run_after=2026-09-17 08:00:00+00:00
[2026-09-16T16:47:22.616+0000] {processor.py:183} INFO - Processing /opt/airflow/dags/json_dag.py took 0.589 seconds
[2026-09-16T16:47:53.502+0000] {processor.py:161} INFO - Started process (PID=1462) to work on /opt/airflow/dags/json_dag.py
[2026-09-16T16:47:53.504+0000] {processor.py:830} INFO - Processing file /opt/airflow/dags/json_dag.py for tasks to queue
[2026-09-16T16:47:53.506+0000] {logging_mixin.py:188} INFO - [2026-09-16T16:47:53.506+0000] {dagbag.py:545} INFO - Filling up the DagBag from /opt/airflow/dags/json_dag.py
[2026-09-16T16:47:53.884+0000] {processor.py:840} INFO - DAG(s) 'json_dag' retrieved from /opt/airflow/dags/json_dag.py
[2026-09-16T16:47:53.903+0000] {logging_mixin.py:188} INFO - [2026-09-16T16:47:53.903+0000] {dag.py:3096} INFO - Sync 1 DAGs
[2026-09-16T16:47:54.046+0000] {logging_mixin.py:188} INFO - [2026-09-16T16:47:54.046+0000] {dag.py:3954} INFO - Setting next_dagrun for json_dag to 2026-09-16 08:59:00+00:00, run_after=2026-09-17 08:00:00+00:00
[2026-09-16T16:47:54.062+0000] {processor.py:183} INFO - Processing /opt/airflow/dags/json_dag.py took 0.567 seconds
[2026-09-16T16:48:24.937+0000] {processor.py:161} INFO - Started process (PID=1471) to work on /opt/airflow/dags/json_dag.py
[2026-09-16T16:48:24.939+0000] {processor.py:830} INFO - Processing file /opt/airflow/dags/json_dag.py for tasks to queue
[2026-09-16T16:48:24.941+0000] {logging_mixin.py:188} INFO - [2026-09-16T16:48:24.941+0000] {dagbag.py:545} INFO - Filling up the DagBag from /opt/airflow/dags/json_dag.py
[2026-09-16T16:48:25.309+0000] {processor.py:840} INFO - DAG(s) 'json_dag' retrieved from /opt/airflow/dags/json_dag.py
[2026-09-16T16:48:25.333+0000] {logging_mixin.py:188} INFO - [2026-09-16T16:48:25.332+0000] {dag.py:3096} INFO - Sync 1 DAGs
[2026-09-16T16:48:25.357+0000] {logging_mixin.py:188} INFO - [2026-09-16T16:48:25.357+0000] {dag.py:3954} INFO - Setting next_dagrun for json_dag to 2026-09-16 08:59:00+00:00, run_after=2026-09-17 08:00:00+00:00
[2026-09-16T16:48:25.375+0000] {processor.py:183} INFO - Processing /opt/airflow/dags/json_dag.py took 0.443 seconds
[2026-09-16T16:48:55.437+0000] {processor.py:161} INFO - Started process (PID=1480) to work on /opt/airflow/dags/json_dag.py
[2026-09-16T16:48:55.439+0000] {processor.py:830} INFO - Processing file /opt/airflow/dags/json_dag.py for tasks to queue
[2026-09-16T16:48:55.442+0000] {logging_mixin.py:188} INFO - [2026-09-16T16:48:55.442+0000] {dagbag.py:545} INFO - Filling up the DagBag from /opt/airflow/dags/json_dag.py
[2026-09-16T16:48:55.893+0000] {processor.py:840} INFO - DAG(s) 'json_dag' retrieved from /opt/airflow/dags/json_dag.py
[2026-09-16T16:48:55.912+0000] {logging_mixin.py:188} INFO - [2026-09-16T16:48:55.912+0000] {dag.py:3096} INFO - Sync 1 DAGs
[2026-09-16T16:48:55.933+0000] {logging_mixin.py:188} INFO - [2026-09-16T16:48:55.933+0000] {dag.py:3954} INFO - Setting next_dagrun for json_dag to 2026-09-16 08:59:00+00:00, run_after=2026-09-17 08:00:00+00:00
[2026-09-16T16:48:55.952+0000] {processor.py:183} INFO - Processing /opt/airflow/dags/json_dag.py took 0.522 seconds
[2026-09-16T16:49:26.761+0000] {processor.py:161} INFO - Started process (PID=1489) to work on /opt/airflow/dags/json_dag.py
[2026-09-16T16:49:26.762+0000] {processor.py:830} INFO - Processing file /opt/airflow/dags/json_dag.py for tasks to queue
[2026-09-16T16:49:26.764+0000] {logging_mixin.py:188} INFO - [2026-09-16T16:49:26.764+0000] {dagbag.py:545} INFO - Filling up the DagBag from /opt/airflow/dags/json_dag.py
[2026-09-16T16:49:27.119+0000] {processor.py:840} INFO - DAG(s) 'json_dag' retrieved from /opt/airflow/dags/json_dag.py
[2026-09-16T16:49:27.138+0000] {logging_mixin.py:188} INFO - [2026-09-16T16:49:27.137+0000] {dag.py:3096} INFO - Sync 1 DAGs
[2026-09-16T16:49:27.155+0000] {logging_mixin.py:188} INFO - [2026-09-16T16:49:27.155+0000] {dag.py:3954} INFO - Setting next_dagrun for json_dag to 2026-09-16 08:59:00+00:00, run_after=2026-09-17 08:00:00+00:00
[2026-09-16T16:49:27.314+0000] {processor.py:183} INFO - Processing /opt/airflow/dags/json_dag.py took 0.559 seconds
[2026-09-16T16:49:58.219+0000] {processor.py:161} INFO - Started process (PID=1498) to work on /opt/airflow/dags/json_dag.py
[2026-09-16T16:49:58.221+0000] {processor.py:830} INFO - Processing file /opt/airflow/dags/json_dag.py for tasks to queue
[2026-09-16T16:49:58.224+0000] {logging_mixin.py:188} INFO - [2026-09-16T16:49:58.223+0000] {dagbag.py:545} INFO - Filling up the DagBag from /opt/airflow/dags/json_dag.py
[2026-09-16T16:49:58.729+0000] {processor.py:840} INFO - DAG(s) 'json_dag' retrieved from /opt/airflow/dags/json_dag.py
[2026-09-16T16:49:58.755+0000] {logging_mixin.py:188} INFO - [2026-09-16T16:49:58.753+0000] {dag.py:3096} INFO - Sync 1 DAGs
[2026-09-16T16:49:58.944+0000] {logging_mixin.py:188} INFO - [2026-09-16T16:49:58.944+0000] {dag.py:3954} INFO - Setting next_dagrun for json_dag to 2026-09-16 08:59:00+00:00, run_after=2026-09-17 08:00:00+00:00
[2026-09-16T16:49:58.963+0000] {processor.py:183} INFO - Processing /opt/airflow/dags/json_dag.py took 0.752 seconds
[2026-09-16T16:50:29.627+0000] {processor.py:161} INFO - Started process (PID=1507) to work on /opt/airflow/dags/json_dag.py
[2026-09-16T16:50:29.629+0000] {processor.py:830} INFO - Processing file /opt/airflow/dags/json_dag.py for tasks to queue
[2026-09-16T16:50:29.631+0000] {logging_mixin.py:188} INFO - [2026-09-16T16:50:29.630+0000] {dagbag.py:545} INFO - Filling up the DagBag from /opt/airflow/dags/json_dag.py
[2026-09-16T16:50:29.989+0000] {processor.py:840} INFO - DAG(s) 'json_dag' retrieved from /opt/airflow/dags/json_dag.py
[2026-09-16T16:50:30.010+0000] {logging_mixin.py:188} INFO - [2026-09-16T16:50:30.010+0000] {dag.py:3096} INFO - Sync 1 DAGs
[2026-09-16T16:50:30.206+0000] {logging_mixin.py:188} INFO - [2026-09-16T16:50:30.206+0000] {dag.py:3954} INFO - Setting next_dagrun for json_dag to 2026-09-16 08:59:00+00:00, run_after=2026-09-17 08:00:00+00:00
[2026-09-16T16:50:30.226+0000] {processor.py:183} INFO - Processing /opt/airflow/dags/json_dag.py took 0.605 seconds
[2026-09-16T16:51:01.107+0000] {processor.py:161} INFO - Started process (PID=1516) to work on /opt/airflow/dags/json_dag.py
[2026-09-16T16:51:01.109+0000] {processor.py:830} INFO - Processing file /opt/airflow/dags/json_dag.py for tasks to queue
[2026-09-16T16:51:01.111+0000] {logging_mixin.py:188} INFO - [2026-09-16T16:51:01.111+0000] {dagbag.py:545} INFO - Filling up the DagBag from /opt/airflow/dags/json_dag.py
[2026-09-16T16:51:01.517+0000] {processor.py:840} INFO - DAG(s) 'json_dag' retrieved from /opt/airflow/dags/json_dag.py
[2026-09-16T16:51:01.535+0000] {logging_mixin.py:188} INFO - [2026-09-16T16:51:01.535+0000] {dag.py:3096} INFO - Sync 1 DAGs
[2026-09-16T16:51:01.552+0000] {logging_mixin.py:188} INFO - [2026-09-16T16:51:01.552+0000] {dag.py:3954} INFO - Setting next_dagrun for json_dag to 2026-09-16 08:59:00+00:00, run_after=2026-09-17 08:00:00+00:00
[2026-09-16T16:51:01.570+0000] {processor.py:183} INFO - Processing /opt/airflow/dags/json_dag.py took 0.470 seconds
[2026-09-16T16:51:32.460+0000] {processor.py:161} INFO - Started process (PID=1525) to work on /opt/airflow/dags/json_dag.py
[2026-09-16T16:51:32.462+0000] {processor.py:830} INFO - Processing file /opt/airflow/dags/json_dag.py for tasks to queue
[2026-09-16T16:51:32.465+0000] {logging_mixin.py:188} INFO - [2026-09-16T16:51:32.464+0000] {dagbag.py:545} INFO - Filling up the DagBag from /opt/airflow/dags/json_dag.py
[2026-09-16T16:51:32.813+0000] {processor.py:840} INFO - DAG(s) 'json_dag' retrieved from /opt/airflow/dags/json_dag.py
[2026-09-16T16:51:32.834+0000] {logging_mixin.py:188} INFO - [2026-09-16T16:51:32.834+0000] {dag.py:3096} INFO - Sync 1 DAGs
[2026-09-16T16:51:32.855+0000] {logging_mixin.py:188} INFO - [2026-09-16T16:51:32.854+0000] {dag.py:3954} INFO - Setting next_dagrun for json_dag to 2026-09-16 08:59:00+00:00, run_after=2026-09-17 08:00:00+00:00
[2026-09-16T16:51:32.874+0000] {processor.py:183} INFO - Processing /opt/airflow/dags/json_dag.py took 0.419 seconds
[2026-09-16T16:52:02.975+0000] {processor.py:161} INFO - Started process (PID=1534) to work on /opt/airflow/dags/json_dag.py
[2026-09-16T16:52:02.977+0000] {processor.py:830} INFO - Processing file /opt/airflow/dags/json_dag.py for tasks to queue
[2026-09-16T16:52:02.979+0000] {logging_mixin.py:188} INFO - [2026-09-16T16:52:02.978+0000] {dagbag.py:545} INFO - Filling up the DagBag from /opt/airflow/dags/json_dag.py
[2026-09-16T16:52:03.341+0000] {processor.py:840} INFO - DAG(s) 'json_dag' retrieved from /opt/airflow/dags/json_dag.py
[2026-09-16T16:52:03.360+0000] {logging_mixin.py:188} INFO - [2026-09-16T16:52:03.360+0000] {dag.py:3096} INFO - Sync 1 DAGs
[2026-09-16T16:52:03.378+0000] {logging_mixin.py:188} INFO - [2026-09-16T16:52:03.377+0000] {dag.py:3954} INFO - Setting next_dagrun for json_dag to 2026-09-16 08:59:00+00:00, run_after=2026-09-17 08:00:00+00:00
[2026-09-16T16:52:03.522+0000] {processor.py:183} INFO - Processing /opt/airflow/dags/json_dag.py took 0.553 seconds
[2026-09-16T16:52:34.315+0000] {processor.py:161} INFO - Started process (PID=1543) to work on /opt/airflow/dags/json_dag.py
[2026-09-16T16:52:34.317+0000] {processor.py:830} INFO - Processing file /opt/airflow/dags/json_dag.py for tasks to queue
[2026-09-16T16:52:34.318+0000] {logging_mixin.py:188} INFO - [2026-09-16T16:52:34.318+0000] {dagbag.py:545} INFO - Filling up the DagBag from /opt/airflow/dags/json_dag.py
[2026-09-16T16:52:34.738+0000] {processor.py:840} INFO - DAG(s) 'json_dag' retrieved from /opt/airflow/dags/json_dag.py
[2026-09-16T16:52:34.757+0000] {logging_mixin.py:188} INFO - [2026-09-16T16:52:34.757+0000] {dag.py:3096} INFO - Sync 1 DAGs
[2026-09-16T16:52:34.904+0000] {logging_mixin.py:188} INFO - [2026-09-16T16:52:34.903+0000] {dag.py:3954} INFO - Setting next_dagrun for json_dag to 2026-09-16 08:59:00+00:00, run_after=2026-09-17 08:00:00+00:00
[2026-09-16T16:52:34.923+0000] {processor.py:183} INFO - Processing /opt/airflow/dags/json_dag.py took 0.614 seconds
[2026-09-16T16:53:05.723+0000] {processor.py:161} INFO - Started process (PID=1552) to work on /opt/airflow/dags/json_dag.py
[2026-09-16T16:53:05.725+0000] {processor.py:830} INFO - Processing file /opt/airflow/dags/json_dag.py for tasks to queue
[2026-09-16T16:53:05.727+0000] {logging_mixin.py:188} INFO - [2026-09-16T16:53:05.726+0000] {dagbag.py:545} INFO - Filling up the DagBag from /opt/airflow/dags/json_dag.py
[2026-09-16T16:53:06.103+0000] {processor.py:840} INFO - DAG(s) 'json_dag' retrieved from /opt/airflow/dags/json_dag.py
[2026-09-16T16:53:06.121+0000] {logging_mixin.py:188} INFO - [2026-09-16T16:53:06.120+0000] {dag.py:3096} INFO - Sync 1 DAGs
[2026-09-16T16:53:06.260+0000] {logging_mixin.py:188} INFO - [2026-09-16T16:53:06.260+0000] {dag.py:3954} INFO - Setting next_dagrun for json_dag to 2026-09-16 08:59:00+00:00, run_after=2026-09-17 08:00:00+00:00
[2026-09-16T16:53:06.279+0000] {processor.py:183} INFO - Processing /opt/airflow/dags/json_dag.py took 0.562 seconds
[2026-09-16T16:53:37.097+0000] {processor.py:161} INFO - Started process (PID=1561) to work on /opt/airflow/dags/json_dag.py
[2026-09-16T16:53:37.099+0000] {processor.py:830} INFO - Processing file /opt/airflow/dags/json_dag.py for tasks to queue
[2026-09-16T16:53:37.102+0000] {logging_mixin.py:188} INFO - [2026-09-16T16:53:37.102+0000] {dagbag.py:545} INFO - Filling up the DagBag from /opt/airflow/dags/json_dag.py
[2026-09-16T16:53:37.470+0000] {processor.py:840} INFO - DAG(s) 'json_dag' retrieved from /opt/airflow/dags/json_dag.py
[2026-09-16T16:53:37.489+0000] {logging_mixin.py:188} INFO - [2026-09-16T16:53:37.488+0000] {dag.py:3096} INFO - Sync 1 DAGs
[2026-09-16T16:53:37.645+0000] {logging_mixin.py:188} INFO - [2026-09-16T16:53:37.645+0000] {dag.py:3954} INFO - Setting next_dagrun for json_dag to 2026-09-16 08:59:00+00:00, run_after=2026-09-17 08:00:00+00:00
[2026-09-16T16:53:37.667+0000] {processor.py:183} INFO - Processing /opt/airflow/dags/json_dag.py took 0.580 seconds
[2026-09-16T16:54:08.520+0000] {processor.py:161} INFO - Started process (PID=1570) to work on /opt/airflow/dags/json_dag.py
[2026-09-16T16:54:08.522+0000] {processor.py:830} INFO - Processing file /opt/airflow/dags/json_dag.py for tasks to queue
[2026-09-16T16:54:08.524+0000] {logging_mixin.py:188} INFO - [2026-09-16T16:54:08.524+0000] {dagbag.py:545} INFO - Filling up the DagBag from /opt/airflow/dags/json_dag.py
[2026-09-16T16:54:09.070+0000] {processor.py:840} INFO - DAG(s) 'json_dag' retrieved from /opt/airflow/dags/json_dag.py
[2026-09-16T16:54:09.102+0000] {logging_mixin.py:188} INFO - [2026-09-16T16:54:09.101+0000] {dag.py:3096} INFO - Sync 1 DAGs
[2026-09-16T16:54:09.124+0000] {logging_mixin.py:188} INFO - [2026-09-16T16:54:09.124+0000] {dag.py:3954} INFO - Setting next_dagrun for json_dag to 2026-09-16 08:59:00+00:00, run_after=2026-09-17 08:00:00+00:00
[2026-09-16T16:54:09.146+0000] {processor.py:183} INFO - Processing /opt/airflow/dags/json_dag.py took 0.634 seconds
[2026-09-16T16:54:39.887+0000] {processor.py:161} INFO - Started process (PID=1579) to work on /opt/airflow/dags/json_dag.py
[2026-09-16T16:54:39.889+0000] {processor.py:830} INFO - Processing file /opt/airflow/dags/json_dag.py for tasks to queue
[2026-09-16T16:54:39.891+0000] {logging_mixin.py:188} INFO - [2026-09-16T16:54:39.890+0000] {dagbag.py:545} INFO - Filling up the DagBag from /opt/airflow/dags/json_dag.py
[2026-09-16T16:54:40.294+0000] {processor.py:840} INFO - DAG(s) 'json_dag' retrieved from /opt/airflow/dags/json_dag.py
[2026-09-16T16:54:40.313+0000] {logging_mixin.py:188} INFO - [2026-09-16T16:54:40.312+0000] {dag.py:3096} INFO - Sync 1 DAGs
[2026-09-16T16:54:40.331+0000] {logging_mixin.py:188} INFO - [2026-09-16T16:54:40.330+0000] {dag.py:3954} INFO - Setting next_dagrun for json_dag to 2026-09-16 08:59:00+00:00, run_after=2026-09-17 08:00:00+00:00
[2026-09-16T16:54:40.348+0000] {processor.py:183} INFO - Processing /opt/airflow/dags/json_dag.py took 0.468 seconds
[2026-09-16T16:55:11.346+0000] {processor.py:161} INFO - Started process (PID=1588) to work on /opt/airflow/dags/json_dag.py
[2026-09-16T16:55:11.348+0000] {processor.py:830} INFO - Processing file /opt/airflow/dags/json_dag.py for tasks to queue
[2026-09-16T16:55:11.349+0000] {logging_mixin.py:188} INFO - [2026-09-16T16:55:11.349+0000] {dagbag.py:545} INFO - Filling up the DagBag from /opt/airflow/dags/json_dag.py
[2026-09-16T16:55:11.704+0000] {processor.py:840} INFO - DAG(s) 'json_dag' retrieved from /opt/airflow/dags/json_dag.py
[2026-09-16T16:55:11.722+0000] {logging_mixin.py:188} INFO - [2026-09-16T16:55:11.722+0000] {dag.py:3096} INFO - Sync 1 DAGs
[2026-09-16T16:55:11.741+0000] {logging_mixin.py:188} INFO - [2026-09-16T16:55:11.741+0000] {dag.py:3954} INFO - Setting next_dagrun for json_dag to 2026-09-16 08:59:00+00:00, run_after=2026-09-17 08:00:00+00:00
[2026-09-16T16:55:11.893+0000] {processor.py:183} INFO - Processing /opt/airflow/dags/json_dag.py took 0.553 seconds
[2026-09-16T16:55:42.805+0000] {processor.py:161} INFO - Started process (PID=1597) to work on /opt/airflow/dags/json_dag.py
[2026-09-16T16:55:42.806+0000] {processor.py:830} INFO - Processing file /opt/airflow/dags/json_dag.py for tasks to queue
[2026-09-16T16:55:42.810+0000] {logging_mixin.py:188} INFO - [2026-09-16T16:55:42.809+0000] {dagbag.py:545} INFO - Filling up the DagBag from /opt/airflow/dags/json_dag.py
[2026-09-16T16:55:43.178+0000] {processor.py:840} INFO - DAG(s) 'json_dag' retrieved from /opt/airflow/dags/json_dag.py
[2026-09-16T16:55:43.197+0000] {logging_mixin.py:188} INFO - [2026-09-16T16:55:43.196+0000] {dag.py:3096} INFO - Sync 1 DAGs
[2026-09-16T16:55:43.345+0000] {logging_mixin.py:188} INFO - [2026-09-16T16:55:43.345+0000] {dag.py:3954} INFO - Setting next_dagrun for json_dag to 2026-09-16 08:59:00+00:00, run_after=2026-09-17 08:00:00+00:00
[2026-09-16T16:55:43.366+0000] {processor.py:183} INFO - Processing /opt/airflow/dags/json_dag.py took 0.566 seconds
[2026-09-16T16:56:14.173+0000] {processor.py:161} INFO - Started process (PID=1606) to work on /opt/airflow/dags/json_dag.py
[2026-09-16T16:56:14.174+0000] {processor.py:830} INFO - Processing file /opt/airflow/dags/json_dag.py for tasks to queue
[2026-09-16T16:56:14.177+0000] {logging_mixin.py:188} INFO - [2026-09-16T16:56:14.176+0000] {dagbag.py:545} INFO - Filling up the DagBag from /opt/airflow/dags/json_dag.py
[2026-09-16T16:56:14.534+0000] {processor.py:840} INFO - DAG(s) 'json_dag' retrieved from /opt/airflow/dags/json_dag.py
[2026-09-16T16:56:14.552+0000] {logging_mixin.py:188} INFO - [2026-09-16T16:56:14.552+0000] {dag.py:3096} INFO - Sync 1 DAGs
[2026-09-16T16:56:14.719+0000] {logging_mixin.py:188} INFO - [2026-09-16T16:56:14.718+0000] {dag.py:3954} INFO - Setting next_dagrun for json_dag to 2026-09-16 08:59:00+00:00, run_after=2026-09-17 08:00:00+00:00
[2026-09-16T16:56:14.740+0000] {processor.py:183} INFO - Processing /opt/airflow/dags/json_dag.py took 0.573 seconds
[2026-09-16T16:56:45.590+0000] {processor.py:161} INFO - Started process (PID=1615) to work on /opt/airflow/dags/json_dag.py
[2026-09-16T16:56:45.592+0000] {processor.py:830} INFO - Processing file /opt/airflow/dags/json_dag.py for tasks to queue
[2026-09-16T16:56:45.594+0000] {logging_mixin.py:188} INFO - [2026-09-16T16:56:45.594+0000] {dagbag.py:545} INFO - Filling up the DagBag from /opt/airflow/dags/json_dag.py
[2026-09-16T16:56:45.974+0000] {processor.py:840} INFO - DAG(s) 'json_dag' retrieved from /opt/airflow/dags/json_dag.py
[2026-09-16T16:56:46.126+0000] {logging_mixin.py:188} INFO - [2026-09-16T16:56:46.126+0000] {dag.py:3096} INFO - Sync 1 DAGs
[2026-09-16T16:56:46.147+0000] {logging_mixin.py:188} INFO - [2026-09-16T16:56:46.146+0000] {dag.py:3954} INFO - Setting next_dagrun for json_dag to 2026-09-16 08:59:00+00:00, run_after=2026-09-17 08:00:00+00:00
[2026-09-16T16:56:46.168+0000] {processor.py:183} INFO - Processing /opt/airflow/dags/json_dag.py took 0.586 seconds
[2026-09-16T16:57:16.964+0000] {processor.py:161} INFO - Started process (PID=1624) to work on /opt/airflow/dags/json_dag.py
[2026-09-16T16:57:16.966+0000] {processor.py:830} INFO - Processing file /opt/airflow/dags/json_dag.py for tasks to queue
[2026-09-16T16:57:16.968+0000] {logging_mixin.py:188} INFO - [2026-09-16T16:57:16.967+0000] {dagbag.py:545} INFO - Filling up the DagBag from /opt/airflow/dags/json_dag.py
[2026-09-16T16:57:17.327+0000] {processor.py:840} INFO - DAG(s) 'json_dag' retrieved from /opt/airflow/dags/json_dag.py
[2026-09-16T16:57:17.349+0000] {logging_mixin.py:188} INFO - [2026-09-16T16:57:17.349+0000] {dag.py:3096} INFO - Sync 1 DAGs
[2026-09-16T16:57:17.367+0000] {logging_mixin.py:188} INFO - [2026-09-16T16:57:17.367+0000] {dag.py:3954} INFO - Setting next_dagrun for json_dag to 2026-09-16 08:59:00+00:00, run_after=2026-09-17 08:00:00+00:00
[2026-09-16T16:57:17.386+0000] {processor.py:183} INFO - Processing /opt/airflow/dags/json_dag.py took 0.427 seconds
[2026-09-16T16:57:47.465+0000] {processor.py:161} INFO - Started process (PID=1633) to work on /opt/airflow/dags/json_dag.py
[2026-09-16T16:57:47.467+0000] {processor.py:830} INFO - Processing file /opt/airflow/dags/json_dag.py for tasks to queue
[2026-09-16T16:57:47.469+0000] {logging_mixin.py:188} INFO - [2026-09-16T16:57:47.469+0000] {dagbag.py:545} INFO - Filling up the DagBag from /opt/airflow/dags/json_dag.py
[2026-09-16T16:57:47.820+0000] {processor.py:840} INFO - DAG(s) 'json_dag' retrieved from /opt/airflow/dags/json_dag.py
[2026-09-16T16:57:47.839+0000] {logging_mixin.py:188} INFO - [2026-09-16T16:57:47.839+0000] {dag.py:3096} INFO - Sync 1 DAGs
[2026-09-16T16:57:47.858+0000] {logging_mixin.py:188} INFO - [2026-09-16T16:57:47.858+0000] {dag.py:3954} INFO - Setting next_dagrun for json_dag to 2026-09-16 08:59:00+00:00, run_after=2026-09-17 08:00:00+00:00
[2026-09-16T16:57:48.004+0000] {processor.py:183} INFO - Processing /opt/airflow/dags/json_dag.py took 0.544 seconds
[2026-09-16T16:58:18.821+0000] {processor.py:161} INFO - Started process (PID=1642) to work on /opt/airflow/dags/json_dag.py
[2026-09-16T16:58:18.822+0000] {processor.py:830} INFO - Processing file /opt/airflow/dags/json_dag.py for tasks to queue
[2026-09-16T16:58:18.825+0000] {logging_mixin.py:188} INFO - [2026-09-16T16:58:18.825+0000] {dagbag.py:545} INFO - Filling up the DagBag from /opt/airflow/dags/json_dag.py
[2026-09-16T16:58:19.209+0000] {processor.py:840} INFO - DAG(s) 'json_dag' retrieved from /opt/airflow/dags/json_dag.py
[2026-09-16T16:58:19.228+0000] {logging_mixin.py:188} INFO - [2026-09-16T16:58:19.227+0000] {dag.py:3096} INFO - Sync 1 DAGs
[2026-09-16T16:58:19.380+0000] {logging_mixin.py:188} INFO - [2026-09-16T16:58:19.380+0000] {dag.py:3954} INFO - Setting next_dagrun for json_dag to 2026-09-16 08:59:00+00:00, run_after=2026-09-17 08:00:00+00:00
[2026-09-16T16:58:19.401+0000] {processor.py:183} INFO - Processing /opt/airflow/dags/json_dag.py took 0.586 seconds
[2026-09-16T16:58:50.209+0000] {processor.py:161} INFO - Started process (PID=1657) to work on /opt/airflow/dags/json_dag.py
[2026-09-16T16:58:50.211+0000] {processor.py:830} INFO - Processing file /opt/airflow/dags/json_dag.py for tasks to queue
[2026-09-16T16:58:50.214+0000] {logging_mixin.py:188} INFO - [2026-09-16T16:58:50.214+0000] {dagbag.py:545} INFO - Filling up the DagBag from /opt/airflow/dags/json_dag.py
[2026-09-16T16:58:50.659+0000] {processor.py:840} INFO - DAG(s) 'json_dag' retrieved from /opt/airflow/dags/json_dag.py
[2026-09-16T16:58:50.680+0000] {logging_mixin.py:188} INFO - [2026-09-16T16:58:50.680+0000] {dag.py:3096} INFO - Sync 1 DAGs
[2026-09-16T16:58:50.835+0000] {logging_mixin.py:188} INFO - [2026-09-16T16:58:50.835+0000] {dag.py:3954} INFO - Setting next_dagrun for json_dag to 2026-09-16 08:59:00+00:00, run_after=2026-09-17 08:00:00+00:00
[2026-09-16T16:58:50.856+0000] {processor.py:183} INFO - Processing /opt/airflow/dags/json_dag.py took 0.653 seconds
[2026-09-16T16:59:21.606+0000] {processor.py:161} INFO - Started process (PID=1666) to work on /opt/airflow/dags/json_dag.py
[2026-09-16T16:59:21.607+0000] {processor.py:830} INFO - Processing file /opt/airflow/dags/json_dag.py for tasks to queue
[2026-09-16T16:59:21.609+0000] {logging_mixin.py:188} INFO - [2026-09-16T16:59:21.609+0000] {dagbag.py:545} INFO - Filling up the DagBag from /opt/airflow/dags/json_dag.py
[2026-09-16T16:59:21.988+0000] {processor.py:840} INFO - DAG(s) 'json_dag' retrieved from /opt/airflow/dags/json_dag.py
[2026-09-16T16:59:22.141+0000] {logging_mixin.py:188} INFO - [2026-09-16T16:59:22.141+0000] {dag.py:3096} INFO - Sync 1 DAGs
[2026-09-16T16:59:22.156+0000] {logging_mixin.py:188} INFO - [2026-09-16T16:59:22.156+0000] {dag.py:3954} INFO - Setting next_dagrun for json_dag to 2026-09-16 08:59:00+00:00, run_after=2026-09-17 08:00:00+00:00
[2026-09-16T16:59:22.172+0000] {processor.py:183} INFO - Processing /opt/airflow/dags/json_dag.py took 0.572 seconds
[2026-09-16T16:59:52.994+0000] {processor.py:161} INFO - Started process (PID=1675) to work on /opt/airflow/dags/json_dag.py
[2026-09-16T16:59:52.996+0000] {processor.py:830} INFO - Processing file /opt/airflow/dags/json_dag.py for tasks to queue
[2026-09-16T16:59:52.998+0000] {logging_mixin.py:188} INFO - [2026-09-16T16:59:52.998+0000] {dagbag.py:545} INFO - Filling up the DagBag from /opt/airflow/dags/json_dag.py
[2026-09-16T16:59:53.406+0000] {processor.py:840} INFO - DAG(s) 'json_dag' retrieved from /opt/airflow/dags/json_dag.py
[2026-09-16T16:59:53.425+0000] {logging_mixin.py:188} INFO - [2026-09-16T16:59:53.424+0000] {dag.py:3096} INFO - Sync 1 DAGs
[2026-09-16T16:59:53.443+0000] {logging_mixin.py:188} INFO - [2026-09-16T16:59:53.442+0000] {dag.py:3954} INFO - Setting next_dagrun for json_dag to 2026-09-16 08:59:00+00:00, run_after=2026-09-17 08:00:00+00:00
[2026-09-16T16:59:53.463+0000] {processor.py:183} INFO - Processing /opt/airflow/dags/json_dag.py took 0.477 seconds
[2026-09-16T17:00:24.416+0000] {processor.py:161} INFO - Started process (PID=1684) to work on /opt/airflow/dags/json_dag.py
[2026-09-16T17:00:24.418+0000] {processor.py:830} INFO - Processing file /opt/airflow/dags/json_dag.py for tasks to queue
[2026-09-16T17:00:24.420+0000] {logging_mixin.py:188} INFO - [2026-09-16T17:00:24.420+0000] {dagbag.py:545} INFO - Filling up the DagBag from /opt/airflow/dags/json_dag.py
[2026-09-16T17:00:24.810+0000] {processor.py:840} INFO - DAG(s) 'json_dag' retrieved from /opt/airflow/dags/json_dag.py
[2026-09-16T17:00:24.828+0000] {logging_mixin.py:188} INFO - [2026-09-16T17:00:24.827+0000] {dag.py:3096} INFO - Sync 1 DAGs
[2026-09-16T17:00:24.845+0000] {logging_mixin.py:188} INFO - [2026-09-16T17:00:24.845+0000] {dag.py:3954} INFO - Setting next_dagrun for json_dag to 2026-09-16 08:59:00+00:00, run_after=2026-09-17 08:00:00+00:00
[2026-09-16T17:00:24.985+0000] {processor.py:183} INFO - Processing /opt/airflow/dags/json_dag.py took 0.575 seconds
[2026-09-16T17:00:55.888+0000] {processor.py:161} INFO - Started process (PID=1693) to work on /opt/airflow/dags/json_dag.py
[2026-09-16T17:00:55.889+0000] {processor.py:830} INFO - Processing file /opt/airflow/dags/json_dag.py for tasks to queue
[2026-09-16T17:00:55.891+0000] {logging_mixin.py:188} INFO - [2026-09-16T17:00:55.891+0000] {dagbag.py:545} INFO - Filling up the DagBag from /opt/airflow/dags/json_dag.py
[2026-09-16T17:00:56.340+0000] {processor.py:840} INFO - DAG(s) 'json_dag' retrieved from /opt/airflow/dags/json_dag.py
[2026-09-16T17:00:56.360+0000] {logging_mixin.py:188} INFO - [2026-09-16T17:00:56.359+0000] {dag.py:3096} INFO - Sync 1 DAGs
[2026-09-16T17:00:56.379+0000] {logging_mixin.py:188} INFO - [2026-09-16T17:00:56.379+0000] {dag.py:3954} INFO - Setting next_dagrun for json_dag to 2026-09-16 08:59:00+00:00, run_after=2026-09-17 08:00:00+00:00
[2026-09-16T17:00:56.541+0000] {processor.py:183} INFO - Processing /opt/airflow/dags/json_dag.py took 0.660 seconds
[2026-09-16T17:01:27.255+0000] {processor.py:161} INFO - Started process (PID=1702) to work on /opt/airflow/dags/json_dag.py
[2026-09-16T17:01:27.256+0000] {processor.py:830} INFO - Processing file /opt/airflow/dags/json_dag.py for tasks to queue
[2026-09-16T17:01:27.258+0000] {logging_mixin.py:188} INFO - [2026-09-16T17:01:27.258+0000] {dagbag.py:545} INFO - Filling up the DagBag from /opt/airflow/dags/json_dag.py
[2026-09-16T17:01:27.624+0000] {processor.py:840} INFO - DAG(s) 'json_dag' retrieved from /opt/airflow/dags/json_dag.py
[2026-09-16T17:01:27.645+0000] {logging_mixin.py:188} INFO - [2026-09-16T17:01:27.645+0000] {dag.py:3096} INFO - Sync 1 DAGs
[2026-09-16T17:01:27.795+0000] {logging_mixin.py:188} INFO - [2026-09-16T17:01:27.794+0000] {dag.py:3954} INFO - Setting next_dagrun for json_dag to 2026-09-16 08:59:00+00:00, run_after=2026-09-17 08:00:00+00:00
[2026-09-16T17:01:27.810+0000] {processor.py:183} INFO - Processing /opt/airflow/dags/json_dag.py took 0.562 seconds
[2026-09-16T17:01:58.637+0000] {processor.py:161} INFO - Started process (PID=1711) to work on /opt/airflow/dags/json_dag.py
[2026-09-16T17:01:58.639+0000] {processor.py:830} INFO - Processing file /opt/airflow/dags/json_dag.py for tasks to queue
[2026-09-16T17:01:58.641+0000] {logging_mixin.py:188} INFO - [2026-09-16T17:01:58.641+0000] {dagbag.py:545} INFO - Filling up the DagBag from /opt/airflow/dags/json_dag.py
[2026-09-16T17:01:59.006+0000] {processor.py:840} INFO - DAG(s) 'json_dag' retrieved from /opt/airflow/dags/json_dag.py
[2026-09-16T17:01:59.028+0000] {logging_mixin.py:188} INFO - [2026-09-16T17:01:59.027+0000] {dag.py:3096} INFO - Sync 1 DAGs
[2026-09-16T17:01:59.178+0000] {logging_mixin.py:188} INFO - [2026-09-16T17:01:59.178+0000] {dag.py:3954} INFO - Setting next_dagrun for json_dag to 2026-09-16 08:59:00+00:00, run_after=2026-09-17 08:00:00+00:00
[2026-09-16T17:01:59.198+0000] {processor.py:183} INFO - Processing /opt/airflow/dags/json_dag.py took 0.568 seconds
[2026-09-16T17:02:30.056+0000] {processor.py:161} INFO - Started process (PID=1721) to work on /opt/airflow/dags/json_dag.py
[2026-09-16T17:02:30.057+0000] {processor.py:830} INFO - Processing file /opt/airflow/dags/json_dag.py for tasks to queue
[2026-09-16T17:02:30.060+0000] {logging_mixin.py:188} INFO - [2026-09-16T17:02:30.060+0000] {dagbag.py:545} INFO - Filling up the DagBag from /opt/airflow/dags/json_dag.py
[2026-09-16T17:02:30.448+0000] {processor.py:840} INFO - DAG(s) 'json_dag' retrieved from /opt/airflow/dags/json_dag.py
[2026-09-16T17:02:30.613+0000] {logging_mixin.py:188} INFO - [2026-09-16T17:02:30.612+0000] {dag.py:3096} INFO - Sync 1 DAGs
[2026-09-16T17:02:30.628+0000] {logging_mixin.py:188} INFO - [2026-09-16T17:02:30.628+0000] {dag.py:3954} INFO - Setting next_dagrun for json_dag to 2026-09-16 08:59:00+00:00, run_after=2026-09-17 08:00:00+00:00
[2026-09-16T17:02:30.644+0000] {processor.py:183} INFO - Processing /opt/airflow/dags/json_dag.py took 0.597 seconds
[2026-09-16T17:03:01.492+0000] {processor.py:161} INFO - Started process (PID=1730) to work on /opt/airflow/dags/json_dag.py
[2026-09-16T17:03:01.494+0000] {processor.py:830} INFO - Processing file /opt/airflow/dags/json_dag.py for tasks to queue
[2026-09-16T17:03:01.496+0000] {logging_mixin.py:188} INFO - [2026-09-16T17:03:01.495+0000] {dagbag.py:545} INFO - Filling up the DagBag from /opt/airflow/dags/json_dag.py
[2026-09-16T17:03:01.878+0000] {processor.py:840} INFO - DAG(s) 'json_dag' retrieved from /opt/airflow/dags/json_dag.py
[2026-09-16T17:03:01.895+0000] {logging_mixin.py:188} INFO - [2026-09-16T17:03:01.895+0000] {dag.py:3096} INFO - Sync 1 DAGs
[2026-09-16T17:03:01.913+0000] {logging_mixin.py:188} INFO - [2026-09-16T17:03:01.912+0000] {dag.py:3954} INFO - Setting next_dagrun for json_dag to 2026-09-16 08:59:00+00:00, run_after=2026-09-17 08:00:00+00:00
[2026-09-16T17:03:01.930+0000] {processor.py:183} INFO - Processing /opt/airflow/dags/json_dag.py took 0.443 seconds
[2026-09-16T17:03:32.015+0000] {processor.py:161} INFO - Started process (PID=1739) to work on /opt/airflow/dags/json_dag.py
[2026-09-16T17:03:32.017+0000] {processor.py:830} INFO - Processing file /opt/airflow/dags/json_dag.py for tasks to queue
[2026-09-16T17:03:32.022+0000] {logging_mixin.py:188} INFO - [2026-09-16T17:03:32.021+0000] {dagbag.py:545} INFO - Filling up the DagBag from /opt/airflow/dags/json_dag.py
[2026-09-16T17:03:32.383+0000] {processor.py:840} INFO - DAG(s) 'json_dag' retrieved from /opt/airflow/dags/json_dag.py
[2026-09-16T17:03:32.410+0000] {logging_mixin.py:188} INFO - [2026-09-16T17:03:32.410+0000] {dag.py:3096} INFO - Sync 1 DAGs
[2026-09-16T17:03:32.434+0000] {logging_mixin.py:188} INFO - [2026-09-16T17:03:32.433+0000] {dag.py:3954} INFO - Setting next_dagrun for json_dag to 2026-09-16 08:59:00+00:00, run_after=2026-09-17 08:00:00+00:00
[2026-09-16T17:03:32.586+0000] {processor.py:183} INFO - Processing /opt/airflow/dags/json_dag.py took 0.577 seconds
[2026-09-16T17:04:03.348+0000] {processor.py:161} INFO - Started process (PID=1748) to work on /opt/airflow/dags/json_dag.py
[2026-09-16T17:04:03.350+0000] {processor.py:830} INFO - Processing file /opt/airflow/dags/json_dag.py for tasks to queue
[2026-09-16T17:04:03.353+0000] {logging_mixin.py:188} INFO - [2026-09-16T17:04:03.352+0000] {dagbag.py:545} INFO - Filling up the DagBag from /opt/airflow/dags/json_dag.py
[2026-09-16T17:04:03.763+0000] {processor.py:840} INFO - DAG(s) 'json_dag' retrieved from /opt/airflow/dags/json_dag.py
[2026-09-16T17:04:03.787+0000] {logging_mixin.py:188} INFO - [2026-09-16T17:04:03.787+0000] {dag.py:3096} INFO - Sync 1 DAGs
[2026-09-16T17:04:03.938+0000] {logging_mixin.py:188} INFO - [2026-09-16T17:04:03.938+0000] {dag.py:3954} INFO - Setting next_dagrun for json_dag to 2026-09-16 08:59:00+00:00, run_after=2026-09-17 08:00:00+00:00
[2026-09-16T17:04:03.962+0000] {processor.py:183} INFO - Processing /opt/airflow/dags/json_dag.py took 0.623 seconds
[2026-09-16T17:04:34.762+0000] {processor.py:161} INFO - Started process (PID=1757) to work on /opt/airflow/dags/json_dag.py
[2026-09-16T17:04:34.763+0000] {processor.py:830} INFO - Processing file /opt/airflow/dags/json_dag.py for tasks to queue
[2026-09-16T17:04:34.766+0000] {logging_mixin.py:188} INFO - [2026-09-16T17:04:34.766+0000] {dagbag.py:545} INFO - Filling up the DagBag from /opt/airflow/dags/json_dag.py
[2026-09-16T17:04:35.305+0000] {processor.py:840} INFO - DAG(s) 'json_dag' retrieved from /opt/airflow/dags/json_dag.py
[2026-09-16T17:04:35.354+0000] {logging_mixin.py:188} INFO - [2026-09-16T17:04:35.354+0000] {dag.py:3096} INFO - Sync 1 DAGs
[2026-09-16T17:04:35.573+0000] {logging_mixin.py:188} INFO - [2026-09-16T17:04:35.573+0000] {dag.py:3954} INFO - Setting next_dagrun for json_dag to 2026-09-16 08:59:00+00:00, run_after=2026-09-17 08:00:00+00:00
[2026-09-16T17:04:35.599+0000] {processor.py:183} INFO - Processing /opt/airflow/dags/json_dag.py took 0.846 seconds
[2026-09-16T17:05:05.974+0000] {processor.py:161} INFO - Started process (PID=1766) to work on /opt/airflow/dags/json_dag.py
[2026-09-16T17:05:05.975+0000] {processor.py:830} INFO - Processing file /opt/airflow/dags/json_dag.py for tasks to queue
[2026-09-16T17:05:05.978+0000] {logging_mixin.py:188} INFO - [2026-09-16T17:05:05.978+0000] {dagbag.py:545} INFO - Filling up the DagBag from /opt/airflow/dags/json_dag.py
[2026-09-16T17:05:06.474+0000] {processor.py:840} INFO - DAG(s) 'json_dag' retrieved from /opt/airflow/dags/json_dag.py
[2026-09-16T17:05:06.665+0000] {logging_mixin.py:188} INFO - [2026-09-16T17:05:06.665+0000] {dag.py:3096} INFO - Sync 1 DAGs
[2026-09-16T17:05:06.691+0000] {logging_mixin.py:188} INFO - [2026-09-16T17:05:06.691+0000] {dag.py:3954} INFO - Setting next_dagrun for json_dag to 2026-09-16 08:59:00+00:00, run_after=2026-09-17 08:00:00+00:00
[2026-09-16T17:05:06.709+0000] {processor.py:183} INFO - Processing /opt/airflow/dags/json_dag.py took 0.743 seconds
[2026-09-16T17:05:37.386+0000] {processor.py:161} INFO - Started process (PID=1775) to work on /opt/airflow/dags/json_dag.py
[2026-09-16T17:05:37.387+0000] {processor.py:830} INFO - Processing file /opt/airflow/dags/json_dag.py for tasks to queue
[2026-09-16T17:05:37.389+0000] {logging_mixin.py:188} INFO - [2026-09-16T17:05:37.389+0000] {dagbag.py:545} INFO - Filling up the DagBag from /opt/airflow/dags/json_dag.py
[2026-09-16T17:05:37.730+0000] {processor.py:840} INFO - DAG(s) 'json_dag' retrieved from /opt/airflow/dags/json_dag.py
[2026-09-16T17:05:37.751+0000] {logging_mixin.py:188} INFO - [2026-09-16T17:05:37.750+0000] {dag.py:3096} INFO - Sync 1 DAGs
[2026-09-16T17:05:37.775+0000] {logging_mixin.py:188} INFO - [2026-09-16T17:05:37.775+0000] {dag.py:3954} INFO - Setting next_dagrun for json_dag to 2026-09-16 08:59:00+00:00, run_after=2026-09-17 08:00:00+00:00
[2026-09-16T17:05:37.807+0000] {processor.py:183} INFO - Processing /opt/airflow/dags/json_dag.py took 0.426 seconds
[2026-09-16T17:06:07.923+0000] {processor.py:161} INFO - Started process (PID=1784) to work on /opt/airflow/dags/json_dag.py
[2026-09-16T17:06:07.925+0000] {processor.py:830} INFO - Processing file /opt/airflow/dags/json_dag.py for tasks to queue
[2026-09-16T17:06:07.928+0000] {logging_mixin.py:188} INFO - [2026-09-16T17:06:07.927+0000] {dagbag.py:545} INFO - Filling up the DagBag from /opt/airflow/dags/json_dag.py
[2026-09-16T17:06:08.315+0000] {processor.py:840} INFO - DAG(s) 'json_dag' retrieved from /opt/airflow/dags/json_dag.py
[2026-09-16T17:06:08.333+0000] {logging_mixin.py:188} INFO - [2026-09-16T17:06:08.333+0000] {dag.py:3096} INFO - Sync 1 DAGs
[2026-09-16T17:06:08.351+0000] {logging_mixin.py:188} INFO - [2026-09-16T17:06:08.350+0000] {dag.py:3954} INFO - Setting next_dagrun for json_dag to 2026-09-16 08:59:00+00:00, run_after=2026-09-17 08:00:00+00:00
[2026-09-16T17:06:08.493+0000] {processor.py:183} INFO - Processing /opt/airflow/dags/json_dag.py took 0.575 seconds
[2026-09-16T17:06:39.223+0000] {processor.py:161} INFO - Started process (PID=1793) to work on /opt/airflow/dags/json_dag.py
[2026-09-16T17:06:39.225+0000] {processor.py:830} INFO - Processing file /opt/airflow/dags/json_dag.py for tasks to queue
[2026-09-16T17:06:39.228+0000] {logging_mixin.py:188} INFO - [2026-09-16T17:06:39.227+0000] {dagbag.py:545} INFO - Filling up the DagBag from /opt/airflow/dags/json_dag.py
[2026-09-16T17:06:39.664+0000] {processor.py:840} INFO - DAG(s) 'json_dag' retrieved from /opt/airflow/dags/json_dag.py
[2026-09-16T17:06:39.682+0000] {logging_mixin.py:188} INFO - [2026-09-16T17:06:39.682+0000] {dag.py:3096} INFO - Sync 1 DAGs
[2026-09-16T17:06:39.703+0000] {logging_mixin.py:188} INFO - [2026-09-16T17:06:39.703+0000] {dag.py:3954} INFO - Setting next_dagrun for json_dag to 2026-09-16 08:59:00+00:00, run_after=2026-09-17 08:00:00+00:00
[2026-09-16T17:06:39.851+0000] {processor.py:183} INFO - Processing /opt/airflow/dags/json_dag.py took 0.634 seconds
[2026-09-16T17:07:10.616+0000] {processor.py:161} INFO - Started process (PID=1802) to work on /opt/airflow/dags/json_dag.py
[2026-09-16T17:07:10.617+0000] {processor.py:830} INFO - Processing file /opt/airflow/dags/json_dag.py for tasks to queue
[2026-09-16T17:07:10.619+0000] {logging_mixin.py:188} INFO - [2026-09-16T17:07:10.618+0000] {dagbag.py:545} INFO - Filling up the DagBag from /opt/airflow/dags/json_dag.py
[2026-09-16T17:07:10.973+0000] {processor.py:840} INFO - DAG(s) 'json_dag' retrieved from /opt/airflow/dags/json_dag.py
[2026-09-16T17:07:10.991+0000] {logging_mixin.py:188} INFO - [2026-09-16T17:07:10.991+0000] {dag.py:3096} INFO - Sync 1 DAGs
[2026-09-16T17:07:11.145+0000] {logging_mixin.py:188} INFO - [2026-09-16T17:07:11.145+0000] {dag.py:3954} INFO - Setting next_dagrun for json_dag to 2026-09-16 08:59:00+00:00, run_after=2026-09-17 08:00:00+00:00
[2026-09-16T17:07:11.161+0000] {processor.py:183} INFO - Processing /opt/airflow/dags/json_dag.py took 0.551 seconds
[2026-09-16T17:07:42.045+0000] {processor.py:161} INFO - Started process (PID=1811) to work on /opt/airflow/dags/json_dag.py
[2026-09-16T17:07:42.047+0000] {processor.py:830} INFO - Processing file /opt/airflow/dags/json_dag.py for tasks to queue
[2026-09-16T17:07:42.048+0000] {logging_mixin.py:188} INFO - [2026-09-16T17:07:42.048+0000] {dagbag.py:545} INFO - Filling up the DagBag from /opt/airflow/dags/json_dag.py
[2026-09-16T17:07:42.480+0000] {processor.py:840} INFO - DAG(s) 'json_dag' retrieved from /opt/airflow/dags/json_dag.py
[2026-09-16T17:07:42.500+0000] {logging_mixin.py:188} INFO - [2026-09-16T17:07:42.499+0000] {dag.py:3096} INFO - Sync 1 DAGs
[2026-09-16T17:07:42.637+0000] {logging_mixin.py:188} INFO - [2026-09-16T17:07:42.637+0000] {dag.py:3954} INFO - Setting next_dagrun for json_dag to 2026-09-16 08:59:00+00:00, run_after=2026-09-17 08:00:00+00:00
[2026-09-16T17:07:42.655+0000] {processor.py:183} INFO - Processing /opt/airflow/dags/json_dag.py took 0.615 seconds
[2026-09-16T17:08:13.424+0000] {processor.py:161} INFO - Started process (PID=1820) to work on /opt/airflow/dags/json_dag.py
[2026-09-16T17:08:13.425+0000] {processor.py:830} INFO - Processing file /opt/airflow/dags/json_dag.py for tasks to queue
[2026-09-16T17:08:13.428+0000] {logging_mixin.py:188} INFO - [2026-09-16T17:08:13.427+0000] {dagbag.py:545} INFO - Filling up the DagBag from /opt/airflow/dags/json_dag.py
[2026-09-16T17:08:13.800+0000] {processor.py:840} INFO - DAG(s) 'json_dag' retrieved from /opt/airflow/dags/json_dag.py
[2026-09-16T17:08:13.937+0000] {logging_mixin.py:188} INFO - [2026-09-16T17:08:13.936+0000] {dag.py:3096} INFO - Sync 1 DAGs
[2026-09-16T17:08:13.952+0000] {logging_mixin.py:188} INFO - [2026-09-16T17:08:13.952+0000] {dag.py:3954} INFO - Setting next_dagrun for json_dag to 2026-09-16 08:59:00+00:00, run_after=2026-09-17 08:00:00+00:00
[2026-09-16T17:08:13.968+0000] {processor.py:183} INFO - Processing /opt/airflow/dags/json_dag.py took 0.550 seconds
[2026-09-16T17:08:44.818+0000] {processor.py:161} INFO - Started process (PID=1829) to work on /opt/airflow/dags/json_dag.py
[2026-09-16T17:08:44.819+0000] {processor.py:830} INFO - Processing file /opt/airflow/dags/json_dag.py for tasks to queue
[2026-09-16T17:08:44.822+0000] {logging_mixin.py:188} INFO - [2026-09-16T17:08:44.821+0000] {dagbag.py:545} INFO - Filling up the DagBag from /opt/airflow/dags/json_dag.py
[2026-09-16T17:08:45.212+0000] {processor.py:840} INFO - DAG(s) 'json_dag' retrieved from /opt/airflow/dags/json_dag.py
[2026-09-16T17:08:45.236+0000] {logging_mixin.py:188} INFO - [2026-09-16T17:08:45.235+0000] {dag.py:3096} INFO - Sync 1 DAGs
[2026-09-16T17:08:45.261+0000] {logging_mixin.py:188} INFO - [2026-09-16T17:08:45.260+0000] {dag.py:3954} INFO - Setting next_dagrun for json_dag to 2026-09-16 08:59:00+00:00, run_after=2026-09-17 08:00:00+00:00
[2026-09-16T17:08:45.283+0000] {processor.py:183} INFO - Processing /opt/airflow/dags/json_dag.py took 0.472 seconds
[2026-09-16T17:09:16.253+0000] {processor.py:161} INFO - Started process (PID=1838) to work on /opt/airflow/dags/json_dag.py
[2026-09-16T17:09:16.254+0000] {processor.py:830} INFO - Processing file /opt/airflow/dags/json_dag.py for tasks to queue
[2026-09-16T17:09:16.256+0000] {logging_mixin.py:188} INFO - [2026-09-16T17:09:16.255+0000] {dagbag.py:545} INFO - Filling up the DagBag from /opt/airflow/dags/json_dag.py
[2026-09-16T17:09:16.618+0000] {processor.py:840} INFO - DAG(s) 'json_dag' retrieved from /opt/airflow/dags/json_dag.py
[2026-09-16T17:09:16.637+0000] {logging_mixin.py:188} INFO - [2026-09-16T17:09:16.637+0000] {dag.py:3096} INFO - Sync 1 DAGs
[2026-09-16T17:09:16.657+0000] {logging_mixin.py:188} INFO - [2026-09-16T17:09:16.656+0000] {dag.py:3954} INFO - Setting next_dagrun for json_dag to 2026-09-16 08:59:00+00:00, run_after=2026-09-17 08:00:00+00:00
[2026-09-16T17:09:16.807+0000] {processor.py:183} INFO - Processing /opt/airflow/dags/json_dag.py took 0.560 seconds
[2026-09-16T17:09:47.640+0000] {processor.py:161} INFO - Started process (PID=1847) to work on /opt/airflow/dags/json_dag.py
[2026-09-16T17:09:47.641+0000] {processor.py:830} INFO - Processing file /opt/airflow/dags/json_dag.py for tasks to queue
[2026-09-16T17:09:47.643+0000] {logging_mixin.py:188} INFO - [2026-09-16T17:09:47.643+0000] {dagbag.py:545} INFO - Filling up the DagBag from /opt/airflow/dags/json_dag.py
[2026-09-16T17:09:47.990+0000] {processor.py:840} INFO - DAG(s) 'json_dag' retrieved from /opt/airflow/dags/json_dag.py
[2026-09-16T17:09:48.012+0000] {logging_mixin.py:188} INFO - [2026-09-16T17:09:48.012+0000] {dag.py:3096} INFO - Sync 1 DAGs
[2026-09-16T17:09:48.180+0000] {logging_mixin.py:188} INFO - [2026-09-16T17:09:48.179+0000] {dag.py:3954} INFO - Setting next_dagrun for json_dag to 2026-09-16 08:59:00+00:00, run_after=2026-09-17 08:00:00+00:00
[2026-09-16T17:09:48.200+0000] {processor.py:183} INFO - Processing /opt/airflow/dags/json_dag.py took 0.566 seconds
[2026-09-16T17:10:19.065+0000] {processor.py:161} INFO - Started process (PID=1856) to work on /opt/airflow/dags/json_dag.py
[2026-09-16T17:10:19.067+0000] {processor.py:830} INFO - Processing file /opt/airflow/dags/json_dag.py for tasks to queue
[2026-09-16T17:10:19.069+0000] {logging_mixin.py:188} INFO - [2026-09-16T17:10:19.069+0000] {dagbag.py:545} INFO - Filling up the DagBag from /opt/airflow/dags/json_dag.py
[2026-09-16T17:10:19.544+0000] {processor.py:840} INFO - DAG(s) 'json_dag' retrieved from /opt/airflow/dags/json_dag.py
[2026-09-16T17:10:19.568+0000] {logging_mixin.py:188} INFO - [2026-09-16T17:10:19.568+0000] {dag.py:3096} INFO - Sync 1 DAGs
[2026-09-16T17:10:19.741+0000] {logging_mixin.py:188} INFO - [2026-09-16T17:10:19.741+0000] {dag.py:3954} INFO - Setting next_dagrun for json_dag to 2026-09-16 08:59:00+00:00, run_after=2026-09-17 08:00:00+00:00
[2026-09-16T17:10:19.761+0000] {processor.py:183} INFO - Processing /opt/airflow/dags/json_dag.py took 0.704 seconds
[2026-09-16T17:10:50.627+0000] {processor.py:161} INFO - Started process (PID=1871) to work on /opt/airflow/dags/json_dag.py
[2026-09-16T17:10:50.629+0000] {processor.py:830} INFO - Processing file /opt/airflow/dags/json_dag.py for tasks to queue
[2026-09-16T17:10:50.632+0000] {logging_mixin.py:188} INFO - [2026-09-16T17:10:50.631+0000] {dagbag.py:545} INFO - Filling up the DagBag from /opt/airflow/dags/json_dag.py
[2026-09-16T17:10:51.093+0000] {processor.py:840} INFO - DAG(s) 'json_dag' retrieved from /opt/airflow/dags/json_dag.py
[2026-09-16T17:10:51.261+0000] {logging_mixin.py:188} INFO - [2026-09-16T17:10:51.260+0000] {dag.py:3096} INFO - Sync 1 DAGs
[2026-09-16T17:10:51.279+0000] {logging_mixin.py:188} INFO - [2026-09-16T17:10:51.279+0000] {dag.py:3954} INFO - Setting next_dagrun for json_dag to 2026-09-16 08:59:00+00:00, run_after=2026-09-17 08:00:00+00:00
[2026-09-16T17:10:51.300+0000] {processor.py:183} INFO - Processing /opt/airflow/dags/json_dag.py took 0.685 seconds
[2026-09-16T17:11:21.739+0000] {processor.py:161} INFO - Started process (PID=1880) to work on /opt/airflow/dags/json_dag.py
[2026-09-16T17:11:21.741+0000] {processor.py:830} INFO - Processing file /opt/airflow/dags/json_dag.py for tasks to queue
[2026-09-16T17:11:21.744+0000] {logging_mixin.py:188} INFO - [2026-09-16T17:11:21.744+0000] {dagbag.py:545} INFO - Filling up the DagBag from /opt/airflow/dags/json_dag.py
[2026-09-16T17:11:22.367+0000] {processor.py:840} INFO - DAG(s) 'json_dag' retrieved from /opt/airflow/dags/json_dag.py
[2026-09-16T17:11:22.389+0000] {logging_mixin.py:188} INFO - [2026-09-16T17:11:22.388+0000] {dag.py:3096} INFO - Sync 1 DAGs
[2026-09-16T17:11:22.408+0000] {logging_mixin.py:188} INFO - [2026-09-16T17:11:22.407+0000] {dag.py:3954} INFO - Setting next_dagrun for json_dag to 2026-09-16 08:59:00+00:00, run_after=2026-09-17 08:00:00+00:00
[2026-09-16T17:11:22.427+0000] {processor.py:183} INFO - Processing /opt/airflow/dags/json_dag.py took 0.697 seconds
[2026-09-16T17:11:53.091+0000] {processor.py:161} INFO - Started process (PID=1889) to work on /opt/airflow/dags/json_dag.py
[2026-09-16T17:11:53.092+0000] {processor.py:830} INFO - Processing file /opt/airflow/dags/json_dag.py for tasks to queue
[2026-09-16T17:11:53.094+0000] {logging_mixin.py:188} INFO - [2026-09-16T17:11:53.094+0000] {dagbag.py:545} INFO - Filling up the DagBag from /opt/airflow/dags/json_dag.py
[2026-09-16T17:11:53.505+0000] {processor.py:840} INFO - DAG(s) 'json_dag' retrieved from /opt/airflow/dags/json_dag.py
[2026-09-16T17:11:53.526+0000] {logging_mixin.py:188} INFO - [2026-09-16T17:11:53.525+0000] {dag.py:3096} INFO - Sync 1 DAGs
[2026-09-16T17:11:53.550+0000] {logging_mixin.py:188} INFO - [2026-09-16T17:11:53.550+0000] {dag.py:3954} INFO - Setting next_dagrun for json_dag to 2026-09-16 08:59:00+00:00, run_after=2026-09-17 08:00:00+00:00
[2026-09-16T17:11:53.734+0000] {processor.py:183} INFO - Processing /opt/airflow/dags/json_dag.py took 0.650 seconds
[2026-09-16T17:12:24.604+0000] {processor.py:161} INFO - Started process (PID=1898) to work on /opt/airflow/dags/json_dag.py
[2026-09-16T17:12:24.605+0000] {processor.py:830} INFO - Processing file /opt/airflow/dags/json_dag.py for tasks to queue
[2026-09-16T17:12:24.608+0000] {logging_mixin.py:188} INFO - [2026-09-16T17:12:24.608+0000] {dagbag.py:545} INFO - Filling up the DagBag from /opt/airflow/dags/json_dag.py
[2026-09-16T17:12:25.012+0000] {processor.py:840} INFO - DAG(s) 'json_dag' retrieved from /opt/airflow/dags/json_dag.py
[2026-09-16T17:12:25.031+0000] {logging_mixin.py:188} INFO - [2026-09-16T17:12:25.030+0000] {dag.py:3096} INFO - Sync 1 DAGs
[2026-09-16T17:12:25.208+0000] {logging_mixin.py:188} INFO - [2026-09-16T17:12:25.208+0000] {dag.py:3954} INFO - Setting next_dagrun for json_dag to 2026-09-16 08:59:00+00:00, run_after=2026-09-17 08:00:00+00:00
[2026-09-16T17:12:25.231+0000] {processor.py:183} INFO - Processing /opt/airflow/dags/json_dag.py took 0.635 seconds
[2026-09-16T17:12:55.969+0000] {processor.py:161} INFO - Started process (PID=1907) to work on /opt/airflow/dags/json_dag.py
[2026-09-16T17:12:55.971+0000] {processor.py:830} INFO - Processing file /opt/airflow/dags/json_dag.py for tasks to queue
[2026-09-16T17:12:55.972+0000] {logging_mixin.py:188} INFO - [2026-09-16T17:12:55.972+0000] {dagbag.py:545} INFO - Filling up the DagBag from /opt/airflow/dags/json_dag.py
[2026-09-16T17:12:56.388+0000] {processor.py:840} INFO - DAG(s) 'json_dag' retrieved from /opt/airflow/dags/json_dag.py
[2026-09-16T17:12:56.413+0000] {logging_mixin.py:188} INFO - [2026-09-16T17:12:56.412+0000] {dag.py:3096} INFO - Sync 1 DAGs
[2026-09-16T17:12:56.571+0000] {logging_mixin.py:188} INFO - [2026-09-16T17:12:56.571+0000] {dag.py:3954} INFO - Setting next_dagrun for json_dag to 2026-09-16 08:59:00+00:00, run_after=2026-09-17 08:00:00+00:00
[2026-09-16T17:12:56.590+0000] {processor.py:183} INFO - Processing /opt/airflow/dags/json_dag.py took 0.626 seconds
[2026-09-16T17:13:27.401+0000] {processor.py:161} INFO - Started process (PID=1916) to work on /opt/airflow/dags/json_dag.py
[2026-09-16T17:13:27.403+0000] {processor.py:830} INFO - Processing file /opt/airflow/dags/json_dag.py for tasks to queue
[2026-09-16T17:13:27.404+0000] {logging_mixin.py:188} INFO - [2026-09-16T17:13:27.404+0000] {dagbag.py:545} INFO - Filling up the DagBag from /opt/airflow/dags/json_dag.py
[2026-09-16T17:13:27.749+0000] {processor.py:840} INFO - DAG(s) 'json_dag' retrieved from /opt/airflow/dags/json_dag.py
[2026-09-16T17:13:27.768+0000] {logging_mixin.py:188} INFO - [2026-09-16T17:13:27.768+0000] {dag.py:3096} INFO - Sync 1 DAGs
[2026-09-16T17:13:27.907+0000] {logging_mixin.py:188} INFO - [2026-09-16T17:13:27.907+0000] {dag.py:3954} INFO - Setting next_dagrun for json_dag to 2026-09-16 08:59:00+00:00, run_after=2026-09-17 08:00:00+00:00
[2026-09-16T17:13:27.929+0000] {processor.py:183} INFO - Processing /opt/airflow/dags/json_dag.py took 0.533 seconds
[2026-09-16T17:13:58.788+0000] {processor.py:161} INFO - Started process (PID=1925) to work on /opt/airflow/dags/json_dag.py
[2026-09-16T17:13:58.790+0000] {processor.py:830} INFO - Processing file /opt/airflow/dags/json_dag.py for tasks to queue
[2026-09-16T17:13:58.792+0000] {logging_mixin.py:188} INFO - [2026-09-16T17:13:58.792+0000] {dagbag.py:545} INFO - Filling up the DagBag from /opt/airflow/dags/json_dag.py
[2026-09-16T17:13:59.264+0000] {processor.py:840} INFO - DAG(s) 'json_dag' retrieved from /opt/airflow/dags/json_dag.py
[2026-09-16T17:13:59.433+0000] {logging_mixin.py:188} INFO - [2026-09-16T17:13:59.432+0000] {dag.py:3096} INFO - Sync 1 DAGs
[2026-09-16T17:13:59.450+0000] {logging_mixin.py:188} INFO - [2026-09-16T17:13:59.450+0000] {dag.py:3954} INFO - Setting next_dagrun for json_dag to 2026-09-16 08:59:00+00:00, run_after=2026-09-17 08:00:00+00:00
[2026-09-16T17:13:59.470+0000] {processor.py:183} INFO - Processing /opt/airflow/dags/json_dag.py took 0.691 seconds
[2026-09-16T17:14:30.213+0000] {processor.py:161} INFO - Started process (PID=1934) to work on /opt/airflow/dags/json_dag.py
[2026-09-16T17:14:30.214+0000] {processor.py:830} INFO - Processing file /opt/airflow/dags/json_dag.py for tasks to queue
[2026-09-16T17:14:30.216+0000] {logging_mixin.py:188} INFO - [2026-09-16T17:14:30.216+0000] {dagbag.py:545} INFO - Filling up the DagBag from /opt/airflow/dags/json_dag.py
[2026-09-16T17:14:30.605+0000] {processor.py:840} INFO - DAG(s) 'json_dag' retrieved from /opt/airflow/dags/json_dag.py
[2026-09-16T17:14:30.623+0000] {logging_mixin.py:188} INFO - [2026-09-16T17:14:30.622+0000] {dag.py:3096} INFO - Sync 1 DAGs
[2026-09-16T17:14:30.644+0000] {logging_mixin.py:188} INFO - [2026-09-16T17:14:30.644+0000] {dag.py:3954} INFO - Setting next_dagrun for json_dag to 2026-09-16 08:59:00+00:00, run_after=2026-09-17 08:00:00+00:00
[2026-09-16T17:14:30.660+0000] {processor.py:183} INFO - Processing /opt/airflow/dags/json_dag.py took 0.457 seconds
[2026-09-16T17:15:00.762+0000] {processor.py:161} INFO - Started process (PID=1943) to work on /opt/airflow/dags/json_dag.py
[2026-09-16T17:15:00.764+0000] {processor.py:830} INFO - Processing file /opt/airflow/dags/json_dag.py for tasks to queue
[2026-09-16T17:15:00.767+0000] {logging_mixin.py:188} INFO - [2026-09-16T17:15:00.767+0000] {dagbag.py:545} INFO - Filling up the DagBag from /opt/airflow/dags/json_dag.py
[2026-09-16T17:15:01.138+0000] {processor.py:840} INFO - DAG(s) 'json_dag' retrieved from /opt/airflow/dags/json_dag.py
[2026-09-16T17:15:01.157+0000] {logging_mixin.py:188} INFO - [2026-09-16T17:15:01.157+0000] {dag.py:3096} INFO - Sync 1 DAGs
[2026-09-16T17:15:01.178+0000] {logging_mixin.py:188} INFO - [2026-09-16T17:15:01.177+0000] {dag.py:3954} INFO - Setting next_dagrun for json_dag to 2026-09-16 08:59:00+00:00, run_after=2026-09-17 08:00:00+00:00
[2026-09-16T17:15:01.336+0000] {processor.py:183} INFO - Processing /opt/airflow/dags/json_dag.py took 0.580 seconds
[2026-09-16T17:15:32.112+0000] {processor.py:161} INFO - Started process (PID=1952) to work on /opt/airflow/dags/json_dag.py
[2026-09-16T17:15:32.113+0000] {processor.py:830} INFO - Processing file /opt/airflow/dags/json_dag.py for tasks to queue
[2026-09-16T17:15:32.115+0000] {logging_mixin.py:188} INFO - [2026-09-16T17:15:32.115+0000] {dagbag.py:545} INFO - Filling up the DagBag from /opt/airflow/dags/json_dag.py
[2026-09-16T17:15:32.492+0000] {processor.py:840} INFO - DAG(s) 'json_dag' retrieved from /opt/airflow/dags/json_dag.py
[2026-09-16T17:15:32.511+0000] {logging_mixin.py:188} INFO - [2026-09-16T17:15:32.510+0000] {dag.py:3096} INFO - Sync 1 DAGs
[2026-09-16T17:15:32.667+0000] {logging_mixin.py:188} INFO - [2026-09-16T17:15:32.666+0000] {dag.py:3954} INFO - Setting next_dagrun for json_dag to 2026-09-16 08:59:00+00:00, run_after=2026-09-17 08:00:00+00:00
[2026-09-16T17:15:32.689+0000] {processor.py:183} INFO - Processing /opt/airflow/dags/json_dag.py took 0.587 seconds
[2026-09-16T17:16:03.600+0000] {processor.py:161} INFO - Started process (PID=1961) to work on /opt/airflow/dags/json_dag.py
[2026-09-16T17:16:03.602+0000] {processor.py:830} INFO - Processing file /opt/airflow/dags/json_dag.py for tasks to queue
[2026-09-16T17:16:03.604+0000] {logging_mixin.py:188} INFO - [2026-09-16T17:16:03.604+0000] {dagbag.py:545} INFO - Filling up the DagBag from /opt/airflow/dags/json_dag.py
[2026-09-16T17:16:03.980+0000] {processor.py:840} INFO - DAG(s) 'json_dag' retrieved from /opt/airflow/dags/json_dag.py
[2026-09-16T17:16:03.999+0000] {logging_mixin.py:188} INFO - [2026-09-16T17:16:03.998+0000] {dag.py:3096} INFO - Sync 1 DAGs
[2026-09-16T17:16:04.157+0000] {logging_mixin.py:188} INFO - [2026-09-16T17:16:04.156+0000] {dag.py:3954} INFO - Setting next_dagrun for json_dag to 2026-09-16 08:59:00+00:00, run_after=2026-09-17 08:00:00+00:00
[2026-09-16T17:16:04.175+0000] {processor.py:183} INFO - Processing /opt/airflow/dags/json_dag.py took 0.580 seconds
[2026-09-16T17:16:34.924+0000] {processor.py:161} INFO - Started process (PID=1970) to work on /opt/airflow/dags/json_dag.py
[2026-09-16T17:16:34.925+0000] {processor.py:830} INFO - Processing file /opt/airflow/dags/json_dag.py for tasks to queue
[2026-09-16T17:16:34.927+0000] {logging_mixin.py:188} INFO - [2026-09-16T17:16:34.927+0000] {dagbag.py:545} INFO - Filling up the DagBag from /opt/airflow/dags/json_dag.py
[2026-09-16T17:16:35.327+0000] {processor.py:840} INFO - DAG(s) 'json_dag' retrieved from /opt/airflow/dags/json_dag.py
[2026-09-16T17:16:35.481+0000] {logging_mixin.py:188} INFO - [2026-09-16T17:16:35.481+0000] {dag.py:3096} INFO - Sync 1 DAGs
[2026-09-16T17:16:35.499+0000] {logging_mixin.py:188} INFO - [2026-09-16T17:16:35.499+0000] {dag.py:3954} INFO - Setting next_dagrun for json_dag to 2026-09-16 08:59:00+00:00, run_after=2026-09-17 08:00:00+00:00
[2026-09-16T17:16:35.517+0000] {processor.py:183} INFO - Processing /opt/airflow/dags/json_dag.py took 0.599 seconds
[2026-09-16T17:17:06.308+0000] {processor.py:161} INFO - Started process (PID=1979) to work on /opt/airflow/dags/json_dag.py
[2026-09-16T17:17:06.310+0000] {processor.py:830} INFO - Processing file /opt/airflow/dags/json_dag.py for tasks to queue
[2026-09-16T17:17:06.311+0000] {logging_mixin.py:188} INFO - [2026-09-16T17:17:06.311+0000] {dagbag.py:545} INFO - Filling up the DagBag from /opt/airflow/dags/json_dag.py
[2026-09-16T17:17:06.798+0000] {processor.py:840} INFO - DAG(s) 'json_dag' retrieved from /opt/airflow/dags/json_dag.py
[2026-09-16T17:17:06.814+0000] {logging_mixin.py:188} INFO - [2026-09-16T17:17:06.814+0000] {dag.py:3096} INFO - Sync 1 DAGs
[2026-09-16T17:17:06.829+0000] {logging_mixin.py:188} INFO - [2026-09-16T17:17:06.829+0000] {dag.py:3954} INFO - Setting next_dagrun for json_dag to 2026-09-16 08:59:00+00:00, run_after=2026-09-17 08:00:00+00:00
[2026-09-16T17:17:06.846+0000] {processor.py:183} INFO - Processing /opt/airflow/dags/json_dag.py took 0.543 seconds
[2026-09-16T17:17:37.724+0000] {processor.py:161} INFO - Started process (PID=1988) to work on /opt/airflow/dags/json_dag.py
[2026-09-16T17:17:37.725+0000] {processor.py:830} INFO - Processing file /opt/airflow/dags/json_dag.py for tasks to queue
[2026-09-16T17:17:37.727+0000] {logging_mixin.py:188} INFO - [2026-09-16T17:17:37.726+0000] {dagbag.py:545} INFO - Filling up the DagBag from /opt/airflow/dags/json_dag.py
[2026-09-16T17:17:38.102+0000] {processor.py:840} INFO - DAG(s) 'json_dag' retrieved from /opt/airflow/dags/json_dag.py
[2026-09-16T17:17:38.132+0000] {logging_mixin.py:188} INFO - [2026-09-16T17:17:38.132+0000] {dag.py:3096} INFO - Sync 1 DAGs
[2026-09-16T17:17:38.154+0000] {logging_mixin.py:188} INFO - [2026-09-16T17:17:38.154+0000] {dag.py:3954} INFO - Setting next_dagrun for json_dag to 2026-09-16 08:59:00+00:00, run_after=2026-09-17 08:00:00+00:00
[2026-09-16T17:17:38.313+0000] {processor.py:183} INFO - Processing /opt/airflow/dags/json_dag.py took 0.595 seconds
[2026-09-16T17:18:09.138+0000] {processor.py:161} INFO - Started process (PID=1997) to work on /opt/airflow/dags/json_dag.py
[2026-09-16T17:18:09.139+0000] {processor.py:830} INFO - Processing file /opt/airflow/dags/json_dag.py for tasks to queue
[2026-09-16T17:18:09.141+0000] {logging_mixin.py:188} INFO - [2026-09-16T17:18:09.141+0000] {dagbag.py:545} INFO - Filling up the DagBag from /opt/airflow/dags/json_dag.py
[2026-09-16T17:18:09.658+0000] {processor.py:840} INFO - DAG(s) 'json_dag' retrieved from /opt/airflow/dags/json_dag.py
[2026-09-16T17:18:09.684+0000] {logging_mixin.py:188} INFO - [2026-09-16T17:18:09.683+0000] {dag.py:3096} INFO - Sync 1 DAGs
[2026-09-16T17:18:09.843+0000] {logging_mixin.py:188} INFO - [2026-09-16T17:18:09.842+0000] {dag.py:3954} INFO - Setting next_dagrun for json_dag to 2026-09-16 08:59:00+00:00, run_after=2026-09-17 08:00:00+00:00
[2026-09-16T17:18:09.862+0000] {processor.py:183} INFO - Processing /opt/airflow/dags/json_dag.py took 0.733 seconds
[2026-09-16T17:18:40.501+0000] {processor.py:161} INFO - Started process (PID=2006) to work on /opt/airflow/dags/json_dag.py
[2026-09-16T17:18:40.503+0000] {processor.py:830} INFO - Processing file /opt/airflow/dags/json_dag.py for tasks to queue
[2026-09-16T17:18:40.505+0000] {logging_mixin.py:188} INFO - [2026-09-16T17:18:40.504+0000] {dagbag.py:545} INFO - Filling up the DagBag from /opt/airflow/dags/json_dag.py
[2026-09-16T17:18:40.902+0000] {processor.py:840} INFO - DAG(s) 'json_dag' retrieved from /opt/airflow/dags/json_dag.py
[2026-09-16T17:18:40.921+0000] {logging_mixin.py:188} INFO - [2026-09-16T17:18:40.920+0000] {dag.py:3096} INFO - Sync 1 DAGs
[2026-09-16T17:18:41.105+0000] {logging_mixin.py:188} INFO - [2026-09-16T17:18:41.105+0000] {dag.py:3954} INFO - Setting next_dagrun for json_dag to 2026-09-16 08:59:00+00:00, run_after=2026-09-17 08:00:00+00:00
[2026-09-16T17:18:41.126+0000] {processor.py:183} INFO - Processing /opt/airflow/dags/json_dag.py took 0.630 seconds
[2026-09-16T17:19:11.884+0000] {processor.py:161} INFO - Started process (PID=2015) to work on /opt/airflow/dags/json_dag.py
[2026-09-16T17:19:11.886+0000] {processor.py:830} INFO - Processing file /opt/airflow/dags/json_dag.py for tasks to queue
[2026-09-16T17:19:11.890+0000] {logging_mixin.py:188} INFO - [2026-09-16T17:19:11.889+0000] {dagbag.py:545} INFO - Filling up the DagBag from /opt/airflow/dags/json_dag.py
[2026-09-16T17:19:12.287+0000] {processor.py:840} INFO - DAG(s) 'json_dag' retrieved from /opt/airflow/dags/json_dag.py
[2026-09-16T17:19:12.307+0000] {logging_mixin.py:188} INFO - [2026-09-16T17:19:12.306+0000] {dag.py:3096} INFO - Sync 1 DAGs
[2026-09-16T17:19:12.469+0000] {logging_mixin.py:188} INFO - [2026-09-16T17:19:12.469+0000] {dag.py:3954} INFO - Setting next_dagrun for json_dag to 2026-09-16 08:59:00+00:00, run_after=2026-09-17 08:00:00+00:00
[2026-09-16T17:19:12.486+0000] {processor.py:183} INFO - Processing /opt/airflow/dags/json_dag.py took 0.612 seconds
[2026-09-16T17:19:43.312+0000] {processor.py:161} INFO - Started process (PID=2025) to work on /opt/airflow/dags/json_dag.py
[2026-09-16T17:19:43.314+0000] {processor.py:830} INFO - Processing file /opt/airflow/dags/json_dag.py for tasks to queue
[2026-09-16T17:19:43.316+0000] {logging_mixin.py:188} INFO - [2026-09-16T17:19:43.316+0000] {dagbag.py:545} INFO - Filling up the DagBag from /opt/airflow/dags/json_dag.py
[2026-09-16T17:19:43.714+0000] {processor.py:840} INFO - DAG(s) 'json_dag' retrieved from /opt/airflow/dags/json_dag.py
[2026-09-16T17:19:43.883+0000] {logging_mixin.py:188} INFO - [2026-09-16T17:19:43.882+0000] {dag.py:3096} INFO - Sync 1 DAGs
[2026-09-16T17:19:43.901+0000] {logging_mixin.py:188} INFO - [2026-09-16T17:19:43.900+0000] {dag.py:3954} INFO - Setting next_dagrun for json_dag to 2026-09-16 08:59:00+00:00, run_after=2026-09-17 08:00:00+00:00
[2026-09-16T17:19:43.918+0000] {processor.py:183} INFO - Processing /opt/airflow/dags/json_dag.py took 0.615 seconds
[2026-09-16T17:20:14.761+0000] {processor.py:161} INFO - Started process (PID=2034) to work on /opt/airflow/dags/json_dag.py
[2026-09-16T17:20:14.763+0000] {processor.py:830} INFO - Processing file /opt/airflow/dags/json_dag.py for tasks to queue
[2026-09-16T17:20:14.764+0000] {logging_mixin.py:188} INFO - [2026-09-16T17:20:14.764+0000] {dagbag.py:545} INFO - Filling up the DagBag from /opt/airflow/dags/json_dag.py
[2026-09-16T17:20:15.293+0000] {processor.py:840} INFO - DAG(s) 'json_dag' retrieved from /opt/airflow/dags/json_dag.py
[2026-09-16T17:20:15.314+0000] {logging_mixin.py:188} INFO - [2026-09-16T17:20:15.313+0000] {dag.py:3096} INFO - Sync 1 DAGs
[2026-09-16T17:20:15.331+0000] {logging_mixin.py:188} INFO - [2026-09-16T17:20:15.331+0000] {dag.py:3954} INFO - Setting next_dagrun for json_dag to 2026-09-16 08:59:00+00:00, run_after=2026-09-17 08:00:00+00:00
[2026-09-16T17:20:15.348+0000] {processor.py:183} INFO - Processing /opt/airflow/dags/json_dag.py took 0.592 seconds
[2026-09-16T17:20:46.231+0000] {processor.py:161} INFO - Started process (PID=2043) to work on /opt/airflow/dags/json_dag.py
[2026-09-16T17:20:46.232+0000] {processor.py:830} INFO - Processing file /opt/airflow/dags/json_dag.py for tasks to queue
[2026-09-16T17:20:46.234+0000] {logging_mixin.py:188} INFO - [2026-09-16T17:20:46.233+0000] {dagbag.py:545} INFO - Filling up the DagBag from /opt/airflow/dags/json_dag.py
[2026-09-16T17:20:46.600+0000] {processor.py:840} INFO - DAG(s) 'json_dag' retrieved from /opt/airflow/dags/json_dag.py
[2026-09-16T17:20:46.621+0000] {logging_mixin.py:188} INFO - [2026-09-16T17:20:46.620+0000] {dag.py:3096} INFO - Sync 1 DAGs
[2026-09-16T17:20:46.639+0000] {logging_mixin.py:188} INFO - [2026-09-16T17:20:46.639+0000] {dag.py:3954} INFO - Setting next_dagrun for json_dag to 2026-09-16 08:59:00+00:00, run_after=2026-09-17 08:00:00+00:00
[2026-09-16T17:20:46.779+0000] {processor.py:183} INFO - Processing /opt/airflow/dags/json_dag.py took 0.556 seconds
[2026-09-16T17:21:17.563+0000] {processor.py:161} INFO - Started process (PID=2052) to work on /opt/airflow/dags/json_dag.py
[2026-09-16T17:21:17.565+0000] {processor.py:830} INFO - Processing file /opt/airflow/dags/json_dag.py for tasks to queue
[2026-09-16T17:21:17.567+0000] {logging_mixin.py:188} INFO - [2026-09-16T17:21:17.567+0000] {dagbag.py:545} INFO - Filling up the DagBag from /opt/airflow/dags/json_dag.py
[2026-09-16T17:21:17.960+0000] {processor.py:840} INFO - DAG(s) 'json_dag' retrieved from /opt/airflow/dags/json_dag.py
[2026-09-16T17:21:17.978+0000] {logging_mixin.py:188} INFO - [2026-09-16T17:21:17.977+0000] {dag.py:3096} INFO - Sync 1 DAGs
[2026-09-16T17:21:18.131+0000] {logging_mixin.py:188} INFO - [2026-09-16T17:21:18.131+0000] {dag.py:3954} INFO - Setting next_dagrun for json_dag to 2026-09-16 08:59:00+00:00, run_after=2026-09-17 08:00:00+00:00
[2026-09-16T17:21:18.152+0000] {processor.py:183} INFO - Processing /opt/airflow/dags/json_dag.py took 0.597 seconds
[2026-09-16T17:21:48.994+0000] {processor.py:161} INFO - Started process (PID=2060) to work on /opt/airflow/dags/json_dag.py
[2026-09-16T17:21:48.995+0000] {processor.py:830} INFO - Processing file /opt/airflow/dags/json_dag.py for tasks to queue
[2026-09-16T17:21:48.998+0000] {logging_mixin.py:188} INFO - [2026-09-16T17:21:48.997+0000] {dagbag.py:545} INFO - Filling up the DagBag from /opt/airflow/dags/json_dag.py
[2026-09-16T17:21:49.381+0000] {processor.py:840} INFO - DAG(s) 'json_dag' retrieved from /opt/airflow/dags/json_dag.py
[2026-09-16T17:21:49.400+0000] {logging_mixin.py:188} INFO - [2026-09-16T17:21:49.399+0000] {dag.py:3096} INFO - Sync 1 DAGs
[2026-09-16T17:21:49.549+0000] {logging_mixin.py:188} INFO - [2026-09-16T17:21:49.549+0000] {dag.py:3954} INFO - Setting next_dagrun for json_dag to 2026-09-16 08:59:00+00:00, run_after=2026-09-17 08:00:00+00:00
[2026-09-16T17:21:49.569+0000] {processor.py:183} INFO - Processing /opt/airflow/dags/json_dag.py took 0.586 seconds
[2026-09-16T17:22:20.336+0000] {processor.py:161} INFO - Started process (PID=2069) to work on /opt/airflow/dags/json_dag.py
[2026-09-16T17:22:20.337+0000] {processor.py:830} INFO - Processing file /opt/airflow/dags/json_dag.py for tasks to queue
[2026-09-16T17:22:20.339+0000] {logging_mixin.py:188} INFO - [2026-09-16T17:22:20.339+0000] {dagbag.py:545} INFO - Filling up the DagBag from /opt/airflow/dags/json_dag.py
[2026-09-16T17:22:20.749+0000] {processor.py:840} INFO - DAG(s) 'json_dag' retrieved from /opt/airflow/dags/json_dag.py
[2026-09-16T17:22:20.895+0000] {logging_mixin.py:188} INFO - [2026-09-16T17:22:20.895+0000] {dag.py:3096} INFO - Sync 1 DAGs
[2026-09-16T17:22:20.916+0000] {logging_mixin.py:188} INFO - [2026-09-16T17:22:20.916+0000] {dag.py:3954} INFO - Setting next_dagrun for json_dag to 2026-09-16 08:59:00+00:00, run_after=2026-09-17 08:00:00+00:00
[2026-09-16T17:22:20.932+0000] {processor.py:183} INFO - Processing /opt/airflow/dags/json_dag.py took 0.602 seconds
[2026-09-16T17:22:51.751+0000] {processor.py:161} INFO - Started process (PID=2078) to work on /opt/airflow/dags/json_dag.py
[2026-09-16T17:22:51.753+0000] {processor.py:830} INFO - Processing file /opt/airflow/dags/json_dag.py for tasks to queue
[2026-09-16T17:22:51.756+0000] {logging_mixin.py:188} INFO - [2026-09-16T17:22:51.756+0000] {dagbag.py:545} INFO - Filling up the DagBag from /opt/airflow/dags/json_dag.py
[2026-09-16T17:22:52.364+0000] {processor.py:840} INFO - DAG(s) 'json_dag' retrieved from /opt/airflow/dags/json_dag.py
[2026-09-16T17:22:52.381+0000] {logging_mixin.py:188} INFO - [2026-09-16T17:22:52.381+0000] {dag.py:3096} INFO - Sync 1 DAGs
[2026-09-16T17:22:52.404+0000] {logging_mixin.py:188} INFO - [2026-09-16T17:22:52.404+0000] {dag.py:3954} INFO - Setting next_dagrun for json_dag to 2026-09-16 08:59:00+00:00, run_after=2026-09-17 08:00:00+00:00
[2026-09-16T17:22:52.427+0000] {processor.py:183} INFO - Processing /opt/airflow/dags/json_dag.py took 0.684 seconds
[2026-09-16T17:23:23.126+0000] {processor.py:161} INFO - Started process (PID=2093) to work on /opt/airflow/dags/json_dag.py
[2026-09-16T17:23:23.128+0000] {processor.py:830} INFO - Processing file /opt/airflow/dags/json_dag.py for tasks to queue
[2026-09-16T17:23:23.131+0000] {logging_mixin.py:188} INFO - [2026-09-16T17:23:23.131+0000] {dagbag.py:545} INFO - Filling up the DagBag from /opt/airflow/dags/json_dag.py
[2026-09-16T17:23:23.733+0000] {processor.py:840} INFO - DAG(s) 'json_dag' retrieved from /opt/airflow/dags/json_dag.py
[2026-09-16T17:23:23.750+0000] {logging_mixin.py:188} INFO - [2026-09-16T17:23:23.750+0000] {dag.py:3096} INFO - Sync 1 DAGs
[2026-09-16T17:23:23.765+0000] {logging_mixin.py:188} INFO - [2026-09-16T17:23:23.765+0000] {dag.py:3954} INFO - Setting next_dagrun for json_dag to 2026-09-16 08:59:00+00:00, run_after=2026-09-17 08:00:00+00:00
[2026-09-16T17:23:23.786+0000] {processor.py:183} INFO - Processing /opt/airflow/dags/json_dag.py took 0.671 seconds
[2026-09-16T17:23:54.511+0000] {processor.py:161} INFO - Started process (PID=2102) to work on /opt/airflow/dags/json_dag.py
[2026-09-16T17:23:54.513+0000] {processor.py:830} INFO - Processing file /opt/airflow/dags/json_dag.py for tasks to queue
[2026-09-16T17:23:54.516+0000] {logging_mixin.py:188} INFO - [2026-09-16T17:23:54.516+0000] {dagbag.py:545} INFO - Filling up the DagBag from /opt/airflow/dags/json_dag.py
[2026-09-16T17:23:54.930+0000] {processor.py:840} INFO - DAG(s) 'json_dag' retrieved from /opt/airflow/dags/json_dag.py
[2026-09-16T17:23:54.949+0000] {logging_mixin.py:188} INFO - [2026-09-16T17:23:54.949+0000] {dag.py:3096} INFO - Sync 1 DAGs
[2026-09-16T17:23:55.138+0000] {logging_mixin.py:188} INFO - [2026-09-16T17:23:55.138+0000] {dag.py:3954} INFO - Setting next_dagrun for json_dag to 2026-09-16 08:59:00+00:00, run_after=2026-09-17 08:00:00+00:00
[2026-09-16T17:23:55.163+0000] {processor.py:183} INFO - Processing /opt/airflow/dags/json_dag.py took 0.659 seconds
[2026-09-16T17:24:26.080+0000] {processor.py:161} INFO - Started process (PID=2111) to work on /opt/airflow/dags/json_dag.py
[2026-09-16T17:24:26.081+0000] {processor.py:830} INFO - Processing file /opt/airflow/dags/json_dag.py for tasks to queue
[2026-09-16T17:24:26.083+0000] {logging_mixin.py:188} INFO - [2026-09-16T17:24:26.083+0000] {dagbag.py:545} INFO - Filling up the DagBag from /opt/airflow/dags/json_dag.py
[2026-09-16T17:24:26.535+0000] {processor.py:840} INFO - DAG(s) 'json_dag' retrieved from /opt/airflow/dags/json_dag.py
[2026-09-16T17:24:26.555+0000] {logging_mixin.py:188} INFO - [2026-09-16T17:24:26.554+0000] {dag.py:3096} INFO - Sync 1 DAGs
[2026-09-16T17:24:26.705+0000] {logging_mixin.py:188} INFO - [2026-09-16T17:24:26.705+0000] {dag.py:3954} INFO - Setting next_dagrun for json_dag to 2026-09-16 08:59:00+00:00, run_after=2026-09-17 08:00:00+00:00
[2026-09-16T17:24:26.729+0000] {processor.py:183} INFO - Processing /opt/airflow/dags/json_dag.py took 0.655 seconds
[2026-09-16T17:24:57.529+0000] {processor.py:161} INFO - Started process (PID=2120) to work on /opt/airflow/dags/json_dag.py
[2026-09-16T17:24:57.531+0000] {processor.py:830} INFO - Processing file /opt/airflow/dags/json_dag.py for tasks to queue
[2026-09-16T17:24:57.534+0000] {logging_mixin.py:188} INFO - [2026-09-16T17:24:57.533+0000] {dagbag.py:545} INFO - Filling up the DagBag from /opt/airflow/dags/json_dag.py
[2026-09-16T17:24:57.894+0000] {processor.py:840} INFO - DAG(s) 'json_dag' retrieved from /opt/airflow/dags/json_dag.py
[2026-09-16T17:24:58.037+0000] {logging_mixin.py:188} INFO - [2026-09-16T17:24:58.036+0000] {dag.py:3096} INFO - Sync 1 DAGs
[2026-09-16T17:24:58.052+0000] {logging_mixin.py:188} INFO - [2026-09-16T17:24:58.051+0000] {dag.py:3954} INFO - Setting next_dagrun for json_dag to 2026-09-16 08:59:00+00:00, run_after=2026-09-17 08:00:00+00:00
[2026-09-16T17:24:58.068+0000] {processor.py:183} INFO - Processing /opt/airflow/dags/json_dag.py took 0.545 seconds
[2026-09-16T17:25:28.940+0000] {processor.py:161} INFO - Started process (PID=2129) to work on /opt/airflow/dags/json_dag.py
[2026-09-16T17:25:28.942+0000] {processor.py:830} INFO - Processing file /opt/airflow/dags/json_dag.py for tasks to queue
[2026-09-16T17:25:28.944+0000] {logging_mixin.py:188} INFO - [2026-09-16T17:25:28.944+0000] {dagbag.py:545} INFO - Filling up the DagBag from /opt/airflow/dags/json_dag.py
[2026-09-16T17:25:29.493+0000] {processor.py:840} INFO - DAG(s) 'json_dag' retrieved from /opt/airflow/dags/json_dag.py
[2026-09-16T17:25:29.513+0000] {logging_mixin.py:188} INFO - [2026-09-16T17:25:29.512+0000] {dag.py:3096} INFO - Sync 1 DAGs
[2026-09-16T17:25:29.537+0000] {logging_mixin.py:188} INFO - [2026-09-16T17:25:29.537+0000] {dag.py:3954} INFO - Setting next_dagrun for json_dag to 2026-09-16 08:59:00+00:00, run_after=2026-09-17 08:00:00+00:00
[2026-09-16T17:25:29.554+0000] {processor.py:183} INFO - Processing /opt/airflow/dags/json_dag.py took 0.622 seconds
[2026-09-16T17:26:00.282+0000] {processor.py:161} INFO - Started process (PID=2138) to work on /opt/airflow/dags/json_dag.py
[2026-09-16T17:26:00.284+0000] {processor.py:830} INFO - Processing file /opt/airflow/dags/json_dag.py for tasks to queue
[2026-09-16T17:26:00.285+0000] {logging_mixin.py:188} INFO - [2026-09-16T17:26:00.285+0000] {dagbag.py:545} INFO - Filling up the DagBag from /opt/airflow/dags/json_dag.py
[2026-09-16T17:26:00.818+0000] {processor.py:840} INFO - DAG(s) 'json_dag' retrieved from /opt/airflow/dags/json_dag.py
[2026-09-16T17:26:00.833+0000] {logging_mixin.py:188} INFO - [2026-09-16T17:26:00.833+0000] {dag.py:3096} INFO - Sync 1 DAGs
[2026-09-16T17:26:00.850+0000] {logging_mixin.py:188} INFO - [2026-09-16T17:26:00.850+0000] {dag.py:3954} INFO - Setting next_dagrun for json_dag to 2026-09-16 08:59:00+00:00, run_after=2026-09-17 08:00:00+00:00
[2026-09-16T17:26:00.868+0000] {processor.py:183} INFO - Processing /opt/airflow/dags/json_dag.py took 0.591 seconds
[2026-09-16T17:26:31.694+0000] {processor.py:161} INFO - Started process (PID=2147) to work on /opt/airflow/dags/json_dag.py
[2026-09-16T17:26:31.695+0000] {processor.py:830} INFO - Processing file /opt/airflow/dags/json_dag.py for tasks to queue
[2026-09-16T17:26:31.697+0000] {logging_mixin.py:188} INFO - [2026-09-16T17:26:31.697+0000] {dagbag.py:545} INFO - Filling up the DagBag from /opt/airflow/dags/json_dag.py
[2026-09-16T17:26:32.139+0000] {processor.py:840} INFO - DAG(s) 'json_dag' retrieved from /opt/airflow/dags/json_dag.py
[2026-09-16T17:26:32.159+0000] {logging_mixin.py:188} INFO - [2026-09-16T17:26:32.158+0000] {dag.py:3096} INFO - Sync 1 DAGs
[2026-09-16T17:26:32.181+0000] {logging_mixin.py:188} INFO - [2026-09-16T17:26:32.181+0000] {dag.py:3954} INFO - Setting next_dagrun for json_dag to 2026-09-16 08:59:00+00:00, run_after=2026-09-17 08:00:00+00:00
[2026-09-16T17:26:32.337+0000] {processor.py:183} INFO - Processing /opt/airflow/dags/json_dag.py took 0.649 seconds
[2026-09-16T17:27:03.081+0000] {processor.py:161} INFO - Started process (PID=2156) to work on /opt/airflow/dags/json_dag.py
[2026-09-16T17:27:03.085+0000] {processor.py:830} INFO - Processing file /opt/airflow/dags/json_dag.py for tasks to queue
[2026-09-16T17:27:03.087+0000] {logging_mixin.py:188} INFO - [2026-09-16T17:27:03.087+0000] {dagbag.py:545} INFO - Filling up the DagBag from /opt/airflow/dags/json_dag.py
[2026-09-16T17:27:03.479+0000] {processor.py:840} INFO - DAG(s) 'json_dag' retrieved from /opt/airflow/dags/json_dag.py
[2026-09-16T17:27:03.501+0000] {logging_mixin.py:188} INFO - [2026-09-16T17:27:03.500+0000] {dag.py:3096} INFO - Sync 1 DAGs
[2026-09-16T17:27:03.658+0000] {logging_mixin.py:188} INFO - [2026-09-16T17:27:03.658+0000] {dag.py:3954} INFO - Setting next_dagrun for json_dag to 2026-09-16 08:59:00+00:00, run_after=2026-09-17 08:00:00+00:00
[2026-09-16T17:27:03.677+0000] {processor.py:183} INFO - Processing /opt/airflow/dags/json_dag.py took 0.605 seconds
[2026-09-16T17:27:34.463+0000] {processor.py:161} INFO - Started process (PID=2165) to work on /opt/airflow/dags/json_dag.py
[2026-09-16T17:27:34.465+0000] {processor.py:830} INFO - Processing file /opt/airflow/dags/json_dag.py for tasks to queue
[2026-09-16T17:27:34.466+0000] {logging_mixin.py:188} INFO - [2026-09-16T17:27:34.466+0000] {dagbag.py:545} INFO - Filling up the DagBag from /opt/airflow/dags/json_dag.py
[2026-09-16T17:27:34.822+0000] {processor.py:840} INFO - DAG(s) 'json_dag' retrieved from /opt/airflow/dags/json_dag.py
[2026-09-16T17:27:34.842+0000] {logging_mixin.py:188} INFO - [2026-09-16T17:27:34.842+0000] {dag.py:3096} INFO - Sync 1 DAGs
[2026-09-16T17:27:35.019+0000] {logging_mixin.py:188} INFO - [2026-09-16T17:27:35.019+0000] {dag.py:3954} INFO - Setting next_dagrun for json_dag to 2026-09-16 08:59:00+00:00, run_after=2026-09-17 08:00:00+00:00
[2026-09-16T17:27:35.043+0000] {processor.py:183} INFO - Processing /opt/airflow/dags/json_dag.py took 0.587 seconds
[2026-09-16T17:28:05.794+0000] {processor.py:161} INFO - Started process (PID=2174) to work on /opt/airflow/dags/json_dag.py
[2026-09-16T17:28:05.795+0000] {processor.py:830} INFO - Processing file /opt/airflow/dags/json_dag.py for tasks to queue
[2026-09-16T17:28:05.797+0000] {logging_mixin.py:188} INFO - [2026-09-16T17:28:05.796+0000] {dagbag.py:545} INFO - Filling up the DagBag from /opt/airflow/dags/json_dag.py
[2026-09-16T17:28:06.150+0000] {processor.py:840} INFO - DAG(s) 'json_dag' retrieved from /opt/airflow/dags/json_dag.py
[2026-09-16T17:28:06.310+0000] {logging_mixin.py:188} INFO - [2026-09-16T17:28:06.310+0000] {dag.py:3096} INFO - Sync 1 DAGs
[2026-09-16T17:28:06.326+0000] {logging_mixin.py:188} INFO - [2026-09-16T17:28:06.325+0000] {dag.py:3954} INFO - Setting next_dagrun for json_dag to 2026-09-16 08:59:00+00:00, run_after=2026-09-17 08:00:00+00:00
[2026-09-16T17:28:06.341+0000] {processor.py:183} INFO - Processing /opt/airflow/dags/json_dag.py took 0.553 seconds
[2026-09-16T17:28:37.248+0000] {processor.py:161} INFO - Started process (PID=2183) to work on /opt/airflow/dags/json_dag.py
[2026-09-16T17:28:37.249+0000] {processor.py:830} INFO - Processing file /opt/airflow/dags/json_dag.py for tasks to queue
[2026-09-16T17:28:37.251+0000] {logging_mixin.py:188} INFO - [2026-09-16T17:28:37.250+0000] {dagbag.py:545} INFO - Filling up the DagBag from /opt/airflow/dags/json_dag.py
[2026-09-16T17:28:37.730+0000] {processor.py:840} INFO - DAG(s) 'json_dag' retrieved from /opt/airflow/dags/json_dag.py
[2026-09-16T17:28:37.747+0000] {logging_mixin.py:188} INFO - [2026-09-16T17:28:37.746+0000] {dag.py:3096} INFO - Sync 1 DAGs
[2026-09-16T17:28:37.762+0000] {logging_mixin.py:188} INFO - [2026-09-16T17:28:37.762+0000] {dag.py:3954} INFO - Setting next_dagrun for json_dag to 2026-09-16 08:59:00+00:00, run_after=2026-09-17 08:00:00+00:00
[2026-09-16T17:28:37.782+0000] {processor.py:183} INFO - Processing /opt/airflow/dags/json_dag.py took 0.540 seconds
[2026-09-16T17:29:08.662+0000] {processor.py:161} INFO - Started process (PID=2192) to work on /opt/airflow/dags/json_dag.py
[2026-09-16T17:29:08.663+0000] {processor.py:830} INFO - Processing file /opt/airflow/dags/json_dag.py for tasks to queue
[2026-09-16T17:29:08.666+0000] {logging_mixin.py:188} INFO - [2026-09-16T17:29:08.666+0000] {dagbag.py:545} INFO - Filling up the DagBag from /opt/airflow/dags/json_dag.py
[2026-09-16T17:29:09.155+0000] {processor.py:840} INFO - DAG(s) 'json_dag' retrieved from /opt/airflow/dags/json_dag.py
[2026-09-16T17:29:09.171+0000] {logging_mixin.py:188} INFO - [2026-09-16T17:29:09.171+0000] {dag.py:3096} INFO - Sync 1 DAGs
[2026-09-16T17:29:09.187+0000] {logging_mixin.py:188} INFO - [2026-09-16T17:29:09.187+0000] {dag.py:3954} INFO - Setting next_dagrun for json_dag to 2026-09-16 08:59:00+00:00, run_after=2026-09-17 08:00:00+00:00
[2026-09-16T17:29:09.205+0000] {processor.py:183} INFO - Processing /opt/airflow/dags/json_dag.py took 0.552 seconds
[2026-09-16T17:29:40.169+0000] {processor.py:161} INFO - Started process (PID=2201) to work on /opt/airflow/dags/json_dag.py
[2026-09-16T17:29:40.171+0000] {processor.py:830} INFO - Processing file /opt/airflow/dags/json_dag.py for tasks to queue
[2026-09-16T17:29:40.174+0000] {logging_mixin.py:188} INFO - [2026-09-16T17:29:40.174+0000] {dagbag.py:545} INFO - Filling up the DagBag from /opt/airflow/dags/json_dag.py
[2026-09-16T17:29:40.617+0000] {processor.py:840} INFO - DAG(s) 'json_dag' retrieved from /opt/airflow/dags/json_dag.py
[2026-09-16T17:29:40.637+0000] {logging_mixin.py:188} INFO - [2026-09-16T17:29:40.637+0000] {dag.py:3096} INFO - Sync 1 DAGs
[2026-09-16T17:29:40.786+0000] {logging_mixin.py:188} INFO - [2026-09-16T17:29:40.786+0000] {dag.py:3954} INFO - Setting next_dagrun for json_dag to 2026-09-16 08:59:00+00:00, run_after=2026-09-17 08:00:00+00:00
[2026-09-16T17:29:40.808+0000] {processor.py:183} INFO - Processing /opt/airflow/dags/json_dag.py took 0.655 seconds
[2026-09-16T17:30:11.524+0000] {processor.py:161} INFO - Started process (PID=2210) to work on /opt/airflow/dags/json_dag.py
[2026-09-16T17:30:11.526+0000] {processor.py:830} INFO - Processing file /opt/airflow/dags/json_dag.py for tasks to queue
[2026-09-16T17:30:11.529+0000] {logging_mixin.py:188} INFO - [2026-09-16T17:30:11.528+0000] {dagbag.py:545} INFO - Filling up the DagBag from /opt/airflow/dags/json_dag.py
[2026-09-16T17:30:11.913+0000] {processor.py:840} INFO - DAG(s) 'json_dag' retrieved from /opt/airflow/dags/json_dag.py
[2026-09-16T17:30:11.930+0000] {logging_mixin.py:188} INFO - [2026-09-16T17:30:11.929+0000] {dag.py:3096} INFO - Sync 1 DAGs
[2026-09-16T17:30:12.107+0000] {logging_mixin.py:188} INFO - [2026-09-16T17:30:12.107+0000] {dag.py:3954} INFO - Setting next_dagrun for json_dag to 2026-09-16 08:59:00+00:00, run_after=2026-09-17 08:00:00+00:00
[2026-09-16T17:30:12.123+0000] {processor.py:183} INFO - Processing /opt/airflow/dags/json_dag.py took 0.608 seconds
[2026-09-16T17:30:56.676+0000] {processor.py:161} INFO - Started process (PID=2220) to work on /opt/airflow/dags/json_dag.py
[2026-09-16T17:30:56.681+0000] {processor.py:830} INFO - Processing file /opt/airflow/dags/json_dag.py for tasks to queue
[2026-09-16T17:30:56.696+0000] {logging_mixin.py:188} INFO - [2026-09-16T17:30:56.687+0000] {dagbag.py:545} INFO - Filling up the DagBag from /opt/airflow/dags/json_dag.py
[2026-09-16T17:31:00.169+0000] {processor.py:840} INFO - DAG(s) 'json_dag' retrieved from /opt/airflow/dags/json_dag.py
[2026-09-16T17:31:00.230+0000] {logging_mixin.py:188} INFO - [2026-09-16T17:31:00.229+0000] {dag.py:3096} INFO - Sync 1 DAGs
[2026-09-16T17:43:23.797+0000] {logging_mixin.py:188} INFO - [2026-09-16T17:43:23.797+0000] {dag.py:3954} INFO - Setting next_dagrun for json_dag to 2026-09-16 08:59:00+00:00, run_after=2026-09-17 08:00:00+00:00
[2026-09-16T17:43:23.855+0000] {processor.py:183} INFO - Processing /opt/airflow/dags/json_dag.py took 4.071 seconds
[2026-09-16T17:43:54.268+0000] {processor.py:161} INFO - Started process (PID=2229) to work on /opt/airflow/dags/json_dag.py
[2026-09-16T17:43:54.269+0000] {processor.py:830} INFO - Processing file /opt/airflow/dags/json_dag.py for tasks to queue
[2026-09-16T17:43:54.273+0000] {logging_mixin.py:188} INFO - [2026-09-16T17:43:54.272+0000] {dagbag.py:545} INFO - Filling up the DagBag from /opt/airflow/dags/json_dag.py
[2026-09-16T17:43:54.827+0000] {processor.py:840} INFO - DAG(s) 'json_dag' retrieved from /opt/airflow/dags/json_dag.py
[2026-09-16T17:43:55.009+0000] {logging_mixin.py:188} INFO - [2026-09-16T17:43:55.008+0000] {dag.py:3096} INFO - Sync 1 DAGs
[2026-09-16T17:43:55.030+0000] {logging_mixin.py:188} INFO - [2026-09-16T17:43:55.029+0000] {dag.py:3954} INFO - Setting next_dagrun for json_dag to 2026-09-16 08:59:00+00:00, run_after=2026-09-17 08:00:00+00:00
[2026-09-16T17:43:55.049+0000] {processor.py:183} INFO - Processing /opt/airflow/dags/json_dag.py took 0.794 seconds
[2026-09-16T17:44:25.260+0000] {processor.py:161} INFO - Started process (PID=2239) to work on /opt/airflow/dags/json_dag.py
[2026-09-16T17:44:25.261+0000] {processor.py:830} INFO - Processing file /opt/airflow/dags/json_dag.py for tasks to queue
[2026-09-16T17:44:25.266+0000] {logging_mixin.py:188} INFO - [2026-09-16T17:44:25.264+0000] {dagbag.py:545} INFO - Filling up the DagBag from /opt/airflow/dags/json_dag.py
[2026-09-16T17:44:26.356+0000] {processor.py:840} INFO - DAG(s) 'json_dag' retrieved from /opt/airflow/dags/json_dag.py
[2026-09-16T17:44:26.403+0000] {logging_mixin.py:188} INFO - [2026-09-16T17:44:26.401+0000] {dag.py:3096} INFO - Sync 1 DAGs
[2026-09-16T17:44:26.436+0000] {logging_mixin.py:188} INFO - [2026-09-16T17:44:26.435+0000] {dag.py:3954} INFO - Setting next_dagrun for json_dag to 2026-09-16 08:59:00+00:00, run_after=2026-09-17 08:00:00+00:00
[2026-09-16T17:44:26.472+0000] {processor.py:183} INFO - Processing /opt/airflow/dags/json_dag.py took 1.225 seconds
[2026-09-16T17:44:56.563+0000] {processor.py:161} INFO - Started process (PID=2248) to work on /opt/airflow/dags/json_dag.py
[2026-09-16T17:44:56.565+0000] {processor.py:830} INFO - Processing file /opt/airflow/dags/json_dag.py for tasks to queue
[2026-09-16T17:44:56.568+0000] {logging_mixin.py:188} INFO - [2026-09-16T17:44:56.567+0000] {dagbag.py:545} INFO - Filling up the DagBag from /opt/airflow/dags/json_dag.py
[2026-09-16T17:44:57.646+0000] {processor.py:840} INFO - DAG(s) 'json_dag' retrieved from /opt/airflow/dags/json_dag.py
[2026-09-16T17:44:57.668+0000] {logging_mixin.py:188} INFO - [2026-09-16T17:44:57.667+0000] {dag.py:3096} INFO - Sync 1 DAGs
[2026-09-16T17:44:57.693+0000] {logging_mixin.py:188} INFO - [2026-09-16T17:44:57.693+0000] {dag.py:3954} INFO - Setting next_dagrun for json_dag to 2026-09-16 08:59:00+00:00, run_after=2026-09-17 08:00:00+00:00
[2026-09-16T17:44:57.714+0000] {processor.py:183} INFO - Processing /opt/airflow/dags/json_dag.py took 1.164 seconds
[2026-09-16T17:45:27.959+0000] {processor.py:161} INFO - Started process (PID=2257) to work on /opt/airflow/dags/json_dag.py
[2026-09-16T17:45:27.962+0000] {processor.py:830} INFO - Processing file /opt/airflow/dags/json_dag.py for tasks to queue
[2026-09-16T17:45:27.965+0000] {logging_mixin.py:188} INFO - [2026-09-16T17:45:27.964+0000] {dagbag.py:545} INFO - Filling up the DagBag from /opt/airflow/dags/json_dag.py
[2026-09-16T17:45:28.634+0000] {processor.py:840} INFO - DAG(s) 'json_dag' retrieved from /opt/airflow/dags/json_dag.py
[2026-09-16T17:45:28.666+0000] {logging_mixin.py:188} INFO - [2026-09-16T17:45:28.665+0000] {dag.py:3096} INFO - Sync 1 DAGs
[2026-09-16T17:45:28.878+0000] {logging_mixin.py:188} INFO - [2026-09-16T17:45:28.877+0000] {dag.py:3954} INFO - Setting next_dagrun for json_dag to 2026-09-16 08:59:00+00:00, run_after=2026-09-17 08:00:00+00:00
[2026-09-16T17:45:28.901+0000] {processor.py:183} INFO - Processing /opt/airflow/dags/json_dag.py took 0.953 seconds
[2026-09-16T17:45:59.262+0000] {processor.py:161} INFO - Started process (PID=2266) to work on /opt/airflow/dags/json_dag.py
[2026-09-16T17:45:59.264+0000] {processor.py:830} INFO - Processing file /opt/airflow/dags/json_dag.py for tasks to queue
[2026-09-16T17:45:59.266+0000] {logging_mixin.py:188} INFO - [2026-09-16T17:45:59.266+0000] {dagbag.py:545} INFO - Filling up the DagBag from /opt/airflow/dags/json_dag.py
[2026-09-16T17:45:59.934+0000] {processor.py:840} INFO - DAG(s) 'json_dag' retrieved from /opt/airflow/dags/json_dag.py
[2026-09-16T17:45:59.965+0000] {logging_mixin.py:188} INFO - [2026-09-16T17:45:59.964+0000] {dag.py:3096} INFO - Sync 1 DAGs
[2026-09-16T17:46:00.180+0000] {logging_mixin.py:188} INFO - [2026-09-16T17:46:00.180+0000] {dag.py:3954} INFO - Setting next_dagrun for json_dag to 2026-09-16 08:59:00+00:00, run_after=2026-09-17 08:00:00+00:00
[2026-09-16T17:46:00.211+0000] {processor.py:183} INFO - Processing /opt/airflow/dags/json_dag.py took 0.961 seconds
[2026-09-16T17:46:30.488+0000] {processor.py:161} INFO - Started process (PID=2275) to work on /opt/airflow/dags/json_dag.py
[2026-09-16T17:46:30.490+0000] {processor.py:830} INFO - Processing file /opt/airflow/dags/json_dag.py for tasks to queue
[2026-09-16T17:46:30.494+0000] {logging_mixin.py:188} INFO - [2026-09-16T17:46:30.494+0000] {dagbag.py:545} INFO - Filling up the DagBag from /opt/airflow/dags/json_dag.py
[2026-09-16T17:46:31.020+0000] {processor.py:840} INFO - DAG(s) 'json_dag' retrieved from /opt/airflow/dags/json_dag.py
[2026-09-16T17:46:31.191+0000] {logging_mixin.py:188} INFO - [2026-09-16T17:46:31.190+0000] {dag.py:3096} INFO - Sync 1 DAGs
[2026-09-16T17:46:31.211+0000] {logging_mixin.py:188} INFO - [2026-09-16T17:46:31.211+0000] {dag.py:3954} INFO - Setting next_dagrun for json_dag to 2026-09-16 08:59:00+00:00, run_after=2026-09-17 08:00:00+00:00
[2026-09-16T17:46:31.229+0000] {processor.py:183} INFO - Processing /opt/airflow/dags/json_dag.py took 0.749 seconds
[2026-09-16T17:47:01.348+0000] {processor.py:161} INFO - Started process (PID=2288) to work on /opt/airflow/dags/json_dag.py
[2026-09-16T17:47:01.350+0000] {processor.py:830} INFO - Processing file /opt/airflow/dags/json_dag.py for tasks to queue
[2026-09-16T17:47:01.353+0000] {logging_mixin.py:188} INFO - [2026-09-16T17:47:01.353+0000] {dagbag.py:545} INFO - Filling up the DagBag from /opt/airflow/dags/json_dag.py
[2026-09-16T17:47:02.013+0000] {processor.py:840} INFO - DAG(s) 'json_dag' retrieved from /opt/airflow/dags/json_dag.py
[2026-09-16T17:47:02.031+0000] {logging_mixin.py:188} INFO - [2026-09-16T17:47:02.030+0000] {dag.py:3096} INFO - Sync 1 DAGs
[2026-09-16T17:47:02.056+0000] {logging_mixin.py:188} INFO - [2026-09-16T17:47:02.056+0000] {dag.py:3954} INFO - Setting next_dagrun for json_dag to 2026-09-16 08:59:00+00:00, run_after=2026-09-17 08:00:00+00:00
[2026-09-16T17:47:02.075+0000] {processor.py:183} INFO - Processing /opt/airflow/dags/json_dag.py took 0.736 seconds
[2026-09-16T17:47:32.489+0000] {processor.py:161} INFO - Started process (PID=2297) to work on /opt/airflow/dags/json_dag.py
[2026-09-16T17:47:32.492+0000] {processor.py:830} INFO - Processing file /opt/airflow/dags/json_dag.py for tasks to queue
[2026-09-16T17:47:32.495+0000] {logging_mixin.py:188} INFO - [2026-09-16T17:47:32.495+0000] {dagbag.py:545} INFO - Filling up the DagBag from /opt/airflow/dags/json_dag.py
[2026-09-16T17:47:33.393+0000] {processor.py:840} INFO - DAG(s) 'json_dag' retrieved from /opt/airflow/dags/json_dag.py
[2026-09-16T17:47:33.430+0000] {logging_mixin.py:188} INFO - [2026-09-16T17:47:33.429+0000] {dag.py:3096} INFO - Sync 1 DAGs
[2026-09-16T17:47:33.463+0000] {logging_mixin.py:188} INFO - [2026-09-16T17:47:33.462+0000] {dag.py:3954} INFO - Setting next_dagrun for json_dag to 2026-09-16 08:59:00+00:00, run_after=2026-09-17 08:00:00+00:00
[2026-09-16T17:47:33.513+0000] {processor.py:183} INFO - Processing /opt/airflow/dags/json_dag.py took 1.032 seconds
[2026-09-16T17:48:03.949+0000] {processor.py:161} INFO - Started process (PID=2306) to work on /opt/airflow/dags/json_dag.py
[2026-09-16T17:48:03.951+0000] {processor.py:830} INFO - Processing file /opt/airflow/dags/json_dag.py for tasks to queue
[2026-09-16T17:48:03.954+0000] {logging_mixin.py:188} INFO - [2026-09-16T17:48:03.954+0000] {dagbag.py:545} INFO - Filling up the DagBag from /opt/airflow/dags/json_dag.py
[2026-09-16T17:48:04.536+0000] {processor.py:840} INFO - DAG(s) 'json_dag' retrieved from /opt/airflow/dags/json_dag.py
[2026-09-16T17:48:04.556+0000] {logging_mixin.py:188} INFO - [2026-09-16T17:48:04.555+0000] {dag.py:3096} INFO - Sync 1 DAGs
[2026-09-16T17:48:04.587+0000] {logging_mixin.py:188} INFO - [2026-09-16T17:48:04.586+0000] {dag.py:3954} INFO - Setting next_dagrun for json_dag to 2026-09-16 08:59:00+00:00, run_after=2026-09-17 08:00:00+00:00
[2026-09-16T17:48:04.615+0000] {processor.py:183} INFO - Processing /opt/airflow/dags/json_dag.py took 0.674 seconds
[2026-09-16T17:48:35.389+0000] {processor.py:161} INFO - Started process (PID=2315) to work on /opt/airflow/dags/json_dag.py
[2026-09-16T17:48:35.390+0000] {processor.py:830} INFO - Processing file /opt/airflow/dags/json_dag.py for tasks to queue
[2026-09-16T17:48:35.393+0000] {logging_mixin.py:188} INFO - [2026-09-16T17:48:35.393+0000] {dagbag.py:545} INFO - Filling up the DagBag from /opt/airflow/dags/json_dag.py
[2026-09-16T17:48:35.865+0000] {processor.py:840} INFO - DAG(s) 'json_dag' retrieved from /opt/airflow/dags/json_dag.py
[2026-09-16T17:48:35.886+0000] {logging_mixin.py:188} INFO - [2026-09-16T17:48:35.886+0000] {dag.py:3096} INFO - Sync 1 DAGs
[2026-09-16T17:48:36.049+0000] {logging_mixin.py:188} INFO - [2026-09-16T17:48:36.048+0000] {dag.py:3954} INFO - Setting next_dagrun for json_dag to 2026-09-16 08:59:00+00:00, run_after=2026-09-17 08:00:00+00:00
[2026-09-16T17:48:36.070+0000] {processor.py:183} INFO - Processing /opt/airflow/dags/json_dag.py took 0.688 seconds
[2026-09-16T17:49:06.754+0000] {processor.py:161} INFO - Started process (PID=2324) to work on /opt/airflow/dags/json_dag.py
[2026-09-16T17:49:06.756+0000] {processor.py:830} INFO - Processing file /opt/airflow/dags/json_dag.py for tasks to queue
[2026-09-16T17:49:06.761+0000] {logging_mixin.py:188} INFO - [2026-09-16T17:49:06.760+0000] {dagbag.py:545} INFO - Filling up the DagBag from /opt/airflow/dags/json_dag.py
[2026-09-16T17:49:07.516+0000] {processor.py:840} INFO - DAG(s) 'json_dag' retrieved from /opt/airflow/dags/json_dag.py
[2026-09-16T17:49:07.548+0000] {logging_mixin.py:188} INFO - [2026-09-16T17:49:07.548+0000] {dag.py:3096} INFO - Sync 1 DAGs
[2026-09-16T17:49:07.832+0000] {logging_mixin.py:188} INFO - [2026-09-16T17:49:07.832+0000] {dag.py:3954} INFO - Setting next_dagrun for json_dag to 2026-09-16 08:59:00+00:00, run_after=2026-09-17 08:00:00+00:00
[2026-09-16T17:49:07.865+0000] {processor.py:183} INFO - Processing /opt/airflow/dags/json_dag.py took 1.128 seconds
[2026-09-16T17:49:38.325+0000] {processor.py:161} INFO - Started process (PID=2333) to work on /opt/airflow/dags/json_dag.py
[2026-09-16T17:49:38.328+0000] {processor.py:830} INFO - Processing file /opt/airflow/dags/json_dag.py for tasks to queue
[2026-09-16T17:49:38.333+0000] {logging_mixin.py:188} INFO - [2026-09-16T17:49:38.332+0000] {dagbag.py:545} INFO - Filling up the DagBag from /opt/airflow/dags/json_dag.py
[2026-09-16T17:49:39.180+0000] {processor.py:840} INFO - DAG(s) 'json_dag' retrieved from /opt/airflow/dags/json_dag.py
[2026-09-16T17:49:39.209+0000] {logging_mixin.py:188} INFO - [2026-09-16T17:49:39.205+0000] {dag.py:3096} INFO - Sync 1 DAGs
[2026-09-16T17:49:39.236+0000] {logging_mixin.py:188} INFO - [2026-09-16T17:49:39.235+0000] {dag.py:3954} INFO - Setting next_dagrun for json_dag to 2026-09-16 08:59:00+00:00, run_after=2026-09-17 08:00:00+00:00
[2026-09-16T17:49:39.269+0000] {processor.py:183} INFO - Processing /opt/airflow/dags/json_dag.py took 0.962 seconds
[2026-09-16T17:50:09.679+0000] {processor.py:161} INFO - Started process (PID=2342) to work on /opt/airflow/dags/json_dag.py
[2026-09-16T17:50:09.682+0000] {processor.py:830} INFO - Processing file /opt/airflow/dags/json_dag.py for tasks to queue
[2026-09-16T17:50:09.686+0000] {logging_mixin.py:188} INFO - [2026-09-16T17:50:09.686+0000] {dagbag.py:545} INFO - Filling up the DagBag from /opt/airflow/dags/json_dag.py
[2026-09-16T17:50:10.414+0000] {processor.py:840} INFO - DAG(s) 'json_dag' retrieved from /opt/airflow/dags/json_dag.py
[2026-09-16T17:50:10.438+0000] {logging_mixin.py:188} INFO - [2026-09-16T17:50:10.438+0000] {dag.py:3096} INFO - Sync 1 DAGs
[2026-09-16T17:50:10.463+0000] {logging_mixin.py:188} INFO - [2026-09-16T17:50:10.461+0000] {dag.py:3954} INFO - Setting next_dagrun for json_dag to 2026-09-16 08:59:00+00:00, run_after=2026-09-17 08:00:00+00:00
[2026-09-16T17:50:10.489+0000] {processor.py:183} INFO - Processing /opt/airflow/dags/json_dag.py took 0.829 seconds
[2026-09-16T17:50:40.884+0000] {processor.py:161} INFO - Started process (PID=2351) to work on /opt/airflow/dags/json_dag.py
[2026-09-16T17:50:40.887+0000] {processor.py:830} INFO - Processing file /opt/airflow/dags/json_dag.py for tasks to queue
[2026-09-16T17:50:40.890+0000] {logging_mixin.py:188} INFO - [2026-09-16T17:50:40.890+0000] {dagbag.py:545} INFO - Filling up the DagBag from /opt/airflow/dags/json_dag.py
[2026-09-16T17:50:41.614+0000] {processor.py:840} INFO - DAG(s) 'json_dag' retrieved from /opt/airflow/dags/json_dag.py
[2026-09-16T17:50:41.632+0000] {logging_mixin.py:188} INFO - [2026-09-16T17:50:41.631+0000] {dag.py:3096} INFO - Sync 1 DAGs
[2026-09-16T17:50:41.649+0000] {logging_mixin.py:188} INFO - [2026-09-16T17:50:41.648+0000] {dag.py:3954} INFO - Setting next_dagrun for json_dag to 2026-09-16 08:59:00+00:00, run_after=2026-09-17 08:00:00+00:00
[2026-09-16T17:50:41.668+0000] {processor.py:183} INFO - Processing /opt/airflow/dags/json_dag.py took 0.797 seconds
[2026-09-16T17:51:12.031+0000] {processor.py:161} INFO - Started process (PID=2360) to work on /opt/airflow/dags/json_dag.py
[2026-09-16T17:51:12.033+0000] {processor.py:830} INFO - Processing file /opt/airflow/dags/json_dag.py for tasks to queue
[2026-09-16T17:51:12.037+0000] {logging_mixin.py:188} INFO - [2026-09-16T17:51:12.037+0000] {dagbag.py:545} INFO - Filling up the DagBag from /opt/airflow/dags/json_dag.py
[2026-09-16T17:51:13.002+0000] {processor.py:840} INFO - DAG(s) 'json_dag' retrieved from /opt/airflow/dags/json_dag.py
[2026-09-16T17:51:13.034+0000] {logging_mixin.py:188} INFO - [2026-09-16T17:51:13.033+0000] {dag.py:3096} INFO - Sync 1 DAGs
[2026-09-16T17:51:13.070+0000] {logging_mixin.py:188} INFO - [2026-09-16T17:51:13.070+0000] {dag.py:3954} INFO - Setting next_dagrun for json_dag to 2026-09-16 08:59:00+00:00, run_after=2026-09-17 08:00:00+00:00
[2026-09-16T17:51:13.112+0000] {processor.py:183} INFO - Processing /opt/airflow/dags/json_dag.py took 1.089 seconds
[2026-09-16T17:51:43.500+0000] {processor.py:161} INFO - Started process (PID=2369) to work on /opt/airflow/dags/json_dag.py
[2026-09-16T17:51:43.501+0000] {processor.py:830} INFO - Processing file /opt/airflow/dags/json_dag.py for tasks to queue
[2026-09-16T17:51:43.505+0000] {logging_mixin.py:188} INFO - [2026-09-16T17:51:43.504+0000] {dagbag.py:545} INFO - Filling up the DagBag from /opt/airflow/dags/json_dag.py
[2026-09-16T17:51:43.970+0000] {processor.py:840} INFO - DAG(s) 'json_dag' retrieved from /opt/airflow/dags/json_dag.py
[2026-09-16T17:51:43.995+0000] {logging_mixin.py:188} INFO - [2026-09-16T17:51:43.994+0000] {dag.py:3096} INFO - Sync 1 DAGs
[2026-09-16T17:51:44.166+0000] {logging_mixin.py:188} INFO - [2026-09-16T17:51:44.165+0000] {dag.py:3954} INFO - Setting next_dagrun for json_dag to 2026-09-16 08:59:00+00:00, run_after=2026-09-17 08:00:00+00:00
[2026-09-16T17:51:44.190+0000] {processor.py:183} INFO - Processing /opt/airflow/dags/json_dag.py took 0.699 seconds
[2026-09-16T17:52:14.864+0000] {processor.py:161} INFO - Started process (PID=2378) to work on /opt/airflow/dags/json_dag.py
[2026-09-16T17:52:14.865+0000] {processor.py:830} INFO - Processing file /opt/airflow/dags/json_dag.py for tasks to queue
[2026-09-16T17:52:14.867+0000] {logging_mixin.py:188} INFO - [2026-09-16T17:52:14.867+0000] {dagbag.py:545} INFO - Filling up the DagBag from /opt/airflow/dags/json_dag.py
[2026-09-16T17:52:15.373+0000] {processor.py:840} INFO - DAG(s) 'json_dag' retrieved from /opt/airflow/dags/json_dag.py
[2026-09-16T17:52:15.593+0000] {logging_mixin.py:188} INFO - [2026-09-16T17:52:15.591+0000] {dag.py:3096} INFO - Sync 1 DAGs
[2026-09-16T17:52:15.617+0000] {logging_mixin.py:188} INFO - [2026-09-16T17:52:15.616+0000] {dag.py:3954} INFO - Setting next_dagrun for json_dag to 2026-09-16 08:59:00+00:00, run_after=2026-09-17 08:00:00+00:00
[2026-09-16T17:52:15.640+0000] {processor.py:183} INFO - Processing /opt/airflow/dags/json_dag.py took 0.783 seconds
[2026-09-16T17:52:46.233+0000] {processor.py:161} INFO - Started process (PID=2393) to work on /opt/airflow/dags/json_dag.py
[2026-09-16T17:52:46.234+0000] {processor.py:830} INFO - Processing file /opt/airflow/dags/json_dag.py for tasks to queue
[2026-09-16T17:52:46.236+0000] {logging_mixin.py:188} INFO - [2026-09-16T17:52:46.236+0000] {dagbag.py:545} INFO - Filling up the DagBag from /opt/airflow/dags/json_dag.py
[2026-09-16T17:52:46.821+0000] {processor.py:840} INFO - DAG(s) 'json_dag' retrieved from /opt/airflow/dags/json_dag.py
[2026-09-16T17:52:46.840+0000] {logging_mixin.py:188} INFO - [2026-09-16T17:52:46.840+0000] {dag.py:3096} INFO - Sync 1 DAGs
[2026-09-16T17:52:46.865+0000] {logging_mixin.py:188} INFO - [2026-09-16T17:52:46.864+0000] {dag.py:3954} INFO - Setting next_dagrun for json_dag to 2026-09-16 08:59:00+00:00, run_after=2026-09-17 08:00:00+00:00
[2026-09-16T17:52:46.886+0000] {processor.py:183} INFO - Processing /opt/airflow/dags/json_dag.py took 0.660 seconds
[2026-09-16T17:53:17.615+0000] {processor.py:161} INFO - Started process (PID=2402) to work on /opt/airflow/dags/json_dag.py
[2026-09-16T17:53:17.617+0000] {processor.py:830} INFO - Processing file /opt/airflow/dags/json_dag.py for tasks to queue
[2026-09-16T17:53:17.620+0000] {logging_mixin.py:188} INFO - [2026-09-16T17:53:17.619+0000] {dagbag.py:545} INFO - Filling up the DagBag from /opt/airflow/dags/json_dag.py
[2026-09-16T17:53:18.246+0000] {processor.py:840} INFO - DAG(s) 'json_dag' retrieved from /opt/airflow/dags/json_dag.py
[2026-09-16T17:53:18.265+0000] {logging_mixin.py:188} INFO - [2026-09-16T17:53:18.265+0000] {dag.py:3096} INFO - Sync 1 DAGs
[2026-09-16T17:53:18.286+0000] {logging_mixin.py:188} INFO - [2026-09-16T17:53:18.286+0000] {dag.py:3954} INFO - Setting next_dagrun for json_dag to 2026-09-16 08:59:00+00:00, run_after=2026-09-17 08:00:00+00:00
[2026-09-16T17:53:18.314+0000] {processor.py:183} INFO - Processing /opt/airflow/dags/json_dag.py took 0.705 seconds
[2026-09-16T17:53:49.112+0000] {processor.py:161} INFO - Started process (PID=2411) to work on /opt/airflow/dags/json_dag.py
[2026-09-16T17:53:49.114+0000] {processor.py:830} INFO - Processing file /opt/airflow/dags/json_dag.py for tasks to queue
[2026-09-16T17:53:49.116+0000] {logging_mixin.py:188} INFO - [2026-09-16T17:53:49.116+0000] {dagbag.py:545} INFO - Filling up the DagBag from /opt/airflow/dags/json_dag.py
[2026-09-16T17:53:49.948+0000] {processor.py:840} INFO - DAG(s) 'json_dag' retrieved from /opt/airflow/dags/json_dag.py
[2026-09-16T17:53:49.974+0000] {logging_mixin.py:188} INFO - [2026-09-16T17:53:49.974+0000] {dag.py:3096} INFO - Sync 1 DAGs
[2026-09-16T17:53:50.002+0000] {logging_mixin.py:188} INFO - [2026-09-16T17:53:50.001+0000] {dag.py:3954} INFO - Setting next_dagrun for json_dag to 2026-09-16 08:59:00+00:00, run_after=2026-09-17 08:00:00+00:00
[2026-09-16T17:53:50.031+0000] {processor.py:183} INFO - Processing /opt/airflow/dags/json_dag.py took 0.926 seconds
[2026-09-16T17:54:20.500+0000] {processor.py:161} INFO - Started process (PID=2420) to work on /opt/airflow/dags/json_dag.py
[2026-09-16T17:54:20.503+0000] {processor.py:830} INFO - Processing file /opt/airflow/dags/json_dag.py for tasks to queue
[2026-09-16T17:54:20.509+0000] {logging_mixin.py:188} INFO - [2026-09-16T17:54:20.508+0000] {dagbag.py:545} INFO - Filling up the DagBag from /opt/airflow/dags/json_dag.py
[2026-09-16T17:54:21.586+0000] {processor.py:840} INFO - DAG(s) 'json_dag' retrieved from /opt/airflow/dags/json_dag.py
[2026-09-16T17:54:21.624+0000] {logging_mixin.py:188} INFO - [2026-09-16T17:54:21.624+0000] {dag.py:3096} INFO - Sync 1 DAGs
[2026-09-16T17:54:21.866+0000] {logging_mixin.py:188} INFO - [2026-09-16T17:54:21.866+0000] {dag.py:3954} INFO - Setting next_dagrun for json_dag to 2026-09-16 08:59:00+00:00, run_after=2026-09-17 08:00:00+00:00
[2026-09-16T17:54:21.898+0000] {processor.py:183} INFO - Processing /opt/airflow/dags/json_dag.py took 1.412 seconds
[2026-09-16T17:54:52.038+0000] {processor.py:161} INFO - Started process (PID=2429) to work on /opt/airflow/dags/json_dag.py
[2026-09-16T17:54:52.039+0000] {processor.py:830} INFO - Processing file /opt/airflow/dags/json_dag.py for tasks to queue
[2026-09-16T17:54:52.041+0000] {logging_mixin.py:188} INFO - [2026-09-16T17:54:52.041+0000] {dagbag.py:545} INFO - Filling up the DagBag from /opt/airflow/dags/json_dag.py
[2026-09-16T17:54:52.591+0000] {processor.py:840} INFO - DAG(s) 'json_dag' retrieved from /opt/airflow/dags/json_dag.py
[2026-09-16T17:54:52.807+0000] {logging_mixin.py:188} INFO - [2026-09-16T17:54:52.806+0000] {dag.py:3096} INFO - Sync 1 DAGs
[2026-09-16T17:54:52.837+0000] {logging_mixin.py:188} INFO - [2026-09-16T17:54:52.837+0000] {dag.py:3954} INFO - Setting next_dagrun for json_dag to 2026-09-16 08:59:00+00:00, run_after=2026-09-17 08:00:00+00:00
[2026-09-16T17:54:52.862+0000] {processor.py:183} INFO - Processing /opt/airflow/dags/json_dag.py took 0.835 seconds
[2026-09-16T17:55:23.276+0000] {processor.py:161} INFO - Started process (PID=2439) to work on /opt/airflow/dags/json_dag.py
[2026-09-16T17:55:23.278+0000] {processor.py:830} INFO - Processing file /opt/airflow/dags/json_dag.py for tasks to queue
[2026-09-16T17:55:23.286+0000] {logging_mixin.py:188} INFO - [2026-09-16T17:55:23.285+0000] {dagbag.py:545} INFO - Filling up the DagBag from /opt/airflow/dags/json_dag.py
[2026-09-16T17:55:24.140+0000] {processor.py:840} INFO - DAG(s) 'json_dag' retrieved from /opt/airflow/dags/json_dag.py
[2026-09-16T17:55:24.169+0000] {logging_mixin.py:188} INFO - [2026-09-16T17:55:24.168+0000] {dag.py:3096} INFO - Sync 1 DAGs
[2026-09-16T17:55:24.243+0000] {logging_mixin.py:188} INFO - [2026-09-16T17:55:24.236+0000] {dag.py:3954} INFO - Setting next_dagrun for json_dag to 2026-09-16 08:59:00+00:00, run_after=2026-09-17 08:00:00+00:00
[2026-09-16T17:55:24.312+0000] {processor.py:183} INFO - Processing /opt/airflow/dags/json_dag.py took 1.050 seconds
[2026-09-16T17:55:54.793+0000] {processor.py:161} INFO - Started process (PID=2448) to work on /opt/airflow/dags/json_dag.py
[2026-09-16T17:55:54.796+0000] {processor.py:830} INFO - Processing file /opt/airflow/dags/json_dag.py for tasks to queue
[2026-09-16T17:55:54.799+0000] {logging_mixin.py:188} INFO - [2026-09-16T17:55:54.799+0000] {dagbag.py:545} INFO - Filling up the DagBag from /opt/airflow/dags/json_dag.py
[2026-09-16T17:55:55.798+0000] {processor.py:840} INFO - DAG(s) 'json_dag' retrieved from /opt/airflow/dags/json_dag.py
[2026-09-16T17:55:55.837+0000] {logging_mixin.py:188} INFO - [2026-09-16T17:55:55.836+0000] {dag.py:3096} INFO - Sync 1 DAGs
[2026-09-16T17:55:55.861+0000] {logging_mixin.py:188} INFO - [2026-09-16T17:55:55.861+0000] {dag.py:3954} INFO - Setting next_dagrun for json_dag to 2026-09-16 08:59:00+00:00, run_after=2026-09-17 08:00:00+00:00
[2026-09-16T17:55:55.899+0000] {processor.py:183} INFO - Processing /opt/airflow/dags/json_dag.py took 1.116 seconds
[2026-09-16T17:56:26.227+0000] {processor.py:161} INFO - Started process (PID=2457) to work on /opt/airflow/dags/json_dag.py
[2026-09-16T17:56:26.230+0000] {processor.py:830} INFO - Processing file /opt/airflow/dags/json_dag.py for tasks to queue
[2026-09-16T17:56:26.233+0000] {logging_mixin.py:188} INFO - [2026-09-16T17:56:26.232+0000] {dagbag.py:545} INFO - Filling up the DagBag from /opt/airflow/dags/json_dag.py
[2026-09-16T17:56:27.094+0000] {processor.py:840} INFO - DAG(s) 'json_dag' retrieved from /opt/airflow/dags/json_dag.py
[2026-09-16T17:56:27.123+0000] {logging_mixin.py:188} INFO - [2026-09-16T17:56:27.122+0000] {dag.py:3096} INFO - Sync 1 DAGs
[2026-09-16T17:56:27.162+0000] {logging_mixin.py:188} INFO - [2026-09-16T17:56:27.161+0000] {dag.py:3954} INFO - Setting next_dagrun for json_dag to 2026-09-16 08:59:00+00:00, run_after=2026-09-17 08:00:00+00:00
[2026-09-16T17:56:27.198+0000] {processor.py:183} INFO - Processing /opt/airflow/dags/json_dag.py took 0.985 seconds
[2026-09-16T17:56:57.522+0000] {processor.py:161} INFO - Started process (PID=2466) to work on /opt/airflow/dags/json_dag.py
[2026-09-16T17:56:57.524+0000] {processor.py:830} INFO - Processing file /opt/airflow/dags/json_dag.py for tasks to queue
[2026-09-16T17:56:57.528+0000] {logging_mixin.py:188} INFO - [2026-09-16T17:56:57.527+0000] {dagbag.py:545} INFO - Filling up the DagBag from /opt/airflow/dags/json_dag.py
[2026-09-16T17:56:58.168+0000] {processor.py:840} INFO - DAG(s) 'json_dag' retrieved from /opt/airflow/dags/json_dag.py
[2026-09-16T17:56:58.188+0000] {logging_mixin.py:188} INFO - [2026-09-16T17:56:58.188+0000] {dag.py:3096} INFO - Sync 1 DAGs
[2026-09-16T17:56:58.218+0000] {logging_mixin.py:188} INFO - [2026-09-16T17:56:58.218+0000] {dag.py:3954} INFO - Setting next_dagrun for json_dag to 2026-09-16 08:59:00+00:00, run_after=2026-09-17 08:00:00+00:00
[2026-09-16T17:56:58.240+0000] {processor.py:183} INFO - Processing /opt/airflow/dags/json_dag.py took 0.724 seconds
[2026-09-16T17:57:28.947+0000] {processor.py:161} INFO - Started process (PID=2475) to work on /opt/airflow/dags/json_dag.py
[2026-09-16T17:57:28.949+0000] {processor.py:830} INFO - Processing file /opt/airflow/dags/json_dag.py for tasks to queue
[2026-09-16T17:57:28.954+0000] {logging_mixin.py:188} INFO - [2026-09-16T17:57:28.953+0000] {dagbag.py:545} INFO - Filling up the DagBag from /opt/airflow/dags/json_dag.py
[2026-09-16T17:57:29.643+0000] {processor.py:840} INFO - DAG(s) 'json_dag' retrieved from /opt/airflow/dags/json_dag.py
[2026-09-16T17:57:29.673+0000] {logging_mixin.py:188} INFO - [2026-09-16T17:57:29.672+0000] {dag.py:3096} INFO - Sync 1 DAGs
[2026-09-16T17:57:29.855+0000] {logging_mixin.py:188} INFO - [2026-09-16T17:57:29.855+0000] {dag.py:3954} INFO - Setting next_dagrun for json_dag to 2026-09-16 08:59:00+00:00, run_after=2026-09-17 08:00:00+00:00
[2026-09-16T17:57:29.875+0000] {processor.py:183} INFO - Processing /opt/airflow/dags/json_dag.py took 0.935 seconds
[2026-09-16T17:58:00.312+0000] {processor.py:161} INFO - Started process (PID=2484) to work on /opt/airflow/dags/json_dag.py
[2026-09-16T17:58:00.314+0000] {processor.py:830} INFO - Processing file /opt/airflow/dags/json_dag.py for tasks to queue
[2026-09-16T17:58:00.317+0000] {logging_mixin.py:188} INFO - [2026-09-16T17:58:00.317+0000] {dagbag.py:545} INFO - Filling up the DagBag from /opt/airflow/dags/json_dag.py
[2026-09-16T17:58:01.087+0000] {processor.py:840} INFO - DAG(s) 'json_dag' retrieved from /opt/airflow/dags/json_dag.py
[2026-09-16T17:58:01.348+0000] {logging_mixin.py:188} INFO - [2026-09-16T17:58:01.347+0000] {dag.py:3096} INFO - Sync 1 DAGs
[2026-09-16T17:58:01.382+0000] {logging_mixin.py:188} INFO - [2026-09-16T17:58:01.382+0000] {dag.py:3954} INFO - Setting next_dagrun for json_dag to 2026-09-16 08:59:00+00:00, run_after=2026-09-17 08:00:00+00:00
[2026-09-16T17:58:01.411+0000] {processor.py:183} INFO - Processing /opt/airflow/dags/json_dag.py took 1.110 seconds
[2026-09-16T17:58:31.814+0000] {processor.py:161} INFO - Started process (PID=2493) to work on /opt/airflow/dags/json_dag.py
[2026-09-16T17:58:31.816+0000] {processor.py:830} INFO - Processing file /opt/airflow/dags/json_dag.py for tasks to queue
[2026-09-16T17:58:31.818+0000] {logging_mixin.py:188} INFO - [2026-09-16T17:58:31.818+0000] {dagbag.py:545} INFO - Filling up the DagBag from /opt/airflow/dags/json_dag.py
[2026-09-16T17:58:32.503+0000] {processor.py:840} INFO - DAG(s) 'json_dag' retrieved from /opt/airflow/dags/json_dag.py
[2026-09-16T17:58:32.525+0000] {logging_mixin.py:188} INFO - [2026-09-16T17:58:32.524+0000] {dag.py:3096} INFO - Sync 1 DAGs
[2026-09-16T17:58:32.548+0000] {logging_mixin.py:188} INFO - [2026-09-16T17:58:32.547+0000] {dag.py:3954} INFO - Setting next_dagrun for json_dag to 2026-09-16 08:59:00+00:00, run_after=2026-09-17 08:00:00+00:00
[2026-09-16T17:58:32.568+0000] {processor.py:183} INFO - Processing /opt/airflow/dags/json_dag.py took 0.761 seconds
[2026-09-16T17:59:03.285+0000] {processor.py:161} INFO - Started process (PID=2502) to work on /opt/airflow/dags/json_dag.py
[2026-09-16T17:59:03.287+0000] {processor.py:830} INFO - Processing file /opt/airflow/dags/json_dag.py for tasks to queue
[2026-09-16T17:59:03.290+0000] {logging_mixin.py:188} INFO - [2026-09-16T17:59:03.290+0000] {dagbag.py:545} INFO - Filling up the DagBag from /opt/airflow/dags/json_dag.py
[2026-09-16T17:59:04.265+0000] {processor.py:840} INFO - DAG(s) 'json_dag' retrieved from /opt/airflow/dags/json_dag.py
[2026-09-16T17:59:04.302+0000] {logging_mixin.py:188} INFO - [2026-09-16T17:59:04.301+0000] {dag.py:3096} INFO - Sync 1 DAGs
[2026-09-16T17:59:04.323+0000] {logging_mixin.py:188} INFO - [2026-09-16T17:59:04.323+0000] {dag.py:3954} INFO - Setting next_dagrun for json_dag to 2026-09-16 08:59:00+00:00, run_after=2026-09-17 08:00:00+00:00
[2026-09-16T17:59:04.352+0000] {processor.py:183} INFO - Processing /opt/airflow/dags/json_dag.py took 1.077 seconds
[2026-09-16T17:59:34.741+0000] {processor.py:161} INFO - Started process (PID=2511) to work on /opt/airflow/dags/json_dag.py
[2026-09-16T17:59:34.744+0000] {processor.py:830} INFO - Processing file /opt/airflow/dags/json_dag.py for tasks to queue
[2026-09-16T17:59:34.747+0000] {logging_mixin.py:188} INFO - [2026-09-16T17:59:34.746+0000] {dagbag.py:545} INFO - Filling up the DagBag from /opt/airflow/dags/json_dag.py
[2026-09-16T17:59:35.562+0000] {processor.py:840} INFO - DAG(s) 'json_dag' retrieved from /opt/airflow/dags/json_dag.py
[2026-09-16T17:59:35.586+0000] {logging_mixin.py:188} INFO - [2026-09-16T17:59:35.586+0000] {dag.py:3096} INFO - Sync 1 DAGs
[2026-09-16T17:59:35.617+0000] {logging_mixin.py:188} INFO - [2026-09-16T17:59:35.616+0000] {dag.py:3954} INFO - Setting next_dagrun for json_dag to 2026-09-16 08:59:00+00:00, run_after=2026-09-17 08:00:00+00:00
[2026-09-16T17:59:35.646+0000] {processor.py:183} INFO - Processing /opt/airflow/dags/json_dag.py took 0.912 seconds
[2026-09-16T18:00:06.131+0000] {processor.py:161} INFO - Started process (PID=2520) to work on /opt/airflow/dags/json_dag.py
[2026-09-16T18:00:06.133+0000] {processor.py:830} INFO - Processing file /opt/airflow/dags/json_dag.py for tasks to queue
[2026-09-16T18:00:06.138+0000] {logging_mixin.py:188} INFO - [2026-09-16T18:00:06.138+0000] {dagbag.py:545} INFO - Filling up the DagBag from /opt/airflow/dags/json_dag.py
[2026-09-16T18:00:07.108+0000] {processor.py:840} INFO - DAG(s) 'json_dag' retrieved from /opt/airflow/dags/json_dag.py
[2026-09-16T18:00:07.145+0000] {logging_mixin.py:188} INFO - [2026-09-16T18:00:07.145+0000] {dag.py:3096} INFO - Sync 1 DAGs
[2026-09-16T18:00:07.198+0000] {logging_mixin.py:188} INFO - [2026-09-16T18:00:07.197+0000] {dag.py:3954} INFO - Setting next_dagrun for json_dag to 2026-09-16 08:59:00+00:00, run_after=2026-09-17 08:00:00+00:00
[2026-09-16T18:00:07.241+0000] {processor.py:183} INFO - Processing /opt/airflow/dags/json_dag.py took 1.120 seconds
[2026-09-16T18:00:37.724+0000] {processor.py:161} INFO - Started process (PID=2529) to work on /opt/airflow/dags/json_dag.py
[2026-09-16T18:00:37.727+0000] {processor.py:830} INFO - Processing file /opt/airflow/dags/json_dag.py for tasks to queue
[2026-09-16T18:00:37.732+0000] {logging_mixin.py:188} INFO - [2026-09-16T18:00:37.731+0000] {dagbag.py:545} INFO - Filling up the DagBag from /opt/airflow/dags/json_dag.py
[2026-09-16T18:00:38.659+0000] {processor.py:840} INFO - DAG(s) 'json_dag' retrieved from /opt/airflow/dags/json_dag.py
[2026-09-16T18:00:38.849+0000] {logging_mixin.py:188} INFO - [2026-09-16T18:00:38.848+0000] {dag.py:3096} INFO - Sync 1 DAGs
[2026-09-16T18:00:38.867+0000] {logging_mixin.py:188} INFO - [2026-09-16T18:00:38.867+0000] {dag.py:3954} INFO - Setting next_dagrun for json_dag to 2026-09-16 08:59:00+00:00, run_after=2026-09-17 08:00:00+00:00
[2026-09-16T18:00:38.890+0000] {processor.py:183} INFO - Processing /opt/airflow/dags/json_dag.py took 1.174 seconds
[2026-09-16T18:01:09.316+0000] {processor.py:161} INFO - Started process (PID=2538) to work on /opt/airflow/dags/json_dag.py
[2026-09-16T18:01:09.318+0000] {processor.py:830} INFO - Processing file /opt/airflow/dags/json_dag.py for tasks to queue
[2026-09-16T18:01:09.321+0000] {logging_mixin.py:188} INFO - [2026-09-16T18:01:09.320+0000] {dagbag.py:545} INFO - Filling up the DagBag from /opt/airflow/dags/json_dag.py
[2026-09-16T18:01:10.514+0000] {processor.py:840} INFO - DAG(s) 'json_dag' retrieved from /opt/airflow/dags/json_dag.py
[2026-09-16T18:01:10.545+0000] {logging_mixin.py:188} INFO - [2026-09-16T18:01:10.545+0000] {dag.py:3096} INFO - Sync 1 DAGs
[2026-09-16T18:01:10.575+0000] {logging_mixin.py:188} INFO - [2026-09-16T18:01:10.574+0000] {dag.py:3954} INFO - Setting next_dagrun for json_dag to 2026-09-16 08:59:00+00:00, run_after=2026-09-17 08:00:00+00:00
[2026-09-16T18:01:10.609+0000] {processor.py:183} INFO - Processing /opt/airflow/dags/json_dag.py took 1.305 seconds
[2026-09-16T18:01:40.959+0000] {processor.py:161} INFO - Started process (PID=2547) to work on /opt/airflow/dags/json_dag.py
[2026-09-16T18:01:40.960+0000] {processor.py:830} INFO - Processing file /opt/airflow/dags/json_dag.py for tasks to queue
[2026-09-16T18:01:40.964+0000] {logging_mixin.py:188} INFO - [2026-09-16T18:01:40.964+0000] {dagbag.py:545} INFO - Filling up the DagBag from /opt/airflow/dags/json_dag.py
[2026-09-16T18:01:41.730+0000] {processor.py:840} INFO - DAG(s) 'json_dag' retrieved from /opt/airflow/dags/json_dag.py
[2026-09-16T18:01:41.751+0000] {logging_mixin.py:188} INFO - [2026-09-16T18:01:41.751+0000] {dag.py:3096} INFO - Sync 1 DAGs
[2026-09-16T18:01:41.771+0000] {logging_mixin.py:188} INFO - [2026-09-16T18:01:41.771+0000] {dag.py:3954} INFO - Setting next_dagrun for json_dag to 2026-09-16 08:59:00+00:00, run_after=2026-09-17 08:00:00+00:00
[2026-09-16T18:01:41.797+0000] {processor.py:183} INFO - Processing /opt/airflow/dags/json_dag.py took 0.844 seconds
[2026-09-16T18:02:12.306+0000] {processor.py:161} INFO - Started process (PID=2556) to work on /opt/airflow/dags/json_dag.py
[2026-09-16T18:02:12.308+0000] {processor.py:830} INFO - Processing file /opt/airflow/dags/json_dag.py for tasks to queue
[2026-09-16T18:02:12.311+0000] {logging_mixin.py:188} INFO - [2026-09-16T18:02:12.310+0000] {dagbag.py:545} INFO - Filling up the DagBag from /opt/airflow/dags/json_dag.py
[2026-09-16T18:02:13.208+0000] {processor.py:840} INFO - DAG(s) 'json_dag' retrieved from /opt/airflow/dags/json_dag.py
[2026-09-16T18:02:13.236+0000] {logging_mixin.py:188} INFO - [2026-09-16T18:02:13.236+0000] {dag.py:3096} INFO - Sync 1 DAGs
[2026-09-16T18:02:13.256+0000] {logging_mixin.py:188} INFO - [2026-09-16T18:02:13.256+0000] {dag.py:3954} INFO - Setting next_dagrun for json_dag to 2026-09-16 08:59:00+00:00, run_after=2026-09-17 08:00:00+00:00
[2026-09-16T18:02:13.289+0000] {processor.py:183} INFO - Processing /opt/airflow/dags/json_dag.py took 0.998 seconds
[2026-09-16T18:02:43.753+0000] {processor.py:161} INFO - Started process (PID=2565) to work on /opt/airflow/dags/json_dag.py
[2026-09-16T18:02:43.756+0000] {processor.py:830} INFO - Processing file /opt/airflow/dags/json_dag.py for tasks to queue
[2026-09-16T18:02:43.761+0000] {logging_mixin.py:188} INFO - [2026-09-16T18:02:43.761+0000] {dagbag.py:545} INFO - Filling up the DagBag from /opt/airflow/dags/json_dag.py
[2026-09-16T18:02:44.659+0000] {processor.py:840} INFO - DAG(s) 'json_dag' retrieved from /opt/airflow/dags/json_dag.py
[2026-09-16T18:02:44.684+0000] {logging_mixin.py:188} INFO - [2026-09-16T18:02:44.683+0000] {dag.py:3096} INFO - Sync 1 DAGs
[2026-09-16T18:02:44.715+0000] {logging_mixin.py:188} INFO - [2026-09-16T18:02:44.714+0000] {dag.py:3954} INFO - Setting next_dagrun for json_dag to 2026-09-16 08:59:00+00:00, run_after=2026-09-17 08:00:00+00:00
[2026-09-16T18:02:44.746+0000] {processor.py:183} INFO - Processing /opt/airflow/dags/json_dag.py took 1.006 seconds
[2026-09-16T18:03:15.106+0000] {processor.py:161} INFO - Started process (PID=2574) to work on /opt/airflow/dags/json_dag.py
[2026-09-16T18:03:15.108+0000] {processor.py:830} INFO - Processing file /opt/airflow/dags/json_dag.py for tasks to queue
[2026-09-16T18:03:15.112+0000] {logging_mixin.py:188} INFO - [2026-09-16T18:03:15.111+0000] {dagbag.py:545} INFO - Filling up the DagBag from /opt/airflow/dags/json_dag.py
[2026-09-16T18:03:15.989+0000] {processor.py:840} INFO - DAG(s) 'json_dag' retrieved from /opt/airflow/dags/json_dag.py
[2026-09-16T18:03:16.014+0000] {logging_mixin.py:188} INFO - [2026-09-16T18:03:16.013+0000] {dag.py:3096} INFO - Sync 1 DAGs
[2026-09-16T18:03:16.040+0000] {logging_mixin.py:188} INFO - [2026-09-16T18:03:16.039+0000] {dag.py:3954} INFO - Setting next_dagrun for json_dag to 2026-09-16 08:59:00+00:00, run_after=2026-09-17 08:00:00+00:00
[2026-09-16T18:03:16.087+0000] {processor.py:183} INFO - Processing /opt/airflow/dags/json_dag.py took 0.991 seconds
[2026-09-16T18:03:46.588+0000] {processor.py:161} INFO - Started process (PID=2583) to work on /opt/airflow/dags/json_dag.py
[2026-09-16T18:03:46.590+0000] {processor.py:830} INFO - Processing file /opt/airflow/dags/json_dag.py for tasks to queue
[2026-09-16T18:03:46.594+0000] {logging_mixin.py:188} INFO - [2026-09-16T18:03:46.593+0000] {dagbag.py:545} INFO - Filling up the DagBag from /opt/airflow/dags/json_dag.py
[2026-09-16T18:03:47.502+0000] {processor.py:840} INFO - DAG(s) 'json_dag' retrieved from /opt/airflow/dags/json_dag.py
[2026-09-16T18:03:47.527+0000] {logging_mixin.py:188} INFO - [2026-09-16T18:03:47.526+0000] {dag.py:3096} INFO - Sync 1 DAGs
[2026-09-16T18:03:47.554+0000] {logging_mixin.py:188} INFO - [2026-09-16T18:03:47.553+0000] {dag.py:3954} INFO - Setting next_dagrun for json_dag to 2026-09-16 08:59:00+00:00, run_after=2026-09-17 08:00:00+00:00
[2026-09-16T18:03:47.582+0000] {processor.py:183} INFO - Processing /opt/airflow/dags/json_dag.py took 1.007 seconds
[2026-09-16T18:04:18.054+0000] {processor.py:161} INFO - Started process (PID=2598) to work on /opt/airflow/dags/json_dag.py
[2026-09-16T18:04:18.057+0000] {processor.py:830} INFO - Processing file /opt/airflow/dags/json_dag.py for tasks to queue
[2026-09-16T18:04:18.061+0000] {logging_mixin.py:188} INFO - [2026-09-16T18:04:18.061+0000] {dagbag.py:545} INFO - Filling up the DagBag from /opt/airflow/dags/json_dag.py
[2026-09-16T18:04:19.251+0000] {processor.py:840} INFO - DAG(s) 'json_dag' retrieved from /opt/airflow/dags/json_dag.py
[2026-09-16T18:04:19.284+0000] {logging_mixin.py:188} INFO - [2026-09-16T18:04:19.283+0000] {dag.py:3096} INFO - Sync 1 DAGs
[2026-09-16T18:04:19.313+0000] {logging_mixin.py:188} INFO - [2026-09-16T18:04:19.313+0000] {dag.py:3954} INFO - Setting next_dagrun for json_dag to 2026-09-16 08:59:00+00:00, run_after=2026-09-17 08:00:00+00:00
[2026-09-16T18:04:19.346+0000] {processor.py:183} INFO - Processing /opt/airflow/dags/json_dag.py took 1.310 seconds
[2026-09-16T18:04:49.811+0000] {processor.py:161} INFO - Started process (PID=2607) to work on /opt/airflow/dags/json_dag.py
[2026-09-16T18:04:49.812+0000] {processor.py:830} INFO - Processing file /opt/airflow/dags/json_dag.py for tasks to queue
[2026-09-16T18:04:49.815+0000] {logging_mixin.py:188} INFO - [2026-09-16T18:04:49.814+0000] {dagbag.py:545} INFO - Filling up the DagBag from /opt/airflow/dags/json_dag.py
[2026-09-16T18:04:50.612+0000] {processor.py:840} INFO - DAG(s) 'json_dag' retrieved from /opt/airflow/dags/json_dag.py
[2026-09-16T18:04:50.638+0000] {logging_mixin.py:188} INFO - [2026-09-16T18:04:50.637+0000] {dag.py:3096} INFO - Sync 1 DAGs
[2026-09-16T18:04:50.663+0000] {logging_mixin.py:188} INFO - [2026-09-16T18:04:50.663+0000] {dag.py:3954} INFO - Setting next_dagrun for json_dag to 2026-09-16 08:59:00+00:00, run_after=2026-09-17 08:00:00+00:00
[2026-09-16T18:04:50.695+0000] {processor.py:183} INFO - Processing /opt/airflow/dags/json_dag.py took 0.892 seconds
[2026-09-16T18:05:21.199+0000] {processor.py:161} INFO - Started process (PID=2616) to work on /opt/airflow/dags/json_dag.py
[2026-09-16T18:05:21.202+0000] {processor.py:830} INFO - Processing file /opt/airflow/dags/json_dag.py for tasks to queue
[2026-09-16T18:05:21.209+0000] {logging_mixin.py:188} INFO - [2026-09-16T18:05:21.208+0000] {dagbag.py:545} INFO - Filling up the DagBag from /opt/airflow/dags/json_dag.py
[2026-09-16T18:05:22.044+0000] {processor.py:840} INFO - DAG(s) 'json_dag' retrieved from /opt/airflow/dags/json_dag.py
[2026-09-16T18:05:22.070+0000] {logging_mixin.py:188} INFO - [2026-09-16T18:05:22.069+0000] {dag.py:3096} INFO - Sync 1 DAGs
[2026-09-16T18:05:22.099+0000] {logging_mixin.py:188} INFO - [2026-09-16T18:05:22.099+0000] {dag.py:3954} INFO - Setting next_dagrun for json_dag to 2026-09-16 08:59:00+00:00, run_after=2026-09-17 08:00:00+00:00
[2026-09-16T18:05:22.130+0000] {processor.py:183} INFO - Processing /opt/airflow/dags/json_dag.py took 0.944 seconds
[2026-09-16T18:05:52.580+0000] {processor.py:161} INFO - Started process (PID=2625) to work on /opt/airflow/dags/json_dag.py
[2026-09-16T18:05:52.583+0000] {processor.py:830} INFO - Processing file /opt/airflow/dags/json_dag.py for tasks to queue
[2026-09-16T18:05:52.586+0000] {logging_mixin.py:188} INFO - [2026-09-16T18:05:52.585+0000] {dagbag.py:545} INFO - Filling up the DagBag from /opt/airflow/dags/json_dag.py
[2026-09-16T18:05:53.355+0000] {processor.py:840} INFO - DAG(s) 'json_dag' retrieved from /opt/airflow/dags/json_dag.py
[2026-09-16T18:05:53.377+0000] {logging_mixin.py:188} INFO - [2026-09-16T18:05:53.376+0000] {dag.py:3096} INFO - Sync 1 DAGs
[2026-09-16T18:05:53.405+0000] {logging_mixin.py:188} INFO - [2026-09-16T18:05:53.404+0000] {dag.py:3954} INFO - Setting next_dagrun for json_dag to 2026-09-16 08:59:00+00:00, run_after=2026-09-17 08:00:00+00:00
[2026-09-16T18:05:53.438+0000] {processor.py:183} INFO - Processing /opt/airflow/dags/json_dag.py took 0.866 seconds
[2026-09-16T18:06:24.023+0000] {processor.py:161} INFO - Started process (PID=2634) to work on /opt/airflow/dags/json_dag.py
[2026-09-16T18:06:24.026+0000] {processor.py:830} INFO - Processing file /opt/airflow/dags/json_dag.py for tasks to queue
[2026-09-16T18:06:24.029+0000] {logging_mixin.py:188} INFO - [2026-09-16T18:06:24.029+0000] {dagbag.py:545} INFO - Filling up the DagBag from /opt/airflow/dags/json_dag.py
[2026-09-16T18:06:24.960+0000] {processor.py:840} INFO - DAG(s) 'json_dag' retrieved from /opt/airflow/dags/json_dag.py
[2026-09-16T18:06:24.990+0000] {logging_mixin.py:188} INFO - [2026-09-16T18:06:24.989+0000] {dag.py:3096} INFO - Sync 1 DAGs
[2026-09-16T18:06:25.018+0000] {logging_mixin.py:188} INFO - [2026-09-16T18:06:25.017+0000] {dag.py:3954} INFO - Setting next_dagrun for json_dag to 2026-09-16 08:59:00+00:00, run_after=2026-09-17 08:00:00+00:00
[2026-09-16T18:06:25.051+0000] {processor.py:183} INFO - Processing /opt/airflow/dags/json_dag.py took 1.042 seconds
[2026-09-16T18:06:55.531+0000] {processor.py:161} INFO - Started process (PID=2643) to work on /opt/airflow/dags/json_dag.py
[2026-09-16T18:06:55.532+0000] {processor.py:830} INFO - Processing file /opt/airflow/dags/json_dag.py for tasks to queue
[2026-09-16T18:06:55.535+0000] {logging_mixin.py:188} INFO - [2026-09-16T18:06:55.534+0000] {dagbag.py:545} INFO - Filling up the DagBag from /opt/airflow/dags/json_dag.py
[2026-09-16T18:06:56.469+0000] {processor.py:840} INFO - DAG(s) 'json_dag' retrieved from /opt/airflow/dags/json_dag.py
[2026-09-16T18:06:56.495+0000] {logging_mixin.py:188} INFO - [2026-09-16T18:06:56.494+0000] {dag.py:3096} INFO - Sync 1 DAGs
[2026-09-16T18:06:56.532+0000] {logging_mixin.py:188} INFO - [2026-09-16T18:06:56.532+0000] {dag.py:3954} INFO - Setting next_dagrun for json_dag to 2026-09-16 08:59:00+00:00, run_after=2026-09-17 08:00:00+00:00
[2026-09-16T18:06:56.577+0000] {processor.py:183} INFO - Processing /opt/airflow/dags/json_dag.py took 1.057 seconds
[2026-09-16T18:07:27.036+0000] {processor.py:161} INFO - Started process (PID=2652) to work on /opt/airflow/dags/json_dag.py
[2026-09-16T18:07:27.041+0000] {processor.py:830} INFO - Processing file /opt/airflow/dags/json_dag.py for tasks to queue
[2026-09-16T18:07:27.046+0000] {logging_mixin.py:188} INFO - [2026-09-16T18:07:27.045+0000] {dagbag.py:545} INFO - Filling up the DagBag from /opt/airflow/dags/json_dag.py
[2026-09-16T18:07:27.902+0000] {processor.py:840} INFO - DAG(s) 'json_dag' retrieved from /opt/airflow/dags/json_dag.py
[2026-09-16T18:07:27.929+0000] {logging_mixin.py:188} INFO - [2026-09-16T18:07:27.928+0000] {dag.py:3096} INFO - Sync 1 DAGs
[2026-09-16T18:07:27.952+0000] {logging_mixin.py:188} INFO - [2026-09-16T18:07:27.952+0000] {dag.py:3954} INFO - Setting next_dagrun for json_dag to 2026-09-16 08:59:00+00:00, run_after=2026-09-17 08:00:00+00:00
[2026-09-16T18:07:27.984+0000] {processor.py:183} INFO - Processing /opt/airflow/dags/json_dag.py took 0.958 seconds
[2026-09-16T18:07:58.463+0000] {processor.py:161} INFO - Started process (PID=2661) to work on /opt/airflow/dags/json_dag.py
[2026-09-16T18:07:58.465+0000] {processor.py:830} INFO - Processing file /opt/airflow/dags/json_dag.py for tasks to queue
[2026-09-16T18:07:58.467+0000] {logging_mixin.py:188} INFO - [2026-09-16T18:07:58.467+0000] {dagbag.py:545} INFO - Filling up the DagBag from /opt/airflow/dags/json_dag.py
[2026-09-16T18:07:59.315+0000] {processor.py:840} INFO - DAG(s) 'json_dag' retrieved from /opt/airflow/dags/json_dag.py
[2026-09-16T18:07:59.338+0000] {logging_mixin.py:188} INFO - [2026-09-16T18:07:59.337+0000] {dag.py:3096} INFO - Sync 1 DAGs
[2026-09-16T18:07:59.368+0000] {logging_mixin.py:188} INFO - [2026-09-16T18:07:59.367+0000] {dag.py:3954} INFO - Setting next_dagrun for json_dag to 2026-09-16 08:59:00+00:00, run_after=2026-09-17 08:00:00+00:00
[2026-09-16T18:07:59.398+0000] {processor.py:183} INFO - Processing /opt/airflow/dags/json_dag.py took 0.948 seconds
[2026-09-16T18:08:30.102+0000] {processor.py:161} INFO - Started process (PID=2670) to work on /opt/airflow/dags/json_dag.py
[2026-09-16T18:08:30.104+0000] {processor.py:830} INFO - Processing file /opt/airflow/dags/json_dag.py for tasks to queue
[2026-09-16T18:08:30.107+0000] {logging_mixin.py:188} INFO - [2026-09-16T18:08:30.106+0000] {dagbag.py:545} INFO - Filling up the DagBag from /opt/airflow/dags/json_dag.py
[2026-09-16T18:08:30.921+0000] {processor.py:840} INFO - DAG(s) 'json_dag' retrieved from /opt/airflow/dags/json_dag.py
[2026-09-16T18:08:30.944+0000] {logging_mixin.py:188} INFO - [2026-09-16T18:08:30.944+0000] {dag.py:3096} INFO - Sync 1 DAGs
[2026-09-16T18:08:30.980+0000] {logging_mixin.py:188} INFO - [2026-09-16T18:08:30.979+0000] {dag.py:3954} INFO - Setting next_dagrun for json_dag to 2026-09-16 08:59:00+00:00, run_after=2026-09-17 08:00:00+00:00
[2026-09-16T18:08:31.008+0000] {processor.py:183} INFO - Processing /opt/airflow/dags/json_dag.py took 0.916 seconds
[2026-09-16T18:09:01.451+0000] {processor.py:161} INFO - Started process (PID=2679) to work on /opt/airflow/dags/json_dag.py
[2026-09-16T18:09:01.454+0000] {processor.py:830} INFO - Processing file /opt/airflow/dags/json_dag.py for tasks to queue
[2026-09-16T18:09:01.459+0000] {logging_mixin.py:188} INFO - [2026-09-16T18:09:01.458+0000] {dagbag.py:545} INFO - Filling up the DagBag from /opt/airflow/dags/json_dag.py
[2026-09-16T18:09:02.281+0000] {processor.py:840} INFO - DAG(s) 'json_dag' retrieved from /opt/airflow/dags/json_dag.py
[2026-09-16T18:09:02.315+0000] {logging_mixin.py:188} INFO - [2026-09-16T18:09:02.314+0000] {dag.py:3096} INFO - Sync 1 DAGs
[2026-09-16T18:09:02.344+0000] {logging_mixin.py:188} INFO - [2026-09-16T18:09:02.344+0000] {dag.py:3954} INFO - Setting next_dagrun for json_dag to 2026-09-16 08:59:00+00:00, run_after=2026-09-17 08:00:00+00:00
[2026-09-16T18:09:02.379+0000] {processor.py:183} INFO - Processing /opt/airflow/dags/json_dag.py took 0.935 seconds
[2026-09-16T18:09:32.902+0000] {processor.py:161} INFO - Started process (PID=2688) to work on /opt/airflow/dags/json_dag.py
[2026-09-16T18:09:32.905+0000] {processor.py:830} INFO - Processing file /opt/airflow/dags/json_dag.py for tasks to queue
[2026-09-16T18:09:32.913+0000] {logging_mixin.py:188} INFO - [2026-09-16T18:09:32.911+0000] {dagbag.py:545} INFO - Filling up the DagBag from /opt/airflow/dags/json_dag.py
[2026-09-16T18:09:33.779+0000] {processor.py:840} INFO - DAG(s) 'json_dag' retrieved from /opt/airflow/dags/json_dag.py
[2026-09-16T18:09:33.802+0000] {logging_mixin.py:188} INFO - [2026-09-16T18:09:33.802+0000] {dag.py:3096} INFO - Sync 1 DAGs
[2026-09-16T18:09:33.833+0000] {logging_mixin.py:188} INFO - [2026-09-16T18:09:33.833+0000] {dag.py:3954} INFO - Setting next_dagrun for json_dag to 2026-09-16 08:59:00+00:00, run_after=2026-09-17 08:00:00+00:00
[2026-09-16T18:09:33.865+0000] {processor.py:183} INFO - Processing /opt/airflow/dags/json_dag.py took 0.976 seconds
[2026-09-16T18:10:04.336+0000] {processor.py:161} INFO - Started process (PID=2697) to work on /opt/airflow/dags/json_dag.py
[2026-09-16T18:10:04.338+0000] {processor.py:830} INFO - Processing file /opt/airflow/dags/json_dag.py for tasks to queue
[2026-09-16T18:10:04.340+0000] {logging_mixin.py:188} INFO - [2026-09-16T18:10:04.340+0000] {dagbag.py:545} INFO - Filling up the DagBag from /opt/airflow/dags/json_dag.py
[2026-09-16T18:10:05.220+0000] {processor.py:840} INFO - DAG(s) 'json_dag' retrieved from /opt/airflow/dags/json_dag.py
[2026-09-16T18:10:05.255+0000] {logging_mixin.py:188} INFO - [2026-09-16T18:10:05.255+0000] {dag.py:3096} INFO - Sync 1 DAGs
[2026-09-16T18:10:05.287+0000] {logging_mixin.py:188} INFO - [2026-09-16T18:10:05.287+0000] {dag.py:3954} INFO - Setting next_dagrun for json_dag to 2026-09-16 08:59:00+00:00, run_after=2026-09-17 08:00:00+00:00
[2026-09-16T18:10:05.321+0000] {processor.py:183} INFO - Processing /opt/airflow/dags/json_dag.py took 0.998 seconds
[2026-09-16T18:10:35.728+0000] {processor.py:161} INFO - Started process (PID=2706) to work on /opt/airflow/dags/json_dag.py
[2026-09-16T18:10:35.730+0000] {processor.py:830} INFO - Processing file /opt/airflow/dags/json_dag.py for tasks to queue
[2026-09-16T18:10:35.733+0000] {logging_mixin.py:188} INFO - [2026-09-16T18:10:35.732+0000] {dagbag.py:545} INFO - Filling up the DagBag from /opt/airflow/dags/json_dag.py
[2026-09-16T18:10:36.532+0000] {processor.py:840} INFO - DAG(s) 'json_dag' retrieved from /opt/airflow/dags/json_dag.py
[2026-09-16T18:10:36.560+0000] {logging_mixin.py:188} INFO - [2026-09-16T18:10:36.560+0000] {dag.py:3096} INFO - Sync 1 DAGs
[2026-09-16T18:10:36.581+0000] {logging_mixin.py:188} INFO - [2026-09-16T18:10:36.581+0000] {dag.py:3954} INFO - Setting next_dagrun for json_dag to 2026-09-16 08:59:00+00:00, run_after=2026-09-17 08:00:00+00:00
[2026-09-16T18:10:36.611+0000] {processor.py:183} INFO - Processing /opt/airflow/dags/json_dag.py took 0.894 seconds
[2026-09-16T18:11:07.174+0000] {processor.py:161} INFO - Started process (PID=2716) to work on /opt/airflow/dags/json_dag.py
[2026-09-16T18:11:07.176+0000] {processor.py:830} INFO - Processing file /opt/airflow/dags/json_dag.py for tasks to queue
[2026-09-16T18:11:07.180+0000] {logging_mixin.py:188} INFO - [2026-09-16T18:11:07.179+0000] {dagbag.py:545} INFO - Filling up the DagBag from /opt/airflow/dags/json_dag.py
[2026-09-16T18:11:08.032+0000] {processor.py:840} INFO - DAG(s) 'json_dag' retrieved from /opt/airflow/dags/json_dag.py
[2026-09-16T18:11:08.057+0000] {logging_mixin.py:188} INFO - [2026-09-16T18:11:08.056+0000] {dag.py:3096} INFO - Sync 1 DAGs
[2026-09-16T18:11:08.082+0000] {logging_mixin.py:188} INFO - [2026-09-16T18:11:08.082+0000] {dag.py:3954} INFO - Setting next_dagrun for json_dag to 2026-09-16 08:59:00+00:00, run_after=2026-09-17 08:00:00+00:00
[2026-09-16T18:11:08.114+0000] {processor.py:183} INFO - Processing /opt/airflow/dags/json_dag.py took 0.949 seconds
[2026-09-16T18:11:38.530+0000] {processor.py:161} INFO - Started process (PID=2725) to work on /opt/airflow/dags/json_dag.py
[2026-09-16T18:11:38.532+0000] {processor.py:830} INFO - Processing file /opt/airflow/dags/json_dag.py for tasks to queue
[2026-09-16T18:11:38.535+0000] {logging_mixin.py:188} INFO - [2026-09-16T18:11:38.535+0000] {dagbag.py:545} INFO - Filling up the DagBag from /opt/airflow/dags/json_dag.py
[2026-09-16T18:11:39.324+0000] {processor.py:840} INFO - DAG(s) 'json_dag' retrieved from /opt/airflow/dags/json_dag.py
[2026-09-16T18:11:39.348+0000] {logging_mixin.py:188} INFO - [2026-09-16T18:11:39.348+0000] {dag.py:3096} INFO - Sync 1 DAGs
[2026-09-16T18:11:39.381+0000] {logging_mixin.py:188} INFO - [2026-09-16T18:11:39.381+0000] {dag.py:3954} INFO - Setting next_dagrun for json_dag to 2026-09-16 08:59:00+00:00, run_after=2026-09-17 08:00:00+00:00
[2026-09-16T18:11:39.413+0000] {processor.py:183} INFO - Processing /opt/airflow/dags/json_dag.py took 0.893 seconds
[2026-09-16T18:12:09.971+0000] {processor.py:161} INFO - Started process (PID=2734) to work on /opt/airflow/dags/json_dag.py
[2026-09-16T18:12:09.973+0000] {processor.py:830} INFO - Processing file /opt/airflow/dags/json_dag.py for tasks to queue
[2026-09-16T18:12:09.977+0000] {logging_mixin.py:188} INFO - [2026-09-16T18:12:09.976+0000] {dagbag.py:545} INFO - Filling up the DagBag from /opt/airflow/dags/json_dag.py
[2026-09-16T18:12:10.651+0000] {processor.py:840} INFO - DAG(s) 'json_dag' retrieved from /opt/airflow/dags/json_dag.py
[2026-09-16T18:12:10.673+0000] {logging_mixin.py:188} INFO - [2026-09-16T18:12:10.673+0000] {dag.py:3096} INFO - Sync 1 DAGs
[2026-09-16T18:12:10.698+0000] {logging_mixin.py:188} INFO - [2026-09-16T18:12:10.698+0000] {dag.py:3954} INFO - Setting next_dagrun for json_dag to 2026-09-16 08:59:00+00:00, run_after=2026-09-17 08:00:00+00:00
[2026-09-16T18:12:10.723+0000] {processor.py:183} INFO - Processing /opt/airflow/dags/json_dag.py took 0.762 seconds
[2026-09-16T18:12:41.116+0000] {processor.py:161} INFO - Started process (PID=2743) to work on /opt/airflow/dags/json_dag.py
[2026-09-16T18:12:41.118+0000] {processor.py:830} INFO - Processing file /opt/airflow/dags/json_dag.py for tasks to queue
[2026-09-16T18:12:41.121+0000] {logging_mixin.py:188} INFO - [2026-09-16T18:12:41.120+0000] {dagbag.py:545} INFO - Filling up the DagBag from /opt/airflow/dags/json_dag.py
[2026-09-16T18:12:41.813+0000] {processor.py:840} INFO - DAG(s) 'json_dag' retrieved from /opt/airflow/dags/json_dag.py
[2026-09-16T18:12:41.835+0000] {logging_mixin.py:188} INFO - [2026-09-16T18:12:41.835+0000] {dag.py:3096} INFO - Sync 1 DAGs
[2026-09-16T18:12:41.854+0000] {logging_mixin.py:188} INFO - [2026-09-16T18:12:41.854+0000] {dag.py:3954} INFO - Setting next_dagrun for json_dag to 2026-09-16 08:59:00+00:00, run_after=2026-09-17 08:00:00+00:00
[2026-09-16T18:12:41.876+0000] {processor.py:183} INFO - Processing /opt/airflow/dags/json_dag.py took 0.772 seconds
[2026-09-16T18:13:12.559+0000] {processor.py:161} INFO - Started process (PID=2752) to work on /opt/airflow/dags/json_dag.py
[2026-09-16T18:13:12.561+0000] {processor.py:830} INFO - Processing file /opt/airflow/dags/json_dag.py for tasks to queue
[2026-09-16T18:13:12.566+0000] {logging_mixin.py:188} INFO - [2026-09-16T18:13:12.566+0000] {dagbag.py:545} INFO - Filling up the DagBag from /opt/airflow/dags/json_dag.py
[2026-09-16T18:13:13.558+0000] {processor.py:840} INFO - DAG(s) 'json_dag' retrieved from /opt/airflow/dags/json_dag.py
[2026-09-16T18:13:13.589+0000] {logging_mixin.py:188} INFO - [2026-09-16T18:13:13.589+0000] {dag.py:3096} INFO - Sync 1 DAGs
[2026-09-16T18:13:13.623+0000] {logging_mixin.py:188} INFO - [2026-09-16T18:13:13.622+0000] {dag.py:3954} INFO - Setting next_dagrun for json_dag to 2026-09-16 08:59:00+00:00, run_after=2026-09-17 08:00:00+00:00
[2026-09-16T18:13:13.656+0000] {processor.py:183} INFO - Processing /opt/airflow/dags/json_dag.py took 1.114 seconds
[2026-09-16T18:13:44.210+0000] {processor.py:161} INFO - Started process (PID=2761) to work on /opt/airflow/dags/json_dag.py
[2026-09-16T18:13:44.212+0000] {processor.py:830} INFO - Processing file /opt/airflow/dags/json_dag.py for tasks to queue
[2026-09-16T18:13:44.215+0000] {logging_mixin.py:188} INFO - [2026-09-16T18:13:44.214+0000] {dagbag.py:545} INFO - Filling up the DagBag from /opt/airflow/dags/json_dag.py
[2026-09-16T18:13:45.241+0000] {processor.py:840} INFO - DAG(s) 'json_dag' retrieved from /opt/airflow/dags/json_dag.py
[2026-09-16T18:13:45.273+0000] {logging_mixin.py:188} INFO - [2026-09-16T18:13:45.273+0000] {dag.py:3096} INFO - Sync 1 DAGs
[2026-09-16T18:13:45.310+0000] {logging_mixin.py:188} INFO - [2026-09-16T18:13:45.310+0000] {dag.py:3954} INFO - Setting next_dagrun for json_dag to 2026-09-16 08:59:00+00:00, run_after=2026-09-17 08:00:00+00:00
[2026-09-16T18:13:45.343+0000] {processor.py:183} INFO - Processing /opt/airflow/dags/json_dag.py took 1.142 seconds
[2026-09-16T18:14:15.727+0000] {processor.py:161} INFO - Started process (PID=2770) to work on /opt/airflow/dags/json_dag.py
[2026-09-16T18:14:15.729+0000] {processor.py:830} INFO - Processing file /opt/airflow/dags/json_dag.py for tasks to queue
[2026-09-16T18:14:15.731+0000] {logging_mixin.py:188} INFO - [2026-09-16T18:14:15.731+0000] {dagbag.py:545} INFO - Filling up the DagBag from /opt/airflow/dags/json_dag.py
[2026-09-16T18:14:17.091+0000] {processor.py:840} INFO - DAG(s) 'json_dag' retrieved from /opt/airflow/dags/json_dag.py
[2026-09-16T18:14:17.119+0000] {logging_mixin.py:188} INFO - [2026-09-16T18:14:17.118+0000] {dag.py:3096} INFO - Sync 1 DAGs
[2026-09-16T18:14:17.156+0000] {logging_mixin.py:188} INFO - [2026-09-16T18:14:17.155+0000] {dag.py:3954} INFO - Setting next_dagrun for json_dag to 2026-09-16 08:59:00+00:00, run_after=2026-09-17 08:00:00+00:00
[2026-09-16T18:14:17.205+0000] {processor.py:183} INFO - Processing /opt/airflow/dags/json_dag.py took 1.489 seconds
[2026-09-16T18:14:47.278+0000] {processor.py:161} INFO - Started process (PID=2779) to work on /opt/airflow/dags/json_dag.py
[2026-09-16T18:14:47.279+0000] {processor.py:830} INFO - Processing file /opt/airflow/dags/json_dag.py for tasks to queue
[2026-09-16T18:14:47.283+0000] {logging_mixin.py:188} INFO - [2026-09-16T18:14:47.283+0000] {dagbag.py:545} INFO - Filling up the DagBag from /opt/airflow/dags/json_dag.py
[2026-09-16T18:14:48.180+0000] {processor.py:840} INFO - DAG(s) 'json_dag' retrieved from /opt/airflow/dags/json_dag.py
[2026-09-16T18:14:48.209+0000] {logging_mixin.py:188} INFO - [2026-09-16T18:14:48.209+0000] {dag.py:3096} INFO - Sync 1 DAGs
[2026-09-16T18:14:48.237+0000] {logging_mixin.py:188} INFO - [2026-09-16T18:14:48.236+0000] {dag.py:3954} INFO - Setting next_dagrun for json_dag to 2026-09-16 08:59:00+00:00, run_after=2026-09-17 08:00:00+00:00
[2026-09-16T18:14:48.270+0000] {processor.py:183} INFO - Processing /opt/airflow/dags/json_dag.py took 1.000 seconds
[2026-09-16T18:15:18.839+0000] {processor.py:161} INFO - Started process (PID=2789) to work on /opt/airflow/dags/json_dag.py
[2026-09-16T18:15:18.843+0000] {processor.py:830} INFO - Processing file /opt/airflow/dags/json_dag.py for tasks to queue
[2026-09-16T18:15:18.846+0000] {logging_mixin.py:188} INFO - [2026-09-16T18:15:18.846+0000] {dagbag.py:545} INFO - Filling up the DagBag from /opt/airflow/dags/json_dag.py
[2026-09-16T18:15:20.342+0000] {processor.py:840} INFO - DAG(s) 'json_dag' retrieved from /opt/airflow/dags/json_dag.py
[2026-09-16T18:15:20.394+0000] {logging_mixin.py:188} INFO - [2026-09-16T18:15:20.393+0000] {dag.py:3096} INFO - Sync 1 DAGs
[2026-09-16T18:15:20.442+0000] {logging_mixin.py:188} INFO - [2026-09-16T18:15:20.441+0000] {dag.py:3954} INFO - Setting next_dagrun for json_dag to 2026-09-16 08:59:00+00:00, run_after=2026-09-17 08:00:00+00:00
[2026-09-16T18:15:20.493+0000] {processor.py:183} INFO - Processing /opt/airflow/dags/json_dag.py took 1.670 seconds
[2026-09-16T18:15:51.054+0000] {processor.py:161} INFO - Started process (PID=2804) to work on /opt/airflow/dags/json_dag.py
[2026-09-16T18:15:51.056+0000] {processor.py:830} INFO - Processing file /opt/airflow/dags/json_dag.py for tasks to queue
[2026-09-16T18:15:51.058+0000] {logging_mixin.py:188} INFO - [2026-09-16T18:15:51.058+0000] {dagbag.py:545} INFO - Filling up the DagBag from /opt/airflow/dags/json_dag.py
[2026-09-16T18:15:52.050+0000] {processor.py:840} INFO - DAG(s) 'json_dag' retrieved from /opt/airflow/dags/json_dag.py
[2026-09-16T18:15:52.078+0000] {logging_mixin.py:188} INFO - [2026-09-16T18:15:52.078+0000] {dag.py:3096} INFO - Sync 1 DAGs
[2026-09-16T18:15:52.110+0000] {logging_mixin.py:188} INFO - [2026-09-16T18:15:52.109+0000] {dag.py:3954} INFO - Setting next_dagrun for json_dag to 2026-09-16 08:59:00+00:00, run_after=2026-09-17 08:00:00+00:00
[2026-09-16T18:15:52.144+0000] {processor.py:183} INFO - Processing /opt/airflow/dags/json_dag.py took 1.099 seconds
[2026-09-16T18:16:22.513+0000] {processor.py:161} INFO - Started process (PID=2813) to work on /opt/airflow/dags/json_dag.py
[2026-09-16T18:16:22.516+0000] {processor.py:830} INFO - Processing file /opt/airflow/dags/json_dag.py for tasks to queue
[2026-09-16T18:16:22.519+0000] {logging_mixin.py:188} INFO - [2026-09-16T18:16:22.519+0000] {dagbag.py:545} INFO - Filling up the DagBag from /opt/airflow/dags/json_dag.py
[2026-09-16T18:16:23.377+0000] {processor.py:840} INFO - DAG(s) 'json_dag' retrieved from /opt/airflow/dags/json_dag.py
[2026-09-16T18:16:23.401+0000] {logging_mixin.py:188} INFO - [2026-09-16T18:16:23.401+0000] {dag.py:3096} INFO - Sync 1 DAGs
[2026-09-16T18:16:23.426+0000] {logging_mixin.py:188} INFO - [2026-09-16T18:16:23.426+0000] {dag.py:3954} INFO - Setting next_dagrun for json_dag to 2026-09-16 08:59:00+00:00, run_after=2026-09-17 08:00:00+00:00
[2026-09-16T18:16:23.455+0000] {processor.py:183} INFO - Processing /opt/airflow/dags/json_dag.py took 0.952 seconds
[2026-09-16T18:16:53.922+0000] {processor.py:161} INFO - Started process (PID=2822) to work on /opt/airflow/dags/json_dag.py
[2026-09-16T18:16:53.925+0000] {processor.py:830} INFO - Processing file /opt/airflow/dags/json_dag.py for tasks to queue
[2026-09-16T18:16:53.929+0000] {logging_mixin.py:188} INFO - [2026-09-16T18:16:53.928+0000] {dagbag.py:545} INFO - Filling up the DagBag from /opt/airflow/dags/json_dag.py
[2026-09-16T18:16:55.155+0000] {processor.py:840} INFO - DAG(s) 'json_dag' retrieved from /opt/airflow/dags/json_dag.py
[2026-09-16T18:16:55.195+0000] {logging_mixin.py:188} INFO - [2026-09-16T18:16:55.194+0000] {dag.py:3096} INFO - Sync 1 DAGs
[2026-09-16T18:16:55.227+0000] {logging_mixin.py:188} INFO - [2026-09-16T18:16:55.226+0000] {dag.py:3954} INFO - Setting next_dagrun for json_dag to 2026-09-16 08:59:00+00:00, run_after=2026-09-17 08:00:00+00:00
[2026-09-16T18:16:55.270+0000] {processor.py:183} INFO - Processing /opt/airflow/dags/json_dag.py took 1.369 seconds
[2026-09-16T18:17:25.452+0000] {processor.py:161} INFO - Started process (PID=2831) to work on /opt/airflow/dags/json_dag.py
[2026-09-16T18:17:25.456+0000] {processor.py:830} INFO - Processing file /opt/airflow/dags/json_dag.py for tasks to queue
[2026-09-16T18:17:25.461+0000] {logging_mixin.py:188} INFO - [2026-09-16T18:17:25.461+0000] {dagbag.py:545} INFO - Filling up the DagBag from /opt/airflow/dags/json_dag.py
[2026-09-16T18:17:26.327+0000] {processor.py:840} INFO - DAG(s) 'json_dag' retrieved from /opt/airflow/dags/json_dag.py
[2026-09-16T18:17:26.356+0000] {logging_mixin.py:188} INFO - [2026-09-16T18:17:26.355+0000] {dag.py:3096} INFO - Sync 1 DAGs
[2026-09-16T18:17:26.389+0000] {logging_mixin.py:188} INFO - [2026-09-16T18:17:26.389+0000] {dag.py:3954} INFO - Setting next_dagrun for json_dag to 2026-09-16 08:59:00+00:00, run_after=2026-09-17 08:00:00+00:00
[2026-09-16T18:17:26.420+0000] {processor.py:183} INFO - Processing /opt/airflow/dags/json_dag.py took 0.983 seconds
[2026-09-16T18:17:56.858+0000] {processor.py:161} INFO - Started process (PID=2840) to work on /opt/airflow/dags/json_dag.py
[2026-09-16T18:17:56.862+0000] {processor.py:830} INFO - Processing file /opt/airflow/dags/json_dag.py for tasks to queue
[2026-09-16T18:17:56.868+0000] {logging_mixin.py:188} INFO - [2026-09-16T18:17:56.867+0000] {dagbag.py:545} INFO - Filling up the DagBag from /opt/airflow/dags/json_dag.py
[2026-09-16T18:17:57.491+0000] {processor.py:840} INFO - DAG(s) 'json_dag' retrieved from /opt/airflow/dags/json_dag.py
[2026-09-16T18:17:57.507+0000] {logging_mixin.py:188} INFO - [2026-09-16T18:17:57.507+0000] {dag.py:3096} INFO - Sync 1 DAGs
[2026-09-16T18:17:57.526+0000] {logging_mixin.py:188} INFO - [2026-09-16T18:17:57.525+0000] {dag.py:3954} INFO - Setting next_dagrun for json_dag to 2026-09-16 08:59:00+00:00, run_after=2026-09-17 08:00:00+00:00
[2026-09-16T18:17:57.543+0000] {processor.py:183} INFO - Processing /opt/airflow/dags/json_dag.py took 0.704 seconds
[2026-09-16T18:19:44.575+0000] {processor.py:161} INFO - Started process (PID=67) to work on /opt/airflow/dags/json_dag.py
[2026-09-16T18:19:44.578+0000] {processor.py:830} INFO - Processing file /opt/airflow/dags/json_dag.py for tasks to queue
[2026-09-16T18:19:44.584+0000] {logging_mixin.py:188} INFO - [2026-09-16T18:19:44.583+0000] {dagbag.py:545} INFO - Filling up the DagBag from /opt/airflow/dags/json_dag.py
[2026-09-16T18:19:47.356+0000] {processor.py:840} INFO - DAG(s) 'json_dag' retrieved from /opt/airflow/dags/json_dag.py
[2026-09-16T18:19:47.832+0000] {logging_mixin.py:188} INFO - [2026-09-16T18:19:47.831+0000] {dag.py:3096} INFO - Sync 1 DAGs
[2026-09-16T18:19:47.867+0000] {logging_mixin.py:188} INFO - [2026-09-16T18:19:47.867+0000] {dag.py:3954} INFO - Setting next_dagrun for json_dag to 2026-09-16 08:59:00+00:00, run_after=2026-09-17 08:00:00+00:00
[2026-09-16T18:19:47.898+0000] {processor.py:183} INFO - Processing /opt/airflow/dags/json_dag.py took 3.349 seconds
[2026-09-16T18:20:18.242+0000] {processor.py:161} INFO - Started process (PID=76) to work on /opt/airflow/dags/json_dag.py
[2026-09-16T18:20:18.244+0000] {processor.py:830} INFO - Processing file /opt/airflow/dags/json_dag.py for tasks to queue
[2026-09-16T18:20:18.248+0000] {logging_mixin.py:188} INFO - [2026-09-16T18:20:18.248+0000] {dagbag.py:545} INFO - Filling up the DagBag from /opt/airflow/dags/json_dag.py
[2026-09-16T18:20:19.023+0000] {processor.py:840} INFO - DAG(s) 'json_dag' retrieved from /opt/airflow/dags/json_dag.py
[2026-09-16T18:20:19.056+0000] {logging_mixin.py:188} INFO - [2026-09-16T18:20:19.056+0000] {dag.py:3096} INFO - Sync 1 DAGs
[2026-09-16T18:20:19.136+0000] {logging_mixin.py:188} INFO - [2026-09-16T18:20:19.135+0000] {dag.py:3954} INFO - Setting next_dagrun for json_dag to 2026-09-16 08:59:00+00:00, run_after=2026-09-17 08:00:00+00:00
[2026-09-16T18:20:19.228+0000] {processor.py:183} INFO - Processing /opt/airflow/dags/json_dag.py took 1.001 seconds
[2026-09-16T18:20:49.648+0000] {processor.py:161} INFO - Started process (PID=85) to work on /opt/airflow/dags/json_dag.py
[2026-09-16T18:20:49.650+0000] {processor.py:830} INFO - Processing file /opt/airflow/dags/json_dag.py for tasks to queue
[2026-09-16T18:20:49.653+0000] {logging_mixin.py:188} INFO - [2026-09-16T18:20:49.653+0000] {dagbag.py:545} INFO - Filling up the DagBag from /opt/airflow/dags/json_dag.py
[2026-09-16T18:20:50.210+0000] {processor.py:840} INFO - DAG(s) 'json_dag' retrieved from /opt/airflow/dags/json_dag.py
[2026-09-16T18:20:50.235+0000] {logging_mixin.py:188} INFO - [2026-09-16T18:20:50.235+0000] {dag.py:3096} INFO - Sync 1 DAGs
[2026-09-16T18:20:50.267+0000] {logging_mixin.py:188} INFO - [2026-09-16T18:20:50.267+0000] {dag.py:3954} INFO - Setting next_dagrun for json_dag to 2026-09-16 08:59:00+00:00, run_after=2026-09-17 08:00:00+00:00
[2026-09-16T18:20:50.302+0000] {processor.py:183} INFO - Processing /opt/airflow/dags/json_dag.py took 0.663 seconds
[2026-09-16T18:21:21.057+0000] {processor.py:161} INFO - Started process (PID=94) to work on /opt/airflow/dags/json_dag.py
[2026-09-16T18:21:21.059+0000] {processor.py:830} INFO - Processing file /opt/airflow/dags/json_dag.py for tasks to queue
[2026-09-16T18:21:21.063+0000] {logging_mixin.py:188} INFO - [2026-09-16T18:21:21.062+0000] {dagbag.py:545} INFO - Filling up the DagBag from /opt/airflow/dags/json_dag.py
[2026-09-16T18:21:21.567+0000] {processor.py:840} INFO - DAG(s) 'json_dag' retrieved from /opt/airflow/dags/json_dag.py
[2026-09-16T18:21:21.590+0000] {logging_mixin.py:188} INFO - [2026-09-16T18:21:21.589+0000] {dag.py:3096} INFO - Sync 1 DAGs
[2026-09-16T18:21:21.616+0000] {logging_mixin.py:188} INFO - [2026-09-16T18:21:21.616+0000] {dag.py:3954} INFO - Setting next_dagrun for json_dag to 2026-09-16 08:59:00+00:00, run_after=2026-09-17 08:00:00+00:00
[2026-09-16T18:21:21.644+0000] {processor.py:183} INFO - Processing /opt/airflow/dags/json_dag.py took 0.594 seconds
[2026-09-16T18:21:52.551+0000] {processor.py:161} INFO - Started process (PID=103) to work on /opt/airflow/dags/json_dag.py
[2026-09-16T18:21:52.553+0000] {processor.py:830} INFO - Processing file /opt/airflow/dags/json_dag.py for tasks to queue
[2026-09-16T18:21:52.555+0000] {logging_mixin.py:188} INFO - [2026-09-16T18:21:52.555+0000] {dagbag.py:545} INFO - Filling up the DagBag from /opt/airflow/dags/json_dag.py
[2026-09-16T18:21:53.055+0000] {processor.py:840} INFO - DAG(s) 'json_dag' retrieved from /opt/airflow/dags/json_dag.py
[2026-09-16T18:21:53.075+0000] {logging_mixin.py:188} INFO - [2026-09-16T18:21:53.074+0000] {dag.py:3096} INFO - Sync 1 DAGs
[2026-09-16T18:21:53.097+0000] {logging_mixin.py:188} INFO - [2026-09-16T18:21:53.097+0000] {dag.py:3954} INFO - Setting next_dagrun for json_dag to 2026-09-16 08:59:00+00:00, run_after=2026-09-17 08:00:00+00:00
[2026-09-16T18:21:53.116+0000] {processor.py:183} INFO - Processing /opt/airflow/dags/json_dag.py took 0.571 seconds
[2026-09-16T18:22:24.015+0000] {processor.py:161} INFO - Started process (PID=112) to work on /opt/airflow/dags/json_dag.py
[2026-09-16T18:22:24.018+0000] {processor.py:830} INFO - Processing file /opt/airflow/dags/json_dag.py for tasks to queue
[2026-09-16T18:22:24.022+0000] {logging_mixin.py:188} INFO - [2026-09-16T18:22:24.022+0000] {dagbag.py:545} INFO - Filling up the DagBag from /opt/airflow/dags/json_dag.py
[2026-09-16T18:22:24.942+0000] {processor.py:840} INFO - DAG(s) 'json_dag' retrieved from /opt/airflow/dags/json_dag.py
[2026-09-16T18:22:24.983+0000] {logging_mixin.py:188} INFO - [2026-09-16T18:22:24.983+0000] {dag.py:3096} INFO - Sync 1 DAGs
[2026-09-16T18:22:25.005+0000] {logging_mixin.py:188} INFO - [2026-09-16T18:22:25.005+0000] {dag.py:3954} INFO - Setting next_dagrun for json_dag to 2026-09-16 08:59:00+00:00, run_after=2026-09-17 08:00:00+00:00
[2026-09-16T18:22:25.023+0000] {processor.py:183} INFO - Processing /opt/airflow/dags/json_dag.py took 1.022 seconds
[2026-09-16T18:22:55.435+0000] {processor.py:161} INFO - Started process (PID=121) to work on /opt/airflow/dags/json_dag.py
[2026-09-16T18:22:55.444+0000] {processor.py:830} INFO - Processing file /opt/airflow/dags/json_dag.py for tasks to queue
[2026-09-16T18:22:55.462+0000] {logging_mixin.py:188} INFO - [2026-09-16T18:22:55.461+0000] {dagbag.py:545} INFO - Filling up the DagBag from /opt/airflow/dags/json_dag.py
[2026-09-16T18:22:56.959+0000] {processor.py:840} INFO - DAG(s) 'json_dag' retrieved from /opt/airflow/dags/json_dag.py
[2026-09-16T18:22:57.011+0000] {logging_mixin.py:188} INFO - [2026-09-16T18:22:57.010+0000] {dag.py:3096} INFO - Sync 1 DAGs
[2026-09-16T18:22:57.045+0000] {logging_mixin.py:188} INFO - [2026-09-16T18:22:57.045+0000] {dag.py:3954} INFO - Setting next_dagrun for json_dag to 2026-09-16 08:59:00+00:00, run_after=2026-09-17 08:00:00+00:00
[2026-09-16T18:22:57.086+0000] {processor.py:183} INFO - Processing /opt/airflow/dags/json_dag.py took 1.687 seconds
[2026-09-16T18:23:27.821+0000] {processor.py:161} INFO - Started process (PID=130) to work on /opt/airflow/dags/json_dag.py
[2026-09-16T18:23:27.822+0000] {processor.py:830} INFO - Processing file /opt/airflow/dags/json_dag.py for tasks to queue
[2026-09-16T18:23:27.825+0000] {logging_mixin.py:188} INFO - [2026-09-16T18:23:27.825+0000] {dagbag.py:545} INFO - Filling up the DagBag from /opt/airflow/dags/json_dag.py
[2026-09-16T18:23:28.280+0000] {processor.py:840} INFO - DAG(s) 'json_dag' retrieved from /opt/airflow/dags/json_dag.py
[2026-09-16T18:23:28.302+0000] {logging_mixin.py:188} INFO - [2026-09-16T18:23:28.302+0000] {dag.py:3096} INFO - Sync 1 DAGs
[2026-09-16T18:23:28.322+0000] {logging_mixin.py:188} INFO - [2026-09-16T18:23:28.322+0000] {dag.py:3954} INFO - Setting next_dagrun for json_dag to 2026-09-16 08:59:00+00:00, run_after=2026-09-17 08:00:00+00:00
[2026-09-16T18:23:28.343+0000] {processor.py:183} INFO - Processing /opt/airflow/dags/json_dag.py took 0.528 seconds
[2026-09-16T18:23:59.237+0000] {processor.py:161} INFO - Started process (PID=139) to work on /opt/airflow/dags/json_dag.py
[2026-09-16T18:23:59.239+0000] {processor.py:830} INFO - Processing file /opt/airflow/dags/json_dag.py for tasks to queue
[2026-09-16T18:23:59.242+0000] {logging_mixin.py:188} INFO - [2026-09-16T18:23:59.241+0000] {dagbag.py:545} INFO - Filling up the DagBag from /opt/airflow/dags/json_dag.py
[2026-09-16T18:23:59.671+0000] {processor.py:840} INFO - DAG(s) 'json_dag' retrieved from /opt/airflow/dags/json_dag.py
[2026-09-16T18:23:59.696+0000] {logging_mixin.py:188} INFO - [2026-09-16T18:23:59.695+0000] {dag.py:3096} INFO - Sync 1 DAGs
[2026-09-16T18:23:59.722+0000] {logging_mixin.py:188} INFO - [2026-09-16T18:23:59.722+0000] {dag.py:3954} INFO - Setting next_dagrun for json_dag to 2026-09-16 08:59:00+00:00, run_after=2026-09-17 08:00:00+00:00
[2026-09-16T18:23:59.751+0000] {processor.py:183} INFO - Processing /opt/airflow/dags/json_dag.py took 0.521 seconds
[2026-09-16T18:24:30.667+0000] {processor.py:161} INFO - Started process (PID=148) to work on /opt/airflow/dags/json_dag.py
[2026-09-16T18:24:30.669+0000] {processor.py:830} INFO - Processing file /opt/airflow/dags/json_dag.py for tasks to queue
[2026-09-16T18:24:30.671+0000] {logging_mixin.py:188} INFO - [2026-09-16T18:24:30.671+0000] {dagbag.py:545} INFO - Filling up the DagBag from /opt/airflow/dags/json_dag.py
[2026-09-16T18:24:31.019+0000] {processor.py:840} INFO - DAG(s) 'json_dag' retrieved from /opt/airflow/dags/json_dag.py
[2026-09-16T18:24:31.035+0000] {logging_mixin.py:188} INFO - [2026-09-16T18:24:31.035+0000] {dag.py:3096} INFO - Sync 1 DAGs
[2026-09-16T18:24:31.056+0000] {logging_mixin.py:188} INFO - [2026-09-16T18:24:31.056+0000] {dag.py:3954} INFO - Setting next_dagrun for json_dag to 2026-09-16 08:59:00+00:00, run_after=2026-09-17 08:00:00+00:00
[2026-09-16T18:24:31.075+0000] {processor.py:183} INFO - Processing /opt/airflow/dags/json_dag.py took 0.413 seconds
[2026-09-16T18:25:01.179+0000] {processor.py:161} INFO - Started process (PID=157) to work on /opt/airflow/dags/json_dag.py
[2026-09-16T18:25:01.180+0000] {processor.py:830} INFO - Processing file /opt/airflow/dags/json_dag.py for tasks to queue
[2026-09-16T18:25:01.183+0000] {logging_mixin.py:188} INFO - [2026-09-16T18:25:01.183+0000] {dagbag.py:545} INFO - Filling up the DagBag from /opt/airflow/dags/json_dag.py
[2026-09-16T18:25:01.555+0000] {processor.py:840} INFO - DAG(s) 'json_dag' retrieved from /opt/airflow/dags/json_dag.py
[2026-09-16T18:25:01.575+0000] {logging_mixin.py:188} INFO - [2026-09-16T18:25:01.574+0000] {dag.py:3096} INFO - Sync 1 DAGs
[2026-09-16T18:25:01.593+0000] {logging_mixin.py:188} INFO - [2026-09-16T18:25:01.593+0000] {dag.py:3954} INFO - Setting next_dagrun for json_dag to 2026-09-16 08:59:00+00:00, run_after=2026-09-17 08:00:00+00:00
[2026-09-16T18:25:01.612+0000] {processor.py:183} INFO - Processing /opt/airflow/dags/json_dag.py took 0.440 seconds
[2026-09-16T18:25:32.490+0000] {processor.py:161} INFO - Started process (PID=166) to work on /opt/airflow/dags/json_dag.py
[2026-09-16T18:25:32.492+0000] {processor.py:830} INFO - Processing file /opt/airflow/dags/json_dag.py for tasks to queue
[2026-09-16T18:25:32.495+0000] {logging_mixin.py:188} INFO - [2026-09-16T18:25:32.494+0000] {dagbag.py:545} INFO - Filling up the DagBag from /opt/airflow/dags/json_dag.py
[2026-09-16T18:25:32.901+0000] {processor.py:840} INFO - DAG(s) 'json_dag' retrieved from /opt/airflow/dags/json_dag.py
[2026-09-16T18:25:32.919+0000] {logging_mixin.py:188} INFO - [2026-09-16T18:25:32.918+0000] {dag.py:3096} INFO - Sync 1 DAGs
[2026-09-16T18:25:32.935+0000] {logging_mixin.py:188} INFO - [2026-09-16T18:25:32.935+0000] {dag.py:3954} INFO - Setting next_dagrun for json_dag to 2026-09-16 08:59:00+00:00, run_after=2026-09-17 08:00:00+00:00
[2026-09-16T18:25:32.955+0000] {processor.py:183} INFO - Processing /opt/airflow/dags/json_dag.py took 0.471 seconds
[2026-09-16T18:26:03.004+0000] {processor.py:161} INFO - Started process (PID=175) to work on /opt/airflow/dags/json_dag.py
[2026-09-16T18:26:03.006+0000] {processor.py:830} INFO - Processing file /opt/airflow/dags/json_dag.py for tasks to queue
[2026-09-16T18:26:03.008+0000] {logging_mixin.py:188} INFO - [2026-09-16T18:26:03.008+0000] {dagbag.py:545} INFO - Filling up the DagBag from /opt/airflow/dags/json_dag.py
[2026-09-16T18:26:03.346+0000] {processor.py:840} INFO - DAG(s) 'json_dag' retrieved from /opt/airflow/dags/json_dag.py
[2026-09-16T18:26:03.363+0000] {logging_mixin.py:188} INFO - [2026-09-16T18:26:03.363+0000] {dag.py:3096} INFO - Sync 1 DAGs
[2026-09-16T18:26:03.381+0000] {logging_mixin.py:188} INFO - [2026-09-16T18:26:03.380+0000] {dag.py:3954} INFO - Setting next_dagrun for json_dag to 2026-09-16 08:59:00+00:00, run_after=2026-09-17 08:00:00+00:00
[2026-09-16T18:26:03.403+0000] {processor.py:183} INFO - Processing /opt/airflow/dags/json_dag.py took 0.405 seconds
[2026-09-16T18:26:34.340+0000] {processor.py:161} INFO - Started process (PID=184) to work on /opt/airflow/dags/json_dag.py
[2026-09-16T18:26:34.341+0000] {processor.py:830} INFO - Processing file /opt/airflow/dags/json_dag.py for tasks to queue
[2026-09-16T18:26:34.344+0000] {logging_mixin.py:188} INFO - [2026-09-16T18:26:34.343+0000] {dagbag.py:545} INFO - Filling up the DagBag from /opt/airflow/dags/json_dag.py
[2026-09-16T18:26:34.698+0000] {processor.py:840} INFO - DAG(s) 'json_dag' retrieved from /opt/airflow/dags/json_dag.py
[2026-09-16T18:26:34.714+0000] {logging_mixin.py:188} INFO - [2026-09-16T18:26:34.714+0000] {dag.py:3096} INFO - Sync 1 DAGs
[2026-09-16T18:26:34.731+0000] {logging_mixin.py:188} INFO - [2026-09-16T18:26:34.731+0000] {dag.py:3954} INFO - Setting next_dagrun for json_dag to 2026-09-16 08:59:00+00:00, run_after=2026-09-17 08:00:00+00:00
[2026-09-16T18:26:34.748+0000] {processor.py:183} INFO - Processing /opt/airflow/dags/json_dag.py took 0.413 seconds
[2026-09-16T18:27:04.800+0000] {processor.py:161} INFO - Started process (PID=193) to work on /opt/airflow/dags/json_dag.py
[2026-09-16T18:27:04.801+0000] {processor.py:830} INFO - Processing file /opt/airflow/dags/json_dag.py for tasks to queue
[2026-09-16T18:27:04.803+0000] {logging_mixin.py:188} INFO - [2026-09-16T18:27:04.803+0000] {dagbag.py:545} INFO - Filling up the DagBag from /opt/airflow/dags/json_dag.py
[2026-09-16T18:27:05.249+0000] {processor.py:840} INFO - DAG(s) 'json_dag' retrieved from /opt/airflow/dags/json_dag.py
[2026-09-16T18:27:05.272+0000] {logging_mixin.py:188} INFO - [2026-09-16T18:27:05.272+0000] {dag.py:3096} INFO - Sync 1 DAGs
[2026-09-16T18:27:05.296+0000] {logging_mixin.py:188} INFO - [2026-09-16T18:27:05.296+0000] {dag.py:3954} INFO - Setting next_dagrun for json_dag to 2026-09-16 08:59:00+00:00, run_after=2026-09-17 08:00:00+00:00
[2026-09-16T18:27:05.315+0000] {processor.py:183} INFO - Processing /opt/airflow/dags/json_dag.py took 0.521 seconds
[2026-09-16T18:27:36.104+0000] {processor.py:161} INFO - Started process (PID=202) to work on /opt/airflow/dags/json_dag.py
[2026-09-16T18:27:36.106+0000] {processor.py:830} INFO - Processing file /opt/airflow/dags/json_dag.py for tasks to queue
[2026-09-16T18:27:36.109+0000] {logging_mixin.py:188} INFO - [2026-09-16T18:27:36.109+0000] {dagbag.py:545} INFO - Filling up the DagBag from /opt/airflow/dags/json_dag.py
[2026-09-16T18:27:36.662+0000] {processor.py:840} INFO - DAG(s) 'json_dag' retrieved from /opt/airflow/dags/json_dag.py
[2026-09-16T18:27:36.690+0000] {logging_mixin.py:188} INFO - [2026-09-16T18:27:36.690+0000] {dag.py:3096} INFO - Sync 1 DAGs
[2026-09-16T18:27:36.730+0000] {logging_mixin.py:188} INFO - [2026-09-16T18:27:36.729+0000] {dag.py:3954} INFO - Setting next_dagrun for json_dag to 2026-09-16 08:59:00+00:00, run_after=2026-09-17 08:00:00+00:00
[2026-09-16T18:27:36.760+0000] {processor.py:183} INFO - Processing /opt/airflow/dags/json_dag.py took 0.661 seconds
[2026-09-16T18:28:07.552+0000] {processor.py:161} INFO - Started process (PID=211) to work on /opt/airflow/dags/json_dag.py
[2026-09-16T18:28:07.554+0000] {processor.py:830} INFO - Processing file /opt/airflow/dags/json_dag.py for tasks to queue
[2026-09-16T18:28:07.556+0000] {logging_mixin.py:188} INFO - [2026-09-16T18:28:07.556+0000] {dagbag.py:545} INFO - Filling up the DagBag from /opt/airflow/dags/json_dag.py
[2026-09-16T18:28:08.040+0000] {processor.py:840} INFO - DAG(s) 'json_dag' retrieved from /opt/airflow/dags/json_dag.py
[2026-09-16T18:28:08.062+0000] {logging_mixin.py:188} INFO - [2026-09-16T18:28:08.061+0000] {dag.py:3096} INFO - Sync 1 DAGs
[2026-09-16T18:28:08.088+0000] {logging_mixin.py:188} INFO - [2026-09-16T18:28:08.087+0000] {dag.py:3954} INFO - Setting next_dagrun for json_dag to 2026-09-16 08:59:00+00:00, run_after=2026-09-17 08:00:00+00:00
[2026-09-16T18:28:08.112+0000] {processor.py:183} INFO - Processing /opt/airflow/dags/json_dag.py took 0.570 seconds
[2026-09-16T18:28:38.909+0000] {processor.py:161} INFO - Started process (PID=220) to work on /opt/airflow/dags/json_dag.py
[2026-09-16T18:28:38.911+0000] {processor.py:830} INFO - Processing file /opt/airflow/dags/json_dag.py for tasks to queue
[2026-09-16T18:28:38.913+0000] {logging_mixin.py:188} INFO - [2026-09-16T18:28:38.913+0000] {dagbag.py:545} INFO - Filling up the DagBag from /opt/airflow/dags/json_dag.py
[2026-09-16T18:28:39.417+0000] {processor.py:840} INFO - DAG(s) 'json_dag' retrieved from /opt/airflow/dags/json_dag.py
[2026-09-16T18:28:39.438+0000] {logging_mixin.py:188} INFO - [2026-09-16T18:28:39.437+0000] {dag.py:3096} INFO - Sync 1 DAGs
[2026-09-16T18:28:39.462+0000] {logging_mixin.py:188} INFO - [2026-09-16T18:28:39.461+0000] {dag.py:3954} INFO - Setting next_dagrun for json_dag to 2026-09-16 08:59:00+00:00, run_after=2026-09-17 08:00:00+00:00
[2026-09-16T18:28:39.482+0000] {processor.py:183} INFO - Processing /opt/airflow/dags/json_dag.py took 0.579 seconds
[2026-09-16T18:29:09.650+0000] {processor.py:161} INFO - Started process (PID=231) to work on /opt/airflow/dags/json_dag.py
[2026-09-16T18:29:09.652+0000] {processor.py:830} INFO - Processing file /opt/airflow/dags/json_dag.py for tasks to queue
[2026-09-16T18:29:09.654+0000] {logging_mixin.py:188} INFO - [2026-09-16T18:29:09.653+0000] {dagbag.py:545} INFO - Filling up the DagBag from /opt/airflow/dags/json_dag.py
[2026-09-16T18:29:10.137+0000] {processor.py:840} INFO - DAG(s) 'json_dag' retrieved from /opt/airflow/dags/json_dag.py
[2026-09-16T18:29:10.164+0000] {logging_mixin.py:188} INFO - [2026-09-16T18:29:10.164+0000] {dag.py:3096} INFO - Sync 1 DAGs
[2026-09-16T18:29:10.185+0000] {logging_mixin.py:188} INFO - [2026-09-16T18:29:10.185+0000] {dag.py:3954} INFO - Setting next_dagrun for json_dag to 2026-09-16 08:59:00+00:00, run_after=2026-09-17 08:00:00+00:00
[2026-09-16T18:29:10.203+0000] {processor.py:183} INFO - Processing /opt/airflow/dags/json_dag.py took 0.564 seconds
[2026-09-16T18:29:40.547+0000] {processor.py:161} INFO - Started process (PID=251) to work on /opt/airflow/dags/json_dag.py
[2026-09-16T18:29:40.550+0000] {processor.py:830} INFO - Processing file /opt/airflow/dags/json_dag.py for tasks to queue
[2026-09-16T18:29:40.556+0000] {logging_mixin.py:188} INFO - [2026-09-16T18:29:40.555+0000] {dagbag.py:545} INFO - Filling up the DagBag from /opt/airflow/dags/json_dag.py
[2026-09-16T18:29:41.071+0000] {processor.py:840} INFO - DAG(s) 'json_dag' retrieved from /opt/airflow/dags/json_dag.py
[2026-09-16T18:29:41.096+0000] {logging_mixin.py:188} INFO - [2026-09-16T18:29:41.095+0000] {dag.py:3096} INFO - Sync 1 DAGs
[2026-09-16T18:29:41.118+0000] {logging_mixin.py:188} INFO - [2026-09-16T18:29:41.118+0000] {dag.py:3954} INFO - Setting next_dagrun for json_dag to 2026-09-16 08:59:00+00:00, run_after=2026-09-17 08:00:00+00:00
[2026-09-16T18:29:41.143+0000] {processor.py:183} INFO - Processing /opt/airflow/dags/json_dag.py took 0.610 seconds
[2026-09-16T18:30:11.266+0000] {processor.py:161} INFO - Started process (PID=262) to work on /opt/airflow/dags/json_dag.py
[2026-09-16T18:30:11.269+0000] {processor.py:830} INFO - Processing file /opt/airflow/dags/json_dag.py for tasks to queue
[2026-09-16T18:30:11.271+0000] {logging_mixin.py:188} INFO - [2026-09-16T18:30:11.271+0000] {dagbag.py:545} INFO - Filling up the DagBag from /opt/airflow/dags/json_dag.py
[2026-09-16T18:30:11.831+0000] {processor.py:840} INFO - DAG(s) 'json_dag' retrieved from /opt/airflow/dags/json_dag.py
[2026-09-16T18:30:11.853+0000] {logging_mixin.py:188} INFO - [2026-09-16T18:30:11.853+0000] {dag.py:3096} INFO - Sync 1 DAGs
[2026-09-16T18:30:11.874+0000] {logging_mixin.py:188} INFO - [2026-09-16T18:30:11.874+0000] {dag.py:3954} INFO - Setting next_dagrun for json_dag to 2026-09-16 08:59:00+00:00, run_after=2026-09-17 08:00:00+00:00
[2026-09-16T18:30:11.895+0000] {processor.py:183} INFO - Processing /opt/airflow/dags/json_dag.py took 0.640 seconds
[2026-09-16T18:30:42.669+0000] {processor.py:161} INFO - Started process (PID=271) to work on /opt/airflow/dags/json_dag.py
[2026-09-16T18:30:42.671+0000] {processor.py:830} INFO - Processing file /opt/airflow/dags/json_dag.py for tasks to queue
[2026-09-16T18:30:42.672+0000] {logging_mixin.py:188} INFO - [2026-09-16T18:30:42.672+0000] {dagbag.py:545} INFO - Filling up the DagBag from /opt/airflow/dags/json_dag.py
[2026-09-16T18:30:43.182+0000] {processor.py:840} INFO - DAG(s) 'json_dag' retrieved from /opt/airflow/dags/json_dag.py
[2026-09-16T18:30:43.207+0000] {logging_mixin.py:188} INFO - [2026-09-16T18:30:43.207+0000] {dag.py:3096} INFO - Sync 1 DAGs
[2026-09-16T18:30:43.229+0000] {logging_mixin.py:188} INFO - [2026-09-16T18:30:43.229+0000] {dag.py:3954} INFO - Setting next_dagrun for json_dag to 2026-09-16 08:59:00+00:00, run_after=2026-09-17 08:00:00+00:00
[2026-09-16T18:30:43.257+0000] {processor.py:183} INFO - Processing /opt/airflow/dags/json_dag.py took 0.595 seconds
[2026-09-16T18:31:13.826+0000] {processor.py:161} INFO - Started process (PID=284) to work on /opt/airflow/dags/json_dag.py
[2026-09-16T18:31:13.828+0000] {processor.py:830} INFO - Processing file /opt/airflow/dags/json_dag.py for tasks to queue
[2026-09-16T18:31:13.832+0000] {logging_mixin.py:188} INFO - [2026-09-16T18:31:13.831+0000] {dagbag.py:545} INFO - Filling up the DagBag from /opt/airflow/dags/json_dag.py
[2026-09-16T18:31:14.483+0000] {processor.py:840} INFO - DAG(s) 'json_dag' retrieved from /opt/airflow/dags/json_dag.py
[2026-09-16T18:31:14.510+0000] {logging_mixin.py:188} INFO - [2026-09-16T18:31:14.510+0000] {dag.py:3096} INFO - Sync 1 DAGs
[2026-09-16T18:31:14.532+0000] {logging_mixin.py:188} INFO - [2026-09-16T18:31:14.532+0000] {dag.py:3954} INFO - Setting next_dagrun for json_dag to 2026-09-16 08:59:00+00:00, run_after=2026-09-17 08:00:00+00:00
[2026-09-16T18:31:14.555+0000] {processor.py:183} INFO - Processing /opt/airflow/dags/json_dag.py took 0.741 seconds
[2026-09-16T18:31:45.458+0000] {processor.py:161} INFO - Started process (PID=296) to work on /opt/airflow/dags/json_dag.py
[2026-09-16T18:31:45.460+0000] {processor.py:830} INFO - Processing file /opt/airflow/dags/json_dag.py for tasks to queue
[2026-09-16T18:31:45.462+0000] {logging_mixin.py:188} INFO - [2026-09-16T18:31:45.462+0000] {dagbag.py:545} INFO - Filling up the DagBag from /opt/airflow/dags/json_dag.py
[2026-09-16T18:31:46.075+0000] {processor.py:840} INFO - DAG(s) 'json_dag' retrieved from /opt/airflow/dags/json_dag.py
[2026-09-16T18:31:46.096+0000] {logging_mixin.py:188} INFO - [2026-09-16T18:31:46.096+0000] {dag.py:3096} INFO - Sync 1 DAGs
[2026-09-16T18:31:46.129+0000] {logging_mixin.py:188} INFO - [2026-09-16T18:31:46.129+0000] {dag.py:3954} INFO - Setting next_dagrun for json_dag to 2026-09-16 08:59:00+00:00, run_after=2026-09-17 08:00:00+00:00
[2026-09-16T18:31:46.153+0000] {processor.py:183} INFO - Processing /opt/airflow/dags/json_dag.py took 0.701 seconds
[2026-09-16T18:32:16.234+0000] {processor.py:161} INFO - Started process (PID=310) to work on /opt/airflow/dags/json_dag.py
[2026-09-16T18:32:16.235+0000] {processor.py:830} INFO - Processing file /opt/airflow/dags/json_dag.py for tasks to queue
[2026-09-16T18:32:16.237+0000] {logging_mixin.py:188} INFO - [2026-09-16T18:32:16.237+0000] {dagbag.py:545} INFO - Filling up the DagBag from /opt/airflow/dags/json_dag.py
[2026-09-16T18:32:16.745+0000] {processor.py:840} INFO - DAG(s) 'json_dag' retrieved from /opt/airflow/dags/json_dag.py
[2026-09-16T18:32:16.775+0000] {logging_mixin.py:188} INFO - [2026-09-16T18:32:16.775+0000] {dag.py:3096} INFO - Sync 1 DAGs
[2026-09-16T18:32:16.802+0000] {logging_mixin.py:188} INFO - [2026-09-16T18:32:16.802+0000] {dag.py:3954} INFO - Setting next_dagrun for json_dag to 2026-09-16 08:59:00+00:00, run_after=2026-09-17 08:00:00+00:00
[2026-09-16T18:32:16.824+0000] {processor.py:183} INFO - Processing /opt/airflow/dags/json_dag.py took 0.597 seconds
[2026-09-16T18:32:47.664+0000] {processor.py:161} INFO - Started process (PID=319) to work on /opt/airflow/dags/json_dag.py
[2026-09-16T18:32:47.666+0000] {processor.py:830} INFO - Processing file /opt/airflow/dags/json_dag.py for tasks to queue
[2026-09-16T18:32:47.670+0000] {logging_mixin.py:188} INFO - [2026-09-16T18:32:47.670+0000] {dagbag.py:545} INFO - Filling up the DagBag from /opt/airflow/dags/json_dag.py
[2026-09-16T18:32:48.210+0000] {processor.py:840} INFO - DAG(s) 'json_dag' retrieved from /opt/airflow/dags/json_dag.py
[2026-09-16T18:32:48.232+0000] {logging_mixin.py:188} INFO - [2026-09-16T18:32:48.232+0000] {dag.py:3096} INFO - Sync 1 DAGs
[2026-09-16T18:32:48.258+0000] {logging_mixin.py:188} INFO - [2026-09-16T18:32:48.258+0000] {dag.py:3954} INFO - Setting next_dagrun for json_dag to 2026-09-16 08:59:00+00:00, run_after=2026-09-17 08:00:00+00:00
[2026-09-16T18:32:48.285+0000] {processor.py:183} INFO - Processing /opt/airflow/dags/json_dag.py took 0.630 seconds
[2026-09-16T18:33:19.176+0000] {processor.py:161} INFO - Started process (PID=328) to work on /opt/airflow/dags/json_dag.py
[2026-09-16T18:33:19.178+0000] {processor.py:830} INFO - Processing file /opt/airflow/dags/json_dag.py for tasks to queue
[2026-09-16T18:33:19.183+0000] {logging_mixin.py:188} INFO - [2026-09-16T18:33:19.182+0000] {dagbag.py:545} INFO - Filling up the DagBag from /opt/airflow/dags/json_dag.py
[2026-09-16T18:33:19.716+0000] {processor.py:840} INFO - DAG(s) 'json_dag' retrieved from /opt/airflow/dags/json_dag.py
[2026-09-16T18:33:19.768+0000] {logging_mixin.py:188} INFO - [2026-09-16T18:33:19.767+0000] {dag.py:3096} INFO - Sync 1 DAGs
[2026-09-16T18:33:19.798+0000] {logging_mixin.py:188} INFO - [2026-09-16T18:33:19.797+0000] {dag.py:3954} INFO - Setting next_dagrun for json_dag to 2026-09-16 08:59:00+00:00, run_after=2026-09-17 08:00:00+00:00
[2026-09-16T18:33:19.832+0000] {processor.py:183} INFO - Processing /opt/airflow/dags/json_dag.py took 0.667 seconds
[2026-09-16T18:33:50.187+0000] {processor.py:161} INFO - Started process (PID=337) to work on /opt/airflow/dags/json_dag.py
[2026-09-16T18:33:50.188+0000] {processor.py:830} INFO - Processing file /opt/airflow/dags/json_dag.py for tasks to queue
[2026-09-16T18:33:50.192+0000] {logging_mixin.py:188} INFO - [2026-09-16T18:33:50.192+0000] {dagbag.py:545} INFO - Filling up the DagBag from /opt/airflow/dags/json_dag.py
[2026-09-16T18:33:50.683+0000] {processor.py:840} INFO - DAG(s) 'json_dag' retrieved from /opt/airflow/dags/json_dag.py
[2026-09-16T18:33:50.704+0000] {logging_mixin.py:188} INFO - [2026-09-16T18:33:50.704+0000] {dag.py:3096} INFO - Sync 1 DAGs
[2026-09-16T18:33:50.728+0000] {logging_mixin.py:188} INFO - [2026-09-16T18:33:50.728+0000] {dag.py:3954} INFO - Setting next_dagrun for json_dag to 2026-09-16 08:59:00+00:00, run_after=2026-09-17 08:00:00+00:00
[2026-09-16T18:33:50.750+0000] {processor.py:183} INFO - Processing /opt/airflow/dags/json_dag.py took 0.568 seconds
[2026-09-16T18:34:21.585+0000] {processor.py:161} INFO - Started process (PID=346) to work on /opt/airflow/dags/json_dag.py
[2026-09-16T18:34:21.587+0000] {processor.py:830} INFO - Processing file /opt/airflow/dags/json_dag.py for tasks to queue
[2026-09-16T18:34:21.591+0000] {logging_mixin.py:188} INFO - [2026-09-16T18:34:21.590+0000] {dagbag.py:545} INFO - Filling up the DagBag from /opt/airflow/dags/json_dag.py
[2026-09-16T18:34:22.107+0000] {processor.py:840} INFO - DAG(s) 'json_dag' retrieved from /opt/airflow/dags/json_dag.py
[2026-09-16T18:34:22.131+0000] {logging_mixin.py:188} INFO - [2026-09-16T18:34:22.131+0000] {dag.py:3096} INFO - Sync 1 DAGs
[2026-09-16T18:34:22.153+0000] {logging_mixin.py:188} INFO - [2026-09-16T18:34:22.153+0000] {dag.py:3954} INFO - Setting next_dagrun for json_dag to 2026-09-16 08:59:00+00:00, run_after=2026-09-17 08:00:00+00:00
[2026-09-16T18:34:22.174+0000] {processor.py:183} INFO - Processing /opt/airflow/dags/json_dag.py took 0.600 seconds
[2026-09-16T18:34:52.311+0000] {processor.py:161} INFO - Started process (PID=356) to work on /opt/airflow/dags/json_dag.py
[2026-09-16T18:34:52.314+0000] {processor.py:830} INFO - Processing file /opt/airflow/dags/json_dag.py for tasks to queue
[2026-09-16T18:34:52.318+0000] {logging_mixin.py:188} INFO - [2026-09-16T18:34:52.317+0000] {dagbag.py:545} INFO - Filling up the DagBag from /opt/airflow/dags/json_dag.py
[2026-09-16T18:34:52.754+0000] {processor.py:840} INFO - DAG(s) 'json_dag' retrieved from /opt/airflow/dags/json_dag.py
[2026-09-16T18:34:52.773+0000] {logging_mixin.py:188} INFO - [2026-09-16T18:34:52.772+0000] {dag.py:3096} INFO - Sync 1 DAGs
[2026-09-16T18:34:52.791+0000] {logging_mixin.py:188} INFO - [2026-09-16T18:34:52.791+0000] {dag.py:3954} INFO - Setting next_dagrun for json_dag to 2026-09-16 08:59:00+00:00, run_after=2026-09-17 08:00:00+00:00
[2026-09-16T18:34:52.817+0000] {processor.py:183} INFO - Processing /opt/airflow/dags/json_dag.py took 0.513 seconds
[2026-09-16T18:35:22.960+0000] {processor.py:161} INFO - Started process (PID=365) to work on /opt/airflow/dags/json_dag.py
[2026-09-16T18:35:22.962+0000] {processor.py:830} INFO - Processing file /opt/airflow/dags/json_dag.py for tasks to queue
[2026-09-16T18:35:22.965+0000] {logging_mixin.py:188} INFO - [2026-09-16T18:35:22.964+0000] {dagbag.py:545} INFO - Filling up the DagBag from /opt/airflow/dags/json_dag.py
[2026-09-16T18:35:23.540+0000] {processor.py:840} INFO - DAG(s) 'json_dag' retrieved from /opt/airflow/dags/json_dag.py
[2026-09-16T18:35:23.571+0000] {logging_mixin.py:188} INFO - [2026-09-16T18:35:23.570+0000] {dag.py:3096} INFO - Sync 1 DAGs
[2026-09-16T18:35:23.605+0000] {logging_mixin.py:188} INFO - [2026-09-16T18:35:23.604+0000] {dag.py:3954} INFO - Setting next_dagrun for json_dag to 2026-09-16 08:59:00+00:00, run_after=2026-09-17 08:00:00+00:00
[2026-09-16T18:35:23.831+0000] {processor.py:183} INFO - Processing /opt/airflow/dags/json_dag.py took 0.880 seconds
[2026-09-16T18:36:38.035+0000] {processor.py:161} INFO - Started process (PID=60) to work on /opt/airflow/dags/json_dag.py
[2026-09-16T18:36:38.038+0000] {processor.py:830} INFO - Processing file /opt/airflow/dags/json_dag.py for tasks to queue
[2026-09-16T18:36:38.042+0000] {logging_mixin.py:188} INFO - [2026-09-16T18:36:38.041+0000] {dagbag.py:545} INFO - Filling up the DagBag from /opt/airflow/dags/json_dag.py
[2026-09-16T18:36:40.612+0000] {processor.py:840} INFO - DAG(s) 'json_dag' retrieved from /opt/airflow/dags/json_dag.py
[2026-09-16T18:36:41.137+0000] {logging_mixin.py:188} INFO - [2026-09-16T18:36:41.136+0000] {override.py:1829} INFO - Created Permission View: can edit on DAG:json_dag
[2026-09-16T18:36:41.158+0000] {logging_mixin.py:188} INFO - [2026-09-16T18:36:41.158+0000] {override.py:1829} INFO - Created Permission View: can delete on DAG:json_dag
[2026-09-16T18:36:41.170+0000] {logging_mixin.py:188} INFO - [2026-09-16T18:36:41.170+0000] {override.py:1829} INFO - Created Permission View: can read on DAG:json_dag
[2026-09-16T18:36:41.172+0000] {logging_mixin.py:188} INFO - [2026-09-16T18:36:41.171+0000] {dag.py:3096} INFO - Sync 1 DAGs
[2026-09-16T18:36:41.186+0000] {logging_mixin.py:188} INFO - [2026-09-16T18:36:41.186+0000] {dag.py:3118} INFO - Creating ORM DAG for json_dag
[2026-09-16T18:36:41.201+0000] {logging_mixin.py:188} INFO - [2026-09-16T18:36:41.200+0000] {dag.py:3954} INFO - Setting next_dagrun for json_dag to 2026-09-16 08:58:00+00:00, run_after=2026-09-16 08:59:00+00:00
[2026-09-16T18:36:41.242+0000] {processor.py:183} INFO - Processing /opt/airflow/dags/json_dag.py took 3.219 seconds
[2026-09-16T18:37:11.588+0000] {processor.py:161} INFO - Started process (PID=75) to work on /opt/airflow/dags/json_dag.py
[2026-09-16T18:37:11.590+0000] {processor.py:830} INFO - Processing file /opt/airflow/dags/json_dag.py for tasks to queue
[2026-09-16T18:37:11.592+0000] {logging_mixin.py:188} INFO - [2026-09-16T18:37:11.591+0000] {dagbag.py:545} INFO - Filling up the DagBag from /opt/airflow/dags/json_dag.py
[2026-09-16T18:37:11.992+0000] {processor.py:840} INFO - DAG(s) 'json_dag' retrieved from /opt/airflow/dags/json_dag.py
[2026-09-16T18:37:12.010+0000] {logging_mixin.py:188} INFO - [2026-09-16T18:37:12.010+0000] {dag.py:3096} INFO - Sync 1 DAGs
[2026-09-16T18:37:12.027+0000] {logging_mixin.py:188} INFO - [2026-09-16T18:37:12.027+0000] {dag.py:3954} INFO - Setting next_dagrun for json_dag to 2026-09-16 08:58:00+00:00, run_after=2026-09-16 08:59:00+00:00
[2026-09-16T18:37:12.043+0000] {processor.py:183} INFO - Processing /opt/airflow/dags/json_dag.py took 0.460 seconds
[2026-09-16T18:37:42.167+0000] {processor.py:161} INFO - Started process (PID=84) to work on /opt/airflow/dags/json_dag.py
[2026-09-16T18:37:42.169+0000] {processor.py:830} INFO - Processing file /opt/airflow/dags/json_dag.py for tasks to queue
[2026-09-16T18:37:42.173+0000] {logging_mixin.py:188} INFO - [2026-09-16T18:37:42.172+0000] {dagbag.py:545} INFO - Filling up the DagBag from /opt/airflow/dags/json_dag.py
[2026-09-16T18:37:42.737+0000] {processor.py:840} INFO - DAG(s) 'json_dag' retrieved from /opt/airflow/dags/json_dag.py
[2026-09-16T18:37:42.763+0000] {logging_mixin.py:188} INFO - [2026-09-16T18:37:42.762+0000] {dag.py:3096} INFO - Sync 1 DAGs
[2026-09-16T18:37:42.787+0000] {logging_mixin.py:188} INFO - [2026-09-16T18:37:42.787+0000] {dag.py:3954} INFO - Setting next_dagrun for json_dag to 2026-09-16 08:58:00+00:00, run_after=2026-09-16 08:59:00+00:00
[2026-09-16T18:37:42.813+0000] {processor.py:183} INFO - Processing /opt/airflow/dags/json_dag.py took 0.660 seconds
[2026-09-16T18:38:13.446+0000] {processor.py:161} INFO - Started process (PID=97) to work on /opt/airflow/dags/json_dag.py
[2026-09-16T18:38:13.449+0000] {processor.py:830} INFO - Processing file /opt/airflow/dags/json_dag.py for tasks to queue
[2026-09-16T18:38:13.452+0000] {logging_mixin.py:188} INFO - [2026-09-16T18:38:13.451+0000] {dagbag.py:545} INFO - Filling up the DagBag from /opt/airflow/dags/json_dag.py
[2026-09-16T18:38:14.041+0000] {processor.py:840} INFO - DAG(s) 'json_dag' retrieved from /opt/airflow/dags/json_dag.py
[2026-09-16T18:38:14.076+0000] {logging_mixin.py:188} INFO - [2026-09-16T18:38:14.075+0000] {dag.py:3096} INFO - Sync 1 DAGs
[2026-09-16T18:38:14.115+0000] {logging_mixin.py:188} INFO - [2026-09-16T18:38:14.115+0000] {dag.py:3954} INFO - Setting next_dagrun for json_dag to 2026-09-16 08:59:00+00:00, run_after=2026-09-17 08:00:00+00:00
[2026-09-16T18:38:14.144+0000] {processor.py:183} INFO - Processing /opt/airflow/dags/json_dag.py took 0.708 seconds
[2026-09-16T18:38:44.902+0000] {processor.py:161} INFO - Started process (PID=106) to work on /opt/airflow/dags/json_dag.py
[2026-09-16T18:38:44.904+0000] {processor.py:830} INFO - Processing file /opt/airflow/dags/json_dag.py for tasks to queue
[2026-09-16T18:38:44.907+0000] {logging_mixin.py:188} INFO - [2026-09-16T18:38:44.907+0000] {dagbag.py:545} INFO - Filling up the DagBag from /opt/airflow/dags/json_dag.py
[2026-09-16T18:38:45.446+0000] {processor.py:840} INFO - DAG(s) 'json_dag' retrieved from /opt/airflow/dags/json_dag.py
[2026-09-16T18:38:45.470+0000] {logging_mixin.py:188} INFO - [2026-09-16T18:38:45.470+0000] {dag.py:3096} INFO - Sync 1 DAGs
[2026-09-16T18:38:45.493+0000] {logging_mixin.py:188} INFO - [2026-09-16T18:38:45.493+0000] {dag.py:3954} INFO - Setting next_dagrun for json_dag to 2026-09-16 08:59:00+00:00, run_after=2026-09-17 08:00:00+00:00
[2026-09-16T18:38:45.516+0000] {processor.py:183} INFO - Processing /opt/airflow/dags/json_dag.py took 0.622 seconds
[2026-09-16T18:39:16.414+0000] {processor.py:161} INFO - Started process (PID=115) to work on /opt/airflow/dags/json_dag.py
[2026-09-16T18:39:16.415+0000] {processor.py:830} INFO - Processing file /opt/airflow/dags/json_dag.py for tasks to queue
[2026-09-16T18:39:16.417+0000] {logging_mixin.py:188} INFO - [2026-09-16T18:39:16.417+0000] {dagbag.py:545} INFO - Filling up the DagBag from /opt/airflow/dags/json_dag.py
[2026-09-16T18:39:16.963+0000] {processor.py:840} INFO - DAG(s) 'json_dag' retrieved from /opt/airflow/dags/json_dag.py
[2026-09-16T18:39:17.004+0000] {logging_mixin.py:188} INFO - [2026-09-16T18:39:17.003+0000] {dag.py:3096} INFO - Sync 1 DAGs
[2026-09-16T18:39:17.034+0000] {logging_mixin.py:188} INFO - [2026-09-16T18:39:17.033+0000] {dag.py:3954} INFO - Setting next_dagrun for json_dag to 2026-09-16 08:59:00+00:00, run_after=2026-09-17 08:00:00+00:00
[2026-09-16T18:39:17.064+0000] {processor.py:183} INFO - Processing /opt/airflow/dags/json_dag.py took 0.657 seconds
[2026-09-16T18:39:47.844+0000] {processor.py:161} INFO - Started process (PID=140) to work on /opt/airflow/dags/json_dag.py
[2026-09-16T18:39:47.846+0000] {processor.py:830} INFO - Processing file /opt/airflow/dags/json_dag.py for tasks to queue
[2026-09-16T18:39:47.848+0000] {logging_mixin.py:188} INFO - [2026-09-16T18:39:47.847+0000] {dagbag.py:545} INFO - Filling up the DagBag from /opt/airflow/dags/json_dag.py
[2026-09-16T18:39:48.344+0000] {processor.py:840} INFO - DAG(s) 'json_dag' retrieved from /opt/airflow/dags/json_dag.py
[2026-09-16T18:39:48.378+0000] {logging_mixin.py:188} INFO - [2026-09-16T18:39:48.378+0000] {dag.py:3096} INFO - Sync 1 DAGs
[2026-09-16T18:39:48.421+0000] {logging_mixin.py:188} INFO - [2026-09-16T18:39:48.420+0000] {dag.py:3954} INFO - Setting next_dagrun for json_dag to 2026-09-16 08:59:00+00:00, run_after=2026-09-17 08:00:00+00:00
[2026-09-16T18:39:48.455+0000] {processor.py:183} INFO - Processing /opt/airflow/dags/json_dag.py took 0.618 seconds
[2026-09-16T18:40:19.288+0000] {processor.py:161} INFO - Started process (PID=149) to work on /opt/airflow/dags/json_dag.py
[2026-09-16T18:40:19.289+0000] {processor.py:830} INFO - Processing file /opt/airflow/dags/json_dag.py for tasks to queue
[2026-09-16T18:40:19.291+0000] {logging_mixin.py:188} INFO - [2026-09-16T18:40:19.291+0000] {dagbag.py:545} INFO - Filling up the DagBag from /opt/airflow/dags/json_dag.py
[2026-09-16T18:40:19.768+0000] {processor.py:840} INFO - DAG(s) 'json_dag' retrieved from /opt/airflow/dags/json_dag.py
[2026-09-16T18:40:19.789+0000] {logging_mixin.py:188} INFO - [2026-09-16T18:40:19.788+0000] {dag.py:3096} INFO - Sync 1 DAGs
[2026-09-16T18:40:19.814+0000] {logging_mixin.py:188} INFO - [2026-09-16T18:40:19.814+0000] {dag.py:3954} INFO - Setting next_dagrun for json_dag to 2026-09-16 08:59:00+00:00, run_after=2026-09-17 08:00:00+00:00
[2026-09-16T18:40:19.842+0000] {processor.py:183} INFO - Processing /opt/airflow/dags/json_dag.py took 0.563 seconds
[2026-09-16T18:40:50.680+0000] {processor.py:161} INFO - Started process (PID=158) to work on /opt/airflow/dags/json_dag.py
[2026-09-16T18:40:50.682+0000] {processor.py:830} INFO - Processing file /opt/airflow/dags/json_dag.py for tasks to queue
[2026-09-16T18:40:50.685+0000] {logging_mixin.py:188} INFO - [2026-09-16T18:40:50.684+0000] {dagbag.py:545} INFO - Filling up the DagBag from /opt/airflow/dags/json_dag.py
[2026-09-16T18:40:51.128+0000] {processor.py:840} INFO - DAG(s) 'json_dag' retrieved from /opt/airflow/dags/json_dag.py
[2026-09-16T18:40:51.154+0000] {logging_mixin.py:188} INFO - [2026-09-16T18:40:51.153+0000] {dag.py:3096} INFO - Sync 1 DAGs
[2026-09-16T18:40:51.181+0000] {logging_mixin.py:188} INFO - [2026-09-16T18:40:51.181+0000] {dag.py:3954} INFO - Setting next_dagrun for json_dag to 2026-09-16 08:59:00+00:00, run_after=2026-09-17 08:00:00+00:00
[2026-09-16T18:40:51.206+0000] {processor.py:183} INFO - Processing /opt/airflow/dags/json_dag.py took 0.532 seconds
[2026-09-16T18:41:22.107+0000] {processor.py:161} INFO - Started process (PID=167) to work on /opt/airflow/dags/json_dag.py
[2026-09-16T18:41:22.109+0000] {processor.py:830} INFO - Processing file /opt/airflow/dags/json_dag.py for tasks to queue
[2026-09-16T18:41:22.113+0000] {logging_mixin.py:188} INFO - [2026-09-16T18:41:22.113+0000] {dagbag.py:545} INFO - Filling up the DagBag from /opt/airflow/dags/json_dag.py
[2026-09-16T18:41:22.643+0000] {processor.py:840} INFO - DAG(s) 'json_dag' retrieved from /opt/airflow/dags/json_dag.py
[2026-09-16T18:41:22.664+0000] {logging_mixin.py:188} INFO - [2026-09-16T18:41:22.663+0000] {dag.py:3096} INFO - Sync 1 DAGs
[2026-09-16T18:41:22.701+0000] {logging_mixin.py:188} INFO - [2026-09-16T18:41:22.701+0000] {dag.py:3954} INFO - Setting next_dagrun for json_dag to 2026-09-16 08:59:00+00:00, run_after=2026-09-17 08:00:00+00:00
[2026-09-16T18:41:22.732+0000] {processor.py:183} INFO - Processing /opt/airflow/dags/json_dag.py took 0.636 seconds
[2026-09-16T18:41:53.280+0000] {processor.py:161} INFO - Started process (PID=194) to work on /opt/airflow/dags/json_dag.py
[2026-09-16T18:41:53.281+0000] {processor.py:830} INFO - Processing file /opt/airflow/dags/json_dag.py for tasks to queue
[2026-09-16T18:41:53.284+0000] {logging_mixin.py:188} INFO - [2026-09-16T18:41:53.284+0000] {dagbag.py:545} INFO - Filling up the DagBag from /opt/airflow/dags/json_dag.py
[2026-09-16T18:41:53.915+0000] {processor.py:840} INFO - DAG(s) 'json_dag' retrieved from /opt/airflow/dags/json_dag.py
[2026-09-16T18:41:53.945+0000] {logging_mixin.py:188} INFO - [2026-09-16T18:41:53.945+0000] {dag.py:3096} INFO - Sync 1 DAGs
[2026-09-16T18:41:53.981+0000] {logging_mixin.py:188} INFO - [2026-09-16T18:41:53.981+0000] {dag.py:3954} INFO - Setting next_dagrun for json_dag to 2026-09-16 08:59:00+00:00, run_after=2026-09-17 08:00:00+00:00
[2026-09-16T18:41:54.009+0000] {processor.py:183} INFO - Processing /opt/airflow/dags/json_dag.py took 0.738 seconds
[2026-09-16T18:42:24.716+0000] {processor.py:161} INFO - Started process (PID=225) to work on /opt/airflow/dags/json_dag.py
[2026-09-16T18:42:24.718+0000] {processor.py:830} INFO - Processing file /opt/airflow/dags/json_dag.py for tasks to queue
[2026-09-16T18:42:24.722+0000] {logging_mixin.py:188} INFO - [2026-09-16T18:42:24.721+0000] {dagbag.py:545} INFO - Filling up the DagBag from /opt/airflow/dags/json_dag.py
[2026-09-16T18:42:25.613+0000] {processor.py:840} INFO - DAG(s) 'json_dag' retrieved from /opt/airflow/dags/json_dag.py
[2026-09-16T18:42:25.646+0000] {logging_mixin.py:188} INFO - [2026-09-16T18:42:25.645+0000] {dag.py:3096} INFO - Sync 1 DAGs
[2026-09-16T18:42:25.689+0000] {logging_mixin.py:188} INFO - [2026-09-16T18:42:25.689+0000] {dag.py:3954} INFO - Setting next_dagrun for json_dag to 2026-09-16 08:59:00+00:00, run_after=2026-09-17 08:00:00+00:00
[2026-09-16T18:42:25.719+0000] {processor.py:183} INFO - Processing /opt/airflow/dags/json_dag.py took 1.013 seconds
[2026-09-16T18:42:56.068+0000] {processor.py:161} INFO - Started process (PID=234) to work on /opt/airflow/dags/json_dag.py
[2026-09-16T18:42:56.072+0000] {processor.py:830} INFO - Processing file /opt/airflow/dags/json_dag.py for tasks to queue
[2026-09-16T18:42:56.083+0000] {logging_mixin.py:188} INFO - [2026-09-16T18:42:56.081+0000] {dagbag.py:545} INFO - Filling up the DagBag from /opt/airflow/dags/json_dag.py
[2026-09-16T18:42:56.787+0000] {processor.py:840} INFO - DAG(s) 'json_dag' retrieved from /opt/airflow/dags/json_dag.py
[2026-09-16T18:42:56.813+0000] {logging_mixin.py:188} INFO - [2026-09-16T18:42:56.813+0000] {dag.py:3096} INFO - Sync 1 DAGs
[2026-09-16T18:42:56.841+0000] {logging_mixin.py:188} INFO - [2026-09-16T18:42:56.841+0000] {dag.py:3954} INFO - Setting next_dagrun for json_dag to 2026-09-16 08:59:00+00:00, run_after=2026-09-17 08:00:00+00:00
[2026-09-16T18:42:56.865+0000] {processor.py:183} INFO - Processing /opt/airflow/dags/json_dag.py took 0.826 seconds
[2026-09-16T18:43:27.183+0000] {processor.py:161} INFO - Started process (PID=243) to work on /opt/airflow/dags/json_dag.py
[2026-09-16T18:43:27.187+0000] {processor.py:830} INFO - Processing file /opt/airflow/dags/json_dag.py for tasks to queue
[2026-09-16T18:43:27.194+0000] {logging_mixin.py:188} INFO - [2026-09-16T18:43:27.193+0000] {dagbag.py:545} INFO - Filling up the DagBag from /opt/airflow/dags/json_dag.py
[2026-09-16T18:43:27.783+0000] {processor.py:840} INFO - DAG(s) 'json_dag' retrieved from /opt/airflow/dags/json_dag.py
[2026-09-16T18:43:27.815+0000] {logging_mixin.py:188} INFO - [2026-09-16T18:43:27.814+0000] {dag.py:3096} INFO - Sync 1 DAGs
[2026-09-16T18:43:27.838+0000] {logging_mixin.py:188} INFO - [2026-09-16T18:43:27.838+0000] {dag.py:3954} INFO - Setting next_dagrun for json_dag to 2026-09-16 08:59:00+00:00, run_after=2026-09-17 08:00:00+00:00
[2026-09-16T18:43:27.865+0000] {processor.py:183} INFO - Processing /opt/airflow/dags/json_dag.py took 0.689 seconds
[2026-09-16T18:43:58.680+0000] {processor.py:161} INFO - Started process (PID=252) to work on /opt/airflow/dags/json_dag.py
[2026-09-16T18:43:58.682+0000] {processor.py:830} INFO - Processing file /opt/airflow/dags/json_dag.py for tasks to queue
[2026-09-16T18:43:58.685+0000] {logging_mixin.py:188} INFO - [2026-09-16T18:43:58.685+0000] {dagbag.py:545} INFO - Filling up the DagBag from /opt/airflow/dags/json_dag.py
[2026-09-16T18:43:59.215+0000] {processor.py:840} INFO - DAG(s) 'json_dag' retrieved from /opt/airflow/dags/json_dag.py
[2026-09-16T18:43:59.252+0000] {logging_mixin.py:188} INFO - [2026-09-16T18:43:59.252+0000] {dag.py:3096} INFO - Sync 1 DAGs
[2026-09-16T18:43:59.295+0000] {logging_mixin.py:188} INFO - [2026-09-16T18:43:59.295+0000] {dag.py:3954} INFO - Setting next_dagrun for json_dag to 2026-09-16 08:59:00+00:00, run_after=2026-09-17 08:00:00+00:00
[2026-09-16T18:43:59.320+0000] {processor.py:183} INFO - Processing /opt/airflow/dags/json_dag.py took 0.652 seconds
[2026-09-16T18:44:30.133+0000] {processor.py:161} INFO - Started process (PID=261) to work on /opt/airflow/dags/json_dag.py
[2026-09-16T18:44:30.135+0000] {processor.py:830} INFO - Processing file /opt/airflow/dags/json_dag.py for tasks to queue
[2026-09-16T18:44:30.138+0000] {logging_mixin.py:188} INFO - [2026-09-16T18:44:30.138+0000] {dagbag.py:545} INFO - Filling up the DagBag from /opt/airflow/dags/json_dag.py
[2026-09-16T18:44:30.798+0000] {processor.py:840} INFO - DAG(s) 'json_dag' retrieved from /opt/airflow/dags/json_dag.py
[2026-09-16T18:44:30.828+0000] {logging_mixin.py:188} INFO - [2026-09-16T18:44:30.827+0000] {dag.py:3096} INFO - Sync 1 DAGs
[2026-09-16T18:44:30.862+0000] {logging_mixin.py:188} INFO - [2026-09-16T18:44:30.861+0000] {dag.py:3954} INFO - Setting next_dagrun for json_dag to 2026-09-16 08:59:00+00:00, run_after=2026-09-17 08:00:00+00:00
[2026-09-16T18:44:30.891+0000] {processor.py:183} INFO - Processing /opt/airflow/dags/json_dag.py took 0.767 seconds
[2026-09-16T18:45:01.579+0000] {processor.py:161} INFO - Started process (PID=270) to work on /opt/airflow/dags/json_dag.py
[2026-09-16T18:45:01.581+0000] {processor.py:830} INFO - Processing file /opt/airflow/dags/json_dag.py for tasks to queue
[2026-09-16T18:45:01.585+0000] {logging_mixin.py:188} INFO - [2026-09-16T18:45:01.585+0000] {dagbag.py:545} INFO - Filling up the DagBag from /opt/airflow/dags/json_dag.py
[2026-09-16T18:45:02.158+0000] {processor.py:840} INFO - DAG(s) 'json_dag' retrieved from /opt/airflow/dags/json_dag.py
[2026-09-16T18:45:02.184+0000] {logging_mixin.py:188} INFO - [2026-09-16T18:45:02.184+0000] {dag.py:3096} INFO - Sync 1 DAGs
[2026-09-16T18:45:02.214+0000] {logging_mixin.py:188} INFO - [2026-09-16T18:45:02.214+0000] {dag.py:3954} INFO - Setting next_dagrun for json_dag to 2026-09-16 08:59:00+00:00, run_after=2026-09-17 08:00:00+00:00
[2026-09-16T18:45:02.241+0000] {processor.py:183} INFO - Processing /opt/airflow/dags/json_dag.py took 0.669 seconds
[2026-09-16T18:45:33.005+0000] {processor.py:161} INFO - Started process (PID=279) to work on /opt/airflow/dags/json_dag.py
[2026-09-16T18:45:33.007+0000] {processor.py:830} INFO - Processing file /opt/airflow/dags/json_dag.py for tasks to queue
[2026-09-16T18:45:33.009+0000] {logging_mixin.py:188} INFO - [2026-09-16T18:45:33.009+0000] {dagbag.py:545} INFO - Filling up the DagBag from /opt/airflow/dags/json_dag.py
[2026-09-16T18:45:33.513+0000] {processor.py:840} INFO - DAG(s) 'json_dag' retrieved from /opt/airflow/dags/json_dag.py
[2026-09-16T18:45:33.538+0000] {logging_mixin.py:188} INFO - [2026-09-16T18:45:33.537+0000] {dag.py:3096} INFO - Sync 1 DAGs
[2026-09-16T18:45:33.561+0000] {logging_mixin.py:188} INFO - [2026-09-16T18:45:33.561+0000] {dag.py:3954} INFO - Setting next_dagrun for json_dag to 2026-09-16 08:59:00+00:00, run_after=2026-09-17 08:00:00+00:00
[2026-09-16T18:45:33.585+0000] {processor.py:183} INFO - Processing /opt/airflow/dags/json_dag.py took 0.592 seconds
[2026-09-16T18:46:04.477+0000] {processor.py:161} INFO - Started process (PID=288) to work on /opt/airflow/dags/json_dag.py
[2026-09-16T18:46:04.479+0000] {processor.py:830} INFO - Processing file /opt/airflow/dags/json_dag.py for tasks to queue
[2026-09-16T18:46:04.482+0000] {logging_mixin.py:188} INFO - [2026-09-16T18:46:04.482+0000] {dagbag.py:545} INFO - Filling up the DagBag from /opt/airflow/dags/json_dag.py
[2026-09-16T18:46:05.031+0000] {processor.py:840} INFO - DAG(s) 'json_dag' retrieved from /opt/airflow/dags/json_dag.py
[2026-09-16T18:46:05.058+0000] {logging_mixin.py:188} INFO - [2026-09-16T18:46:05.057+0000] {dag.py:3096} INFO - Sync 1 DAGs
[2026-09-16T18:46:05.087+0000] {logging_mixin.py:188} INFO - [2026-09-16T18:46:05.087+0000] {dag.py:3954} INFO - Setting next_dagrun for json_dag to 2026-09-16 08:59:00+00:00, run_after=2026-09-17 08:00:00+00:00
[2026-09-16T18:46:05.112+0000] {processor.py:183} INFO - Processing /opt/airflow/dags/json_dag.py took 0.644 seconds
[2026-09-16T18:46:35.916+0000] {processor.py:161} INFO - Started process (PID=297) to work on /opt/airflow/dags/json_dag.py
[2026-09-16T18:46:35.918+0000] {processor.py:830} INFO - Processing file /opt/airflow/dags/json_dag.py for tasks to queue
[2026-09-16T18:46:35.921+0000] {logging_mixin.py:188} INFO - [2026-09-16T18:46:35.921+0000] {dagbag.py:545} INFO - Filling up the DagBag from /opt/airflow/dags/json_dag.py
[2026-09-16T18:46:36.399+0000] {processor.py:840} INFO - DAG(s) 'json_dag' retrieved from /opt/airflow/dags/json_dag.py
[2026-09-16T18:46:36.423+0000] {logging_mixin.py:188} INFO - [2026-09-16T18:46:36.422+0000] {dag.py:3096} INFO - Sync 1 DAGs
[2026-09-16T18:46:36.446+0000] {logging_mixin.py:188} INFO - [2026-09-16T18:46:36.446+0000] {dag.py:3954} INFO - Setting next_dagrun for json_dag to 2026-09-16 08:59:00+00:00, run_after=2026-09-17 08:00:00+00:00
[2026-09-16T18:46:36.472+0000] {processor.py:183} INFO - Processing /opt/airflow/dags/json_dag.py took 0.568 seconds
[2026-09-16T18:47:07.412+0000] {processor.py:161} INFO - Started process (PID=306) to work on /opt/airflow/dags/json_dag.py
[2026-09-16T18:47:07.414+0000] {processor.py:830} INFO - Processing file /opt/airflow/dags/json_dag.py for tasks to queue
[2026-09-16T18:47:07.418+0000] {logging_mixin.py:188} INFO - [2026-09-16T18:47:07.417+0000] {dagbag.py:545} INFO - Filling up the DagBag from /opt/airflow/dags/json_dag.py
[2026-09-16T18:47:07.870+0000] {processor.py:840} INFO - DAG(s) 'json_dag' retrieved from /opt/airflow/dags/json_dag.py
[2026-09-16T18:47:07.893+0000] {logging_mixin.py:188} INFO - [2026-09-16T18:47:07.893+0000] {dag.py:3096} INFO - Sync 1 DAGs
[2026-09-16T18:47:07.919+0000] {logging_mixin.py:188} INFO - [2026-09-16T18:47:07.919+0000] {dag.py:3954} INFO - Setting next_dagrun for json_dag to 2026-09-16 08:59:00+00:00, run_after=2026-09-17 08:00:00+00:00
[2026-09-16T18:47:07.942+0000] {processor.py:183} INFO - Processing /opt/airflow/dags/json_dag.py took 0.540 seconds
[2026-09-16T18:47:38.861+0000] {processor.py:161} INFO - Started process (PID=315) to work on /opt/airflow/dags/json_dag.py
[2026-09-16T18:47:38.863+0000] {processor.py:830} INFO - Processing file /opt/airflow/dags/json_dag.py for tasks to queue
[2026-09-16T18:47:38.866+0000] {logging_mixin.py:188} INFO - [2026-09-16T18:47:38.866+0000] {dagbag.py:545} INFO - Filling up the DagBag from /opt/airflow/dags/json_dag.py
[2026-09-16T18:47:39.423+0000] {processor.py:840} INFO - DAG(s) 'json_dag' retrieved from /opt/airflow/dags/json_dag.py
[2026-09-16T18:47:39.445+0000] {logging_mixin.py:188} INFO - [2026-09-16T18:47:39.444+0000] {dag.py:3096} INFO - Sync 1 DAGs
[2026-09-16T18:47:39.466+0000] {logging_mixin.py:188} INFO - [2026-09-16T18:47:39.465+0000] {dag.py:3954} INFO - Setting next_dagrun for json_dag to 2026-09-16 08:59:00+00:00, run_after=2026-09-17 08:00:00+00:00
[2026-09-16T18:47:39.490+0000] {processor.py:183} INFO - Processing /opt/airflow/dags/json_dag.py took 0.636 seconds
[2026-09-16T18:48:10.297+0000] {processor.py:161} INFO - Started process (PID=324) to work on /opt/airflow/dags/json_dag.py
[2026-09-16T18:48:10.298+0000] {processor.py:830} INFO - Processing file /opt/airflow/dags/json_dag.py for tasks to queue
[2026-09-16T18:48:10.301+0000] {logging_mixin.py:188} INFO - [2026-09-16T18:48:10.301+0000] {dagbag.py:545} INFO - Filling up the DagBag from /opt/airflow/dags/json_dag.py
[2026-09-16T18:48:10.862+0000] {processor.py:840} INFO - DAG(s) 'json_dag' retrieved from /opt/airflow/dags/json_dag.py
[2026-09-16T18:48:10.895+0000] {logging_mixin.py:188} INFO - [2026-09-16T18:48:10.895+0000] {dag.py:3096} INFO - Sync 1 DAGs
[2026-09-16T18:48:10.919+0000] {logging_mixin.py:188} INFO - [2026-09-16T18:48:10.918+0000] {dag.py:3954} INFO - Setting next_dagrun for json_dag to 2026-09-16 08:59:00+00:00, run_after=2026-09-17 08:00:00+00:00
[2026-09-16T18:48:10.944+0000] {processor.py:183} INFO - Processing /opt/airflow/dags/json_dag.py took 0.656 seconds
[2026-09-16T18:48:41.711+0000] {processor.py:161} INFO - Started process (PID=333) to work on /opt/airflow/dags/json_dag.py
[2026-09-16T18:48:41.713+0000] {processor.py:830} INFO - Processing file /opt/airflow/dags/json_dag.py for tasks to queue
[2026-09-16T18:48:41.717+0000] {logging_mixin.py:188} INFO - [2026-09-16T18:48:41.716+0000] {dagbag.py:545} INFO - Filling up the DagBag from /opt/airflow/dags/json_dag.py
[2026-09-16T18:48:42.250+0000] {processor.py:840} INFO - DAG(s) 'json_dag' retrieved from /opt/airflow/dags/json_dag.py
[2026-09-16T18:48:42.286+0000] {logging_mixin.py:188} INFO - [2026-09-16T18:48:42.285+0000] {dag.py:3096} INFO - Sync 1 DAGs
[2026-09-16T18:48:42.333+0000] {logging_mixin.py:188} INFO - [2026-09-16T18:48:42.332+0000] {dag.py:3954} INFO - Setting next_dagrun for json_dag to 2026-09-16 08:59:00+00:00, run_after=2026-09-17 08:00:00+00:00
[2026-09-16T18:48:42.369+0000] {processor.py:183} INFO - Processing /opt/airflow/dags/json_dag.py took 0.667 seconds
[2026-09-16T18:49:13.181+0000] {processor.py:161} INFO - Started process (PID=348) to work on /opt/airflow/dags/json_dag.py
[2026-09-16T18:49:13.184+0000] {processor.py:830} INFO - Processing file /opt/airflow/dags/json_dag.py for tasks to queue
[2026-09-16T18:49:13.187+0000] {logging_mixin.py:188} INFO - [2026-09-16T18:49:13.187+0000] {dagbag.py:545} INFO - Filling up the DagBag from /opt/airflow/dags/json_dag.py
[2026-09-16T18:49:13.814+0000] {processor.py:840} INFO - DAG(s) 'json_dag' retrieved from /opt/airflow/dags/json_dag.py
[2026-09-16T18:49:13.845+0000] {logging_mixin.py:188} INFO - [2026-09-16T18:49:13.844+0000] {dag.py:3096} INFO - Sync 1 DAGs
[2026-09-16T18:49:13.874+0000] {logging_mixin.py:188} INFO - [2026-09-16T18:49:13.874+0000] {dag.py:3954} INFO - Setting next_dagrun for json_dag to 2026-09-16 08:59:00+00:00, run_after=2026-09-17 08:00:00+00:00
[2026-09-16T18:49:13.908+0000] {processor.py:183} INFO - Processing /opt/airflow/dags/json_dag.py took 0.737 seconds
[2026-09-16T18:49:44.649+0000] {processor.py:161} INFO - Started process (PID=357) to work on /opt/airflow/dags/json_dag.py
[2026-09-16T18:49:44.653+0000] {processor.py:830} INFO - Processing file /opt/airflow/dags/json_dag.py for tasks to queue
[2026-09-16T18:49:44.657+0000] {logging_mixin.py:188} INFO - [2026-09-16T18:49:44.656+0000] {dagbag.py:545} INFO - Filling up the DagBag from /opt/airflow/dags/json_dag.py
[2026-09-16T18:49:45.145+0000] {processor.py:840} INFO - DAG(s) 'json_dag' retrieved from /opt/airflow/dags/json_dag.py
[2026-09-16T18:49:45.167+0000] {logging_mixin.py:188} INFO - [2026-09-16T18:49:45.167+0000] {dag.py:3096} INFO - Sync 1 DAGs
[2026-09-16T18:49:45.190+0000] {logging_mixin.py:188} INFO - [2026-09-16T18:49:45.190+0000] {dag.py:3954} INFO - Setting next_dagrun for json_dag to 2026-09-16 08:59:00+00:00, run_after=2026-09-17 08:00:00+00:00
[2026-09-16T18:49:45.220+0000] {processor.py:183} INFO - Processing /opt/airflow/dags/json_dag.py took 0.584 seconds
[2026-09-16T18:50:16.107+0000] {processor.py:161} INFO - Started process (PID=366) to work on /opt/airflow/dags/json_dag.py
[2026-09-16T18:50:16.109+0000] {processor.py:830} INFO - Processing file /opt/airflow/dags/json_dag.py for tasks to queue
[2026-09-16T18:50:16.112+0000] {logging_mixin.py:188} INFO - [2026-09-16T18:50:16.112+0000] {dagbag.py:545} INFO - Filling up the DagBag from /opt/airflow/dags/json_dag.py
[2026-09-16T18:50:16.730+0000] {processor.py:840} INFO - DAG(s) 'json_dag' retrieved from /opt/airflow/dags/json_dag.py
[2026-09-16T18:50:16.756+0000] {logging_mixin.py:188} INFO - [2026-09-16T18:50:16.756+0000] {dag.py:3096} INFO - Sync 1 DAGs
[2026-09-16T18:50:16.787+0000] {logging_mixin.py:188} INFO - [2026-09-16T18:50:16.787+0000] {dag.py:3954} INFO - Setting next_dagrun for json_dag to 2026-09-16 08:59:00+00:00, run_after=2026-09-17 08:00:00+00:00
[2026-09-16T18:50:16.813+0000] {processor.py:183} INFO - Processing /opt/airflow/dags/json_dag.py took 0.720 seconds
[2026-09-16T18:50:47.576+0000] {processor.py:161} INFO - Started process (PID=375) to work on /opt/airflow/dags/json_dag.py
[2026-09-16T18:50:47.580+0000] {processor.py:830} INFO - Processing file /opt/airflow/dags/json_dag.py for tasks to queue
[2026-09-16T18:50:47.587+0000] {logging_mixin.py:188} INFO - [2026-09-16T18:50:47.586+0000] {dagbag.py:545} INFO - Filling up the DagBag from /opt/airflow/dags/json_dag.py
[2026-09-16T18:50:49.341+0000] {processor.py:840} INFO - DAG(s) 'json_dag' retrieved from /opt/airflow/dags/json_dag.py
[2026-09-16T18:50:49.378+0000] {logging_mixin.py:188} INFO - [2026-09-16T18:50:49.378+0000] {dag.py:3096} INFO - Sync 1 DAGs
[2026-09-16T18:50:49.417+0000] {logging_mixin.py:188} INFO - [2026-09-16T18:50:49.417+0000] {dag.py:3954} INFO - Setting next_dagrun for json_dag to 2026-09-16 08:59:00+00:00, run_after=2026-09-17 08:00:00+00:00
[2026-09-16T18:50:49.452+0000] {processor.py:183} INFO - Processing /opt/airflow/dags/json_dag.py took 1.889 seconds
[2026-09-16T18:51:20.174+0000] {processor.py:161} INFO - Started process (PID=384) to work on /opt/airflow/dags/json_dag.py
[2026-09-16T18:51:20.175+0000] {processor.py:830} INFO - Processing file /opt/airflow/dags/json_dag.py for tasks to queue
[2026-09-16T18:51:20.181+0000] {logging_mixin.py:188} INFO - [2026-09-16T18:51:20.181+0000] {dagbag.py:545} INFO - Filling up the DagBag from /opt/airflow/dags/json_dag.py
[2026-09-16T18:51:20.926+0000] {processor.py:840} INFO - DAG(s) 'json_dag' retrieved from /opt/airflow/dags/json_dag.py
[2026-09-16T18:51:20.957+0000] {logging_mixin.py:188} INFO - [2026-09-16T18:51:20.957+0000] {dag.py:3096} INFO - Sync 1 DAGs
[2026-09-16T18:51:20.988+0000] {logging_mixin.py:188} INFO - [2026-09-16T18:51:20.988+0000] {dag.py:3954} INFO - Setting next_dagrun for json_dag to 2026-09-16 08:59:00+00:00, run_after=2026-09-17 08:00:00+00:00
[2026-09-16T18:51:21.028+0000] {processor.py:183} INFO - Processing /opt/airflow/dags/json_dag.py took 0.870 seconds
[2026-09-16T18:51:51.499+0000] {processor.py:161} INFO - Started process (PID=394) to work on /opt/airflow/dags/json_dag.py
[2026-09-16T18:51:51.502+0000] {processor.py:830} INFO - Processing file /opt/airflow/dags/json_dag.py for tasks to queue
[2026-09-16T18:51:51.506+0000] {logging_mixin.py:188} INFO - [2026-09-16T18:51:51.506+0000] {dagbag.py:545} INFO - Filling up the DagBag from /opt/airflow/dags/json_dag.py
[2026-09-16T18:51:52.130+0000] {processor.py:840} INFO - DAG(s) 'json_dag' retrieved from /opt/airflow/dags/json_dag.py
[2026-09-16T18:51:52.153+0000] {logging_mixin.py:188} INFO - [2026-09-16T18:51:52.153+0000] {dag.py:3096} INFO - Sync 1 DAGs
[2026-09-16T18:51:52.175+0000] {logging_mixin.py:188} INFO - [2026-09-16T18:51:52.175+0000] {dag.py:3954} INFO - Setting next_dagrun for json_dag to 2026-09-16 08:59:00+00:00, run_after=2026-09-17 08:00:00+00:00
[2026-09-16T18:51:52.196+0000] {processor.py:183} INFO - Processing /opt/airflow/dags/json_dag.py took 0.711 seconds
[2026-09-16T18:52:22.304+0000] {processor.py:161} INFO - Started process (PID=403) to work on /opt/airflow/dags/json_dag.py
[2026-09-16T18:52:22.306+0000] {processor.py:830} INFO - Processing file /opt/airflow/dags/json_dag.py for tasks to queue
[2026-09-16T18:52:22.309+0000] {logging_mixin.py:188} INFO - [2026-09-16T18:52:22.308+0000] {dagbag.py:545} INFO - Filling up the DagBag from /opt/airflow/dags/json_dag.py
[2026-09-16T18:52:24.209+0000] {processor.py:840} INFO - DAG(s) 'json_dag' retrieved from /opt/airflow/dags/json_dag.py
[2026-09-16T18:52:24.255+0000] {logging_mixin.py:188} INFO - [2026-09-16T18:52:24.254+0000] {dag.py:3096} INFO - Sync 1 DAGs
[2026-09-16T18:52:24.298+0000] {logging_mixin.py:188} INFO - [2026-09-16T18:52:24.297+0000] {dag.py:3954} INFO - Setting next_dagrun for json_dag to 2026-09-16 08:59:00+00:00, run_after=2026-09-17 08:00:00+00:00
[2026-09-16T18:52:24.334+0000] {processor.py:183} INFO - Processing /opt/airflow/dags/json_dag.py took 2.037 seconds
[2026-09-16T18:52:54.491+0000] {processor.py:161} INFO - Started process (PID=412) to work on /opt/airflow/dags/json_dag.py
[2026-09-16T18:52:54.492+0000] {processor.py:830} INFO - Processing file /opt/airflow/dags/json_dag.py for tasks to queue
[2026-09-16T18:52:54.494+0000] {logging_mixin.py:188} INFO - [2026-09-16T18:52:54.494+0000] {dagbag.py:545} INFO - Filling up the DagBag from /opt/airflow/dags/json_dag.py
[2026-09-16T18:52:55.061+0000] {processor.py:840} INFO - DAG(s) 'json_dag' retrieved from /opt/airflow/dags/json_dag.py
[2026-09-16T18:52:55.080+0000] {logging_mixin.py:188} INFO - [2026-09-16T18:52:55.080+0000] {dag.py:3096} INFO - Sync 1 DAGs
[2026-09-16T18:52:55.108+0000] {logging_mixin.py:188} INFO - [2026-09-16T18:52:55.108+0000] {dag.py:3954} INFO - Setting next_dagrun for json_dag to 2026-09-16 08:59:00+00:00, run_after=2026-09-17 08:00:00+00:00
[2026-09-16T18:52:55.129+0000] {processor.py:183} INFO - Processing /opt/airflow/dags/json_dag.py took 0.646 seconds
[2026-09-16T18:53:25.946+0000] {processor.py:161} INFO - Started process (PID=421) to work on /opt/airflow/dags/json_dag.py
[2026-09-16T18:53:25.947+0000] {processor.py:830} INFO - Processing file /opt/airflow/dags/json_dag.py for tasks to queue
[2026-09-16T18:53:25.949+0000] {logging_mixin.py:188} INFO - [2026-09-16T18:53:25.949+0000] {dagbag.py:545} INFO - Filling up the DagBag from /opt/airflow/dags/json_dag.py
[2026-09-16T18:53:26.315+0000] {processor.py:840} INFO - DAG(s) 'json_dag' retrieved from /opt/airflow/dags/json_dag.py
[2026-09-16T18:53:26.332+0000] {logging_mixin.py:188} INFO - [2026-09-16T18:53:26.332+0000] {dag.py:3096} INFO - Sync 1 DAGs
[2026-09-16T18:53:26.350+0000] {logging_mixin.py:188} INFO - [2026-09-16T18:53:26.350+0000] {dag.py:3954} INFO - Setting next_dagrun for json_dag to 2026-09-16 08:59:00+00:00, run_after=2026-09-17 08:00:00+00:00
[2026-09-16T18:53:26.366+0000] {processor.py:183} INFO - Processing /opt/airflow/dags/json_dag.py took 0.426 seconds
[2026-09-16T18:53:56.559+0000] {processor.py:161} INFO - Started process (PID=430) to work on /opt/airflow/dags/json_dag.py
[2026-09-16T18:53:56.561+0000] {processor.py:830} INFO - Processing file /opt/airflow/dags/json_dag.py for tasks to queue
[2026-09-16T18:53:56.565+0000] {logging_mixin.py:188} INFO - [2026-09-16T18:53:56.565+0000] {dagbag.py:545} INFO - Filling up the DagBag from /opt/airflow/dags/json_dag.py
[2026-09-16T18:53:57.198+0000] {processor.py:840} INFO - DAG(s) 'json_dag' retrieved from /opt/airflow/dags/json_dag.py
[2026-09-16T18:53:57.228+0000] {logging_mixin.py:188} INFO - [2026-09-16T18:53:57.227+0000] {dag.py:3096} INFO - Sync 1 DAGs
[2026-09-16T18:53:57.251+0000] {logging_mixin.py:188} INFO - [2026-09-16T18:53:57.251+0000] {dag.py:3954} INFO - Setting next_dagrun for json_dag to 2026-09-16 08:59:00+00:00, run_after=2026-09-17 08:00:00+00:00
[2026-09-16T18:53:57.268+0000] {processor.py:183} INFO - Processing /opt/airflow/dags/json_dag.py took 0.719 seconds
[2026-09-16T18:54:27.646+0000] {processor.py:161} INFO - Started process (PID=439) to work on /opt/airflow/dags/json_dag.py
[2026-09-16T18:54:27.648+0000] {processor.py:830} INFO - Processing file /opt/airflow/dags/json_dag.py for tasks to queue
[2026-09-16T18:54:27.651+0000] {logging_mixin.py:188} INFO - [2026-09-16T18:54:27.651+0000] {dagbag.py:545} INFO - Filling up the DagBag from /opt/airflow/dags/json_dag.py
[2026-09-16T18:54:28.922+0000] {processor.py:840} INFO - DAG(s) 'json_dag' retrieved from /opt/airflow/dags/json_dag.py
[2026-09-16T18:54:28.974+0000] {logging_mixin.py:188} INFO - [2026-09-16T18:54:28.973+0000] {dag.py:3096} INFO - Sync 1 DAGs
[2026-09-16T18:54:29.039+0000] {logging_mixin.py:188} INFO - [2026-09-16T18:54:29.038+0000] {dag.py:3954} INFO - Setting next_dagrun for json_dag to 2026-09-16 08:59:00+00:00, run_after=2026-09-17 08:00:00+00:00
[2026-09-16T18:54:29.091+0000] {processor.py:183} INFO - Processing /opt/airflow/dags/json_dag.py took 1.458 seconds
[2026-09-16T18:54:59.282+0000] {processor.py:161} INFO - Started process (PID=448) to work on /opt/airflow/dags/json_dag.py
[2026-09-16T18:54:59.285+0000] {processor.py:830} INFO - Processing file /opt/airflow/dags/json_dag.py for tasks to queue
[2026-09-16T18:54:59.288+0000] {logging_mixin.py:188} INFO - [2026-09-16T18:54:59.287+0000] {dagbag.py:545} INFO - Filling up the DagBag from /opt/airflow/dags/json_dag.py
[2026-09-16T18:54:59.945+0000] {processor.py:840} INFO - DAG(s) 'json_dag' retrieved from /opt/airflow/dags/json_dag.py
[2026-09-16T18:54:59.973+0000] {logging_mixin.py:188} INFO - [2026-09-16T18:54:59.972+0000] {dag.py:3096} INFO - Sync 1 DAGs
[2026-09-16T18:55:00.001+0000] {logging_mixin.py:188} INFO - [2026-09-16T18:55:00.001+0000] {dag.py:3954} INFO - Setting next_dagrun for json_dag to 2026-09-16 08:59:00+00:00, run_after=2026-09-17 08:00:00+00:00
[2026-09-16T18:55:00.030+0000] {processor.py:183} INFO - Processing /opt/airflow/dags/json_dag.py took 0.755 seconds
[2026-09-16T18:55:30.346+0000] {processor.py:161} INFO - Started process (PID=457) to work on /opt/airflow/dags/json_dag.py
[2026-09-16T18:55:30.348+0000] {processor.py:830} INFO - Processing file /opt/airflow/dags/json_dag.py for tasks to queue
[2026-09-16T18:55:30.351+0000] {logging_mixin.py:188} INFO - [2026-09-16T18:55:30.351+0000] {dagbag.py:545} INFO - Filling up the DagBag from /opt/airflow/dags/json_dag.py
[2026-09-16T18:55:30.860+0000] {processor.py:840} INFO - DAG(s) 'json_dag' retrieved from /opt/airflow/dags/json_dag.py
[2026-09-16T18:55:30.886+0000] {logging_mixin.py:188} INFO - [2026-09-16T18:55:30.885+0000] {dag.py:3096} INFO - Sync 1 DAGs
[2026-09-16T18:55:30.909+0000] {logging_mixin.py:188} INFO - [2026-09-16T18:55:30.909+0000] {dag.py:3954} INFO - Setting next_dagrun for json_dag to 2026-09-16 08:59:00+00:00, run_after=2026-09-17 08:00:00+00:00
[2026-09-16T18:55:31.103+0000] {processor.py:183} INFO - Processing /opt/airflow/dags/json_dag.py took 0.766 seconds
[2026-09-16T18:56:01.593+0000] {processor.py:161} INFO - Started process (PID=466) to work on /opt/airflow/dags/json_dag.py
[2026-09-16T18:56:01.596+0000] {processor.py:830} INFO - Processing file /opt/airflow/dags/json_dag.py for tasks to queue
[2026-09-16T18:56:01.600+0000] {logging_mixin.py:188} INFO - [2026-09-16T18:56:01.599+0000] {dagbag.py:545} INFO - Filling up the DagBag from /opt/airflow/dags/json_dag.py
[2026-09-16T18:56:02.286+0000] {processor.py:840} INFO - DAG(s) 'json_dag' retrieved from /opt/airflow/dags/json_dag.py
[2026-09-16T18:56:02.311+0000] {logging_mixin.py:188} INFO - [2026-09-16T18:56:02.311+0000] {dag.py:3096} INFO - Sync 1 DAGs
[2026-09-16T18:56:02.338+0000] {logging_mixin.py:188} INFO - [2026-09-16T18:56:02.338+0000] {dag.py:3954} INFO - Setting next_dagrun for json_dag to 2026-09-16 08:59:00+00:00, run_after=2026-09-17 08:00:00+00:00
[2026-09-16T18:56:02.360+0000] {processor.py:183} INFO - Processing /opt/airflow/dags/json_dag.py took 0.785 seconds
[2026-09-16T18:56:33.036+0000] {processor.py:161} INFO - Started process (PID=475) to work on /opt/airflow/dags/json_dag.py
[2026-09-16T18:56:33.037+0000] {processor.py:830} INFO - Processing file /opt/airflow/dags/json_dag.py for tasks to queue
[2026-09-16T18:56:33.040+0000] {logging_mixin.py:188} INFO - [2026-09-16T18:56:33.040+0000] {dagbag.py:545} INFO - Filling up the DagBag from /opt/airflow/dags/json_dag.py
[2026-09-16T18:56:33.493+0000] {processor.py:840} INFO - DAG(s) 'json_dag' retrieved from /opt/airflow/dags/json_dag.py
[2026-09-16T18:56:33.515+0000] {logging_mixin.py:188} INFO - [2026-09-16T18:56:33.515+0000] {dag.py:3096} INFO - Sync 1 DAGs
[2026-09-16T18:56:33.539+0000] {logging_mixin.py:188} INFO - [2026-09-16T18:56:33.538+0000] {dag.py:3954} INFO - Setting next_dagrun for json_dag to 2026-09-16 08:59:00+00:00, run_after=2026-09-17 08:00:00+00:00
[2026-09-16T18:56:33.570+0000] {processor.py:183} INFO - Processing /opt/airflow/dags/json_dag.py took 0.540 seconds
[2026-09-16T18:57:03.727+0000] {processor.py:161} INFO - Started process (PID=484) to work on /opt/airflow/dags/json_dag.py
[2026-09-16T18:57:03.729+0000] {processor.py:830} INFO - Processing file /opt/airflow/dags/json_dag.py for tasks to queue
[2026-09-16T18:57:03.731+0000] {logging_mixin.py:188} INFO - [2026-09-16T18:57:03.731+0000] {dagbag.py:545} INFO - Filling up the DagBag from /opt/airflow/dags/json_dag.py
[2026-09-16T18:57:04.231+0000] {processor.py:840} INFO - DAG(s) 'json_dag' retrieved from /opt/airflow/dags/json_dag.py
[2026-09-16T18:57:04.253+0000] {logging_mixin.py:188} INFO - [2026-09-16T18:57:04.253+0000] {dag.py:3096} INFO - Sync 1 DAGs
[2026-09-16T18:57:04.274+0000] {logging_mixin.py:188} INFO - [2026-09-16T18:57:04.273+0000] {dag.py:3954} INFO - Setting next_dagrun for json_dag to 2026-09-16 08:59:00+00:00, run_after=2026-09-17 08:00:00+00:00
[2026-09-16T18:57:04.298+0000] {processor.py:183} INFO - Processing /opt/airflow/dags/json_dag.py took 0.577 seconds
[2026-09-16T18:57:35.020+0000] {processor.py:161} INFO - Started process (PID=493) to work on /opt/airflow/dags/json_dag.py
[2026-09-16T18:57:35.022+0000] {processor.py:830} INFO - Processing file /opt/airflow/dags/json_dag.py for tasks to queue
[2026-09-16T18:57:35.024+0000] {logging_mixin.py:188} INFO - [2026-09-16T18:57:35.023+0000] {dagbag.py:545} INFO - Filling up the DagBag from /opt/airflow/dags/json_dag.py
[2026-09-16T18:57:35.508+0000] {processor.py:840} INFO - DAG(s) 'json_dag' retrieved from /opt/airflow/dags/json_dag.py
[2026-09-16T18:57:35.532+0000] {logging_mixin.py:188} INFO - [2026-09-16T18:57:35.531+0000] {dag.py:3096} INFO - Sync 1 DAGs
[2026-09-16T18:57:35.555+0000] {logging_mixin.py:188} INFO - [2026-09-16T18:57:35.555+0000] {dag.py:3954} INFO - Setting next_dagrun for json_dag to 2026-09-16 08:59:00+00:00, run_after=2026-09-17 08:00:00+00:00
[2026-09-16T18:57:35.577+0000] {processor.py:183} INFO - Processing /opt/airflow/dags/json_dag.py took 0.564 seconds
[2026-09-16T18:58:05.773+0000] {processor.py:161} INFO - Started process (PID=502) to work on /opt/airflow/dags/json_dag.py
[2026-09-16T18:58:05.774+0000] {processor.py:830} INFO - Processing file /opt/airflow/dags/json_dag.py for tasks to queue
[2026-09-16T18:58:05.776+0000] {logging_mixin.py:188} INFO - [2026-09-16T18:58:05.776+0000] {dagbag.py:545} INFO - Filling up the DagBag from /opt/airflow/dags/json_dag.py
[2026-09-16T18:58:06.224+0000] {processor.py:840} INFO - DAG(s) 'json_dag' retrieved from /opt/airflow/dags/json_dag.py
[2026-09-16T18:58:06.244+0000] {logging_mixin.py:188} INFO - [2026-09-16T18:58:06.244+0000] {dag.py:3096} INFO - Sync 1 DAGs
[2026-09-16T18:58:06.269+0000] {logging_mixin.py:188} INFO - [2026-09-16T18:58:06.268+0000] {dag.py:3954} INFO - Setting next_dagrun for json_dag to 2026-09-16 08:59:00+00:00, run_after=2026-09-17 08:00:00+00:00
[2026-09-16T18:58:06.296+0000] {processor.py:183} INFO - Processing /opt/airflow/dags/json_dag.py took 0.530 seconds
[2026-09-16T18:58:36.465+0000] {processor.py:161} INFO - Started process (PID=511) to work on /opt/airflow/dags/json_dag.py
[2026-09-16T18:58:36.467+0000] {processor.py:830} INFO - Processing file /opt/airflow/dags/json_dag.py for tasks to queue
[2026-09-16T18:58:36.470+0000] {logging_mixin.py:188} INFO - [2026-09-16T18:58:36.470+0000] {dagbag.py:545} INFO - Filling up the DagBag from /opt/airflow/dags/json_dag.py
[2026-09-16T18:58:36.965+0000] {processor.py:840} INFO - DAG(s) 'json_dag' retrieved from /opt/airflow/dags/json_dag.py
[2026-09-16T18:58:36.986+0000] {logging_mixin.py:188} INFO - [2026-09-16T18:58:36.986+0000] {dag.py:3096} INFO - Sync 1 DAGs
[2026-09-16T18:58:37.012+0000] {logging_mixin.py:188} INFO - [2026-09-16T18:58:37.012+0000] {dag.py:3954} INFO - Setting next_dagrun for json_dag to 2026-09-16 08:59:00+00:00, run_after=2026-09-17 08:00:00+00:00
[2026-09-16T18:58:37.201+0000] {processor.py:183} INFO - Processing /opt/airflow/dags/json_dag.py took 0.749 seconds
[2026-09-16T18:59:07.536+0000] {processor.py:161} INFO - Started process (PID=520) to work on /opt/airflow/dags/json_dag.py
[2026-09-16T18:59:07.540+0000] {processor.py:830} INFO - Processing file /opt/airflow/dags/json_dag.py for tasks to queue
[2026-09-16T18:59:07.545+0000] {logging_mixin.py:188} INFO - [2026-09-16T18:59:07.544+0000] {dagbag.py:545} INFO - Filling up the DagBag from /opt/airflow/dags/json_dag.py
[2026-09-16T18:59:08.139+0000] {processor.py:840} INFO - DAG(s) 'json_dag' retrieved from /opt/airflow/dags/json_dag.py
[2026-09-16T18:59:08.173+0000] {logging_mixin.py:188} INFO - [2026-09-16T18:59:08.172+0000] {dag.py:3096} INFO - Sync 1 DAGs
[2026-09-16T18:59:08.234+0000] {logging_mixin.py:188} INFO - [2026-09-16T18:59:08.233+0000] {dag.py:3954} INFO - Setting next_dagrun for json_dag to 2026-09-16 08:59:00+00:00, run_after=2026-09-17 08:00:00+00:00
[2026-09-16T18:59:08.276+0000] {processor.py:183} INFO - Processing /opt/airflow/dags/json_dag.py took 0.759 seconds
[2026-09-16T18:59:38.999+0000] {processor.py:161} INFO - Started process (PID=529) to work on /opt/airflow/dags/json_dag.py
[2026-09-16T18:59:39.001+0000] {processor.py:830} INFO - Processing file /opt/airflow/dags/json_dag.py for tasks to queue
[2026-09-16T18:59:39.003+0000] {logging_mixin.py:188} INFO - [2026-09-16T18:59:39.003+0000] {dagbag.py:545} INFO - Filling up the DagBag from /opt/airflow/dags/json_dag.py
[2026-09-16T18:59:39.670+0000] {processor.py:840} INFO - DAG(s) 'json_dag' retrieved from /opt/airflow/dags/json_dag.py
[2026-09-16T18:59:39.706+0000] {logging_mixin.py:188} INFO - [2026-09-16T18:59:39.705+0000] {dag.py:3096} INFO - Sync 1 DAGs
[2026-09-16T18:59:39.766+0000] {logging_mixin.py:188} INFO - [2026-09-16T18:59:39.766+0000] {dag.py:3954} INFO - Setting next_dagrun for json_dag to 2026-09-16 08:59:00+00:00, run_after=2026-09-17 08:00:00+00:00
[2026-09-16T18:59:39.788+0000] {processor.py:183} INFO - Processing /opt/airflow/dags/json_dag.py took 0.800 seconds
[2026-09-16T19:00:10.186+0000] {processor.py:161} INFO - Started process (PID=538) to work on /opt/airflow/dags/json_dag.py
[2026-09-16T19:00:10.188+0000] {processor.py:830} INFO - Processing file /opt/airflow/dags/json_dag.py for tasks to queue
[2026-09-16T19:00:10.191+0000] {logging_mixin.py:188} INFO - [2026-09-16T19:00:10.191+0000] {dagbag.py:545} INFO - Filling up the DagBag from /opt/airflow/dags/json_dag.py
[2026-09-16T19:00:10.659+0000] {processor.py:840} INFO - DAG(s) 'json_dag' retrieved from /opt/airflow/dags/json_dag.py
[2026-09-16T19:00:10.678+0000] {logging_mixin.py:188} INFO - [2026-09-16T19:00:10.678+0000] {dag.py:3096} INFO - Sync 1 DAGs
[2026-09-16T19:00:10.695+0000] {logging_mixin.py:188} INFO - [2026-09-16T19:00:10.695+0000] {dag.py:3954} INFO - Setting next_dagrun for json_dag to 2026-09-16 08:59:00+00:00, run_after=2026-09-17 08:00:00+00:00
[2026-09-16T19:00:10.714+0000] {processor.py:183} INFO - Processing /opt/airflow/dags/json_dag.py took 0.537 seconds
[2026-09-16T19:00:41.592+0000] {processor.py:161} INFO - Started process (PID=547) to work on /opt/airflow/dags/json_dag.py
[2026-09-16T19:00:41.594+0000] {processor.py:830} INFO - Processing file /opt/airflow/dags/json_dag.py for tasks to queue
[2026-09-16T19:00:41.596+0000] {logging_mixin.py:188} INFO - [2026-09-16T19:00:41.596+0000] {dagbag.py:545} INFO - Filling up the DagBag from /opt/airflow/dags/json_dag.py
[2026-09-16T19:00:42.100+0000] {processor.py:840} INFO - DAG(s) 'json_dag' retrieved from /opt/airflow/dags/json_dag.py
[2026-09-16T19:00:42.129+0000] {logging_mixin.py:188} INFO - [2026-09-16T19:00:42.129+0000] {dag.py:3096} INFO - Sync 1 DAGs
[2026-09-16T19:00:42.152+0000] {logging_mixin.py:188} INFO - [2026-09-16T19:00:42.152+0000] {dag.py:3954} INFO - Setting next_dagrun for json_dag to 2026-09-16 08:59:00+00:00, run_after=2026-09-17 08:00:00+00:00
[2026-09-16T19:00:42.181+0000] {processor.py:183} INFO - Processing /opt/airflow/dags/json_dag.py took 0.600 seconds
[2026-09-16T19:01:13.006+0000] {processor.py:161} INFO - Started process (PID=556) to work on /opt/airflow/dags/json_dag.py
[2026-09-16T19:01:13.007+0000] {processor.py:830} INFO - Processing file /opt/airflow/dags/json_dag.py for tasks to queue
[2026-09-16T19:01:13.010+0000] {logging_mixin.py:188} INFO - [2026-09-16T19:01:13.009+0000] {dagbag.py:545} INFO - Filling up the DagBag from /opt/airflow/dags/json_dag.py
[2026-09-16T19:01:13.521+0000] {processor.py:840} INFO - DAG(s) 'json_dag' retrieved from /opt/airflow/dags/json_dag.py
[2026-09-16T19:01:13.549+0000] {logging_mixin.py:188} INFO - [2026-09-16T19:01:13.549+0000] {dag.py:3096} INFO - Sync 1 DAGs
[2026-09-16T19:01:13.587+0000] {logging_mixin.py:188} INFO - [2026-09-16T19:01:13.587+0000] {dag.py:3954} INFO - Setting next_dagrun for json_dag to 2026-09-16 08:59:00+00:00, run_after=2026-09-17 08:00:00+00:00
[2026-09-16T19:01:13.790+0000] {processor.py:183} INFO - Processing /opt/airflow/dags/json_dag.py took 0.792 seconds
[2026-09-16T19:01:44.422+0000] {processor.py:161} INFO - Started process (PID=571) to work on /opt/airflow/dags/json_dag.py
[2026-09-16T19:01:44.424+0000] {processor.py:830} INFO - Processing file /opt/airflow/dags/json_dag.py for tasks to queue
[2026-09-16T19:01:44.425+0000] {logging_mixin.py:188} INFO - [2026-09-16T19:01:44.425+0000] {dagbag.py:545} INFO - Filling up the DagBag from /opt/airflow/dags/json_dag.py
[2026-09-16T19:01:44.767+0000] {processor.py:840} INFO - DAG(s) 'json_dag' retrieved from /opt/airflow/dags/json_dag.py
[2026-09-16T19:01:44.783+0000] {logging_mixin.py:188} INFO - [2026-09-16T19:01:44.783+0000] {dag.py:3096} INFO - Sync 1 DAGs
[2026-09-16T19:01:44.812+0000] {logging_mixin.py:188} INFO - [2026-09-16T19:01:44.812+0000] {dag.py:3954} INFO - Setting next_dagrun for json_dag to 2026-09-16 08:59:00+00:00, run_after=2026-09-17 08:00:00+00:00
[2026-09-16T19:01:44.833+0000] {processor.py:183} INFO - Processing /opt/airflow/dags/json_dag.py took 0.417 seconds
[2026-09-16T19:02:14.918+0000] {processor.py:161} INFO - Started process (PID=580) to work on /opt/airflow/dags/json_dag.py
[2026-09-16T19:02:14.919+0000] {processor.py:830} INFO - Processing file /opt/airflow/dags/json_dag.py for tasks to queue
[2026-09-16T19:02:14.921+0000] {logging_mixin.py:188} INFO - [2026-09-16T19:02:14.921+0000] {dagbag.py:545} INFO - Filling up the DagBag from /opt/airflow/dags/json_dag.py
[2026-09-16T19:02:15.242+0000] {processor.py:840} INFO - DAG(s) 'json_dag' retrieved from /opt/airflow/dags/json_dag.py
[2026-09-16T19:02:15.260+0000] {logging_mixin.py:188} INFO - [2026-09-16T19:02:15.259+0000] {dag.py:3096} INFO - Sync 1 DAGs
[2026-09-16T19:02:15.278+0000] {logging_mixin.py:188} INFO - [2026-09-16T19:02:15.278+0000] {dag.py:3954} INFO - Setting next_dagrun for json_dag to 2026-09-16 08:59:00+00:00, run_after=2026-09-17 08:00:00+00:00
[2026-09-16T19:02:15.296+0000] {processor.py:183} INFO - Processing /opt/airflow/dags/json_dag.py took 0.384 seconds
[2026-09-16T19:02:46.221+0000] {processor.py:161} INFO - Started process (PID=589) to work on /opt/airflow/dags/json_dag.py
[2026-09-16T19:02:46.222+0000] {processor.py:830} INFO - Processing file /opt/airflow/dags/json_dag.py for tasks to queue
[2026-09-16T19:02:46.224+0000] {logging_mixin.py:188} INFO - [2026-09-16T19:02:46.224+0000] {dagbag.py:545} INFO - Filling up the DagBag from /opt/airflow/dags/json_dag.py
[2026-09-16T19:02:46.571+0000] {processor.py:840} INFO - DAG(s) 'json_dag' retrieved from /opt/airflow/dags/json_dag.py
[2026-09-16T19:02:46.600+0000] {logging_mixin.py:188} INFO - [2026-09-16T19:02:46.600+0000] {dag.py:3096} INFO - Sync 1 DAGs
[2026-09-16T19:02:46.630+0000] {logging_mixin.py:188} INFO - [2026-09-16T19:02:46.629+0000] {dag.py:3954} INFO - Setting next_dagrun for json_dag to 2026-09-16 08:59:00+00:00, run_after=2026-09-17 08:00:00+00:00
[2026-09-16T19:02:46.650+0000] {processor.py:183} INFO - Processing /opt/airflow/dags/json_dag.py took 0.435 seconds
[2026-09-16T19:03:16.729+0000] {processor.py:161} INFO - Started process (PID=598) to work on /opt/airflow/dags/json_dag.py
[2026-09-16T19:03:16.731+0000] {processor.py:830} INFO - Processing file /opt/airflow/dags/json_dag.py for tasks to queue
[2026-09-16T19:03:16.735+0000] {logging_mixin.py:188} INFO - [2026-09-16T19:03:16.735+0000] {dagbag.py:545} INFO - Filling up the DagBag from /opt/airflow/dags/json_dag.py
[2026-09-16T19:03:17.380+0000] {processor.py:840} INFO - DAG(s) 'json_dag' retrieved from /opt/airflow/dags/json_dag.py
[2026-09-16T19:03:17.406+0000] {logging_mixin.py:188} INFO - [2026-09-16T19:03:17.406+0000] {dag.py:3096} INFO - Sync 1 DAGs
[2026-09-16T19:03:17.438+0000] {logging_mixin.py:188} INFO - [2026-09-16T19:03:17.438+0000] {dag.py:3954} INFO - Setting next_dagrun for json_dag to 2026-09-16 08:59:00+00:00, run_after=2026-09-17 08:00:00+00:00
[2026-09-16T19:03:17.464+0000] {processor.py:183} INFO - Processing /opt/airflow/dags/json_dag.py took 0.754 seconds
[2026-09-16T19:03:47.930+0000] {processor.py:161} INFO - Started process (PID=607) to work on /opt/airflow/dags/json_dag.py
[2026-09-16T19:03:47.941+0000] {processor.py:830} INFO - Processing file /opt/airflow/dags/json_dag.py for tasks to queue
[2026-09-16T19:03:47.945+0000] {logging_mixin.py:188} INFO - [2026-09-16T19:03:47.945+0000] {dagbag.py:545} INFO - Filling up the DagBag from /opt/airflow/dags/json_dag.py
[2026-09-16T19:03:48.508+0000] {processor.py:840} INFO - DAG(s) 'json_dag' retrieved from /opt/airflow/dags/json_dag.py
[2026-09-16T19:03:48.539+0000] {logging_mixin.py:188} INFO - [2026-09-16T19:03:48.539+0000] {dag.py:3096} INFO - Sync 1 DAGs
[2026-09-16T19:03:48.580+0000] {logging_mixin.py:188} INFO - [2026-09-16T19:03:48.580+0000] {dag.py:3954} INFO - Setting next_dagrun for json_dag to 2026-09-16 08:59:00+00:00, run_after=2026-09-17 08:00:00+00:00
[2026-09-16T19:03:48.612+0000] {processor.py:183} INFO - Processing /opt/airflow/dags/json_dag.py took 0.697 seconds
[2026-09-16T19:04:18.935+0000] {processor.py:161} INFO - Started process (PID=616) to work on /opt/airflow/dags/json_dag.py
[2026-09-16T19:04:18.937+0000] {processor.py:830} INFO - Processing file /opt/airflow/dags/json_dag.py for tasks to queue
[2026-09-16T19:04:18.940+0000] {logging_mixin.py:188} INFO - [2026-09-16T19:04:18.939+0000] {dagbag.py:545} INFO - Filling up the DagBag from /opt/airflow/dags/json_dag.py
[2026-09-16T19:04:19.498+0000] {processor.py:840} INFO - DAG(s) 'json_dag' retrieved from /opt/airflow/dags/json_dag.py
[2026-09-16T19:04:19.533+0000] {logging_mixin.py:188} INFO - [2026-09-16T19:04:19.533+0000] {dag.py:3096} INFO - Sync 1 DAGs
[2026-09-16T19:04:19.559+0000] {logging_mixin.py:188} INFO - [2026-09-16T19:04:19.559+0000] {dag.py:3954} INFO - Setting next_dagrun for json_dag to 2026-09-16 08:59:00+00:00, run_after=2026-09-17 08:00:00+00:00
[2026-09-16T19:04:19.744+0000] {processor.py:183} INFO - Processing /opt/airflow/dags/json_dag.py took 0.817 seconds
[2026-09-16T19:04:50.683+0000] {processor.py:161} INFO - Started process (PID=625) to work on /opt/airflow/dags/json_dag.py
[2026-09-16T19:04:50.685+0000] {processor.py:830} INFO - Processing file /opt/airflow/dags/json_dag.py for tasks to queue
[2026-09-16T19:04:50.687+0000] {logging_mixin.py:188} INFO - [2026-09-16T19:04:50.687+0000] {dagbag.py:545} INFO - Filling up the DagBag from /opt/airflow/dags/json_dag.py
[2026-09-16T19:04:51.462+0000] {processor.py:840} INFO - DAG(s) 'json_dag' retrieved from /opt/airflow/dags/json_dag.py
[2026-09-16T19:04:51.496+0000] {logging_mixin.py:188} INFO - [2026-09-16T19:04:51.495+0000] {dag.py:3096} INFO - Sync 1 DAGs
[2026-09-16T19:04:51.555+0000] {logging_mixin.py:188} INFO - [2026-09-16T19:04:51.554+0000] {dag.py:3954} INFO - Setting next_dagrun for json_dag to 2026-09-16 08:59:00+00:00, run_after=2026-09-17 08:00:00+00:00
[2026-09-16T19:04:51.609+0000] {processor.py:183} INFO - Processing /opt/airflow/dags/json_dag.py took 0.935 seconds
[2026-09-16T19:05:22.100+0000] {processor.py:161} INFO - Started process (PID=634) to work on /opt/airflow/dags/json_dag.py
[2026-09-16T19:05:22.102+0000] {processor.py:830} INFO - Processing file /opt/airflow/dags/json_dag.py for tasks to queue
[2026-09-16T19:05:22.105+0000] {logging_mixin.py:188} INFO - [2026-09-16T19:05:22.105+0000] {dagbag.py:545} INFO - Filling up the DagBag from /opt/airflow/dags/json_dag.py
[2026-09-16T19:05:22.630+0000] {processor.py:840} INFO - DAG(s) 'json_dag' retrieved from /opt/airflow/dags/json_dag.py
[2026-09-16T19:05:22.652+0000] {logging_mixin.py:188} INFO - [2026-09-16T19:05:22.652+0000] {dag.py:3096} INFO - Sync 1 DAGs
[2026-09-16T19:05:22.675+0000] {logging_mixin.py:188} INFO - [2026-09-16T19:05:22.675+0000] {dag.py:3954} INFO - Setting next_dagrun for json_dag to 2026-09-16 08:59:00+00:00, run_after=2026-09-17 08:00:00+00:00
[2026-09-16T19:05:22.701+0000] {processor.py:183} INFO - Processing /opt/airflow/dags/json_dag.py took 0.610 seconds
[2026-09-16T19:05:53.509+0000] {processor.py:161} INFO - Started process (PID=643) to work on /opt/airflow/dags/json_dag.py
[2026-09-16T19:05:53.517+0000] {processor.py:830} INFO - Processing file /opt/airflow/dags/json_dag.py for tasks to queue
[2026-09-16T19:05:53.523+0000] {logging_mixin.py:188} INFO - [2026-09-16T19:05:53.522+0000] {dagbag.py:545} INFO - Filling up the DagBag from /opt/airflow/dags/json_dag.py
[2026-09-16T19:05:54.520+0000] {processor.py:840} INFO - DAG(s) 'json_dag' retrieved from /opt/airflow/dags/json_dag.py
[2026-09-16T19:05:54.544+0000] {logging_mixin.py:188} INFO - [2026-09-16T19:05:54.543+0000] {dag.py:3096} INFO - Sync 1 DAGs
[2026-09-16T19:05:54.576+0000] {logging_mixin.py:188} INFO - [2026-09-16T19:05:54.576+0000] {dag.py:3954} INFO - Setting next_dagrun for json_dag to 2026-09-16 08:59:00+00:00, run_after=2026-09-17 08:00:00+00:00
[2026-09-16T19:05:54.604+0000] {processor.py:183} INFO - Processing /opt/airflow/dags/json_dag.py took 1.117 seconds
[2026-09-16T19:06:24.918+0000] {processor.py:161} INFO - Started process (PID=652) to work on /opt/airflow/dags/json_dag.py
[2026-09-16T19:06:24.920+0000] {processor.py:830} INFO - Processing file /opt/airflow/dags/json_dag.py for tasks to queue
[2026-09-16T19:06:24.924+0000] {logging_mixin.py:188} INFO - [2026-09-16T19:06:24.923+0000] {dagbag.py:545} INFO - Filling up the DagBag from /opt/airflow/dags/json_dag.py
[2026-09-16T19:06:25.531+0000] {processor.py:840} INFO - DAG(s) 'json_dag' retrieved from /opt/airflow/dags/json_dag.py
[2026-09-16T19:06:25.568+0000] {logging_mixin.py:188} INFO - [2026-09-16T19:06:25.567+0000] {dag.py:3096} INFO - Sync 1 DAGs
[2026-09-16T19:06:25.597+0000] {logging_mixin.py:188} INFO - [2026-09-16T19:06:25.597+0000] {dag.py:3954} INFO - Setting next_dagrun for json_dag to 2026-09-16 08:59:00+00:00, run_after=2026-09-17 08:00:00+00:00
[2026-09-16T19:06:25.630+0000] {processor.py:183} INFO - Processing /opt/airflow/dags/json_dag.py took 0.721 seconds
[2026-09-16T19:06:56.341+0000] {processor.py:161} INFO - Started process (PID=661) to work on /opt/airflow/dags/json_dag.py
[2026-09-16T19:06:56.342+0000] {processor.py:830} INFO - Processing file /opt/airflow/dags/json_dag.py for tasks to queue
[2026-09-16T19:06:56.345+0000] {logging_mixin.py:188} INFO - [2026-09-16T19:06:56.344+0000] {dagbag.py:545} INFO - Filling up the DagBag from /opt/airflow/dags/json_dag.py
[2026-09-16T19:06:56.874+0000] {processor.py:840} INFO - DAG(s) 'json_dag' retrieved from /opt/airflow/dags/json_dag.py
[2026-09-16T19:06:56.907+0000] {logging_mixin.py:188} INFO - [2026-09-16T19:06:56.906+0000] {dag.py:3096} INFO - Sync 1 DAGs
[2026-09-16T19:06:56.941+0000] {logging_mixin.py:188} INFO - [2026-09-16T19:06:56.941+0000] {dag.py:3954} INFO - Setting next_dagrun for json_dag to 2026-09-16 08:59:00+00:00, run_after=2026-09-17 08:00:00+00:00
[2026-09-16T19:06:57.178+0000] {processor.py:183} INFO - Processing /opt/airflow/dags/json_dag.py took 0.843 seconds
[2026-09-16T19:07:28.035+0000] {processor.py:161} INFO - Started process (PID=670) to work on /opt/airflow/dags/json_dag.py
[2026-09-16T19:07:28.037+0000] {processor.py:830} INFO - Processing file /opt/airflow/dags/json_dag.py for tasks to queue
[2026-09-16T19:07:28.039+0000] {logging_mixin.py:188} INFO - [2026-09-16T19:07:28.039+0000] {dagbag.py:545} INFO - Filling up the DagBag from /opt/airflow/dags/json_dag.py
[2026-09-16T19:07:28.529+0000] {processor.py:840} INFO - DAG(s) 'json_dag' retrieved from /opt/airflow/dags/json_dag.py
[2026-09-16T19:07:28.559+0000] {logging_mixin.py:188} INFO - [2026-09-16T19:07:28.558+0000] {dag.py:3096} INFO - Sync 1 DAGs
[2026-09-16T19:07:28.813+0000] {logging_mixin.py:188} INFO - [2026-09-16T19:07:28.813+0000] {dag.py:3954} INFO - Setting next_dagrun for json_dag to 2026-09-16 08:59:00+00:00, run_after=2026-09-17 08:00:00+00:00
[2026-09-16T19:07:28.842+0000] {processor.py:183} INFO - Processing /opt/airflow/dags/json_dag.py took 0.816 seconds
[2026-09-16T19:07:59.175+0000] {processor.py:161} INFO - Started process (PID=679) to work on /opt/airflow/dags/json_dag.py
[2026-09-16T19:07:59.177+0000] {processor.py:830} INFO - Processing file /opt/airflow/dags/json_dag.py for tasks to queue
[2026-09-16T19:07:59.180+0000] {logging_mixin.py:188} INFO - [2026-09-16T19:07:59.180+0000] {dagbag.py:545} INFO - Filling up the DagBag from /opt/airflow/dags/json_dag.py
[2026-09-16T19:07:59.579+0000] {processor.py:840} INFO - DAG(s) 'json_dag' retrieved from /opt/airflow/dags/json_dag.py
[2026-09-16T19:07:59.602+0000] {logging_mixin.py:188} INFO - [2026-09-16T19:07:59.602+0000] {dag.py:3096} INFO - Sync 1 DAGs
[2026-09-16T19:07:59.626+0000] {logging_mixin.py:188} INFO - [2026-09-16T19:07:59.626+0000] {dag.py:3954} INFO - Setting next_dagrun for json_dag to 2026-09-16 08:59:00+00:00, run_after=2026-09-17 08:00:00+00:00
[2026-09-16T19:07:59.645+0000] {processor.py:183} INFO - Processing /opt/airflow/dags/json_dag.py took 0.477 seconds
[2026-09-16T19:08:30.559+0000] {processor.py:161} INFO - Started process (PID=688) to work on /opt/airflow/dags/json_dag.py
[2026-09-16T19:08:30.560+0000] {processor.py:830} INFO - Processing file /opt/airflow/dags/json_dag.py for tasks to queue
[2026-09-16T19:08:30.562+0000] {logging_mixin.py:188} INFO - [2026-09-16T19:08:30.562+0000] {dagbag.py:545} INFO - Filling up the DagBag from /opt/airflow/dags/json_dag.py
[2026-09-16T19:08:30.957+0000] {processor.py:840} INFO - DAG(s) 'json_dag' retrieved from /opt/airflow/dags/json_dag.py
[2026-09-16T19:08:30.979+0000] {logging_mixin.py:188} INFO - [2026-09-16T19:08:30.978+0000] {dag.py:3096} INFO - Sync 1 DAGs
[2026-09-16T19:08:30.999+0000] {logging_mixin.py:188} INFO - [2026-09-16T19:08:30.998+0000] {dag.py:3954} INFO - Setting next_dagrun for json_dag to 2026-09-16 08:59:00+00:00, run_after=2026-09-17 08:00:00+00:00
[2026-09-16T19:08:31.018+0000] {processor.py:183} INFO - Processing /opt/airflow/dags/json_dag.py took 0.465 seconds
[2026-09-16T19:09:01.988+0000] {processor.py:161} INFO - Started process (PID=697) to work on /opt/airflow/dags/json_dag.py
[2026-09-16T19:09:01.990+0000] {processor.py:830} INFO - Processing file /opt/airflow/dags/json_dag.py for tasks to queue
[2026-09-16T19:09:01.992+0000] {logging_mixin.py:188} INFO - [2026-09-16T19:09:01.992+0000] {dagbag.py:545} INFO - Filling up the DagBag from /opt/airflow/dags/json_dag.py
[2026-09-16T19:09:02.361+0000] {processor.py:840} INFO - DAG(s) 'json_dag' retrieved from /opt/airflow/dags/json_dag.py
[2026-09-16T19:09:02.379+0000] {logging_mixin.py:188} INFO - [2026-09-16T19:09:02.379+0000] {dag.py:3096} INFO - Sync 1 DAGs
[2026-09-16T19:09:02.396+0000] {logging_mixin.py:188} INFO - [2026-09-16T19:09:02.396+0000] {dag.py:3954} INFO - Setting next_dagrun for json_dag to 2026-09-16 08:59:00+00:00, run_after=2026-09-17 08:00:00+00:00
[2026-09-16T19:09:02.414+0000] {processor.py:183} INFO - Processing /opt/airflow/dags/json_dag.py took 0.431 seconds
[2026-09-16T19:09:33.381+0000] {processor.py:161} INFO - Started process (PID=706) to work on /opt/airflow/dags/json_dag.py
[2026-09-16T19:09:33.382+0000] {processor.py:830} INFO - Processing file /opt/airflow/dags/json_dag.py for tasks to queue
[2026-09-16T19:09:33.384+0000] {logging_mixin.py:188} INFO - [2026-09-16T19:09:33.384+0000] {dagbag.py:545} INFO - Filling up the DagBag from /opt/airflow/dags/json_dag.py
[2026-09-16T19:09:33.715+0000] {processor.py:840} INFO - DAG(s) 'json_dag' retrieved from /opt/airflow/dags/json_dag.py
[2026-09-16T19:09:33.735+0000] {logging_mixin.py:188} INFO - [2026-09-16T19:09:33.735+0000] {dag.py:3096} INFO - Sync 1 DAGs
[2026-09-16T19:09:33.760+0000] {logging_mixin.py:188} INFO - [2026-09-16T19:09:33.760+0000] {dag.py:3954} INFO - Setting next_dagrun for json_dag to 2026-09-16 08:59:00+00:00, run_after=2026-09-17 08:00:00+00:00
[2026-09-16T19:09:33.903+0000] {processor.py:183} INFO - Processing /opt/airflow/dags/json_dag.py took 0.528 seconds
[2026-09-16T19:10:04.790+0000] {processor.py:161} INFO - Started process (PID=715) to work on /opt/airflow/dags/json_dag.py
[2026-09-16T19:10:04.792+0000] {processor.py:830} INFO - Processing file /opt/airflow/dags/json_dag.py for tasks to queue
[2026-09-16T19:10:04.794+0000] {logging_mixin.py:188} INFO - [2026-09-16T19:10:04.793+0000] {dagbag.py:545} INFO - Filling up the DagBag from /opt/airflow/dags/json_dag.py
[2026-09-16T19:10:05.130+0000] {processor.py:840} INFO - DAG(s) 'json_dag' retrieved from /opt/airflow/dags/json_dag.py
[2026-09-16T19:10:05.148+0000] {logging_mixin.py:188} INFO - [2026-09-16T19:10:05.148+0000] {dag.py:3096} INFO - Sync 1 DAGs
[2026-09-16T19:10:05.176+0000] {logging_mixin.py:188} INFO - [2026-09-16T19:10:05.175+0000] {dag.py:3954} INFO - Setting next_dagrun for json_dag to 2026-09-16 08:59:00+00:00, run_after=2026-09-17 08:00:00+00:00
[2026-09-16T19:10:05.343+0000] {processor.py:183} INFO - Processing /opt/airflow/dags/json_dag.py took 0.558 seconds
[2026-09-16T19:10:36.179+0000] {processor.py:161} INFO - Started process (PID=725) to work on /opt/airflow/dags/json_dag.py
[2026-09-16T19:10:36.181+0000] {processor.py:830} INFO - Processing file /opt/airflow/dags/json_dag.py for tasks to queue
[2026-09-16T19:10:36.185+0000] {logging_mixin.py:188} INFO - [2026-09-16T19:10:36.184+0000] {dagbag.py:545} INFO - Filling up the DagBag from /opt/airflow/dags/json_dag.py
[2026-09-16T19:10:36.603+0000] {processor.py:840} INFO - DAG(s) 'json_dag' retrieved from /opt/airflow/dags/json_dag.py
[2026-09-16T19:10:36.623+0000] {logging_mixin.py:188} INFO - [2026-09-16T19:10:36.623+0000] {dag.py:3096} INFO - Sync 1 DAGs
[2026-09-16T19:10:36.643+0000] {logging_mixin.py:188} INFO - [2026-09-16T19:10:36.642+0000] {dag.py:3954} INFO - Setting next_dagrun for json_dag to 2026-09-16 08:59:00+00:00, run_after=2026-09-17 08:00:00+00:00
[2026-09-16T19:10:36.659+0000] {processor.py:183} INFO - Processing /opt/airflow/dags/json_dag.py took 0.490 seconds
[2026-09-16T19:11:06.720+0000] {processor.py:161} INFO - Started process (PID=734) to work on /opt/airflow/dags/json_dag.py
[2026-09-16T19:11:06.722+0000] {processor.py:830} INFO - Processing file /opt/airflow/dags/json_dag.py for tasks to queue
[2026-09-16T19:11:06.724+0000] {logging_mixin.py:188} INFO - [2026-09-16T19:11:06.724+0000] {dagbag.py:545} INFO - Filling up the DagBag from /opt/airflow/dags/json_dag.py
[2026-09-16T19:11:07.160+0000] {processor.py:840} INFO - DAG(s) 'json_dag' retrieved from /opt/airflow/dags/json_dag.py
[2026-09-16T19:11:07.198+0000] {logging_mixin.py:188} INFO - [2026-09-16T19:11:07.197+0000] {dag.py:3096} INFO - Sync 1 DAGs
[2026-09-16T19:11:07.228+0000] {logging_mixin.py:188} INFO - [2026-09-16T19:11:07.228+0000] {dag.py:3954} INFO - Setting next_dagrun for json_dag to 2026-09-16 08:59:00+00:00, run_after=2026-09-17 08:00:00+00:00
[2026-09-16T19:11:07.248+0000] {processor.py:183} INFO - Processing /opt/airflow/dags/json_dag.py took 0.535 seconds
[2026-09-16T19:11:37.997+0000] {processor.py:161} INFO - Started process (PID=743) to work on /opt/airflow/dags/json_dag.py
[2026-09-16T19:11:37.998+0000] {processor.py:830} INFO - Processing file /opt/airflow/dags/json_dag.py for tasks to queue
[2026-09-16T19:11:38.000+0000] {logging_mixin.py:188} INFO - [2026-09-16T19:11:38.000+0000] {dagbag.py:545} INFO - Filling up the DagBag from /opt/airflow/dags/json_dag.py
[2026-09-16T19:11:38.384+0000] {processor.py:840} INFO - DAG(s) 'json_dag' retrieved from /opt/airflow/dags/json_dag.py
[2026-09-16T19:11:38.402+0000] {logging_mixin.py:188} INFO - [2026-09-16T19:11:38.402+0000] {dag.py:3096} INFO - Sync 1 DAGs
[2026-09-16T19:11:38.421+0000] {logging_mixin.py:188} INFO - [2026-09-16T19:11:38.421+0000] {dag.py:3954} INFO - Setting next_dagrun for json_dag to 2026-09-16 08:59:00+00:00, run_after=2026-09-17 08:00:00+00:00
[2026-09-16T19:11:38.437+0000] {processor.py:183} INFO - Processing /opt/airflow/dags/json_dag.py took 0.446 seconds
[2026-09-16T19:12:08.534+0000] {processor.py:161} INFO - Started process (PID=752) to work on /opt/airflow/dags/json_dag.py
[2026-09-16T19:12:08.535+0000] {processor.py:830} INFO - Processing file /opt/airflow/dags/json_dag.py for tasks to queue
[2026-09-16T19:12:08.539+0000] {logging_mixin.py:188} INFO - [2026-09-16T19:12:08.539+0000] {dagbag.py:545} INFO - Filling up the DagBag from /opt/airflow/dags/json_dag.py
[2026-09-16T19:12:08.929+0000] {processor.py:840} INFO - DAG(s) 'json_dag' retrieved from /opt/airflow/dags/json_dag.py
[2026-09-16T19:12:08.952+0000] {logging_mixin.py:188} INFO - [2026-09-16T19:12:08.951+0000] {dag.py:3096} INFO - Sync 1 DAGs
[2026-09-16T19:12:08.977+0000] {logging_mixin.py:188} INFO - [2026-09-16T19:12:08.977+0000] {dag.py:3954} INFO - Setting next_dagrun for json_dag to 2026-09-16 08:59:00+00:00, run_after=2026-09-17 08:00:00+00:00
[2026-09-16T19:12:09.001+0000] {processor.py:183} INFO - Processing /opt/airflow/dags/json_dag.py took 0.473 seconds
[2026-09-16T19:12:39.837+0000] {processor.py:161} INFO - Started process (PID=761) to work on /opt/airflow/dags/json_dag.py
[2026-09-16T19:12:39.838+0000] {processor.py:830} INFO - Processing file /opt/airflow/dags/json_dag.py for tasks to queue
[2026-09-16T19:12:39.840+0000] {logging_mixin.py:188} INFO - [2026-09-16T19:12:39.840+0000] {dagbag.py:545} INFO - Filling up the DagBag from /opt/airflow/dags/json_dag.py
[2026-09-16T19:12:40.214+0000] {processor.py:840} INFO - DAG(s) 'json_dag' retrieved from /opt/airflow/dags/json_dag.py
[2026-09-16T19:12:40.233+0000] {logging_mixin.py:188} INFO - [2026-09-16T19:12:40.233+0000] {dag.py:3096} INFO - Sync 1 DAGs
[2026-09-16T19:12:40.251+0000] {logging_mixin.py:188} INFO - [2026-09-16T19:12:40.251+0000] {dag.py:3954} INFO - Setting next_dagrun for json_dag to 2026-09-16 08:59:00+00:00, run_after=2026-09-17 08:00:00+00:00
[2026-09-16T19:12:40.404+0000] {processor.py:183} INFO - Processing /opt/airflow/dags/json_dag.py took 0.572 seconds
[2026-09-16T19:13:11.229+0000] {processor.py:161} INFO - Started process (PID=770) to work on /opt/airflow/dags/json_dag.py
[2026-09-16T19:13:11.231+0000] {processor.py:830} INFO - Processing file /opt/airflow/dags/json_dag.py for tasks to queue
[2026-09-16T19:13:11.233+0000] {logging_mixin.py:188} INFO - [2026-09-16T19:13:11.233+0000] {dagbag.py:545} INFO - Filling up the DagBag from /opt/airflow/dags/json_dag.py
[2026-09-16T19:13:11.585+0000] {processor.py:840} INFO - DAG(s) 'json_dag' retrieved from /opt/airflow/dags/json_dag.py
[2026-09-16T19:13:11.603+0000] {logging_mixin.py:188} INFO - [2026-09-16T19:13:11.602+0000] {dag.py:3096} INFO - Sync 1 DAGs
[2026-09-16T19:13:11.750+0000] {logging_mixin.py:188} INFO - [2026-09-16T19:13:11.750+0000] {dag.py:3954} INFO - Setting next_dagrun for json_dag to 2026-09-16 08:59:00+00:00, run_after=2026-09-17 08:00:00+00:00
[2026-09-16T19:13:11.780+0000] {processor.py:183} INFO - Processing /opt/airflow/dags/json_dag.py took 0.557 seconds
[2026-09-16T19:13:42.647+0000] {processor.py:161} INFO - Started process (PID=779) to work on /opt/airflow/dags/json_dag.py
[2026-09-16T19:13:42.649+0000] {processor.py:830} INFO - Processing file /opt/airflow/dags/json_dag.py for tasks to queue
[2026-09-16T19:13:42.652+0000] {logging_mixin.py:188} INFO - [2026-09-16T19:13:42.651+0000] {dagbag.py:545} INFO - Filling up the DagBag from /opt/airflow/dags/json_dag.py
[2026-09-16T19:13:43.036+0000] {processor.py:840} INFO - DAG(s) 'json_dag' retrieved from /opt/airflow/dags/json_dag.py
[2026-09-16T19:13:43.053+0000] {logging_mixin.py:188} INFO - [2026-09-16T19:13:43.053+0000] {dag.py:3096} INFO - Sync 1 DAGs
[2026-09-16T19:13:43.071+0000] {logging_mixin.py:188} INFO - [2026-09-16T19:13:43.071+0000] {dag.py:3954} INFO - Setting next_dagrun for json_dag to 2026-09-16 08:59:00+00:00, run_after=2026-09-17 08:00:00+00:00
[2026-09-16T19:13:43.089+0000] {processor.py:183} INFO - Processing /opt/airflow/dags/json_dag.py took 0.450 seconds
[2026-09-16T19:14:13.251+0000] {processor.py:161} INFO - Started process (PID=788) to work on /opt/airflow/dags/json_dag.py
[2026-09-16T19:14:13.253+0000] {processor.py:830} INFO - Processing file /opt/airflow/dags/json_dag.py for tasks to queue
[2026-09-16T19:14:13.256+0000] {logging_mixin.py:188} INFO - [2026-09-16T19:14:13.255+0000] {dagbag.py:545} INFO - Filling up the DagBag from /opt/airflow/dags/json_dag.py
[2026-09-16T19:14:13.615+0000] {processor.py:840} INFO - DAG(s) 'json_dag' retrieved from /opt/airflow/dags/json_dag.py
[2026-09-16T19:14:13.632+0000] {logging_mixin.py:188} INFO - [2026-09-16T19:14:13.632+0000] {dag.py:3096} INFO - Sync 1 DAGs
[2026-09-16T19:14:13.649+0000] {logging_mixin.py:188} INFO - [2026-09-16T19:14:13.648+0000] {dag.py:3954} INFO - Setting next_dagrun for json_dag to 2026-09-16 08:59:00+00:00, run_after=2026-09-17 08:00:00+00:00
[2026-09-16T19:14:13.665+0000] {processor.py:183} INFO - Processing /opt/airflow/dags/json_dag.py took 0.420 seconds
[2026-09-16T19:14:44.597+0000] {processor.py:161} INFO - Started process (PID=797) to work on /opt/airflow/dags/json_dag.py
[2026-09-16T19:14:44.599+0000] {processor.py:830} INFO - Processing file /opt/airflow/dags/json_dag.py for tasks to queue
[2026-09-16T19:14:44.601+0000] {logging_mixin.py:188} INFO - [2026-09-16T19:14:44.601+0000] {dagbag.py:545} INFO - Filling up the DagBag from /opt/airflow/dags/json_dag.py
[2026-09-16T19:14:44.955+0000] {processor.py:840} INFO - DAG(s) 'json_dag' retrieved from /opt/airflow/dags/json_dag.py
[2026-09-16T19:14:44.975+0000] {logging_mixin.py:188} INFO - [2026-09-16T19:14:44.974+0000] {dag.py:3096} INFO - Sync 1 DAGs
[2026-09-16T19:14:44.994+0000] {logging_mixin.py:188} INFO - [2026-09-16T19:14:44.993+0000] {dag.py:3954} INFO - Setting next_dagrun for json_dag to 2026-09-16 08:59:00+00:00, run_after=2026-09-17 08:00:00+00:00
[2026-09-16T19:14:45.012+0000] {processor.py:183} INFO - Processing /opt/airflow/dags/json_dag.py took 0.421 seconds
[2026-09-16T19:15:15.130+0000] {processor.py:161} INFO - Started process (PID=806) to work on /opt/airflow/dags/json_dag.py
[2026-09-16T19:15:15.133+0000] {processor.py:830} INFO - Processing file /opt/airflow/dags/json_dag.py for tasks to queue
[2026-09-16T19:15:15.136+0000] {logging_mixin.py:188} INFO - [2026-09-16T19:15:15.136+0000] {dagbag.py:545} INFO - Filling up the DagBag from /opt/airflow/dags/json_dag.py
[2026-09-16T19:15:15.677+0000] {processor.py:840} INFO - DAG(s) 'json_dag' retrieved from /opt/airflow/dags/json_dag.py
[2026-09-16T19:15:15.705+0000] {logging_mixin.py:188} INFO - [2026-09-16T19:15:15.705+0000] {dag.py:3096} INFO - Sync 1 DAGs
[2026-09-16T19:15:15.723+0000] {logging_mixin.py:188} INFO - [2026-09-16T19:15:15.722+0000] {dag.py:3954} INFO - Setting next_dagrun for json_dag to 2026-09-16 08:59:00+00:00, run_after=2026-09-17 08:00:00+00:00
[2026-09-16T19:15:15.864+0000] {processor.py:183} INFO - Processing /opt/airflow/dags/json_dag.py took 0.747 seconds
[2026-09-16T19:15:46.243+0000] {processor.py:161} INFO - Started process (PID=821) to work on /opt/airflow/dags/json_dag.py
[2026-09-16T19:15:46.245+0000] {processor.py:830} INFO - Processing file /opt/airflow/dags/json_dag.py for tasks to queue
[2026-09-16T19:15:46.248+0000] {logging_mixin.py:188} INFO - [2026-09-16T19:15:46.248+0000] {dagbag.py:545} INFO - Filling up the DagBag from /opt/airflow/dags/json_dag.py
[2026-09-16T19:15:46.835+0000] {processor.py:840} INFO - DAG(s) 'json_dag' retrieved from /opt/airflow/dags/json_dag.py
[2026-09-16T19:15:46.871+0000] {logging_mixin.py:188} INFO - [2026-09-16T19:15:46.870+0000] {dag.py:3096} INFO - Sync 1 DAGs
[2026-09-16T19:15:46.906+0000] {logging_mixin.py:188} INFO - [2026-09-16T19:15:46.905+0000] {dag.py:3954} INFO - Setting next_dagrun for json_dag to 2026-09-16 08:59:00+00:00, run_after=2026-09-17 08:00:00+00:00
[2026-09-16T19:15:47.107+0000] {processor.py:183} INFO - Processing /opt/airflow/dags/json_dag.py took 0.872 seconds
[2026-09-16T19:16:17.497+0000] {processor.py:161} INFO - Started process (PID=830) to work on /opt/airflow/dags/json_dag.py
[2026-09-16T19:16:17.499+0000] {processor.py:830} INFO - Processing file /opt/airflow/dags/json_dag.py for tasks to queue
[2026-09-16T19:16:17.500+0000] {logging_mixin.py:188} INFO - [2026-09-16T19:16:17.500+0000] {dagbag.py:545} INFO - Filling up the DagBag from /opt/airflow/dags/json_dag.py
[2026-09-16T19:16:17.852+0000] {processor.py:840} INFO - DAG(s) 'json_dag' retrieved from /opt/airflow/dags/json_dag.py
[2026-09-16T19:16:17.871+0000] {logging_mixin.py:188} INFO - [2026-09-16T19:16:17.871+0000] {dag.py:3096} INFO - Sync 1 DAGs
[2026-09-16T19:16:18.035+0000] {logging_mixin.py:188} INFO - [2026-09-16T19:16:18.035+0000] {dag.py:3954} INFO - Setting next_dagrun for json_dag to 2026-09-16 08:59:00+00:00, run_after=2026-09-17 08:00:00+00:00
[2026-09-16T19:16:18.053+0000] {processor.py:183} INFO - Processing /opt/airflow/dags/json_dag.py took 0.562 seconds
[2026-09-16T19:16:48.955+0000] {processor.py:161} INFO - Started process (PID=839) to work on /opt/airflow/dags/json_dag.py
[2026-09-16T19:16:48.957+0000] {processor.py:830} INFO - Processing file /opt/airflow/dags/json_dag.py for tasks to queue
[2026-09-16T19:16:48.960+0000] {logging_mixin.py:188} INFO - [2026-09-16T19:16:48.959+0000] {dagbag.py:545} INFO - Filling up the DagBag from /opt/airflow/dags/json_dag.py
[2026-09-16T19:16:49.418+0000] {processor.py:840} INFO - DAG(s) 'json_dag' retrieved from /opt/airflow/dags/json_dag.py
[2026-09-16T19:16:49.440+0000] {logging_mixin.py:188} INFO - [2026-09-16T19:16:49.439+0000] {dag.py:3096} INFO - Sync 1 DAGs
[2026-09-16T19:16:49.466+0000] {logging_mixin.py:188} INFO - [2026-09-16T19:16:49.466+0000] {dag.py:3954} INFO - Setting next_dagrun for json_dag to 2026-09-16 08:59:00+00:00, run_after=2026-09-17 08:00:00+00:00
[2026-09-16T19:16:49.490+0000] {processor.py:183} INFO - Processing /opt/airflow/dags/json_dag.py took 0.543 seconds
[2026-09-16T19:17:20.379+0000] {processor.py:161} INFO - Started process (PID=848) to work on /opt/airflow/dags/json_dag.py
[2026-09-16T19:17:20.380+0000] {processor.py:830} INFO - Processing file /opt/airflow/dags/json_dag.py for tasks to queue
[2026-09-16T19:17:20.382+0000] {logging_mixin.py:188} INFO - [2026-09-16T19:17:20.382+0000] {dagbag.py:545} INFO - Filling up the DagBag from /opt/airflow/dags/json_dag.py
[2026-09-16T19:17:20.781+0000] {processor.py:840} INFO - DAG(s) 'json_dag' retrieved from /opt/airflow/dags/json_dag.py
[2026-09-16T19:17:20.800+0000] {logging_mixin.py:188} INFO - [2026-09-16T19:17:20.800+0000] {dag.py:3096} INFO - Sync 1 DAGs
[2026-09-16T19:17:20.819+0000] {logging_mixin.py:188} INFO - [2026-09-16T19:17:20.819+0000] {dag.py:3954} INFO - Setting next_dagrun for json_dag to 2026-09-16 08:59:00+00:00, run_after=2026-09-17 08:00:00+00:00
[2026-09-16T19:17:20.836+0000] {processor.py:183} INFO - Processing /opt/airflow/dags/json_dag.py took 0.467 seconds
[2026-09-16T19:17:50.905+0000] {processor.py:161} INFO - Started process (PID=857) to work on /opt/airflow/dags/json_dag.py
[2026-09-16T19:17:50.906+0000] {processor.py:830} INFO - Processing file /opt/airflow/dags/json_dag.py for tasks to queue
[2026-09-16T19:17:50.909+0000] {logging_mixin.py:188} INFO - [2026-09-16T19:17:50.908+0000] {dagbag.py:545} INFO - Filling up the DagBag from /opt/airflow/dags/json_dag.py
[2026-09-16T19:17:51.258+0000] {processor.py:840} INFO - DAG(s) 'json_dag' retrieved from /opt/airflow/dags/json_dag.py
[2026-09-16T19:17:51.276+0000] {logging_mixin.py:188} INFO - [2026-09-16T19:17:51.276+0000] {dag.py:3096} INFO - Sync 1 DAGs
[2026-09-16T19:17:51.296+0000] {logging_mixin.py:188} INFO - [2026-09-16T19:17:51.296+0000] {dag.py:3954} INFO - Setting next_dagrun for json_dag to 2026-09-16 08:59:00+00:00, run_after=2026-09-17 08:00:00+00:00
[2026-09-16T19:17:51.317+0000] {processor.py:183} INFO - Processing /opt/airflow/dags/json_dag.py took 0.419 seconds
[2026-09-16T19:18:22.247+0000] {processor.py:161} INFO - Started process (PID=866) to work on /opt/airflow/dags/json_dag.py
[2026-09-16T19:18:22.249+0000] {processor.py:830} INFO - Processing file /opt/airflow/dags/json_dag.py for tasks to queue
[2026-09-16T19:18:22.251+0000] {logging_mixin.py:188} INFO - [2026-09-16T19:18:22.250+0000] {dagbag.py:545} INFO - Filling up the DagBag from /opt/airflow/dags/json_dag.py
[2026-09-16T19:18:22.663+0000] {processor.py:840} INFO - DAG(s) 'json_dag' retrieved from /opt/airflow/dags/json_dag.py
[2026-09-16T19:18:22.689+0000] {logging_mixin.py:188} INFO - [2026-09-16T19:18:22.688+0000] {dag.py:3096} INFO - Sync 1 DAGs
[2026-09-16T19:18:22.713+0000] {logging_mixin.py:188} INFO - [2026-09-16T19:18:22.713+0000] {dag.py:3954} INFO - Setting next_dagrun for json_dag to 2026-09-16 08:59:00+00:00, run_after=2026-09-17 08:00:00+00:00
[2026-09-16T19:18:22.864+0000] {processor.py:183} INFO - Processing /opt/airflow/dags/json_dag.py took 0.626 seconds
[2026-09-16T19:18:53.668+0000] {processor.py:161} INFO - Started process (PID=875) to work on /opt/airflow/dags/json_dag.py
[2026-09-16T19:18:53.670+0000] {processor.py:830} INFO - Processing file /opt/airflow/dags/json_dag.py for tasks to queue
[2026-09-16T19:18:53.672+0000] {logging_mixin.py:188} INFO - [2026-09-16T19:18:53.671+0000] {dagbag.py:545} INFO - Filling up the DagBag from /opt/airflow/dags/json_dag.py
[2026-09-16T19:18:54.024+0000] {processor.py:840} INFO - DAG(s) 'json_dag' retrieved from /opt/airflow/dags/json_dag.py
[2026-09-16T19:18:54.043+0000] {logging_mixin.py:188} INFO - [2026-09-16T19:18:54.043+0000] {dag.py:3096} INFO - Sync 1 DAGs
[2026-09-16T19:18:54.201+0000] {logging_mixin.py:188} INFO - [2026-09-16T19:18:54.201+0000] {dag.py:3954} INFO - Setting next_dagrun for json_dag to 2026-09-16 08:59:00+00:00, run_after=2026-09-17 08:00:00+00:00
[2026-09-16T19:18:54.216+0000] {processor.py:183} INFO - Processing /opt/airflow/dags/json_dag.py took 0.554 seconds
[2026-09-16T19:19:25.086+0000] {processor.py:161} INFO - Started process (PID=884) to work on /opt/airflow/dags/json_dag.py
[2026-09-16T19:19:25.088+0000] {processor.py:830} INFO - Processing file /opt/airflow/dags/json_dag.py for tasks to queue
[2026-09-16T19:19:25.091+0000] {logging_mixin.py:188} INFO - [2026-09-16T19:19:25.090+0000] {dagbag.py:545} INFO - Filling up the DagBag from /opt/airflow/dags/json_dag.py
[2026-09-16T19:19:25.477+0000] {processor.py:840} INFO - DAG(s) 'json_dag' retrieved from /opt/airflow/dags/json_dag.py
[2026-09-16T19:19:25.498+0000] {logging_mixin.py:188} INFO - [2026-09-16T19:19:25.498+0000] {dag.py:3096} INFO - Sync 1 DAGs
[2026-09-16T19:19:25.518+0000] {logging_mixin.py:188} INFO - [2026-09-16T19:19:25.518+0000] {dag.py:3954} INFO - Setting next_dagrun for json_dag to 2026-09-16 08:59:00+00:00, run_after=2026-09-17 08:00:00+00:00
[2026-09-16T19:19:25.536+0000] {processor.py:183} INFO - Processing /opt/airflow/dags/json_dag.py took 0.457 seconds
[2026-09-16T19:19:56.510+0000] {processor.py:161} INFO - Started process (PID=893) to work on /opt/airflow/dags/json_dag.py
[2026-09-16T19:19:56.512+0000] {processor.py:830} INFO - Processing file /opt/airflow/dags/json_dag.py for tasks to queue
[2026-09-16T19:19:56.514+0000] {logging_mixin.py:188} INFO - [2026-09-16T19:19:56.513+0000] {dagbag.py:545} INFO - Filling up the DagBag from /opt/airflow/dags/json_dag.py
[2026-09-16T19:19:56.879+0000] {processor.py:840} INFO - DAG(s) 'json_dag' retrieved from /opt/airflow/dags/json_dag.py
[2026-09-16T19:19:56.898+0000] {logging_mixin.py:188} INFO - [2026-09-16T19:19:56.897+0000] {dag.py:3096} INFO - Sync 1 DAGs
[2026-09-16T19:19:56.918+0000] {logging_mixin.py:188} INFO - [2026-09-16T19:19:56.917+0000] {dag.py:3954} INFO - Setting next_dagrun for json_dag to 2026-09-16 08:59:00+00:00, run_after=2026-09-17 08:00:00+00:00
[2026-09-16T19:19:56.935+0000] {processor.py:183} INFO - Processing /opt/airflow/dags/json_dag.py took 0.430 seconds
[2026-09-16T19:20:27.001+0000] {processor.py:161} INFO - Started process (PID=902) to work on /opt/airflow/dags/json_dag.py
[2026-09-16T19:20:27.002+0000] {processor.py:830} INFO - Processing file /opt/airflow/dags/json_dag.py for tasks to queue
[2026-09-16T19:20:27.004+0000] {logging_mixin.py:188} INFO - [2026-09-16T19:20:27.004+0000] {dagbag.py:545} INFO - Filling up the DagBag from /opt/airflow/dags/json_dag.py
[2026-09-16T19:20:27.362+0000] {processor.py:840} INFO - DAG(s) 'json_dag' retrieved from /opt/airflow/dags/json_dag.py
[2026-09-16T19:20:27.380+0000] {logging_mixin.py:188} INFO - [2026-09-16T19:20:27.380+0000] {dag.py:3096} INFO - Sync 1 DAGs
[2026-09-16T19:20:27.398+0000] {logging_mixin.py:188} INFO - [2026-09-16T19:20:27.398+0000] {dag.py:3954} INFO - Setting next_dagrun for json_dag to 2026-09-16 08:59:00+00:00, run_after=2026-09-17 08:00:00+00:00
[2026-09-16T19:20:27.415+0000] {processor.py:183} INFO - Processing /opt/airflow/dags/json_dag.py took 0.420 seconds
[2026-09-16T19:20:58.344+0000] {processor.py:161} INFO - Started process (PID=911) to work on /opt/airflow/dags/json_dag.py
[2026-09-16T19:20:58.345+0000] {processor.py:830} INFO - Processing file /opt/airflow/dags/json_dag.py for tasks to queue
[2026-09-16T19:20:58.347+0000] {logging_mixin.py:188} INFO - [2026-09-16T19:20:58.346+0000] {dagbag.py:545} INFO - Filling up the DagBag from /opt/airflow/dags/json_dag.py
[2026-09-16T19:20:58.695+0000] {processor.py:840} INFO - DAG(s) 'json_dag' retrieved from /opt/airflow/dags/json_dag.py
[2026-09-16T19:20:58.713+0000] {logging_mixin.py:188} INFO - [2026-09-16T19:20:58.713+0000] {dag.py:3096} INFO - Sync 1 DAGs
[2026-09-16T19:20:58.732+0000] {logging_mixin.py:188} INFO - [2026-09-16T19:20:58.731+0000] {dag.py:3954} INFO - Setting next_dagrun for json_dag to 2026-09-16 08:59:00+00:00, run_after=2026-09-17 08:00:00+00:00
[2026-09-16T19:20:58.750+0000] {processor.py:183} INFO - Processing /opt/airflow/dags/json_dag.py took 0.412 seconds
[2026-09-16T19:21:28.878+0000] {processor.py:161} INFO - Started process (PID=920) to work on /opt/airflow/dags/json_dag.py
[2026-09-16T19:21:28.880+0000] {processor.py:830} INFO - Processing file /opt/airflow/dags/json_dag.py for tasks to queue
[2026-09-16T19:21:28.882+0000] {logging_mixin.py:188} INFO - [2026-09-16T19:21:28.881+0000] {dagbag.py:545} INFO - Filling up the DagBag from /opt/airflow/dags/json_dag.py
[2026-09-16T19:21:29.253+0000] {processor.py:840} INFO - DAG(s) 'json_dag' retrieved from /opt/airflow/dags/json_dag.py
[2026-09-16T19:21:29.272+0000] {logging_mixin.py:188} INFO - [2026-09-16T19:21:29.272+0000] {dag.py:3096} INFO - Sync 1 DAGs
[2026-09-16T19:21:29.291+0000] {logging_mixin.py:188} INFO - [2026-09-16T19:21:29.291+0000] {dag.py:3954} INFO - Setting next_dagrun for json_dag to 2026-09-16 08:59:00+00:00, run_after=2026-09-17 08:00:00+00:00
[2026-09-16T19:21:29.438+0000] {processor.py:183} INFO - Processing /opt/airflow/dags/json_dag.py took 0.567 seconds
[2026-09-16T19:22:00.218+0000] {processor.py:161} INFO - Started process (PID=929) to work on /opt/airflow/dags/json_dag.py
[2026-09-16T19:22:00.219+0000] {processor.py:830} INFO - Processing file /opt/airflow/dags/json_dag.py for tasks to queue
[2026-09-16T19:22:00.221+0000] {logging_mixin.py:188} INFO - [2026-09-16T19:22:00.221+0000] {dagbag.py:545} INFO - Filling up the DagBag from /opt/airflow/dags/json_dag.py
[2026-09-16T19:22:00.571+0000] {processor.py:840} INFO - DAG(s) 'json_dag' retrieved from /opt/airflow/dags/json_dag.py
[2026-09-16T19:22:00.601+0000] {logging_mixin.py:188} INFO - [2026-09-16T19:22:00.600+0000] {dag.py:3096} INFO - Sync 1 DAGs
[2026-09-16T19:22:00.780+0000] {logging_mixin.py:188} INFO - [2026-09-16T19:22:00.780+0000] {dag.py:3954} INFO - Setting next_dagrun for json_dag to 2026-09-16 08:59:00+00:00, run_after=2026-09-17 08:00:00+00:00
[2026-09-16T19:22:00.805+0000] {processor.py:183} INFO - Processing /opt/airflow/dags/json_dag.py took 0.593 seconds
[2026-09-16T19:22:31.596+0000] {processor.py:161} INFO - Started process (PID=938) to work on /opt/airflow/dags/json_dag.py
[2026-09-16T19:22:31.597+0000] {processor.py:830} INFO - Processing file /opt/airflow/dags/json_dag.py for tasks to queue
[2026-09-16T19:22:31.599+0000] {logging_mixin.py:188} INFO - [2026-09-16T19:22:31.599+0000] {dagbag.py:545} INFO - Filling up the DagBag from /opt/airflow/dags/json_dag.py
[2026-09-16T19:22:31.978+0000] {processor.py:840} INFO - DAG(s) 'json_dag' retrieved from /opt/airflow/dags/json_dag.py
[2026-09-16T19:22:31.998+0000] {logging_mixin.py:188} INFO - [2026-09-16T19:22:31.998+0000] {dag.py:3096} INFO - Sync 1 DAGs
[2026-09-16T19:22:32.019+0000] {logging_mixin.py:188} INFO - [2026-09-16T19:22:32.018+0000] {dag.py:3954} INFO - Setting next_dagrun for json_dag to 2026-09-16 08:59:00+00:00, run_after=2026-09-17 08:00:00+00:00
[2026-09-16T19:22:32.035+0000] {processor.py:183} INFO - Processing /opt/airflow/dags/json_dag.py took 0.446 seconds
[2026-09-16T19:23:02.089+0000] {processor.py:161} INFO - Started process (PID=947) to work on /opt/airflow/dags/json_dag.py
[2026-09-16T19:23:02.090+0000] {processor.py:830} INFO - Processing file /opt/airflow/dags/json_dag.py for tasks to queue
[2026-09-16T19:23:02.092+0000] {logging_mixin.py:188} INFO - [2026-09-16T19:23:02.092+0000] {dagbag.py:545} INFO - Filling up the DagBag from /opt/airflow/dags/json_dag.py
[2026-09-16T19:23:02.442+0000] {processor.py:840} INFO - DAG(s) 'json_dag' retrieved from /opt/airflow/dags/json_dag.py
[2026-09-16T19:23:02.462+0000] {logging_mixin.py:188} INFO - [2026-09-16T19:23:02.461+0000] {dag.py:3096} INFO - Sync 1 DAGs
[2026-09-16T19:23:02.488+0000] {logging_mixin.py:188} INFO - [2026-09-16T19:23:02.487+0000] {dag.py:3954} INFO - Setting next_dagrun for json_dag to 2026-09-16 08:59:00+00:00, run_after=2026-09-17 08:00:00+00:00
[2026-09-16T19:23:02.511+0000] {processor.py:183} INFO - Processing /opt/airflow/dags/json_dag.py took 0.427 seconds
[2026-09-16T19:23:33.392+0000] {processor.py:161} INFO - Started process (PID=956) to work on /opt/airflow/dags/json_dag.py
[2026-09-16T19:23:33.394+0000] {processor.py:830} INFO - Processing file /opt/airflow/dags/json_dag.py for tasks to queue
[2026-09-16T19:23:33.397+0000] {logging_mixin.py:188} INFO - [2026-09-16T19:23:33.397+0000] {dagbag.py:545} INFO - Filling up the DagBag from /opt/airflow/dags/json_dag.py
[2026-09-16T19:23:33.785+0000] {processor.py:840} INFO - DAG(s) 'json_dag' retrieved from /opt/airflow/dags/json_dag.py
[2026-09-16T19:23:33.805+0000] {logging_mixin.py:188} INFO - [2026-09-16T19:23:33.805+0000] {dag.py:3096} INFO - Sync 1 DAGs
[2026-09-16T19:23:33.823+0000] {logging_mixin.py:188} INFO - [2026-09-16T19:23:33.823+0000] {dag.py:3954} INFO - Setting next_dagrun for json_dag to 2026-09-16 08:59:00+00:00, run_after=2026-09-17 08:00:00+00:00
[2026-09-16T19:23:33.840+0000] {processor.py:183} INFO - Processing /opt/airflow/dags/json_dag.py took 0.457 seconds
[2026-09-16T19:24:03.978+0000] {processor.py:161} INFO - Started process (PID=965) to work on /opt/airflow/dags/json_dag.py
[2026-09-16T19:24:03.980+0000] {processor.py:830} INFO - Processing file /opt/airflow/dags/json_dag.py for tasks to queue
[2026-09-16T19:24:03.982+0000] {logging_mixin.py:188} INFO - [2026-09-16T19:24:03.982+0000] {dagbag.py:545} INFO - Filling up the DagBag from /opt/airflow/dags/json_dag.py
[2026-09-16T19:24:04.334+0000] {processor.py:840} INFO - DAG(s) 'json_dag' retrieved from /opt/airflow/dags/json_dag.py
[2026-09-16T19:24:04.353+0000] {logging_mixin.py:188} INFO - [2026-09-16T19:24:04.353+0000] {dag.py:3096} INFO - Sync 1 DAGs
[2026-09-16T19:24:04.371+0000] {logging_mixin.py:188} INFO - [2026-09-16T19:24:04.370+0000] {dag.py:3954} INFO - Setting next_dagrun for json_dag to 2026-09-16 08:59:00+00:00, run_after=2026-09-17 08:00:00+00:00
[2026-09-16T19:24:04.512+0000] {processor.py:183} INFO - Processing /opt/airflow/dags/json_dag.py took 0.541 seconds
[2026-09-16T19:24:35.306+0000] {processor.py:161} INFO - Started process (PID=974) to work on /opt/airflow/dags/json_dag.py
[2026-09-16T19:24:35.308+0000] {processor.py:830} INFO - Processing file /opt/airflow/dags/json_dag.py for tasks to queue
[2026-09-16T19:24:35.310+0000] {logging_mixin.py:188} INFO - [2026-09-16T19:24:35.310+0000] {dagbag.py:545} INFO - Filling up the DagBag from /opt/airflow/dags/json_dag.py
[2026-09-16T19:24:35.645+0000] {processor.py:840} INFO - DAG(s) 'json_dag' retrieved from /opt/airflow/dags/json_dag.py
[2026-09-16T19:24:35.664+0000] {logging_mixin.py:188} INFO - [2026-09-16T19:24:35.664+0000] {dag.py:3096} INFO - Sync 1 DAGs
[2026-09-16T19:24:35.817+0000] {logging_mixin.py:188} INFO - [2026-09-16T19:24:35.817+0000] {dag.py:3954} INFO - Setting next_dagrun for json_dag to 2026-09-16 08:59:00+00:00, run_after=2026-09-17 08:00:00+00:00
[2026-09-16T19:24:35.835+0000] {processor.py:183} INFO - Processing /opt/airflow/dags/json_dag.py took 0.534 seconds
[2026-09-16T19:25:06.776+0000] {processor.py:161} INFO - Started process (PID=983) to work on /opt/airflow/dags/json_dag.py
[2026-09-16T19:25:06.778+0000] {processor.py:830} INFO - Processing file /opt/airflow/dags/json_dag.py for tasks to queue
[2026-09-16T19:25:06.780+0000] {logging_mixin.py:188} INFO - [2026-09-16T19:25:06.780+0000] {dagbag.py:545} INFO - Filling up the DagBag from /opt/airflow/dags/json_dag.py
[2026-09-16T19:25:07.169+0000] {processor.py:840} INFO - DAG(s) 'json_dag' retrieved from /opt/airflow/dags/json_dag.py
[2026-09-16T19:25:07.189+0000] {logging_mixin.py:188} INFO - [2026-09-16T19:25:07.189+0000] {dag.py:3096} INFO - Sync 1 DAGs
[2026-09-16T19:25:07.208+0000] {logging_mixin.py:188} INFO - [2026-09-16T19:25:07.207+0000] {dag.py:3954} INFO - Setting next_dagrun for json_dag to 2026-09-16 08:59:00+00:00, run_after=2026-09-17 08:00:00+00:00
[2026-09-16T19:25:07.224+0000] {processor.py:183} INFO - Processing /opt/airflow/dags/json_dag.py took 0.457 seconds
[2026-09-16T19:25:38.140+0000] {processor.py:161} INFO - Started process (PID=992) to work on /opt/airflow/dags/json_dag.py
[2026-09-16T19:25:38.142+0000] {processor.py:830} INFO - Processing file /opt/airflow/dags/json_dag.py for tasks to queue
[2026-09-16T19:25:38.144+0000] {logging_mixin.py:188} INFO - [2026-09-16T19:25:38.144+0000] {dagbag.py:545} INFO - Filling up the DagBag from /opt/airflow/dags/json_dag.py
[2026-09-16T19:25:38.519+0000] {processor.py:840} INFO - DAG(s) 'json_dag' retrieved from /opt/airflow/dags/json_dag.py
[2026-09-16T19:25:38.537+0000] {logging_mixin.py:188} INFO - [2026-09-16T19:25:38.537+0000] {dag.py:3096} INFO - Sync 1 DAGs
[2026-09-16T19:25:38.555+0000] {logging_mixin.py:188} INFO - [2026-09-16T19:25:38.555+0000] {dag.py:3954} INFO - Setting next_dagrun for json_dag to 2026-09-16 08:59:00+00:00, run_after=2026-09-17 08:00:00+00:00
[2026-09-16T19:25:38.574+0000] {processor.py:183} INFO - Processing /opt/airflow/dags/json_dag.py took 0.440 seconds
[2026-09-16T19:26:09.547+0000] {processor.py:161} INFO - Started process (PID=1001) to work on /opt/airflow/dags/json_dag.py
[2026-09-16T19:26:09.549+0000] {processor.py:830} INFO - Processing file /opt/airflow/dags/json_dag.py for tasks to queue
[2026-09-16T19:26:09.551+0000] {logging_mixin.py:188} INFO - [2026-09-16T19:26:09.551+0000] {dagbag.py:545} INFO - Filling up the DagBag from /opt/airflow/dags/json_dag.py
[2026-09-16T19:26:09.980+0000] {processor.py:840} INFO - DAG(s) 'json_dag' retrieved from /opt/airflow/dags/json_dag.py
[2026-09-16T19:26:09.999+0000] {logging_mixin.py:188} INFO - [2026-09-16T19:26:09.999+0000] {dag.py:3096} INFO - Sync 1 DAGs
[2026-09-16T19:26:10.017+0000] {logging_mixin.py:188} INFO - [2026-09-16T19:26:10.017+0000] {dag.py:3954} INFO - Setting next_dagrun for json_dag to 2026-09-16 08:59:00+00:00, run_after=2026-09-17 08:00:00+00:00
[2026-09-16T19:26:10.034+0000] {processor.py:183} INFO - Processing /opt/airflow/dags/json_dag.py took 0.492 seconds
[2026-09-16T19:26:40.943+0000] {processor.py:161} INFO - Started process (PID=1011) to work on /opt/airflow/dags/json_dag.py
[2026-09-16T19:26:40.944+0000] {processor.py:830} INFO - Processing file /opt/airflow/dags/json_dag.py for tasks to queue
[2026-09-16T19:26:40.947+0000] {logging_mixin.py:188} INFO - [2026-09-16T19:26:40.947+0000] {dagbag.py:545} INFO - Filling up the DagBag from /opt/airflow/dags/json_dag.py
[2026-09-16T19:26:41.373+0000] {processor.py:840} INFO - DAG(s) 'json_dag' retrieved from /opt/airflow/dags/json_dag.py
[2026-09-16T19:26:41.401+0000] {logging_mixin.py:188} INFO - [2026-09-16T19:26:41.400+0000] {dag.py:3096} INFO - Sync 1 DAGs
[2026-09-16T19:26:41.426+0000] {logging_mixin.py:188} INFO - [2026-09-16T19:26:41.426+0000] {dag.py:3954} INFO - Setting next_dagrun for json_dag to 2026-09-16 08:59:00+00:00, run_after=2026-09-17 08:00:00+00:00
[2026-09-16T19:26:41.594+0000] {processor.py:183} INFO - Processing /opt/airflow/dags/json_dag.py took 0.660 seconds
[2026-09-16T19:27:12.378+0000] {processor.py:161} INFO - Started process (PID=1020) to work on /opt/airflow/dags/json_dag.py
[2026-09-16T19:27:12.380+0000] {processor.py:830} INFO - Processing file /opt/airflow/dags/json_dag.py for tasks to queue
[2026-09-16T19:27:12.382+0000] {logging_mixin.py:188} INFO - [2026-09-16T19:27:12.382+0000] {dagbag.py:545} INFO - Filling up the DagBag from /opt/airflow/dags/json_dag.py
[2026-09-16T19:27:12.743+0000] {processor.py:840} INFO - DAG(s) 'json_dag' retrieved from /opt/airflow/dags/json_dag.py
[2026-09-16T19:27:12.767+0000] {logging_mixin.py:188} INFO - [2026-09-16T19:27:12.766+0000] {dag.py:3096} INFO - Sync 1 DAGs
[2026-09-16T19:27:12.789+0000] {logging_mixin.py:188} INFO - [2026-09-16T19:27:12.789+0000] {dag.py:3954} INFO - Setting next_dagrun for json_dag to 2026-09-16 08:59:00+00:00, run_after=2026-09-17 08:00:00+00:00
[2026-09-16T19:27:12.962+0000] {processor.py:183} INFO - Processing /opt/airflow/dags/json_dag.py took 0.591 seconds
[2026-09-16T19:27:43.777+0000] {processor.py:161} INFO - Started process (PID=1029) to work on /opt/airflow/dags/json_dag.py
[2026-09-16T19:27:43.778+0000] {processor.py:830} INFO - Processing file /opt/airflow/dags/json_dag.py for tasks to queue
[2026-09-16T19:27:43.780+0000] {logging_mixin.py:188} INFO - [2026-09-16T19:27:43.779+0000] {dagbag.py:545} INFO - Filling up the DagBag from /opt/airflow/dags/json_dag.py
[2026-09-16T19:27:44.160+0000] {processor.py:840} INFO - DAG(s) 'json_dag' retrieved from /opt/airflow/dags/json_dag.py
[2026-09-16T19:27:44.188+0000] {logging_mixin.py:188} INFO - [2026-09-16T19:27:44.187+0000] {dag.py:3096} INFO - Sync 1 DAGs
[2026-09-16T19:27:44.362+0000] {logging_mixin.py:188} INFO - [2026-09-16T19:27:44.361+0000] {dag.py:3954} INFO - Setting next_dagrun for json_dag to 2026-09-16 08:59:00+00:00, run_after=2026-09-17 08:00:00+00:00
[2026-09-16T19:27:44.408+0000] {processor.py:183} INFO - Processing /opt/airflow/dags/json_dag.py took 0.637 seconds
[2026-09-16T19:28:15.213+0000] {processor.py:161} INFO - Started process (PID=1038) to work on /opt/airflow/dags/json_dag.py
[2026-09-16T19:28:15.214+0000] {processor.py:830} INFO - Processing file /opt/airflow/dags/json_dag.py for tasks to queue
[2026-09-16T19:28:15.216+0000] {logging_mixin.py:188} INFO - [2026-09-16T19:28:15.216+0000] {dagbag.py:545} INFO - Filling up the DagBag from /opt/airflow/dags/json_dag.py
[2026-09-16T19:28:15.582+0000] {processor.py:840} INFO - DAG(s) 'json_dag' retrieved from /opt/airflow/dags/json_dag.py
[2026-09-16T19:28:15.601+0000] {logging_mixin.py:188} INFO - [2026-09-16T19:28:15.601+0000] {dag.py:3096} INFO - Sync 1 DAGs
[2026-09-16T19:28:15.622+0000] {logging_mixin.py:188} INFO - [2026-09-16T19:28:15.621+0000] {dag.py:3954} INFO - Setting next_dagrun for json_dag to 2026-09-16 08:59:00+00:00, run_after=2026-09-17 08:00:00+00:00
[2026-09-16T19:28:15.643+0000] {processor.py:183} INFO - Processing /opt/airflow/dags/json_dag.py took 0.437 seconds
[2026-09-16T19:28:45.717+0000] {processor.py:161} INFO - Started process (PID=1047) to work on /opt/airflow/dags/json_dag.py
[2026-09-16T19:28:45.718+0000] {processor.py:830} INFO - Processing file /opt/airflow/dags/json_dag.py for tasks to queue
[2026-09-16T19:28:45.720+0000] {logging_mixin.py:188} INFO - [2026-09-16T19:28:45.720+0000] {dagbag.py:545} INFO - Filling up the DagBag from /opt/airflow/dags/json_dag.py
[2026-09-16T19:28:46.068+0000] {processor.py:840} INFO - DAG(s) 'json_dag' retrieved from /opt/airflow/dags/json_dag.py
[2026-09-16T19:28:46.088+0000] {logging_mixin.py:188} INFO - [2026-09-16T19:28:46.088+0000] {dag.py:3096} INFO - Sync 1 DAGs
[2026-09-16T19:28:46.120+0000] {logging_mixin.py:188} INFO - [2026-09-16T19:28:46.119+0000] {dag.py:3954} INFO - Setting next_dagrun for json_dag to 2026-09-16 08:59:00+00:00, run_after=2026-09-17 08:00:00+00:00
[2026-09-16T19:28:46.149+0000] {processor.py:183} INFO - Processing /opt/airflow/dags/json_dag.py took 0.438 seconds
[2026-09-16T19:29:17.040+0000] {processor.py:161} INFO - Started process (PID=1056) to work on /opt/airflow/dags/json_dag.py
[2026-09-16T19:29:17.042+0000] {processor.py:830} INFO - Processing file /opt/airflow/dags/json_dag.py for tasks to queue
[2026-09-16T19:29:17.044+0000] {logging_mixin.py:188} INFO - [2026-09-16T19:29:17.044+0000] {dagbag.py:545} INFO - Filling up the DagBag from /opt/airflow/dags/json_dag.py
[2026-09-16T19:29:17.485+0000] {processor.py:840} INFO - DAG(s) 'json_dag' retrieved from /opt/airflow/dags/json_dag.py
[2026-09-16T19:29:17.503+0000] {logging_mixin.py:188} INFO - [2026-09-16T19:29:17.503+0000] {dag.py:3096} INFO - Sync 1 DAGs
[2026-09-16T19:29:17.521+0000] {logging_mixin.py:188} INFO - [2026-09-16T19:29:17.521+0000] {dag.py:3954} INFO - Setting next_dagrun for json_dag to 2026-09-16 08:59:00+00:00, run_after=2026-09-17 08:00:00+00:00
[2026-09-16T19:29:17.538+0000] {processor.py:183} INFO - Processing /opt/airflow/dags/json_dag.py took 0.505 seconds
[2026-09-16T19:29:48.488+0000] {processor.py:161} INFO - Started process (PID=1071) to work on /opt/airflow/dags/json_dag.py
[2026-09-16T19:29:48.490+0000] {processor.py:830} INFO - Processing file /opt/airflow/dags/json_dag.py for tasks to queue
[2026-09-16T19:29:48.492+0000] {logging_mixin.py:188} INFO - [2026-09-16T19:29:48.492+0000] {dagbag.py:545} INFO - Filling up the DagBag from /opt/airflow/dags/json_dag.py
[2026-09-16T19:29:48.854+0000] {processor.py:840} INFO - DAG(s) 'json_dag' retrieved from /opt/airflow/dags/json_dag.py
[2026-09-16T19:29:48.873+0000] {logging_mixin.py:188} INFO - [2026-09-16T19:29:48.873+0000] {dag.py:3096} INFO - Sync 1 DAGs
[2026-09-16T19:29:48.893+0000] {logging_mixin.py:188} INFO - [2026-09-16T19:29:48.893+0000] {dag.py:3954} INFO - Setting next_dagrun for json_dag to 2026-09-16 08:59:00+00:00, run_after=2026-09-17 08:00:00+00:00
[2026-09-16T19:29:49.039+0000] {processor.py:183} INFO - Processing /opt/airflow/dags/json_dag.py took 0.558 seconds
[2026-09-16T19:30:19.831+0000] {processor.py:161} INFO - Started process (PID=1080) to work on /opt/airflow/dags/json_dag.py
[2026-09-16T19:30:19.833+0000] {processor.py:830} INFO - Processing file /opt/airflow/dags/json_dag.py for tasks to queue
[2026-09-16T19:30:19.836+0000] {logging_mixin.py:188} INFO - [2026-09-16T19:30:19.836+0000] {dagbag.py:545} INFO - Filling up the DagBag from /opt/airflow/dags/json_dag.py
[2026-09-16T19:30:20.206+0000] {processor.py:840} INFO - DAG(s) 'json_dag' retrieved from /opt/airflow/dags/json_dag.py
[2026-09-16T19:30:20.235+0000] {logging_mixin.py:188} INFO - [2026-09-16T19:30:20.234+0000] {dag.py:3096} INFO - Sync 1 DAGs
[2026-09-16T19:30:20.388+0000] {logging_mixin.py:188} INFO - [2026-09-16T19:30:20.388+0000] {dag.py:3954} INFO - Setting next_dagrun for json_dag to 2026-09-16 08:59:00+00:00, run_after=2026-09-17 08:00:00+00:00
[2026-09-16T19:30:20.406+0000] {processor.py:183} INFO - Processing /opt/airflow/dags/json_dag.py took 0.582 seconds
[2026-09-16T19:30:51.234+0000] {processor.py:161} INFO - Started process (PID=1089) to work on /opt/airflow/dags/json_dag.py
[2026-09-16T19:30:51.236+0000] {processor.py:830} INFO - Processing file /opt/airflow/dags/json_dag.py for tasks to queue
[2026-09-16T19:30:51.238+0000] {logging_mixin.py:188} INFO - [2026-09-16T19:30:51.237+0000] {dagbag.py:545} INFO - Filling up the DagBag from /opt/airflow/dags/json_dag.py
[2026-09-16T19:30:51.610+0000] {processor.py:840} INFO - DAG(s) 'json_dag' retrieved from /opt/airflow/dags/json_dag.py
[2026-09-16T19:30:51.629+0000] {logging_mixin.py:188} INFO - [2026-09-16T19:30:51.629+0000] {dag.py:3096} INFO - Sync 1 DAGs
[2026-09-16T19:30:51.781+0000] {logging_mixin.py:188} INFO - [2026-09-16T19:30:51.781+0000] {dag.py:3954} INFO - Setting next_dagrun for json_dag to 2026-09-16 08:59:00+00:00, run_after=2026-09-17 08:00:00+00:00
[2026-09-16T19:30:51.800+0000] {processor.py:183} INFO - Processing /opt/airflow/dags/json_dag.py took 0.572 seconds
[2026-09-16T19:31:22.690+0000] {processor.py:161} INFO - Started process (PID=1099) to work on /opt/airflow/dags/json_dag.py
[2026-09-16T19:31:22.692+0000] {processor.py:830} INFO - Processing file /opt/airflow/dags/json_dag.py for tasks to queue
[2026-09-16T19:31:22.695+0000] {logging_mixin.py:188} INFO - [2026-09-16T19:31:22.694+0000] {dagbag.py:545} INFO - Filling up the DagBag from /opt/airflow/dags/json_dag.py
[2026-09-16T19:31:23.115+0000] {processor.py:840} INFO - DAG(s) 'json_dag' retrieved from /opt/airflow/dags/json_dag.py
[2026-09-16T19:31:23.135+0000] {logging_mixin.py:188} INFO - [2026-09-16T19:31:23.135+0000] {dag.py:3096} INFO - Sync 1 DAGs
[2026-09-16T19:31:23.157+0000] {logging_mixin.py:188} INFO - [2026-09-16T19:31:23.157+0000] {dag.py:3954} INFO - Setting next_dagrun for json_dag to 2026-09-16 08:59:00+00:00, run_after=2026-09-17 08:00:00+00:00
[2026-09-16T19:31:23.178+0000] {processor.py:183} INFO - Processing /opt/airflow/dags/json_dag.py took 0.497 seconds
[2026-09-16T19:31:53.263+0000] {processor.py:161} INFO - Started process (PID=1108) to work on /opt/airflow/dags/json_dag.py
[2026-09-16T19:31:53.265+0000] {processor.py:830} INFO - Processing file /opt/airflow/dags/json_dag.py for tasks to queue
[2026-09-16T19:31:53.268+0000] {logging_mixin.py:188} INFO - [2026-09-16T19:31:53.268+0000] {dagbag.py:545} INFO - Filling up the DagBag from /opt/airflow/dags/json_dag.py
[2026-09-16T19:31:53.682+0000] {processor.py:840} INFO - DAG(s) 'json_dag' retrieved from /opt/airflow/dags/json_dag.py
[2026-09-16T19:31:53.700+0000] {logging_mixin.py:188} INFO - [2026-09-16T19:31:53.700+0000] {dag.py:3096} INFO - Sync 1 DAGs
[2026-09-16T19:31:53.718+0000] {logging_mixin.py:188} INFO - [2026-09-16T19:31:53.718+0000] {dag.py:3954} INFO - Setting next_dagrun for json_dag to 2026-09-16 08:59:00+00:00, run_after=2026-09-17 08:00:00+00:00
[2026-09-16T19:31:53.736+0000] {processor.py:183} INFO - Processing /opt/airflow/dags/json_dag.py took 0.479 seconds
[2026-09-16T19:32:24.587+0000] {processor.py:161} INFO - Started process (PID=1117) to work on /opt/airflow/dags/json_dag.py
[2026-09-16T19:32:24.589+0000] {processor.py:830} INFO - Processing file /opt/airflow/dags/json_dag.py for tasks to queue
[2026-09-16T19:32:24.591+0000] {logging_mixin.py:188} INFO - [2026-09-16T19:32:24.591+0000] {dagbag.py:545} INFO - Filling up the DagBag from /opt/airflow/dags/json_dag.py
[2026-09-16T19:32:24.968+0000] {processor.py:840} INFO - DAG(s) 'json_dag' retrieved from /opt/airflow/dags/json_dag.py
[2026-09-16T19:32:24.987+0000] {logging_mixin.py:188} INFO - [2026-09-16T19:32:24.986+0000] {dag.py:3096} INFO - Sync 1 DAGs
[2026-09-16T19:32:25.006+0000] {logging_mixin.py:188} INFO - [2026-09-16T19:32:25.005+0000] {dag.py:3954} INFO - Setting next_dagrun for json_dag to 2026-09-16 08:59:00+00:00, run_after=2026-09-17 08:00:00+00:00
[2026-09-16T19:32:25.150+0000] {processor.py:183} INFO - Processing /opt/airflow/dags/json_dag.py took 0.568 seconds
[2026-09-16T19:32:56.044+0000] {processor.py:161} INFO - Started process (PID=1126) to work on /opt/airflow/dags/json_dag.py
[2026-09-16T19:32:56.046+0000] {processor.py:830} INFO - Processing file /opt/airflow/dags/json_dag.py for tasks to queue
[2026-09-16T19:32:56.047+0000] {logging_mixin.py:188} INFO - [2026-09-16T19:32:56.047+0000] {dagbag.py:545} INFO - Filling up the DagBag from /opt/airflow/dags/json_dag.py
[2026-09-16T19:32:56.452+0000] {processor.py:840} INFO - DAG(s) 'json_dag' retrieved from /opt/airflow/dags/json_dag.py
[2026-09-16T19:32:56.471+0000] {logging_mixin.py:188} INFO - [2026-09-16T19:32:56.471+0000] {dag.py:3096} INFO - Sync 1 DAGs
[2026-09-16T19:32:56.640+0000] {logging_mixin.py:188} INFO - [2026-09-16T19:32:56.640+0000] {dag.py:3954} INFO - Setting next_dagrun for json_dag to 2026-09-16 08:59:00+00:00, run_after=2026-09-17 08:00:00+00:00
[2026-09-16T19:32:56.658+0000] {processor.py:183} INFO - Processing /opt/airflow/dags/json_dag.py took 0.620 seconds
[2026-09-16T19:33:27.405+0000] {processor.py:161} INFO - Started process (PID=1136) to work on /opt/airflow/dags/json_dag.py
[2026-09-16T19:33:27.406+0000] {processor.py:830} INFO - Processing file /opt/airflow/dags/json_dag.py for tasks to queue
[2026-09-16T19:33:27.408+0000] {logging_mixin.py:188} INFO - [2026-09-16T19:33:27.407+0000] {dagbag.py:545} INFO - Filling up the DagBag from /opt/airflow/dags/json_dag.py
[2026-09-16T19:33:27.745+0000] {processor.py:840} INFO - DAG(s) 'json_dag' retrieved from /opt/airflow/dags/json_dag.py
[2026-09-16T19:33:27.767+0000] {logging_mixin.py:188} INFO - [2026-09-16T19:33:27.767+0000] {dag.py:3096} INFO - Sync 1 DAGs
[2026-09-16T19:33:27.920+0000] {logging_mixin.py:188} INFO - [2026-09-16T19:33:27.920+0000] {dag.py:3954} INFO - Setting next_dagrun for json_dag to 2026-09-16 08:59:00+00:00, run_after=2026-09-17 08:00:00+00:00
[2026-09-16T19:33:27.939+0000] {processor.py:183} INFO - Processing /opt/airflow/dags/json_dag.py took 0.541 seconds
[2026-09-16T19:33:58.844+0000] {processor.py:161} INFO - Started process (PID=1145) to work on /opt/airflow/dags/json_dag.py
[2026-09-16T19:33:58.845+0000] {processor.py:830} INFO - Processing file /opt/airflow/dags/json_dag.py for tasks to queue
[2026-09-16T19:33:58.847+0000] {logging_mixin.py:188} INFO - [2026-09-16T19:33:58.847+0000] {dagbag.py:545} INFO - Filling up the DagBag from /opt/airflow/dags/json_dag.py
[2026-09-16T19:33:59.231+0000] {processor.py:840} INFO - DAG(s) 'json_dag' retrieved from /opt/airflow/dags/json_dag.py
[2026-09-16T19:33:59.261+0000] {logging_mixin.py:188} INFO - [2026-09-16T19:33:59.260+0000] {dag.py:3096} INFO - Sync 1 DAGs
[2026-09-16T19:33:59.281+0000] {logging_mixin.py:188} INFO - [2026-09-16T19:33:59.281+0000] {dag.py:3954} INFO - Setting next_dagrun for json_dag to 2026-09-16 08:59:00+00:00, run_after=2026-09-17 08:00:00+00:00
[2026-09-16T19:33:59.303+0000] {processor.py:183} INFO - Processing /opt/airflow/dags/json_dag.py took 0.464 seconds
[2026-09-16T19:34:29.410+0000] {processor.py:161} INFO - Started process (PID=1154) to work on /opt/airflow/dags/json_dag.py
[2026-09-16T19:34:29.412+0000] {processor.py:830} INFO - Processing file /opt/airflow/dags/json_dag.py for tasks to queue
[2026-09-16T19:34:29.414+0000] {logging_mixin.py:188} INFO - [2026-09-16T19:34:29.414+0000] {dagbag.py:545} INFO - Filling up the DagBag from /opt/airflow/dags/json_dag.py
[2026-09-16T19:34:29.804+0000] {processor.py:840} INFO - DAG(s) 'json_dag' retrieved from /opt/airflow/dags/json_dag.py
[2026-09-16T19:34:29.823+0000] {logging_mixin.py:188} INFO - [2026-09-16T19:34:29.822+0000] {dag.py:3096} INFO - Sync 1 DAGs
[2026-09-16T19:34:29.843+0000] {logging_mixin.py:188} INFO - [2026-09-16T19:34:29.843+0000] {dag.py:3954} INFO - Setting next_dagrun for json_dag to 2026-09-16 08:59:00+00:00, run_after=2026-09-17 08:00:00+00:00
[2026-09-16T19:34:29.863+0000] {processor.py:183} INFO - Processing /opt/airflow/dags/json_dag.py took 0.461 seconds
[2026-09-16T19:34:59.921+0000] {processor.py:161} INFO - Started process (PID=1163) to work on /opt/airflow/dags/json_dag.py
[2026-09-16T19:34:59.923+0000] {processor.py:830} INFO - Processing file /opt/airflow/dags/json_dag.py for tasks to queue
[2026-09-16T19:34:59.927+0000] {logging_mixin.py:188} INFO - [2026-09-16T19:34:59.926+0000] {dagbag.py:545} INFO - Filling up the DagBag from /opt/airflow/dags/json_dag.py
[2026-09-16T19:35:00.451+0000] {processor.py:840} INFO - DAG(s) 'json_dag' retrieved from /opt/airflow/dags/json_dag.py
[2026-09-16T19:35:00.480+0000] {logging_mixin.py:188} INFO - [2026-09-16T19:35:00.479+0000] {dag.py:3096} INFO - Sync 1 DAGs
[2026-09-16T19:35:00.520+0000] {logging_mixin.py:188} INFO - [2026-09-16T19:35:00.519+0000] {dag.py:3954} INFO - Setting next_dagrun for json_dag to 2026-09-16 08:59:00+00:00, run_after=2026-09-17 08:00:00+00:00
[2026-09-16T19:35:00.562+0000] {processor.py:183} INFO - Processing /opt/airflow/dags/json_dag.py took 0.652 seconds
[2026-09-16T19:35:30.977+0000] {processor.py:161} INFO - Started process (PID=1172) to work on /opt/airflow/dags/json_dag.py
[2026-09-16T19:35:30.979+0000] {processor.py:830} INFO - Processing file /opt/airflow/dags/json_dag.py for tasks to queue
[2026-09-16T19:35:30.981+0000] {logging_mixin.py:188} INFO - [2026-09-16T19:35:30.981+0000] {dagbag.py:545} INFO - Filling up the DagBag from /opt/airflow/dags/json_dag.py
[2026-09-16T19:35:31.529+0000] {processor.py:840} INFO - DAG(s) 'json_dag' retrieved from /opt/airflow/dags/json_dag.py
[2026-09-16T19:35:31.556+0000] {logging_mixin.py:188} INFO - [2026-09-16T19:35:31.556+0000] {dag.py:3096} INFO - Sync 1 DAGs
[2026-09-16T19:35:31.582+0000] {logging_mixin.py:188} INFO - [2026-09-16T19:35:31.581+0000] {dag.py:3954} INFO - Setting next_dagrun for json_dag to 2026-09-16 08:59:00+00:00, run_after=2026-09-17 08:00:00+00:00
[2026-09-16T19:35:31.788+0000] {processor.py:183} INFO - Processing /opt/airflow/dags/json_dag.py took 0.818 seconds
[2026-09-16T19:36:02.239+0000] {processor.py:161} INFO - Started process (PID=1181) to work on /opt/airflow/dags/json_dag.py
[2026-09-16T19:36:02.241+0000] {processor.py:830} INFO - Processing file /opt/airflow/dags/json_dag.py for tasks to queue
[2026-09-16T19:36:02.244+0000] {logging_mixin.py:188} INFO - [2026-09-16T19:36:02.244+0000] {dagbag.py:545} INFO - Filling up the DagBag from /opt/airflow/dags/json_dag.py
[2026-09-16T19:36:02.762+0000] {processor.py:840} INFO - DAG(s) 'json_dag' retrieved from /opt/airflow/dags/json_dag.py
[2026-09-16T19:36:02.796+0000] {logging_mixin.py:188} INFO - [2026-09-16T19:36:02.795+0000] {dag.py:3096} INFO - Sync 1 DAGs
[2026-09-16T19:36:03.001+0000] {logging_mixin.py:188} INFO - [2026-09-16T19:36:03.001+0000] {dag.py:3954} INFO - Setting next_dagrun for json_dag to 2026-09-16 08:59:00+00:00, run_after=2026-09-17 08:00:00+00:00
[2026-09-16T19:36:03.025+0000] {processor.py:183} INFO - Processing /opt/airflow/dags/json_dag.py took 0.796 seconds
[2026-09-16T19:36:33.771+0000] {processor.py:161} INFO - Started process (PID=1190) to work on /opt/airflow/dags/json_dag.py
[2026-09-16T19:36:33.773+0000] {processor.py:830} INFO - Processing file /opt/airflow/dags/json_dag.py for tasks to queue
[2026-09-16T19:36:33.776+0000] {logging_mixin.py:188} INFO - [2026-09-16T19:36:33.776+0000] {dagbag.py:545} INFO - Filling up the DagBag from /opt/airflow/dags/json_dag.py
[2026-09-16T19:36:34.349+0000] {processor.py:840} INFO - DAG(s) 'json_dag' retrieved from /opt/airflow/dags/json_dag.py
[2026-09-16T19:36:34.372+0000] {logging_mixin.py:188} INFO - [2026-09-16T19:36:34.372+0000] {dag.py:3096} INFO - Sync 1 DAGs
[2026-09-16T19:36:34.559+0000] {logging_mixin.py:188} INFO - [2026-09-16T19:36:34.559+0000] {dag.py:3954} INFO - Setting next_dagrun for json_dag to 2026-09-16 08:59:00+00:00, run_after=2026-09-17 08:00:00+00:00
[2026-09-16T19:36:34.587+0000] {processor.py:183} INFO - Processing /opt/airflow/dags/json_dag.py took 0.826 seconds
[2026-09-16T19:37:05.222+0000] {processor.py:161} INFO - Started process (PID=1199) to work on /opt/airflow/dags/json_dag.py
[2026-09-16T19:37:05.225+0000] {processor.py:830} INFO - Processing file /opt/airflow/dags/json_dag.py for tasks to queue
[2026-09-16T19:37:05.228+0000] {logging_mixin.py:188} INFO - [2026-09-16T19:37:05.228+0000] {dagbag.py:545} INFO - Filling up the DagBag from /opt/airflow/dags/json_dag.py
[2026-09-16T19:37:05.813+0000] {processor.py:840} INFO - DAG(s) 'json_dag' retrieved from /opt/airflow/dags/json_dag.py
[2026-09-16T19:37:05.850+0000] {logging_mixin.py:188} INFO - [2026-09-16T19:37:05.849+0000] {dag.py:3096} INFO - Sync 1 DAGs
[2026-09-16T19:37:05.887+0000] {logging_mixin.py:188} INFO - [2026-09-16T19:37:05.887+0000] {dag.py:3954} INFO - Setting next_dagrun for json_dag to 2026-09-16 08:59:00+00:00, run_after=2026-09-17 08:00:00+00:00
[2026-09-16T19:37:05.923+0000] {processor.py:183} INFO - Processing /opt/airflow/dags/json_dag.py took 0.718 seconds
[2026-09-16T19:37:36.353+0000] {processor.py:161} INFO - Started process (PID=1208) to work on /opt/airflow/dags/json_dag.py
[2026-09-16T19:37:36.355+0000] {processor.py:830} INFO - Processing file /opt/airflow/dags/json_dag.py for tasks to queue
[2026-09-16T19:37:36.359+0000] {logging_mixin.py:188} INFO - [2026-09-16T19:37:36.358+0000] {dagbag.py:545} INFO - Filling up the DagBag from /opt/airflow/dags/json_dag.py
[2026-09-16T19:37:36.885+0000] {processor.py:840} INFO - DAG(s) 'json_dag' retrieved from /opt/airflow/dags/json_dag.py
[2026-09-16T19:37:36.924+0000] {logging_mixin.py:188} INFO - [2026-09-16T19:37:36.923+0000] {dag.py:3096} INFO - Sync 1 DAGs
[2026-09-16T19:37:36.960+0000] {logging_mixin.py:188} INFO - [2026-09-16T19:37:36.960+0000] {dag.py:3954} INFO - Setting next_dagrun for json_dag to 2026-09-16 08:59:00+00:00, run_after=2026-09-17 08:00:00+00:00
[2026-09-16T19:37:37.000+0000] {processor.py:183} INFO - Processing /opt/airflow/dags/json_dag.py took 0.655 seconds
[2026-09-16T19:38:07.859+0000] {processor.py:161} INFO - Started process (PID=1217) to work on /opt/airflow/dags/json_dag.py
[2026-09-16T19:38:07.861+0000] {processor.py:830} INFO - Processing file /opt/airflow/dags/json_dag.py for tasks to queue
[2026-09-16T19:38:07.864+0000] {logging_mixin.py:188} INFO - [2026-09-16T19:38:07.863+0000] {dagbag.py:545} INFO - Filling up the DagBag from /opt/airflow/dags/json_dag.py
[2026-09-16T19:38:08.354+0000] {processor.py:840} INFO - DAG(s) 'json_dag' retrieved from /opt/airflow/dags/json_dag.py
[2026-09-16T19:38:08.384+0000] {logging_mixin.py:188} INFO - [2026-09-16T19:38:08.383+0000] {dag.py:3096} INFO - Sync 1 DAGs
[2026-09-16T19:38:08.409+0000] {logging_mixin.py:188} INFO - [2026-09-16T19:38:08.408+0000] {dag.py:3954} INFO - Setting next_dagrun for json_dag to 2026-09-16 08:59:00+00:00, run_after=2026-09-17 08:00:00+00:00
[2026-09-16T19:38:08.671+0000] {processor.py:183} INFO - Processing /opt/airflow/dags/json_dag.py took 0.821 seconds
[2026-09-16T19:38:39.118+0000] {processor.py:161} INFO - Started process (PID=1226) to work on /opt/airflow/dags/json_dag.py
[2026-09-16T19:38:39.120+0000] {processor.py:830} INFO - Processing file /opt/airflow/dags/json_dag.py for tasks to queue
[2026-09-16T19:38:39.122+0000] {logging_mixin.py:188} INFO - [2026-09-16T19:38:39.121+0000] {dagbag.py:545} INFO - Filling up the DagBag from /opt/airflow/dags/json_dag.py
[2026-09-16T19:38:39.659+0000] {processor.py:840} INFO - DAG(s) 'json_dag' retrieved from /opt/airflow/dags/json_dag.py
[2026-09-16T19:38:39.692+0000] {logging_mixin.py:188} INFO - [2026-09-16T19:38:39.692+0000] {dag.py:3096} INFO - Sync 1 DAGs
[2026-09-16T19:38:39.978+0000] {logging_mixin.py:188} INFO - [2026-09-16T19:38:39.977+0000] {dag.py:3954} INFO - Setting next_dagrun for json_dag to 2026-09-16 08:59:00+00:00, run_after=2026-09-17 08:00:00+00:00
[2026-09-16T19:38:40.018+0000] {processor.py:183} INFO - Processing /opt/airflow/dags/json_dag.py took 0.907 seconds
[2026-09-16T19:39:10.607+0000] {processor.py:161} INFO - Started process (PID=1235) to work on /opt/airflow/dags/json_dag.py
[2026-09-16T19:39:10.610+0000] {processor.py:830} INFO - Processing file /opt/airflow/dags/json_dag.py for tasks to queue
[2026-09-16T19:39:10.612+0000] {logging_mixin.py:188} INFO - [2026-09-16T19:39:10.612+0000] {dagbag.py:545} INFO - Filling up the DagBag from /opt/airflow/dags/json_dag.py
[2026-09-16T19:39:11.116+0000] {processor.py:840} INFO - DAG(s) 'json_dag' retrieved from /opt/airflow/dags/json_dag.py
[2026-09-16T19:39:11.144+0000] {logging_mixin.py:188} INFO - [2026-09-16T19:39:11.143+0000] {dag.py:3096} INFO - Sync 1 DAGs
[2026-09-16T19:39:11.333+0000] {logging_mixin.py:188} INFO - [2026-09-16T19:39:11.333+0000] {dag.py:3954} INFO - Setting next_dagrun for json_dag to 2026-09-16 08:59:00+00:00, run_after=2026-09-17 08:00:00+00:00
[2026-09-16T19:39:11.375+0000] {processor.py:183} INFO - Processing /opt/airflow/dags/json_dag.py took 0.779 seconds
[2026-09-16T19:39:42.013+0000] {processor.py:161} INFO - Started process (PID=1244) to work on /opt/airflow/dags/json_dag.py
[2026-09-16T19:39:42.015+0000] {processor.py:830} INFO - Processing file /opt/airflow/dags/json_dag.py for tasks to queue
[2026-09-16T19:39:42.019+0000] {logging_mixin.py:188} INFO - [2026-09-16T19:39:42.018+0000] {dagbag.py:545} INFO - Filling up the DagBag from /opt/airflow/dags/json_dag.py
[2026-09-16T19:39:42.575+0000] {processor.py:840} INFO - DAG(s) 'json_dag' retrieved from /opt/airflow/dags/json_dag.py
[2026-09-16T19:39:42.616+0000] {logging_mixin.py:188} INFO - [2026-09-16T19:39:42.615+0000] {dag.py:3096} INFO - Sync 1 DAGs
[2026-09-16T19:39:42.811+0000] {logging_mixin.py:188} INFO - [2026-09-16T19:39:42.811+0000] {dag.py:3954} INFO - Setting next_dagrun for json_dag to 2026-09-16 08:59:00+00:00, run_after=2026-09-17 08:00:00+00:00
[2026-09-16T19:39:42.840+0000] {processor.py:183} INFO - Processing /opt/airflow/dags/json_dag.py took 0.840 seconds
[2026-09-16T19:40:13.387+0000] {processor.py:161} INFO - Started process (PID=1253) to work on /opt/airflow/dags/json_dag.py
[2026-09-16T19:40:13.388+0000] {processor.py:830} INFO - Processing file /opt/airflow/dags/json_dag.py for tasks to queue
[2026-09-16T19:40:13.391+0000] {logging_mixin.py:188} INFO - [2026-09-16T19:40:13.391+0000] {dagbag.py:545} INFO - Filling up the DagBag from /opt/airflow/dags/json_dag.py
[2026-09-16T19:40:14.018+0000] {processor.py:840} INFO - DAG(s) 'json_dag' retrieved from /opt/airflow/dags/json_dag.py
[2026-09-16T19:40:14.063+0000] {logging_mixin.py:188} INFO - [2026-09-16T19:40:14.062+0000] {dag.py:3096} INFO - Sync 1 DAGs
[2026-09-16T19:40:14.112+0000] {logging_mixin.py:188} INFO - [2026-09-16T19:40:14.111+0000] {dag.py:3954} INFO - Setting next_dagrun for json_dag to 2026-09-16 08:59:00+00:00, run_after=2026-09-17 08:00:00+00:00
[2026-09-16T19:40:14.157+0000] {processor.py:183} INFO - Processing /opt/airflow/dags/json_dag.py took 0.779 seconds
[2026-09-16T19:40:44.609+0000] {processor.py:161} INFO - Started process (PID=1262) to work on /opt/airflow/dags/json_dag.py
[2026-09-16T19:40:44.612+0000] {processor.py:830} INFO - Processing file /opt/airflow/dags/json_dag.py for tasks to queue
[2026-09-16T19:40:44.617+0000] {logging_mixin.py:188} INFO - [2026-09-16T19:40:44.616+0000] {dagbag.py:545} INFO - Filling up the DagBag from /opt/airflow/dags/json_dag.py
[2026-09-16T19:40:45.337+0000] {processor.py:840} INFO - DAG(s) 'json_dag' retrieved from /opt/airflow/dags/json_dag.py
[2026-09-16T19:40:45.365+0000] {logging_mixin.py:188} INFO - [2026-09-16T19:40:45.364+0000] {dag.py:3096} INFO - Sync 1 DAGs
[2026-09-16T19:40:45.390+0000] {logging_mixin.py:188} INFO - [2026-09-16T19:40:45.389+0000] {dag.py:3954} INFO - Setting next_dagrun for json_dag to 2026-09-16 08:59:00+00:00, run_after=2026-09-17 08:00:00+00:00
[2026-09-16T19:40:45.418+0000] {processor.py:183} INFO - Processing /opt/airflow/dags/json_dag.py took 0.826 seconds
[2026-09-16T19:41:16.112+0000] {processor.py:161} INFO - Started process (PID=1271) to work on /opt/airflow/dags/json_dag.py
[2026-09-16T19:41:16.115+0000] {processor.py:830} INFO - Processing file /opt/airflow/dags/json_dag.py for tasks to queue
[2026-09-16T19:41:16.120+0000] {logging_mixin.py:188} INFO - [2026-09-16T19:41:16.119+0000] {dagbag.py:545} INFO - Filling up the DagBag from /opt/airflow/dags/json_dag.py
[2026-09-16T19:41:16.918+0000] {processor.py:840} INFO - DAG(s) 'json_dag' retrieved from /opt/airflow/dags/json_dag.py
[2026-09-16T19:41:16.962+0000] {logging_mixin.py:188} INFO - [2026-09-16T19:41:16.961+0000] {dag.py:3096} INFO - Sync 1 DAGs
[2026-09-16T19:41:17.008+0000] {logging_mixin.py:188} INFO - [2026-09-16T19:41:17.006+0000] {dag.py:3954} INFO - Setting next_dagrun for json_dag to 2026-09-16 08:59:00+00:00, run_after=2026-09-17 08:00:00+00:00
[2026-09-16T19:41:17.329+0000] {processor.py:183} INFO - Processing /opt/airflow/dags/json_dag.py took 1.232 seconds
[2026-09-16T19:41:47.493+0000] {processor.py:161} INFO - Started process (PID=1280) to work on /opt/airflow/dags/json_dag.py
[2026-09-16T19:41:47.496+0000] {processor.py:830} INFO - Processing file /opt/airflow/dags/json_dag.py for tasks to queue
[2026-09-16T19:41:47.503+0000] {logging_mixin.py:188} INFO - [2026-09-16T19:41:47.503+0000] {dagbag.py:545} INFO - Filling up the DagBag from /opt/airflow/dags/json_dag.py
[2026-09-16T19:41:48.171+0000] {processor.py:840} INFO - DAG(s) 'json_dag' retrieved from /opt/airflow/dags/json_dag.py
[2026-09-16T19:41:48.211+0000] {logging_mixin.py:188} INFO - [2026-09-16T19:41:48.210+0000] {dag.py:3096} INFO - Sync 1 DAGs
[2026-09-16T19:41:48.447+0000] {logging_mixin.py:188} INFO - [2026-09-16T19:41:48.446+0000] {dag.py:3954} INFO - Setting next_dagrun for json_dag to 2026-09-16 08:59:00+00:00, run_after=2026-09-17 08:00:00+00:00
[2026-09-16T19:41:48.480+0000] {processor.py:183} INFO - Processing /opt/airflow/dags/json_dag.py took 1.004 seconds
[2026-09-16T19:42:18.839+0000] {processor.py:161} INFO - Started process (PID=1289) to work on /opt/airflow/dags/json_dag.py
[2026-09-16T19:42:18.841+0000] {processor.py:830} INFO - Processing file /opt/airflow/dags/json_dag.py for tasks to queue
[2026-09-16T19:42:18.845+0000] {logging_mixin.py:188} INFO - [2026-09-16T19:42:18.845+0000] {dagbag.py:545} INFO - Filling up the DagBag from /opt/airflow/dags/json_dag.py
[2026-09-16T19:42:19.518+0000] {processor.py:840} INFO - DAG(s) 'json_dag' retrieved from /opt/airflow/dags/json_dag.py
[2026-09-16T19:42:19.559+0000] {logging_mixin.py:188} INFO - [2026-09-16T19:42:19.559+0000] {dag.py:3096} INFO - Sync 1 DAGs
[2026-09-16T19:42:20.021+0000] {logging_mixin.py:188} INFO - [2026-09-16T19:42:20.020+0000] {dag.py:3954} INFO - Setting next_dagrun for json_dag to 2026-09-16 08:59:00+00:00, run_after=2026-09-17 08:00:00+00:00
[2026-09-16T19:42:20.064+0000] {processor.py:183} INFO - Processing /opt/airflow/dags/json_dag.py took 1.240 seconds
[2026-09-16T19:42:50.380+0000] {processor.py:161} INFO - Started process (PID=1304) to work on /opt/airflow/dags/json_dag.py
[2026-09-16T19:42:50.384+0000] {processor.py:830} INFO - Processing file /opt/airflow/dags/json_dag.py for tasks to queue
[2026-09-16T19:42:50.390+0000] {logging_mixin.py:188} INFO - [2026-09-16T19:42:50.389+0000] {dagbag.py:545} INFO - Filling up the DagBag from /opt/airflow/dags/json_dag.py
[2026-09-16T19:42:51.528+0000] {processor.py:840} INFO - DAG(s) 'json_dag' retrieved from /opt/airflow/dags/json_dag.py
[2026-09-16T19:42:51.595+0000] {logging_mixin.py:188} INFO - [2026-09-16T19:42:51.594+0000] {dag.py:3096} INFO - Sync 1 DAGs
[2026-09-16T19:42:51.646+0000] {logging_mixin.py:188} INFO - [2026-09-16T19:42:51.645+0000] {dag.py:3954} INFO - Setting next_dagrun for json_dag to 2026-09-16 08:59:00+00:00, run_after=2026-09-17 08:00:00+00:00
[2026-09-16T19:42:51.692+0000] {processor.py:183} INFO - Processing /opt/airflow/dags/json_dag.py took 1.332 seconds
[2026-09-16T19:43:21.786+0000] {processor.py:161} INFO - Started process (PID=1313) to work on /opt/airflow/dags/json_dag.py
[2026-09-16T19:43:21.788+0000] {processor.py:830} INFO - Processing file /opt/airflow/dags/json_dag.py for tasks to queue
[2026-09-16T19:43:21.794+0000] {logging_mixin.py:188} INFO - [2026-09-16T19:43:21.793+0000] {dagbag.py:545} INFO - Filling up the DagBag from /opt/airflow/dags/json_dag.py
[2026-09-16T19:43:22.519+0000] {processor.py:840} INFO - DAG(s) 'json_dag' retrieved from /opt/airflow/dags/json_dag.py
[2026-09-16T19:43:22.570+0000] {logging_mixin.py:188} INFO - [2026-09-16T19:43:22.570+0000] {dag.py:3096} INFO - Sync 1 DAGs
[2026-09-16T19:43:22.617+0000] {logging_mixin.py:188} INFO - [2026-09-16T19:43:22.617+0000] {dag.py:3954} INFO - Setting next_dagrun for json_dag to 2026-09-16 08:59:00+00:00, run_after=2026-09-17 08:00:00+00:00
[2026-09-16T19:43:22.654+0000] {processor.py:183} INFO - Processing /opt/airflow/dags/json_dag.py took 0.883 seconds
[2026-09-16T19:43:53.073+0000] {processor.py:161} INFO - Started process (PID=1322) to work on /opt/airflow/dags/json_dag.py
[2026-09-16T19:43:53.074+0000] {processor.py:830} INFO - Processing file /opt/airflow/dags/json_dag.py for tasks to queue
[2026-09-16T19:43:53.077+0000] {logging_mixin.py:188} INFO - [2026-09-16T19:43:53.076+0000] {dagbag.py:545} INFO - Filling up the DagBag from /opt/airflow/dags/json_dag.py
[2026-09-16T19:43:53.553+0000] {processor.py:840} INFO - DAG(s) 'json_dag' retrieved from /opt/airflow/dags/json_dag.py
[2026-09-16T19:43:53.579+0000] {logging_mixin.py:188} INFO - [2026-09-16T19:43:53.578+0000] {dag.py:3096} INFO - Sync 1 DAGs
[2026-09-16T19:43:53.610+0000] {logging_mixin.py:188} INFO - [2026-09-16T19:43:53.610+0000] {dag.py:3954} INFO - Setting next_dagrun for json_dag to 2026-09-16 08:59:00+00:00, run_after=2026-09-17 08:00:00+00:00
[2026-09-16T19:43:53.838+0000] {processor.py:183} INFO - Processing /opt/airflow/dags/json_dag.py took 0.771 seconds
[2026-09-16T19:44:24.164+0000] {processor.py:161} INFO - Started process (PID=1331) to work on /opt/airflow/dags/json_dag.py
[2026-09-16T19:44:24.166+0000] {processor.py:830} INFO - Processing file /opt/airflow/dags/json_dag.py for tasks to queue
[2026-09-16T19:44:24.171+0000] {logging_mixin.py:188} INFO - [2026-09-16T19:44:24.171+0000] {dagbag.py:545} INFO - Filling up the DagBag from /opt/airflow/dags/json_dag.py
[2026-09-16T19:44:24.736+0000] {processor.py:840} INFO - DAG(s) 'json_dag' retrieved from /opt/airflow/dags/json_dag.py
[2026-09-16T19:44:24.759+0000] {logging_mixin.py:188} INFO - [2026-09-16T19:44:24.759+0000] {dag.py:3096} INFO - Sync 1 DAGs
[2026-09-16T19:44:24.926+0000] {logging_mixin.py:188} INFO - [2026-09-16T19:44:24.925+0000] {dag.py:3954} INFO - Setting next_dagrun for json_dag to 2026-09-16 08:59:00+00:00, run_after=2026-09-17 08:00:00+00:00
[2026-09-16T19:44:24.947+0000] {processor.py:183} INFO - Processing /opt/airflow/dags/json_dag.py took 0.795 seconds
[2026-09-16T19:44:55.531+0000] {processor.py:161} INFO - Started process (PID=1340) to work on /opt/airflow/dags/json_dag.py
[2026-09-16T19:44:55.533+0000] {processor.py:830} INFO - Processing file /opt/airflow/dags/json_dag.py for tasks to queue
[2026-09-16T19:44:55.536+0000] {logging_mixin.py:188} INFO - [2026-09-16T19:44:55.536+0000] {dagbag.py:545} INFO - Filling up the DagBag from /opt/airflow/dags/json_dag.py
[2026-09-16T19:44:56.077+0000] {processor.py:840} INFO - DAG(s) 'json_dag' retrieved from /opt/airflow/dags/json_dag.py
[2026-09-16T19:44:56.100+0000] {logging_mixin.py:188} INFO - [2026-09-16T19:44:56.100+0000] {dag.py:3096} INFO - Sync 1 DAGs
[2026-09-16T19:44:56.263+0000] {logging_mixin.py:188} INFO - [2026-09-16T19:44:56.262+0000] {dag.py:3954} INFO - Setting next_dagrun for json_dag to 2026-09-16 08:59:00+00:00, run_after=2026-09-17 08:00:00+00:00
[2026-09-16T19:44:56.283+0000] {processor.py:183} INFO - Processing /opt/airflow/dags/json_dag.py took 0.762 seconds
[2026-09-16T19:45:26.931+0000] {processor.py:161} INFO - Started process (PID=1349) to work on /opt/airflow/dags/json_dag.py
[2026-09-16T19:45:26.932+0000] {processor.py:830} INFO - Processing file /opt/airflow/dags/json_dag.py for tasks to queue
[2026-09-16T19:45:26.934+0000] {logging_mixin.py:188} INFO - [2026-09-16T19:45:26.934+0000] {dagbag.py:545} INFO - Filling up the DagBag from /opt/airflow/dags/json_dag.py
[2026-09-16T19:45:27.356+0000] {processor.py:840} INFO - DAG(s) 'json_dag' retrieved from /opt/airflow/dags/json_dag.py
[2026-09-16T19:45:27.383+0000] {logging_mixin.py:188} INFO - [2026-09-16T19:45:27.382+0000] {dag.py:3096} INFO - Sync 1 DAGs
[2026-09-16T19:45:27.530+0000] {logging_mixin.py:188} INFO - [2026-09-16T19:45:27.530+0000] {dag.py:3954} INFO - Setting next_dagrun for json_dag to 2026-09-16 08:59:00+00:00, run_after=2026-09-17 08:00:00+00:00
[2026-09-16T19:45:27.550+0000] {processor.py:183} INFO - Processing /opt/airflow/dags/json_dag.py took 0.629 seconds
[2026-09-16T19:45:58.284+0000] {processor.py:161} INFO - Started process (PID=1358) to work on /opt/airflow/dags/json_dag.py
[2026-09-16T19:45:58.285+0000] {processor.py:830} INFO - Processing file /opt/airflow/dags/json_dag.py for tasks to queue
[2026-09-16T19:45:58.288+0000] {logging_mixin.py:188} INFO - [2026-09-16T19:45:58.288+0000] {dagbag.py:545} INFO - Filling up the DagBag from /opt/airflow/dags/json_dag.py
[2026-09-16T19:45:58.690+0000] {processor.py:840} INFO - DAG(s) 'json_dag' retrieved from /opt/airflow/dags/json_dag.py
[2026-09-16T19:45:58.713+0000] {logging_mixin.py:188} INFO - [2026-09-16T19:45:58.713+0000] {dag.py:3096} INFO - Sync 1 DAGs
[2026-09-16T19:45:58.737+0000] {logging_mixin.py:188} INFO - [2026-09-16T19:45:58.736+0000] {dag.py:3954} INFO - Setting next_dagrun for json_dag to 2026-09-16 08:59:00+00:00, run_after=2026-09-17 08:00:00+00:00
[2026-09-16T19:45:58.763+0000] {processor.py:183} INFO - Processing /opt/airflow/dags/json_dag.py took 0.487 seconds
[2026-09-16T19:46:29.637+0000] {processor.py:161} INFO - Started process (PID=1367) to work on /opt/airflow/dags/json_dag.py
[2026-09-16T19:46:29.639+0000] {processor.py:830} INFO - Processing file /opt/airflow/dags/json_dag.py for tasks to queue
[2026-09-16T19:46:29.641+0000] {logging_mixin.py:188} INFO - [2026-09-16T19:46:29.640+0000] {dagbag.py:545} INFO - Filling up the DagBag from /opt/airflow/dags/json_dag.py
[2026-09-16T19:46:30.046+0000] {processor.py:840} INFO - DAG(s) 'json_dag' retrieved from /opt/airflow/dags/json_dag.py
[2026-09-16T19:46:30.064+0000] {logging_mixin.py:188} INFO - [2026-09-16T19:46:30.063+0000] {dag.py:3096} INFO - Sync 1 DAGs
[2026-09-16T19:46:30.085+0000] {logging_mixin.py:188} INFO - [2026-09-16T19:46:30.085+0000] {dag.py:3954} INFO - Setting next_dagrun for json_dag to 2026-09-16 08:59:00+00:00, run_after=2026-09-17 08:00:00+00:00
[2026-09-16T19:46:30.108+0000] {processor.py:183} INFO - Processing /opt/airflow/dags/json_dag.py took 0.478 seconds
[2026-09-16T19:47:01.097+0000] {processor.py:161} INFO - Started process (PID=1376) to work on /opt/airflow/dags/json_dag.py
[2026-09-16T19:47:01.099+0000] {processor.py:830} INFO - Processing file /opt/airflow/dags/json_dag.py for tasks to queue
[2026-09-16T19:47:01.106+0000] {logging_mixin.py:188} INFO - [2026-09-16T19:47:01.105+0000] {dagbag.py:545} INFO - Filling up the DagBag from /opt/airflow/dags/json_dag.py
[2026-09-16T19:47:01.704+0000] {processor.py:840} INFO - DAG(s) 'json_dag' retrieved from /opt/airflow/dags/json_dag.py
[2026-09-16T19:47:01.724+0000] {logging_mixin.py:188} INFO - [2026-09-16T19:47:01.724+0000] {dag.py:3096} INFO - Sync 1 DAGs
[2026-09-16T19:47:01.744+0000] {logging_mixin.py:188} INFO - [2026-09-16T19:47:01.744+0000] {dag.py:3954} INFO - Setting next_dagrun for json_dag to 2026-09-16 08:59:00+00:00, run_after=2026-09-17 08:00:00+00:00
[2026-09-16T19:47:01.880+0000] {processor.py:183} INFO - Processing /opt/airflow/dags/json_dag.py took 0.799 seconds
[2026-09-16T19:47:32.165+0000] {processor.py:161} INFO - Started process (PID=1385) to work on /opt/airflow/dags/json_dag.py
[2026-09-16T19:47:32.167+0000] {processor.py:830} INFO - Processing file /opt/airflow/dags/json_dag.py for tasks to queue
[2026-09-16T19:47:32.174+0000] {logging_mixin.py:188} INFO - [2026-09-16T19:47:32.173+0000] {dagbag.py:545} INFO - Filling up the DagBag from /opt/airflow/dags/json_dag.py
[2026-09-16T19:47:32.807+0000] {processor.py:840} INFO - DAG(s) 'json_dag' retrieved from /opt/airflow/dags/json_dag.py
[2026-09-16T19:47:32.834+0000] {logging_mixin.py:188} INFO - [2026-09-16T19:47:32.834+0000] {dag.py:3096} INFO - Sync 1 DAGs
[2026-09-16T19:47:33.024+0000] {logging_mixin.py:188} INFO - [2026-09-16T19:47:33.024+0000] {dag.py:3954} INFO - Setting next_dagrun for json_dag to 2026-09-16 08:59:00+00:00, run_after=2026-09-17 08:00:00+00:00
[2026-09-16T19:47:33.048+0000] {processor.py:183} INFO - Processing /opt/airflow/dags/json_dag.py took 0.893 seconds
[2026-09-16T19:48:03.368+0000] {processor.py:161} INFO - Started process (PID=1394) to work on /opt/airflow/dags/json_dag.py
[2026-09-16T19:48:03.370+0000] {processor.py:830} INFO - Processing file /opt/airflow/dags/json_dag.py for tasks to queue
[2026-09-16T19:48:03.372+0000] {logging_mixin.py:188} INFO - [2026-09-16T19:48:03.372+0000] {dagbag.py:545} INFO - Filling up the DagBag from /opt/airflow/dags/json_dag.py
[2026-09-16T19:48:03.751+0000] {processor.py:840} INFO - DAG(s) 'json_dag' retrieved from /opt/airflow/dags/json_dag.py
[2026-09-16T19:48:03.774+0000] {logging_mixin.py:188} INFO - [2026-09-16T19:48:03.774+0000] {dag.py:3096} INFO - Sync 1 DAGs
[2026-09-16T19:48:03.952+0000] {logging_mixin.py:188} INFO - [2026-09-16T19:48:03.952+0000] {dag.py:3954} INFO - Setting next_dagrun for json_dag to 2026-09-16 08:59:00+00:00, run_after=2026-09-17 08:00:00+00:00
[2026-09-16T19:48:03.979+0000] {processor.py:183} INFO - Processing /opt/airflow/dags/json_dag.py took 0.619 seconds
[2026-09-16T19:48:34.808+0000] {processor.py:161} INFO - Started process (PID=1404) to work on /opt/airflow/dags/json_dag.py
[2026-09-16T19:48:34.809+0000] {processor.py:830} INFO - Processing file /opt/airflow/dags/json_dag.py for tasks to queue
[2026-09-16T19:48:34.812+0000] {logging_mixin.py:188} INFO - [2026-09-16T19:48:34.812+0000] {dagbag.py:545} INFO - Filling up the DagBag from /opt/airflow/dags/json_dag.py
[2026-09-16T19:48:35.267+0000] {processor.py:840} INFO - DAG(s) 'json_dag' retrieved from /opt/airflow/dags/json_dag.py
[2026-09-16T19:48:35.294+0000] {logging_mixin.py:188} INFO - [2026-09-16T19:48:35.294+0000] {dag.py:3096} INFO - Sync 1 DAGs
[2026-09-16T19:48:35.318+0000] {logging_mixin.py:188} INFO - [2026-09-16T19:48:35.318+0000] {dag.py:3954} INFO - Setting next_dagrun for json_dag to 2026-09-16 08:59:00+00:00, run_after=2026-09-17 08:00:00+00:00
[2026-09-16T19:48:35.350+0000] {processor.py:183} INFO - Processing /opt/airflow/dags/json_dag.py took 0.551 seconds
[2026-09-16T19:49:06.204+0000] {processor.py:161} INFO - Started process (PID=1413) to work on /opt/airflow/dags/json_dag.py
[2026-09-16T19:49:06.206+0000] {processor.py:830} INFO - Processing file /opt/airflow/dags/json_dag.py for tasks to queue
[2026-09-16T19:49:06.208+0000] {logging_mixin.py:188} INFO - [2026-09-16T19:49:06.208+0000] {dagbag.py:545} INFO - Filling up the DagBag from /opt/airflow/dags/json_dag.py
[2026-09-16T19:49:06.631+0000] {processor.py:840} INFO - DAG(s) 'json_dag' retrieved from /opt/airflow/dags/json_dag.py
[2026-09-16T19:49:06.655+0000] {logging_mixin.py:188} INFO - [2026-09-16T19:49:06.655+0000] {dag.py:3096} INFO - Sync 1 DAGs
[2026-09-16T19:49:06.682+0000] {logging_mixin.py:188} INFO - [2026-09-16T19:49:06.682+0000] {dag.py:3954} INFO - Setting next_dagrun for json_dag to 2026-09-16 08:59:00+00:00, run_after=2026-09-17 08:00:00+00:00
[2026-09-16T19:49:06.704+0000] {processor.py:183} INFO - Processing /opt/airflow/dags/json_dag.py took 0.506 seconds
[2026-09-16T19:49:37.593+0000] {processor.py:161} INFO - Started process (PID=1422) to work on /opt/airflow/dags/json_dag.py
[2026-09-16T19:49:37.594+0000] {processor.py:830} INFO - Processing file /opt/airflow/dags/json_dag.py for tasks to queue
[2026-09-16T19:49:37.596+0000] {logging_mixin.py:188} INFO - [2026-09-16T19:49:37.596+0000] {dagbag.py:545} INFO - Filling up the DagBag from /opt/airflow/dags/json_dag.py
[2026-09-16T19:49:38.000+0000] {processor.py:840} INFO - DAG(s) 'json_dag' retrieved from /opt/airflow/dags/json_dag.py
[2026-09-16T19:49:38.025+0000] {logging_mixin.py:188} INFO - [2026-09-16T19:49:38.024+0000] {dag.py:3096} INFO - Sync 1 DAGs
[2026-09-16T19:49:38.047+0000] {logging_mixin.py:188} INFO - [2026-09-16T19:49:38.047+0000] {dag.py:3954} INFO - Setting next_dagrun for json_dag to 2026-09-16 08:59:00+00:00, run_after=2026-09-17 08:00:00+00:00
[2026-09-16T19:49:38.198+0000] {processor.py:183} INFO - Processing /opt/airflow/dags/json_dag.py took 0.611 seconds
[2026-09-16T19:50:08.946+0000] {processor.py:161} INFO - Started process (PID=1431) to work on /opt/airflow/dags/json_dag.py
[2026-09-16T19:50:08.947+0000] {processor.py:830} INFO - Processing file /opt/airflow/dags/json_dag.py for tasks to queue
[2026-09-16T19:50:08.951+0000] {logging_mixin.py:188} INFO - [2026-09-16T19:50:08.950+0000] {dagbag.py:545} INFO - Filling up the DagBag from /opt/airflow/dags/json_dag.py
[2026-09-16T19:50:09.364+0000] {processor.py:840} INFO - DAG(s) 'json_dag' retrieved from /opt/airflow/dags/json_dag.py
[2026-09-16T19:50:09.386+0000] {logging_mixin.py:188} INFO - [2026-09-16T19:50:09.386+0000] {dag.py:3096} INFO - Sync 1 DAGs
[2026-09-16T19:50:09.552+0000] {logging_mixin.py:188} INFO - [2026-09-16T19:50:09.551+0000] {dag.py:3954} INFO - Setting next_dagrun for json_dag to 2026-09-16 08:59:00+00:00, run_after=2026-09-17 08:00:00+00:00
[2026-09-16T19:50:09.574+0000] {processor.py:183} INFO - Processing /opt/airflow/dags/json_dag.py took 0.634 seconds
[2026-09-16T19:50:40.318+0000] {processor.py:161} INFO - Started process (PID=1440) to work on /opt/airflow/dags/json_dag.py
[2026-09-16T19:50:40.320+0000] {processor.py:830} INFO - Processing file /opt/airflow/dags/json_dag.py for tasks to queue
[2026-09-16T19:50:40.324+0000] {logging_mixin.py:188} INFO - [2026-09-16T19:50:40.324+0000] {dagbag.py:545} INFO - Filling up the DagBag from /opt/airflow/dags/json_dag.py
[2026-09-16T19:50:40.877+0000] {processor.py:840} INFO - DAG(s) 'json_dag' retrieved from /opt/airflow/dags/json_dag.py
[2026-09-16T19:50:40.902+0000] {logging_mixin.py:188} INFO - [2026-09-16T19:50:40.902+0000] {dag.py:3096} INFO - Sync 1 DAGs
[2026-09-16T19:50:41.060+0000] {logging_mixin.py:188} INFO - [2026-09-16T19:50:41.060+0000] {dag.py:3954} INFO - Setting next_dagrun for json_dag to 2026-09-16 08:59:00+00:00, run_after=2026-09-17 08:00:00+00:00
[2026-09-16T19:50:41.083+0000] {processor.py:183} INFO - Processing /opt/airflow/dags/json_dag.py took 0.774 seconds
[2026-09-16T19:51:11.694+0000] {processor.py:161} INFO - Started process (PID=1449) to work on /opt/airflow/dags/json_dag.py
[2026-09-16T19:51:11.696+0000] {processor.py:830} INFO - Processing file /opt/airflow/dags/json_dag.py for tasks to queue
[2026-09-16T19:51:11.701+0000] {logging_mixin.py:188} INFO - [2026-09-16T19:51:11.700+0000] {dagbag.py:545} INFO - Filling up the DagBag from /opt/airflow/dags/json_dag.py
[2026-09-16T19:51:12.560+0000] {processor.py:840} INFO - DAG(s) 'json_dag' retrieved from /opt/airflow/dags/json_dag.py
[2026-09-16T19:51:12.605+0000] {logging_mixin.py:188} INFO - [2026-09-16T19:51:12.603+0000] {dag.py:3096} INFO - Sync 1 DAGs
[2026-09-16T19:51:12.679+0000] {logging_mixin.py:188} INFO - [2026-09-16T19:51:12.678+0000] {dag.py:3954} INFO - Setting next_dagrun for json_dag to 2026-09-16 08:59:00+00:00, run_after=2026-09-17 08:00:00+00:00
[2026-09-16T19:51:12.717+0000] {processor.py:183} INFO - Processing /opt/airflow/dags/json_dag.py took 1.032 seconds
[2026-09-16T19:51:43.091+0000] {processor.py:161} INFO - Started process (PID=1458) to work on /opt/airflow/dags/json_dag.py
[2026-09-16T19:51:43.093+0000] {processor.py:830} INFO - Processing file /opt/airflow/dags/json_dag.py for tasks to queue
[2026-09-16T19:51:43.095+0000] {logging_mixin.py:188} INFO - [2026-09-16T19:51:43.095+0000] {dagbag.py:545} INFO - Filling up the DagBag from /opt/airflow/dags/json_dag.py
[2026-09-16T19:51:43.508+0000] {processor.py:840} INFO - DAG(s) 'json_dag' retrieved from /opt/airflow/dags/json_dag.py
[2026-09-16T19:51:43.530+0000] {logging_mixin.py:188} INFO - [2026-09-16T19:51:43.529+0000] {dag.py:3096} INFO - Sync 1 DAGs
[2026-09-16T19:51:43.551+0000] {logging_mixin.py:188} INFO - [2026-09-16T19:51:43.551+0000] {dag.py:3954} INFO - Setting next_dagrun for json_dag to 2026-09-16 08:59:00+00:00, run_after=2026-09-17 08:00:00+00:00
[2026-09-16T19:51:43.576+0000] {processor.py:183} INFO - Processing /opt/airflow/dags/json_dag.py took 0.493 seconds
[2026-09-16T19:52:14.432+0000] {processor.py:161} INFO - Started process (PID=1467) to work on /opt/airflow/dags/json_dag.py
[2026-09-16T19:52:14.434+0000] {processor.py:830} INFO - Processing file /opt/airflow/dags/json_dag.py for tasks to queue
[2026-09-16T19:52:14.436+0000] {logging_mixin.py:188} INFO - [2026-09-16T19:52:14.436+0000] {dagbag.py:545} INFO - Filling up the DagBag from /opt/airflow/dags/json_dag.py
[2026-09-16T19:52:14.835+0000] {processor.py:840} INFO - DAG(s) 'json_dag' retrieved from /opt/airflow/dags/json_dag.py
[2026-09-16T19:52:14.863+0000] {logging_mixin.py:188} INFO - [2026-09-16T19:52:14.863+0000] {dag.py:3096} INFO - Sync 1 DAGs
[2026-09-16T19:52:14.886+0000] {logging_mixin.py:188} INFO - [2026-09-16T19:52:14.886+0000] {dag.py:3954} INFO - Setting next_dagrun for json_dag to 2026-09-16 08:59:00+00:00, run_after=2026-09-17 08:00:00+00:00
[2026-09-16T19:52:15.069+0000] {processor.py:183} INFO - Processing /opt/airflow/dags/json_dag.py took 0.644 seconds
[2026-09-16T19:52:45.867+0000] {processor.py:161} INFO - Started process (PID=1477) to work on /opt/airflow/dags/json_dag.py
[2026-09-16T19:52:45.869+0000] {processor.py:830} INFO - Processing file /opt/airflow/dags/json_dag.py for tasks to queue
[2026-09-16T19:52:45.870+0000] {logging_mixin.py:188} INFO - [2026-09-16T19:52:45.870+0000] {dagbag.py:545} INFO - Filling up the DagBag from /opt/airflow/dags/json_dag.py
[2026-09-16T19:52:46.273+0000] {processor.py:840} INFO - DAG(s) 'json_dag' retrieved from /opt/airflow/dags/json_dag.py
[2026-09-16T19:52:46.296+0000] {logging_mixin.py:188} INFO - [2026-09-16T19:52:46.296+0000] {dag.py:3096} INFO - Sync 1 DAGs
[2026-09-16T19:52:46.322+0000] {logging_mixin.py:188} INFO - [2026-09-16T19:52:46.322+0000] {dag.py:3954} INFO - Setting next_dagrun for json_dag to 2026-09-16 08:59:00+00:00, run_after=2026-09-17 08:00:00+00:00
[2026-09-16T19:52:46.476+0000] {processor.py:183} INFO - Processing /opt/airflow/dags/json_dag.py took 0.616 seconds
[2026-09-16T19:53:17.256+0000] {processor.py:161} INFO - Started process (PID=1486) to work on /opt/airflow/dags/json_dag.py
[2026-09-16T19:53:17.258+0000] {processor.py:830} INFO - Processing file /opt/airflow/dags/json_dag.py for tasks to queue
[2026-09-16T19:53:17.260+0000] {logging_mixin.py:188} INFO - [2026-09-16T19:53:17.260+0000] {dagbag.py:545} INFO - Filling up the DagBag from /opt/airflow/dags/json_dag.py
[2026-09-16T19:53:17.676+0000] {processor.py:840} INFO - DAG(s) 'json_dag' retrieved from /opt/airflow/dags/json_dag.py
[2026-09-16T19:53:17.697+0000] {logging_mixin.py:188} INFO - [2026-09-16T19:53:17.697+0000] {dag.py:3096} INFO - Sync 1 DAGs
[2026-09-16T19:53:17.858+0000] {logging_mixin.py:188} INFO - [2026-09-16T19:53:17.857+0000] {dag.py:3954} INFO - Setting next_dagrun for json_dag to 2026-09-16 08:59:00+00:00, run_after=2026-09-17 08:00:00+00:00
[2026-09-16T19:53:17.877+0000] {processor.py:183} INFO - Processing /opt/airflow/dags/json_dag.py took 0.628 seconds
[2026-09-16T19:53:48.651+0000] {processor.py:161} INFO - Started process (PID=1495) to work on /opt/airflow/dags/json_dag.py
[2026-09-16T19:53:48.653+0000] {processor.py:830} INFO - Processing file /opt/airflow/dags/json_dag.py for tasks to queue
[2026-09-16T19:53:48.656+0000] {logging_mixin.py:188} INFO - [2026-09-16T19:53:48.655+0000] {dagbag.py:545} INFO - Filling up the DagBag from /opt/airflow/dags/json_dag.py
[2026-09-16T19:53:49.092+0000] {processor.py:840} INFO - DAG(s) 'json_dag' retrieved from /opt/airflow/dags/json_dag.py
[2026-09-16T19:53:49.115+0000] {logging_mixin.py:188} INFO - [2026-09-16T19:53:49.114+0000] {dag.py:3096} INFO - Sync 1 DAGs
[2026-09-16T19:53:49.267+0000] {logging_mixin.py:188} INFO - [2026-09-16T19:53:49.267+0000] {dag.py:3954} INFO - Setting next_dagrun for json_dag to 2026-09-16 08:59:00+00:00, run_after=2026-09-17 08:00:00+00:00
[2026-09-16T19:53:49.291+0000] {processor.py:183} INFO - Processing /opt/airflow/dags/json_dag.py took 0.647 seconds
[2026-09-16T19:54:20.092+0000] {processor.py:161} INFO - Started process (PID=1504) to work on /opt/airflow/dags/json_dag.py
[2026-09-16T19:54:20.094+0000] {processor.py:830} INFO - Processing file /opt/airflow/dags/json_dag.py for tasks to queue
[2026-09-16T19:54:20.097+0000] {logging_mixin.py:188} INFO - [2026-09-16T19:54:20.097+0000] {dagbag.py:545} INFO - Filling up the DagBag from /opt/airflow/dags/json_dag.py
[2026-09-16T19:54:20.557+0000] {processor.py:840} INFO - DAG(s) 'json_dag' retrieved from /opt/airflow/dags/json_dag.py
[2026-09-16T19:54:20.589+0000] {logging_mixin.py:188} INFO - [2026-09-16T19:54:20.589+0000] {dag.py:3096} INFO - Sync 1 DAGs
[2026-09-16T19:54:20.618+0000] {logging_mixin.py:188} INFO - [2026-09-16T19:54:20.618+0000] {dag.py:3954} INFO - Setting next_dagrun for json_dag to 2026-09-16 08:59:00+00:00, run_after=2026-09-17 08:00:00+00:00
[2026-09-16T19:54:20.640+0000] {processor.py:183} INFO - Processing /opt/airflow/dags/json_dag.py took 0.554 seconds
[2026-09-16T19:54:51.531+0000] {processor.py:161} INFO - Started process (PID=1520) to work on /opt/airflow/dags/json_dag.py
[2026-09-16T19:54:51.532+0000] {processor.py:830} INFO - Processing file /opt/airflow/dags/json_dag.py for tasks to queue
[2026-09-16T19:54:51.535+0000] {logging_mixin.py:188} INFO - [2026-09-16T19:54:51.535+0000] {dagbag.py:545} INFO - Filling up the DagBag from /opt/airflow/dags/json_dag.py
[2026-09-16T19:54:51.958+0000] {processor.py:840} INFO - DAG(s) 'json_dag' retrieved from /opt/airflow/dags/json_dag.py
[2026-09-16T19:54:51.981+0000] {logging_mixin.py:188} INFO - [2026-09-16T19:54:51.980+0000] {dag.py:3096} INFO - Sync 1 DAGs
[2026-09-16T19:54:52.002+0000] {logging_mixin.py:188} INFO - [2026-09-16T19:54:52.002+0000] {dag.py:3954} INFO - Setting next_dagrun for json_dag to 2026-09-16 08:59:00+00:00, run_after=2026-09-17 08:00:00+00:00
[2026-09-16T19:54:52.023+0000] {processor.py:183} INFO - Processing /opt/airflow/dags/json_dag.py took 0.499 seconds
[2026-09-16T19:55:22.922+0000] {processor.py:161} INFO - Started process (PID=1529) to work on /opt/airflow/dags/json_dag.py
[2026-09-16T19:55:22.924+0000] {processor.py:830} INFO - Processing file /opt/airflow/dags/json_dag.py for tasks to queue
[2026-09-16T19:55:22.927+0000] {logging_mixin.py:188} INFO - [2026-09-16T19:55:22.927+0000] {dagbag.py:545} INFO - Filling up the DagBag from /opt/airflow/dags/json_dag.py
[2026-09-16T19:55:23.345+0000] {processor.py:840} INFO - DAG(s) 'json_dag' retrieved from /opt/airflow/dags/json_dag.py
[2026-09-16T19:55:23.380+0000] {logging_mixin.py:188} INFO - [2026-09-16T19:55:23.380+0000] {dag.py:3096} INFO - Sync 1 DAGs
[2026-09-16T19:55:23.407+0000] {logging_mixin.py:188} INFO - [2026-09-16T19:55:23.407+0000] {dag.py:3954} INFO - Setting next_dagrun for json_dag to 2026-09-16 08:59:00+00:00, run_after=2026-09-17 08:00:00+00:00
[2026-09-16T19:55:23.579+0000] {processor.py:183} INFO - Processing /opt/airflow/dags/json_dag.py took 0.668 seconds
[2026-09-16T19:55:54.313+0000] {processor.py:161} INFO - Started process (PID=1538) to work on /opt/airflow/dags/json_dag.py
[2026-09-16T19:55:54.314+0000] {processor.py:830} INFO - Processing file /opt/airflow/dags/json_dag.py for tasks to queue
[2026-09-16T19:55:54.316+0000] {logging_mixin.py:188} INFO - [2026-09-16T19:55:54.316+0000] {dagbag.py:545} INFO - Filling up the DagBag from /opt/airflow/dags/json_dag.py
[2026-09-16T19:55:54.745+0000] {processor.py:840} INFO - DAG(s) 'json_dag' retrieved from /opt/airflow/dags/json_dag.py
[2026-09-16T19:55:54.766+0000] {logging_mixin.py:188} INFO - [2026-09-16T19:55:54.765+0000] {dag.py:3096} INFO - Sync 1 DAGs
[2026-09-16T19:55:54.916+0000] {logging_mixin.py:188} INFO - [2026-09-16T19:55:54.916+0000] {dag.py:3954} INFO - Setting next_dagrun for json_dag to 2026-09-16 08:59:00+00:00, run_after=2026-09-17 08:00:00+00:00
[2026-09-16T19:55:54.940+0000] {processor.py:183} INFO - Processing /opt/airflow/dags/json_dag.py took 0.634 seconds
[2026-09-16T19:56:25.686+0000] {processor.py:161} INFO - Started process (PID=1547) to work on /opt/airflow/dags/json_dag.py
[2026-09-16T19:56:25.687+0000] {processor.py:830} INFO - Processing file /opt/airflow/dags/json_dag.py for tasks to queue
[2026-09-16T19:56:25.690+0000] {logging_mixin.py:188} INFO - [2026-09-16T19:56:25.690+0000] {dagbag.py:545} INFO - Filling up the DagBag from /opt/airflow/dags/json_dag.py
[2026-09-16T19:56:26.107+0000] {processor.py:840} INFO - DAG(s) 'json_dag' retrieved from /opt/airflow/dags/json_dag.py
[2026-09-16T19:56:26.129+0000] {logging_mixin.py:188} INFO - [2026-09-16T19:56:26.129+0000] {dag.py:3096} INFO - Sync 1 DAGs
[2026-09-16T19:56:26.281+0000] {logging_mixin.py:188} INFO - [2026-09-16T19:56:26.280+0000] {dag.py:3954} INFO - Setting next_dagrun for json_dag to 2026-09-16 08:59:00+00:00, run_after=2026-09-17 08:00:00+00:00
[2026-09-16T19:56:26.307+0000] {processor.py:183} INFO - Processing /opt/airflow/dags/json_dag.py took 0.631 seconds
[2026-09-16T19:56:57.062+0000] {processor.py:161} INFO - Started process (PID=1556) to work on /opt/airflow/dags/json_dag.py
[2026-09-16T19:56:57.064+0000] {processor.py:830} INFO - Processing file /opt/airflow/dags/json_dag.py for tasks to queue
[2026-09-16T19:56:57.068+0000] {logging_mixin.py:188} INFO - [2026-09-16T19:56:57.067+0000] {dagbag.py:545} INFO - Filling up the DagBag from /opt/airflow/dags/json_dag.py
[2026-09-16T19:56:57.485+0000] {processor.py:840} INFO - DAG(s) 'json_dag' retrieved from /opt/airflow/dags/json_dag.py
[2026-09-16T19:56:57.508+0000] {logging_mixin.py:188} INFO - [2026-09-16T19:56:57.507+0000] {dag.py:3096} INFO - Sync 1 DAGs
[2026-09-16T19:56:57.529+0000] {logging_mixin.py:188} INFO - [2026-09-16T19:56:57.528+0000] {dag.py:3954} INFO - Setting next_dagrun for json_dag to 2026-09-16 08:59:00+00:00, run_after=2026-09-17 08:00:00+00:00
[2026-09-16T19:56:57.551+0000] {processor.py:183} INFO - Processing /opt/airflow/dags/json_dag.py took 0.497 seconds
[2026-09-16T19:57:27.695+0000] {processor.py:161} INFO - Started process (PID=1565) to work on /opt/airflow/dags/json_dag.py
[2026-09-16T19:57:27.697+0000] {processor.py:830} INFO - Processing file /opt/airflow/dags/json_dag.py for tasks to queue
[2026-09-16T19:57:27.699+0000] {logging_mixin.py:188} INFO - [2026-09-16T19:57:27.699+0000] {dagbag.py:545} INFO - Filling up the DagBag from /opt/airflow/dags/json_dag.py
[2026-09-16T19:57:28.145+0000] {processor.py:840} INFO - DAG(s) 'json_dag' retrieved from /opt/airflow/dags/json_dag.py
[2026-09-16T19:57:28.167+0000] {logging_mixin.py:188} INFO - [2026-09-16T19:57:28.166+0000] {dag.py:3096} INFO - Sync 1 DAGs
[2026-09-16T19:57:28.190+0000] {logging_mixin.py:188} INFO - [2026-09-16T19:57:28.190+0000] {dag.py:3954} INFO - Setting next_dagrun for json_dag to 2026-09-16 08:59:00+00:00, run_after=2026-09-17 08:00:00+00:00
[2026-09-16T19:57:28.212+0000] {processor.py:183} INFO - Processing /opt/airflow/dags/json_dag.py took 0.525 seconds
[2026-09-16T19:57:59.006+0000] {processor.py:161} INFO - Started process (PID=1574) to work on /opt/airflow/dags/json_dag.py
[2026-09-16T19:57:59.007+0000] {processor.py:830} INFO - Processing file /opt/airflow/dags/json_dag.py for tasks to queue
[2026-09-16T19:57:59.009+0000] {logging_mixin.py:188} INFO - [2026-09-16T19:57:59.009+0000] {dagbag.py:545} INFO - Filling up the DagBag from /opt/airflow/dags/json_dag.py
[2026-09-16T19:57:59.396+0000] {processor.py:840} INFO - DAG(s) 'json_dag' retrieved from /opt/airflow/dags/json_dag.py
[2026-09-16T19:57:59.418+0000] {logging_mixin.py:188} INFO - [2026-09-16T19:57:59.417+0000] {dag.py:3096} INFO - Sync 1 DAGs
[2026-09-16T19:57:59.440+0000] {logging_mixin.py:188} INFO - [2026-09-16T19:57:59.440+0000] {dag.py:3954} INFO - Setting next_dagrun for json_dag to 2026-09-16 08:59:00+00:00, run_after=2026-09-17 08:00:00+00:00
[2026-09-16T19:57:59.602+0000] {processor.py:183} INFO - Processing /opt/airflow/dags/json_dag.py took 0.604 seconds
[2026-09-16T19:58:30.466+0000] {processor.py:161} INFO - Started process (PID=1583) to work on /opt/airflow/dags/json_dag.py
[2026-09-16T19:58:30.467+0000] {processor.py:830} INFO - Processing file /opt/airflow/dags/json_dag.py for tasks to queue
[2026-09-16T19:58:30.470+0000] {logging_mixin.py:188} INFO - [2026-09-16T19:58:30.470+0000] {dagbag.py:545} INFO - Filling up the DagBag from /opt/airflow/dags/json_dag.py
[2026-09-16T19:58:30.944+0000] {processor.py:840} INFO - DAG(s) 'json_dag' retrieved from /opt/airflow/dags/json_dag.py
[2026-09-16T19:58:30.970+0000] {logging_mixin.py:188} INFO - [2026-09-16T19:58:30.969+0000] {dag.py:3096} INFO - Sync 1 DAGs
[2026-09-16T19:58:31.184+0000] {logging_mixin.py:188} INFO - [2026-09-16T19:58:31.184+0000] {dag.py:3954} INFO - Setting next_dagrun for json_dag to 2026-09-16 08:59:00+00:00, run_after=2026-09-17 08:00:00+00:00
[2026-09-16T19:58:31.210+0000] {processor.py:183} INFO - Processing /opt/airflow/dags/json_dag.py took 0.752 seconds
[2026-09-16T19:59:01.844+0000] {processor.py:161} INFO - Started process (PID=1592) to work on /opt/airflow/dags/json_dag.py
[2026-09-16T19:59:01.845+0000] {processor.py:830} INFO - Processing file /opt/airflow/dags/json_dag.py for tasks to queue
[2026-09-16T19:59:01.847+0000] {logging_mixin.py:188} INFO - [2026-09-16T19:59:01.847+0000] {dagbag.py:545} INFO - Filling up the DagBag from /opt/airflow/dags/json_dag.py
[2026-09-16T19:59:02.216+0000] {processor.py:840} INFO - DAG(s) 'json_dag' retrieved from /opt/airflow/dags/json_dag.py
[2026-09-16T19:59:02.239+0000] {logging_mixin.py:188} INFO - [2026-09-16T19:59:02.238+0000] {dag.py:3096} INFO - Sync 1 DAGs
[2026-09-16T19:59:02.386+0000] {logging_mixin.py:188} INFO - [2026-09-16T19:59:02.386+0000] {dag.py:3954} INFO - Setting next_dagrun for json_dag to 2026-09-16 08:59:00+00:00, run_after=2026-09-17 08:00:00+00:00
[2026-09-16T19:59:02.405+0000] {processor.py:183} INFO - Processing /opt/airflow/dags/json_dag.py took 0.567 seconds
[2026-09-16T19:59:33.342+0000] {processor.py:161} INFO - Started process (PID=1601) to work on /opt/airflow/dags/json_dag.py
[2026-09-16T19:59:33.344+0000] {processor.py:830} INFO - Processing file /opt/airflow/dags/json_dag.py for tasks to queue
[2026-09-16T19:59:33.346+0000] {logging_mixin.py:188} INFO - [2026-09-16T19:59:33.345+0000] {dagbag.py:545} INFO - Filling up the DagBag from /opt/airflow/dags/json_dag.py
[2026-09-16T19:59:33.797+0000] {processor.py:840} INFO - DAG(s) 'json_dag' retrieved from /opt/airflow/dags/json_dag.py
[2026-09-16T19:59:33.829+0000] {logging_mixin.py:188} INFO - [2026-09-16T19:59:33.829+0000] {dag.py:3096} INFO - Sync 1 DAGs
[2026-09-16T19:59:33.995+0000] {logging_mixin.py:188} INFO - [2026-09-16T19:59:33.994+0000] {dag.py:3954} INFO - Setting next_dagrun for json_dag to 2026-09-16 08:59:00+00:00, run_after=2026-09-17 08:00:00+00:00
[2026-09-16T19:59:34.014+0000] {processor.py:183} INFO - Processing /opt/airflow/dags/json_dag.py took 0.680 seconds
[2026-09-16T20:00:04.726+0000] {processor.py:161} INFO - Started process (PID=1610) to work on /opt/airflow/dags/json_dag.py
[2026-09-16T20:00:04.728+0000] {processor.py:830} INFO - Processing file /opt/airflow/dags/json_dag.py for tasks to queue
[2026-09-16T20:00:04.730+0000] {logging_mixin.py:188} INFO - [2026-09-16T20:00:04.730+0000] {dagbag.py:545} INFO - Filling up the DagBag from /opt/airflow/dags/json_dag.py
[2026-09-16T20:00:05.247+0000] {processor.py:840} INFO - DAG(s) 'json_dag' retrieved from /opt/airflow/dags/json_dag.py
[2026-09-16T20:00:05.420+0000] {logging_mixin.py:188} INFO - [2026-09-16T20:00:05.420+0000] {dag.py:3096} INFO - Sync 1 DAGs
[2026-09-16T20:00:05.453+0000] {logging_mixin.py:188} INFO - [2026-09-16T20:00:05.452+0000] {dag.py:3954} INFO - Setting next_dagrun for json_dag to 2026-09-16 08:59:00+00:00, run_after=2026-09-17 08:00:00+00:00
[2026-09-16T20:00:05.478+0000] {processor.py:183} INFO - Processing /opt/airflow/dags/json_dag.py took 0.762 seconds
[2026-09-16T20:00:36.101+0000] {processor.py:161} INFO - Started process (PID=1619) to work on /opt/airflow/dags/json_dag.py
[2026-09-16T20:00:36.103+0000] {processor.py:830} INFO - Processing file /opt/airflow/dags/json_dag.py for tasks to queue
[2026-09-16T20:00:36.107+0000] {logging_mixin.py:188} INFO - [2026-09-16T20:00:36.106+0000] {dagbag.py:545} INFO - Filling up the DagBag from /opt/airflow/dags/json_dag.py
[2026-09-16T20:00:36.664+0000] {processor.py:840} INFO - DAG(s) 'json_dag' retrieved from /opt/airflow/dags/json_dag.py
[2026-09-16T20:00:36.692+0000] {logging_mixin.py:188} INFO - [2026-09-16T20:00:36.691+0000] {dag.py:3096} INFO - Sync 1 DAGs
[2026-09-16T20:00:36.720+0000] {logging_mixin.py:188} INFO - [2026-09-16T20:00:36.720+0000] {dag.py:3954} INFO - Setting next_dagrun for json_dag to 2026-09-16 08:59:00+00:00, run_after=2026-09-17 08:00:00+00:00
[2026-09-16T20:00:36.747+0000] {processor.py:183} INFO - Processing /opt/airflow/dags/json_dag.py took 0.661 seconds
[2026-09-16T20:01:07.459+0000] {processor.py:161} INFO - Started process (PID=1628) to work on /opt/airflow/dags/json_dag.py
[2026-09-16T20:01:07.460+0000] {processor.py:830} INFO - Processing file /opt/airflow/dags/json_dag.py for tasks to queue
[2026-09-16T20:01:07.463+0000] {logging_mixin.py:188} INFO - [2026-09-16T20:01:07.463+0000] {dagbag.py:545} INFO - Filling up the DagBag from /opt/airflow/dags/json_dag.py
[2026-09-16T20:01:07.868+0000] {processor.py:840} INFO - DAG(s) 'json_dag' retrieved from /opt/airflow/dags/json_dag.py
[2026-09-16T20:01:07.893+0000] {logging_mixin.py:188} INFO - [2026-09-16T20:01:07.892+0000] {dag.py:3096} INFO - Sync 1 DAGs
[2026-09-16T20:01:07.916+0000] {logging_mixin.py:188} INFO - [2026-09-16T20:01:07.916+0000] {dag.py:3954} INFO - Setting next_dagrun for json_dag to 2026-09-16 08:59:00+00:00, run_after=2026-09-17 08:00:00+00:00
[2026-09-16T20:01:08.093+0000] {processor.py:183} INFO - Processing /opt/airflow/dags/json_dag.py took 0.641 seconds
[2026-09-16T20:01:38.982+0000] {processor.py:161} INFO - Started process (PID=1637) to work on /opt/airflow/dags/json_dag.py
[2026-09-16T20:01:38.983+0000] {processor.py:830} INFO - Processing file /opt/airflow/dags/json_dag.py for tasks to queue
[2026-09-16T20:01:38.985+0000] {logging_mixin.py:188} INFO - [2026-09-16T20:01:38.985+0000] {dagbag.py:545} INFO - Filling up the DagBag from /opt/airflow/dags/json_dag.py
[2026-09-16T20:01:39.608+0000] {processor.py:840} INFO - DAG(s) 'json_dag' retrieved from /opt/airflow/dags/json_dag.py
[2026-09-16T20:01:39.656+0000] {logging_mixin.py:188} INFO - [2026-09-16T20:01:39.655+0000] {dag.py:3096} INFO - Sync 1 DAGs
[2026-09-16T20:01:39.904+0000] {logging_mixin.py:188} INFO - [2026-09-16T20:01:39.904+0000] {dag.py:3954} INFO - Setting next_dagrun for json_dag to 2026-09-16 08:59:00+00:00, run_after=2026-09-17 08:00:00+00:00
[2026-09-16T20:01:39.925+0000] {processor.py:183} INFO - Processing /opt/airflow/dags/json_dag.py took 0.949 seconds
[2026-09-16T20:02:10.375+0000] {processor.py:161} INFO - Started process (PID=1646) to work on /opt/airflow/dags/json_dag.py
[2026-09-16T20:02:10.377+0000] {processor.py:830} INFO - Processing file /opt/airflow/dags/json_dag.py for tasks to queue
[2026-09-16T20:02:10.379+0000] {logging_mixin.py:188} INFO - [2026-09-16T20:02:10.379+0000] {dagbag.py:545} INFO - Filling up the DagBag from /opt/airflow/dags/json_dag.py
[2026-09-16T20:02:10.762+0000] {processor.py:840} INFO - DAG(s) 'json_dag' retrieved from /opt/airflow/dags/json_dag.py
[2026-09-16T20:02:10.783+0000] {logging_mixin.py:188} INFO - [2026-09-16T20:02:10.782+0000] {dag.py:3096} INFO - Sync 1 DAGs
[2026-09-16T20:02:10.927+0000] {logging_mixin.py:188} INFO - [2026-09-16T20:02:10.927+0000] {dag.py:3954} INFO - Setting next_dagrun for json_dag to 2026-09-16 08:59:00+00:00, run_after=2026-09-17 08:00:00+00:00
[2026-09-16T20:02:10.946+0000] {processor.py:183} INFO - Processing /opt/airflow/dags/json_dag.py took 0.577 seconds
[2026-09-16T20:02:41.702+0000] {processor.py:161} INFO - Started process (PID=1655) to work on /opt/airflow/dags/json_dag.py
[2026-09-16T20:02:41.703+0000] {processor.py:830} INFO - Processing file /opt/airflow/dags/json_dag.py for tasks to queue
[2026-09-16T20:02:41.706+0000] {logging_mixin.py:188} INFO - [2026-09-16T20:02:41.705+0000] {dagbag.py:545} INFO - Filling up the DagBag from /opt/airflow/dags/json_dag.py
[2026-09-16T20:02:42.098+0000] {processor.py:840} INFO - DAG(s) 'json_dag' retrieved from /opt/airflow/dags/json_dag.py
[2026-09-16T20:02:42.247+0000] {logging_mixin.py:188} INFO - [2026-09-16T20:02:42.247+0000] {dag.py:3096} INFO - Sync 1 DAGs
[2026-09-16T20:02:42.268+0000] {logging_mixin.py:188} INFO - [2026-09-16T20:02:42.268+0000] {dag.py:3954} INFO - Setting next_dagrun for json_dag to 2026-09-16 08:59:00+00:00, run_after=2026-09-17 08:00:00+00:00
[2026-09-16T20:02:42.286+0000] {processor.py:183} INFO - Processing /opt/airflow/dags/json_dag.py took 0.593 seconds
[2026-09-16T20:03:13.084+0000] {processor.py:161} INFO - Started process (PID=1664) to work on /opt/airflow/dags/json_dag.py
[2026-09-16T20:03:13.086+0000] {processor.py:830} INFO - Processing file /opt/airflow/dags/json_dag.py for tasks to queue
[2026-09-16T20:03:13.089+0000] {logging_mixin.py:188} INFO - [2026-09-16T20:03:13.088+0000] {dagbag.py:545} INFO - Filling up the DagBag from /opt/airflow/dags/json_dag.py
[2026-09-16T20:03:13.639+0000] {processor.py:840} INFO - DAG(s) 'json_dag' retrieved from /opt/airflow/dags/json_dag.py
[2026-09-16T20:03:13.668+0000] {logging_mixin.py:188} INFO - [2026-09-16T20:03:13.668+0000] {dag.py:3096} INFO - Sync 1 DAGs
[2026-09-16T20:03:13.695+0000] {logging_mixin.py:188} INFO - [2026-09-16T20:03:13.695+0000] {dag.py:3954} INFO - Setting next_dagrun for json_dag to 2026-09-16 08:59:00+00:00, run_after=2026-09-17 08:00:00+00:00
[2026-09-16T20:03:13.724+0000] {processor.py:183} INFO - Processing /opt/airflow/dags/json_dag.py took 0.652 seconds
[2026-09-16T20:03:44.457+0000] {processor.py:161} INFO - Started process (PID=1673) to work on /opt/airflow/dags/json_dag.py
[2026-09-16T20:03:44.459+0000] {processor.py:830} INFO - Processing file /opt/airflow/dags/json_dag.py for tasks to queue
[2026-09-16T20:03:44.461+0000] {logging_mixin.py:188} INFO - [2026-09-16T20:03:44.461+0000] {dagbag.py:545} INFO - Filling up the DagBag from /opt/airflow/dags/json_dag.py
[2026-09-16T20:03:45.007+0000] {processor.py:840} INFO - DAG(s) 'json_dag' retrieved from /opt/airflow/dags/json_dag.py
[2026-09-16T20:03:45.028+0000] {logging_mixin.py:188} INFO - [2026-09-16T20:03:45.028+0000] {dag.py:3096} INFO - Sync 1 DAGs
[2026-09-16T20:03:45.056+0000] {logging_mixin.py:188} INFO - [2026-09-16T20:03:45.056+0000] {dag.py:3954} INFO - Setting next_dagrun for json_dag to 2026-09-16 08:59:00+00:00, run_after=2026-09-17 08:00:00+00:00
[2026-09-16T20:03:45.244+0000] {processor.py:183} INFO - Processing /opt/airflow/dags/json_dag.py took 0.798 seconds
[2026-09-16T20:04:15.829+0000] {processor.py:161} INFO - Started process (PID=1682) to work on /opt/airflow/dags/json_dag.py
[2026-09-16T20:04:15.831+0000] {processor.py:830} INFO - Processing file /opt/airflow/dags/json_dag.py for tasks to queue
[2026-09-16T20:04:15.835+0000] {logging_mixin.py:188} INFO - [2026-09-16T20:04:15.834+0000] {dagbag.py:545} INFO - Filling up the DagBag from /opt/airflow/dags/json_dag.py
[2026-09-16T20:04:16.349+0000] {processor.py:840} INFO - DAG(s) 'json_dag' retrieved from /opt/airflow/dags/json_dag.py
[2026-09-16T20:04:16.376+0000] {logging_mixin.py:188} INFO - [2026-09-16T20:04:16.375+0000] {dag.py:3096} INFO - Sync 1 DAGs
[2026-09-16T20:04:16.522+0000] {logging_mixin.py:188} INFO - [2026-09-16T20:04:16.522+0000] {dag.py:3954} INFO - Setting next_dagrun for json_dag to 2026-09-16 08:59:00+00:00, run_after=2026-09-17 08:00:00+00:00
[2026-09-16T20:04:16.541+0000] {processor.py:183} INFO - Processing /opt/airflow/dags/json_dag.py took 0.725 seconds
[2026-09-16T20:04:47.279+0000] {processor.py:161} INFO - Started process (PID=1692) to work on /opt/airflow/dags/json_dag.py
[2026-09-16T20:04:47.281+0000] {processor.py:830} INFO - Processing file /opt/airflow/dags/json_dag.py for tasks to queue
[2026-09-16T20:04:47.285+0000] {logging_mixin.py:188} INFO - [2026-09-16T20:04:47.284+0000] {dagbag.py:545} INFO - Filling up the DagBag from /opt/airflow/dags/json_dag.py
[2026-09-16T20:04:47.921+0000] {processor.py:840} INFO - DAG(s) 'json_dag' retrieved from /opt/airflow/dags/json_dag.py
[2026-09-16T20:04:47.956+0000] {logging_mixin.py:188} INFO - [2026-09-16T20:04:47.956+0000] {dag.py:3096} INFO - Sync 1 DAGs
[2026-09-16T20:04:48.161+0000] {logging_mixin.py:188} INFO - [2026-09-16T20:04:48.161+0000] {dag.py:3954} INFO - Setting next_dagrun for json_dag to 2026-09-16 08:59:00+00:00, run_after=2026-09-17 08:00:00+00:00
[2026-09-16T20:04:48.199+0000] {processor.py:183} INFO - Processing /opt/airflow/dags/json_dag.py took 0.932 seconds
[2026-09-16T20:05:18.538+0000] {processor.py:161} INFO - Started process (PID=1701) to work on /opt/airflow/dags/json_dag.py
[2026-09-16T20:05:18.540+0000] {processor.py:830} INFO - Processing file /opt/airflow/dags/json_dag.py for tasks to queue
[2026-09-16T20:05:18.543+0000] {logging_mixin.py:188} INFO - [2026-09-16T20:05:18.542+0000] {dagbag.py:545} INFO - Filling up the DagBag from /opt/airflow/dags/json_dag.py
[2026-09-16T20:05:18.984+0000] {processor.py:840} INFO - DAG(s) 'json_dag' retrieved from /opt/airflow/dags/json_dag.py
[2026-09-16T20:05:19.017+0000] {logging_mixin.py:188} INFO - [2026-09-16T20:05:19.017+0000] {dag.py:3096} INFO - Sync 1 DAGs
[2026-09-16T20:05:19.207+0000] {logging_mixin.py:188} INFO - [2026-09-16T20:05:19.206+0000] {dag.py:3954} INFO - Setting next_dagrun for json_dag to 2026-09-16 08:59:00+00:00, run_after=2026-09-17 08:00:00+00:00
[2026-09-16T20:05:19.238+0000] {processor.py:183} INFO - Processing /opt/airflow/dags/json_dag.py took 0.709 seconds
[2026-09-16T20:05:49.947+0000] {processor.py:161} INFO - Started process (PID=1710) to work on /opt/airflow/dags/json_dag.py
[2026-09-16T20:05:49.949+0000] {processor.py:830} INFO - Processing file /opt/airflow/dags/json_dag.py for tasks to queue
[2026-09-16T20:05:49.952+0000] {logging_mixin.py:188} INFO - [2026-09-16T20:05:49.952+0000] {dagbag.py:545} INFO - Filling up the DagBag from /opt/airflow/dags/json_dag.py
[2026-09-16T20:05:50.671+0000] {processor.py:840} INFO - DAG(s) 'json_dag' retrieved from /opt/airflow/dags/json_dag.py
[2026-09-16T20:05:50.693+0000] {logging_mixin.py:188} INFO - [2026-09-16T20:05:50.693+0000] {dag.py:3096} INFO - Sync 1 DAGs
[2026-09-16T20:05:50.715+0000] {logging_mixin.py:188} INFO - [2026-09-16T20:05:50.715+0000] {dag.py:3954} INFO - Setting next_dagrun for json_dag to 2026-09-16 08:59:00+00:00, run_after=2026-09-17 08:00:00+00:00
[2026-09-16T20:05:50.739+0000] {processor.py:183} INFO - Processing /opt/airflow/dags/json_dag.py took 0.802 seconds
[2026-09-16T20:06:21.460+0000] {processor.py:161} INFO - Started process (PID=1719) to work on /opt/airflow/dags/json_dag.py
[2026-09-16T20:06:21.462+0000] {processor.py:830} INFO - Processing file /opt/airflow/dags/json_dag.py for tasks to queue
[2026-09-16T20:06:21.464+0000] {logging_mixin.py:188} INFO - [2026-09-16T20:06:21.464+0000] {dagbag.py:545} INFO - Filling up the DagBag from /opt/airflow/dags/json_dag.py
[2026-09-16T20:06:21.998+0000] {processor.py:840} INFO - DAG(s) 'json_dag' retrieved from /opt/airflow/dags/json_dag.py
[2026-09-16T20:06:22.026+0000] {logging_mixin.py:188} INFO - [2026-09-16T20:06:22.025+0000] {dag.py:3096} INFO - Sync 1 DAGs
[2026-09-16T20:06:22.053+0000] {logging_mixin.py:188} INFO - [2026-09-16T20:06:22.053+0000] {dag.py:3954} INFO - Setting next_dagrun for json_dag to 2026-09-16 08:59:00+00:00, run_after=2026-09-17 08:00:00+00:00
[2026-09-16T20:06:22.086+0000] {processor.py:183} INFO - Processing /opt/airflow/dags/json_dag.py took 0.634 seconds
[2026-09-16T20:06:52.992+0000] {processor.py:161} INFO - Started process (PID=1734) to work on /opt/airflow/dags/json_dag.py
[2026-09-16T20:06:52.994+0000] {processor.py:830} INFO - Processing file /opt/airflow/dags/json_dag.py for tasks to queue
[2026-09-16T20:06:52.999+0000] {logging_mixin.py:188} INFO - [2026-09-16T20:06:52.998+0000] {dagbag.py:545} INFO - Filling up the DagBag from /opt/airflow/dags/json_dag.py
[2026-09-16T20:06:53.703+0000] {processor.py:840} INFO - DAG(s) 'json_dag' retrieved from /opt/airflow/dags/json_dag.py
[2026-09-16T20:06:53.730+0000] {logging_mixin.py:188} INFO - [2026-09-16T20:06:53.729+0000] {dag.py:3096} INFO - Sync 1 DAGs
[2026-09-16T20:06:53.757+0000] {logging_mixin.py:188} INFO - [2026-09-16T20:06:53.756+0000] {dag.py:3954} INFO - Setting next_dagrun for json_dag to 2026-09-16 08:59:00+00:00, run_after=2026-09-17 08:00:00+00:00
[2026-09-16T20:06:53.977+0000] {processor.py:183} INFO - Processing /opt/airflow/dags/json_dag.py took 0.996 seconds
[2026-09-16T20:07:24.426+0000] {processor.py:161} INFO - Started process (PID=1743) to work on /opt/airflow/dags/json_dag.py
[2026-09-16T20:07:24.428+0000] {processor.py:830} INFO - Processing file /opt/airflow/dags/json_dag.py for tasks to queue
[2026-09-16T20:07:24.431+0000] {logging_mixin.py:188} INFO - [2026-09-16T20:07:24.430+0000] {dagbag.py:545} INFO - Filling up the DagBag from /opt/airflow/dags/json_dag.py
[2026-09-16T20:07:24.868+0000] {processor.py:840} INFO - DAG(s) 'json_dag' retrieved from /opt/airflow/dags/json_dag.py
[2026-09-16T20:07:24.901+0000] {logging_mixin.py:188} INFO - [2026-09-16T20:07:24.901+0000] {dag.py:3096} INFO - Sync 1 DAGs
[2026-09-16T20:07:25.114+0000] {logging_mixin.py:188} INFO - [2026-09-16T20:07:25.113+0000] {dag.py:3954} INFO - Setting next_dagrun for json_dag to 2026-09-16 08:59:00+00:00, run_after=2026-09-17 08:00:00+00:00
[2026-09-16T20:07:25.152+0000] {processor.py:183} INFO - Processing /opt/airflow/dags/json_dag.py took 0.736 seconds
[2026-09-16T20:07:55.902+0000] {processor.py:161} INFO - Started process (PID=1752) to work on /opt/airflow/dags/json_dag.py
[2026-09-16T20:07:55.904+0000] {processor.py:830} INFO - Processing file /opt/airflow/dags/json_dag.py for tasks to queue
[2026-09-16T20:07:55.907+0000] {logging_mixin.py:188} INFO - [2026-09-16T20:07:55.907+0000] {dagbag.py:545} INFO - Filling up the DagBag from /opt/airflow/dags/json_dag.py
[2026-09-16T20:07:56.323+0000] {processor.py:840} INFO - DAG(s) 'json_dag' retrieved from /opt/airflow/dags/json_dag.py
[2026-09-16T20:07:56.345+0000] {logging_mixin.py:188} INFO - [2026-09-16T20:07:56.345+0000] {dag.py:3096} INFO - Sync 1 DAGs
[2026-09-16T20:07:56.496+0000] {logging_mixin.py:188} INFO - [2026-09-16T20:07:56.496+0000] {dag.py:3954} INFO - Setting next_dagrun for json_dag to 2026-09-16 08:59:00+00:00, run_after=2026-09-17 08:00:00+00:00
[2026-09-16T20:07:56.517+0000] {processor.py:183} INFO - Processing /opt/airflow/dags/json_dag.py took 0.626 seconds
[2026-09-16T20:08:27.377+0000] {processor.py:161} INFO - Started process (PID=1761) to work on /opt/airflow/dags/json_dag.py
[2026-09-16T20:08:27.379+0000] {processor.py:830} INFO - Processing file /opt/airflow/dags/json_dag.py for tasks to queue
[2026-09-16T20:08:27.381+0000] {logging_mixin.py:188} INFO - [2026-09-16T20:08:27.381+0000] {dagbag.py:545} INFO - Filling up the DagBag from /opt/airflow/dags/json_dag.py
[2026-09-16T20:08:28.169+0000] {processor.py:840} INFO - DAG(s) 'json_dag' retrieved from /opt/airflow/dags/json_dag.py
[2026-09-16T20:08:28.413+0000] {logging_mixin.py:188} INFO - [2026-09-16T20:08:28.411+0000] {dag.py:3096} INFO - Sync 1 DAGs
[2026-09-16T20:08:28.451+0000] {logging_mixin.py:188} INFO - [2026-09-16T20:08:28.451+0000] {dag.py:3954} INFO - Setting next_dagrun for json_dag to 2026-09-16 08:59:00+00:00, run_after=2026-09-17 08:00:00+00:00
[2026-09-16T20:08:28.482+0000] {processor.py:183} INFO - Processing /opt/airflow/dags/json_dag.py took 1.115 seconds
[2026-09-16T20:08:58.763+0000] {processor.py:161} INFO - Started process (PID=1770) to work on /opt/airflow/dags/json_dag.py
[2026-09-16T20:08:58.765+0000] {processor.py:830} INFO - Processing file /opt/airflow/dags/json_dag.py for tasks to queue
[2026-09-16T20:08:58.770+0000] {logging_mixin.py:188} INFO - [2026-09-16T20:08:58.769+0000] {dagbag.py:545} INFO - Filling up the DagBag from /opt/airflow/dags/json_dag.py
[2026-09-16T20:08:59.398+0000] {processor.py:840} INFO - DAG(s) 'json_dag' retrieved from /opt/airflow/dags/json_dag.py
[2026-09-16T20:08:59.429+0000] {logging_mixin.py:188} INFO - [2026-09-16T20:08:59.429+0000] {dag.py:3096} INFO - Sync 1 DAGs
[2026-09-16T20:08:59.462+0000] {logging_mixin.py:188} INFO - [2026-09-16T20:08:59.462+0000] {dag.py:3954} INFO - Setting next_dagrun for json_dag to 2026-09-16 08:59:00+00:00, run_after=2026-09-17 08:00:00+00:00
[2026-09-16T20:08:59.497+0000] {processor.py:183} INFO - Processing /opt/airflow/dags/json_dag.py took 0.748 seconds
[2026-09-16T20:09:29.725+0000] {processor.py:161} INFO - Started process (PID=1779) to work on /opt/airflow/dags/json_dag.py
[2026-09-16T20:09:29.729+0000] {processor.py:830} INFO - Processing file /opt/airflow/dags/json_dag.py for tasks to queue
[2026-09-16T20:09:29.736+0000] {logging_mixin.py:188} INFO - [2026-09-16T20:09:29.736+0000] {dagbag.py:545} INFO - Filling up the DagBag from /opt/airflow/dags/json_dag.py
[2026-09-16T20:09:31.193+0000] {processor.py:840} INFO - DAG(s) 'json_dag' retrieved from /opt/airflow/dags/json_dag.py
[2026-09-16T20:09:31.266+0000] {logging_mixin.py:188} INFO - [2026-09-16T20:09:31.265+0000] {dag.py:3096} INFO - Sync 1 DAGs
[2026-09-16T20:09:31.336+0000] {logging_mixin.py:188} INFO - [2026-09-16T20:09:31.336+0000] {dag.py:3954} INFO - Setting next_dagrun for json_dag to 2026-09-16 08:59:00+00:00, run_after=2026-09-17 08:00:00+00:00
[2026-09-16T20:09:31.811+0000] {processor.py:183} INFO - Processing /opt/airflow/dags/json_dag.py took 2.106 seconds
[2026-09-16T20:10:02.635+0000] {processor.py:161} INFO - Started process (PID=1788) to work on /opt/airflow/dags/json_dag.py
[2026-09-16T20:10:02.638+0000] {processor.py:830} INFO - Processing file /opt/airflow/dags/json_dag.py for tasks to queue
[2026-09-16T20:10:02.644+0000] {logging_mixin.py:188} INFO - [2026-09-16T20:10:02.643+0000] {dagbag.py:545} INFO - Filling up the DagBag from /opt/airflow/dags/json_dag.py
[2026-09-16T20:10:04.159+0000] {processor.py:840} INFO - DAG(s) 'json_dag' retrieved from /opt/airflow/dags/json_dag.py
[2026-09-16T20:10:04.250+0000] {logging_mixin.py:188} INFO - [2026-09-16T20:10:04.249+0000] {dag.py:3096} INFO - Sync 1 DAGs
[2026-09-16T20:10:04.758+0000] {logging_mixin.py:188} INFO - [2026-09-16T20:10:04.757+0000] {dag.py:3954} INFO - Setting next_dagrun for json_dag to 2026-09-16 08:59:00+00:00, run_after=2026-09-17 08:00:00+00:00
[2026-09-16T20:10:04.824+0000] {processor.py:183} INFO - Processing /opt/airflow/dags/json_dag.py took 2.205 seconds
[2026-09-16T20:10:34.943+0000] {processor.py:161} INFO - Started process (PID=1797) to work on /opt/airflow/dags/json_dag.py
[2026-09-16T20:10:34.946+0000] {processor.py:830} INFO - Processing file /opt/airflow/dags/json_dag.py for tasks to queue
[2026-09-16T20:10:34.950+0000] {logging_mixin.py:188} INFO - [2026-09-16T20:10:34.950+0000] {dagbag.py:545} INFO - Filling up the DagBag from /opt/airflow/dags/json_dag.py
[2026-09-16T20:10:36.186+0000] {processor.py:840} INFO - DAG(s) 'json_dag' retrieved from /opt/airflow/dags/json_dag.py
[2026-09-16T20:10:36.232+0000] {logging_mixin.py:188} INFO - [2026-09-16T20:10:36.231+0000] {dag.py:3096} INFO - Sync 1 DAGs
[2026-09-16T20:10:36.553+0000] {logging_mixin.py:188} INFO - [2026-09-16T20:10:36.552+0000] {dag.py:3954} INFO - Setting next_dagrun for json_dag to 2026-09-16 08:59:00+00:00, run_after=2026-09-17 08:00:00+00:00
[2026-09-16T20:10:36.623+0000] {processor.py:183} INFO - Processing /opt/airflow/dags/json_dag.py took 1.697 seconds
[2026-09-16T20:11:07.241+0000] {processor.py:161} INFO - Started process (PID=1806) to work on /opt/airflow/dags/json_dag.py
[2026-09-16T20:11:07.244+0000] {processor.py:830} INFO - Processing file /opt/airflow/dags/json_dag.py for tasks to queue
[2026-09-16T20:11:07.255+0000] {logging_mixin.py:188} INFO - [2026-09-16T20:11:07.254+0000] {dagbag.py:545} INFO - Filling up the DagBag from /opt/airflow/dags/json_dag.py
[2026-09-16T20:11:09.747+0000] {processor.py:840} INFO - DAG(s) 'json_dag' retrieved from /opt/airflow/dags/json_dag.py
[2026-09-16T20:11:10.443+0000] {logging_mixin.py:188} INFO - [2026-09-16T20:11:10.442+0000] {dag.py:3096} INFO - Sync 1 DAGs
[2026-09-16T20:11:10.563+0000] {logging_mixin.py:188} INFO - [2026-09-16T20:11:10.563+0000] {dag.py:3954} INFO - Setting next_dagrun for json_dag to 2026-09-16 08:59:00+00:00, run_after=2026-09-17 08:00:00+00:00
[2026-09-16T20:11:10.673+0000] {processor.py:183} INFO - Processing /opt/airflow/dags/json_dag.py took 3.458 seconds
[2026-09-16T20:11:41.307+0000] {processor.py:161} INFO - Started process (PID=1815) to work on /opt/airflow/dags/json_dag.py
[2026-09-16T20:11:41.312+0000] {processor.py:830} INFO - Processing file /opt/airflow/dags/json_dag.py for tasks to queue
[2026-09-16T20:11:41.321+0000] {logging_mixin.py:188} INFO - [2026-09-16T20:11:41.320+0000] {dagbag.py:545} INFO - Filling up the DagBag from /opt/airflow/dags/json_dag.py
[2026-09-16T20:11:43.396+0000] {processor.py:840} INFO - DAG(s) 'json_dag' retrieved from /opt/airflow/dags/json_dag.py
[2026-09-16T20:11:43.450+0000] {logging_mixin.py:188} INFO - [2026-09-16T20:11:43.449+0000] {dag.py:3096} INFO - Sync 1 DAGs
[2026-09-16T20:11:43.513+0000] {logging_mixin.py:188} INFO - [2026-09-16T20:11:43.512+0000] {dag.py:3954} INFO - Setting next_dagrun for json_dag to 2026-09-16 08:59:00+00:00, run_after=2026-09-17 08:00:00+00:00
[2026-09-16T20:11:43.591+0000] {processor.py:183} INFO - Processing /opt/airflow/dags/json_dag.py took 2.313 seconds
[2026-09-16T20:12:14.437+0000] {processor.py:161} INFO - Started process (PID=1824) to work on /opt/airflow/dags/json_dag.py
[2026-09-16T20:12:14.439+0000] {processor.py:830} INFO - Processing file /opt/airflow/dags/json_dag.py for tasks to queue
[2026-09-16T20:12:14.443+0000] {logging_mixin.py:188} INFO - [2026-09-16T20:12:14.442+0000] {dagbag.py:545} INFO - Filling up the DagBag from /opt/airflow/dags/json_dag.py
[2026-09-16T20:12:15.106+0000] {processor.py:840} INFO - DAG(s) 'json_dag' retrieved from /opt/airflow/dags/json_dag.py
[2026-09-16T20:12:15.142+0000] {logging_mixin.py:188} INFO - [2026-09-16T20:12:15.141+0000] {dag.py:3096} INFO - Sync 1 DAGs
[2026-09-16T20:12:15.180+0000] {logging_mixin.py:188} INFO - [2026-09-16T20:12:15.180+0000] {dag.py:3954} INFO - Setting next_dagrun for json_dag to 2026-09-16 08:59:00+00:00, run_after=2026-09-17 08:00:00+00:00
[2026-09-16T20:12:15.438+0000] {processor.py:183} INFO - Processing /opt/airflow/dags/json_dag.py took 1.013 seconds
[2026-09-16T20:12:45.835+0000] {processor.py:161} INFO - Started process (PID=1833) to work on /opt/airflow/dags/json_dag.py
[2026-09-16T20:12:45.837+0000] {processor.py:830} INFO - Processing file /opt/airflow/dags/json_dag.py for tasks to queue
[2026-09-16T20:12:45.842+0000] {logging_mixin.py:188} INFO - [2026-09-16T20:12:45.841+0000] {dagbag.py:545} INFO - Filling up the DagBag from /opt/airflow/dags/json_dag.py
[2026-09-16T20:12:46.833+0000] {processor.py:840} INFO - DAG(s) 'json_dag' retrieved from /opt/airflow/dags/json_dag.py
[2026-09-16T20:12:46.903+0000] {logging_mixin.py:188} INFO - [2026-09-16T20:12:46.903+0000] {dag.py:3096} INFO - Sync 1 DAGs
[2026-09-16T20:12:47.168+0000] {logging_mixin.py:188} INFO - [2026-09-16T20:12:47.168+0000] {dag.py:3954} INFO - Setting next_dagrun for json_dag to 2026-09-16 08:59:00+00:00, run_after=2026-09-17 08:00:00+00:00
[2026-09-16T20:12:47.206+0000] {processor.py:183} INFO - Processing /opt/airflow/dags/json_dag.py took 1.385 seconds
[2026-09-16T20:13:17.636+0000] {processor.py:161} INFO - Started process (PID=1842) to work on /opt/airflow/dags/json_dag.py
[2026-09-16T20:13:17.637+0000] {processor.py:830} INFO - Processing file /opt/airflow/dags/json_dag.py for tasks to queue
[2026-09-16T20:13:17.641+0000] {logging_mixin.py:188} INFO - [2026-09-16T20:13:17.641+0000] {dagbag.py:545} INFO - Filling up the DagBag from /opt/airflow/dags/json_dag.py
[2026-09-16T20:13:18.254+0000] {processor.py:840} INFO - DAG(s) 'json_dag' retrieved from /opt/airflow/dags/json_dag.py
[2026-09-16T20:13:18.295+0000] {logging_mixin.py:188} INFO - [2026-09-16T20:13:18.294+0000] {dag.py:3096} INFO - Sync 1 DAGs
[2026-09-16T20:13:18.524+0000] {logging_mixin.py:188} INFO - [2026-09-16T20:13:18.523+0000] {dag.py:3954} INFO - Setting next_dagrun for json_dag to 2026-09-16 08:59:00+00:00, run_after=2026-09-17 08:00:00+00:00
[2026-09-16T20:13:18.553+0000] {processor.py:183} INFO - Processing /opt/airflow/dags/json_dag.py took 0.927 seconds
[2026-09-16T20:13:49.163+0000] {processor.py:161} INFO - Started process (PID=1852) to work on /opt/airflow/dags/json_dag.py
[2026-09-16T20:13:49.165+0000] {processor.py:830} INFO - Processing file /opt/airflow/dags/json_dag.py for tasks to queue
[2026-09-16T20:13:49.170+0000] {logging_mixin.py:188} INFO - [2026-09-16T20:13:49.169+0000] {dagbag.py:545} INFO - Filling up the DagBag from /opt/airflow/dags/json_dag.py
[2026-09-16T20:13:49.656+0000] {processor.py:840} INFO - DAG(s) 'json_dag' retrieved from /opt/airflow/dags/json_dag.py
[2026-09-16T20:13:49.687+0000] {logging_mixin.py:188} INFO - [2026-09-16T20:13:49.686+0000] {dag.py:3096} INFO - Sync 1 DAGs
[2026-09-16T20:13:49.877+0000] {logging_mixin.py:188} INFO - [2026-09-16T20:13:49.877+0000] {dag.py:3954} INFO - Setting next_dagrun for json_dag to 2026-09-16 08:59:00+00:00, run_after=2026-09-17 08:00:00+00:00
[2026-09-16T20:13:49.899+0000] {processor.py:183} INFO - Processing /opt/airflow/dags/json_dag.py took 0.749 seconds
[2026-09-16T20:14:20.437+0000] {processor.py:161} INFO - Started process (PID=1861) to work on /opt/airflow/dags/json_dag.py
[2026-09-16T20:14:20.438+0000] {processor.py:830} INFO - Processing file /opt/airflow/dags/json_dag.py for tasks to queue
[2026-09-16T20:14:20.441+0000] {logging_mixin.py:188} INFO - [2026-09-16T20:14:20.441+0000] {dagbag.py:545} INFO - Filling up the DagBag from /opt/airflow/dags/json_dag.py
[2026-09-16T20:14:21.105+0000] {processor.py:840} INFO - DAG(s) 'json_dag' retrieved from /opt/airflow/dags/json_dag.py
[2026-09-16T20:14:21.128+0000] {logging_mixin.py:188} INFO - [2026-09-16T20:14:21.127+0000] {dag.py:3096} INFO - Sync 1 DAGs
[2026-09-16T20:14:21.151+0000] {logging_mixin.py:188} INFO - [2026-09-16T20:14:21.151+0000] {dag.py:3954} INFO - Setting next_dagrun for json_dag to 2026-09-16 08:59:00+00:00, run_after=2026-09-17 08:00:00+00:00
[2026-09-16T20:14:21.175+0000] {processor.py:183} INFO - Processing /opt/airflow/dags/json_dag.py took 0.747 seconds
[2026-09-16T20:14:51.755+0000] {processor.py:161} INFO - Started process (PID=1870) to work on /opt/airflow/dags/json_dag.py
[2026-09-16T20:14:51.756+0000] {processor.py:830} INFO - Processing file /opt/airflow/dags/json_dag.py for tasks to queue
[2026-09-16T20:14:51.759+0000] {logging_mixin.py:188} INFO - [2026-09-16T20:14:51.759+0000] {dagbag.py:545} INFO - Filling up the DagBag from /opt/airflow/dags/json_dag.py
[2026-09-16T20:14:52.183+0000] {processor.py:840} INFO - DAG(s) 'json_dag' retrieved from /opt/airflow/dags/json_dag.py
[2026-09-16T20:14:52.208+0000] {logging_mixin.py:188} INFO - [2026-09-16T20:14:52.208+0000] {dag.py:3096} INFO - Sync 1 DAGs
[2026-09-16T20:14:52.229+0000] {logging_mixin.py:188} INFO - [2026-09-16T20:14:52.229+0000] {dag.py:3954} INFO - Setting next_dagrun for json_dag to 2026-09-16 08:59:00+00:00, run_after=2026-09-17 08:00:00+00:00
[2026-09-16T20:14:52.252+0000] {processor.py:183} INFO - Processing /opt/airflow/dags/json_dag.py took 0.504 seconds
[2026-09-16T20:15:22.344+0000] {processor.py:161} INFO - Started process (PID=1879) to work on /opt/airflow/dags/json_dag.py
[2026-09-16T20:15:22.345+0000] {processor.py:830} INFO - Processing file /opt/airflow/dags/json_dag.py for tasks to queue
[2026-09-16T20:15:22.348+0000] {logging_mixin.py:188} INFO - [2026-09-16T20:15:22.347+0000] {dagbag.py:545} INFO - Filling up the DagBag from /opt/airflow/dags/json_dag.py
[2026-09-16T20:15:22.772+0000] {processor.py:840} INFO - DAG(s) 'json_dag' retrieved from /opt/airflow/dags/json_dag.py
[2026-09-16T20:15:22.796+0000] {logging_mixin.py:188} INFO - [2026-09-16T20:15:22.796+0000] {dag.py:3096} INFO - Sync 1 DAGs
[2026-09-16T20:15:22.819+0000] {logging_mixin.py:188} INFO - [2026-09-16T20:15:22.819+0000] {dag.py:3954} INFO - Setting next_dagrun for json_dag to 2026-09-16 08:59:00+00:00, run_after=2026-09-17 08:00:00+00:00
[2026-09-16T20:15:22.971+0000] {processor.py:183} INFO - Processing /opt/airflow/dags/json_dag.py took 0.635 seconds
[2026-09-16T20:15:53.269+0000] {processor.py:161} INFO - Started process (PID=1888) to work on /opt/airflow/dags/json_dag.py
[2026-09-16T20:15:53.270+0000] {processor.py:830} INFO - Processing file /opt/airflow/dags/json_dag.py for tasks to queue
[2026-09-16T20:15:53.273+0000] {logging_mixin.py:188} INFO - [2026-09-16T20:15:53.272+0000] {dagbag.py:545} INFO - Filling up the DagBag from /opt/airflow/dags/json_dag.py
[2026-09-16T20:15:53.799+0000] {processor.py:840} INFO - DAG(s) 'json_dag' retrieved from /opt/airflow/dags/json_dag.py
[2026-09-16T20:15:53.833+0000] {logging_mixin.py:188} INFO - [2026-09-16T20:15:53.832+0000] {dag.py:3096} INFO - Sync 1 DAGs
[2026-09-16T20:15:54.004+0000] {logging_mixin.py:188} INFO - [2026-09-16T20:15:54.004+0000] {dag.py:3954} INFO - Setting next_dagrun for json_dag to 2026-09-16 08:59:00+00:00, run_after=2026-09-17 08:00:00+00:00
[2026-09-16T20:15:54.028+0000] {processor.py:183} INFO - Processing /opt/airflow/dags/json_dag.py took 0.767 seconds
[2026-09-16T20:16:24.622+0000] {processor.py:161} INFO - Started process (PID=1903) to work on /opt/airflow/dags/json_dag.py
[2026-09-16T20:16:24.624+0000] {processor.py:830} INFO - Processing file /opt/airflow/dags/json_dag.py for tasks to queue
[2026-09-16T20:16:24.626+0000] {logging_mixin.py:188} INFO - [2026-09-16T20:16:24.625+0000] {dagbag.py:545} INFO - Filling up the DagBag from /opt/airflow/dags/json_dag.py
[2026-09-16T20:16:25.091+0000] {processor.py:840} INFO - DAG(s) 'json_dag' retrieved from /opt/airflow/dags/json_dag.py
[2026-09-16T20:16:25.117+0000] {logging_mixin.py:188} INFO - [2026-09-16T20:16:25.117+0000] {dag.py:3096} INFO - Sync 1 DAGs
[2026-09-16T20:16:25.282+0000] {logging_mixin.py:188} INFO - [2026-09-16T20:16:25.282+0000] {dag.py:3954} INFO - Setting next_dagrun for json_dag to 2026-09-16 08:59:00+00:00, run_after=2026-09-17 08:00:00+00:00
[2026-09-16T20:16:25.303+0000] {processor.py:183} INFO - Processing /opt/airflow/dags/json_dag.py took 0.687 seconds
[2026-09-16T20:16:56.096+0000] {processor.py:161} INFO - Started process (PID=1912) to work on /opt/airflow/dags/json_dag.py
[2026-09-16T20:16:56.099+0000] {processor.py:830} INFO - Processing file /opt/airflow/dags/json_dag.py for tasks to queue
[2026-09-16T20:16:56.103+0000] {logging_mixin.py:188} INFO - [2026-09-16T20:16:56.103+0000] {dagbag.py:545} INFO - Filling up the DagBag from /opt/airflow/dags/json_dag.py
[2026-09-16T20:16:56.565+0000] {processor.py:840} INFO - DAG(s) 'json_dag' retrieved from /opt/airflow/dags/json_dag.py
[2026-09-16T20:16:56.727+0000] {logging_mixin.py:188} INFO - [2026-09-16T20:16:56.727+0000] {dag.py:3096} INFO - Sync 1 DAGs
[2026-09-16T20:16:56.747+0000] {logging_mixin.py:188} INFO - [2026-09-16T20:16:56.746+0000] {dag.py:3954} INFO - Setting next_dagrun for json_dag to 2026-09-16 08:59:00+00:00, run_after=2026-09-17 08:00:00+00:00
[2026-09-16T20:16:56.771+0000] {processor.py:183} INFO - Processing /opt/airflow/dags/json_dag.py took 0.688 seconds
[2026-09-16T20:17:27.564+0000] {processor.py:161} INFO - Started process (PID=1921) to work on /opt/airflow/dags/json_dag.py
[2026-09-16T20:17:27.566+0000] {processor.py:830} INFO - Processing file /opt/airflow/dags/json_dag.py for tasks to queue
[2026-09-16T20:17:27.568+0000] {logging_mixin.py:188} INFO - [2026-09-16T20:17:27.568+0000] {dagbag.py:545} INFO - Filling up the DagBag from /opt/airflow/dags/json_dag.py
[2026-09-16T20:17:28.154+0000] {processor.py:840} INFO - DAG(s) 'json_dag' retrieved from /opt/airflow/dags/json_dag.py
[2026-09-16T20:17:28.172+0000] {logging_mixin.py:188} INFO - [2026-09-16T20:17:28.172+0000] {dag.py:3096} INFO - Sync 1 DAGs
[2026-09-16T20:17:28.195+0000] {logging_mixin.py:188} INFO - [2026-09-16T20:17:28.195+0000] {dag.py:3954} INFO - Setting next_dagrun for json_dag to 2026-09-16 08:59:00+00:00, run_after=2026-09-17 08:00:00+00:00
[2026-09-16T20:17:28.221+0000] {processor.py:183} INFO - Processing /opt/airflow/dags/json_dag.py took 0.664 seconds
[2026-09-16T20:17:58.885+0000] {processor.py:161} INFO - Started process (PID=1930) to work on /opt/airflow/dags/json_dag.py
[2026-09-16T20:17:58.887+0000] {processor.py:830} INFO - Processing file /opt/airflow/dags/json_dag.py for tasks to queue
[2026-09-16T20:17:58.889+0000] {logging_mixin.py:188} INFO - [2026-09-16T20:17:58.889+0000] {dagbag.py:545} INFO - Filling up the DagBag from /opt/airflow/dags/json_dag.py
[2026-09-16T20:17:59.326+0000] {processor.py:840} INFO - DAG(s) 'json_dag' retrieved from /opt/airflow/dags/json_dag.py
[2026-09-16T20:17:59.347+0000] {logging_mixin.py:188} INFO - [2026-09-16T20:17:59.347+0000] {dag.py:3096} INFO - Sync 1 DAGs
[2026-09-16T20:17:59.367+0000] {logging_mixin.py:188} INFO - [2026-09-16T20:17:59.367+0000] {dag.py:3954} INFO - Setting next_dagrun for json_dag to 2026-09-16 08:59:00+00:00, run_after=2026-09-17 08:00:00+00:00
[2026-09-16T20:17:59.524+0000] {processor.py:183} INFO - Processing /opt/airflow/dags/json_dag.py took 0.647 seconds
[2026-09-16T20:18:30.333+0000] {processor.py:161} INFO - Started process (PID=1940) to work on /opt/airflow/dags/json_dag.py
[2026-09-16T20:18:30.335+0000] {processor.py:830} INFO - Processing file /opt/airflow/dags/json_dag.py for tasks to queue
[2026-09-16T20:18:30.337+0000] {logging_mixin.py:188} INFO - [2026-09-16T20:18:30.337+0000] {dagbag.py:545} INFO - Filling up the DagBag from /opt/airflow/dags/json_dag.py
[2026-09-16T20:18:30.832+0000] {processor.py:840} INFO - DAG(s) 'json_dag' retrieved from /opt/airflow/dags/json_dag.py
[2026-09-16T20:18:30.853+0000] {logging_mixin.py:188} INFO - [2026-09-16T20:18:30.852+0000] {dag.py:3096} INFO - Sync 1 DAGs
[2026-09-16T20:18:31.003+0000] {logging_mixin.py:188} INFO - [2026-09-16T20:18:31.003+0000] {dag.py:3954} INFO - Setting next_dagrun for json_dag to 2026-09-16 08:59:00+00:00, run_after=2026-09-17 08:00:00+00:00
[2026-09-16T20:18:31.032+0000] {processor.py:183} INFO - Processing /opt/airflow/dags/json_dag.py took 0.710 seconds
[2026-09-16T20:19:01.806+0000] {processor.py:161} INFO - Started process (PID=1949) to work on /opt/airflow/dags/json_dag.py
[2026-09-16T20:19:01.808+0000] {processor.py:830} INFO - Processing file /opt/airflow/dags/json_dag.py for tasks to queue
[2026-09-16T20:19:01.812+0000] {logging_mixin.py:188} INFO - [2026-09-16T20:19:01.812+0000] {dagbag.py:545} INFO - Filling up the DagBag from /opt/airflow/dags/json_dag.py
[2026-09-16T20:19:02.409+0000] {processor.py:840} INFO - DAG(s) 'json_dag' retrieved from /opt/airflow/dags/json_dag.py
[2026-09-16T20:19:02.443+0000] {logging_mixin.py:188} INFO - [2026-09-16T20:19:02.442+0000] {dag.py:3096} INFO - Sync 1 DAGs
[2026-09-16T20:19:02.640+0000] {logging_mixin.py:188} INFO - [2026-09-16T20:19:02.640+0000] {dag.py:3954} INFO - Setting next_dagrun for json_dag to 2026-09-16 08:59:00+00:00, run_after=2026-09-17 08:00:00+00:00
[2026-09-16T20:19:02.665+0000] {processor.py:183} INFO - Processing /opt/airflow/dags/json_dag.py took 0.870 seconds
[2026-09-16T20:19:33.029+0000] {processor.py:161} INFO - Started process (PID=1958) to work on /opt/airflow/dags/json_dag.py
[2026-09-16T20:19:33.031+0000] {processor.py:830} INFO - Processing file /opt/airflow/dags/json_dag.py for tasks to queue
[2026-09-16T20:19:33.033+0000] {logging_mixin.py:188} INFO - [2026-09-16T20:19:33.032+0000] {dagbag.py:545} INFO - Filling up the DagBag from /opt/airflow/dags/json_dag.py
[2026-09-16T20:19:33.514+0000] {processor.py:840} INFO - DAG(s) 'json_dag' retrieved from /opt/airflow/dags/json_dag.py
[2026-09-16T20:19:33.545+0000] {logging_mixin.py:188} INFO - [2026-09-16T20:19:33.544+0000] {dag.py:3096} INFO - Sync 1 DAGs
[2026-09-16T20:19:33.748+0000] {logging_mixin.py:188} INFO - [2026-09-16T20:19:33.747+0000] {dag.py:3954} INFO - Setting next_dagrun for json_dag to 2026-09-16 08:59:00+00:00, run_after=2026-09-17 08:00:00+00:00
[2026-09-16T20:19:33.770+0000] {processor.py:183} INFO - Processing /opt/airflow/dags/json_dag.py took 0.747 seconds
[2026-09-16T20:20:04.400+0000] {processor.py:161} INFO - Started process (PID=1967) to work on /opt/airflow/dags/json_dag.py
[2026-09-16T20:20:04.401+0000] {processor.py:830} INFO - Processing file /opt/airflow/dags/json_dag.py for tasks to queue
[2026-09-16T20:20:04.403+0000] {logging_mixin.py:188} INFO - [2026-09-16T20:20:04.403+0000] {dagbag.py:545} INFO - Filling up the DagBag from /opt/airflow/dags/json_dag.py
[2026-09-16T20:20:04.927+0000] {processor.py:840} INFO - DAG(s) 'json_dag' retrieved from /opt/airflow/dags/json_dag.py
[2026-09-16T20:20:04.943+0000] {logging_mixin.py:188} INFO - [2026-09-16T20:20:04.943+0000] {dag.py:3096} INFO - Sync 1 DAGs
[2026-09-16T20:20:04.960+0000] {logging_mixin.py:188} INFO - [2026-09-16T20:20:04.960+0000] {dag.py:3954} INFO - Setting next_dagrun for json_dag to 2026-09-16 08:59:00+00:00, run_after=2026-09-17 08:00:00+00:00
[2026-09-16T20:20:04.983+0000] {processor.py:183} INFO - Processing /opt/airflow/dags/json_dag.py took 0.589 seconds
[2026-09-16T20:20:35.779+0000] {processor.py:161} INFO - Started process (PID=1976) to work on /opt/airflow/dags/json_dag.py
[2026-09-16T20:20:35.780+0000] {processor.py:830} INFO - Processing file /opt/airflow/dags/json_dag.py for tasks to queue
[2026-09-16T20:20:35.783+0000] {logging_mixin.py:188} INFO - [2026-09-16T20:20:35.782+0000] {dagbag.py:545} INFO - Filling up the DagBag from /opt/airflow/dags/json_dag.py
[2026-09-16T20:20:36.400+0000] {processor.py:840} INFO - DAG(s) 'json_dag' retrieved from /opt/airflow/dags/json_dag.py
[2026-09-16T20:20:36.419+0000] {logging_mixin.py:188} INFO - [2026-09-16T20:20:36.418+0000] {dag.py:3096} INFO - Sync 1 DAGs
[2026-09-16T20:20:36.439+0000] {logging_mixin.py:188} INFO - [2026-09-16T20:20:36.439+0000] {dag.py:3954} INFO - Setting next_dagrun for json_dag to 2026-09-16 08:59:00+00:00, run_after=2026-09-17 08:00:00+00:00
[2026-09-16T20:20:36.459+0000] {processor.py:183} INFO - Processing /opt/airflow/dags/json_dag.py took 0.688 seconds
[2026-09-16T20:21:07.171+0000] {processor.py:161} INFO - Started process (PID=1985) to work on /opt/airflow/dags/json_dag.py
[2026-09-16T20:21:07.172+0000] {processor.py:830} INFO - Processing file /opt/airflow/dags/json_dag.py for tasks to queue
[2026-09-16T20:21:07.174+0000] {logging_mixin.py:188} INFO - [2026-09-16T20:21:07.174+0000] {dagbag.py:545} INFO - Filling up the DagBag from /opt/airflow/dags/json_dag.py
[2026-09-16T20:21:07.562+0000] {processor.py:840} INFO - DAG(s) 'json_dag' retrieved from /opt/airflow/dags/json_dag.py
[2026-09-16T20:21:07.584+0000] {logging_mixin.py:188} INFO - [2026-09-16T20:21:07.584+0000] {dag.py:3096} INFO - Sync 1 DAGs
[2026-09-16T20:21:07.605+0000] {logging_mixin.py:188} INFO - [2026-09-16T20:21:07.604+0000] {dag.py:3954} INFO - Setting next_dagrun for json_dag to 2026-09-16 08:59:00+00:00, run_after=2026-09-17 08:00:00+00:00
[2026-09-16T20:21:07.757+0000] {processor.py:183} INFO - Processing /opt/airflow/dags/json_dag.py took 0.592 seconds
[2026-09-16T20:21:38.574+0000] {processor.py:161} INFO - Started process (PID=1994) to work on /opt/airflow/dags/json_dag.py
[2026-09-16T20:21:38.576+0000] {processor.py:830} INFO - Processing file /opt/airflow/dags/json_dag.py for tasks to queue
[2026-09-16T20:21:38.578+0000] {logging_mixin.py:188} INFO - [2026-09-16T20:21:38.578+0000] {dagbag.py:545} INFO - Filling up the DagBag from /opt/airflow/dags/json_dag.py
[2026-09-16T20:21:38.973+0000] {processor.py:840} INFO - DAG(s) 'json_dag' retrieved from /opt/airflow/dags/json_dag.py
[2026-09-16T20:21:38.994+0000] {logging_mixin.py:188} INFO - [2026-09-16T20:21:38.994+0000] {dag.py:3096} INFO - Sync 1 DAGs
[2026-09-16T20:21:39.143+0000] {logging_mixin.py:188} INFO - [2026-09-16T20:21:39.143+0000] {dag.py:3954} INFO - Setting next_dagrun for json_dag to 2026-09-16 08:59:00+00:00, run_after=2026-09-17 08:00:00+00:00
[2026-09-16T20:21:39.163+0000] {processor.py:183} INFO - Processing /opt/airflow/dags/json_dag.py took 0.597 seconds
[2026-09-16T20:22:09.944+0000] {processor.py:161} INFO - Started process (PID=2003) to work on /opt/airflow/dags/json_dag.py
[2026-09-16T20:22:09.945+0000] {processor.py:830} INFO - Processing file /opt/airflow/dags/json_dag.py for tasks to queue
[2026-09-16T20:22:09.947+0000] {logging_mixin.py:188} INFO - [2026-09-16T20:22:09.946+0000] {dagbag.py:545} INFO - Filling up the DagBag from /opt/airflow/dags/json_dag.py
[2026-09-16T20:22:10.325+0000] {processor.py:840} INFO - DAG(s) 'json_dag' retrieved from /opt/airflow/dags/json_dag.py
[2026-09-16T20:22:10.347+0000] {logging_mixin.py:188} INFO - [2026-09-16T20:22:10.347+0000] {dag.py:3096} INFO - Sync 1 DAGs
[2026-09-16T20:22:10.505+0000] {logging_mixin.py:188} INFO - [2026-09-16T20:22:10.505+0000] {dag.py:3954} INFO - Setting next_dagrun for json_dag to 2026-09-16 08:59:00+00:00, run_after=2026-09-17 08:00:00+00:00
[2026-09-16T20:22:10.525+0000] {processor.py:183} INFO - Processing /opt/airflow/dags/json_dag.py took 0.587 seconds
[2026-09-16T20:22:41.339+0000] {processor.py:161} INFO - Started process (PID=2012) to work on /opt/airflow/dags/json_dag.py
[2026-09-16T20:22:41.340+0000] {processor.py:830} INFO - Processing file /opt/airflow/dags/json_dag.py for tasks to queue
[2026-09-16T20:22:41.342+0000] {logging_mixin.py:188} INFO - [2026-09-16T20:22:41.342+0000] {dagbag.py:545} INFO - Filling up the DagBag from /opt/airflow/dags/json_dag.py
[2026-09-16T20:22:41.715+0000] {processor.py:840} INFO - DAG(s) 'json_dag' retrieved from /opt/airflow/dags/json_dag.py
[2026-09-16T20:22:41.861+0000] {logging_mixin.py:188} INFO - [2026-09-16T20:22:41.860+0000] {dag.py:3096} INFO - Sync 1 DAGs
[2026-09-16T20:22:41.876+0000] {logging_mixin.py:188} INFO - [2026-09-16T20:22:41.876+0000] {dag.py:3954} INFO - Setting next_dagrun for json_dag to 2026-09-16 08:59:00+00:00, run_after=2026-09-17 08:00:00+00:00
[2026-09-16T20:22:41.895+0000] {processor.py:183} INFO - Processing /opt/airflow/dags/json_dag.py took 0.567 seconds
[2026-09-16T20:23:12.715+0000] {processor.py:161} INFO - Started process (PID=2021) to work on /opt/airflow/dags/json_dag.py
[2026-09-16T20:23:12.718+0000] {processor.py:830} INFO - Processing file /opt/airflow/dags/json_dag.py for tasks to queue
[2026-09-16T20:23:12.723+0000] {logging_mixin.py:188} INFO - [2026-09-16T20:23:12.723+0000] {dagbag.py:545} INFO - Filling up the DagBag from /opt/airflow/dags/json_dag.py
[2026-09-16T20:23:13.592+0000] {processor.py:840} INFO - DAG(s) 'json_dag' retrieved from /opt/airflow/dags/json_dag.py
[2026-09-16T20:23:13.620+0000] {logging_mixin.py:188} INFO - [2026-09-16T20:23:13.619+0000] {dag.py:3096} INFO - Sync 1 DAGs
[2026-09-16T20:23:13.647+0000] {logging_mixin.py:188} INFO - [2026-09-16T20:23:13.646+0000] {dag.py:3954} INFO - Setting next_dagrun for json_dag to 2026-09-16 08:59:00+00:00, run_after=2026-09-17 08:00:00+00:00
[2026-09-16T20:23:13.679+0000] {processor.py:183} INFO - Processing /opt/airflow/dags/json_dag.py took 0.978 seconds
[2026-09-16T20:23:44.020+0000] {processor.py:161} INFO - Started process (PID=2030) to work on /opt/airflow/dags/json_dag.py
[2026-09-16T20:23:44.022+0000] {processor.py:830} INFO - Processing file /opt/airflow/dags/json_dag.py for tasks to queue
[2026-09-16T20:23:44.025+0000] {logging_mixin.py:188} INFO - [2026-09-16T20:23:44.025+0000] {dagbag.py:545} INFO - Filling up the DagBag from /opt/airflow/dags/json_dag.py
[2026-09-16T20:23:44.873+0000] {processor.py:840} INFO - DAG(s) 'json_dag' retrieved from /opt/airflow/dags/json_dag.py
[2026-09-16T20:23:44.911+0000] {logging_mixin.py:188} INFO - [2026-09-16T20:23:44.910+0000] {dag.py:3096} INFO - Sync 1 DAGs
[2026-09-16T20:23:44.951+0000] {logging_mixin.py:188} INFO - [2026-09-16T20:23:44.951+0000] {dag.py:3954} INFO - Setting next_dagrun for json_dag to 2026-09-16 08:59:00+00:00, run_after=2026-09-17 08:00:00+00:00
[2026-09-16T20:23:44.992+0000] {processor.py:183} INFO - Processing /opt/airflow/dags/json_dag.py took 0.984 seconds
[2026-09-16T20:24:15.369+0000] {processor.py:161} INFO - Started process (PID=2039) to work on /opt/airflow/dags/json_dag.py
[2026-09-16T20:24:15.371+0000] {processor.py:830} INFO - Processing file /opt/airflow/dags/json_dag.py for tasks to queue
[2026-09-16T20:24:15.374+0000] {logging_mixin.py:188} INFO - [2026-09-16T20:24:15.373+0000] {dagbag.py:545} INFO - Filling up the DagBag from /opt/airflow/dags/json_dag.py
[2026-09-16T20:24:16.391+0000] {processor.py:840} INFO - DAG(s) 'json_dag' retrieved from /opt/airflow/dags/json_dag.py
[2026-09-16T20:24:16.433+0000] {logging_mixin.py:188} INFO - [2026-09-16T20:24:16.433+0000] {dag.py:3096} INFO - Sync 1 DAGs
[2026-09-16T20:24:16.699+0000] {logging_mixin.py:188} INFO - [2026-09-16T20:24:16.698+0000] {dag.py:3954} INFO - Setting next_dagrun for json_dag to 2026-09-16 08:59:00+00:00, run_after=2026-09-17 08:00:00+00:00
[2026-09-16T20:24:16.731+0000] {processor.py:183} INFO - Processing /opt/airflow/dags/json_dag.py took 1.372 seconds
[2026-09-16T20:24:46.810+0000] {processor.py:161} INFO - Started process (PID=2048) to work on /opt/airflow/dags/json_dag.py
[2026-09-16T20:24:46.812+0000] {processor.py:830} INFO - Processing file /opt/airflow/dags/json_dag.py for tasks to queue
[2026-09-16T20:24:46.814+0000] {logging_mixin.py:188} INFO - [2026-09-16T20:24:46.814+0000] {dagbag.py:545} INFO - Filling up the DagBag from /opt/airflow/dags/json_dag.py
[2026-09-16T20:24:47.381+0000] {processor.py:840} INFO - DAG(s) 'json_dag' retrieved from /opt/airflow/dags/json_dag.py
[2026-09-16T20:24:47.410+0000] {logging_mixin.py:188} INFO - [2026-09-16T20:24:47.410+0000] {dag.py:3096} INFO - Sync 1 DAGs
[2026-09-16T20:24:47.614+0000] {logging_mixin.py:188} INFO - [2026-09-16T20:24:47.613+0000] {dag.py:3954} INFO - Setting next_dagrun for json_dag to 2026-09-16 08:59:00+00:00, run_after=2026-09-17 08:00:00+00:00
[2026-09-16T20:24:47.640+0000] {processor.py:183} INFO - Processing /opt/airflow/dags/json_dag.py took 0.838 seconds
[2026-09-16T20:25:18.168+0000] {processor.py:161} INFO - Started process (PID=2057) to work on /opt/airflow/dags/json_dag.py
[2026-09-16T20:25:18.170+0000] {processor.py:830} INFO - Processing file /opt/airflow/dags/json_dag.py for tasks to queue
[2026-09-16T20:25:18.172+0000] {logging_mixin.py:188} INFO - [2026-09-16T20:25:18.172+0000] {dagbag.py:545} INFO - Filling up the DagBag from /opt/airflow/dags/json_dag.py
[2026-09-16T20:25:18.715+0000] {processor.py:840} INFO - DAG(s) 'json_dag' retrieved from /opt/airflow/dags/json_dag.py
[2026-09-16T20:25:18.949+0000] {logging_mixin.py:188} INFO - [2026-09-16T20:25:18.948+0000] {dag.py:3096} INFO - Sync 1 DAGs
[2026-09-16T20:25:18.980+0000] {logging_mixin.py:188} INFO - [2026-09-16T20:25:18.979+0000] {dag.py:3954} INFO - Setting next_dagrun for json_dag to 2026-09-16 08:59:00+00:00, run_after=2026-09-17 08:00:00+00:00
[2026-09-16T20:25:19.006+0000] {processor.py:183} INFO - Processing /opt/airflow/dags/json_dag.py took 0.845 seconds
[2026-09-16T20:25:49.526+0000] {processor.py:161} INFO - Started process (PID=2066) to work on /opt/airflow/dags/json_dag.py
[2026-09-16T20:25:49.528+0000] {processor.py:830} INFO - Processing file /opt/airflow/dags/json_dag.py for tasks to queue
[2026-09-16T20:25:49.531+0000] {logging_mixin.py:188} INFO - [2026-09-16T20:25:49.530+0000] {dagbag.py:545} INFO - Filling up the DagBag from /opt/airflow/dags/json_dag.py
[2026-09-16T20:25:50.230+0000] {processor.py:840} INFO - DAG(s) 'json_dag' retrieved from /opt/airflow/dags/json_dag.py
[2026-09-16T20:25:50.253+0000] {logging_mixin.py:188} INFO - [2026-09-16T20:25:50.253+0000] {dag.py:3096} INFO - Sync 1 DAGs
[2026-09-16T20:25:50.278+0000] {logging_mixin.py:188} INFO - [2026-09-16T20:25:50.277+0000] {dag.py:3954} INFO - Setting next_dagrun for json_dag to 2026-09-16 08:59:00+00:00, run_after=2026-09-17 08:00:00+00:00
[2026-09-16T20:25:50.300+0000] {processor.py:183} INFO - Processing /opt/airflow/dags/json_dag.py took 0.783 seconds
[2026-09-16T20:26:20.892+0000] {processor.py:161} INFO - Started process (PID=2075) to work on /opt/airflow/dags/json_dag.py
[2026-09-16T20:26:20.894+0000] {processor.py:830} INFO - Processing file /opt/airflow/dags/json_dag.py for tasks to queue
[2026-09-16T20:26:20.897+0000] {logging_mixin.py:188} INFO - [2026-09-16T20:26:20.897+0000] {dagbag.py:545} INFO - Filling up the DagBag from /opt/airflow/dags/json_dag.py
[2026-09-16T20:26:21.589+0000] {processor.py:840} INFO - DAG(s) 'json_dag' retrieved from /opt/airflow/dags/json_dag.py
[2026-09-16T20:26:21.616+0000] {logging_mixin.py:188} INFO - [2026-09-16T20:26:21.616+0000] {dag.py:3096} INFO - Sync 1 DAGs
[2026-09-16T20:26:21.641+0000] {logging_mixin.py:188} INFO - [2026-09-16T20:26:21.641+0000] {dag.py:3954} INFO - Setting next_dagrun for json_dag to 2026-09-16 08:59:00+00:00, run_after=2026-09-17 08:00:00+00:00
[2026-09-16T20:26:21.672+0000] {processor.py:183} INFO - Processing /opt/airflow/dags/json_dag.py took 0.789 seconds
[2026-09-16T20:26:52.311+0000] {processor.py:161} INFO - Started process (PID=2084) to work on /opt/airflow/dags/json_dag.py
[2026-09-16T20:26:52.313+0000] {processor.py:830} INFO - Processing file /opt/airflow/dags/json_dag.py for tasks to queue
[2026-09-16T20:26:52.316+0000] {logging_mixin.py:188} INFO - [2026-09-16T20:26:52.315+0000] {dagbag.py:545} INFO - Filling up the DagBag from /opt/airflow/dags/json_dag.py
[2026-09-16T20:26:53.034+0000] {processor.py:840} INFO - DAG(s) 'json_dag' retrieved from /opt/airflow/dags/json_dag.py
[2026-09-16T20:26:53.058+0000] {logging_mixin.py:188} INFO - [2026-09-16T20:26:53.057+0000] {dag.py:3096} INFO - Sync 1 DAGs
[2026-09-16T20:26:53.083+0000] {logging_mixin.py:188} INFO - [2026-09-16T20:26:53.083+0000] {dag.py:3954} INFO - Setting next_dagrun for json_dag to 2026-09-16 08:59:00+00:00, run_after=2026-09-17 08:00:00+00:00
[2026-09-16T20:26:53.111+0000] {processor.py:183} INFO - Processing /opt/airflow/dags/json_dag.py took 0.810 seconds
[2026-09-16T20:27:23.753+0000] {processor.py:161} INFO - Started process (PID=2093) to work on /opt/airflow/dags/json_dag.py
[2026-09-16T20:27:23.755+0000] {processor.py:830} INFO - Processing file /opt/airflow/dags/json_dag.py for tasks to queue
[2026-09-16T20:27:23.757+0000] {logging_mixin.py:188} INFO - [2026-09-16T20:27:23.756+0000] {dagbag.py:545} INFO - Filling up the DagBag from /opt/airflow/dags/json_dag.py
[2026-09-16T20:27:24.265+0000] {processor.py:840} INFO - DAG(s) 'json_dag' retrieved from /opt/airflow/dags/json_dag.py
[2026-09-16T20:27:24.291+0000] {logging_mixin.py:188} INFO - [2026-09-16T20:27:24.290+0000] {dag.py:3096} INFO - Sync 1 DAGs
[2026-09-16T20:27:24.537+0000] {logging_mixin.py:188} INFO - [2026-09-16T20:27:24.537+0000] {dag.py:3954} INFO - Setting next_dagrun for json_dag to 2026-09-16 08:59:00+00:00, run_after=2026-09-17 08:00:00+00:00
[2026-09-16T20:27:24.568+0000] {processor.py:183} INFO - Processing /opt/airflow/dags/json_dag.py took 0.823 seconds
[2026-09-16T20:27:55.121+0000] {processor.py:161} INFO - Started process (PID=2102) to work on /opt/airflow/dags/json_dag.py
[2026-09-16T20:27:55.122+0000] {processor.py:830} INFO - Processing file /opt/airflow/dags/json_dag.py for tasks to queue
[2026-09-16T20:27:55.125+0000] {logging_mixin.py:188} INFO - [2026-09-16T20:27:55.125+0000] {dagbag.py:545} INFO - Filling up the DagBag from /opt/airflow/dags/json_dag.py
[2026-09-16T20:27:55.715+0000] {processor.py:840} INFO - DAG(s) 'json_dag' retrieved from /opt/airflow/dags/json_dag.py
[2026-09-16T20:27:55.746+0000] {logging_mixin.py:188} INFO - [2026-09-16T20:27:55.746+0000] {dag.py:3096} INFO - Sync 1 DAGs
[2026-09-16T20:27:56.126+0000] {logging_mixin.py:188} INFO - [2026-09-16T20:27:56.126+0000] {dag.py:3954} INFO - Setting next_dagrun for json_dag to 2026-09-16 08:59:00+00:00, run_after=2026-09-17 08:00:00+00:00
[2026-09-16T20:27:56.223+0000] {processor.py:183} INFO - Processing /opt/airflow/dags/json_dag.py took 1.110 seconds
[2026-09-16T20:28:26.531+0000] {processor.py:161} INFO - Started process (PID=2117) to work on /opt/airflow/dags/json_dag.py
[2026-09-16T20:28:26.533+0000] {processor.py:830} INFO - Processing file /opt/airflow/dags/json_dag.py for tasks to queue
[2026-09-16T20:28:26.536+0000] {logging_mixin.py:188} INFO - [2026-09-16T20:28:26.536+0000] {dagbag.py:545} INFO - Filling up the DagBag from /opt/airflow/dags/json_dag.py
[2026-09-16T20:28:27.101+0000] {processor.py:840} INFO - DAG(s) 'json_dag' retrieved from /opt/airflow/dags/json_dag.py
[2026-09-16T20:28:27.309+0000] {logging_mixin.py:188} INFO - [2026-09-16T20:28:27.308+0000] {dag.py:3096} INFO - Sync 1 DAGs
[2026-09-16T20:28:27.333+0000] {logging_mixin.py:188} INFO - [2026-09-16T20:28:27.332+0000] {dag.py:3954} INFO - Setting next_dagrun for json_dag to 2026-09-16 08:59:00+00:00, run_after=2026-09-17 08:00:00+00:00
[2026-09-16T20:28:27.362+0000] {processor.py:183} INFO - Processing /opt/airflow/dags/json_dag.py took 0.841 seconds
[2026-09-16T20:28:57.891+0000] {processor.py:161} INFO - Started process (PID=2126) to work on /opt/airflow/dags/json_dag.py
[2026-09-16T20:28:57.892+0000] {processor.py:830} INFO - Processing file /opt/airflow/dags/json_dag.py for tasks to queue
[2026-09-16T20:28:57.895+0000] {logging_mixin.py:188} INFO - [2026-09-16T20:28:57.895+0000] {dagbag.py:545} INFO - Filling up the DagBag from /opt/airflow/dags/json_dag.py
[2026-09-16T20:28:58.424+0000] {processor.py:840} INFO - DAG(s) 'json_dag' retrieved from /opt/airflow/dags/json_dag.py
[2026-09-16T20:28:58.440+0000] {logging_mixin.py:188} INFO - [2026-09-16T20:28:58.440+0000] {dag.py:3096} INFO - Sync 1 DAGs
[2026-09-16T20:28:58.458+0000] {logging_mixin.py:188} INFO - [2026-09-16T20:28:58.458+0000] {dag.py:3954} INFO - Setting next_dagrun for json_dag to 2026-09-16 08:59:00+00:00, run_after=2026-09-17 08:00:00+00:00
[2026-09-16T20:28:58.478+0000] {processor.py:183} INFO - Processing /opt/airflow/dags/json_dag.py took 0.593 seconds
[2026-09-16T20:29:29.323+0000] {processor.py:161} INFO - Started process (PID=2135) to work on /opt/airflow/dags/json_dag.py
[2026-09-16T20:29:29.324+0000] {processor.py:830} INFO - Processing file /opt/airflow/dags/json_dag.py for tasks to queue
[2026-09-16T20:29:29.326+0000] {logging_mixin.py:188} INFO - [2026-09-16T20:29:29.326+0000] {dagbag.py:545} INFO - Filling up the DagBag from /opt/airflow/dags/json_dag.py
[2026-09-16T20:29:29.899+0000] {processor.py:840} INFO - DAG(s) 'json_dag' retrieved from /opt/airflow/dags/json_dag.py
[2026-09-16T20:29:29.915+0000] {logging_mixin.py:188} INFO - [2026-09-16T20:29:29.915+0000] {dag.py:3096} INFO - Sync 1 DAGs
[2026-09-16T20:29:29.937+0000] {logging_mixin.py:188} INFO - [2026-09-16T20:29:29.937+0000] {dag.py:3954} INFO - Setting next_dagrun for json_dag to 2026-09-16 08:59:00+00:00, run_after=2026-09-17 08:00:00+00:00
[2026-09-16T20:29:29.959+0000] {processor.py:183} INFO - Processing /opt/airflow/dags/json_dag.py took 0.643 seconds
[2026-09-16T20:30:00.716+0000] {processor.py:161} INFO - Started process (PID=2144) to work on /opt/airflow/dags/json_dag.py
[2026-09-16T20:30:00.717+0000] {processor.py:830} INFO - Processing file /opt/airflow/dags/json_dag.py for tasks to queue
[2026-09-16T20:30:00.719+0000] {logging_mixin.py:188} INFO - [2026-09-16T20:30:00.719+0000] {dagbag.py:545} INFO - Filling up the DagBag from /opt/airflow/dags/json_dag.py
[2026-09-16T20:30:01.120+0000] {processor.py:840} INFO - DAG(s) 'json_dag' retrieved from /opt/airflow/dags/json_dag.py
[2026-09-16T20:30:01.142+0000] {logging_mixin.py:188} INFO - [2026-09-16T20:30:01.142+0000] {dag.py:3096} INFO - Sync 1 DAGs
[2026-09-16T20:30:01.310+0000] {logging_mixin.py:188} INFO - [2026-09-16T20:30:01.309+0000] {dag.py:3954} INFO - Setting next_dagrun for json_dag to 2026-09-16 08:59:00+00:00, run_after=2026-09-17 08:00:00+00:00
[2026-09-16T20:30:01.336+0000] {processor.py:183} INFO - Processing /opt/airflow/dags/json_dag.py took 0.627 seconds
[2026-09-16T20:30:32.072+0000] {processor.py:161} INFO - Started process (PID=2154) to work on /opt/airflow/dags/json_dag.py
[2026-09-16T20:30:32.073+0000] {processor.py:830} INFO - Processing file /opt/airflow/dags/json_dag.py for tasks to queue
[2026-09-16T20:30:32.076+0000] {logging_mixin.py:188} INFO - [2026-09-16T20:30:32.075+0000] {dagbag.py:545} INFO - Filling up the DagBag from /opt/airflow/dags/json_dag.py
[2026-09-16T20:30:32.449+0000] {processor.py:840} INFO - DAG(s) 'json_dag' retrieved from /opt/airflow/dags/json_dag.py
[2026-09-16T20:30:32.470+0000] {logging_mixin.py:188} INFO - [2026-09-16T20:30:32.470+0000] {dag.py:3096} INFO - Sync 1 DAGs
[2026-09-16T20:30:32.629+0000] {logging_mixin.py:188} INFO - [2026-09-16T20:30:32.629+0000] {dag.py:3954} INFO - Setting next_dagrun for json_dag to 2026-09-16 08:59:00+00:00, run_after=2026-09-17 08:00:00+00:00
[2026-09-16T20:30:32.651+0000] {processor.py:183} INFO - Processing /opt/airflow/dags/json_dag.py took 0.586 seconds
[2026-09-16T20:31:03.469+0000] {processor.py:161} INFO - Started process (PID=2163) to work on /opt/airflow/dags/json_dag.py
[2026-09-16T20:31:03.471+0000] {processor.py:830} INFO - Processing file /opt/airflow/dags/json_dag.py for tasks to queue
[2026-09-16T20:31:03.473+0000] {logging_mixin.py:188} INFO - [2026-09-16T20:31:03.473+0000] {dagbag.py:545} INFO - Filling up the DagBag from /opt/airflow/dags/json_dag.py
[2026-09-16T20:31:03.838+0000] {processor.py:840} INFO - DAG(s) 'json_dag' retrieved from /opt/airflow/dags/json_dag.py
[2026-09-16T20:31:03.980+0000] {logging_mixin.py:188} INFO - [2026-09-16T20:31:03.980+0000] {dag.py:3096} INFO - Sync 1 DAGs
[2026-09-16T20:31:03.998+0000] {logging_mixin.py:188} INFO - [2026-09-16T20:31:03.997+0000] {dag.py:3954} INFO - Setting next_dagrun for json_dag to 2026-09-16 08:59:00+00:00, run_after=2026-09-17 08:00:00+00:00
[2026-09-16T20:31:04.019+0000] {processor.py:183} INFO - Processing /opt/airflow/dags/json_dag.py took 0.556 seconds
[2026-09-16T20:31:34.921+0000] {processor.py:161} INFO - Started process (PID=2172) to work on /opt/airflow/dags/json_dag.py
[2026-09-16T20:31:34.923+0000] {processor.py:830} INFO - Processing file /opt/airflow/dags/json_dag.py for tasks to queue
[2026-09-16T20:31:34.925+0000] {logging_mixin.py:188} INFO - [2026-09-16T20:31:34.924+0000] {dagbag.py:545} INFO - Filling up the DagBag from /opt/airflow/dags/json_dag.py
[2026-09-16T20:31:35.395+0000] {processor.py:840} INFO - DAG(s) 'json_dag' retrieved from /opt/airflow/dags/json_dag.py
[2026-09-16T20:31:35.414+0000] {logging_mixin.py:188} INFO - [2026-09-16T20:31:35.414+0000] {dag.py:3096} INFO - Sync 1 DAGs
[2026-09-16T20:31:35.431+0000] {logging_mixin.py:188} INFO - [2026-09-16T20:31:35.431+0000] {dag.py:3954} INFO - Setting next_dagrun for json_dag to 2026-09-16 08:59:00+00:00, run_after=2026-09-17 08:00:00+00:00
[2026-09-16T20:31:35.452+0000] {processor.py:183} INFO - Processing /opt/airflow/dags/json_dag.py took 0.537 seconds
[2026-09-16T20:32:06.313+0000] {processor.py:161} INFO - Started process (PID=2181) to work on /opt/airflow/dags/json_dag.py
[2026-09-16T20:32:06.314+0000] {processor.py:830} INFO - Processing file /opt/airflow/dags/json_dag.py for tasks to queue
[2026-09-16T20:32:06.316+0000] {logging_mixin.py:188} INFO - [2026-09-16T20:32:06.316+0000] {dagbag.py:545} INFO - Filling up the DagBag from /opt/airflow/dags/json_dag.py
[2026-09-16T20:32:06.813+0000] {processor.py:840} INFO - DAG(s) 'json_dag' retrieved from /opt/airflow/dags/json_dag.py
[2026-09-16T20:32:06.830+0000] {logging_mixin.py:188} INFO - [2026-09-16T20:32:06.830+0000] {dag.py:3096} INFO - Sync 1 DAGs
[2026-09-16T20:32:06.846+0000] {logging_mixin.py:188} INFO - [2026-09-16T20:32:06.846+0000] {dag.py:3954} INFO - Setting next_dagrun for json_dag to 2026-09-16 08:59:00+00:00, run_after=2026-09-17 08:00:00+00:00
[2026-09-16T20:32:06.870+0000] {processor.py:183} INFO - Processing /opt/airflow/dags/json_dag.py took 0.563 seconds
[2026-09-16T20:32:37.653+0000] {processor.py:161} INFO - Started process (PID=2190) to work on /opt/airflow/dags/json_dag.py
[2026-09-16T20:32:37.655+0000] {processor.py:830} INFO - Processing file /opt/airflow/dags/json_dag.py for tasks to queue
[2026-09-16T20:32:37.657+0000] {logging_mixin.py:188} INFO - [2026-09-16T20:32:37.656+0000] {dagbag.py:545} INFO - Filling up the DagBag from /opt/airflow/dags/json_dag.py
[2026-09-16T20:32:38.153+0000] {processor.py:840} INFO - DAG(s) 'json_dag' retrieved from /opt/airflow/dags/json_dag.py
[2026-09-16T20:32:38.170+0000] {logging_mixin.py:188} INFO - [2026-09-16T20:32:38.170+0000] {dag.py:3096} INFO - Sync 1 DAGs
[2026-09-16T20:32:38.188+0000] {logging_mixin.py:188} INFO - [2026-09-16T20:32:38.188+0000] {dag.py:3954} INFO - Setting next_dagrun for json_dag to 2026-09-16 08:59:00+00:00, run_after=2026-09-17 08:00:00+00:00
[2026-09-16T20:32:38.211+0000] {processor.py:183} INFO - Processing /opt/airflow/dags/json_dag.py took 0.564 seconds
[2026-09-16T20:33:09.001+0000] {processor.py:161} INFO - Started process (PID=2199) to work on /opt/airflow/dags/json_dag.py
[2026-09-16T20:33:09.002+0000] {processor.py:830} INFO - Processing file /opt/airflow/dags/json_dag.py for tasks to queue
[2026-09-16T20:33:09.004+0000] {logging_mixin.py:188} INFO - [2026-09-16T20:33:09.003+0000] {dagbag.py:545} INFO - Filling up the DagBag from /opt/airflow/dags/json_dag.py
[2026-09-16T20:33:09.370+0000] {processor.py:840} INFO - DAG(s) 'json_dag' retrieved from /opt/airflow/dags/json_dag.py
[2026-09-16T20:33:09.391+0000] {logging_mixin.py:188} INFO - [2026-09-16T20:33:09.391+0000] {dag.py:3096} INFO - Sync 1 DAGs
[2026-09-16T20:33:09.538+0000] {logging_mixin.py:188} INFO - [2026-09-16T20:33:09.538+0000] {dag.py:3954} INFO - Setting next_dagrun for json_dag to 2026-09-16 08:59:00+00:00, run_after=2026-09-17 08:00:00+00:00
[2026-09-16T20:33:09.557+0000] {processor.py:183} INFO - Processing /opt/airflow/dags/json_dag.py took 0.563 seconds
[2026-09-16T20:33:40.407+0000] {processor.py:161} INFO - Started process (PID=2208) to work on /opt/airflow/dags/json_dag.py
[2026-09-16T20:33:40.408+0000] {processor.py:830} INFO - Processing file /opt/airflow/dags/json_dag.py for tasks to queue
[2026-09-16T20:33:40.411+0000] {logging_mixin.py:188} INFO - [2026-09-16T20:33:40.410+0000] {dagbag.py:545} INFO - Filling up the DagBag from /opt/airflow/dags/json_dag.py
[2026-09-16T20:33:40.790+0000] {processor.py:840} INFO - DAG(s) 'json_dag' retrieved from /opt/airflow/dags/json_dag.py
[2026-09-16T20:33:40.811+0000] {logging_mixin.py:188} INFO - [2026-09-16T20:33:40.811+0000] {dag.py:3096} INFO - Sync 1 DAGs
[2026-09-16T20:33:40.948+0000] {logging_mixin.py:188} INFO - [2026-09-16T20:33:40.948+0000] {dag.py:3954} INFO - Setting next_dagrun for json_dag to 2026-09-16 08:59:00+00:00, run_after=2026-09-17 08:00:00+00:00
[2026-09-16T20:33:40.970+0000] {processor.py:183} INFO - Processing /opt/airflow/dags/json_dag.py took 0.569 seconds
[2026-09-16T20:34:11.817+0000] {processor.py:161} INFO - Started process (PID=2218) to work on /opt/airflow/dags/json_dag.py
[2026-09-16T20:34:11.820+0000] {processor.py:830} INFO - Processing file /opt/airflow/dags/json_dag.py for tasks to queue
[2026-09-16T20:34:11.824+0000] {logging_mixin.py:188} INFO - [2026-09-16T20:34:11.823+0000] {dagbag.py:545} INFO - Filling up the DagBag from /opt/airflow/dags/json_dag.py
[2026-09-16T20:34:12.372+0000] {processor.py:840} INFO - DAG(s) 'json_dag' retrieved from /opt/airflow/dags/json_dag.py
[2026-09-16T20:34:12.389+0000] {logging_mixin.py:188} INFO - [2026-09-16T20:34:12.388+0000] {dag.py:3096} INFO - Sync 1 DAGs
[2026-09-16T20:34:12.406+0000] {logging_mixin.py:188} INFO - [2026-09-16T20:34:12.405+0000] {dag.py:3954} INFO - Setting next_dagrun for json_dag to 2026-09-16 08:59:00+00:00, run_after=2026-09-17 08:00:00+00:00
[2026-09-16T20:34:12.425+0000] {processor.py:183} INFO - Processing /opt/airflow/dags/json_dag.py took 0.619 seconds
[2026-09-16T20:34:43.285+0000] {processor.py:161} INFO - Started process (PID=2227) to work on /opt/airflow/dags/json_dag.py
[2026-09-16T20:34:43.286+0000] {processor.py:830} INFO - Processing file /opt/airflow/dags/json_dag.py for tasks to queue
[2026-09-16T20:34:43.287+0000] {logging_mixin.py:188} INFO - [2026-09-16T20:34:43.287+0000] {dagbag.py:545} INFO - Filling up the DagBag from /opt/airflow/dags/json_dag.py
[2026-09-16T20:34:43.811+0000] {processor.py:840} INFO - DAG(s) 'json_dag' retrieved from /opt/airflow/dags/json_dag.py
[2026-09-16T20:34:43.827+0000] {logging_mixin.py:188} INFO - [2026-09-16T20:34:43.827+0000] {dag.py:3096} INFO - Sync 1 DAGs
[2026-09-16T20:34:43.844+0000] {logging_mixin.py:188} INFO - [2026-09-16T20:34:43.844+0000] {dag.py:3954} INFO - Setting next_dagrun for json_dag to 2026-09-16 08:59:00+00:00, run_after=2026-09-17 08:00:00+00:00
[2026-09-16T20:34:43.864+0000] {processor.py:183} INFO - Processing /opt/airflow/dags/json_dag.py took 0.586 seconds
[2026-09-16T20:35:14.693+0000] {processor.py:161} INFO - Started process (PID=2236) to work on /opt/airflow/dags/json_dag.py
[2026-09-16T20:35:14.694+0000] {processor.py:830} INFO - Processing file /opt/airflow/dags/json_dag.py for tasks to queue
[2026-09-16T20:35:14.697+0000] {logging_mixin.py:188} INFO - [2026-09-16T20:35:14.696+0000] {dagbag.py:545} INFO - Filling up the DagBag from /opt/airflow/dags/json_dag.py
[2026-09-16T20:35:15.211+0000] {processor.py:840} INFO - DAG(s) 'json_dag' retrieved from /opt/airflow/dags/json_dag.py
[2026-09-16T20:35:15.229+0000] {logging_mixin.py:188} INFO - [2026-09-16T20:35:15.229+0000] {dag.py:3096} INFO - Sync 1 DAGs
[2026-09-16T20:35:15.246+0000] {logging_mixin.py:188} INFO - [2026-09-16T20:35:15.246+0000] {dag.py:3954} INFO - Setting next_dagrun for json_dag to 2026-09-16 08:59:00+00:00, run_after=2026-09-17 08:00:00+00:00
[2026-09-16T20:35:15.269+0000] {processor.py:183} INFO - Processing /opt/airflow/dags/json_dag.py took 0.585 seconds
[2026-09-16T20:35:46.168+0000] {processor.py:161} INFO - Started process (PID=2245) to work on /opt/airflow/dags/json_dag.py
[2026-09-16T20:35:46.170+0000] {processor.py:830} INFO - Processing file /opt/airflow/dags/json_dag.py for tasks to queue
[2026-09-16T20:35:46.173+0000] {logging_mixin.py:188} INFO - [2026-09-16T20:35:46.172+0000] {dagbag.py:545} INFO - Filling up the DagBag from /opt/airflow/dags/json_dag.py
[2026-09-16T20:35:46.856+0000] {processor.py:840} INFO - DAG(s) 'json_dag' retrieved from /opt/airflow/dags/json_dag.py
[2026-09-16T20:35:46.877+0000] {logging_mixin.py:188} INFO - [2026-09-16T20:35:46.877+0000] {dag.py:3096} INFO - Sync 1 DAGs
[2026-09-16T20:35:46.898+0000] {logging_mixin.py:188} INFO - [2026-09-16T20:35:46.898+0000] {dag.py:3954} INFO - Setting next_dagrun for json_dag to 2026-09-16 08:59:00+00:00, run_after=2026-09-17 08:00:00+00:00
[2026-09-16T20:35:46.916+0000] {processor.py:183} INFO - Processing /opt/airflow/dags/json_dag.py took 0.758 seconds
[2026-09-16T20:36:17.611+0000] {processor.py:161} INFO - Started process (PID=2254) to work on /opt/airflow/dags/json_dag.py
[2026-09-16T20:36:17.613+0000] {processor.py:830} INFO - Processing file /opt/airflow/dags/json_dag.py for tasks to queue
[2026-09-16T20:36:17.617+0000] {logging_mixin.py:188} INFO - [2026-09-16T20:36:17.616+0000] {dagbag.py:545} INFO - Filling up the DagBag from /opt/airflow/dags/json_dag.py
[2026-09-16T20:36:18.109+0000] {processor.py:840} INFO - DAG(s) 'json_dag' retrieved from /opt/airflow/dags/json_dag.py
[2026-09-16T20:36:18.135+0000] {logging_mixin.py:188} INFO - [2026-09-16T20:36:18.135+0000] {dag.py:3096} INFO - Sync 1 DAGs
[2026-09-16T20:36:18.322+0000] {logging_mixin.py:188} INFO - [2026-09-16T20:36:18.321+0000] {dag.py:3954} INFO - Setting next_dagrun for json_dag to 2026-09-16 08:59:00+00:00, run_after=2026-09-17 08:00:00+00:00
[2026-09-16T20:36:18.351+0000] {processor.py:183} INFO - Processing /opt/airflow/dags/json_dag.py took 0.750 seconds
[2026-09-16T20:36:48.995+0000] {processor.py:161} INFO - Started process (PID=2263) to work on /opt/airflow/dags/json_dag.py
[2026-09-16T20:36:48.997+0000] {processor.py:830} INFO - Processing file /opt/airflow/dags/json_dag.py for tasks to queue
[2026-09-16T20:36:48.998+0000] {logging_mixin.py:188} INFO - [2026-09-16T20:36:48.998+0000] {dagbag.py:545} INFO - Filling up the DagBag from /opt/airflow/dags/json_dag.py
[2026-09-16T20:36:49.404+0000] {processor.py:840} INFO - DAG(s) 'json_dag' retrieved from /opt/airflow/dags/json_dag.py
[2026-09-16T20:36:49.618+0000] {logging_mixin.py:188} INFO - [2026-09-16T20:36:49.618+0000] {dag.py:3096} INFO - Sync 1 DAGs
[2026-09-16T20:36:49.641+0000] {logging_mixin.py:188} INFO - [2026-09-16T20:36:49.641+0000] {dag.py:3954} INFO - Setting next_dagrun for json_dag to 2026-09-16 08:59:00+00:00, run_after=2026-09-17 08:00:00+00:00
[2026-09-16T20:36:49.664+0000] {processor.py:183} INFO - Processing /opt/airflow/dags/json_dag.py took 0.675 seconds
[2026-09-16T20:37:20.441+0000] {processor.py:161} INFO - Started process (PID=2272) to work on /opt/airflow/dags/json_dag.py
[2026-09-16T20:37:20.442+0000] {processor.py:830} INFO - Processing file /opt/airflow/dags/json_dag.py for tasks to queue
[2026-09-16T20:37:20.444+0000] {logging_mixin.py:188} INFO - [2026-09-16T20:37:20.443+0000] {dagbag.py:545} INFO - Filling up the DagBag from /opt/airflow/dags/json_dag.py
[2026-09-16T20:37:20.939+0000] {processor.py:840} INFO - DAG(s) 'json_dag' retrieved from /opt/airflow/dags/json_dag.py
[2026-09-16T20:37:20.956+0000] {logging_mixin.py:188} INFO - [2026-09-16T20:37:20.955+0000] {dag.py:3096} INFO - Sync 1 DAGs
[2026-09-16T20:37:20.972+0000] {logging_mixin.py:188} INFO - [2026-09-16T20:37:20.972+0000] {dag.py:3954} INFO - Setting next_dagrun for json_dag to 2026-09-16 08:59:00+00:00, run_after=2026-09-17 08:00:00+00:00
[2026-09-16T20:37:20.994+0000] {processor.py:183} INFO - Processing /opt/airflow/dags/json_dag.py took 0.559 seconds
[2026-09-16T20:37:51.881+0000] {processor.py:161} INFO - Started process (PID=2281) to work on /opt/airflow/dags/json_dag.py
[2026-09-16T20:37:51.882+0000] {processor.py:830} INFO - Processing file /opt/airflow/dags/json_dag.py for tasks to queue
[2026-09-16T20:37:51.884+0000] {logging_mixin.py:188} INFO - [2026-09-16T20:37:51.884+0000] {dagbag.py:545} INFO - Filling up the DagBag from /opt/airflow/dags/json_dag.py
[2026-09-16T20:37:52.387+0000] {processor.py:840} INFO - DAG(s) 'json_dag' retrieved from /opt/airflow/dags/json_dag.py
[2026-09-16T20:37:52.404+0000] {logging_mixin.py:188} INFO - [2026-09-16T20:37:52.404+0000] {dag.py:3096} INFO - Sync 1 DAGs
[2026-09-16T20:37:52.421+0000] {logging_mixin.py:188} INFO - [2026-09-16T20:37:52.421+0000] {dag.py:3954} INFO - Setting next_dagrun for json_dag to 2026-09-16 08:59:00+00:00, run_after=2026-09-17 08:00:00+00:00
[2026-09-16T20:37:52.444+0000] {processor.py:183} INFO - Processing /opt/airflow/dags/json_dag.py took 0.568 seconds
[2026-09-16T20:38:23.215+0000] {processor.py:161} INFO - Started process (PID=2290) to work on /opt/airflow/dags/json_dag.py
[2026-09-16T20:38:23.216+0000] {processor.py:830} INFO - Processing file /opt/airflow/dags/json_dag.py for tasks to queue
[2026-09-16T20:38:23.219+0000] {logging_mixin.py:188} INFO - [2026-09-16T20:38:23.219+0000] {dagbag.py:545} INFO - Filling up the DagBag from /opt/airflow/dags/json_dag.py
[2026-09-16T20:38:23.725+0000] {processor.py:840} INFO - DAG(s) 'json_dag' retrieved from /opt/airflow/dags/json_dag.py
[2026-09-16T20:38:23.749+0000] {logging_mixin.py:188} INFO - [2026-09-16T20:38:23.748+0000] {dag.py:3096} INFO - Sync 1 DAGs
[2026-09-16T20:38:23.767+0000] {logging_mixin.py:188} INFO - [2026-09-16T20:38:23.767+0000] {dag.py:3954} INFO - Setting next_dagrun for json_dag to 2026-09-16 08:59:00+00:00, run_after=2026-09-17 08:00:00+00:00
[2026-09-16T20:38:23.786+0000] {processor.py:183} INFO - Processing /opt/airflow/dags/json_dag.py took 0.578 seconds
[2026-09-16T20:38:54.621+0000] {processor.py:161} INFO - Started process (PID=2299) to work on /opt/airflow/dags/json_dag.py
[2026-09-16T20:38:54.623+0000] {processor.py:830} INFO - Processing file /opt/airflow/dags/json_dag.py for tasks to queue
[2026-09-16T20:38:54.625+0000] {logging_mixin.py:188} INFO - [2026-09-16T20:38:54.624+0000] {dagbag.py:545} INFO - Filling up the DagBag from /opt/airflow/dags/json_dag.py
[2026-09-16T20:38:55.017+0000] {processor.py:840} INFO - DAG(s) 'json_dag' retrieved from /opt/airflow/dags/json_dag.py
[2026-09-16T20:38:55.038+0000] {logging_mixin.py:188} INFO - [2026-09-16T20:38:55.037+0000] {dag.py:3096} INFO - Sync 1 DAGs
[2026-09-16T20:38:55.175+0000] {logging_mixin.py:188} INFO - [2026-09-16T20:38:55.175+0000] {dag.py:3954} INFO - Setting next_dagrun for json_dag to 2026-09-16 08:59:00+00:00, run_after=2026-09-17 08:00:00+00:00
[2026-09-16T20:38:55.193+0000] {processor.py:183} INFO - Processing /opt/airflow/dags/json_dag.py took 0.579 seconds
[2026-09-16T20:39:26.044+0000] {processor.py:161} INFO - Started process (PID=2308) to work on /opt/airflow/dags/json_dag.py
[2026-09-16T20:39:26.045+0000] {processor.py:830} INFO - Processing file /opt/airflow/dags/json_dag.py for tasks to queue
[2026-09-16T20:39:26.048+0000] {logging_mixin.py:188} INFO - [2026-09-16T20:39:26.048+0000] {dagbag.py:545} INFO - Filling up the DagBag from /opt/airflow/dags/json_dag.py
[2026-09-16T20:39:26.431+0000] {processor.py:840} INFO - DAG(s) 'json_dag' retrieved from /opt/airflow/dags/json_dag.py
[2026-09-16T20:39:26.575+0000] {logging_mixin.py:188} INFO - [2026-09-16T20:39:26.574+0000] {dag.py:3096} INFO - Sync 1 DAGs
[2026-09-16T20:39:26.591+0000] {logging_mixin.py:188} INFO - [2026-09-16T20:39:26.591+0000] {dag.py:3954} INFO - Setting next_dagrun for json_dag to 2026-09-16 08:59:00+00:00, run_after=2026-09-17 08:00:00+00:00
[2026-09-16T20:39:26.609+0000] {processor.py:183} INFO - Processing /opt/airflow/dags/json_dag.py took 0.571 seconds
[2026-09-16T20:39:57.430+0000] {processor.py:161} INFO - Started process (PID=2323) to work on /opt/airflow/dags/json_dag.py
[2026-09-16T20:39:57.431+0000] {processor.py:830} INFO - Processing file /opt/airflow/dags/json_dag.py for tasks to queue
[2026-09-16T20:39:57.433+0000] {logging_mixin.py:188} INFO - [2026-09-16T20:39:57.432+0000] {dagbag.py:545} INFO - Filling up the DagBag from /opt/airflow/dags/json_dag.py
[2026-09-16T20:39:57.947+0000] {processor.py:840} INFO - DAG(s) 'json_dag' retrieved from /opt/airflow/dags/json_dag.py
[2026-09-16T20:39:57.965+0000] {logging_mixin.py:188} INFO - [2026-09-16T20:39:57.964+0000] {dag.py:3096} INFO - Sync 1 DAGs
[2026-09-16T20:39:57.980+0000] {logging_mixin.py:188} INFO - [2026-09-16T20:39:57.980+0000] {dag.py:3954} INFO - Setting next_dagrun for json_dag to 2026-09-16 08:59:00+00:00, run_after=2026-09-17 08:00:00+00:00
[2026-09-16T20:39:58.002+0000] {processor.py:183} INFO - Processing /opt/airflow/dags/json_dag.py took 0.579 seconds
[2026-09-16T20:40:28.828+0000] {processor.py:161} INFO - Started process (PID=2332) to work on /opt/airflow/dags/json_dag.py
[2026-09-16T20:40:28.829+0000] {processor.py:830} INFO - Processing file /opt/airflow/dags/json_dag.py for tasks to queue
[2026-09-16T20:40:28.832+0000] {logging_mixin.py:188} INFO - [2026-09-16T20:40:28.831+0000] {dagbag.py:545} INFO - Filling up the DagBag from /opt/airflow/dags/json_dag.py
[2026-09-16T20:40:29.389+0000] {processor.py:840} INFO - DAG(s) 'json_dag' retrieved from /opt/airflow/dags/json_dag.py
[2026-09-16T20:40:29.411+0000] {logging_mixin.py:188} INFO - [2026-09-16T20:40:29.411+0000] {dag.py:3096} INFO - Sync 1 DAGs
[2026-09-16T20:40:29.435+0000] {logging_mixin.py:188} INFO - [2026-09-16T20:40:29.434+0000] {dag.py:3954} INFO - Setting next_dagrun for json_dag to 2026-09-16 08:59:00+00:00, run_after=2026-09-17 08:00:00+00:00
[2026-09-16T20:40:29.461+0000] {processor.py:183} INFO - Processing /opt/airflow/dags/json_dag.py took 0.641 seconds
[2026-09-16T20:41:00.257+0000] {processor.py:161} INFO - Started process (PID=2341) to work on /opt/airflow/dags/json_dag.py
[2026-09-16T20:41:00.258+0000] {processor.py:830} INFO - Processing file /opt/airflow/dags/json_dag.py for tasks to queue
[2026-09-16T20:41:00.260+0000] {logging_mixin.py:188} INFO - [2026-09-16T20:41:00.259+0000] {dagbag.py:545} INFO - Filling up the DagBag from /opt/airflow/dags/json_dag.py
[2026-09-16T20:41:00.785+0000] {processor.py:840} INFO - DAG(s) 'json_dag' retrieved from /opt/airflow/dags/json_dag.py
[2026-09-16T20:41:00.803+0000] {logging_mixin.py:188} INFO - [2026-09-16T20:41:00.803+0000] {dag.py:3096} INFO - Sync 1 DAGs
[2026-09-16T20:41:00.820+0000] {logging_mixin.py:188} INFO - [2026-09-16T20:41:00.820+0000] {dag.py:3954} INFO - Setting next_dagrun for json_dag to 2026-09-16 08:59:00+00:00, run_after=2026-09-17 08:00:00+00:00
[2026-09-16T20:41:00.840+0000] {processor.py:183} INFO - Processing /opt/airflow/dags/json_dag.py took 0.589 seconds
[2026-09-16T20:41:31.656+0000] {processor.py:161} INFO - Started process (PID=2350) to work on /opt/airflow/dags/json_dag.py
[2026-09-16T20:41:31.658+0000] {processor.py:830} INFO - Processing file /opt/airflow/dags/json_dag.py for tasks to queue
[2026-09-16T20:41:31.660+0000] {logging_mixin.py:188} INFO - [2026-09-16T20:41:31.659+0000] {dagbag.py:545} INFO - Filling up the DagBag from /opt/airflow/dags/json_dag.py
[2026-09-16T20:41:32.157+0000] {processor.py:840} INFO - DAG(s) 'json_dag' retrieved from /opt/airflow/dags/json_dag.py
[2026-09-16T20:41:32.177+0000] {logging_mixin.py:188} INFO - [2026-09-16T20:41:32.176+0000] {dag.py:3096} INFO - Sync 1 DAGs
[2026-09-16T20:41:32.200+0000] {logging_mixin.py:188} INFO - [2026-09-16T20:41:32.200+0000] {dag.py:3954} INFO - Setting next_dagrun for json_dag to 2026-09-16 08:59:00+00:00, run_after=2026-09-17 08:00:00+00:00
[2026-09-16T20:41:32.222+0000] {processor.py:183} INFO - Processing /opt/airflow/dags/json_dag.py took 0.572 seconds
[2026-09-16T20:42:03.075+0000] {processor.py:161} INFO - Started process (PID=2359) to work on /opt/airflow/dags/json_dag.py
[2026-09-16T20:42:03.076+0000] {processor.py:830} INFO - Processing file /opt/airflow/dags/json_dag.py for tasks to queue
[2026-09-16T20:42:03.078+0000] {logging_mixin.py:188} INFO - [2026-09-16T20:42:03.078+0000] {dagbag.py:545} INFO - Filling up the DagBag from /opt/airflow/dags/json_dag.py
[2026-09-16T20:42:03.438+0000] {processor.py:840} INFO - DAG(s) 'json_dag' retrieved from /opt/airflow/dags/json_dag.py
[2026-09-16T20:42:03.459+0000] {logging_mixin.py:188} INFO - [2026-09-16T20:42:03.459+0000] {dag.py:3096} INFO - Sync 1 DAGs
[2026-09-16T20:42:03.599+0000] {logging_mixin.py:188} INFO - [2026-09-16T20:42:03.599+0000] {dag.py:3954} INFO - Setting next_dagrun for json_dag to 2026-09-16 08:59:00+00:00, run_after=2026-09-17 08:00:00+00:00
[2026-09-16T20:42:03.617+0000] {processor.py:183} INFO - Processing /opt/airflow/dags/json_dag.py took 0.548 seconds
[2026-09-16T20:42:34.464+0000] {processor.py:161} INFO - Started process (PID=2368) to work on /opt/airflow/dags/json_dag.py
[2026-09-16T20:42:34.465+0000] {processor.py:830} INFO - Processing file /opt/airflow/dags/json_dag.py for tasks to queue
[2026-09-16T20:42:34.467+0000] {logging_mixin.py:188} INFO - [2026-09-16T20:42:34.466+0000] {dagbag.py:545} INFO - Filling up the DagBag from /opt/airflow/dags/json_dag.py
[2026-09-16T20:42:34.824+0000] {processor.py:840} INFO - DAG(s) 'json_dag' retrieved from /opt/airflow/dags/json_dag.py
[2026-09-16T20:42:34.962+0000] {logging_mixin.py:188} INFO - [2026-09-16T20:42:34.961+0000] {dag.py:3096} INFO - Sync 1 DAGs
[2026-09-16T20:42:34.978+0000] {logging_mixin.py:188} INFO - [2026-09-16T20:42:34.978+0000] {dag.py:3954} INFO - Setting next_dagrun for json_dag to 2026-09-16 08:59:00+00:00, run_after=2026-09-17 08:00:00+00:00
[2026-09-16T20:42:34.999+0000] {processor.py:183} INFO - Processing /opt/airflow/dags/json_dag.py took 0.542 seconds
[2026-09-16T20:43:05.845+0000] {processor.py:161} INFO - Started process (PID=2377) to work on /opt/airflow/dags/json_dag.py
[2026-09-16T20:43:05.846+0000] {processor.py:830} INFO - Processing file /opt/airflow/dags/json_dag.py for tasks to queue
[2026-09-16T20:43:05.848+0000] {logging_mixin.py:188} INFO - [2026-09-16T20:43:05.847+0000] {dagbag.py:545} INFO - Filling up the DagBag from /opt/airflow/dags/json_dag.py
[2026-09-16T20:43:06.341+0000] {processor.py:840} INFO - DAG(s) 'json_dag' retrieved from /opt/airflow/dags/json_dag.py
[2026-09-16T20:43:06.359+0000] {logging_mixin.py:188} INFO - [2026-09-16T20:43:06.358+0000] {dag.py:3096} INFO - Sync 1 DAGs
[2026-09-16T20:43:06.375+0000] {logging_mixin.py:188} INFO - [2026-09-16T20:43:06.375+0000] {dag.py:3954} INFO - Setting next_dagrun for json_dag to 2026-09-16 08:59:00+00:00, run_after=2026-09-17 08:00:00+00:00
[2026-09-16T20:43:06.393+0000] {processor.py:183} INFO - Processing /opt/airflow/dags/json_dag.py took 0.555 seconds
[2026-09-16T20:43:37.279+0000] {processor.py:161} INFO - Started process (PID=2386) to work on /opt/airflow/dags/json_dag.py
[2026-09-16T20:43:37.280+0000] {processor.py:830} INFO - Processing file /opt/airflow/dags/json_dag.py for tasks to queue
[2026-09-16T20:43:37.283+0000] {logging_mixin.py:188} INFO - [2026-09-16T20:43:37.282+0000] {dagbag.py:545} INFO - Filling up the DagBag from /opt/airflow/dags/json_dag.py
[2026-09-16T20:43:37.791+0000] {processor.py:840} INFO - DAG(s) 'json_dag' retrieved from /opt/airflow/dags/json_dag.py
[2026-09-16T20:43:37.808+0000] {logging_mixin.py:188} INFO - [2026-09-16T20:43:37.808+0000] {dag.py:3096} INFO - Sync 1 DAGs
[2026-09-16T20:43:37.825+0000] {logging_mixin.py:188} INFO - [2026-09-16T20:43:37.825+0000] {dag.py:3954} INFO - Setting next_dagrun for json_dag to 2026-09-16 08:59:00+00:00, run_after=2026-09-17 08:00:00+00:00
[2026-09-16T20:43:37.845+0000] {processor.py:183} INFO - Processing /opt/airflow/dags/json_dag.py took 0.574 seconds
[2026-09-16T20:44:08.665+0000] {processor.py:161} INFO - Started process (PID=2395) to work on /opt/airflow/dags/json_dag.py
[2026-09-16T20:44:08.667+0000] {processor.py:830} INFO - Processing file /opt/airflow/dags/json_dag.py for tasks to queue
[2026-09-16T20:44:08.669+0000] {logging_mixin.py:188} INFO - [2026-09-16T20:44:08.669+0000] {dagbag.py:545} INFO - Filling up the DagBag from /opt/airflow/dags/json_dag.py
[2026-09-16T20:44:09.219+0000] {processor.py:840} INFO - DAG(s) 'json_dag' retrieved from /opt/airflow/dags/json_dag.py
[2026-09-16T20:44:09.238+0000] {logging_mixin.py:188} INFO - [2026-09-16T20:44:09.238+0000] {dag.py:3096} INFO - Sync 1 DAGs
[2026-09-16T20:44:09.255+0000] {logging_mixin.py:188} INFO - [2026-09-16T20:44:09.255+0000] {dag.py:3954} INFO - Setting next_dagrun for json_dag to 2026-09-16 08:59:00+00:00, run_after=2026-09-17 08:00:00+00:00
[2026-09-16T20:44:09.274+0000] {processor.py:183} INFO - Processing /opt/airflow/dags/json_dag.py took 0.616 seconds
[2026-09-16T20:44:40.053+0000] {processor.py:161} INFO - Started process (PID=2404) to work on /opt/airflow/dags/json_dag.py
[2026-09-16T20:44:40.054+0000] {processor.py:830} INFO - Processing file /opt/airflow/dags/json_dag.py for tasks to queue
[2026-09-16T20:44:40.056+0000] {logging_mixin.py:188} INFO - [2026-09-16T20:44:40.056+0000] {dagbag.py:545} INFO - Filling up the DagBag from /opt/airflow/dags/json_dag.py
[2026-09-16T20:44:40.589+0000] {processor.py:840} INFO - DAG(s) 'json_dag' retrieved from /opt/airflow/dags/json_dag.py
[2026-09-16T20:44:40.607+0000] {logging_mixin.py:188} INFO - [2026-09-16T20:44:40.607+0000] {dag.py:3096} INFO - Sync 1 DAGs
[2026-09-16T20:44:40.624+0000] {logging_mixin.py:188} INFO - [2026-09-16T20:44:40.624+0000] {dag.py:3954} INFO - Setting next_dagrun for json_dag to 2026-09-16 08:59:00+00:00, run_after=2026-09-17 08:00:00+00:00
[2026-09-16T20:44:40.643+0000] {processor.py:183} INFO - Processing /opt/airflow/dags/json_dag.py took 0.599 seconds
[2026-09-16T20:45:11.436+0000] {processor.py:161} INFO - Started process (PID=2413) to work on /opt/airflow/dags/json_dag.py
[2026-09-16T20:45:11.438+0000] {processor.py:830} INFO - Processing file /opt/airflow/dags/json_dag.py for tasks to queue
[2026-09-16T20:45:11.440+0000] {logging_mixin.py:188} INFO - [2026-09-16T20:45:11.440+0000] {dagbag.py:545} INFO - Filling up the DagBag from /opt/airflow/dags/json_dag.py
[2026-09-16T20:45:11.820+0000] {processor.py:840} INFO - DAG(s) 'json_dag' retrieved from /opt/airflow/dags/json_dag.py
[2026-09-16T20:45:11.971+0000] {logging_mixin.py:188} INFO - [2026-09-16T20:45:11.970+0000] {dag.py:3096} INFO - Sync 1 DAGs
[2026-09-16T20:45:11.996+0000] {logging_mixin.py:188} INFO - [2026-09-16T20:45:11.996+0000] {dag.py:3954} INFO - Setting next_dagrun for json_dag to 2026-09-16 08:59:00+00:00, run_after=2026-09-17 08:00:00+00:00
[2026-09-16T20:45:12.021+0000] {processor.py:183} INFO - Processing /opt/airflow/dags/json_dag.py took 0.592 seconds
[2026-09-16T20:45:42.915+0000] {processor.py:161} INFO - Started process (PID=2422) to work on /opt/airflow/dags/json_dag.py
[2026-09-16T20:45:42.916+0000] {processor.py:830} INFO - Processing file /opt/airflow/dags/json_dag.py for tasks to queue
[2026-09-16T20:45:42.918+0000] {logging_mixin.py:188} INFO - [2026-09-16T20:45:42.918+0000] {dagbag.py:545} INFO - Filling up the DagBag from /opt/airflow/dags/json_dag.py
[2026-09-16T20:45:43.421+0000] {processor.py:840} INFO - DAG(s) 'json_dag' retrieved from /opt/airflow/dags/json_dag.py
[2026-09-16T20:45:43.437+0000] {logging_mixin.py:188} INFO - [2026-09-16T20:45:43.437+0000] {dag.py:3096} INFO - Sync 1 DAGs
[2026-09-16T20:45:43.457+0000] {logging_mixin.py:188} INFO - [2026-09-16T20:45:43.456+0000] {dag.py:3954} INFO - Setting next_dagrun for json_dag to 2026-09-16 08:59:00+00:00, run_after=2026-09-17 08:00:00+00:00
[2026-09-16T20:45:43.476+0000] {processor.py:183} INFO - Processing /opt/airflow/dags/json_dag.py took 0.568 seconds
[2026-09-16T20:46:14.279+0000] {processor.py:161} INFO - Started process (PID=2431) to work on /opt/airflow/dags/json_dag.py
[2026-09-16T20:46:14.280+0000] {processor.py:830} INFO - Processing file /opt/airflow/dags/json_dag.py for tasks to queue
[2026-09-16T20:46:14.282+0000] {logging_mixin.py:188} INFO - [2026-09-16T20:46:14.282+0000] {dagbag.py:545} INFO - Filling up the DagBag from /opt/airflow/dags/json_dag.py
[2026-09-16T20:46:14.818+0000] {processor.py:840} INFO - DAG(s) 'json_dag' retrieved from /opt/airflow/dags/json_dag.py
[2026-09-16T20:46:14.836+0000] {logging_mixin.py:188} INFO - [2026-09-16T20:46:14.836+0000] {dag.py:3096} INFO - Sync 1 DAGs
[2026-09-16T20:46:14.854+0000] {logging_mixin.py:188} INFO - [2026-09-16T20:46:14.854+0000] {dag.py:3954} INFO - Setting next_dagrun for json_dag to 2026-09-16 08:59:00+00:00, run_after=2026-09-17 08:00:00+00:00
[2026-09-16T20:46:14.875+0000] {processor.py:183} INFO - Processing /opt/airflow/dags/json_dag.py took 0.602 seconds
[2026-09-16T20:46:45.704+0000] {processor.py:161} INFO - Started process (PID=2440) to work on /opt/airflow/dags/json_dag.py
[2026-09-16T20:46:45.706+0000] {processor.py:830} INFO - Processing file /opt/airflow/dags/json_dag.py for tasks to queue
[2026-09-16T20:46:45.708+0000] {logging_mixin.py:188} INFO - [2026-09-16T20:46:45.708+0000] {dagbag.py:545} INFO - Filling up the DagBag from /opt/airflow/dags/json_dag.py
[2026-09-16T20:46:46.230+0000] {processor.py:840} INFO - DAG(s) 'json_dag' retrieved from /opt/airflow/dags/json_dag.py
[2026-09-16T20:46:46.249+0000] {logging_mixin.py:188} INFO - [2026-09-16T20:46:46.248+0000] {dag.py:3096} INFO - Sync 1 DAGs
[2026-09-16T20:46:46.271+0000] {logging_mixin.py:188} INFO - [2026-09-16T20:46:46.270+0000] {dag.py:3954} INFO - Setting next_dagrun for json_dag to 2026-09-16 08:59:00+00:00, run_after=2026-09-17 08:00:00+00:00
[2026-09-16T20:46:46.288+0000] {processor.py:183} INFO - Processing /opt/airflow/dags/json_dag.py took 0.591 seconds
[2026-09-16T20:47:17.026+0000] {processor.py:161} INFO - Started process (PID=2449) to work on /opt/airflow/dags/json_dag.py
[2026-09-16T20:47:17.027+0000] {processor.py:830} INFO - Processing file /opt/airflow/dags/json_dag.py for tasks to queue
[2026-09-16T20:47:17.029+0000] {logging_mixin.py:188} INFO - [2026-09-16T20:47:17.029+0000] {dagbag.py:545} INFO - Filling up the DagBag from /opt/airflow/dags/json_dag.py
[2026-09-16T20:47:17.531+0000] {processor.py:840} INFO - DAG(s) 'json_dag' retrieved from /opt/airflow/dags/json_dag.py
[2026-09-16T20:47:17.548+0000] {logging_mixin.py:188} INFO - [2026-09-16T20:47:17.547+0000] {dag.py:3096} INFO - Sync 1 DAGs
[2026-09-16T20:47:17.566+0000] {logging_mixin.py:188} INFO - [2026-09-16T20:47:17.566+0000] {dag.py:3954} INFO - Setting next_dagrun for json_dag to 2026-09-16 08:59:00+00:00, run_after=2026-09-17 08:00:00+00:00
[2026-09-16T20:47:17.587+0000] {processor.py:183} INFO - Processing /opt/airflow/dags/json_dag.py took 0.567 seconds
[2026-09-16T20:47:48.430+0000] {processor.py:161} INFO - Started process (PID=2458) to work on /opt/airflow/dags/json_dag.py
[2026-09-16T20:47:48.431+0000] {processor.py:830} INFO - Processing file /opt/airflow/dags/json_dag.py for tasks to queue
[2026-09-16T20:47:48.433+0000] {logging_mixin.py:188} INFO - [2026-09-16T20:47:48.433+0000] {dagbag.py:545} INFO - Filling up the DagBag from /opt/airflow/dags/json_dag.py
[2026-09-16T20:47:49.058+0000] {processor.py:840} INFO - DAG(s) 'json_dag' retrieved from /opt/airflow/dags/json_dag.py
[2026-09-16T20:47:49.075+0000] {logging_mixin.py:188} INFO - [2026-09-16T20:47:49.074+0000] {dag.py:3096} INFO - Sync 1 DAGs
[2026-09-16T20:47:49.093+0000] {logging_mixin.py:188} INFO - [2026-09-16T20:47:49.092+0000] {dag.py:3954} INFO - Setting next_dagrun for json_dag to 2026-09-16 08:59:00+00:00, run_after=2026-09-17 08:00:00+00:00
[2026-09-16T20:47:49.112+0000] {processor.py:183} INFO - Processing /opt/airflow/dags/json_dag.py took 0.688 seconds
[2026-09-16T20:48:19.796+0000] {processor.py:161} INFO - Started process (PID=2467) to work on /opt/airflow/dags/json_dag.py
[2026-09-16T20:48:19.798+0000] {processor.py:830} INFO - Processing file /opt/airflow/dags/json_dag.py for tasks to queue
[2026-09-16T20:48:19.800+0000] {logging_mixin.py:188} INFO - [2026-09-16T20:48:19.799+0000] {dagbag.py:545} INFO - Filling up the DagBag from /opt/airflow/dags/json_dag.py
[2026-09-16T20:48:20.295+0000] {processor.py:840} INFO - DAG(s) 'json_dag' retrieved from /opt/airflow/dags/json_dag.py
[2026-09-16T20:48:20.313+0000] {logging_mixin.py:188} INFO - [2026-09-16T20:48:20.313+0000] {dag.py:3096} INFO - Sync 1 DAGs
[2026-09-16T20:48:20.330+0000] {logging_mixin.py:188} INFO - [2026-09-16T20:48:20.330+0000] {dag.py:3954} INFO - Setting next_dagrun for json_dag to 2026-09-16 08:59:00+00:00, run_after=2026-09-17 08:00:00+00:00
[2026-09-16T20:48:20.346+0000] {processor.py:183} INFO - Processing /opt/airflow/dags/json_dag.py took 0.556 seconds
[2026-09-16T20:48:51.231+0000] {processor.py:161} INFO - Started process (PID=2476) to work on /opt/airflow/dags/json_dag.py
[2026-09-16T20:48:51.233+0000] {processor.py:830} INFO - Processing file /opt/airflow/dags/json_dag.py for tasks to queue
[2026-09-16T20:48:51.237+0000] {logging_mixin.py:188} INFO - [2026-09-16T20:48:51.236+0000] {dagbag.py:545} INFO - Filling up the DagBag from /opt/airflow/dags/json_dag.py
[2026-09-16T20:48:51.732+0000] {processor.py:840} INFO - DAG(s) 'json_dag' retrieved from /opt/airflow/dags/json_dag.py
[2026-09-16T20:48:51.748+0000] {logging_mixin.py:188} INFO - [2026-09-16T20:48:51.748+0000] {dag.py:3096} INFO - Sync 1 DAGs
[2026-09-16T20:48:51.767+0000] {logging_mixin.py:188} INFO - [2026-09-16T20:48:51.767+0000] {dag.py:3954} INFO - Setting next_dagrun for json_dag to 2026-09-16 08:59:00+00:00, run_after=2026-09-17 08:00:00+00:00
[2026-09-16T20:48:51.786+0000] {processor.py:183} INFO - Processing /opt/airflow/dags/json_dag.py took 0.565 seconds
[2026-09-16T20:49:22.615+0000] {processor.py:161} INFO - Started process (PID=2485) to work on /opt/airflow/dags/json_dag.py
[2026-09-16T20:49:22.617+0000] {processor.py:830} INFO - Processing file /opt/airflow/dags/json_dag.py for tasks to queue
[2026-09-16T20:49:22.619+0000] {logging_mixin.py:188} INFO - [2026-09-16T20:49:22.618+0000] {dagbag.py:545} INFO - Filling up the DagBag from /opt/airflow/dags/json_dag.py
[2026-09-16T20:49:23.170+0000] {processor.py:840} INFO - DAG(s) 'json_dag' retrieved from /opt/airflow/dags/json_dag.py
[2026-09-16T20:49:23.192+0000] {logging_mixin.py:188} INFO - [2026-09-16T20:49:23.191+0000] {dag.py:3096} INFO - Sync 1 DAGs
[2026-09-16T20:49:23.217+0000] {logging_mixin.py:188} INFO - [2026-09-16T20:49:23.217+0000] {dag.py:3954} INFO - Setting next_dagrun for json_dag to 2026-09-16 08:59:00+00:00, run_after=2026-09-17 08:00:00+00:00
[2026-09-16T20:49:23.237+0000] {processor.py:183} INFO - Processing /opt/airflow/dags/json_dag.py took 0.627 seconds
[2026-09-16T20:49:54.039+0000] {processor.py:161} INFO - Started process (PID=2495) to work on /opt/airflow/dags/json_dag.py
[2026-09-16T20:49:54.041+0000] {processor.py:830} INFO - Processing file /opt/airflow/dags/json_dag.py for tasks to queue
[2026-09-16T20:49:54.043+0000] {logging_mixin.py:188} INFO - [2026-09-16T20:49:54.042+0000] {dagbag.py:545} INFO - Filling up the DagBag from /opt/airflow/dags/json_dag.py
[2026-09-16T20:49:54.607+0000] {processor.py:840} INFO - DAG(s) 'json_dag' retrieved from /opt/airflow/dags/json_dag.py
[2026-09-16T20:49:54.631+0000] {logging_mixin.py:188} INFO - [2026-09-16T20:49:54.631+0000] {dag.py:3096} INFO - Sync 1 DAGs
[2026-09-16T20:49:54.652+0000] {logging_mixin.py:188} INFO - [2026-09-16T20:49:54.652+0000] {dag.py:3954} INFO - Setting next_dagrun for json_dag to 2026-09-16 08:59:00+00:00, run_after=2026-09-17 08:00:00+00:00
[2026-09-16T20:49:54.672+0000] {processor.py:183} INFO - Processing /opt/airflow/dags/json_dag.py took 0.641 seconds
[2026-09-16T20:50:25.464+0000] {processor.py:161} INFO - Started process (PID=2504) to work on /opt/airflow/dags/json_dag.py
[2026-09-16T20:50:25.465+0000] {processor.py:830} INFO - Processing file /opt/airflow/dags/json_dag.py for tasks to queue
[2026-09-16T20:50:25.467+0000] {logging_mixin.py:188} INFO - [2026-09-16T20:50:25.466+0000] {dagbag.py:545} INFO - Filling up the DagBag from /opt/airflow/dags/json_dag.py
[2026-09-16T20:50:25.984+0000] {processor.py:840} INFO - DAG(s) 'json_dag' retrieved from /opt/airflow/dags/json_dag.py
[2026-09-16T20:50:26.007+0000] {logging_mixin.py:188} INFO - [2026-09-16T20:50:26.007+0000] {dag.py:3096} INFO - Sync 1 DAGs
[2026-09-16T20:50:26.030+0000] {logging_mixin.py:188} INFO - [2026-09-16T20:50:26.030+0000] {dag.py:3954} INFO - Setting next_dagrun for json_dag to 2026-09-16 08:59:00+00:00, run_after=2026-09-17 08:00:00+00:00
[2026-09-16T20:50:26.059+0000] {processor.py:183} INFO - Processing /opt/airflow/dags/json_dag.py took 0.601 seconds
[2026-09-16T20:50:56.845+0000] {processor.py:161} INFO - Started process (PID=2513) to work on /opt/airflow/dags/json_dag.py
[2026-09-16T20:50:56.847+0000] {processor.py:830} INFO - Processing file /opt/airflow/dags/json_dag.py for tasks to queue
[2026-09-16T20:50:56.849+0000] {logging_mixin.py:188} INFO - [2026-09-16T20:50:56.849+0000] {dagbag.py:545} INFO - Filling up the DagBag from /opt/airflow/dags/json_dag.py
[2026-09-16T20:50:57.344+0000] {processor.py:840} INFO - DAG(s) 'json_dag' retrieved from /opt/airflow/dags/json_dag.py
[2026-09-16T20:50:57.365+0000] {logging_mixin.py:188} INFO - [2026-09-16T20:50:57.364+0000] {dag.py:3096} INFO - Sync 1 DAGs
[2026-09-16T20:50:57.383+0000] {logging_mixin.py:188} INFO - [2026-09-16T20:50:57.383+0000] {dag.py:3954} INFO - Setting next_dagrun for json_dag to 2026-09-16 08:59:00+00:00, run_after=2026-09-17 08:00:00+00:00
[2026-09-16T20:50:57.403+0000] {processor.py:183} INFO - Processing /opt/airflow/dags/json_dag.py took 0.565 seconds
[2026-09-16T20:51:28.219+0000] {processor.py:161} INFO - Started process (PID=2522) to work on /opt/airflow/dags/json_dag.py
[2026-09-16T20:51:28.221+0000] {processor.py:830} INFO - Processing file /opt/airflow/dags/json_dag.py for tasks to queue
[2026-09-16T20:51:28.223+0000] {logging_mixin.py:188} INFO - [2026-09-16T20:51:28.222+0000] {dagbag.py:545} INFO - Filling up the DagBag from /opt/airflow/dags/json_dag.py
[2026-09-16T20:51:28.836+0000] {processor.py:840} INFO - DAG(s) 'json_dag' retrieved from /opt/airflow/dags/json_dag.py
[2026-09-16T20:51:28.855+0000] {logging_mixin.py:188} INFO - [2026-09-16T20:51:28.854+0000] {dag.py:3096} INFO - Sync 1 DAGs
[2026-09-16T20:51:28.874+0000] {logging_mixin.py:188} INFO - [2026-09-16T20:51:28.874+0000] {dag.py:3954} INFO - Setting next_dagrun for json_dag to 2026-09-16 08:59:00+00:00, run_after=2026-09-17 08:00:00+00:00
[2026-09-16T20:51:28.899+0000] {processor.py:183} INFO - Processing /opt/airflow/dags/json_dag.py took 0.690 seconds
[2026-09-16T20:51:59.651+0000] {processor.py:161} INFO - Started process (PID=2537) to work on /opt/airflow/dags/json_dag.py
[2026-09-16T20:51:59.652+0000] {processor.py:830} INFO - Processing file /opt/airflow/dags/json_dag.py for tasks to queue
[2026-09-16T20:51:59.654+0000] {logging_mixin.py:188} INFO - [2026-09-16T20:51:59.653+0000] {dagbag.py:545} INFO - Filling up the DagBag from /opt/airflow/dags/json_dag.py
[2026-09-16T20:52:00.167+0000] {processor.py:840} INFO - DAG(s) 'json_dag' retrieved from /opt/airflow/dags/json_dag.py
[2026-09-16T20:52:00.184+0000] {logging_mixin.py:188} INFO - [2026-09-16T20:52:00.183+0000] {dag.py:3096} INFO - Sync 1 DAGs
[2026-09-16T20:52:00.200+0000] {logging_mixin.py:188} INFO - [2026-09-16T20:52:00.200+0000] {dag.py:3954} INFO - Setting next_dagrun for json_dag to 2026-09-16 08:59:00+00:00, run_after=2026-09-17 08:00:00+00:00
[2026-09-16T20:52:00.219+0000] {processor.py:183} INFO - Processing /opt/airflow/dags/json_dag.py took 0.574 seconds
[2026-09-16T20:52:31.064+0000] {processor.py:161} INFO - Started process (PID=2546) to work on /opt/airflow/dags/json_dag.py
[2026-09-16T20:52:31.066+0000] {processor.py:830} INFO - Processing file /opt/airflow/dags/json_dag.py for tasks to queue
[2026-09-16T20:52:31.069+0000] {logging_mixin.py:188} INFO - [2026-09-16T20:52:31.068+0000] {dagbag.py:545} INFO - Filling up the DagBag from /opt/airflow/dags/json_dag.py
[2026-09-16T20:52:31.587+0000] {processor.py:840} INFO - DAG(s) 'json_dag' retrieved from /opt/airflow/dags/json_dag.py
[2026-09-16T20:52:31.606+0000] {logging_mixin.py:188} INFO - [2026-09-16T20:52:31.606+0000] {dag.py:3096} INFO - Sync 1 DAGs
[2026-09-16T20:52:31.630+0000] {logging_mixin.py:188} INFO - [2026-09-16T20:52:31.629+0000] {dag.py:3954} INFO - Setting next_dagrun for json_dag to 2026-09-16 08:59:00+00:00, run_after=2026-09-17 08:00:00+00:00
[2026-09-16T20:52:31.652+0000] {processor.py:183} INFO - Processing /opt/airflow/dags/json_dag.py took 0.596 seconds
[2026-09-16T20:53:02.448+0000] {processor.py:161} INFO - Started process (PID=2555) to work on /opt/airflow/dags/json_dag.py
[2026-09-16T20:53:02.449+0000] {processor.py:830} INFO - Processing file /opt/airflow/dags/json_dag.py for tasks to queue
[2026-09-16T20:53:02.452+0000] {logging_mixin.py:188} INFO - [2026-09-16T20:53:02.451+0000] {dagbag.py:545} INFO - Filling up the DagBag from /opt/airflow/dags/json_dag.py
[2026-09-16T20:53:02.934+0000] {processor.py:840} INFO - DAG(s) 'json_dag' retrieved from /opt/airflow/dags/json_dag.py
[2026-09-16T20:53:02.952+0000] {logging_mixin.py:188} INFO - [2026-09-16T20:53:02.951+0000] {dag.py:3096} INFO - Sync 1 DAGs
[2026-09-16T20:53:02.970+0000] {logging_mixin.py:188} INFO - [2026-09-16T20:53:02.969+0000] {dag.py:3954} INFO - Setting next_dagrun for json_dag to 2026-09-16 08:59:00+00:00, run_after=2026-09-17 08:00:00+00:00
[2026-09-16T20:53:02.993+0000] {processor.py:183} INFO - Processing /opt/airflow/dags/json_dag.py took 0.551 seconds
[2026-09-16T20:53:33.874+0000] {processor.py:161} INFO - Started process (PID=2564) to work on /opt/airflow/dags/json_dag.py
[2026-09-16T20:53:33.875+0000] {processor.py:830} INFO - Processing file /opt/airflow/dags/json_dag.py for tasks to queue
[2026-09-16T20:53:33.877+0000] {logging_mixin.py:188} INFO - [2026-09-16T20:53:33.877+0000] {dagbag.py:545} INFO - Filling up the DagBag from /opt/airflow/dags/json_dag.py
[2026-09-16T20:53:34.377+0000] {processor.py:840} INFO - DAG(s) 'json_dag' retrieved from /opt/airflow/dags/json_dag.py
[2026-09-16T20:53:34.397+0000] {logging_mixin.py:188} INFO - [2026-09-16T20:53:34.396+0000] {dag.py:3096} INFO - Sync 1 DAGs
[2026-09-16T20:53:34.414+0000] {logging_mixin.py:188} INFO - [2026-09-16T20:53:34.414+0000] {dag.py:3954} INFO - Setting next_dagrun for json_dag to 2026-09-16 08:59:00+00:00, run_after=2026-09-17 08:00:00+00:00
[2026-09-16T20:53:34.433+0000] {processor.py:183} INFO - Processing /opt/airflow/dags/json_dag.py took 0.565 seconds
[2026-09-16T20:54:05.264+0000] {processor.py:161} INFO - Started process (PID=2573) to work on /opt/airflow/dags/json_dag.py
[2026-09-16T20:54:05.266+0000] {processor.py:830} INFO - Processing file /opt/airflow/dags/json_dag.py for tasks to queue
[2026-09-16T20:54:05.268+0000] {logging_mixin.py:188} INFO - [2026-09-16T20:54:05.268+0000] {dagbag.py:545} INFO - Filling up the DagBag from /opt/airflow/dags/json_dag.py
[2026-09-16T20:54:05.769+0000] {processor.py:840} INFO - DAG(s) 'json_dag' retrieved from /opt/airflow/dags/json_dag.py
[2026-09-16T20:54:05.787+0000] {logging_mixin.py:188} INFO - [2026-09-16T20:54:05.786+0000] {dag.py:3096} INFO - Sync 1 DAGs
[2026-09-16T20:54:05.803+0000] {logging_mixin.py:188} INFO - [2026-09-16T20:54:05.803+0000] {dag.py:3954} INFO - Setting next_dagrun for json_dag to 2026-09-16 08:59:00+00:00, run_after=2026-09-17 08:00:00+00:00
[2026-09-16T20:54:05.824+0000] {processor.py:183} INFO - Processing /opt/airflow/dags/json_dag.py took 0.569 seconds
[2026-09-16T20:54:36.627+0000] {processor.py:161} INFO - Started process (PID=2582) to work on /opt/airflow/dags/json_dag.py
[2026-09-16T20:54:36.628+0000] {processor.py:830} INFO - Processing file /opt/airflow/dags/json_dag.py for tasks to queue
[2026-09-16T20:54:36.630+0000] {logging_mixin.py:188} INFO - [2026-09-16T20:54:36.630+0000] {dagbag.py:545} INFO - Filling up the DagBag from /opt/airflow/dags/json_dag.py
[2026-09-16T20:54:37.147+0000] {processor.py:840} INFO - DAG(s) 'json_dag' retrieved from /opt/airflow/dags/json_dag.py
[2026-09-16T20:54:37.166+0000] {logging_mixin.py:188} INFO - [2026-09-16T20:54:37.166+0000] {dag.py:3096} INFO - Sync 1 DAGs
[2026-09-16T20:54:37.185+0000] {logging_mixin.py:188} INFO - [2026-09-16T20:54:37.185+0000] {dag.py:3954} INFO - Setting next_dagrun for json_dag to 2026-09-16 08:59:00+00:00, run_after=2026-09-17 08:00:00+00:00
[2026-09-16T20:54:37.205+0000] {processor.py:183} INFO - Processing /opt/airflow/dags/json_dag.py took 0.584 seconds
[2026-09-16T20:55:08.033+0000] {processor.py:161} INFO - Started process (PID=2591) to work on /opt/airflow/dags/json_dag.py
[2026-09-16T20:55:08.034+0000] {processor.py:830} INFO - Processing file /opt/airflow/dags/json_dag.py for tasks to queue
[2026-09-16T20:55:08.037+0000] {logging_mixin.py:188} INFO - [2026-09-16T20:55:08.037+0000] {dagbag.py:545} INFO - Filling up the DagBag from /opt/airflow/dags/json_dag.py
[2026-09-16T20:55:08.572+0000] {processor.py:840} INFO - DAG(s) 'json_dag' retrieved from /opt/airflow/dags/json_dag.py
[2026-09-16T20:55:08.593+0000] {logging_mixin.py:188} INFO - [2026-09-16T20:55:08.593+0000] {dag.py:3096} INFO - Sync 1 DAGs
[2026-09-16T20:55:08.611+0000] {logging_mixin.py:188} INFO - [2026-09-16T20:55:08.611+0000] {dag.py:3954} INFO - Setting next_dagrun for json_dag to 2026-09-16 08:59:00+00:00, run_after=2026-09-17 08:00:00+00:00
[2026-09-16T20:55:08.633+0000] {processor.py:183} INFO - Processing /opt/airflow/dags/json_dag.py took 0.606 seconds
[2026-09-16T20:55:39.470+0000] {processor.py:161} INFO - Started process (PID=2600) to work on /opt/airflow/dags/json_dag.py
[2026-09-16T20:55:39.471+0000] {processor.py:830} INFO - Processing file /opt/airflow/dags/json_dag.py for tasks to queue
[2026-09-16T20:55:39.473+0000] {logging_mixin.py:188} INFO - [2026-09-16T20:55:39.472+0000] {dagbag.py:545} INFO - Filling up the DagBag from /opt/airflow/dags/json_dag.py
[2026-09-16T20:55:39.984+0000] {processor.py:840} INFO - DAG(s) 'json_dag' retrieved from /opt/airflow/dags/json_dag.py
[2026-09-16T20:55:40.004+0000] {logging_mixin.py:188} INFO - [2026-09-16T20:55:40.004+0000] {dag.py:3096} INFO - Sync 1 DAGs
[2026-09-16T20:55:40.024+0000] {logging_mixin.py:188} INFO - [2026-09-16T20:55:40.024+0000] {dag.py:3954} INFO - Setting next_dagrun for json_dag to 2026-09-16 08:59:00+00:00, run_after=2026-09-17 08:00:00+00:00
[2026-09-16T20:55:40.042+0000] {processor.py:183} INFO - Processing /opt/airflow/dags/json_dag.py took 0.579 seconds
[2026-09-16T20:56:10.857+0000] {processor.py:161} INFO - Started process (PID=2609) to work on /opt/airflow/dags/json_dag.py
[2026-09-16T20:56:10.858+0000] {processor.py:830} INFO - Processing file /opt/airflow/dags/json_dag.py for tasks to queue
[2026-09-16T20:56:10.861+0000] {logging_mixin.py:188} INFO - [2026-09-16T20:56:10.860+0000] {dagbag.py:545} INFO - Filling up the DagBag from /opt/airflow/dags/json_dag.py
[2026-09-16T20:56:11.351+0000] {processor.py:840} INFO - DAG(s) 'json_dag' retrieved from /opt/airflow/dags/json_dag.py
[2026-09-16T20:56:11.369+0000] {logging_mixin.py:188} INFO - [2026-09-16T20:56:11.369+0000] {dag.py:3096} INFO - Sync 1 DAGs
[2026-09-16T20:56:11.387+0000] {logging_mixin.py:188} INFO - [2026-09-16T20:56:11.387+0000] {dag.py:3954} INFO - Setting next_dagrun for json_dag to 2026-09-16 08:59:00+00:00, run_after=2026-09-17 08:00:00+00:00
[2026-09-16T20:56:11.408+0000] {processor.py:183} INFO - Processing /opt/airflow/dags/json_dag.py took 0.556 seconds
[2026-09-16T20:56:42.257+0000] {processor.py:161} INFO - Started process (PID=2618) to work on /opt/airflow/dags/json_dag.py
[2026-09-16T20:56:42.259+0000] {processor.py:830} INFO - Processing file /opt/airflow/dags/json_dag.py for tasks to queue
[2026-09-16T20:56:42.261+0000] {logging_mixin.py:188} INFO - [2026-09-16T20:56:42.260+0000] {dagbag.py:545} INFO - Filling up the DagBag from /opt/airflow/dags/json_dag.py
[2026-09-16T20:56:42.761+0000] {processor.py:840} INFO - DAG(s) 'json_dag' retrieved from /opt/airflow/dags/json_dag.py
[2026-09-16T20:56:42.780+0000] {logging_mixin.py:188} INFO - [2026-09-16T20:56:42.779+0000] {dag.py:3096} INFO - Sync 1 DAGs
[2026-09-16T20:56:42.797+0000] {logging_mixin.py:188} INFO - [2026-09-16T20:56:42.797+0000] {dag.py:3954} INFO - Setting next_dagrun for json_dag to 2026-09-16 08:59:00+00:00, run_after=2026-09-17 08:00:00+00:00
[2026-09-16T20:56:42.817+0000] {processor.py:183} INFO - Processing /opt/airflow/dags/json_dag.py took 0.565 seconds
[2026-09-16T20:57:13.697+0000] {processor.py:161} INFO - Started process (PID=2627) to work on /opt/airflow/dags/json_dag.py
[2026-09-16T20:57:13.698+0000] {processor.py:830} INFO - Processing file /opt/airflow/dags/json_dag.py for tasks to queue
[2026-09-16T20:57:13.700+0000] {logging_mixin.py:188} INFO - [2026-09-16T20:57:13.700+0000] {dagbag.py:545} INFO - Filling up the DagBag from /opt/airflow/dags/json_dag.py
[2026-09-16T20:57:14.212+0000] {processor.py:840} INFO - DAG(s) 'json_dag' retrieved from /opt/airflow/dags/json_dag.py
[2026-09-16T20:57:14.232+0000] {logging_mixin.py:188} INFO - [2026-09-16T20:57:14.231+0000] {dag.py:3096} INFO - Sync 1 DAGs
[2026-09-16T20:57:14.251+0000] {logging_mixin.py:188} INFO - [2026-09-16T20:57:14.251+0000] {dag.py:3954} INFO - Setting next_dagrun for json_dag to 2026-09-16 08:59:00+00:00, run_after=2026-09-17 08:00:00+00:00
[2026-09-16T20:57:14.271+0000] {processor.py:183} INFO - Processing /opt/airflow/dags/json_dag.py took 0.580 seconds
[2026-09-16T20:57:45.186+0000] {processor.py:161} INFO - Started process (PID=2636) to work on /opt/airflow/dags/json_dag.py
[2026-09-16T20:57:45.188+0000] {processor.py:830} INFO - Processing file /opt/airflow/dags/json_dag.py for tasks to queue
[2026-09-16T20:57:45.191+0000] {logging_mixin.py:188} INFO - [2026-09-16T20:57:45.191+0000] {dagbag.py:545} INFO - Filling up the DagBag from /opt/airflow/dags/json_dag.py
[2026-09-16T20:57:46.008+0000] {processor.py:840} INFO - DAG(s) 'json_dag' retrieved from /opt/airflow/dags/json_dag.py
[2026-09-16T20:57:46.029+0000] {logging_mixin.py:188} INFO - [2026-09-16T20:57:46.029+0000] {dag.py:3096} INFO - Sync 1 DAGs
[2026-09-16T20:57:46.049+0000] {logging_mixin.py:188} INFO - [2026-09-16T20:57:46.049+0000] {dag.py:3954} INFO - Setting next_dagrun for json_dag to 2026-09-16 08:59:00+00:00, run_after=2026-09-17 08:00:00+00:00
[2026-09-16T20:57:46.078+0000] {processor.py:183} INFO - Processing /opt/airflow/dags/json_dag.py took 0.899 seconds
[2026-09-16T20:58:16.470+0000] {processor.py:161} INFO - Started process (PID=2645) to work on /opt/airflow/dags/json_dag.py
[2026-09-16T20:58:16.472+0000] {processor.py:830} INFO - Processing file /opt/airflow/dags/json_dag.py for tasks to queue
[2026-09-16T20:58:16.474+0000] {logging_mixin.py:188} INFO - [2026-09-16T20:58:16.473+0000] {dagbag.py:545} INFO - Filling up the DagBag from /opt/airflow/dags/json_dag.py
[2026-09-16T20:58:17.019+0000] {processor.py:840} INFO - DAG(s) 'json_dag' retrieved from /opt/airflow/dags/json_dag.py
[2026-09-16T20:58:17.037+0000] {logging_mixin.py:188} INFO - [2026-09-16T20:58:17.037+0000] {dag.py:3096} INFO - Sync 1 DAGs
[2026-09-16T20:58:17.055+0000] {logging_mixin.py:188} INFO - [2026-09-16T20:58:17.055+0000] {dag.py:3954} INFO - Setting next_dagrun for json_dag to 2026-09-16 08:59:00+00:00, run_after=2026-09-17 08:00:00+00:00
[2026-09-16T20:58:17.079+0000] {processor.py:183} INFO - Processing /opt/airflow/dags/json_dag.py took 0.616 seconds
[2026-09-16T20:58:47.830+0000] {processor.py:161} INFO - Started process (PID=2654) to work on /opt/airflow/dags/json_dag.py
[2026-09-16T20:58:47.831+0000] {processor.py:830} INFO - Processing file /opt/airflow/dags/json_dag.py for tasks to queue
[2026-09-16T20:58:47.833+0000] {logging_mixin.py:188} INFO - [2026-09-16T20:58:47.832+0000] {dagbag.py:545} INFO - Filling up the DagBag from /opt/airflow/dags/json_dag.py
[2026-09-16T20:58:48.341+0000] {processor.py:840} INFO - DAG(s) 'json_dag' retrieved from /opt/airflow/dags/json_dag.py
[2026-09-16T20:58:48.359+0000] {logging_mixin.py:188} INFO - [2026-09-16T20:58:48.358+0000] {dag.py:3096} INFO - Sync 1 DAGs
[2026-09-16T20:58:48.379+0000] {logging_mixin.py:188} INFO - [2026-09-16T20:58:48.379+0000] {dag.py:3954} INFO - Setting next_dagrun for json_dag to 2026-09-16 08:59:00+00:00, run_after=2026-09-17 08:00:00+00:00
[2026-09-16T20:58:48.400+0000] {processor.py:183} INFO - Processing /opt/airflow/dags/json_dag.py took 0.576 seconds
[2026-09-16T20:59:19.174+0000] {processor.py:161} INFO - Started process (PID=2663) to work on /opt/airflow/dags/json_dag.py
[2026-09-16T20:59:19.175+0000] {processor.py:830} INFO - Processing file /opt/airflow/dags/json_dag.py for tasks to queue
[2026-09-16T20:59:19.177+0000] {logging_mixin.py:188} INFO - [2026-09-16T20:59:19.177+0000] {dagbag.py:545} INFO - Filling up the DagBag from /opt/airflow/dags/json_dag.py
[2026-09-16T20:59:19.740+0000] {processor.py:840} INFO - DAG(s) 'json_dag' retrieved from /opt/airflow/dags/json_dag.py
[2026-09-16T20:59:19.759+0000] {logging_mixin.py:188} INFO - [2026-09-16T20:59:19.759+0000] {dag.py:3096} INFO - Sync 1 DAGs
[2026-09-16T20:59:19.778+0000] {logging_mixin.py:188} INFO - [2026-09-16T20:59:19.778+0000] {dag.py:3954} INFO - Setting next_dagrun for json_dag to 2026-09-16 08:59:00+00:00, run_after=2026-09-17 08:00:00+00:00
[2026-09-16T20:59:19.799+0000] {processor.py:183} INFO - Processing /opt/airflow/dags/json_dag.py took 0.631 seconds
[2026-09-16T20:59:50.599+0000] {processor.py:161} INFO - Started process (PID=2672) to work on /opt/airflow/dags/json_dag.py
[2026-09-16T20:59:50.601+0000] {processor.py:830} INFO - Processing file /opt/airflow/dags/json_dag.py for tasks to queue
[2026-09-16T20:59:50.604+0000] {logging_mixin.py:188} INFO - [2026-09-16T20:59:50.603+0000] {dagbag.py:545} INFO - Filling up the DagBag from /opt/airflow/dags/json_dag.py
[2026-09-16T20:59:51.136+0000] {processor.py:840} INFO - DAG(s) 'json_dag' retrieved from /opt/airflow/dags/json_dag.py
[2026-09-16T20:59:51.156+0000] {logging_mixin.py:188} INFO - [2026-09-16T20:59:51.156+0000] {dag.py:3096} INFO - Sync 1 DAGs
[2026-09-16T20:59:51.174+0000] {logging_mixin.py:188} INFO - [2026-09-16T20:59:51.174+0000] {dag.py:3954} INFO - Setting next_dagrun for json_dag to 2026-09-16 08:59:00+00:00, run_after=2026-09-17 08:00:00+00:00
[2026-09-16T20:59:51.195+0000] {processor.py:183} INFO - Processing /opt/airflow/dags/json_dag.py took 0.602 seconds
[2026-09-16T21:00:21.972+0000] {processor.py:161} INFO - Started process (PID=2681) to work on /opt/airflow/dags/json_dag.py
[2026-09-16T21:00:21.975+0000] {processor.py:830} INFO - Processing file /opt/airflow/dags/json_dag.py for tasks to queue
[2026-09-16T21:00:21.977+0000] {logging_mixin.py:188} INFO - [2026-09-16T21:00:21.977+0000] {dagbag.py:545} INFO - Filling up the DagBag from /opt/airflow/dags/json_dag.py
[2026-09-16T21:00:22.675+0000] {processor.py:840} INFO - DAG(s) 'json_dag' retrieved from /opt/airflow/dags/json_dag.py
[2026-09-16T21:00:22.697+0000] {logging_mixin.py:188} INFO - [2026-09-16T21:00:22.697+0000] {dag.py:3096} INFO - Sync 1 DAGs
[2026-09-16T21:00:22.715+0000] {logging_mixin.py:188} INFO - [2026-09-16T21:00:22.715+0000] {dag.py:3954} INFO - Setting next_dagrun for json_dag to 2026-09-16 08:59:00+00:00, run_after=2026-09-17 08:00:00+00:00
[2026-09-16T21:00:22.737+0000] {processor.py:183} INFO - Processing /opt/airflow/dags/json_dag.py took 0.772 seconds
[2026-09-16T21:00:53.428+0000] {processor.py:161} INFO - Started process (PID=2690) to work on /opt/airflow/dags/json_dag.py
[2026-09-16T21:00:53.430+0000] {processor.py:830} INFO - Processing file /opt/airflow/dags/json_dag.py for tasks to queue
[2026-09-16T21:00:53.436+0000] {logging_mixin.py:188} INFO - [2026-09-16T21:00:53.435+0000] {dagbag.py:545} INFO - Filling up the DagBag from /opt/airflow/dags/json_dag.py
[2026-09-16T21:00:54.324+0000] {processor.py:840} INFO - DAG(s) 'json_dag' retrieved from /opt/airflow/dags/json_dag.py
[2026-09-16T21:00:54.343+0000] {logging_mixin.py:188} INFO - [2026-09-16T21:00:54.343+0000] {dag.py:3096} INFO - Sync 1 DAGs
[2026-09-16T21:00:54.363+0000] {logging_mixin.py:188} INFO - [2026-09-16T21:00:54.363+0000] {dag.py:3954} INFO - Setting next_dagrun for json_dag to 2026-09-16 08:59:00+00:00, run_after=2026-09-17 08:00:00+00:00
[2026-09-16T21:00:54.386+0000] {processor.py:183} INFO - Processing /opt/airflow/dags/json_dag.py took 0.970 seconds
[2026-09-16T21:01:24.961+0000] {processor.py:161} INFO - Started process (PID=2699) to work on /opt/airflow/dags/json_dag.py
[2026-09-16T21:01:24.963+0000] {processor.py:830} INFO - Processing file /opt/airflow/dags/json_dag.py for tasks to queue
[2026-09-16T21:01:24.966+0000] {logging_mixin.py:188} INFO - [2026-09-16T21:01:24.965+0000] {dagbag.py:545} INFO - Filling up the DagBag from /opt/airflow/dags/json_dag.py
[2026-09-16T21:01:25.684+0000] {processor.py:840} INFO - DAG(s) 'json_dag' retrieved from /opt/airflow/dags/json_dag.py
[2026-09-16T21:01:25.711+0000] {logging_mixin.py:188} INFO - [2026-09-16T21:01:25.711+0000] {dag.py:3096} INFO - Sync 1 DAGs
[2026-09-16T21:01:25.738+0000] {logging_mixin.py:188} INFO - [2026-09-16T21:01:25.737+0000] {dag.py:3954} INFO - Setting next_dagrun for json_dag to 2026-09-16 08:59:00+00:00, run_after=2026-09-17 08:00:00+00:00
[2026-09-16T21:01:25.767+0000] {processor.py:183} INFO - Processing /opt/airflow/dags/json_dag.py took 0.814 seconds
[2026-09-16T21:01:56.154+0000] {processor.py:161} INFO - Started process (PID=2708) to work on /opt/airflow/dags/json_dag.py
[2026-09-16T21:01:56.155+0000] {processor.py:830} INFO - Processing file /opt/airflow/dags/json_dag.py for tasks to queue
[2026-09-16T21:01:56.157+0000] {logging_mixin.py:188} INFO - [2026-09-16T21:01:56.157+0000] {dagbag.py:545} INFO - Filling up the DagBag from /opt/airflow/dags/json_dag.py
[2026-09-16T21:01:56.660+0000] {processor.py:840} INFO - DAG(s) 'json_dag' retrieved from /opt/airflow/dags/json_dag.py
[2026-09-16T21:01:56.679+0000] {logging_mixin.py:188} INFO - [2026-09-16T21:01:56.679+0000] {dag.py:3096} INFO - Sync 1 DAGs
[2026-09-16T21:01:56.703+0000] {logging_mixin.py:188} INFO - [2026-09-16T21:01:56.703+0000] {dag.py:3954} INFO - Setting next_dagrun for json_dag to 2026-09-16 08:59:00+00:00, run_after=2026-09-17 08:00:00+00:00
[2026-09-16T21:01:56.722+0000] {processor.py:183} INFO - Processing /opt/airflow/dags/json_dag.py took 0.575 seconds
[2026-09-16T21:02:27.588+0000] {processor.py:161} INFO - Started process (PID=2717) to work on /opt/airflow/dags/json_dag.py
[2026-09-16T21:02:27.589+0000] {processor.py:830} INFO - Processing file /opt/airflow/dags/json_dag.py for tasks to queue
[2026-09-16T21:02:27.594+0000] {logging_mixin.py:188} INFO - [2026-09-16T21:02:27.594+0000] {dagbag.py:545} INFO - Filling up the DagBag from /opt/airflow/dags/json_dag.py
[2026-09-16T21:02:28.183+0000] {processor.py:840} INFO - DAG(s) 'json_dag' retrieved from /opt/airflow/dags/json_dag.py
[2026-09-16T21:02:28.203+0000] {logging_mixin.py:188} INFO - [2026-09-16T21:02:28.203+0000] {dag.py:3096} INFO - Sync 1 DAGs
[2026-09-16T21:02:28.222+0000] {logging_mixin.py:188} INFO - [2026-09-16T21:02:28.222+0000] {dag.py:3954} INFO - Setting next_dagrun for json_dag to 2026-09-16 08:59:00+00:00, run_after=2026-09-17 08:00:00+00:00
[2026-09-16T21:02:28.245+0000] {processor.py:183} INFO - Processing /opt/airflow/dags/json_dag.py took 0.663 seconds
[2026-09-16T21:02:59.033+0000] {processor.py:161} INFO - Started process (PID=2726) to work on /opt/airflow/dags/json_dag.py
[2026-09-16T21:02:59.035+0000] {processor.py:830} INFO - Processing file /opt/airflow/dags/json_dag.py for tasks to queue
[2026-09-16T21:02:59.036+0000] {logging_mixin.py:188} INFO - [2026-09-16T21:02:59.036+0000] {dagbag.py:545} INFO - Filling up the DagBag from /opt/airflow/dags/json_dag.py
[2026-09-16T21:02:59.700+0000] {processor.py:840} INFO - DAG(s) 'json_dag' retrieved from /opt/airflow/dags/json_dag.py
[2026-09-16T21:02:59.719+0000] {logging_mixin.py:188} INFO - [2026-09-16T21:02:59.719+0000] {dag.py:3096} INFO - Sync 1 DAGs
[2026-09-16T21:02:59.738+0000] {logging_mixin.py:188} INFO - [2026-09-16T21:02:59.738+0000] {dag.py:3954} INFO - Setting next_dagrun for json_dag to 2026-09-16 08:59:00+00:00, run_after=2026-09-17 08:00:00+00:00
[2026-09-16T21:02:59.761+0000] {processor.py:183} INFO - Processing /opt/airflow/dags/json_dag.py took 0.735 seconds
[2026-09-16T21:03:30.369+0000] {processor.py:161} INFO - Started process (PID=2741) to work on /opt/airflow/dags/json_dag.py
[2026-09-16T21:03:30.370+0000] {processor.py:830} INFO - Processing file /opt/airflow/dags/json_dag.py for tasks to queue
[2026-09-16T21:03:30.372+0000] {logging_mixin.py:188} INFO - [2026-09-16T21:03:30.372+0000] {dagbag.py:545} INFO - Filling up the DagBag from /opt/airflow/dags/json_dag.py
[2026-09-16T21:03:31.086+0000] {processor.py:840} INFO - DAG(s) 'json_dag' retrieved from /opt/airflow/dags/json_dag.py
[2026-09-16T21:03:31.112+0000] {logging_mixin.py:188} INFO - [2026-09-16T21:03:31.111+0000] {dag.py:3096} INFO - Sync 1 DAGs
[2026-09-16T21:03:31.138+0000] {logging_mixin.py:188} INFO - [2026-09-16T21:03:31.138+0000] {dag.py:3954} INFO - Setting next_dagrun for json_dag to 2026-09-16 08:59:00+00:00, run_after=2026-09-17 08:00:00+00:00
[2026-09-16T21:03:31.166+0000] {processor.py:183} INFO - Processing /opt/airflow/dags/json_dag.py took 0.804 seconds
[2026-09-16T21:04:01.758+0000] {processor.py:161} INFO - Started process (PID=2750) to work on /opt/airflow/dags/json_dag.py
[2026-09-16T21:04:01.759+0000] {processor.py:830} INFO - Processing file /opt/airflow/dags/json_dag.py for tasks to queue
[2026-09-16T21:04:01.761+0000] {logging_mixin.py:188} INFO - [2026-09-16T21:04:01.761+0000] {dagbag.py:545} INFO - Filling up the DagBag from /opt/airflow/dags/json_dag.py
[2026-09-16T21:04:02.371+0000] {processor.py:840} INFO - DAG(s) 'json_dag' retrieved from /opt/airflow/dags/json_dag.py
[2026-09-16T21:04:02.388+0000] {logging_mixin.py:188} INFO - [2026-09-16T21:04:02.388+0000] {dag.py:3096} INFO - Sync 1 DAGs
[2026-09-16T21:04:02.406+0000] {logging_mixin.py:188} INFO - [2026-09-16T21:04:02.405+0000] {dag.py:3954} INFO - Setting next_dagrun for json_dag to 2026-09-16 08:59:00+00:00, run_after=2026-09-17 08:00:00+00:00
[2026-09-16T21:04:02.426+0000] {processor.py:183} INFO - Processing /opt/airflow/dags/json_dag.py took 0.675 seconds
[2026-09-16T21:04:33.249+0000] {processor.py:161} INFO - Started process (PID=2759) to work on /opt/airflow/dags/json_dag.py
[2026-09-16T21:04:33.250+0000] {processor.py:830} INFO - Processing file /opt/airflow/dags/json_dag.py for tasks to queue
[2026-09-16T21:04:33.252+0000] {logging_mixin.py:188} INFO - [2026-09-16T21:04:33.252+0000] {dagbag.py:545} INFO - Filling up the DagBag from /opt/airflow/dags/json_dag.py
[2026-09-16T21:04:33.843+0000] {processor.py:840} INFO - DAG(s) 'json_dag' retrieved from /opt/airflow/dags/json_dag.py
[2026-09-16T21:04:33.865+0000] {logging_mixin.py:188} INFO - [2026-09-16T21:04:33.864+0000] {dag.py:3096} INFO - Sync 1 DAGs
[2026-09-16T21:04:33.886+0000] {logging_mixin.py:188} INFO - [2026-09-16T21:04:33.885+0000] {dag.py:3954} INFO - Setting next_dagrun for json_dag to 2026-09-16 08:59:00+00:00, run_after=2026-09-17 08:00:00+00:00
[2026-09-16T21:04:33.909+0000] {processor.py:183} INFO - Processing /opt/airflow/dags/json_dag.py took 0.666 seconds
[2026-09-16T21:05:04.564+0000] {processor.py:161} INFO - Started process (PID=2768) to work on /opt/airflow/dags/json_dag.py
[2026-09-16T21:05:04.566+0000] {processor.py:830} INFO - Processing file /opt/airflow/dags/json_dag.py for tasks to queue
[2026-09-16T21:05:04.568+0000] {logging_mixin.py:188} INFO - [2026-09-16T21:05:04.568+0000] {dagbag.py:545} INFO - Filling up the DagBag from /opt/airflow/dags/json_dag.py
[2026-09-16T21:05:05.128+0000] {processor.py:840} INFO - DAG(s) 'json_dag' retrieved from /opt/airflow/dags/json_dag.py
[2026-09-16T21:05:05.148+0000] {logging_mixin.py:188} INFO - [2026-09-16T21:05:05.147+0000] {dag.py:3096} INFO - Sync 1 DAGs
[2026-09-16T21:05:05.168+0000] {logging_mixin.py:188} INFO - [2026-09-16T21:05:05.168+0000] {dag.py:3954} INFO - Setting next_dagrun for json_dag to 2026-09-16 08:59:00+00:00, run_after=2026-09-17 08:00:00+00:00
[2026-09-16T21:05:05.191+0000] {processor.py:183} INFO - Processing /opt/airflow/dags/json_dag.py took 0.636 seconds
[2026-09-16T21:05:35.987+0000] {processor.py:161} INFO - Started process (PID=2778) to work on /opt/airflow/dags/json_dag.py
[2026-09-16T21:05:35.989+0000] {processor.py:830} INFO - Processing file /opt/airflow/dags/json_dag.py for tasks to queue
[2026-09-16T21:05:35.991+0000] {logging_mixin.py:188} INFO - [2026-09-16T21:05:35.991+0000] {dagbag.py:545} INFO - Filling up the DagBag from /opt/airflow/dags/json_dag.py
[2026-09-16T21:05:36.696+0000] {processor.py:840} INFO - DAG(s) 'json_dag' retrieved from /opt/airflow/dags/json_dag.py
[2026-09-16T21:05:36.715+0000] {logging_mixin.py:188} INFO - [2026-09-16T21:05:36.714+0000] {dag.py:3096} INFO - Sync 1 DAGs
[2026-09-16T21:05:36.736+0000] {logging_mixin.py:188} INFO - [2026-09-16T21:05:36.736+0000] {dag.py:3954} INFO - Setting next_dagrun for json_dag to 2026-09-16 08:59:00+00:00, run_after=2026-09-17 08:00:00+00:00
[2026-09-16T21:05:36.757+0000] {processor.py:183} INFO - Processing /opt/airflow/dags/json_dag.py took 0.783 seconds
[2026-09-16T21:06:07.223+0000] {processor.py:161} INFO - Started process (PID=2787) to work on /opt/airflow/dags/json_dag.py
[2026-09-16T21:06:07.225+0000] {processor.py:830} INFO - Processing file /opt/airflow/dags/json_dag.py for tasks to queue
[2026-09-16T21:06:07.227+0000] {logging_mixin.py:188} INFO - [2026-09-16T21:06:07.226+0000] {dagbag.py:545} INFO - Filling up the DagBag from /opt/airflow/dags/json_dag.py
[2026-09-16T21:06:07.761+0000] {processor.py:840} INFO - DAG(s) 'json_dag' retrieved from /opt/airflow/dags/json_dag.py
[2026-09-16T21:06:07.779+0000] {logging_mixin.py:188} INFO - [2026-09-16T21:06:07.778+0000] {dag.py:3096} INFO - Sync 1 DAGs
[2026-09-16T21:06:07.800+0000] {logging_mixin.py:188} INFO - [2026-09-16T21:06:07.800+0000] {dag.py:3954} INFO - Setting next_dagrun for json_dag to 2026-09-16 08:59:00+00:00, run_after=2026-09-17 08:00:00+00:00
[2026-09-16T21:06:07.825+0000] {processor.py:183} INFO - Processing /opt/airflow/dags/json_dag.py took 0.609 seconds
[2026-09-16T21:06:38.617+0000] {processor.py:161} INFO - Started process (PID=2796) to work on /opt/airflow/dags/json_dag.py
[2026-09-16T21:06:38.618+0000] {processor.py:830} INFO - Processing file /opt/airflow/dags/json_dag.py for tasks to queue
[2026-09-16T21:06:38.620+0000] {logging_mixin.py:188} INFO - [2026-09-16T21:06:38.620+0000] {dagbag.py:545} INFO - Filling up the DagBag from /opt/airflow/dags/json_dag.py
[2026-09-16T21:06:39.186+0000] {processor.py:840} INFO - DAG(s) 'json_dag' retrieved from /opt/airflow/dags/json_dag.py
[2026-09-16T21:06:39.205+0000] {logging_mixin.py:188} INFO - [2026-09-16T21:06:39.205+0000] {dag.py:3096} INFO - Sync 1 DAGs
[2026-09-16T21:06:39.226+0000] {logging_mixin.py:188} INFO - [2026-09-16T21:06:39.226+0000] {dag.py:3954} INFO - Setting next_dagrun for json_dag to 2026-09-16 08:59:00+00:00, run_after=2026-09-17 08:00:00+00:00
[2026-09-16T21:06:39.247+0000] {processor.py:183} INFO - Processing /opt/airflow/dags/json_dag.py took 0.639 seconds
[2026-09-16T21:07:09.992+0000] {processor.py:161} INFO - Started process (PID=2805) to work on /opt/airflow/dags/json_dag.py
[2026-09-16T21:07:09.994+0000] {processor.py:830} INFO - Processing file /opt/airflow/dags/json_dag.py for tasks to queue
[2026-09-16T21:07:09.996+0000] {logging_mixin.py:188} INFO - [2026-09-16T21:07:09.996+0000] {dagbag.py:545} INFO - Filling up the DagBag from /opt/airflow/dags/json_dag.py
[2026-09-16T21:07:10.573+0000] {processor.py:840} INFO - DAG(s) 'json_dag' retrieved from /opt/airflow/dags/json_dag.py
[2026-09-16T21:07:10.595+0000] {logging_mixin.py:188} INFO - [2026-09-16T21:07:10.595+0000] {dag.py:3096} INFO - Sync 1 DAGs
[2026-09-16T21:07:10.618+0000] {logging_mixin.py:188} INFO - [2026-09-16T21:07:10.617+0000] {dag.py:3954} INFO - Setting next_dagrun for json_dag to 2026-09-16 08:59:00+00:00, run_after=2026-09-17 08:00:00+00:00
[2026-09-16T21:07:10.644+0000] {processor.py:183} INFO - Processing /opt/airflow/dags/json_dag.py took 0.659 seconds
[2026-09-16T21:07:41.444+0000] {processor.py:161} INFO - Started process (PID=2814) to work on /opt/airflow/dags/json_dag.py
[2026-09-16T21:07:41.445+0000] {processor.py:830} INFO - Processing file /opt/airflow/dags/json_dag.py for tasks to queue
[2026-09-16T21:07:41.448+0000] {logging_mixin.py:188} INFO - [2026-09-16T21:07:41.447+0000] {dagbag.py:545} INFO - Filling up the DagBag from /opt/airflow/dags/json_dag.py
[2026-09-16T21:07:42.014+0000] {processor.py:840} INFO - DAG(s) 'json_dag' retrieved from /opt/airflow/dags/json_dag.py
[2026-09-16T21:07:42.031+0000] {logging_mixin.py:188} INFO - [2026-09-16T21:07:42.030+0000] {dag.py:3096} INFO - Sync 1 DAGs
[2026-09-16T21:07:42.049+0000] {logging_mixin.py:188} INFO - [2026-09-16T21:07:42.049+0000] {dag.py:3954} INFO - Setting next_dagrun for json_dag to 2026-09-16 08:59:00+00:00, run_after=2026-09-17 08:00:00+00:00
[2026-09-16T21:07:42.068+0000] {processor.py:183} INFO - Processing /opt/airflow/dags/json_dag.py took 0.638 seconds
[2026-09-16T21:08:12.756+0000] {processor.py:161} INFO - Started process (PID=2823) to work on /opt/airflow/dags/json_dag.py
[2026-09-16T21:08:12.758+0000] {processor.py:830} INFO - Processing file /opt/airflow/dags/json_dag.py for tasks to queue
[2026-09-16T21:08:12.760+0000] {logging_mixin.py:188} INFO - [2026-09-16T21:08:12.760+0000] {dagbag.py:545} INFO - Filling up the DagBag from /opt/airflow/dags/json_dag.py
[2026-09-16T21:08:13.690+0000] {processor.py:840} INFO - DAG(s) 'json_dag' retrieved from /opt/airflow/dags/json_dag.py
[2026-09-16T21:08:13.718+0000] {logging_mixin.py:188} INFO - [2026-09-16T21:08:13.718+0000] {dag.py:3096} INFO - Sync 1 DAGs
[2026-09-16T21:08:13.747+0000] {logging_mixin.py:188} INFO - [2026-09-16T21:08:13.747+0000] {dag.py:3954} INFO - Setting next_dagrun for json_dag to 2026-09-16 08:59:00+00:00, run_after=2026-09-17 08:00:00+00:00
[2026-09-16T21:08:13.774+0000] {processor.py:183} INFO - Processing /opt/airflow/dags/json_dag.py took 1.029 seconds
[2026-09-16T21:08:44.226+0000] {processor.py:161} INFO - Started process (PID=2832) to work on /opt/airflow/dags/json_dag.py
[2026-09-16T21:08:44.227+0000] {processor.py:830} INFO - Processing file /opt/airflow/dags/json_dag.py for tasks to queue
[2026-09-16T21:08:44.229+0000] {logging_mixin.py:188} INFO - [2026-09-16T21:08:44.228+0000] {dagbag.py:545} INFO - Filling up the DagBag from /opt/airflow/dags/json_dag.py
[2026-09-16T21:08:44.783+0000] {processor.py:840} INFO - DAG(s) 'json_dag' retrieved from /opt/airflow/dags/json_dag.py
[2026-09-16T21:08:44.799+0000] {logging_mixin.py:188} INFO - [2026-09-16T21:08:44.799+0000] {dag.py:3096} INFO - Sync 1 DAGs
[2026-09-16T21:08:44.817+0000] {logging_mixin.py:188} INFO - [2026-09-16T21:08:44.817+0000] {dag.py:3954} INFO - Setting next_dagrun for json_dag to 2026-09-16 08:59:00+00:00, run_after=2026-09-17 08:00:00+00:00
[2026-09-16T21:08:44.841+0000] {processor.py:183} INFO - Processing /opt/airflow/dags/json_dag.py took 0.621 seconds
[2026-09-16T21:09:15.694+0000] {processor.py:161} INFO - Started process (PID=2841) to work on /opt/airflow/dags/json_dag.py
[2026-09-16T21:09:15.695+0000] {processor.py:830} INFO - Processing file /opt/airflow/dags/json_dag.py for tasks to queue
[2026-09-16T21:09:15.697+0000] {logging_mixin.py:188} INFO - [2026-09-16T21:09:15.696+0000] {dagbag.py:545} INFO - Filling up the DagBag from /opt/airflow/dags/json_dag.py
[2026-09-16T21:09:16.202+0000] {processor.py:840} INFO - DAG(s) 'json_dag' retrieved from /opt/airflow/dags/json_dag.py
[2026-09-16T21:09:16.219+0000] {logging_mixin.py:188} INFO - [2026-09-16T21:09:16.218+0000] {dag.py:3096} INFO - Sync 1 DAGs
[2026-09-16T21:09:16.236+0000] {logging_mixin.py:188} INFO - [2026-09-16T21:09:16.236+0000] {dag.py:3954} INFO - Setting next_dagrun for json_dag to 2026-09-16 08:59:00+00:00, run_after=2026-09-17 08:00:00+00:00
[2026-09-16T21:09:16.257+0000] {processor.py:183} INFO - Processing /opt/airflow/dags/json_dag.py took 0.569 seconds
[2026-09-16T21:09:47.030+0000] {processor.py:161} INFO - Started process (PID=2850) to work on /opt/airflow/dags/json_dag.py
[2026-09-16T21:09:47.031+0000] {processor.py:830} INFO - Processing file /opt/airflow/dags/json_dag.py for tasks to queue
[2026-09-16T21:09:47.033+0000] {logging_mixin.py:188} INFO - [2026-09-16T21:09:47.032+0000] {dagbag.py:545} INFO - Filling up the DagBag from /opt/airflow/dags/json_dag.py
[2026-09-16T21:09:47.536+0000] {processor.py:840} INFO - DAG(s) 'json_dag' retrieved from /opt/airflow/dags/json_dag.py
[2026-09-16T21:09:47.554+0000] {logging_mixin.py:188} INFO - [2026-09-16T21:09:47.553+0000] {dag.py:3096} INFO - Sync 1 DAGs
[2026-09-16T21:09:47.572+0000] {logging_mixin.py:188} INFO - [2026-09-16T21:09:47.572+0000] {dag.py:3954} INFO - Setting next_dagrun for json_dag to 2026-09-16 08:59:00+00:00, run_after=2026-09-17 08:00:00+00:00
[2026-09-16T21:09:47.594+0000] {processor.py:183} INFO - Processing /opt/airflow/dags/json_dag.py took 0.570 seconds
[2026-09-16T21:10:18.434+0000] {processor.py:161} INFO - Started process (PID=2859) to work on /opt/airflow/dags/json_dag.py
[2026-09-16T21:10:18.436+0000] {processor.py:830} INFO - Processing file /opt/airflow/dags/json_dag.py for tasks to queue
[2026-09-16T21:10:18.438+0000] {logging_mixin.py:188} INFO - [2026-09-16T21:10:18.437+0000] {dagbag.py:545} INFO - Filling up the DagBag from /opt/airflow/dags/json_dag.py
[2026-09-16T21:10:18.955+0000] {processor.py:840} INFO - DAG(s) 'json_dag' retrieved from /opt/airflow/dags/json_dag.py
[2026-09-16T21:10:18.972+0000] {logging_mixin.py:188} INFO - [2026-09-16T21:10:18.972+0000] {dag.py:3096} INFO - Sync 1 DAGs
[2026-09-16T21:10:18.992+0000] {logging_mixin.py:188} INFO - [2026-09-16T21:10:18.992+0000] {dag.py:3954} INFO - Setting next_dagrun for json_dag to 2026-09-16 08:59:00+00:00, run_after=2026-09-17 08:00:00+00:00
[2026-09-16T21:10:19.012+0000] {processor.py:183} INFO - Processing /opt/airflow/dags/json_dag.py took 0.584 seconds
[2026-09-16T21:10:49.908+0000] {processor.py:161} INFO - Started process (PID=2868) to work on /opt/airflow/dags/json_dag.py
[2026-09-16T21:10:49.909+0000] {processor.py:830} INFO - Processing file /opt/airflow/dags/json_dag.py for tasks to queue
[2026-09-16T21:10:49.912+0000] {logging_mixin.py:188} INFO - [2026-09-16T21:10:49.911+0000] {dagbag.py:545} INFO - Filling up the DagBag from /opt/airflow/dags/json_dag.py
[2026-09-16T21:10:50.468+0000] {processor.py:840} INFO - DAG(s) 'json_dag' retrieved from /opt/airflow/dags/json_dag.py
[2026-09-16T21:10:50.491+0000] {logging_mixin.py:188} INFO - [2026-09-16T21:10:50.490+0000] {dag.py:3096} INFO - Sync 1 DAGs
[2026-09-16T21:10:50.510+0000] {logging_mixin.py:188} INFO - [2026-09-16T21:10:50.510+0000] {dag.py:3954} INFO - Setting next_dagrun for json_dag to 2026-09-16 08:59:00+00:00, run_after=2026-09-17 08:00:00+00:00
[2026-09-16T21:10:50.529+0000] {processor.py:183} INFO - Processing /opt/airflow/dags/json_dag.py took 0.630 seconds
[2026-09-16T21:11:21.277+0000] {processor.py:161} INFO - Started process (PID=2877) to work on /opt/airflow/dags/json_dag.py
[2026-09-16T21:11:21.279+0000] {processor.py:830} INFO - Processing file /opt/airflow/dags/json_dag.py for tasks to queue
[2026-09-16T21:11:21.281+0000] {logging_mixin.py:188} INFO - [2026-09-16T21:11:21.280+0000] {dagbag.py:545} INFO - Filling up the DagBag from /opt/airflow/dags/json_dag.py
[2026-09-16T21:11:22.120+0000] {processor.py:840} INFO - DAG(s) 'json_dag' retrieved from /opt/airflow/dags/json_dag.py
[2026-09-16T21:11:22.144+0000] {logging_mixin.py:188} INFO - [2026-09-16T21:11:22.144+0000] {dag.py:3096} INFO - Sync 1 DAGs
[2026-09-16T21:11:22.182+0000] {logging_mixin.py:188} INFO - [2026-09-16T21:11:22.182+0000] {dag.py:3954} INFO - Setting next_dagrun for json_dag to 2026-09-16 08:59:00+00:00, run_after=2026-09-17 08:00:00+00:00
[2026-09-16T21:11:22.209+0000] {processor.py:183} INFO - Processing /opt/airflow/dags/json_dag.py took 0.940 seconds
[2026-09-16T21:11:52.718+0000] {processor.py:161} INFO - Started process (PID=2887) to work on /opt/airflow/dags/json_dag.py
[2026-09-16T21:11:52.720+0000] {processor.py:830} INFO - Processing file /opt/airflow/dags/json_dag.py for tasks to queue
[2026-09-16T21:11:52.722+0000] {logging_mixin.py:188} INFO - [2026-09-16T21:11:52.721+0000] {dagbag.py:545} INFO - Filling up the DagBag from /opt/airflow/dags/json_dag.py
[2026-09-16T21:11:53.250+0000] {processor.py:840} INFO - DAG(s) 'json_dag' retrieved from /opt/airflow/dags/json_dag.py
[2026-09-16T21:11:53.267+0000] {logging_mixin.py:188} INFO - [2026-09-16T21:11:53.266+0000] {dag.py:3096} INFO - Sync 1 DAGs
[2026-09-16T21:11:53.284+0000] {logging_mixin.py:188} INFO - [2026-09-16T21:11:53.283+0000] {dag.py:3954} INFO - Setting next_dagrun for json_dag to 2026-09-16 08:59:00+00:00, run_after=2026-09-17 08:00:00+00:00
[2026-09-16T21:11:53.304+0000] {processor.py:183} INFO - Processing /opt/airflow/dags/json_dag.py took 0.591 seconds
[2026-09-16T21:12:24.050+0000] {processor.py:161} INFO - Started process (PID=2896) to work on /opt/airflow/dags/json_dag.py
[2026-09-16T21:12:24.053+0000] {processor.py:830} INFO - Processing file /opt/airflow/dags/json_dag.py for tasks to queue
[2026-09-16T21:12:24.055+0000] {logging_mixin.py:188} INFO - [2026-09-16T21:12:24.055+0000] {dagbag.py:545} INFO - Filling up the DagBag from /opt/airflow/dags/json_dag.py
[2026-09-16T21:12:24.706+0000] {processor.py:840} INFO - DAG(s) 'json_dag' retrieved from /opt/airflow/dags/json_dag.py
[2026-09-16T21:12:24.725+0000] {logging_mixin.py:188} INFO - [2026-09-16T21:12:24.725+0000] {dag.py:3096} INFO - Sync 1 DAGs
[2026-09-16T21:12:24.745+0000] {logging_mixin.py:188} INFO - [2026-09-16T21:12:24.744+0000] {dag.py:3954} INFO - Setting next_dagrun for json_dag to 2026-09-16 08:59:00+00:00, run_after=2026-09-17 08:00:00+00:00
[2026-09-16T21:12:24.764+0000] {processor.py:183} INFO - Processing /opt/airflow/dags/json_dag.py took 0.721 seconds
[2026-09-16T21:12:55.624+0000] {processor.py:161} INFO - Started process (PID=2905) to work on /opt/airflow/dags/json_dag.py
[2026-09-16T21:12:55.627+0000] {processor.py:830} INFO - Processing file /opt/airflow/dags/json_dag.py for tasks to queue
[2026-09-16T21:12:55.630+0000] {logging_mixin.py:188} INFO - [2026-09-16T21:12:55.629+0000] {dagbag.py:545} INFO - Filling up the DagBag from /opt/airflow/dags/json_dag.py
[2026-09-16T21:12:56.507+0000] {processor.py:840} INFO - DAG(s) 'json_dag' retrieved from /opt/airflow/dags/json_dag.py
[2026-09-16T21:12:56.537+0000] {logging_mixin.py:188} INFO - [2026-09-16T21:12:56.536+0000] {dag.py:3096} INFO - Sync 1 DAGs
[2026-09-16T21:12:56.581+0000] {logging_mixin.py:188} INFO - [2026-09-16T21:12:56.581+0000] {dag.py:3954} INFO - Setting next_dagrun for json_dag to 2026-09-16 08:59:00+00:00, run_after=2026-09-17 08:00:00+00:00
[2026-09-16T21:12:56.626+0000] {processor.py:183} INFO - Processing /opt/airflow/dags/json_dag.py took 1.012 seconds
[2026-09-16T21:13:27.210+0000] {processor.py:161} INFO - Started process (PID=2914) to work on /opt/airflow/dags/json_dag.py
[2026-09-16T21:13:27.213+0000] {processor.py:830} INFO - Processing file /opt/airflow/dags/json_dag.py for tasks to queue
[2026-09-16T21:13:27.224+0000] {logging_mixin.py:188} INFO - [2026-09-16T21:13:27.223+0000] {dagbag.py:545} INFO - Filling up the DagBag from /opt/airflow/dags/json_dag.py
[2026-09-16T21:13:28.257+0000] {processor.py:840} INFO - DAG(s) 'json_dag' retrieved from /opt/airflow/dags/json_dag.py
[2026-09-16T21:13:28.326+0000] {logging_mixin.py:188} INFO - [2026-09-16T21:13:28.325+0000] {dag.py:3096} INFO - Sync 1 DAGs
[2026-09-16T21:13:28.412+0000] {logging_mixin.py:188} INFO - [2026-09-16T21:13:28.410+0000] {dag.py:3954} INFO - Setting next_dagrun for json_dag to 2026-09-16 08:59:00+00:00, run_after=2026-09-17 08:00:00+00:00
[2026-09-16T21:13:28.451+0000] {processor.py:183} INFO - Processing /opt/airflow/dags/json_dag.py took 1.268 seconds
[2026-09-16T21:13:58.573+0000] {processor.py:161} INFO - Started process (PID=2923) to work on /opt/airflow/dags/json_dag.py
[2026-09-16T21:13:58.576+0000] {processor.py:830} INFO - Processing file /opt/airflow/dags/json_dag.py for tasks to queue
[2026-09-16T21:13:58.580+0000] {logging_mixin.py:188} INFO - [2026-09-16T21:13:58.580+0000] {dagbag.py:545} INFO - Filling up the DagBag from /opt/airflow/dags/json_dag.py
[2026-09-16T21:13:59.321+0000] {processor.py:840} INFO - DAG(s) 'json_dag' retrieved from /opt/airflow/dags/json_dag.py
[2026-09-16T21:13:59.346+0000] {logging_mixin.py:188} INFO - [2026-09-16T21:13:59.345+0000] {dag.py:3096} INFO - Sync 1 DAGs
[2026-09-16T21:13:59.369+0000] {logging_mixin.py:188} INFO - [2026-09-16T21:13:59.368+0000] {dag.py:3954} INFO - Setting next_dagrun for json_dag to 2026-09-16 08:59:00+00:00, run_after=2026-09-17 08:00:00+00:00
[2026-09-16T21:13:59.396+0000] {processor.py:183} INFO - Processing /opt/airflow/dags/json_dag.py took 0.833 seconds
[2026-09-16T21:14:29.719+0000] {processor.py:161} INFO - Started process (PID=2932) to work on /opt/airflow/dags/json_dag.py
[2026-09-16T21:14:29.720+0000] {processor.py:830} INFO - Processing file /opt/airflow/dags/json_dag.py for tasks to queue
[2026-09-16T21:14:29.722+0000] {logging_mixin.py:188} INFO - [2026-09-16T21:14:29.722+0000] {dagbag.py:545} INFO - Filling up the DagBag from /opt/airflow/dags/json_dag.py
[2026-09-16T21:14:30.243+0000] {processor.py:840} INFO - DAG(s) 'json_dag' retrieved from /opt/airflow/dags/json_dag.py
[2026-09-16T21:14:30.267+0000] {logging_mixin.py:188} INFO - [2026-09-16T21:14:30.266+0000] {dag.py:3096} INFO - Sync 1 DAGs
[2026-09-16T21:14:30.287+0000] {logging_mixin.py:188} INFO - [2026-09-16T21:14:30.287+0000] {dag.py:3954} INFO - Setting next_dagrun for json_dag to 2026-09-16 08:59:00+00:00, run_after=2026-09-17 08:00:00+00:00
[2026-09-16T21:14:30.310+0000] {processor.py:183} INFO - Processing /opt/airflow/dags/json_dag.py took 0.598 seconds
[2026-09-16T21:15:01.275+0000] {processor.py:161} INFO - Started process (PID=2941) to work on /opt/airflow/dags/json_dag.py
[2026-09-16T21:15:01.276+0000] {processor.py:830} INFO - Processing file /opt/airflow/dags/json_dag.py for tasks to queue
[2026-09-16T21:15:01.279+0000] {logging_mixin.py:188} INFO - [2026-09-16T21:15:01.279+0000] {dagbag.py:545} INFO - Filling up the DagBag from /opt/airflow/dags/json_dag.py
[2026-09-16T21:15:02.265+0000] {processor.py:840} INFO - DAG(s) 'json_dag' retrieved from /opt/airflow/dags/json_dag.py
[2026-09-16T21:15:02.289+0000] {logging_mixin.py:188} INFO - [2026-09-16T21:15:02.289+0000] {dag.py:3096} INFO - Sync 1 DAGs
[2026-09-16T21:15:02.312+0000] {logging_mixin.py:188} INFO - [2026-09-16T21:15:02.312+0000] {dag.py:3954} INFO - Setting next_dagrun for json_dag to 2026-09-16 08:59:00+00:00, run_after=2026-09-17 08:00:00+00:00
[2026-09-16T21:15:02.345+0000] {processor.py:183} INFO - Processing /opt/airflow/dags/json_dag.py took 1.078 seconds
[2026-09-16T21:15:32.653+0000] {processor.py:161} INFO - Started process (PID=2956) to work on /opt/airflow/dags/json_dag.py
[2026-09-16T21:15:32.654+0000] {processor.py:830} INFO - Processing file /opt/airflow/dags/json_dag.py for tasks to queue
[2026-09-16T21:15:32.656+0000] {logging_mixin.py:188} INFO - [2026-09-16T21:15:32.656+0000] {dagbag.py:545} INFO - Filling up the DagBag from /opt/airflow/dags/json_dag.py
[2026-09-16T21:15:33.141+0000] {processor.py:840} INFO - DAG(s) 'json_dag' retrieved from /opt/airflow/dags/json_dag.py
[2026-09-16T21:15:33.158+0000] {logging_mixin.py:188} INFO - [2026-09-16T21:15:33.158+0000] {dag.py:3096} INFO - Sync 1 DAGs
[2026-09-16T21:15:33.177+0000] {logging_mixin.py:188} INFO - [2026-09-16T21:15:33.177+0000] {dag.py:3954} INFO - Setting next_dagrun for json_dag to 2026-09-16 08:59:00+00:00, run_after=2026-09-17 08:00:00+00:00
[2026-09-16T21:15:33.198+0000] {processor.py:183} INFO - Processing /opt/airflow/dags/json_dag.py took 0.551 seconds
[2026-09-16T21:16:03.940+0000] {processor.py:161} INFO - Started process (PID=2965) to work on /opt/airflow/dags/json_dag.py
[2026-09-16T21:16:03.942+0000] {processor.py:830} INFO - Processing file /opt/airflow/dags/json_dag.py for tasks to queue
[2026-09-16T21:16:03.945+0000] {logging_mixin.py:188} INFO - [2026-09-16T21:16:03.944+0000] {dagbag.py:545} INFO - Filling up the DagBag from /opt/airflow/dags/json_dag.py
[2026-09-16T21:16:04.446+0000] {processor.py:840} INFO - DAG(s) 'json_dag' retrieved from /opt/airflow/dags/json_dag.py
[2026-09-16T21:16:04.463+0000] {logging_mixin.py:188} INFO - [2026-09-16T21:16:04.463+0000] {dag.py:3096} INFO - Sync 1 DAGs
[2026-09-16T21:16:04.482+0000] {logging_mixin.py:188} INFO - [2026-09-16T21:16:04.482+0000] {dag.py:3954} INFO - Setting next_dagrun for json_dag to 2026-09-16 08:59:00+00:00, run_after=2026-09-17 08:00:00+00:00
[2026-09-16T21:16:04.507+0000] {processor.py:183} INFO - Processing /opt/airflow/dags/json_dag.py took 0.575 seconds
[2026-09-16T21:16:35.297+0000] {processor.py:161} INFO - Started process (PID=2974) to work on /opt/airflow/dags/json_dag.py
[2026-09-16T21:16:35.298+0000] {processor.py:830} INFO - Processing file /opt/airflow/dags/json_dag.py for tasks to queue
[2026-09-16T21:16:35.301+0000] {logging_mixin.py:188} INFO - [2026-09-16T21:16:35.300+0000] {dagbag.py:545} INFO - Filling up the DagBag from /opt/airflow/dags/json_dag.py
[2026-09-16T21:16:35.924+0000] {processor.py:840} INFO - DAG(s) 'json_dag' retrieved from /opt/airflow/dags/json_dag.py
[2026-09-16T21:16:35.942+0000] {logging_mixin.py:188} INFO - [2026-09-16T21:16:35.942+0000] {dag.py:3096} INFO - Sync 1 DAGs
[2026-09-16T21:16:35.961+0000] {logging_mixin.py:188} INFO - [2026-09-16T21:16:35.961+0000] {dag.py:3954} INFO - Setting next_dagrun for json_dag to 2026-09-16 08:59:00+00:00, run_after=2026-09-17 08:00:00+00:00
[2026-09-16T21:16:35.981+0000] {processor.py:183} INFO - Processing /opt/airflow/dags/json_dag.py took 0.690 seconds
[2026-09-16T21:17:06.743+0000] {processor.py:161} INFO - Started process (PID=2983) to work on /opt/airflow/dags/json_dag.py
[2026-09-16T21:17:06.744+0000] {processor.py:830} INFO - Processing file /opt/airflow/dags/json_dag.py for tasks to queue
[2026-09-16T21:17:06.746+0000] {logging_mixin.py:188} INFO - [2026-09-16T21:17:06.745+0000] {dagbag.py:545} INFO - Filling up the DagBag from /opt/airflow/dags/json_dag.py
[2026-09-16T21:17:07.273+0000] {processor.py:840} INFO - DAG(s) 'json_dag' retrieved from /opt/airflow/dags/json_dag.py
[2026-09-16T21:17:07.290+0000] {logging_mixin.py:188} INFO - [2026-09-16T21:17:07.289+0000] {dag.py:3096} INFO - Sync 1 DAGs
[2026-09-16T21:17:07.306+0000] {logging_mixin.py:188} INFO - [2026-09-16T21:17:07.306+0000] {dag.py:3954} INFO - Setting next_dagrun for json_dag to 2026-09-16 08:59:00+00:00, run_after=2026-09-17 08:00:00+00:00
[2026-09-16T21:17:07.326+0000] {processor.py:183} INFO - Processing /opt/airflow/dags/json_dag.py took 0.589 seconds
[2026-09-16T21:17:37.645+0000] {processor.py:161} INFO - Started process (PID=2992) to work on /opt/airflow/dags/json_dag.py
[2026-09-16T21:17:37.648+0000] {processor.py:830} INFO - Processing file /opt/airflow/dags/json_dag.py for tasks to queue
[2026-09-16T21:17:37.651+0000] {logging_mixin.py:188} INFO - [2026-09-16T21:17:37.651+0000] {dagbag.py:545} INFO - Filling up the DagBag from /opt/airflow/dags/json_dag.py
[2026-09-16T21:17:39.040+0000] {processor.py:840} INFO - DAG(s) 'json_dag' retrieved from /opt/airflow/dags/json_dag.py
[2026-09-16T21:17:39.097+0000] {logging_mixin.py:188} INFO - [2026-09-16T21:17:39.096+0000] {dag.py:3096} INFO - Sync 1 DAGs
[2026-09-16T21:17:39.148+0000] {logging_mixin.py:188} INFO - [2026-09-16T21:17:39.148+0000] {dag.py:3954} INFO - Setting next_dagrun for json_dag to 2026-09-16 08:59:00+00:00, run_after=2026-09-17 08:00:00+00:00
[2026-09-16T21:17:39.190+0000] {processor.py:183} INFO - Processing /opt/airflow/dags/json_dag.py took 1.558 seconds
[2026-09-16T21:18:09.650+0000] {processor.py:161} INFO - Started process (PID=3001) to work on /opt/airflow/dags/json_dag.py
[2026-09-16T21:18:09.651+0000] {processor.py:830} INFO - Processing file /opt/airflow/dags/json_dag.py for tasks to queue
[2026-09-16T21:18:09.653+0000] {logging_mixin.py:188} INFO - [2026-09-16T21:18:09.653+0000] {dagbag.py:545} INFO - Filling up the DagBag from /opt/airflow/dags/json_dag.py
[2026-09-16T21:18:10.260+0000] {processor.py:840} INFO - DAG(s) 'json_dag' retrieved from /opt/airflow/dags/json_dag.py
[2026-09-16T21:18:10.280+0000] {logging_mixin.py:188} INFO - [2026-09-16T21:18:10.279+0000] {dag.py:3096} INFO - Sync 1 DAGs
[2026-09-16T21:18:10.302+0000] {logging_mixin.py:188} INFO - [2026-09-16T21:18:10.302+0000] {dag.py:3954} INFO - Setting next_dagrun for json_dag to 2026-09-16 08:59:00+00:00, run_after=2026-09-17 08:00:00+00:00
[2026-09-16T21:18:10.321+0000] {processor.py:183} INFO - Processing /opt/airflow/dags/json_dag.py took 0.680 seconds
[2026-09-16T21:18:40.616+0000] {processor.py:161} INFO - Started process (PID=3010) to work on /opt/airflow/dags/json_dag.py
[2026-09-16T21:18:40.619+0000] {processor.py:830} INFO - Processing file /opt/airflow/dags/json_dag.py for tasks to queue
[2026-09-16T21:18:40.621+0000] {logging_mixin.py:188} INFO - [2026-09-16T21:18:40.621+0000] {dagbag.py:545} INFO - Filling up the DagBag from /opt/airflow/dags/json_dag.py
[2026-09-16T21:18:41.274+0000] {processor.py:840} INFO - DAG(s) 'json_dag' retrieved from /opt/airflow/dags/json_dag.py
[2026-09-16T21:18:41.294+0000] {logging_mixin.py:188} INFO - [2026-09-16T21:18:41.294+0000] {dag.py:3096} INFO - Sync 1 DAGs
[2026-09-16T21:18:41.315+0000] {logging_mixin.py:188} INFO - [2026-09-16T21:18:41.315+0000] {dag.py:3954} INFO - Setting next_dagrun for json_dag to 2026-09-16 08:59:00+00:00, run_after=2026-09-17 08:00:00+00:00
[2026-09-16T21:18:41.340+0000] {processor.py:183} INFO - Processing /opt/airflow/dags/json_dag.py took 0.730 seconds
[2026-09-16T21:19:11.963+0000] {processor.py:161} INFO - Started process (PID=3019) to work on /opt/airflow/dags/json_dag.py
[2026-09-16T21:19:11.965+0000] {processor.py:830} INFO - Processing file /opt/airflow/dags/json_dag.py for tasks to queue
[2026-09-16T21:19:11.967+0000] {logging_mixin.py:188} INFO - [2026-09-16T21:19:11.967+0000] {dagbag.py:545} INFO - Filling up the DagBag from /opt/airflow/dags/json_dag.py
[2026-09-16T21:19:12.526+0000] {processor.py:840} INFO - DAG(s) 'json_dag' retrieved from /opt/airflow/dags/json_dag.py
[2026-09-16T21:19:12.545+0000] {logging_mixin.py:188} INFO - [2026-09-16T21:19:12.545+0000] {dag.py:3096} INFO - Sync 1 DAGs
[2026-09-16T21:19:12.567+0000] {logging_mixin.py:188} INFO - [2026-09-16T21:19:12.567+0000] {dag.py:3954} INFO - Setting next_dagrun for json_dag to 2026-09-16 08:59:00+00:00, run_after=2026-09-17 08:00:00+00:00
[2026-09-16T21:19:12.590+0000] {processor.py:183} INFO - Processing /opt/airflow/dags/json_dag.py took 0.635 seconds
[2026-09-16T21:19:43.288+0000] {processor.py:161} INFO - Started process (PID=3028) to work on /opt/airflow/dags/json_dag.py
[2026-09-16T21:19:43.289+0000] {processor.py:830} INFO - Processing file /opt/airflow/dags/json_dag.py for tasks to queue
[2026-09-16T21:19:43.292+0000] {logging_mixin.py:188} INFO - [2026-09-16T21:19:43.291+0000] {dagbag.py:545} INFO - Filling up the DagBag from /opt/airflow/dags/json_dag.py
[2026-09-16T21:19:44.043+0000] {processor.py:840} INFO - DAG(s) 'json_dag' retrieved from /opt/airflow/dags/json_dag.py
[2026-09-16T21:19:44.074+0000] {logging_mixin.py:188} INFO - [2026-09-16T21:19:44.073+0000] {dag.py:3096} INFO - Sync 1 DAGs
[2026-09-16T21:19:44.107+0000] {logging_mixin.py:188} INFO - [2026-09-16T21:19:44.106+0000] {dag.py:3954} INFO - Setting next_dagrun for json_dag to 2026-09-16 08:59:00+00:00, run_after=2026-09-17 08:00:00+00:00
[2026-09-16T21:19:44.147+0000] {processor.py:183} INFO - Processing /opt/airflow/dags/json_dag.py took 0.867 seconds
[2026-09-16T21:20:14.516+0000] {processor.py:161} INFO - Started process (PID=3037) to work on /opt/airflow/dags/json_dag.py
[2026-09-16T21:20:14.518+0000] {processor.py:830} INFO - Processing file /opt/airflow/dags/json_dag.py for tasks to queue
[2026-09-16T21:20:14.523+0000] {logging_mixin.py:188} INFO - [2026-09-16T21:20:14.522+0000] {dagbag.py:545} INFO - Filling up the DagBag from /opt/airflow/dags/json_dag.py
[2026-09-16T21:20:15.236+0000] {processor.py:840} INFO - DAG(s) 'json_dag' retrieved from /opt/airflow/dags/json_dag.py
[2026-09-16T21:20:15.255+0000] {logging_mixin.py:188} INFO - [2026-09-16T21:20:15.255+0000] {dag.py:3096} INFO - Sync 1 DAGs
[2026-09-16T21:20:15.274+0000] {logging_mixin.py:188} INFO - [2026-09-16T21:20:15.273+0000] {dag.py:3954} INFO - Setting next_dagrun for json_dag to 2026-09-16 08:59:00+00:00, run_after=2026-09-17 08:00:00+00:00
[2026-09-16T21:20:15.300+0000] {processor.py:183} INFO - Processing /opt/airflow/dags/json_dag.py took 0.797 seconds
[2026-09-16T21:20:45.596+0000] {processor.py:161} INFO - Started process (PID=3046) to work on /opt/airflow/dags/json_dag.py
[2026-09-16T21:20:45.597+0000] {processor.py:830} INFO - Processing file /opt/airflow/dags/json_dag.py for tasks to queue
[2026-09-16T21:20:45.600+0000] {logging_mixin.py:188} INFO - [2026-09-16T21:20:45.600+0000] {dagbag.py:545} INFO - Filling up the DagBag from /opt/airflow/dags/json_dag.py
[2026-09-16T21:20:46.170+0000] {processor.py:840} INFO - DAG(s) 'json_dag' retrieved from /opt/airflow/dags/json_dag.py
[2026-09-16T21:20:46.201+0000] {logging_mixin.py:188} INFO - [2026-09-16T21:20:46.200+0000] {dag.py:3096} INFO - Sync 1 DAGs
[2026-09-16T21:20:46.225+0000] {logging_mixin.py:188} INFO - [2026-09-16T21:20:46.225+0000] {dag.py:3954} INFO - Setting next_dagrun for json_dag to 2026-09-16 08:59:00+00:00, run_after=2026-09-17 08:00:00+00:00
[2026-09-16T21:20:46.255+0000] {processor.py:183} INFO - Processing /opt/airflow/dags/json_dag.py took 0.666 seconds
[2026-09-16T21:21:17.086+0000] {processor.py:161} INFO - Started process (PID=3055) to work on /opt/airflow/dags/json_dag.py
[2026-09-16T21:21:17.088+0000] {processor.py:830} INFO - Processing file /opt/airflow/dags/json_dag.py for tasks to queue
[2026-09-16T21:21:17.091+0000] {logging_mixin.py:188} INFO - [2026-09-16T21:21:17.091+0000] {dagbag.py:545} INFO - Filling up the DagBag from /opt/airflow/dags/json_dag.py
[2026-09-16T21:21:17.966+0000] {processor.py:840} INFO - DAG(s) 'json_dag' retrieved from /opt/airflow/dags/json_dag.py
[2026-09-16T21:21:17.997+0000] {logging_mixin.py:188} INFO - [2026-09-16T21:21:17.997+0000] {dag.py:3096} INFO - Sync 1 DAGs
[2026-09-16T21:21:18.027+0000] {logging_mixin.py:188} INFO - [2026-09-16T21:21:18.026+0000] {dag.py:3954} INFO - Setting next_dagrun for json_dag to 2026-09-16 08:59:00+00:00, run_after=2026-09-17 08:00:00+00:00
[2026-09-16T21:21:18.070+0000] {processor.py:183} INFO - Processing /opt/airflow/dags/json_dag.py took 0.998 seconds
[2026-09-16T21:21:48.420+0000] {processor.py:161} INFO - Started process (PID=3065) to work on /opt/airflow/dags/json_dag.py
[2026-09-16T21:21:48.421+0000] {processor.py:830} INFO - Processing file /opt/airflow/dags/json_dag.py for tasks to queue
[2026-09-16T21:21:48.423+0000] {logging_mixin.py:188} INFO - [2026-09-16T21:21:48.423+0000] {dagbag.py:545} INFO - Filling up the DagBag from /opt/airflow/dags/json_dag.py
[2026-09-16T21:21:48.967+0000] {processor.py:840} INFO - DAG(s) 'json_dag' retrieved from /opt/airflow/dags/json_dag.py
[2026-09-16T21:21:48.990+0000] {logging_mixin.py:188} INFO - [2026-09-16T21:21:48.989+0000] {dag.py:3096} INFO - Sync 1 DAGs
[2026-09-16T21:21:49.013+0000] {logging_mixin.py:188} INFO - [2026-09-16T21:21:49.013+0000] {dag.py:3954} INFO - Setting next_dagrun for json_dag to 2026-09-16 08:59:00+00:00, run_after=2026-09-17 08:00:00+00:00
[2026-09-16T21:21:49.034+0000] {processor.py:183} INFO - Processing /opt/airflow/dags/json_dag.py took 0.622 seconds
[2026-09-16T21:22:19.919+0000] {processor.py:161} INFO - Started process (PID=3074) to work on /opt/airflow/dags/json_dag.py
[2026-09-16T21:22:19.921+0000] {processor.py:830} INFO - Processing file /opt/airflow/dags/json_dag.py for tasks to queue
[2026-09-16T21:22:19.925+0000] {logging_mixin.py:188} INFO - [2026-09-16T21:22:19.925+0000] {dagbag.py:545} INFO - Filling up the DagBag from /opt/airflow/dags/json_dag.py
[2026-09-16T21:22:20.505+0000] {processor.py:840} INFO - DAG(s) 'json_dag' retrieved from /opt/airflow/dags/json_dag.py
[2026-09-16T21:22:20.524+0000] {logging_mixin.py:188} INFO - [2026-09-16T21:22:20.524+0000] {dag.py:3096} INFO - Sync 1 DAGs
[2026-09-16T21:22:20.543+0000] {logging_mixin.py:188} INFO - [2026-09-16T21:22:20.543+0000] {dag.py:3954} INFO - Setting next_dagrun for json_dag to 2026-09-16 08:59:00+00:00, run_after=2026-09-17 08:00:00+00:00
[2026-09-16T21:22:20.563+0000] {processor.py:183} INFO - Processing /opt/airflow/dags/json_dag.py took 0.655 seconds
[2026-09-16T21:22:51.306+0000] {processor.py:161} INFO - Started process (PID=3083) to work on /opt/airflow/dags/json_dag.py
[2026-09-16T21:22:51.308+0000] {processor.py:830} INFO - Processing file /opt/airflow/dags/json_dag.py for tasks to queue
[2026-09-16T21:22:51.311+0000] {logging_mixin.py:188} INFO - [2026-09-16T21:22:51.311+0000] {dagbag.py:545} INFO - Filling up the DagBag from /opt/airflow/dags/json_dag.py
[2026-09-16T21:22:52.065+0000] {processor.py:840} INFO - DAG(s) 'json_dag' retrieved from /opt/airflow/dags/json_dag.py
[2026-09-16T21:22:52.084+0000] {logging_mixin.py:188} INFO - [2026-09-16T21:22:52.084+0000] {dag.py:3096} INFO - Sync 1 DAGs
[2026-09-16T21:22:52.112+0000] {logging_mixin.py:188} INFO - [2026-09-16T21:22:52.111+0000] {dag.py:3954} INFO - Setting next_dagrun for json_dag to 2026-09-16 08:59:00+00:00, run_after=2026-09-17 08:00:00+00:00
[2026-09-16T21:22:52.150+0000] {processor.py:183} INFO - Processing /opt/airflow/dags/json_dag.py took 0.855 seconds
[2026-09-16T21:23:22.520+0000] {processor.py:161} INFO - Started process (PID=3092) to work on /opt/airflow/dags/json_dag.py
[2026-09-16T21:23:22.525+0000] {processor.py:830} INFO - Processing file /opt/airflow/dags/json_dag.py for tasks to queue
[2026-09-16T21:23:22.542+0000] {logging_mixin.py:188} INFO - [2026-09-16T21:23:22.541+0000] {dagbag.py:545} INFO - Filling up the DagBag from /opt/airflow/dags/json_dag.py
[2026-09-16T21:23:23.229+0000] {processor.py:840} INFO - DAG(s) 'json_dag' retrieved from /opt/airflow/dags/json_dag.py
[2026-09-16T21:23:23.259+0000] {logging_mixin.py:188} INFO - [2026-09-16T21:23:23.258+0000] {dag.py:3096} INFO - Sync 1 DAGs
[2026-09-16T21:23:23.286+0000] {logging_mixin.py:188} INFO - [2026-09-16T21:23:23.286+0000] {dag.py:3954} INFO - Setting next_dagrun for json_dag to 2026-09-16 08:59:00+00:00, run_after=2026-09-17 08:00:00+00:00
[2026-09-16T21:23:23.309+0000] {processor.py:183} INFO - Processing /opt/airflow/dags/json_dag.py took 0.816 seconds
[2026-09-16T21:23:53.656+0000] {processor.py:161} INFO - Started process (PID=3101) to work on /opt/airflow/dags/json_dag.py
[2026-09-16T21:23:53.657+0000] {processor.py:830} INFO - Processing file /opt/airflow/dags/json_dag.py for tasks to queue
[2026-09-16T21:23:53.659+0000] {logging_mixin.py:188} INFO - [2026-09-16T21:23:53.659+0000] {dagbag.py:545} INFO - Filling up the DagBag from /opt/airflow/dags/json_dag.py
[2026-09-16T21:23:54.183+0000] {processor.py:840} INFO - DAG(s) 'json_dag' retrieved from /opt/airflow/dags/json_dag.py
[2026-09-16T21:23:54.202+0000] {logging_mixin.py:188} INFO - [2026-09-16T21:23:54.201+0000] {dag.py:3096} INFO - Sync 1 DAGs
[2026-09-16T21:23:54.221+0000] {logging_mixin.py:188} INFO - [2026-09-16T21:23:54.221+0000] {dag.py:3954} INFO - Setting next_dagrun for json_dag to 2026-09-16 08:59:00+00:00, run_after=2026-09-17 08:00:00+00:00
[2026-09-16T21:23:54.242+0000] {processor.py:183} INFO - Processing /opt/airflow/dags/json_dag.py took 0.593 seconds
[2026-09-16T21:24:25.050+0000] {processor.py:161} INFO - Started process (PID=3110) to work on /opt/airflow/dags/json_dag.py
[2026-09-16T21:24:25.052+0000] {processor.py:830} INFO - Processing file /opt/airflow/dags/json_dag.py for tasks to queue
[2026-09-16T21:24:25.054+0000] {logging_mixin.py:188} INFO - [2026-09-16T21:24:25.054+0000] {dagbag.py:545} INFO - Filling up the DagBag from /opt/airflow/dags/json_dag.py
[2026-09-16T21:24:25.639+0000] {processor.py:840} INFO - DAG(s) 'json_dag' retrieved from /opt/airflow/dags/json_dag.py
[2026-09-16T21:24:25.662+0000] {logging_mixin.py:188} INFO - [2026-09-16T21:24:25.662+0000] {dag.py:3096} INFO - Sync 1 DAGs
[2026-09-16T21:24:25.688+0000] {logging_mixin.py:188} INFO - [2026-09-16T21:24:25.688+0000] {dag.py:3954} INFO - Setting next_dagrun for json_dag to 2026-09-16 08:59:00+00:00, run_after=2026-09-17 08:00:00+00:00
[2026-09-16T21:24:25.717+0000] {processor.py:183} INFO - Processing /opt/airflow/dags/json_dag.py took 0.678 seconds
[2026-09-16T21:24:56.487+0000] {processor.py:161} INFO - Started process (PID=3119) to work on /opt/airflow/dags/json_dag.py
[2026-09-16T21:24:56.488+0000] {processor.py:830} INFO - Processing file /opt/airflow/dags/json_dag.py for tasks to queue
[2026-09-16T21:24:56.492+0000] {logging_mixin.py:188} INFO - [2026-09-16T21:24:56.491+0000] {dagbag.py:545} INFO - Filling up the DagBag from /opt/airflow/dags/json_dag.py
[2026-09-16T21:24:57.039+0000] {processor.py:840} INFO - DAG(s) 'json_dag' retrieved from /opt/airflow/dags/json_dag.py
[2026-09-16T21:24:57.057+0000] {logging_mixin.py:188} INFO - [2026-09-16T21:24:57.057+0000] {dag.py:3096} INFO - Sync 1 DAGs
[2026-09-16T21:24:57.074+0000] {logging_mixin.py:188} INFO - [2026-09-16T21:24:57.074+0000] {dag.py:3954} INFO - Setting next_dagrun for json_dag to 2026-09-16 08:59:00+00:00, run_after=2026-09-17 08:00:00+00:00
[2026-09-16T21:24:57.096+0000] {processor.py:183} INFO - Processing /opt/airflow/dags/json_dag.py took 0.616 seconds
[2026-09-16T21:25:27.873+0000] {processor.py:161} INFO - Started process (PID=3128) to work on /opt/airflow/dags/json_dag.py
[2026-09-16T21:25:27.874+0000] {processor.py:830} INFO - Processing file /opt/airflow/dags/json_dag.py for tasks to queue
[2026-09-16T21:25:27.877+0000] {logging_mixin.py:188} INFO - [2026-09-16T21:25:27.876+0000] {dagbag.py:545} INFO - Filling up the DagBag from /opt/airflow/dags/json_dag.py
[2026-09-16T21:25:28.607+0000] {processor.py:840} INFO - DAG(s) 'json_dag' retrieved from /opt/airflow/dags/json_dag.py
[2026-09-16T21:25:28.631+0000] {logging_mixin.py:188} INFO - [2026-09-16T21:25:28.631+0000] {dag.py:3096} INFO - Sync 1 DAGs
[2026-09-16T21:25:28.654+0000] {logging_mixin.py:188} INFO - [2026-09-16T21:25:28.653+0000] {dag.py:3954} INFO - Setting next_dagrun for json_dag to 2026-09-16 08:59:00+00:00, run_after=2026-09-17 08:00:00+00:00
[2026-09-16T21:25:28.673+0000] {processor.py:183} INFO - Processing /opt/airflow/dags/json_dag.py took 0.810 seconds
[2026-09-16T21:25:58.998+0000] {processor.py:161} INFO - Started process (PID=3137) to work on /opt/airflow/dags/json_dag.py
[2026-09-16T21:25:59.000+0000] {processor.py:830} INFO - Processing file /opt/airflow/dags/json_dag.py for tasks to queue
[2026-09-16T21:25:59.002+0000] {logging_mixin.py:188} INFO - [2026-09-16T21:25:59.002+0000] {dagbag.py:545} INFO - Filling up the DagBag from /opt/airflow/dags/json_dag.py
[2026-09-16T21:25:59.541+0000] {processor.py:840} INFO - DAG(s) 'json_dag' retrieved from /opt/airflow/dags/json_dag.py
[2026-09-16T21:25:59.559+0000] {logging_mixin.py:188} INFO - [2026-09-16T21:25:59.558+0000] {dag.py:3096} INFO - Sync 1 DAGs
[2026-09-16T21:25:59.577+0000] {logging_mixin.py:188} INFO - [2026-09-16T21:25:59.577+0000] {dag.py:3954} INFO - Setting next_dagrun for json_dag to 2026-09-16 08:59:00+00:00, run_after=2026-09-17 08:00:00+00:00
[2026-09-16T21:25:59.600+0000] {processor.py:183} INFO - Processing /opt/airflow/dags/json_dag.py took 0.612 seconds
[2026-09-16T21:26:30.444+0000] {processor.py:161} INFO - Started process (PID=3146) to work on /opt/airflow/dags/json_dag.py
[2026-09-16T21:26:30.446+0000] {processor.py:830} INFO - Processing file /opt/airflow/dags/json_dag.py for tasks to queue
[2026-09-16T21:26:30.450+0000] {logging_mixin.py:188} INFO - [2026-09-16T21:26:30.450+0000] {dagbag.py:545} INFO - Filling up the DagBag from /opt/airflow/dags/json_dag.py
[2026-09-16T21:26:31.262+0000] {processor.py:840} INFO - DAG(s) 'json_dag' retrieved from /opt/airflow/dags/json_dag.py
[2026-09-16T21:26:31.291+0000] {logging_mixin.py:188} INFO - [2026-09-16T21:26:31.291+0000] {dag.py:3096} INFO - Sync 1 DAGs
[2026-09-16T21:26:31.323+0000] {logging_mixin.py:188} INFO - [2026-09-16T21:26:31.323+0000] {dag.py:3954} INFO - Setting next_dagrun for json_dag to 2026-09-16 08:59:00+00:00, run_after=2026-09-17 08:00:00+00:00
[2026-09-16T21:26:31.352+0000] {processor.py:183} INFO - Processing /opt/airflow/dags/json_dag.py took 0.920 seconds
[2026-09-16T21:27:01.739+0000] {processor.py:161} INFO - Started process (PID=3155) to work on /opt/airflow/dags/json_dag.py
[2026-09-16T21:27:01.741+0000] {processor.py:830} INFO - Processing file /opt/airflow/dags/json_dag.py for tasks to queue
[2026-09-16T21:27:01.744+0000] {logging_mixin.py:188} INFO - [2026-09-16T21:27:01.744+0000] {dagbag.py:545} INFO - Filling up the DagBag from /opt/airflow/dags/json_dag.py
[2026-09-16T21:27:02.532+0000] {processor.py:840} INFO - DAG(s) 'json_dag' retrieved from /opt/airflow/dags/json_dag.py
[2026-09-16T21:27:02.557+0000] {logging_mixin.py:188} INFO - [2026-09-16T21:27:02.557+0000] {dag.py:3096} INFO - Sync 1 DAGs
[2026-09-16T21:27:02.584+0000] {logging_mixin.py:188} INFO - [2026-09-16T21:27:02.584+0000] {dag.py:3954} INFO - Setting next_dagrun for json_dag to 2026-09-16 08:59:00+00:00, run_after=2026-09-17 08:00:00+00:00
[2026-09-16T21:27:02.621+0000] {processor.py:183} INFO - Processing /opt/airflow/dags/json_dag.py took 0.891 seconds
[2026-09-16T21:27:33.026+0000] {processor.py:161} INFO - Started process (PID=3164) to work on /opt/airflow/dags/json_dag.py
[2026-09-16T21:27:33.028+0000] {processor.py:830} INFO - Processing file /opt/airflow/dags/json_dag.py for tasks to queue
[2026-09-16T21:27:33.031+0000] {logging_mixin.py:188} INFO - [2026-09-16T21:27:33.031+0000] {dagbag.py:545} INFO - Filling up the DagBag from /opt/airflow/dags/json_dag.py
[2026-09-16T21:27:33.912+0000] {processor.py:840} INFO - DAG(s) 'json_dag' retrieved from /opt/airflow/dags/json_dag.py
[2026-09-16T21:27:33.950+0000] {logging_mixin.py:188} INFO - [2026-09-16T21:27:33.949+0000] {dag.py:3096} INFO - Sync 1 DAGs
[2026-09-16T21:27:33.981+0000] {logging_mixin.py:188} INFO - [2026-09-16T21:27:33.981+0000] {dag.py:3954} INFO - Setting next_dagrun for json_dag to 2026-09-16 08:59:00+00:00, run_after=2026-09-17 08:00:00+00:00
[2026-09-16T21:27:34.010+0000] {processor.py:183} INFO - Processing /opt/airflow/dags/json_dag.py took 0.998 seconds
[2026-09-16T21:28:04.392+0000] {processor.py:161} INFO - Started process (PID=3179) to work on /opt/airflow/dags/json_dag.py
[2026-09-16T21:28:04.394+0000] {processor.py:830} INFO - Processing file /opt/airflow/dags/json_dag.py for tasks to queue
[2026-09-16T21:28:04.398+0000] {logging_mixin.py:188} INFO - [2026-09-16T21:28:04.398+0000] {dagbag.py:545} INFO - Filling up the DagBag from /opt/airflow/dags/json_dag.py
[2026-09-16T21:28:04.957+0000] {processor.py:840} INFO - DAG(s) 'json_dag' retrieved from /opt/airflow/dags/json_dag.py
[2026-09-16T21:28:04.975+0000] {logging_mixin.py:188} INFO - [2026-09-16T21:28:04.975+0000] {dag.py:3096} INFO - Sync 1 DAGs
[2026-09-16T21:28:04.997+0000] {logging_mixin.py:188} INFO - [2026-09-16T21:28:04.997+0000] {dag.py:3954} INFO - Setting next_dagrun for json_dag to 2026-09-16 08:59:00+00:00, run_after=2026-09-17 08:00:00+00:00
[2026-09-16T21:28:05.021+0000] {processor.py:183} INFO - Processing /opt/airflow/dags/json_dag.py took 0.643 seconds
[2026-09-16T21:28:35.732+0000] {processor.py:161} INFO - Started process (PID=3188) to work on /opt/airflow/dags/json_dag.py
[2026-09-16T21:28:35.733+0000] {processor.py:830} INFO - Processing file /opt/airflow/dags/json_dag.py for tasks to queue
[2026-09-16T21:28:35.735+0000] {logging_mixin.py:188} INFO - [2026-09-16T21:28:35.734+0000] {dagbag.py:545} INFO - Filling up the DagBag from /opt/airflow/dags/json_dag.py
[2026-09-16T21:28:36.249+0000] {processor.py:840} INFO - DAG(s) 'json_dag' retrieved from /opt/airflow/dags/json_dag.py
[2026-09-16T21:28:36.267+0000] {logging_mixin.py:188} INFO - [2026-09-16T21:28:36.267+0000] {dag.py:3096} INFO - Sync 1 DAGs
[2026-09-16T21:28:36.284+0000] {logging_mixin.py:188} INFO - [2026-09-16T21:28:36.283+0000] {dag.py:3954} INFO - Setting next_dagrun for json_dag to 2026-09-16 08:59:00+00:00, run_after=2026-09-17 08:00:00+00:00
[2026-09-16T21:28:36.306+0000] {processor.py:183} INFO - Processing /opt/airflow/dags/json_dag.py took 0.581 seconds
[2026-09-16T21:29:07.140+0000] {processor.py:161} INFO - Started process (PID=3197) to work on /opt/airflow/dags/json_dag.py
[2026-09-16T21:29:07.142+0000] {processor.py:830} INFO - Processing file /opt/airflow/dags/json_dag.py for tasks to queue
[2026-09-16T21:29:07.143+0000] {logging_mixin.py:188} INFO - [2026-09-16T21:29:07.143+0000] {dagbag.py:545} INFO - Filling up the DagBag from /opt/airflow/dags/json_dag.py
[2026-09-16T21:29:07.664+0000] {processor.py:840} INFO - DAG(s) 'json_dag' retrieved from /opt/airflow/dags/json_dag.py
[2026-09-16T21:29:07.682+0000] {logging_mixin.py:188} INFO - [2026-09-16T21:29:07.682+0000] {dag.py:3096} INFO - Sync 1 DAGs
[2026-09-16T21:29:07.702+0000] {logging_mixin.py:188} INFO - [2026-09-16T21:29:07.702+0000] {dag.py:3954} INFO - Setting next_dagrun for json_dag to 2026-09-16 08:59:00+00:00, run_after=2026-09-17 08:00:00+00:00
[2026-09-16T21:29:07.723+0000] {processor.py:183} INFO - Processing /opt/airflow/dags/json_dag.py took 0.588 seconds
[2026-09-16T21:29:38.560+0000] {processor.py:161} INFO - Started process (PID=3206) to work on /opt/airflow/dags/json_dag.py
[2026-09-16T21:29:38.561+0000] {processor.py:830} INFO - Processing file /opt/airflow/dags/json_dag.py for tasks to queue
[2026-09-16T21:29:38.563+0000] {logging_mixin.py:188} INFO - [2026-09-16T21:29:38.563+0000] {dagbag.py:545} INFO - Filling up the DagBag from /opt/airflow/dags/json_dag.py
[2026-09-16T21:29:39.158+0000] {processor.py:840} INFO - DAG(s) 'json_dag' retrieved from /opt/airflow/dags/json_dag.py
[2026-09-16T21:29:39.176+0000] {logging_mixin.py:188} INFO - [2026-09-16T21:29:39.175+0000] {dag.py:3096} INFO - Sync 1 DAGs
[2026-09-16T21:29:39.194+0000] {logging_mixin.py:188} INFO - [2026-09-16T21:29:39.194+0000] {dag.py:3954} INFO - Setting next_dagrun for json_dag to 2026-09-16 08:59:00+00:00, run_after=2026-09-17 08:00:00+00:00
[2026-09-16T21:29:39.216+0000] {processor.py:183} INFO - Processing /opt/airflow/dags/json_dag.py took 0.662 seconds
[2026-09-16T21:30:09.943+0000] {processor.py:161} INFO - Started process (PID=3215) to work on /opt/airflow/dags/json_dag.py
[2026-09-16T21:30:09.945+0000] {processor.py:830} INFO - Processing file /opt/airflow/dags/json_dag.py for tasks to queue
[2026-09-16T21:30:09.947+0000] {logging_mixin.py:188} INFO - [2026-09-16T21:30:09.947+0000] {dagbag.py:545} INFO - Filling up the DagBag from /opt/airflow/dags/json_dag.py
[2026-09-16T21:30:10.476+0000] {processor.py:840} INFO - DAG(s) 'json_dag' retrieved from /opt/airflow/dags/json_dag.py
[2026-09-16T21:30:10.496+0000] {logging_mixin.py:188} INFO - [2026-09-16T21:30:10.495+0000] {dag.py:3096} INFO - Sync 1 DAGs
[2026-09-16T21:30:10.515+0000] {logging_mixin.py:188} INFO - [2026-09-16T21:30:10.515+0000] {dag.py:3954} INFO - Setting next_dagrun for json_dag to 2026-09-16 08:59:00+00:00, run_after=2026-09-17 08:00:00+00:00
[2026-09-16T21:30:10.537+0000] {processor.py:183} INFO - Processing /opt/airflow/dags/json_dag.py took 0.601 seconds
[2026-09-16T21:30:41.314+0000] {processor.py:161} INFO - Started process (PID=3224) to work on /opt/airflow/dags/json_dag.py
[2026-09-16T21:30:41.315+0000] {processor.py:830} INFO - Processing file /opt/airflow/dags/json_dag.py for tasks to queue
[2026-09-16T21:30:41.317+0000] {logging_mixin.py:188} INFO - [2026-09-16T21:30:41.317+0000] {dagbag.py:545} INFO - Filling up the DagBag from /opt/airflow/dags/json_dag.py
[2026-09-16T21:30:41.844+0000] {processor.py:840} INFO - DAG(s) 'json_dag' retrieved from /opt/airflow/dags/json_dag.py
[2026-09-16T21:30:41.863+0000] {logging_mixin.py:188} INFO - [2026-09-16T21:30:41.863+0000] {dag.py:3096} INFO - Sync 1 DAGs
[2026-09-16T21:30:41.882+0000] {logging_mixin.py:188} INFO - [2026-09-16T21:30:41.881+0000] {dag.py:3954} INFO - Setting next_dagrun for json_dag to 2026-09-16 08:59:00+00:00, run_after=2026-09-17 08:00:00+00:00
[2026-09-16T21:30:41.909+0000] {processor.py:183} INFO - Processing /opt/airflow/dags/json_dag.py took 0.604 seconds
[2026-09-16T21:31:12.885+0000] {processor.py:161} INFO - Started process (PID=3234) to work on /opt/airflow/dags/json_dag.py
[2026-09-16T21:31:12.887+0000] {processor.py:830} INFO - Processing file /opt/airflow/dags/json_dag.py for tasks to queue
[2026-09-16T21:31:12.889+0000] {logging_mixin.py:188} INFO - [2026-09-16T21:31:12.889+0000] {dagbag.py:545} INFO - Filling up the DagBag from /opt/airflow/dags/json_dag.py
[2026-09-16T21:31:13.492+0000] {processor.py:840} INFO - DAG(s) 'json_dag' retrieved from /opt/airflow/dags/json_dag.py
[2026-09-16T21:31:13.511+0000] {logging_mixin.py:188} INFO - [2026-09-16T21:31:13.511+0000] {dag.py:3096} INFO - Sync 1 DAGs
[2026-09-16T21:31:13.529+0000] {logging_mixin.py:188} INFO - [2026-09-16T21:31:13.529+0000] {dag.py:3954} INFO - Setting next_dagrun for json_dag to 2026-09-16 08:59:00+00:00, run_after=2026-09-17 08:00:00+00:00
[2026-09-16T21:31:13.549+0000] {processor.py:183} INFO - Processing /opt/airflow/dags/json_dag.py took 0.669 seconds
[2026-09-16T21:31:44.155+0000] {processor.py:161} INFO - Started process (PID=3243) to work on /opt/airflow/dags/json_dag.py
[2026-09-16T21:31:44.157+0000] {processor.py:830} INFO - Processing file /opt/airflow/dags/json_dag.py for tasks to queue
[2026-09-16T21:31:44.158+0000] {logging_mixin.py:188} INFO - [2026-09-16T21:31:44.158+0000] {dagbag.py:545} INFO - Filling up the DagBag from /opt/airflow/dags/json_dag.py
[2026-09-16T21:31:44.756+0000] {processor.py:840} INFO - DAG(s) 'json_dag' retrieved from /opt/airflow/dags/json_dag.py
[2026-09-16T21:31:44.803+0000] {logging_mixin.py:188} INFO - [2026-09-16T21:31:44.803+0000] {dag.py:3096} INFO - Sync 1 DAGs
[2026-09-16T21:31:44.842+0000] {logging_mixin.py:188} INFO - [2026-09-16T21:31:44.842+0000] {dag.py:3954} INFO - Setting next_dagrun for json_dag to 2026-09-16 08:59:00+00:00, run_after=2026-09-17 08:00:00+00:00
[2026-09-16T21:31:44.875+0000] {processor.py:183} INFO - Processing /opt/airflow/dags/json_dag.py took 0.726 seconds
[2026-09-16T21:32:15.548+0000] {processor.py:161} INFO - Started process (PID=3252) to work on /opt/airflow/dags/json_dag.py
[2026-09-16T21:32:15.549+0000] {processor.py:830} INFO - Processing file /opt/airflow/dags/json_dag.py for tasks to queue
[2026-09-16T21:32:15.553+0000] {logging_mixin.py:188} INFO - [2026-09-16T21:32:15.552+0000] {dagbag.py:545} INFO - Filling up the DagBag from /opt/airflow/dags/json_dag.py
[2026-09-16T21:32:16.109+0000] {processor.py:840} INFO - DAG(s) 'json_dag' retrieved from /opt/airflow/dags/json_dag.py
[2026-09-16T21:32:16.127+0000] {logging_mixin.py:188} INFO - [2026-09-16T21:32:16.127+0000] {dag.py:3096} INFO - Sync 1 DAGs
[2026-09-16T21:32:16.147+0000] {logging_mixin.py:188} INFO - [2026-09-16T21:32:16.147+0000] {dag.py:3954} INFO - Setting next_dagrun for json_dag to 2026-09-16 08:59:00+00:00, run_after=2026-09-17 08:00:00+00:00
[2026-09-16T21:32:16.167+0000] {processor.py:183} INFO - Processing /opt/airflow/dags/json_dag.py took 0.625 seconds
[2026-09-16T21:32:46.932+0000] {processor.py:161} INFO - Started process (PID=3261) to work on /opt/airflow/dags/json_dag.py
[2026-09-16T21:32:46.933+0000] {processor.py:830} INFO - Processing file /opt/airflow/dags/json_dag.py for tasks to queue
[2026-09-16T21:32:46.934+0000] {logging_mixin.py:188} INFO - [2026-09-16T21:32:46.934+0000] {dagbag.py:545} INFO - Filling up the DagBag from /opt/airflow/dags/json_dag.py
[2026-09-16T21:32:47.582+0000] {processor.py:840} INFO - DAG(s) 'json_dag' retrieved from /opt/airflow/dags/json_dag.py
[2026-09-16T21:32:47.600+0000] {logging_mixin.py:188} INFO - [2026-09-16T21:32:47.599+0000] {dag.py:3096} INFO - Sync 1 DAGs
[2026-09-16T21:32:47.624+0000] {logging_mixin.py:188} INFO - [2026-09-16T21:32:47.624+0000] {dag.py:3954} INFO - Setting next_dagrun for json_dag to 2026-09-16 08:59:00+00:00, run_after=2026-09-17 08:00:00+00:00
[2026-09-16T21:32:47.644+0000] {processor.py:183} INFO - Processing /opt/airflow/dags/json_dag.py took 0.718 seconds
