[2026-09-16T15:06:48.442+0000] {processor.py:161} INFO - Started process (PID=66) to work on /opt/airflow/dags/stoke_dag.py
[2026-09-16T15:06:48.445+0000] {processor.py:830} INFO - Processing file /opt/airflow/dags/stoke_dag.py for tasks to queue
[2026-09-16T15:06:48.450+0000] {logging_mixin.py:188} INFO - [2026-09-16T15:06:48.449+0000] {dagbag.py:545} INFO - Filling up the DagBag from /opt/airflow/dags/stoke_dag.py
[2026-09-16T15:06:48.527+0000] {processor.py:840} INFO - DAG(s) 'save_data' retrieved from /opt/airflow/dags/stoke_dag.py
[2026-09-16T15:06:49.627+0000] {logging_mixin.py:188} INFO - [2026-09-16T15:06:49.625+0000] {override.py:1829} INFO - Created Permission View: can read on DAG:save_data
[2026-09-16T15:06:49.685+0000] {logging_mixin.py:188} INFO - [2026-09-16T15:06:49.684+0000] {override.py:1829} INFO - Created Permission View: can edit on DAG:save_data
[2026-09-16T15:06:49.703+0000] {logging_mixin.py:188} INFO - [2026-09-16T15:06:49.703+0000] {override.py:1829} INFO - Created Permission View: can delete on DAG:save_data
[2026-09-16T15:06:49.705+0000] {logging_mixin.py:188} INFO - [2026-09-16T15:06:49.705+0000] {dag.py:3096} INFO - Sync 1 DAGs
[2026-09-16T15:06:49.740+0000] {logging_mixin.py:188} INFO - [2026-09-16T15:06:49.739+0000] {dag.py:3118} INFO - Creating ORM DAG for save_data
[2026-09-16T15:06:49.748+0000] {logging_mixin.py:188} INFO - [2026-09-16T15:06:49.747+0000] {dag.py:3954} INFO - Setting next_dagrun for save_data to None, run_after=None
[2026-09-16T15:06:49.801+0000] {processor.py:183} INFO - Processing /opt/airflow/dags/stoke_dag.py took 1.378 seconds
[2026-09-16T15:07:20.165+0000] {processor.py:161} INFO - Started process (PID=74) to work on /opt/airflow/dags/stoke_dag.py
[2026-09-16T15:07:20.169+0000] {processor.py:830} INFO - Processing file /opt/airflow/dags/stoke_dag.py for tasks to queue
[2026-09-16T15:07:20.173+0000] {logging_mixin.py:188} INFO - [2026-09-16T15:07:20.173+0000] {dagbag.py:545} INFO - Filling up the DagBag from /opt/airflow/dags/stoke_dag.py
[2026-09-16T15:07:20.206+0000] {processor.py:840} INFO - DAG(s) 'save_data' retrieved from /opt/airflow/dags/stoke_dag.py
[2026-09-16T15:07:20.241+0000] {logging_mixin.py:188} INFO - [2026-09-16T15:07:20.241+0000] {dag.py:3096} INFO - Sync 1 DAGs
[2026-09-16T15:07:20.256+0000] {logging_mixin.py:188} INFO - [2026-09-16T15:07:20.256+0000] {dag.py:3954} INFO - Setting next_dagrun for save_data to None, run_after=None
[2026-09-16T15:07:20.286+0000] {processor.py:183} INFO - Processing /opt/airflow/dags/stoke_dag.py took 0.134 seconds
[2026-09-16T15:07:50.628+0000] {processor.py:161} INFO - Started process (PID=82) to work on /opt/airflow/dags/stoke_dag.py
[2026-09-16T15:07:50.630+0000] {processor.py:830} INFO - Processing file /opt/airflow/dags/stoke_dag.py for tasks to queue
[2026-09-16T15:07:50.633+0000] {logging_mixin.py:188} INFO - [2026-09-16T15:07:50.632+0000] {dagbag.py:545} INFO - Filling up the DagBag from /opt/airflow/dags/stoke_dag.py
[2026-09-16T15:07:50.669+0000] {processor.py:840} INFO - DAG(s) 'save_data' retrieved from /opt/airflow/dags/stoke_dag.py
[2026-09-16T15:07:50.703+0000] {logging_mixin.py:188} INFO - [2026-09-16T15:07:50.702+0000] {dag.py:3096} INFO - Sync 1 DAGs
[2026-09-16T15:07:50.720+0000] {logging_mixin.py:188} INFO - [2026-09-16T15:07:50.720+0000] {dag.py:3954} INFO - Setting next_dagrun for save_data to None, run_after=None
[2026-09-16T15:07:50.752+0000] {processor.py:183} INFO - Processing /opt/airflow/dags/stoke_dag.py took 0.136 seconds
[2026-09-16T15:08:20.933+0000] {processor.py:161} INFO - Started process (PID=90) to work on /opt/airflow/dags/stoke_dag.py
[2026-09-16T15:08:20.936+0000] {processor.py:830} INFO - Processing file /opt/airflow/dags/stoke_dag.py for tasks to queue
[2026-09-16T15:08:20.940+0000] {logging_mixin.py:188} INFO - [2026-09-16T15:08:20.939+0000] {dagbag.py:545} INFO - Filling up the DagBag from /opt/airflow/dags/stoke_dag.py
[2026-09-16T15:08:20.980+0000] {processor.py:840} INFO - DAG(s) 'save_data' retrieved from /opt/airflow/dags/stoke_dag.py
[2026-09-16T15:08:21.021+0000] {logging_mixin.py:188} INFO - [2026-09-16T15:08:21.021+0000] {dag.py:3096} INFO - Sync 1 DAGs
[2026-09-16T15:08:21.039+0000] {logging_mixin.py:188} INFO - [2026-09-16T15:08:21.038+0000] {dag.py:3954} INFO - Setting next_dagrun for save_data to None, run_after=None
[2026-09-16T15:08:21.065+0000] {processor.py:183} INFO - Processing /opt/airflow/dags/stoke_dag.py took 0.142 seconds
[2026-09-16T15:08:51.454+0000] {processor.py:161} INFO - Started process (PID=98) to work on /opt/airflow/dags/stoke_dag.py
[2026-09-16T15:08:51.457+0000] {processor.py:830} INFO - Processing file /opt/airflow/dags/stoke_dag.py for tasks to queue
[2026-09-16T15:08:51.462+0000] {logging_mixin.py:188} INFO - [2026-09-16T15:08:51.461+0000] {dagbag.py:545} INFO - Filling up the DagBag from /opt/airflow/dags/stoke_dag.py
[2026-09-16T15:08:51.502+0000] {processor.py:840} INFO - DAG(s) 'save_data' retrieved from /opt/airflow/dags/stoke_dag.py
[2026-09-16T15:08:51.540+0000] {logging_mixin.py:188} INFO - [2026-09-16T15:08:51.540+0000] {dag.py:3096} INFO - Sync 1 DAGs
[2026-09-16T15:08:51.565+0000] {logging_mixin.py:188} INFO - [2026-09-16T15:08:51.565+0000] {dag.py:3954} INFO - Setting next_dagrun for save_data to None, run_after=None
[2026-09-16T15:08:51.599+0000] {processor.py:183} INFO - Processing /opt/airflow/dags/stoke_dag.py took 0.161 seconds
[2026-09-16T15:09:22.030+0000] {processor.py:161} INFO - Started process (PID=106) to work on /opt/airflow/dags/stoke_dag.py
[2026-09-16T15:09:22.032+0000] {processor.py:830} INFO - Processing file /opt/airflow/dags/stoke_dag.py for tasks to queue
[2026-09-16T15:09:22.036+0000] {logging_mixin.py:188} INFO - [2026-09-16T15:09:22.035+0000] {dagbag.py:545} INFO - Filling up the DagBag from /opt/airflow/dags/stoke_dag.py
[2026-09-16T15:09:22.069+0000] {processor.py:840} INFO - DAG(s) 'save_data' retrieved from /opt/airflow/dags/stoke_dag.py
[2026-09-16T15:09:22.104+0000] {logging_mixin.py:188} INFO - [2026-09-16T15:09:22.104+0000] {dag.py:3096} INFO - Sync 1 DAGs
[2026-09-16T15:09:22.123+0000] {logging_mixin.py:188} INFO - [2026-09-16T15:09:22.123+0000] {dag.py:3954} INFO - Setting next_dagrun for save_data to None, run_after=None
[2026-09-16T15:09:22.155+0000] {processor.py:183} INFO - Processing /opt/airflow/dags/stoke_dag.py took 0.137 seconds
[2026-09-16T15:09:52.606+0000] {processor.py:161} INFO - Started process (PID=117) to work on /opt/airflow/dags/stoke_dag.py
[2026-09-16T15:09:52.608+0000] {processor.py:830} INFO - Processing file /opt/airflow/dags/stoke_dag.py for tasks to queue
[2026-09-16T15:09:52.611+0000] {logging_mixin.py:188} INFO - [2026-09-16T15:09:52.610+0000] {dagbag.py:545} INFO - Filling up the DagBag from /opt/airflow/dags/stoke_dag.py
[2026-09-16T15:09:52.633+0000] {processor.py:840} INFO - DAG(s) 'save_data' retrieved from /opt/airflow/dags/stoke_dag.py
[2026-09-16T15:09:52.662+0000] {logging_mixin.py:188} INFO - [2026-09-16T15:09:52.662+0000] {dag.py:3096} INFO - Sync 1 DAGs
[2026-09-16T15:09:52.675+0000] {logging_mixin.py:188} INFO - [2026-09-16T15:09:52.675+0000] {dag.py:3954} INFO - Setting next_dagrun for save_data to None, run_after=None
[2026-09-16T15:09:52.702+0000] {processor.py:183} INFO - Processing /opt/airflow/dags/stoke_dag.py took 0.103 seconds
[2026-09-16T15:10:22.764+0000] {processor.py:161} INFO - Started process (PID=130) to work on /opt/airflow/dags/stoke_dag.py
[2026-09-16T15:10:22.765+0000] {processor.py:830} INFO - Processing file /opt/airflow/dags/stoke_dag.py for tasks to queue
[2026-09-16T15:10:22.768+0000] {logging_mixin.py:188} INFO - [2026-09-16T15:10:22.767+0000] {dagbag.py:545} INFO - Filling up the DagBag from /opt/airflow/dags/stoke_dag.py
[2026-09-16T15:10:22.794+0000] {processor.py:840} INFO - DAG(s) 'save_data' retrieved from /opt/airflow/dags/stoke_dag.py
[2026-09-16T15:10:22.826+0000] {logging_mixin.py:188} INFO - [2026-09-16T15:10:22.826+0000] {dag.py:3096} INFO - Sync 1 DAGs
[2026-09-16T15:10:22.845+0000] {logging_mixin.py:188} INFO - [2026-09-16T15:10:22.845+0000] {dag.py:3954} INFO - Setting next_dagrun for save_data to None, run_after=None
[2026-09-16T15:10:22.874+0000] {processor.py:183} INFO - Processing /opt/airflow/dags/stoke_dag.py took 0.120 seconds
[2026-09-16T15:10:53.330+0000] {processor.py:161} INFO - Started process (PID=140) to work on /opt/airflow/dags/stoke_dag.py
[2026-09-16T15:10:53.331+0000] {processor.py:830} INFO - Processing file /opt/airflow/dags/stoke_dag.py for tasks to queue
[2026-09-16T15:10:53.332+0000] {logging_mixin.py:188} INFO - [2026-09-16T15:10:53.332+0000] {dagbag.py:545} INFO - Filling up the DagBag from /opt/airflow/dags/stoke_dag.py
[2026-09-16T15:10:53.351+0000] {processor.py:840} INFO - DAG(s) 'save_data' retrieved from /opt/airflow/dags/stoke_dag.py
[2026-09-16T15:10:53.376+0000] {logging_mixin.py:188} INFO - [2026-09-16T15:10:53.376+0000] {dag.py:3096} INFO - Sync 1 DAGs
[2026-09-16T15:10:53.389+0000] {logging_mixin.py:188} INFO - [2026-09-16T15:10:53.389+0000] {dag.py:3954} INFO - Setting next_dagrun for save_data to None, run_after=None
[2026-09-16T15:10:53.411+0000] {processor.py:183} INFO - Processing /opt/airflow/dags/stoke_dag.py took 0.087 seconds
[2026-09-16T15:11:17.613+0000] {processor.py:161} INFO - Started process (PID=147) to work on /opt/airflow/dags/stoke_dag.py
[2026-09-16T15:11:17.615+0000] {processor.py:830} INFO - Processing file /opt/airflow/dags/stoke_dag.py for tasks to queue
[2026-09-16T15:11:17.616+0000] {logging_mixin.py:188} INFO - [2026-09-16T15:11:17.616+0000] {dagbag.py:545} INFO - Filling up the DagBag from /opt/airflow/dags/stoke_dag.py
[2026-09-16T15:11:17.647+0000] {logging_mixin.py:188} INFO - [2026-09-16T15:11:17.641+0000] {dagbag.py:355} ERROR - Failed to import: /opt/airflow/dags/stoke_dag.py
Traceback (most recent call last):
  File "/home/airflow/.local/lib/python3.10/site-packages/airflow/models/dagbag.py", line 351, in parse
    loader.exec_module(new_module)
  File "<frozen importlib._bootstrap_external>", line 883, in exec_module
  File "<frozen importlib._bootstrap>", line 241, in _call_with_frames_removed
  File "/opt/airflow/dags/stoke_dag.py", line 42, in <module>
    stoke_videos()
  File "/home/airflow/.local/lib/python3.10/site-packages/airflow/models/dag.py", line 4081, in factory
    f(**f_kwargs)
  File "/opt/airflow/dags/stoke_dag.py", line 13, in stoke_videos
    config = Config.create(
NameError: name 'Config' is not defined
[2026-09-16T15:11:17.649+0000] {processor.py:842} WARNING - No viable dags retrieved from /opt/airflow/dags/stoke_dag.py
[2026-09-16T15:11:17.670+0000] {processor.py:183} INFO - Processing /opt/airflow/dags/stoke_dag.py took 0.066 seconds
[2026-09-16T15:11:22.707+0000] {processor.py:161} INFO - Started process (PID=148) to work on /opt/airflow/dags/stoke_dag.py
[2026-09-16T15:11:22.709+0000] {processor.py:830} INFO - Processing file /opt/airflow/dags/stoke_dag.py for tasks to queue
[2026-09-16T15:11:22.711+0000] {logging_mixin.py:188} INFO - [2026-09-16T15:11:22.711+0000] {dagbag.py:545} INFO - Filling up the DagBag from /opt/airflow/dags/stoke_dag.py
[2026-09-16T15:11:22.761+0000] {processor.py:840} INFO - DAG(s) 'save_data' retrieved from /opt/airflow/dags/stoke_dag.py
[2026-09-16T15:11:22.812+0000] {logging_mixin.py:188} INFO - [2026-09-16T15:11:22.811+0000] {dag.py:3096} INFO - Sync 1 DAGs
[2026-09-16T15:11:22.831+0000] {logging_mixin.py:188} INFO - [2026-09-16T15:11:22.831+0000] {dag.py:3954} INFO - Setting next_dagrun for save_data to None, run_after=None
[2026-09-16T15:11:22.864+0000] {processor.py:183} INFO - Processing /opt/airflow/dags/stoke_dag.py took 0.169 seconds
[2026-09-16T15:11:50.139+0000] {processor.py:161} INFO - Started process (PID=156) to work on /opt/airflow/dags/stoke_dag.py
[2026-09-16T15:11:50.140+0000] {processor.py:830} INFO - Processing file /opt/airflow/dags/stoke_dag.py for tasks to queue
[2026-09-16T15:11:50.141+0000] {logging_mixin.py:188} INFO - [2026-09-16T15:11:50.141+0000] {dagbag.py:545} INFO - Filling up the DagBag from /opt/airflow/dags/stoke_dag.py
[2026-09-16T15:11:50.173+0000] {processor.py:840} INFO - DAG(s) 'save_data' retrieved from /opt/airflow/dags/stoke_dag.py
[2026-09-16T15:11:50.198+0000] {logging_mixin.py:188} INFO - [2026-09-16T15:11:50.197+0000] {dag.py:3096} INFO - Sync 1 DAGs
[2026-09-16T15:11:50.210+0000] {logging_mixin.py:188} INFO - [2026-09-16T15:11:50.209+0000] {dag.py:3954} INFO - Setting next_dagrun for save_data to None, run_after=None
[2026-09-16T15:11:50.241+0000] {processor.py:183} INFO - Processing /opt/airflow/dags/stoke_dag.py took 0.109 seconds
[2026-09-16T15:11:54.328+0000] {processor.py:161} INFO - Started process (PID=158) to work on /opt/airflow/dags/stoke_dag.py
[2026-09-16T15:11:54.329+0000] {processor.py:830} INFO - Processing file /opt/airflow/dags/stoke_dag.py for tasks to queue
[2026-09-16T15:11:54.331+0000] {logging_mixin.py:188} INFO - [2026-09-16T15:11:54.330+0000] {dagbag.py:545} INFO - Filling up the DagBag from /opt/airflow/dags/stoke_dag.py
[2026-09-16T15:11:54.364+0000] {processor.py:840} INFO - DAG(s) 'save_data' retrieved from /opt/airflow/dags/stoke_dag.py
[2026-09-16T15:11:54.388+0000] {logging_mixin.py:188} INFO - [2026-09-16T15:11:54.387+0000] {dag.py:3096} INFO - Sync 1 DAGs
[2026-09-16T15:11:54.403+0000] {logging_mixin.py:188} INFO - [2026-09-16T15:11:54.403+0000] {dag.py:3954} INFO - Setting next_dagrun for save_data to None, run_after=None
[2026-09-16T15:11:54.441+0000] {processor.py:183} INFO - Processing /opt/airflow/dags/stoke_dag.py took 0.121 seconds
[2026-09-16T15:11:58.377+0000] {processor.py:161} INFO - Started process (PID=159) to work on /opt/airflow/dags/stoke_dag.py
[2026-09-16T15:11:58.379+0000] {processor.py:830} INFO - Processing file /opt/airflow/dags/stoke_dag.py for tasks to queue
[2026-09-16T15:11:58.380+0000] {logging_mixin.py:188} INFO - [2026-09-16T15:11:58.380+0000] {dagbag.py:545} INFO - Filling up the DagBag from /opt/airflow/dags/stoke_dag.py
[2026-09-16T15:11:58.418+0000] {processor.py:840} INFO - DAG(s) 'save_data' retrieved from /opt/airflow/dags/stoke_dag.py
[2026-09-16T15:11:58.463+0000] {logging_mixin.py:188} INFO - [2026-09-16T15:11:58.463+0000] {dag.py:3096} INFO - Sync 1 DAGs
[2026-09-16T15:11:58.482+0000] {logging_mixin.py:188} INFO - [2026-09-16T15:11:58.481+0000] {dag.py:3954} INFO - Setting next_dagrun for save_data to None, run_after=None
[2026-09-16T15:11:58.523+0000] {processor.py:183} INFO - Processing /opt/airflow/dags/stoke_dag.py took 0.154 seconds
[2026-09-16T15:12:19.853+0000] {processor.py:161} INFO - Started process (PID=166) to work on /opt/airflow/dags/stoke_dag.py
[2026-09-16T15:12:19.854+0000] {processor.py:830} INFO - Processing file /opt/airflow/dags/stoke_dag.py for tasks to queue
[2026-09-16T15:12:19.855+0000] {logging_mixin.py:188} INFO - [2026-09-16T15:12:19.855+0000] {dagbag.py:545} INFO - Filling up the DagBag from /opt/airflow/dags/stoke_dag.py
[2026-09-16T15:12:19.884+0000] {processor.py:840} INFO - DAG(s) 'save_data' retrieved from /opt/airflow/dags/stoke_dag.py
[2026-09-16T15:12:19.910+0000] {logging_mixin.py:188} INFO - [2026-09-16T15:12:19.910+0000] {dag.py:3096} INFO - Sync 1 DAGs
[2026-09-16T15:12:19.927+0000] {logging_mixin.py:188} INFO - [2026-09-16T15:12:19.926+0000] {dag.py:3954} INFO - Setting next_dagrun for save_data to None, run_after=None
[2026-09-16T15:12:19.962+0000] {processor.py:183} INFO - Processing /opt/airflow/dags/stoke_dag.py took 0.115 seconds
[2026-09-16T15:12:27.956+0000] {processor.py:161} INFO - Started process (PID=168) to work on /opt/airflow/dags/stoke_dag.py
[2026-09-16T15:12:27.957+0000] {processor.py:830} INFO - Processing file /opt/airflow/dags/stoke_dag.py for tasks to queue
[2026-09-16T15:12:27.959+0000] {logging_mixin.py:188} INFO - [2026-09-16T15:12:27.958+0000] {dagbag.py:545} INFO - Filling up the DagBag from /opt/airflow/dags/stoke_dag.py
[2026-09-16T15:12:28.000+0000] {processor.py:840} INFO - DAG(s) 'save_data' retrieved from /opt/airflow/dags/stoke_dag.py
[2026-09-16T15:12:28.037+0000] {logging_mixin.py:188} INFO - [2026-09-16T15:12:28.037+0000] {dag.py:3096} INFO - Sync 1 DAGs
[2026-09-16T15:12:28.055+0000] {logging_mixin.py:188} INFO - [2026-09-16T15:12:28.054+0000] {dag.py:3954} INFO - Setting next_dagrun for save_data to None, run_after=None
[2026-09-16T15:12:28.080+0000] {processor.py:183} INFO - Processing /opt/airflow/dags/stoke_dag.py took 0.132 seconds
[2026-09-16T15:12:29.081+0000] {processor.py:161} INFO - Started process (PID=169) to work on /opt/airflow/dags/stoke_dag.py
[2026-09-16T15:12:29.083+0000] {processor.py:830} INFO - Processing file /opt/airflow/dags/stoke_dag.py for tasks to queue
[2026-09-16T15:12:29.084+0000] {logging_mixin.py:188} INFO - [2026-09-16T15:12:29.083+0000] {dagbag.py:545} INFO - Filling up the DagBag from /opt/airflow/dags/stoke_dag.py
[2026-09-16T15:12:29.132+0000] {processor.py:840} INFO - DAG(s) 'save_data' retrieved from /opt/airflow/dags/stoke_dag.py
[2026-09-16T15:12:29.183+0000] {logging_mixin.py:188} INFO - [2026-09-16T15:12:29.182+0000] {dag.py:3096} INFO - Sync 1 DAGs
[2026-09-16T15:12:29.208+0000] {logging_mixin.py:188} INFO - [2026-09-16T15:12:29.208+0000] {dag.py:3954} INFO - Setting next_dagrun for save_data to None, run_after=None
[2026-09-16T15:12:29.234+0000] {processor.py:183} INFO - Processing /opt/airflow/dags/stoke_dag.py took 0.168 seconds
[2026-09-16T15:12:32.162+0000] {processor.py:161} INFO - Started process (PID=170) to work on /opt/airflow/dags/stoke_dag.py
[2026-09-16T15:12:32.164+0000] {processor.py:830} INFO - Processing file /opt/airflow/dags/stoke_dag.py for tasks to queue
[2026-09-16T15:12:32.165+0000] {logging_mixin.py:188} INFO - [2026-09-16T15:12:32.165+0000] {dagbag.py:545} INFO - Filling up the DagBag from /opt/airflow/dags/stoke_dag.py
[2026-09-16T15:12:32.225+0000] {processor.py:840} INFO - DAG(s) 'save_data' retrieved from /opt/airflow/dags/stoke_dag.py
[2026-09-16T15:12:32.267+0000] {logging_mixin.py:188} INFO - [2026-09-16T15:12:32.266+0000] {dag.py:3096} INFO - Sync 1 DAGs
[2026-09-16T15:12:32.298+0000] {logging_mixin.py:188} INFO - [2026-09-16T15:12:32.298+0000] {dag.py:3954} INFO - Setting next_dagrun for save_data to None, run_after=None
[2026-09-16T15:12:32.345+0000] {processor.py:183} INFO - Processing /opt/airflow/dags/stoke_dag.py took 0.199 seconds
[2026-09-16T15:12:33.430+0000] {processor.py:161} INFO - Started process (PID=171) to work on /opt/airflow/dags/stoke_dag.py
[2026-09-16T15:12:33.432+0000] {processor.py:830} INFO - Processing file /opt/airflow/dags/stoke_dag.py for tasks to queue
[2026-09-16T15:12:33.432+0000] {logging_mixin.py:188} INFO - [2026-09-16T15:12:33.432+0000] {dagbag.py:545} INFO - Filling up the DagBag from /opt/airflow/dags/stoke_dag.py
[2026-09-16T15:12:33.461+0000] {processor.py:840} INFO - DAG(s) 'save_data' retrieved from /opt/airflow/dags/stoke_dag.py
[2026-09-16T15:12:33.486+0000] {logging_mixin.py:188} INFO - [2026-09-16T15:12:33.485+0000] {dag.py:3096} INFO - Sync 1 DAGs
[2026-09-16T15:12:33.501+0000] {logging_mixin.py:188} INFO - [2026-09-16T15:12:33.501+0000] {dag.py:3954} INFO - Setting next_dagrun for save_data to None, run_after=None
[2026-09-16T15:12:33.534+0000] {processor.py:183} INFO - Processing /opt/airflow/dags/stoke_dag.py took 0.109 seconds
[2026-09-16T15:12:45.534+0000] {processor.py:161} INFO - Started process (PID=178) to work on /opt/airflow/dags/stoke_dag.py
[2026-09-16T15:12:45.535+0000] {processor.py:830} INFO - Processing file /opt/airflow/dags/stoke_dag.py for tasks to queue
[2026-09-16T15:12:45.536+0000] {logging_mixin.py:188} INFO - [2026-09-16T15:12:45.535+0000] {dagbag.py:545} INFO - Filling up the DagBag from /opt/airflow/dags/stoke_dag.py
[2026-09-16T15:12:45.564+0000] {logging_mixin.py:188} INFO - [2026-09-16T15:12:45.559+0000] {dagbag.py:355} ERROR - Failed to import: /opt/airflow/dags/stoke_dag.py
Traceback (most recent call last):
  File "/home/airflow/.local/lib/python3.10/site-packages/airflow/models/dagbag.py", line 351, in parse
    loader.exec_module(new_module)
  File "<frozen importlib._bootstrap_external>", line 883, in exec_module
  File "<frozen importlib._bootstrap>", line 241, in _call_with_frames_removed
  File "/opt/airflow/dags/stoke_dag.py", line 43, in <module>
    stoke_videos()
  File "/home/airflow/.local/lib/python3.10/site-packages/airflow/models/dag.py", line 4081, in factory
    f(**f_kwargs)
  File "/opt/airflow/dags/stoke_dag.py", line 16, in stoke_videos
    def read_from_json(self):
  File "/home/airflow/.local/lib/python3.10/site-packages/airflow/decorators/python.py", line 75, in python_task
    return task_decorator_factory(
  File "/home/airflow/.local/lib/python3.10/site-packages/airflow/decorators/base.py", line 646, in task_decorator_factory
    decorator = _TaskDecorator(
  File "<attrs generated init airflow.decorators.base._TaskDecorator>", line 19, in __init__
    self.__attrs_post_init__()
  File "/home/airflow/.local/lib/python3.10/site-packages/airflow/decorators/base.py", line 363, in __attrs_post_init__
    raise TypeError(f"@{self.decorator_name} does not support methods")
TypeError: @task does not support methods
[2026-09-16T15:12:45.564+0000] {processor.py:842} WARNING - No viable dags retrieved from /opt/airflow/dags/stoke_dag.py
[2026-09-16T15:12:45.588+0000] {processor.py:183} INFO - Processing /opt/airflow/dags/stoke_dag.py took 0.060 seconds
[2026-09-16T15:12:48.593+0000] {processor.py:161} INFO - Started process (PID=179) to work on /opt/airflow/dags/stoke_dag.py
[2026-09-16T15:12:48.596+0000] {processor.py:830} INFO - Processing file /opt/airflow/dags/stoke_dag.py for tasks to queue
[2026-09-16T15:12:48.598+0000] {logging_mixin.py:188} INFO - [2026-09-16T15:12:48.597+0000] {dagbag.py:545} INFO - Filling up the DagBag from /opt/airflow/dags/stoke_dag.py
[2026-09-16T15:12:48.642+0000] {logging_mixin.py:188} INFO - [2026-09-16T15:12:48.634+0000] {dagbag.py:355} ERROR - Failed to import: /opt/airflow/dags/stoke_dag.py
Traceback (most recent call last):
  File "/home/airflow/.local/lib/python3.10/site-packages/airflow/models/dagbag.py", line 351, in parse
    loader.exec_module(new_module)
  File "<frozen importlib._bootstrap_external>", line 883, in exec_module
  File "<frozen importlib._bootstrap>", line 241, in _call_with_frames_removed
  File "/opt/airflow/dags/stoke_dag.py", line 43, in <module>
    stoke_videos()
  File "/home/airflow/.local/lib/python3.10/site-packages/airflow/models/dag.py", line 4081, in factory
    f(**f_kwargs)
  File "/opt/airflow/dags/stoke_dag.py", line 16, in stoke_videos
    def read_json(self):
  File "/home/airflow/.local/lib/python3.10/site-packages/airflow/decorators/python.py", line 75, in python_task
    return task_decorator_factory(
  File "/home/airflow/.local/lib/python3.10/site-packages/airflow/decorators/base.py", line 646, in task_decorator_factory
    decorator = _TaskDecorator(
  File "<attrs generated init airflow.decorators.base._TaskDecorator>", line 19, in __init__
    self.__attrs_post_init__()
  File "/home/airflow/.local/lib/python3.10/site-packages/airflow/decorators/base.py", line 363, in __attrs_post_init__
    raise TypeError(f"@{self.decorator_name} does not support methods")
TypeError: @task does not support methods
[2026-09-16T15:12:48.643+0000] {processor.py:842} WARNING - No viable dags retrieved from /opt/airflow/dags/stoke_dag.py
[2026-09-16T15:12:48.669+0000] {processor.py:183} INFO - Processing /opt/airflow/dags/stoke_dag.py took 0.084 seconds
[2026-09-16T15:12:50.681+0000] {processor.py:161} INFO - Started process (PID=180) to work on /opt/airflow/dags/stoke_dag.py
[2026-09-16T15:12:50.683+0000] {processor.py:830} INFO - Processing file /opt/airflow/dags/stoke_dag.py for tasks to queue
[2026-09-16T15:12:50.684+0000] {logging_mixin.py:188} INFO - [2026-09-16T15:12:50.684+0000] {dagbag.py:545} INFO - Filling up the DagBag from /opt/airflow/dags/stoke_dag.py
[2026-09-16T15:12:50.725+0000] {logging_mixin.py:188} INFO - [2026-09-16T15:12:50.718+0000] {dagbag.py:355} ERROR - Failed to import: /opt/airflow/dags/stoke_dag.py
Traceback (most recent call last):
  File "/home/airflow/.local/lib/python3.10/site-packages/airflow/models/dagbag.py", line 351, in parse
    loader.exec_module(new_module)
  File "<frozen importlib._bootstrap_external>", line 883, in exec_module
  File "<frozen importlib._bootstrap>", line 241, in _call_with_frames_removed
  File "/opt/airflow/dags/stoke_dag.py", line 43, in <module>
    stoke_videos()
  File "/home/airflow/.local/lib/python3.10/site-packages/airflow/models/dag.py", line 4081, in factory
    f(**f_kwargs)
  File "/opt/airflow/dags/stoke_dag.py", line 36, in stoke_videos
    videos = read_json()
  File "/opt/airflow/dags/stoke_dag.py", line 24, in read_json
    from src.app import Application
ModuleNotFoundError: No module named 'src'
[2026-09-16T15:12:50.727+0000] {processor.py:842} WARNING - No viable dags retrieved from /opt/airflow/dags/stoke_dag.py
[2026-09-16T15:12:50.751+0000] {processor.py:183} INFO - Processing /opt/airflow/dags/stoke_dag.py took 0.081 seconds
[2026-09-16T15:12:53.747+0000] {processor.py:161} INFO - Started process (PID=181) to work on /opt/airflow/dags/stoke_dag.py
[2026-09-16T15:12:53.748+0000] {processor.py:830} INFO - Processing file /opt/airflow/dags/stoke_dag.py for tasks to queue
[2026-09-16T15:12:53.749+0000] {logging_mixin.py:188} INFO - [2026-09-16T15:12:53.748+0000] {dagbag.py:545} INFO - Filling up the DagBag from /opt/airflow/dags/stoke_dag.py
[2026-09-16T15:12:53.783+0000] {processor.py:840} INFO - DAG(s) 'save_data' retrieved from /opt/airflow/dags/stoke_dag.py
[2026-09-16T15:12:53.809+0000] {logging_mixin.py:188} INFO - [2026-09-16T15:12:53.809+0000] {dag.py:3096} INFO - Sync 1 DAGs
[2026-09-16T15:12:53.822+0000] {logging_mixin.py:188} INFO - [2026-09-16T15:12:53.822+0000] {dag.py:3954} INFO - Setting next_dagrun for save_data to None, run_after=None
[2026-09-16T15:12:53.859+0000] {processor.py:183} INFO - Processing /opt/airflow/dags/stoke_dag.py took 0.119 seconds
[2026-09-16T15:13:24.084+0000] {processor.py:161} INFO - Started process (PID=189) to work on /opt/airflow/dags/stoke_dag.py
[2026-09-16T15:13:24.085+0000] {processor.py:830} INFO - Processing file /opt/airflow/dags/stoke_dag.py for tasks to queue
[2026-09-16T15:13:24.086+0000] {logging_mixin.py:188} INFO - [2026-09-16T15:13:24.086+0000] {dagbag.py:545} INFO - Filling up the DagBag from /opt/airflow/dags/stoke_dag.py
[2026-09-16T15:13:24.105+0000] {processor.py:840} INFO - DAG(s) 'save_data' retrieved from /opt/airflow/dags/stoke_dag.py
[2026-09-16T15:13:24.135+0000] {logging_mixin.py:188} INFO - [2026-09-16T15:13:24.134+0000] {dag.py:3096} INFO - Sync 1 DAGs
[2026-09-16T15:13:24.151+0000] {logging_mixin.py:188} INFO - [2026-09-16T15:13:24.151+0000] {dag.py:3954} INFO - Setting next_dagrun for save_data to None, run_after=None
[2026-09-16T15:13:24.174+0000] {processor.py:183} INFO - Processing /opt/airflow/dags/stoke_dag.py took 0.099 seconds
[2026-09-16T15:13:54.527+0000] {processor.py:161} INFO - Started process (PID=198) to work on /opt/airflow/dags/stoke_dag.py
[2026-09-16T15:13:54.528+0000] {processor.py:830} INFO - Processing file /opt/airflow/dags/stoke_dag.py for tasks to queue
[2026-09-16T15:13:54.529+0000] {logging_mixin.py:188} INFO - [2026-09-16T15:13:54.529+0000] {dagbag.py:545} INFO - Filling up the DagBag from /opt/airflow/dags/stoke_dag.py
[2026-09-16T15:13:54.547+0000] {processor.py:840} INFO - DAG(s) 'save_data' retrieved from /opt/airflow/dags/stoke_dag.py
[2026-09-16T15:13:54.568+0000] {logging_mixin.py:188} INFO - [2026-09-16T15:13:54.568+0000] {dag.py:3096} INFO - Sync 1 DAGs
[2026-09-16T15:13:54.589+0000] {logging_mixin.py:188} INFO - [2026-09-16T15:13:54.589+0000] {dag.py:3954} INFO - Setting next_dagrun for save_data to None, run_after=None
[2026-09-16T15:13:54.637+0000] {processor.py:183} INFO - Processing /opt/airflow/dags/stoke_dag.py took 0.118 seconds
[2026-09-16T15:13:56.605+0000] {processor.py:161} INFO - Started process (PID=200) to work on /opt/airflow/dags/stoke_dag.py
[2026-09-16T15:13:56.606+0000] {processor.py:830} INFO - Processing file /opt/airflow/dags/stoke_dag.py for tasks to queue
[2026-09-16T15:13:56.607+0000] {logging_mixin.py:188} INFO - [2026-09-16T15:13:56.607+0000] {dagbag.py:545} INFO - Filling up the DagBag from /opt/airflow/dags/stoke_dag.py
[2026-09-16T15:13:56.636+0000] {processor.py:840} INFO - DAG(s) 'save_data' retrieved from /opt/airflow/dags/stoke_dag.py
[2026-09-16T15:13:56.667+0000] {logging_mixin.py:188} INFO - [2026-09-16T15:13:56.666+0000] {dag.py:3096} INFO - Sync 1 DAGs
[2026-09-16T15:13:56.677+0000] {logging_mixin.py:188} INFO - [2026-09-16T15:13:56.677+0000] {dag.py:3954} INFO - Setting next_dagrun for save_data to None, run_after=None
[2026-09-16T15:13:56.705+0000] {processor.py:183} INFO - Processing /opt/airflow/dags/stoke_dag.py took 0.106 seconds
[2026-09-16T15:14:00.708+0000] {processor.py:161} INFO - Started process (PID=201) to work on /opt/airflow/dags/stoke_dag.py
[2026-09-16T15:14:00.711+0000] {processor.py:830} INFO - Processing file /opt/airflow/dags/stoke_dag.py for tasks to queue
[2026-09-16T15:14:00.712+0000] {logging_mixin.py:188} INFO - [2026-09-16T15:14:00.712+0000] {dagbag.py:545} INFO - Filling up the DagBag from /opt/airflow/dags/stoke_dag.py
[2026-09-16T15:14:00.754+0000] {processor.py:840} INFO - DAG(s) 'save_data' retrieved from /opt/airflow/dags/stoke_dag.py
[2026-09-16T15:14:00.783+0000] {logging_mixin.py:188} INFO - [2026-09-16T15:14:00.782+0000] {dag.py:3096} INFO - Sync 1 DAGs
[2026-09-16T15:14:00.798+0000] {logging_mixin.py:188} INFO - [2026-09-16T15:14:00.797+0000] {dag.py:3954} INFO - Setting next_dagrun for save_data to None, run_after=None
[2026-09-16T15:14:00.830+0000] {processor.py:183} INFO - Processing /opt/airflow/dags/stoke_dag.py took 0.131 seconds
[2026-09-16T15:14:06.842+0000] {processor.py:161} INFO - Started process (PID=202) to work on /opt/airflow/dags/stoke_dag.py
[2026-09-16T15:14:06.844+0000] {processor.py:830} INFO - Processing file /opt/airflow/dags/stoke_dag.py for tasks to queue
[2026-09-16T15:14:06.845+0000] {logging_mixin.py:188} INFO - [2026-09-16T15:14:06.845+0000] {dagbag.py:545} INFO - Filling up the DagBag from /opt/airflow/dags/stoke_dag.py
[2026-09-16T15:14:06.889+0000] {logging_mixin.py:188} INFO - [2026-09-16T15:14:06.883+0000] {dagbag.py:355} ERROR - Failed to import: /opt/airflow/dags/stoke_dag.py
Traceback (most recent call last):
  File "/home/airflow/.local/lib/python3.10/site-packages/airflow/models/dagbag.py", line 351, in parse
    loader.exec_module(new_module)
  File "<frozen importlib._bootstrap_external>", line 883, in exec_module
  File "<frozen importlib._bootstrap>", line 241, in _call_with_frames_removed
  File "/opt/airflow/dags/stoke_dag.py", line 3, in <module>
    import he
ModuleNotFoundError: No module named 'he'
[2026-09-16T15:14:06.891+0000] {processor.py:842} WARNING - No viable dags retrieved from /opt/airflow/dags/stoke_dag.py
[2026-09-16T15:14:06.917+0000] {processor.py:183} INFO - Processing /opt/airflow/dags/stoke_dag.py took 0.089 seconds
[2026-09-16T15:14:11.975+0000] {processor.py:161} INFO - Started process (PID=203) to work on /opt/airflow/dags/stoke_dag.py
[2026-09-16T15:14:11.977+0000] {processor.py:830} INFO - Processing file /opt/airflow/dags/stoke_dag.py for tasks to queue
[2026-09-16T15:14:11.980+0000] {logging_mixin.py:188} INFO - [2026-09-16T15:14:11.979+0000] {dagbag.py:545} INFO - Filling up the DagBag from /opt/airflow/dags/stoke_dag.py
[2026-09-16T15:14:12.012+0000] {logging_mixin.py:188} INFO - [2026-09-16T15:14:12.008+0000] {dagbag.py:355} ERROR - Failed to import: /opt/airflow/dags/stoke_dag.py
Traceback (most recent call last):
  File "/home/airflow/.local/lib/python3.10/site-packages/airflow/models/dagbag.py", line 351, in parse
    loader.exec_module(new_module)
  File "<frozen importlib._bootstrap_external>", line 883, in exec_module
  File "<frozen importlib._bootstrap>", line 241, in _call_with_frames_removed
  File "/opt/airflow/dags/stoke_dag.py", line 3, in <module>
    import helper as hl
ModuleNotFoundError: No module named 'helper'
[2026-09-16T15:14:12.013+0000] {processor.py:842} WARNING - No viable dags retrieved from /opt/airflow/dags/stoke_dag.py
[2026-09-16T15:14:12.038+0000] {processor.py:183} INFO - Processing /opt/airflow/dags/stoke_dag.py took 0.072 seconds
[2026-09-16T15:14:36.393+0000] {processor.py:161} INFO - Started process (PID=211) to work on /opt/airflow/dags/stoke_dag.py
[2026-09-16T15:14:36.401+0000] {processor.py:830} INFO - Processing file /opt/airflow/dags/stoke_dag.py for tasks to queue
[2026-09-16T15:14:36.406+0000] {logging_mixin.py:188} INFO - [2026-09-16T15:14:36.406+0000] {dagbag.py:545} INFO - Filling up the DagBag from /opt/airflow/dags/stoke_dag.py
[2026-09-16T15:14:36.501+0000] {logging_mixin.py:188} INFO - [2026-09-16T15:14:36.485+0000] {dagbag.py:355} ERROR - Failed to import: /opt/airflow/dags/stoke_dag.py
Traceback (most recent call last):
  File "/home/airflow/.local/lib/python3.10/site-packages/airflow/models/dagbag.py", line 351, in parse
    loader.exec_module(new_module)
  File "<frozen importlib._bootstrap_external>", line 883, in exec_module
  File "<frozen importlib._bootstrap>", line 241, in _call_with_frames_removed
  File "/opt/airflow/dags/stoke_dag.py", line 3, in <module>
    import helper as hl
ModuleNotFoundError: No module named 'helper'
[2026-09-16T15:14:36.505+0000] {processor.py:842} WARNING - No viable dags retrieved from /opt/airflow/dags/stoke_dag.py
[2026-09-16T15:14:36.568+0000] {processor.py:183} INFO - Processing /opt/airflow/dags/stoke_dag.py took 0.194 seconds
[2026-09-16T15:14:39.618+0000] {processor.py:161} INFO - Started process (PID=212) to work on /opt/airflow/dags/stoke_dag.py
[2026-09-16T15:14:39.620+0000] {processor.py:830} INFO - Processing file /opt/airflow/dags/stoke_dag.py for tasks to queue
[2026-09-16T15:14:39.621+0000] {logging_mixin.py:188} INFO - [2026-09-16T15:14:39.621+0000] {dagbag.py:545} INFO - Filling up the DagBag from /opt/airflow/dags/stoke_dag.py
[2026-09-16T15:14:39.654+0000] {logging_mixin.py:188} INFO - [2026-09-16T15:14:39.650+0000] {dagbag.py:355} ERROR - Failed to import: /opt/airflow/dags/stoke_dag.py
Traceback (most recent call last):
  File "/home/airflow/.local/lib/python3.10/site-packages/airflow/models/dagbag.py", line 351, in parse
    loader.exec_module(new_module)
  File "<frozen importlib._bootstrap_external>", line 883, in exec_module
  File "<frozen importlib._bootstrap>", line 241, in _call_with_frames_removed
  File "/opt/airflow/dags/stoke_dag.py", line 3, in <module>
    import helper as hl
ModuleNotFoundError: No module named 'helper'
[2026-09-16T15:14:39.656+0000] {processor.py:842} WARNING - No viable dags retrieved from /opt/airflow/dags/stoke_dag.py
[2026-09-16T15:14:39.680+0000] {processor.py:183} INFO - Processing /opt/airflow/dags/stoke_dag.py took 0.071 seconds
[2026-09-16T15:15:10.195+0000] {processor.py:161} INFO - Started process (PID=220) to work on /opt/airflow/dags/stoke_dag.py
[2026-09-16T15:15:10.197+0000] {processor.py:830} INFO - Processing file /opt/airflow/dags/stoke_dag.py for tasks to queue
[2026-09-16T15:15:10.199+0000] {logging_mixin.py:188} INFO - [2026-09-16T15:15:10.198+0000] {dagbag.py:545} INFO - Filling up the DagBag from /opt/airflow/dags/stoke_dag.py
[2026-09-16T15:15:10.223+0000] {logging_mixin.py:188} INFO - [2026-09-16T15:15:10.219+0000] {dagbag.py:355} ERROR - Failed to import: /opt/airflow/dags/stoke_dag.py
Traceback (most recent call last):
  File "/home/airflow/.local/lib/python3.10/site-packages/airflow/models/dagbag.py", line 351, in parse
    loader.exec_module(new_module)
  File "<frozen importlib._bootstrap_external>", line 883, in exec_module
  File "<frozen importlib._bootstrap>", line 241, in _call_with_frames_removed
  File "/opt/airflow/dags/stoke_dag.py", line 3, in <module>
    import helper as hl
ModuleNotFoundError: No module named 'helper'
[2026-09-16T15:15:10.224+0000] {processor.py:842} WARNING - No viable dags retrieved from /opt/airflow/dags/stoke_dag.py
[2026-09-16T15:15:10.257+0000] {processor.py:183} INFO - Processing /opt/airflow/dags/stoke_dag.py took 0.071 seconds
[2026-09-16T15:15:40.548+0000] {processor.py:161} INFO - Started process (PID=228) to work on /opt/airflow/dags/stoke_dag.py
[2026-09-16T15:15:40.550+0000] {processor.py:830} INFO - Processing file /opt/airflow/dags/stoke_dag.py for tasks to queue
[2026-09-16T15:15:40.552+0000] {logging_mixin.py:188} INFO - [2026-09-16T15:15:40.551+0000] {dagbag.py:545} INFO - Filling up the DagBag from /opt/airflow/dags/stoke_dag.py
[2026-09-16T15:15:40.571+0000] {logging_mixin.py:188} INFO - [2026-09-16T15:15:40.568+0000] {dagbag.py:355} ERROR - Failed to import: /opt/airflow/dags/stoke_dag.py
Traceback (most recent call last):
  File "/home/airflow/.local/lib/python3.10/site-packages/airflow/models/dagbag.py", line 351, in parse
    loader.exec_module(new_module)
  File "<frozen importlib._bootstrap_external>", line 883, in exec_module
  File "<frozen importlib._bootstrap>", line 241, in _call_with_frames_removed
  File "/opt/airflow/dags/stoke_dag.py", line 3, in <module>
    import helper as hl
ModuleNotFoundError: No module named 'helper'
[2026-09-16T15:15:40.572+0000] {processor.py:842} WARNING - No viable dags retrieved from /opt/airflow/dags/stoke_dag.py
[2026-09-16T15:15:40.596+0000] {processor.py:183} INFO - Processing /opt/airflow/dags/stoke_dag.py took 0.055 seconds
[2026-09-16T15:16:10.910+0000] {processor.py:161} INFO - Started process (PID=236) to work on /opt/airflow/dags/stoke_dag.py
[2026-09-16T15:16:10.911+0000] {processor.py:830} INFO - Processing file /opt/airflow/dags/stoke_dag.py for tasks to queue
[2026-09-16T15:16:10.912+0000] {logging_mixin.py:188} INFO - [2026-09-16T15:16:10.912+0000] {dagbag.py:545} INFO - Filling up the DagBag from /opt/airflow/dags/stoke_dag.py
[2026-09-16T15:16:10.941+0000] {logging_mixin.py:188} INFO - [2026-09-16T15:16:10.935+0000] {dagbag.py:355} ERROR - Failed to import: /opt/airflow/dags/stoke_dag.py
Traceback (most recent call last):
  File "/home/airflow/.local/lib/python3.10/site-packages/airflow/models/dagbag.py", line 351, in parse
    loader.exec_module(new_module)
  File "<frozen importlib._bootstrap_external>", line 883, in exec_module
  File "<frozen importlib._bootstrap>", line 241, in _call_with_frames_removed
  File "/opt/airflow/dags/stoke_dag.py", line 3, in <module>
    import helper as hl
ModuleNotFoundError: No module named 'helper'
[2026-09-16T15:16:10.942+0000] {processor.py:842} WARNING - No viable dags retrieved from /opt/airflow/dags/stoke_dag.py
[2026-09-16T15:16:10.971+0000] {processor.py:183} INFO - Processing /opt/airflow/dags/stoke_dag.py took 0.070 seconds
[2026-09-16T15:16:41.586+0000] {processor.py:161} INFO - Started process (PID=244) to work on /opt/airflow/dags/stoke_dag.py
[2026-09-16T15:16:41.588+0000] {processor.py:830} INFO - Processing file /opt/airflow/dags/stoke_dag.py for tasks to queue
[2026-09-16T15:16:41.590+0000] {logging_mixin.py:188} INFO - [2026-09-16T15:16:41.589+0000] {dagbag.py:545} INFO - Filling up the DagBag from /opt/airflow/dags/stoke_dag.py
[2026-09-16T15:16:41.612+0000] {logging_mixin.py:188} INFO - [2026-09-16T15:16:41.609+0000] {dagbag.py:355} ERROR - Failed to import: /opt/airflow/dags/stoke_dag.py
Traceback (most recent call last):
  File "/home/airflow/.local/lib/python3.10/site-packages/airflow/models/dagbag.py", line 351, in parse
    loader.exec_module(new_module)
  File "<frozen importlib._bootstrap_external>", line 883, in exec_module
  File "<frozen importlib._bootstrap>", line 241, in _call_with_frames_removed
  File "/opt/airflow/dags/stoke_dag.py", line 3, in <module>
    import helper as hl
ModuleNotFoundError: No module named 'helper'
[2026-09-16T15:16:41.613+0000] {processor.py:842} WARNING - No viable dags retrieved from /opt/airflow/dags/stoke_dag.py
[2026-09-16T15:16:41.633+0000] {processor.py:183} INFO - Processing /opt/airflow/dags/stoke_dag.py took 0.055 seconds
[2026-09-16T15:17:12.205+0000] {processor.py:161} INFO - Started process (PID=254) to work on /opt/airflow/dags/stoke_dag.py
[2026-09-16T15:17:12.207+0000] {processor.py:830} INFO - Processing file /opt/airflow/dags/stoke_dag.py for tasks to queue
[2026-09-16T15:17:12.208+0000] {logging_mixin.py:188} INFO - [2026-09-16T15:17:12.208+0000] {dagbag.py:545} INFO - Filling up the DagBag from /opt/airflow/dags/stoke_dag.py
[2026-09-16T15:17:12.232+0000] {logging_mixin.py:188} INFO - [2026-09-16T15:17:12.228+0000] {dagbag.py:355} ERROR - Failed to import: /opt/airflow/dags/stoke_dag.py
Traceback (most recent call last):
  File "/home/airflow/.local/lib/python3.10/site-packages/airflow/models/dagbag.py", line 351, in parse
    loader.exec_module(new_module)
  File "<frozen importlib._bootstrap_external>", line 883, in exec_module
  File "<frozen importlib._bootstrap>", line 241, in _call_with_frames_removed
  File "/opt/airflow/dags/stoke_dag.py", line 3, in <module>
    import helper as hl
ModuleNotFoundError: No module named 'helper'
[2026-09-16T15:17:12.233+0000] {processor.py:842} WARNING - No viable dags retrieved from /opt/airflow/dags/stoke_dag.py
[2026-09-16T15:17:12.254+0000] {processor.py:183} INFO - Processing /opt/airflow/dags/stoke_dag.py took 0.060 seconds
[2026-09-16T15:17:42.904+0000] {processor.py:161} INFO - Started process (PID=265) to work on /opt/airflow/dags/stoke_dag.py
[2026-09-16T15:17:42.906+0000] {processor.py:830} INFO - Processing file /opt/airflow/dags/stoke_dag.py for tasks to queue
[2026-09-16T15:17:42.908+0000] {logging_mixin.py:188} INFO - [2026-09-16T15:17:42.907+0000] {dagbag.py:545} INFO - Filling up the DagBag from /opt/airflow/dags/stoke_dag.py
[2026-09-16T15:17:42.939+0000] {logging_mixin.py:188} INFO - [2026-09-16T15:17:42.934+0000] {dagbag.py:355} ERROR - Failed to import: /opt/airflow/dags/stoke_dag.py
Traceback (most recent call last):
  File "/home/airflow/.local/lib/python3.10/site-packages/airflow/models/dagbag.py", line 351, in parse
    loader.exec_module(new_module)
  File "<frozen importlib._bootstrap_external>", line 883, in exec_module
  File "<frozen importlib._bootstrap>", line 241, in _call_with_frames_removed
  File "/opt/airflow/dags/stoke_dag.py", line 3, in <module>
    import helper as hl
ModuleNotFoundError: No module named 'helper'
[2026-09-16T15:17:42.940+0000] {processor.py:842} WARNING - No viable dags retrieved from /opt/airflow/dags/stoke_dag.py
[2026-09-16T15:17:42.963+0000] {processor.py:183} INFO - Processing /opt/airflow/dags/stoke_dag.py took 0.075 seconds
[2026-09-16T15:18:13.184+0000] {processor.py:161} INFO - Started process (PID=273) to work on /opt/airflow/dags/stoke_dag.py
[2026-09-16T15:18:13.185+0000] {processor.py:830} INFO - Processing file /opt/airflow/dags/stoke_dag.py for tasks to queue
[2026-09-16T15:18:13.186+0000] {logging_mixin.py:188} INFO - [2026-09-16T15:18:13.186+0000] {dagbag.py:545} INFO - Filling up the DagBag from /opt/airflow/dags/stoke_dag.py
[2026-09-16T15:18:13.203+0000] {logging_mixin.py:188} INFO - [2026-09-16T15:18:13.200+0000] {dagbag.py:355} ERROR - Failed to import: /opt/airflow/dags/stoke_dag.py
Traceback (most recent call last):
  File "/home/airflow/.local/lib/python3.10/site-packages/airflow/models/dagbag.py", line 351, in parse
    loader.exec_module(new_module)
  File "<frozen importlib._bootstrap_external>", line 883, in exec_module
  File "<frozen importlib._bootstrap>", line 241, in _call_with_frames_removed
  File "/opt/airflow/dags/stoke_dag.py", line 3, in <module>
    import helper as hl
ModuleNotFoundError: No module named 'helper'
[2026-09-16T15:18:13.204+0000] {processor.py:842} WARNING - No viable dags retrieved from /opt/airflow/dags/stoke_dag.py
[2026-09-16T15:18:13.223+0000] {processor.py:183} INFO - Processing /opt/airflow/dags/stoke_dag.py took 0.045 seconds
[2026-09-16T15:18:43.535+0000] {processor.py:161} INFO - Started process (PID=281) to work on /opt/airflow/dags/stoke_dag.py
[2026-09-16T15:18:43.538+0000] {processor.py:830} INFO - Processing file /opt/airflow/dags/stoke_dag.py for tasks to queue
[2026-09-16T15:18:43.539+0000] {logging_mixin.py:188} INFO - [2026-09-16T15:18:43.539+0000] {dagbag.py:545} INFO - Filling up the DagBag from /opt/airflow/dags/stoke_dag.py
[2026-09-16T15:18:43.566+0000] {logging_mixin.py:188} INFO - [2026-09-16T15:18:43.561+0000] {dagbag.py:355} ERROR - Failed to import: /opt/airflow/dags/stoke_dag.py
Traceback (most recent call last):
  File "/home/airflow/.local/lib/python3.10/site-packages/airflow/models/dagbag.py", line 351, in parse
    loader.exec_module(new_module)
  File "<frozen importlib._bootstrap_external>", line 883, in exec_module
  File "<frozen importlib._bootstrap>", line 241, in _call_with_frames_removed
  File "/opt/airflow/dags/stoke_dag.py", line 3, in <module>
    import helper as hl
ModuleNotFoundError: No module named 'helper'
[2026-09-16T15:18:43.568+0000] {processor.py:842} WARNING - No viable dags retrieved from /opt/airflow/dags/stoke_dag.py
[2026-09-16T15:18:43.594+0000] {processor.py:183} INFO - Processing /opt/airflow/dags/stoke_dag.py took 0.068 seconds
[2026-09-16T15:18:46.797+0000] {processor.py:161} INFO - Started process (PID=288) to work on /opt/airflow/dags/stoke_dag.py
[2026-09-16T15:18:46.800+0000] {processor.py:830} INFO - Processing file /opt/airflow/dags/stoke_dag.py for tasks to queue
[2026-09-16T15:18:46.802+0000] {logging_mixin.py:188} INFO - [2026-09-16T15:18:46.802+0000] {dagbag.py:545} INFO - Filling up the DagBag from /opt/airflow/dags/stoke_dag.py
[2026-09-16T15:18:46.922+0000] {logging_mixin.py:188} INFO - [2026-09-16T15:18:46.905+0000] {dagbag.py:355} ERROR - Failed to import: /opt/airflow/dags/stoke_dag.py
Traceback (most recent call last):
  File "/home/airflow/.local/lib/python3.10/site-packages/airflow/models/dagbag.py", line 351, in parse
    loader.exec_module(new_module)
  File "<frozen importlib._bootstrap_external>", line 883, in exec_module
  File "<frozen importlib._bootstrap>", line 241, in _call_with_frames_removed
  File "/opt/airflow/dags/stoke_dag.py", line 3, in <module>
    import src.helper as hl
ModuleNotFoundError: No module named 'src'
[2026-09-16T15:18:46.927+0000] {processor.py:842} WARNING - No viable dags retrieved from /opt/airflow/dags/stoke_dag.py
[2026-09-16T15:18:46.987+0000] {processor.py:183} INFO - Processing /opt/airflow/dags/stoke_dag.py took 0.214 seconds
[2026-09-16T15:20:29.049+0000] {processor.py:161} INFO - Started process (PID=65) to work on /opt/airflow/dags/stoke_dag.py
[2026-09-16T15:20:29.053+0000] {processor.py:830} INFO - Processing file /opt/airflow/dags/stoke_dag.py for tasks to queue
[2026-09-16T15:20:29.059+0000] {logging_mixin.py:188} INFO - [2026-09-16T15:20:29.058+0000] {dagbag.py:545} INFO - Filling up the DagBag from /opt/airflow/dags/stoke_dag.py
[2026-09-16T15:20:29.090+0000] {logging_mixin.py:188} INFO - [2026-09-16T15:20:29.084+0000] {dagbag.py:355} ERROR - Failed to import: /opt/airflow/dags/stoke_dag.py
Traceback (most recent call last):
  File "/home/airflow/.local/lib/python3.10/site-packages/airflow/models/dagbag.py", line 351, in parse
    loader.exec_module(new_module)
  File "<frozen importlib._bootstrap_external>", line 883, in exec_module
  File "<frozen importlib._bootstrap>", line 241, in _call_with_frames_removed
  File "/opt/airflow/dags/stoke_dag.py", line 3, in <module>
    import src.helper as hl
ModuleNotFoundError: No module named 'src'
[2026-09-16T15:20:29.093+0000] {processor.py:842} WARNING - No viable dags retrieved from /opt/airflow/dags/stoke_dag.py
[2026-09-16T15:20:29.139+0000] {processor.py:183} INFO - Processing /opt/airflow/dags/stoke_dag.py took 0.108 seconds
[2026-09-16T15:20:59.473+0000] {processor.py:161} INFO - Started process (PID=73) to work on /opt/airflow/dags/stoke_dag.py
[2026-09-16T15:20:59.475+0000] {processor.py:830} INFO - Processing file /opt/airflow/dags/stoke_dag.py for tasks to queue
[2026-09-16T15:20:59.480+0000] {logging_mixin.py:188} INFO - [2026-09-16T15:20:59.479+0000] {dagbag.py:545} INFO - Filling up the DagBag from /opt/airflow/dags/stoke_dag.py
[2026-09-16T15:20:59.513+0000] {logging_mixin.py:188} INFO - [2026-09-16T15:20:59.506+0000] {dagbag.py:355} ERROR - Failed to import: /opt/airflow/dags/stoke_dag.py
Traceback (most recent call last):
  File "/home/airflow/.local/lib/python3.10/site-packages/airflow/models/dagbag.py", line 351, in parse
    loader.exec_module(new_module)
  File "<frozen importlib._bootstrap_external>", line 883, in exec_module
  File "<frozen importlib._bootstrap>", line 241, in _call_with_frames_removed
  File "/opt/airflow/dags/stoke_dag.py", line 3, in <module>
    import src.helper as hl
ModuleNotFoundError: No module named 'src'
[2026-09-16T15:20:59.516+0000] {processor.py:842} WARNING - No viable dags retrieved from /opt/airflow/dags/stoke_dag.py
[2026-09-16T15:20:59.551+0000] {processor.py:183} INFO - Processing /opt/airflow/dags/stoke_dag.py took 0.094 seconds
[2026-09-16T15:21:29.890+0000] {processor.py:161} INFO - Started process (PID=81) to work on /opt/airflow/dags/stoke_dag.py
[2026-09-16T15:21:29.892+0000] {processor.py:830} INFO - Processing file /opt/airflow/dags/stoke_dag.py for tasks to queue
[2026-09-16T15:21:29.898+0000] {logging_mixin.py:188} INFO - [2026-09-16T15:21:29.897+0000] {dagbag.py:545} INFO - Filling up the DagBag from /opt/airflow/dags/stoke_dag.py
[2026-09-16T15:21:29.930+0000] {logging_mixin.py:188} INFO - [2026-09-16T15:21:29.923+0000] {dagbag.py:355} ERROR - Failed to import: /opt/airflow/dags/stoke_dag.py
Traceback (most recent call last):
  File "/home/airflow/.local/lib/python3.10/site-packages/airflow/models/dagbag.py", line 351, in parse
    loader.exec_module(new_module)
  File "<frozen importlib._bootstrap_external>", line 883, in exec_module
  File "<frozen importlib._bootstrap>", line 241, in _call_with_frames_removed
  File "/opt/airflow/dags/stoke_dag.py", line 3, in <module>
    import src.helper as hl
ModuleNotFoundError: No module named 'src'
[2026-09-16T15:21:29.932+0000] {processor.py:842} WARNING - No viable dags retrieved from /opt/airflow/dags/stoke_dag.py
[2026-09-16T15:21:29.974+0000] {processor.py:183} INFO - Processing /opt/airflow/dags/stoke_dag.py took 0.096 seconds
[2026-09-16T15:22:00.450+0000] {processor.py:161} INFO - Started process (PID=90) to work on /opt/airflow/dags/stoke_dag.py
[2026-09-16T15:22:00.451+0000] {processor.py:830} INFO - Processing file /opt/airflow/dags/stoke_dag.py for tasks to queue
[2026-09-16T15:22:00.452+0000] {logging_mixin.py:188} INFO - [2026-09-16T15:22:00.452+0000] {dagbag.py:545} INFO - Filling up the DagBag from /opt/airflow/dags/stoke_dag.py
[2026-09-16T15:22:00.469+0000] {logging_mixin.py:188} INFO - [2026-09-16T15:22:00.466+0000] {dagbag.py:355} ERROR - Failed to import: /opt/airflow/dags/stoke_dag.py
Traceback (most recent call last):
  File "/home/airflow/.local/lib/python3.10/site-packages/airflow/models/dagbag.py", line 351, in parse
    loader.exec_module(new_module)
  File "<frozen importlib._bootstrap_external>", line 883, in exec_module
  File "<frozen importlib._bootstrap>", line 241, in _call_with_frames_removed
  File "/opt/airflow/dags/stoke_dag.py", line 3, in <module>
    import src.helper as hl
ModuleNotFoundError: No module named 'src'
[2026-09-16T15:22:00.470+0000] {processor.py:842} WARNING - No viable dags retrieved from /opt/airflow/dags/stoke_dag.py
[2026-09-16T15:22:00.495+0000] {processor.py:183} INFO - Processing /opt/airflow/dags/stoke_dag.py took 0.052 seconds
[2026-09-16T15:22:30.890+0000] {processor.py:161} INFO - Started process (PID=100) to work on /opt/airflow/dags/stoke_dag.py
[2026-09-16T15:22:30.891+0000] {processor.py:830} INFO - Processing file /opt/airflow/dags/stoke_dag.py for tasks to queue
[2026-09-16T15:22:30.894+0000] {logging_mixin.py:188} INFO - [2026-09-16T15:22:30.893+0000] {dagbag.py:545} INFO - Filling up the DagBag from /opt/airflow/dags/stoke_dag.py
[2026-09-16T15:22:30.914+0000] {logging_mixin.py:188} INFO - [2026-09-16T15:22:30.910+0000] {dagbag.py:355} ERROR - Failed to import: /opt/airflow/dags/stoke_dag.py
Traceback (most recent call last):
  File "/home/airflow/.local/lib/python3.10/site-packages/airflow/models/dagbag.py", line 351, in parse
    loader.exec_module(new_module)
  File "<frozen importlib._bootstrap_external>", line 883, in exec_module
  File "<frozen importlib._bootstrap>", line 241, in _call_with_frames_removed
  File "/opt/airflow/dags/stoke_dag.py", line 3, in <module>
    import src.helper as hl
ModuleNotFoundError: No module named 'src'
[2026-09-16T15:22:30.916+0000] {processor.py:842} WARNING - No viable dags retrieved from /opt/airflow/dags/stoke_dag.py
[2026-09-16T15:22:30.939+0000] {processor.py:183} INFO - Processing /opt/airflow/dags/stoke_dag.py took 0.057 seconds
[2026-09-16T15:22:52.429+0000] {processor.py:161} INFO - Started process (PID=105) to work on /opt/airflow/dags/stoke_dag.py
[2026-09-16T15:22:52.430+0000] {processor.py:830} INFO - Processing file /opt/airflow/dags/stoke_dag.py for tasks to queue
[2026-09-16T15:22:52.432+0000] {logging_mixin.py:188} INFO - [2026-09-16T15:22:52.432+0000] {dagbag.py:545} INFO - Filling up the DagBag from /opt/airflow/dags/stoke_dag.py
[2026-09-16T15:22:52.465+0000] {logging_mixin.py:188} INFO - [2026-09-16T15:22:52.461+0000] {dagbag.py:355} ERROR - Failed to import: /opt/airflow/dags/stoke_dag.py
Traceback (most recent call last):
  File "/home/airflow/.local/lib/python3.10/site-packages/airflow/models/dagbag.py", line 351, in parse
    loader.exec_module(new_module)
  File "<frozen importlib._bootstrap_external>", line 883, in exec_module
  File "<frozen importlib._bootstrap>", line 241, in _call_with_frames_removed
  File "/opt/airflow/dags/stoke_dag.py", line 3, in <module>
    import src.helper as hl
ModuleNotFoundError: No module named 'src'
[2026-09-16T15:22:52.467+0000] {processor.py:842} WARNING - No viable dags retrieved from /opt/airflow/dags/stoke_dag.py
[2026-09-16T15:22:52.489+0000] {processor.py:183} INFO - Processing /opt/airflow/dags/stoke_dag.py took 0.066 seconds
[2026-09-16T15:22:56.483+0000] {processor.py:161} INFO - Started process (PID=106) to work on /opt/airflow/dags/stoke_dag.py
[2026-09-16T15:22:56.484+0000] {processor.py:830} INFO - Processing file /opt/airflow/dags/stoke_dag.py for tasks to queue
[2026-09-16T15:22:56.486+0000] {logging_mixin.py:188} INFO - [2026-09-16T15:22:56.485+0000] {dagbag.py:545} INFO - Filling up the DagBag from /opt/airflow/dags/stoke_dag.py
[2026-09-16T15:22:56.500+0000] {logging_mixin.py:188} INFO - [2026-09-16T15:22:56.499+0000] {dagbag.py:355} ERROR - Failed to import: /opt/airflow/dags/stoke_dag.py
Traceback (most recent call last):
  File "/home/airflow/.local/lib/python3.10/site-packages/airflow/models/dagbag.py", line 351, in parse
    loader.exec_module(new_module)
  File "<frozen importlib._bootstrap_external>", line 879, in exec_module
  File "<frozen importlib._bootstrap_external>", line 1017, in get_code
  File "<frozen importlib._bootstrap_external>", line 947, in source_to_code
  File "<frozen importlib._bootstrap>", line 241, in _call_with_frames_removed
  File "/opt/airflow/dags/stoke_dag.py", line 4
    from src.
             ^
SyntaxError: invalid syntax
[2026-09-16T15:22:56.500+0000] {processor.py:842} WARNING - No viable dags retrieved from /opt/airflow/dags/stoke_dag.py
[2026-09-16T15:22:56.522+0000] {processor.py:183} INFO - Processing /opt/airflow/dags/stoke_dag.py took 0.045 seconds
[2026-09-16T15:22:58.542+0000] {processor.py:161} INFO - Started process (PID=113) to work on /opt/airflow/dags/stoke_dag.py
[2026-09-16T15:22:58.544+0000] {processor.py:830} INFO - Processing file /opt/airflow/dags/stoke_dag.py for tasks to queue
[2026-09-16T15:22:58.546+0000] {logging_mixin.py:188} INFO - [2026-09-16T15:22:58.545+0000] {dagbag.py:545} INFO - Filling up the DagBag from /opt/airflow/dags/stoke_dag.py
[2026-09-16T15:22:58.565+0000] {logging_mixin.py:188} INFO - [2026-09-16T15:22:58.564+0000] {dagbag.py:355} ERROR - Failed to import: /opt/airflow/dags/stoke_dag.py
Traceback (most recent call last):
  File "/home/airflow/.local/lib/python3.10/site-packages/airflow/models/dagbag.py", line 351, in parse
    loader.exec_module(new_module)
  File "<frozen importlib._bootstrap_external>", line 879, in exec_module
  File "<frozen importlib._bootstrap_external>", line 1017, in get_code
  File "<frozen importlib._bootstrap_external>", line 947, in source_to_code
  File "<frozen importlib._bootstrap>", line 241, in _call_with_frames_removed
  File "/opt/airflow/dags/stoke_dag.py", line 4
    from src.helper 
                    ^
SyntaxError: invalid syntax
[2026-09-16T15:22:58.566+0000] {processor.py:842} WARNING - No viable dags retrieved from /opt/airflow/dags/stoke_dag.py
[2026-09-16T15:22:58.587+0000] {processor.py:183} INFO - Processing /opt/airflow/dags/stoke_dag.py took 0.056 seconds
[2026-09-16T15:23:00.598+0000] {processor.py:161} INFO - Started process (PID=114) to work on /opt/airflow/dags/stoke_dag.py
[2026-09-16T15:23:00.600+0000] {processor.py:830} INFO - Processing file /opt/airflow/dags/stoke_dag.py for tasks to queue
[2026-09-16T15:23:00.603+0000] {logging_mixin.py:188} INFO - [2026-09-16T15:23:00.603+0000] {dagbag.py:545} INFO - Filling up the DagBag from /opt/airflow/dags/stoke_dag.py
[2026-09-16T15:23:00.627+0000] {logging_mixin.py:188} INFO - [2026-09-16T15:23:00.627+0000] {dagbag.py:355} ERROR - Failed to import: /opt/airflow/dags/stoke_dag.py
Traceback (most recent call last):
  File "/home/airflow/.local/lib/python3.10/site-packages/airflow/models/dagbag.py", line 351, in parse
    loader.exec_module(new_module)
  File "<frozen importlib._bootstrap_external>", line 879, in exec_module
  File "<frozen importlib._bootstrap_external>", line 1017, in get_code
  File "<frozen importlib._bootstrap_external>", line 947, in source_to_code
  File "<frozen importlib._bootstrap>", line 241, in _call_with_frames_removed
  File "/opt/airflow/dags/stoke_dag.py", line 4
    from src.helper import 
                           ^
SyntaxError: invalid syntax
[2026-09-16T15:23:00.628+0000] {processor.py:842} WARNING - No viable dags retrieved from /opt/airflow/dags/stoke_dag.py
[2026-09-16T15:23:00.649+0000] {processor.py:183} INFO - Processing /opt/airflow/dags/stoke_dag.py took 0.057 seconds
[2026-09-16T15:23:15.803+0000] {processor.py:161} INFO - Started process (PID=115) to work on /opt/airflow/dags/stoke_dag.py
[2026-09-16T15:23:15.804+0000] {processor.py:830} INFO - Processing file /opt/airflow/dags/stoke_dag.py for tasks to queue
[2026-09-16T15:23:15.810+0000] {logging_mixin.py:188} INFO - [2026-09-16T15:23:15.809+0000] {dagbag.py:545} INFO - Filling up the DagBag from /opt/airflow/dags/stoke_dag.py
[2026-09-16T15:23:15.848+0000] {logging_mixin.py:188} INFO - [2026-09-16T15:23:15.847+0000] {dagbag.py:355} ERROR - Failed to import: /opt/airflow/dags/stoke_dag.py
Traceback (most recent call last):
  File "/home/airflow/.local/lib/python3.10/site-packages/airflow/models/dagbag.py", line 351, in parse
    loader.exec_module(new_module)
  File "<frozen importlib._bootstrap_external>", line 879, in exec_module
  File "<frozen importlib._bootstrap_external>", line 1017, in get_code
  File "<frozen importlib._bootstrap_external>", line 947, in source_to_code
  File "<frozen importlib._bootstrap>", line 241, in _call_with_frames_removed
  File "/opt/airflow/dags/stoke_dag.py", line 4
    from src.helper import save_in_core_from_stage, 
                                                    ^
SyntaxError: trailing comma not allowed without surrounding parentheses
[2026-09-16T15:23:15.849+0000] {processor.py:842} WARNING - No viable dags retrieved from /opt/airflow/dags/stoke_dag.py
[2026-09-16T15:23:15.893+0000] {processor.py:183} INFO - Processing /opt/airflow/dags/stoke_dag.py took 0.102 seconds
[2026-09-16T15:23:17.962+0000] {processor.py:161} INFO - Started process (PID=117) to work on /opt/airflow/dags/stoke_dag.py
[2026-09-16T15:23:17.964+0000] {processor.py:830} INFO - Processing file /opt/airflow/dags/stoke_dag.py for tasks to queue
[2026-09-16T15:23:17.966+0000] {logging_mixin.py:188} INFO - [2026-09-16T15:23:17.966+0000] {dagbag.py:545} INFO - Filling up the DagBag from /opt/airflow/dags/stoke_dag.py
[2026-09-16T15:23:17.998+0000] {logging_mixin.py:188} INFO - [2026-09-16T15:23:17.993+0000] {dagbag.py:355} ERROR - Failed to import: /opt/airflow/dags/stoke_dag.py
Traceback (most recent call last):
  File "/home/airflow/.local/lib/python3.10/site-packages/airflow/models/dagbag.py", line 351, in parse
    loader.exec_module(new_module)
  File "<frozen importlib._bootstrap_external>", line 883, in exec_module
  File "<frozen importlib._bootstrap>", line 241, in _call_with_frames_removed
  File "/opt/airflow/dags/stoke_dag.py", line 3, in <module>
    import src.helper as hl
ModuleNotFoundError: No module named 'src'
[2026-09-16T15:23:17.999+0000] {processor.py:842} WARNING - No viable dags retrieved from /opt/airflow/dags/stoke_dag.py
[2026-09-16T15:23:18.027+0000] {processor.py:183} INFO - Processing /opt/airflow/dags/stoke_dag.py took 0.071 seconds
[2026-09-16T15:23:21.003+0000] {processor.py:161} INFO - Started process (PID=118) to work on /opt/airflow/dags/stoke_dag.py
[2026-09-16T15:23:21.004+0000] {processor.py:830} INFO - Processing file /opt/airflow/dags/stoke_dag.py for tasks to queue
[2026-09-16T15:23:21.006+0000] {logging_mixin.py:188} INFO - [2026-09-16T15:23:21.006+0000] {dagbag.py:545} INFO - Filling up the DagBag from /opt/airflow/dags/stoke_dag.py
[2026-09-16T15:23:21.040+0000] {logging_mixin.py:188} INFO - [2026-09-16T15:23:21.034+0000] {dagbag.py:355} ERROR - Failed to import: /opt/airflow/dags/stoke_dag.py
Traceback (most recent call last):
  File "/home/airflow/.local/lib/python3.10/site-packages/airflow/models/dagbag.py", line 351, in parse
    loader.exec_module(new_module)
  File "<frozen importlib._bootstrap_external>", line 883, in exec_module
  File "<frozen importlib._bootstrap>", line 241, in _call_with_frames_removed
  File "/opt/airflow/dags/stoke_dag.py", line 4, in <module>
    from src.helper import save_in_core_from_stage, save_in_stage_db
ModuleNotFoundError: No module named 'src'
[2026-09-16T15:23:21.042+0000] {processor.py:842} WARNING - No viable dags retrieved from /opt/airflow/dags/stoke_dag.py
[2026-09-16T15:23:21.068+0000] {processor.py:183} INFO - Processing /opt/airflow/dags/stoke_dag.py took 0.072 seconds
[2026-09-16T15:23:25.139+0000] {processor.py:161} INFO - Started process (PID=119) to work on /opt/airflow/dags/stoke_dag.py
[2026-09-16T15:23:25.140+0000] {processor.py:830} INFO - Processing file /opt/airflow/dags/stoke_dag.py for tasks to queue
[2026-09-16T15:23:25.143+0000] {logging_mixin.py:188} INFO - [2026-09-16T15:23:25.142+0000] {dagbag.py:545} INFO - Filling up the DagBag from /opt/airflow/dags/stoke_dag.py
[2026-09-16T15:23:25.174+0000] {logging_mixin.py:188} INFO - [2026-09-16T15:23:25.169+0000] {dagbag.py:355} ERROR - Failed to import: /opt/airflow/dags/stoke_dag.py
Traceback (most recent call last):
  File "/home/airflow/.local/lib/python3.10/site-packages/airflow/models/dagbag.py", line 351, in parse
    loader.exec_module(new_module)
  File "<frozen importlib._bootstrap_external>", line 883, in exec_module
  File "<frozen importlib._bootstrap>", line 241, in _call_with_frames_removed
  File "/opt/airflow/dags/stoke_dag.py", line 4, in <module>
    from src.helper import save_in_core_from_stage, save_in_stage_db
ModuleNotFoundError: No module named 'src'
[2026-09-16T15:23:25.176+0000] {processor.py:842} WARNING - No viable dags retrieved from /opt/airflow/dags/stoke_dag.py
[2026-09-16T15:23:25.197+0000] {processor.py:183} INFO - Processing /opt/airflow/dags/stoke_dag.py took 0.063 seconds
[2026-09-16T15:23:28.181+0000] {processor.py:161} INFO - Started process (PID=126) to work on /opt/airflow/dags/stoke_dag.py
[2026-09-16T15:23:28.183+0000] {processor.py:830} INFO - Processing file /opt/airflow/dags/stoke_dag.py for tasks to queue
[2026-09-16T15:23:28.185+0000] {logging_mixin.py:188} INFO - [2026-09-16T15:23:28.184+0000] {dagbag.py:545} INFO - Filling up the DagBag from /opt/airflow/dags/stoke_dag.py
[2026-09-16T15:23:28.208+0000] {logging_mixin.py:188} INFO - [2026-09-16T15:23:28.205+0000] {dagbag.py:355} ERROR - Failed to import: /opt/airflow/dags/stoke_dag.py
Traceback (most recent call last):
  File "/home/airflow/.local/lib/python3.10/site-packages/airflow/models/dagbag.py", line 351, in parse
    loader.exec_module(new_module)
  File "<frozen importlib._bootstrap_external>", line 883, in exec_module
  File "<frozen importlib._bootstrap>", line 241, in _call_with_frames_removed
  File "/opt/airflow/dags/stoke_dag.py", line 4, in <module>
    from src.helper import save_in_core_from_stage, save_in_stage_db
ModuleNotFoundError: No module named 'src'
[2026-09-16T15:23:28.209+0000] {processor.py:842} WARNING - No viable dags retrieved from /opt/airflow/dags/stoke_dag.py
[2026-09-16T15:23:28.232+0000] {processor.py:183} INFO - Processing /opt/airflow/dags/stoke_dag.py took 0.058 seconds
[2026-09-16T15:23:58.554+0000] {processor.py:161} INFO - Started process (PID=134) to work on /opt/airflow/dags/stoke_dag.py
[2026-09-16T15:23:58.555+0000] {processor.py:830} INFO - Processing file /opt/airflow/dags/stoke_dag.py for tasks to queue
[2026-09-16T15:23:58.558+0000] {logging_mixin.py:188} INFO - [2026-09-16T15:23:58.558+0000] {dagbag.py:545} INFO - Filling up the DagBag from /opt/airflow/dags/stoke_dag.py
[2026-09-16T15:23:58.576+0000] {logging_mixin.py:188} INFO - [2026-09-16T15:23:58.573+0000] {dagbag.py:355} ERROR - Failed to import: /opt/airflow/dags/stoke_dag.py
Traceback (most recent call last):
  File "/home/airflow/.local/lib/python3.10/site-packages/airflow/models/dagbag.py", line 351, in parse
    loader.exec_module(new_module)
  File "<frozen importlib._bootstrap_external>", line 883, in exec_module
  File "<frozen importlib._bootstrap>", line 241, in _call_with_frames_removed
  File "/opt/airflow/dags/stoke_dag.py", line 4, in <module>
    from src.helper import save_in_core_from_stage, save_in_stage_db
ModuleNotFoundError: No module named 'src'
[2026-09-16T15:23:58.578+0000] {processor.py:842} WARNING - No viable dags retrieved from /opt/airflow/dags/stoke_dag.py
[2026-09-16T15:23:58.602+0000] {processor.py:183} INFO - Processing /opt/airflow/dags/stoke_dag.py took 0.057 seconds
[2026-09-16T15:24:29.072+0000] {processor.py:161} INFO - Started process (PID=144) to work on /opt/airflow/dags/stoke_dag.py
[2026-09-16T15:24:29.074+0000] {processor.py:830} INFO - Processing file /opt/airflow/dags/stoke_dag.py for tasks to queue
[2026-09-16T15:24:29.077+0000] {logging_mixin.py:188} INFO - [2026-09-16T15:24:29.076+0000] {dagbag.py:545} INFO - Filling up the DagBag from /opt/airflow/dags/stoke_dag.py
[2026-09-16T15:24:29.102+0000] {logging_mixin.py:188} INFO - [2026-09-16T15:24:29.097+0000] {dagbag.py:355} ERROR - Failed to import: /opt/airflow/dags/stoke_dag.py
Traceback (most recent call last):
  File "/home/airflow/.local/lib/python3.10/site-packages/airflow/models/dagbag.py", line 351, in parse
    loader.exec_module(new_module)
  File "<frozen importlib._bootstrap_external>", line 883, in exec_module
  File "<frozen importlib._bootstrap>", line 241, in _call_with_frames_removed
  File "/opt/airflow/dags/stoke_dag.py", line 4, in <module>
    from src.helper import save_in_core_from_stage, save_in_stage_db
ModuleNotFoundError: No module named 'src'
[2026-09-16T15:24:29.105+0000] {processor.py:842} WARNING - No viable dags retrieved from /opt/airflow/dags/stoke_dag.py
[2026-09-16T15:24:29.133+0000] {processor.py:183} INFO - Processing /opt/airflow/dags/stoke_dag.py took 0.071 seconds
[2026-09-16T15:24:59.412+0000] {processor.py:161} INFO - Started process (PID=152) to work on /opt/airflow/dags/stoke_dag.py
[2026-09-16T15:24:59.413+0000] {processor.py:830} INFO - Processing file /opt/airflow/dags/stoke_dag.py for tasks to queue
[2026-09-16T15:24:59.416+0000] {logging_mixin.py:188} INFO - [2026-09-16T15:24:59.416+0000] {dagbag.py:545} INFO - Filling up the DagBag from /opt/airflow/dags/stoke_dag.py
[2026-09-16T15:24:59.450+0000] {logging_mixin.py:188} INFO - [2026-09-16T15:24:59.441+0000] {dagbag.py:355} ERROR - Failed to import: /opt/airflow/dags/stoke_dag.py
Traceback (most recent call last):
  File "/home/airflow/.local/lib/python3.10/site-packages/airflow/models/dagbag.py", line 351, in parse
    loader.exec_module(new_module)
  File "<frozen importlib._bootstrap_external>", line 883, in exec_module
  File "<frozen importlib._bootstrap>", line 241, in _call_with_frames_removed
  File "/opt/airflow/dags/stoke_dag.py", line 4, in <module>
    from src.helper import save_in_core_from_stage, save_in_stage_db
ModuleNotFoundError: No module named 'src'
[2026-09-16T15:24:59.453+0000] {processor.py:842} WARNING - No viable dags retrieved from /opt/airflow/dags/stoke_dag.py
[2026-09-16T15:24:59.486+0000] {processor.py:183} INFO - Processing /opt/airflow/dags/stoke_dag.py took 0.080 seconds
[2026-09-16T15:25:30.256+0000] {processor.py:161} INFO - Started process (PID=163) to work on /opt/airflow/dags/stoke_dag.py
[2026-09-16T15:25:30.257+0000] {processor.py:830} INFO - Processing file /opt/airflow/dags/stoke_dag.py for tasks to queue
[2026-09-16T15:25:30.259+0000] {logging_mixin.py:188} INFO - [2026-09-16T15:25:30.258+0000] {dagbag.py:545} INFO - Filling up the DagBag from /opt/airflow/dags/stoke_dag.py
[2026-09-16T15:25:30.274+0000] {logging_mixin.py:188} INFO - [2026-09-16T15:25:30.271+0000] {dagbag.py:355} ERROR - Failed to import: /opt/airflow/dags/stoke_dag.py
Traceback (most recent call last):
  File "/home/airflow/.local/lib/python3.10/site-packages/airflow/models/dagbag.py", line 351, in parse
    loader.exec_module(new_module)
  File "<frozen importlib._bootstrap_external>", line 883, in exec_module
  File "<frozen importlib._bootstrap>", line 241, in _call_with_frames_removed
  File "/opt/airflow/dags/stoke_dag.py", line 4, in <module>
    from src.helper import save_in_core_from_stage, save_in_stage_db
ModuleNotFoundError: No module named 'src'
[2026-09-16T15:25:30.275+0000] {processor.py:842} WARNING - No viable dags retrieved from /opt/airflow/dags/stoke_dag.py
[2026-09-16T15:25:30.296+0000] {processor.py:183} INFO - Processing /opt/airflow/dags/stoke_dag.py took 0.047 seconds
[2026-09-16T15:25:47.458+0000] {processor.py:161} INFO - Started process (PID=164) to work on /opt/airflow/dags/stoke_dag.py
[2026-09-16T15:25:47.472+0000] {processor.py:830} INFO - Processing file /opt/airflow/dags/stoke_dag.py for tasks to queue
[2026-09-16T15:25:47.476+0000] {logging_mixin.py:188} INFO - [2026-09-16T15:25:47.475+0000] {dagbag.py:545} INFO - Filling up the DagBag from /opt/airflow/dags/stoke_dag.py
[2026-09-16T15:25:47.565+0000] {logging_mixin.py:188} INFO - [2026-09-16T15:25:47.558+0000] {dagbag.py:355} ERROR - Failed to import: /opt/airflow/dags/stoke_dag.py
Traceback (most recent call last):
  File "/home/airflow/.local/lib/python3.10/site-packages/airflow/models/dagbag.py", line 351, in parse
    loader.exec_module(new_module)
  File "<frozen importlib._bootstrap_external>", line 883, in exec_module
  File "<frozen importlib._bootstrap>", line 241, in _call_with_frames_removed
  File "/opt/airflow/dags/stoke_dag.py", line 4, in <module>
    from src.helper import save_in_core_from_stage, save_in_stage_db
ModuleNotFoundError: No module named 'src'
[2026-09-16T15:25:47.568+0000] {processor.py:842} WARNING - No viable dags retrieved from /opt/airflow/dags/stoke_dag.py
[2026-09-16T15:25:47.608+0000] {processor.py:183} INFO - Processing /opt/airflow/dags/stoke_dag.py took 0.163 seconds
[2026-09-16T15:25:48.632+0000] {processor.py:161} INFO - Started process (PID=166) to work on /opt/airflow/dags/stoke_dag.py
[2026-09-16T15:25:48.634+0000] {processor.py:830} INFO - Processing file /opt/airflow/dags/stoke_dag.py for tasks to queue
[2026-09-16T15:25:48.636+0000] {logging_mixin.py:188} INFO - [2026-09-16T15:25:48.636+0000] {dagbag.py:545} INFO - Filling up the DagBag from /opt/airflow/dags/stoke_dag.py
[2026-09-16T15:25:48.669+0000] {logging_mixin.py:188} INFO - [2026-09-16T15:25:48.663+0000] {dagbag.py:355} ERROR - Failed to import: /opt/airflow/dags/stoke_dag.py
Traceback (most recent call last):
  File "/home/airflow/.local/lib/python3.10/site-packages/airflow/models/dagbag.py", line 351, in parse
    loader.exec_module(new_module)
  File "<frozen importlib._bootstrap_external>", line 883, in exec_module
  File "<frozen importlib._bootstrap>", line 241, in _call_with_frames_removed
  File "/opt/airflow/dags/stoke_dag.py", line 3, in <module>
    import src.helper as hl
ModuleNotFoundError: No module named 'src'
[2026-09-16T15:25:48.671+0000] {processor.py:842} WARNING - No viable dags retrieved from /opt/airflow/dags/stoke_dag.py
[2026-09-16T15:25:48.695+0000] {processor.py:183} INFO - Processing /opt/airflow/dags/stoke_dag.py took 0.071 seconds
[2026-09-16T15:25:55.713+0000] {processor.py:161} INFO - Started process (PID=167) to work on /opt/airflow/dags/stoke_dag.py
[2026-09-16T15:25:55.714+0000] {processor.py:830} INFO - Processing file /opt/airflow/dags/stoke_dag.py for tasks to queue
[2026-09-16T15:25:55.716+0000] {logging_mixin.py:188} INFO - [2026-09-16T15:25:55.716+0000] {dagbag.py:545} INFO - Filling up the DagBag from /opt/airflow/dags/stoke_dag.py
[2026-09-16T15:25:55.742+0000] {logging_mixin.py:188} INFO - [2026-09-16T15:25:55.737+0000] {dagbag.py:355} ERROR - Failed to import: /opt/airflow/dags/stoke_dag.py
Traceback (most recent call last):
  File "/home/airflow/.local/lib/python3.10/site-packages/airflow/models/dagbag.py", line 351, in parse
    loader.exec_module(new_module)
  File "<frozen importlib._bootstrap_external>", line 883, in exec_module
  File "<frozen importlib._bootstrap>", line 241, in _call_with_frames_removed
  File "/opt/airflow/dags/stoke_dag.py", line 3, in <module>
    import src.helper as hl
ModuleNotFoundError: No module named 'src'
[2026-09-16T15:25:55.743+0000] {processor.py:842} WARNING - No viable dags retrieved from /opt/airflow/dags/stoke_dag.py
[2026-09-16T15:25:55.766+0000] {processor.py:183} INFO - Processing /opt/airflow/dags/stoke_dag.py took 0.059 seconds
[2026-09-16T15:25:57.804+0000] {processor.py:161} INFO - Started process (PID=168) to work on /opt/airflow/dags/stoke_dag.py
[2026-09-16T15:25:57.805+0000] {processor.py:830} INFO - Processing file /opt/airflow/dags/stoke_dag.py for tasks to queue
[2026-09-16T15:25:57.807+0000] {logging_mixin.py:188} INFO - [2026-09-16T15:25:57.807+0000] {dagbag.py:545} INFO - Filling up the DagBag from /opt/airflow/dags/stoke_dag.py
[2026-09-16T15:25:57.831+0000] {logging_mixin.py:188} INFO - [2026-09-16T15:25:57.828+0000] {dagbag.py:355} ERROR - Failed to import: /opt/airflow/dags/stoke_dag.py
Traceback (most recent call last):
  File "/home/airflow/.local/lib/python3.10/site-packages/airflow/models/dagbag.py", line 351, in parse
    loader.exec_module(new_module)
  File "<frozen importlib._bootstrap_external>", line 883, in exec_module
  File "<frozen importlib._bootstrap>", line 241, in _call_with_frames_removed
  File "/opt/airflow/dags/stoke_dag.py", line 3, in <module>
    import helper as hl
ModuleNotFoundError: No module named 'helper'
[2026-09-16T15:25:57.832+0000] {processor.py:842} WARNING - No viable dags retrieved from /opt/airflow/dags/stoke_dag.py
[2026-09-16T15:25:57.853+0000] {processor.py:183} INFO - Processing /opt/airflow/dags/stoke_dag.py took 0.055 seconds
[2026-09-16T15:25:59.850+0000] {processor.py:161} INFO - Started process (PID=175) to work on /opt/airflow/dags/stoke_dag.py
[2026-09-16T15:25:59.852+0000] {processor.py:830} INFO - Processing file /opt/airflow/dags/stoke_dag.py for tasks to queue
[2026-09-16T15:25:59.855+0000] {logging_mixin.py:188} INFO - [2026-09-16T15:25:59.855+0000] {dagbag.py:545} INFO - Filling up the DagBag from /opt/airflow/dags/stoke_dag.py
[2026-09-16T15:25:59.887+0000] {logging_mixin.py:188} INFO - [2026-09-16T15:25:59.882+0000] {dagbag.py:355} ERROR - Failed to import: /opt/airflow/dags/stoke_dag.py
Traceback (most recent call last):
  File "/home/airflow/.local/lib/python3.10/site-packages/airflow/models/dagbag.py", line 351, in parse
    loader.exec_module(new_module)
  File "<frozen importlib._bootstrap_external>", line 883, in exec_module
  File "<frozen importlib._bootstrap>", line 241, in _call_with_frames_removed
  File "/opt/airflow/dags/stoke_dag.py", line 3, in <module>
    import src.helper as hl
ModuleNotFoundError: No module named 'src'
[2026-09-16T15:25:59.890+0000] {processor.py:842} WARNING - No viable dags retrieved from /opt/airflow/dags/stoke_dag.py
[2026-09-16T15:25:59.911+0000] {processor.py:183} INFO - Processing /opt/airflow/dags/stoke_dag.py took 0.069 seconds
[2026-09-16T15:26:02.933+0000] {processor.py:161} INFO - Started process (PID=176) to work on /opt/airflow/dags/stoke_dag.py
[2026-09-16T15:26:02.934+0000] {processor.py:830} INFO - Processing file /opt/airflow/dags/stoke_dag.py for tasks to queue
[2026-09-16T15:26:02.936+0000] {logging_mixin.py:188} INFO - [2026-09-16T15:26:02.936+0000] {dagbag.py:545} INFO - Filling up the DagBag from /opt/airflow/dags/stoke_dag.py
[2026-09-16T15:26:02.966+0000] {processor.py:840} INFO - DAG(s) 'save_data' retrieved from /opt/airflow/dags/stoke_dag.py
[2026-09-16T15:26:03.072+0000] {logging_mixin.py:188} INFO - [2026-09-16T15:26:03.071+0000] {dag.py:3096} INFO - Sync 1 DAGs
[2026-09-16T15:26:03.083+0000] {logging_mixin.py:188} INFO - [2026-09-16T15:26:03.083+0000] {dag.py:3954} INFO - Setting next_dagrun for save_data to None, run_after=None
[2026-09-16T15:26:03.114+0000] {processor.py:183} INFO - Processing /opt/airflow/dags/stoke_dag.py took 0.188 seconds
[2026-09-16T15:26:07.008+0000] {processor.py:161} INFO - Started process (PID=177) to work on /opt/airflow/dags/stoke_dag.py
[2026-09-16T15:26:07.009+0000] {processor.py:830} INFO - Processing file /opt/airflow/dags/stoke_dag.py for tasks to queue
[2026-09-16T15:26:07.011+0000] {logging_mixin.py:188} INFO - [2026-09-16T15:26:07.011+0000] {dagbag.py:545} INFO - Filling up the DagBag from /opt/airflow/dags/stoke_dag.py
[2026-09-16T15:26:07.039+0000] {processor.py:840} INFO - DAG(s) 'save_data' retrieved from /opt/airflow/dags/stoke_dag.py
[2026-09-16T15:26:07.052+0000] {logging_mixin.py:188} INFO - [2026-09-16T15:26:07.052+0000] {dag.py:3096} INFO - Sync 1 DAGs
[2026-09-16T15:26:07.066+0000] {logging_mixin.py:188} INFO - [2026-09-16T15:26:07.066+0000] {dag.py:3954} INFO - Setting next_dagrun for save_data to None, run_after=None
[2026-09-16T15:26:07.090+0000] {processor.py:183} INFO - Processing /opt/airflow/dags/stoke_dag.py took 0.091 seconds
[2026-09-16T15:26:10.048+0000] {processor.py:161} INFO - Started process (PID=178) to work on /opt/airflow/dags/stoke_dag.py
[2026-09-16T15:26:10.049+0000] {processor.py:830} INFO - Processing file /opt/airflow/dags/stoke_dag.py for tasks to queue
[2026-09-16T15:26:10.051+0000] {logging_mixin.py:188} INFO - [2026-09-16T15:26:10.050+0000] {dagbag.py:545} INFO - Filling up the DagBag from /opt/airflow/dags/stoke_dag.py
[2026-09-16T15:26:10.086+0000] {processor.py:840} INFO - DAG(s) 'save_data' retrieved from /opt/airflow/dags/stoke_dag.py
[2026-09-16T15:26:10.104+0000] {logging_mixin.py:188} INFO - [2026-09-16T15:26:10.104+0000] {dag.py:3096} INFO - Sync 1 DAGs
[2026-09-16T15:26:10.120+0000] {logging_mixin.py:188} INFO - [2026-09-16T15:26:10.120+0000] {dag.py:3954} INFO - Setting next_dagrun for save_data to None, run_after=None
[2026-09-16T15:26:10.152+0000] {processor.py:183} INFO - Processing /opt/airflow/dags/stoke_dag.py took 0.113 seconds
[2026-09-16T15:26:40.521+0000] {processor.py:161} INFO - Started process (PID=186) to work on /opt/airflow/dags/stoke_dag.py
[2026-09-16T15:26:40.522+0000] {processor.py:830} INFO - Processing file /opt/airflow/dags/stoke_dag.py for tasks to queue
[2026-09-16T15:26:40.524+0000] {logging_mixin.py:188} INFO - [2026-09-16T15:26:40.524+0000] {dagbag.py:545} INFO - Filling up the DagBag from /opt/airflow/dags/stoke_dag.py
[2026-09-16T15:26:40.544+0000] {processor.py:840} INFO - DAG(s) 'save_data' retrieved from /opt/airflow/dags/stoke_dag.py
[2026-09-16T15:26:40.572+0000] {logging_mixin.py:188} INFO - [2026-09-16T15:26:40.571+0000] {dag.py:3096} INFO - Sync 1 DAGs
[2026-09-16T15:26:40.584+0000] {logging_mixin.py:188} INFO - [2026-09-16T15:26:40.584+0000] {dag.py:3954} INFO - Setting next_dagrun for save_data to None, run_after=None
[2026-09-16T15:26:40.605+0000] {processor.py:183} INFO - Processing /opt/airflow/dags/stoke_dag.py took 0.092 seconds
[2026-09-16T15:27:10.940+0000] {processor.py:161} INFO - Started process (PID=194) to work on /opt/airflow/dags/stoke_dag.py
[2026-09-16T15:27:10.941+0000] {processor.py:830} INFO - Processing file /opt/airflow/dags/stoke_dag.py for tasks to queue
[2026-09-16T15:27:10.944+0000] {logging_mixin.py:188} INFO - [2026-09-16T15:27:10.944+0000] {dagbag.py:545} INFO - Filling up the DagBag from /opt/airflow/dags/stoke_dag.py
[2026-09-16T15:27:10.963+0000] {processor.py:840} INFO - DAG(s) 'save_data' retrieved from /opt/airflow/dags/stoke_dag.py
[2026-09-16T15:27:10.985+0000] {logging_mixin.py:188} INFO - [2026-09-16T15:27:10.984+0000] {dag.py:3096} INFO - Sync 1 DAGs
[2026-09-16T15:27:10.996+0000] {logging_mixin.py:188} INFO - [2026-09-16T15:27:10.996+0000] {dag.py:3954} INFO - Setting next_dagrun for save_data to None, run_after=None
[2026-09-16T15:27:11.016+0000] {processor.py:183} INFO - Processing /opt/airflow/dags/stoke_dag.py took 0.082 seconds
[2026-09-16T15:27:41.518+0000] {processor.py:161} INFO - Started process (PID=205) to work on /opt/airflow/dags/stoke_dag.py
[2026-09-16T15:27:41.519+0000] {processor.py:830} INFO - Processing file /opt/airflow/dags/stoke_dag.py for tasks to queue
[2026-09-16T15:27:41.523+0000] {logging_mixin.py:188} INFO - [2026-09-16T15:27:41.522+0000] {dagbag.py:545} INFO - Filling up the DagBag from /opt/airflow/dags/stoke_dag.py
[2026-09-16T15:27:41.548+0000] {processor.py:840} INFO - DAG(s) 'save_data' retrieved from /opt/airflow/dags/stoke_dag.py
[2026-09-16T15:27:41.586+0000] {logging_mixin.py:188} INFO - [2026-09-16T15:27:41.586+0000] {dag.py:3096} INFO - Sync 1 DAGs
[2026-09-16T15:27:41.601+0000] {logging_mixin.py:188} INFO - [2026-09-16T15:27:41.600+0000] {dag.py:3954} INFO - Setting next_dagrun for save_data to None, run_after=None
[2026-09-16T15:27:41.624+0000] {processor.py:183} INFO - Processing /opt/airflow/dags/stoke_dag.py took 0.116 seconds
[2026-09-16T15:28:11.920+0000] {processor.py:161} INFO - Started process (PID=213) to work on /opt/airflow/dags/stoke_dag.py
[2026-09-16T15:28:11.921+0000] {processor.py:830} INFO - Processing file /opt/airflow/dags/stoke_dag.py for tasks to queue
[2026-09-16T15:28:11.923+0000] {logging_mixin.py:188} INFO - [2026-09-16T15:28:11.922+0000] {dagbag.py:545} INFO - Filling up the DagBag from /opt/airflow/dags/stoke_dag.py
[2026-09-16T15:28:11.940+0000] {processor.py:840} INFO - DAG(s) 'save_data' retrieved from /opt/airflow/dags/stoke_dag.py
[2026-09-16T15:28:11.966+0000] {logging_mixin.py:188} INFO - [2026-09-16T15:28:11.966+0000] {dag.py:3096} INFO - Sync 1 DAGs
[2026-09-16T15:28:11.980+0000] {logging_mixin.py:188} INFO - [2026-09-16T15:28:11.980+0000] {dag.py:3954} INFO - Setting next_dagrun for save_data to None, run_after=None
[2026-09-16T15:28:12.005+0000] {processor.py:183} INFO - Processing /opt/airflow/dags/stoke_dag.py took 0.092 seconds
[2026-09-16T15:28:42.284+0000] {processor.py:161} INFO - Started process (PID=221) to work on /opt/airflow/dags/stoke_dag.py
[2026-09-16T15:28:42.292+0000] {processor.py:830} INFO - Processing file /opt/airflow/dags/stoke_dag.py for tasks to queue
[2026-09-16T15:28:42.294+0000] {logging_mixin.py:188} INFO - [2026-09-16T15:28:42.294+0000] {dagbag.py:545} INFO - Filling up the DagBag from /opt/airflow/dags/stoke_dag.py
[2026-09-16T15:28:42.347+0000] {processor.py:840} INFO - DAG(s) 'save_data' retrieved from /opt/airflow/dags/stoke_dag.py
[2026-09-16T15:28:42.401+0000] {logging_mixin.py:188} INFO - [2026-09-16T15:28:42.401+0000] {dag.py:3096} INFO - Sync 1 DAGs
[2026-09-16T15:28:42.417+0000] {logging_mixin.py:188} INFO - [2026-09-16T15:28:42.417+0000] {dag.py:3954} INFO - Setting next_dagrun for save_data to None, run_after=None
[2026-09-16T15:28:42.453+0000] {processor.py:183} INFO - Processing /opt/airflow/dags/stoke_dag.py took 0.191 seconds
[2026-09-16T15:29:12.781+0000] {processor.py:161} INFO - Started process (PID=230) to work on /opt/airflow/dags/stoke_dag.py
[2026-09-16T15:29:12.782+0000] {processor.py:830} INFO - Processing file /opt/airflow/dags/stoke_dag.py for tasks to queue
[2026-09-16T15:29:12.783+0000] {logging_mixin.py:188} INFO - [2026-09-16T15:29:12.782+0000] {dagbag.py:545} INFO - Filling up the DagBag from /opt/airflow/dags/stoke_dag.py
[2026-09-16T15:29:12.805+0000] {processor.py:840} INFO - DAG(s) 'save_data' retrieved from /opt/airflow/dags/stoke_dag.py
[2026-09-16T15:29:12.837+0000] {logging_mixin.py:188} INFO - [2026-09-16T15:29:12.837+0000] {dag.py:3096} INFO - Sync 1 DAGs
[2026-09-16T15:29:12.857+0000] {logging_mixin.py:188} INFO - [2026-09-16T15:29:12.857+0000] {dag.py:3954} INFO - Setting next_dagrun for save_data to None, run_after=None
[2026-09-16T15:29:12.880+0000] {processor.py:183} INFO - Processing /opt/airflow/dags/stoke_dag.py took 0.106 seconds
[2026-09-16T15:30:36.657+0000] {processor.py:161} INFO - Started process (PID=62) to work on /opt/airflow/dags/stoke_dag.py
[2026-09-16T15:30:36.660+0000] {processor.py:830} INFO - Processing file /opt/airflow/dags/stoke_dag.py for tasks to queue
[2026-09-16T15:30:36.665+0000] {logging_mixin.py:188} INFO - [2026-09-16T15:30:36.664+0000] {dagbag.py:545} INFO - Filling up the DagBag from /opt/airflow/dags/stoke_dag.py
[2026-09-16T15:30:36.715+0000] {processor.py:840} INFO - DAG(s) 'save_data' retrieved from /opt/airflow/dags/stoke_dag.py
[2026-09-16T15:30:37.287+0000] {logging_mixin.py:188} INFO - [2026-09-16T15:30:37.286+0000] {dag.py:3096} INFO - Sync 1 DAGs
[2026-09-16T15:30:37.309+0000] {logging_mixin.py:188} INFO - [2026-09-16T15:30:37.308+0000] {dag.py:3954} INFO - Setting next_dagrun for save_data to None, run_after=None
[2026-09-16T15:30:37.350+0000] {processor.py:183} INFO - Processing /opt/airflow/dags/stoke_dag.py took 0.709 seconds
[2026-09-16T15:31:07.618+0000] {processor.py:161} INFO - Started process (PID=70) to work on /opt/airflow/dags/stoke_dag.py
[2026-09-16T15:31:07.620+0000] {processor.py:830} INFO - Processing file /opt/airflow/dags/stoke_dag.py for tasks to queue
[2026-09-16T15:31:07.622+0000] {logging_mixin.py:188} INFO - [2026-09-16T15:31:07.622+0000] {dagbag.py:545} INFO - Filling up the DagBag from /opt/airflow/dags/stoke_dag.py
[2026-09-16T15:31:07.643+0000] {processor.py:840} INFO - DAG(s) 'save_data' retrieved from /opt/airflow/dags/stoke_dag.py
[2026-09-16T15:31:07.680+0000] {logging_mixin.py:188} INFO - [2026-09-16T15:31:07.679+0000] {dag.py:3096} INFO - Sync 1 DAGs
[2026-09-16T15:31:07.704+0000] {logging_mixin.py:188} INFO - [2026-09-16T15:31:07.702+0000] {dag.py:3954} INFO - Setting next_dagrun for save_data to None, run_after=None
[2026-09-16T15:31:07.727+0000] {processor.py:183} INFO - Processing /opt/airflow/dags/stoke_dag.py took 0.121 seconds
[2026-09-16T15:31:38.036+0000] {processor.py:161} INFO - Started process (PID=79) to work on /opt/airflow/dags/stoke_dag.py
[2026-09-16T15:31:38.039+0000] {processor.py:830} INFO - Processing file /opt/airflow/dags/stoke_dag.py for tasks to queue
[2026-09-16T15:31:38.041+0000] {logging_mixin.py:188} INFO - [2026-09-16T15:31:38.041+0000] {dagbag.py:545} INFO - Filling up the DagBag from /opt/airflow/dags/stoke_dag.py
[2026-09-16T15:31:38.065+0000] {processor.py:840} INFO - DAG(s) 'save_data' retrieved from /opt/airflow/dags/stoke_dag.py
[2026-09-16T15:31:38.092+0000] {logging_mixin.py:188} INFO - [2026-09-16T15:31:38.092+0000] {dag.py:3096} INFO - Sync 1 DAGs
[2026-09-16T15:31:38.106+0000] {logging_mixin.py:188} INFO - [2026-09-16T15:31:38.105+0000] {dag.py:3954} INFO - Setting next_dagrun for save_data to None, run_after=None
[2026-09-16T15:31:38.130+0000] {processor.py:183} INFO - Processing /opt/airflow/dags/stoke_dag.py took 0.101 seconds
[2026-09-16T15:32:08.466+0000] {processor.py:161} INFO - Started process (PID=88) to work on /opt/airflow/dags/stoke_dag.py
[2026-09-16T15:32:08.467+0000] {processor.py:830} INFO - Processing file /opt/airflow/dags/stoke_dag.py for tasks to queue
[2026-09-16T15:32:08.469+0000] {logging_mixin.py:188} INFO - [2026-09-16T15:32:08.469+0000] {dagbag.py:545} INFO - Filling up the DagBag from /opt/airflow/dags/stoke_dag.py
[2026-09-16T15:32:08.489+0000] {processor.py:840} INFO - DAG(s) 'save_data' retrieved from /opt/airflow/dags/stoke_dag.py
[2026-09-16T15:32:08.520+0000] {logging_mixin.py:188} INFO - [2026-09-16T15:32:08.520+0000] {dag.py:3096} INFO - Sync 1 DAGs
[2026-09-16T15:32:08.543+0000] {logging_mixin.py:188} INFO - [2026-09-16T15:32:08.543+0000] {dag.py:3954} INFO - Setting next_dagrun for save_data to None, run_after=None
[2026-09-16T15:32:08.572+0000] {processor.py:183} INFO - Processing /opt/airflow/dags/stoke_dag.py took 0.117 seconds
[2026-09-16T15:32:38.976+0000] {processor.py:161} INFO - Started process (PID=103) to work on /opt/airflow/dags/stoke_dag.py
[2026-09-16T15:32:38.977+0000] {processor.py:830} INFO - Processing file /opt/airflow/dags/stoke_dag.py for tasks to queue
[2026-09-16T15:32:38.979+0000] {logging_mixin.py:188} INFO - [2026-09-16T15:32:38.979+0000] {dagbag.py:545} INFO - Filling up the DagBag from /opt/airflow/dags/stoke_dag.py
[2026-09-16T15:32:39.002+0000] {processor.py:840} INFO - DAG(s) 'save_data' retrieved from /opt/airflow/dags/stoke_dag.py
[2026-09-16T15:32:39.040+0000] {logging_mixin.py:188} INFO - [2026-09-16T15:32:39.040+0000] {dag.py:3096} INFO - Sync 1 DAGs
[2026-09-16T15:32:39.057+0000] {logging_mixin.py:188} INFO - [2026-09-16T15:32:39.056+0000] {dag.py:3954} INFO - Setting next_dagrun for save_data to None, run_after=None
[2026-09-16T15:32:39.105+0000] {processor.py:183} INFO - Processing /opt/airflow/dags/stoke_dag.py took 0.135 seconds
[2026-09-16T15:33:09.427+0000] {processor.py:161} INFO - Started process (PID=112) to work on /opt/airflow/dags/stoke_dag.py
[2026-09-16T15:33:09.430+0000] {processor.py:830} INFO - Processing file /opt/airflow/dags/stoke_dag.py for tasks to queue
[2026-09-16T15:33:09.434+0000] {logging_mixin.py:188} INFO - [2026-09-16T15:33:09.433+0000] {dagbag.py:545} INFO - Filling up the DagBag from /opt/airflow/dags/stoke_dag.py
[2026-09-16T15:33:09.465+0000] {processor.py:840} INFO - DAG(s) 'save_data' retrieved from /opt/airflow/dags/stoke_dag.py
[2026-09-16T15:33:09.489+0000] {logging_mixin.py:188} INFO - [2026-09-16T15:33:09.489+0000] {dag.py:3096} INFO - Sync 1 DAGs
[2026-09-16T15:33:09.503+0000] {logging_mixin.py:188} INFO - [2026-09-16T15:33:09.503+0000] {dag.py:3954} INFO - Setting next_dagrun for save_data to None, run_after=None
[2026-09-16T15:33:09.542+0000] {processor.py:183} INFO - Processing /opt/airflow/dags/stoke_dag.py took 0.127 seconds
[2026-09-16T15:33:39.886+0000] {processor.py:161} INFO - Started process (PID=121) to work on /opt/airflow/dags/stoke_dag.py
[2026-09-16T15:33:39.887+0000] {processor.py:830} INFO - Processing file /opt/airflow/dags/stoke_dag.py for tasks to queue
[2026-09-16T15:33:39.890+0000] {logging_mixin.py:188} INFO - [2026-09-16T15:33:39.889+0000] {dagbag.py:545} INFO - Filling up the DagBag from /opt/airflow/dags/stoke_dag.py
[2026-09-16T15:33:39.910+0000] {processor.py:840} INFO - DAG(s) 'save_data' retrieved from /opt/airflow/dags/stoke_dag.py
[2026-09-16T15:33:39.933+0000] {logging_mixin.py:188} INFO - [2026-09-16T15:33:39.933+0000] {dag.py:3096} INFO - Sync 1 DAGs
[2026-09-16T15:33:39.946+0000] {logging_mixin.py:188} INFO - [2026-09-16T15:33:39.946+0000] {dag.py:3954} INFO - Setting next_dagrun for save_data to None, run_after=None
[2026-09-16T15:33:39.969+0000] {processor.py:183} INFO - Processing /opt/airflow/dags/stoke_dag.py took 0.089 seconds
[2026-09-16T15:34:10.319+0000] {processor.py:161} INFO - Started process (PID=130) to work on /opt/airflow/dags/stoke_dag.py
[2026-09-16T15:34:10.332+0000] {processor.py:830} INFO - Processing file /opt/airflow/dags/stoke_dag.py for tasks to queue
[2026-09-16T15:34:10.342+0000] {logging_mixin.py:188} INFO - [2026-09-16T15:34:10.341+0000] {dagbag.py:545} INFO - Filling up the DagBag from /opt/airflow/dags/stoke_dag.py
[2026-09-16T15:34:10.421+0000] {processor.py:840} INFO - DAG(s) 'save_data' retrieved from /opt/airflow/dags/stoke_dag.py
[2026-09-16T15:34:10.455+0000] {logging_mixin.py:188} INFO - [2026-09-16T15:34:10.455+0000] {dag.py:3096} INFO - Sync 1 DAGs
[2026-09-16T15:34:10.477+0000] {logging_mixin.py:188} INFO - [2026-09-16T15:34:10.477+0000] {dag.py:3954} INFO - Setting next_dagrun for save_data to None, run_after=None
[2026-09-16T15:34:10.510+0000] {processor.py:183} INFO - Processing /opt/airflow/dags/stoke_dag.py took 0.262 seconds
[2026-09-16T15:34:40.707+0000] {processor.py:161} INFO - Started process (PID=139) to work on /opt/airflow/dags/stoke_dag.py
[2026-09-16T15:34:40.708+0000] {processor.py:830} INFO - Processing file /opt/airflow/dags/stoke_dag.py for tasks to queue
[2026-09-16T15:34:40.710+0000] {logging_mixin.py:188} INFO - [2026-09-16T15:34:40.710+0000] {dagbag.py:545} INFO - Filling up the DagBag from /opt/airflow/dags/stoke_dag.py
[2026-09-16T15:34:40.726+0000] {processor.py:840} INFO - DAG(s) 'save_data' retrieved from /opt/airflow/dags/stoke_dag.py
[2026-09-16T15:34:40.750+0000] {logging_mixin.py:188} INFO - [2026-09-16T15:34:40.749+0000] {dag.py:3096} INFO - Sync 1 DAGs
[2026-09-16T15:34:40.763+0000] {logging_mixin.py:188} INFO - [2026-09-16T15:34:40.763+0000] {dag.py:3954} INFO - Setting next_dagrun for save_data to None, run_after=None
[2026-09-16T15:34:40.783+0000] {processor.py:183} INFO - Processing /opt/airflow/dags/stoke_dag.py took 0.082 seconds
[2026-09-16T15:35:11.115+0000] {processor.py:161} INFO - Started process (PID=148) to work on /opt/airflow/dags/stoke_dag.py
[2026-09-16T15:35:11.116+0000] {processor.py:830} INFO - Processing file /opt/airflow/dags/stoke_dag.py for tasks to queue
[2026-09-16T15:35:11.118+0000] {logging_mixin.py:188} INFO - [2026-09-16T15:35:11.118+0000] {dagbag.py:545} INFO - Filling up the DagBag from /opt/airflow/dags/stoke_dag.py
[2026-09-16T15:35:11.136+0000] {processor.py:840} INFO - DAG(s) 'save_data' retrieved from /opt/airflow/dags/stoke_dag.py
[2026-09-16T15:35:11.161+0000] {logging_mixin.py:188} INFO - [2026-09-16T15:35:11.161+0000] {dag.py:3096} INFO - Sync 1 DAGs
[2026-09-16T15:35:11.174+0000] {logging_mixin.py:188} INFO - [2026-09-16T15:35:11.174+0000] {dag.py:3954} INFO - Setting next_dagrun for save_data to None, run_after=None
[2026-09-16T15:35:11.195+0000] {processor.py:183} INFO - Processing /opt/airflow/dags/stoke_dag.py took 0.086 seconds
[2026-09-16T15:35:41.535+0000] {processor.py:161} INFO - Started process (PID=157) to work on /opt/airflow/dags/stoke_dag.py
[2026-09-16T15:35:41.537+0000] {processor.py:830} INFO - Processing file /opt/airflow/dags/stoke_dag.py for tasks to queue
[2026-09-16T15:35:41.540+0000] {logging_mixin.py:188} INFO - [2026-09-16T15:35:41.539+0000] {dagbag.py:545} INFO - Filling up the DagBag from /opt/airflow/dags/stoke_dag.py
[2026-09-16T15:35:41.558+0000] {processor.py:840} INFO - DAG(s) 'save_data' retrieved from /opt/airflow/dags/stoke_dag.py
[2026-09-16T15:35:41.583+0000] {logging_mixin.py:188} INFO - [2026-09-16T15:35:41.582+0000] {dag.py:3096} INFO - Sync 1 DAGs
[2026-09-16T15:35:41.595+0000] {logging_mixin.py:188} INFO - [2026-09-16T15:35:41.594+0000] {dag.py:3954} INFO - Setting next_dagrun for save_data to None, run_after=None
[2026-09-16T15:35:41.633+0000] {processor.py:183} INFO - Processing /opt/airflow/dags/stoke_dag.py took 0.106 seconds
[2026-09-16T15:36:11.948+0000] {processor.py:161} INFO - Started process (PID=167) to work on /opt/airflow/dags/stoke_dag.py
[2026-09-16T15:36:11.950+0000] {processor.py:830} INFO - Processing file /opt/airflow/dags/stoke_dag.py for tasks to queue
[2026-09-16T15:36:11.954+0000] {logging_mixin.py:188} INFO - [2026-09-16T15:36:11.954+0000] {dagbag.py:545} INFO - Filling up the DagBag from /opt/airflow/dags/stoke_dag.py
[2026-09-16T15:36:11.983+0000] {processor.py:840} INFO - DAG(s) 'save_data' retrieved from /opt/airflow/dags/stoke_dag.py
[2026-09-16T15:36:12.045+0000] {logging_mixin.py:188} INFO - [2026-09-16T15:36:12.044+0000] {dag.py:3096} INFO - Sync 1 DAGs
[2026-09-16T15:36:12.076+0000] {logging_mixin.py:188} INFO - [2026-09-16T15:36:12.076+0000] {dag.py:3954} INFO - Setting next_dagrun for save_data to None, run_after=None
[2026-09-16T15:36:12.111+0000] {processor.py:183} INFO - Processing /opt/airflow/dags/stoke_dag.py took 0.171 seconds
[2026-09-16T15:36:42.214+0000] {processor.py:161} INFO - Started process (PID=175) to work on /opt/airflow/dags/stoke_dag.py
[2026-09-16T15:36:42.216+0000] {processor.py:830} INFO - Processing file /opt/airflow/dags/stoke_dag.py for tasks to queue
[2026-09-16T15:36:42.221+0000] {logging_mixin.py:188} INFO - [2026-09-16T15:36:42.220+0000] {dagbag.py:545} INFO - Filling up the DagBag from /opt/airflow/dags/stoke_dag.py
[2026-09-16T15:36:42.261+0000] {processor.py:840} INFO - DAG(s) 'save_data' retrieved from /opt/airflow/dags/stoke_dag.py
[2026-09-16T15:36:42.299+0000] {logging_mixin.py:188} INFO - [2026-09-16T15:36:42.298+0000] {dag.py:3096} INFO - Sync 1 DAGs
[2026-09-16T15:36:42.315+0000] {logging_mixin.py:188} INFO - [2026-09-16T15:36:42.314+0000] {dag.py:3954} INFO - Setting next_dagrun for save_data to None, run_after=None
[2026-09-16T15:36:42.346+0000] {processor.py:183} INFO - Processing /opt/airflow/dags/stoke_dag.py took 0.142 seconds
[2026-09-16T15:37:12.691+0000] {processor.py:161} INFO - Started process (PID=184) to work on /opt/airflow/dags/stoke_dag.py
[2026-09-16T15:37:12.700+0000] {processor.py:830} INFO - Processing file /opt/airflow/dags/stoke_dag.py for tasks to queue
[2026-09-16T15:37:12.709+0000] {logging_mixin.py:188} INFO - [2026-09-16T15:37:12.708+0000] {dagbag.py:545} INFO - Filling up the DagBag from /opt/airflow/dags/stoke_dag.py
[2026-09-16T15:37:12.749+0000] {processor.py:840} INFO - DAG(s) 'save_data' retrieved from /opt/airflow/dags/stoke_dag.py
[2026-09-16T15:37:12.789+0000] {logging_mixin.py:188} INFO - [2026-09-16T15:37:12.789+0000] {dag.py:3096} INFO - Sync 1 DAGs
[2026-09-16T15:37:12.815+0000] {logging_mixin.py:188} INFO - [2026-09-16T15:37:12.814+0000] {dag.py:3954} INFO - Setting next_dagrun for save_data to None, run_after=None
[2026-09-16T15:37:12.849+0000] {processor.py:183} INFO - Processing /opt/airflow/dags/stoke_dag.py took 0.178 seconds
[2026-09-16T15:37:43.231+0000] {processor.py:161} INFO - Started process (PID=193) to work on /opt/airflow/dags/stoke_dag.py
[2026-09-16T15:37:43.233+0000] {processor.py:830} INFO - Processing file /opt/airflow/dags/stoke_dag.py for tasks to queue
[2026-09-16T15:37:43.235+0000] {logging_mixin.py:188} INFO - [2026-09-16T15:37:43.235+0000] {dagbag.py:545} INFO - Filling up the DagBag from /opt/airflow/dags/stoke_dag.py
[2026-09-16T15:37:43.256+0000] {processor.py:840} INFO - DAG(s) 'save_data' retrieved from /opt/airflow/dags/stoke_dag.py
[2026-09-16T15:37:43.280+0000] {logging_mixin.py:188} INFO - [2026-09-16T15:37:43.280+0000] {dag.py:3096} INFO - Sync 1 DAGs
[2026-09-16T15:37:43.290+0000] {logging_mixin.py:188} INFO - [2026-09-16T15:37:43.290+0000] {dag.py:3954} INFO - Setting next_dagrun for save_data to None, run_after=None
[2026-09-16T15:37:43.313+0000] {processor.py:183} INFO - Processing /opt/airflow/dags/stoke_dag.py took 0.092 seconds
[2026-09-16T15:38:13.627+0000] {processor.py:161} INFO - Started process (PID=202) to work on /opt/airflow/dags/stoke_dag.py
[2026-09-16T15:38:13.628+0000] {processor.py:830} INFO - Processing file /opt/airflow/dags/stoke_dag.py for tasks to queue
[2026-09-16T15:38:13.630+0000] {logging_mixin.py:188} INFO - [2026-09-16T15:38:13.630+0000] {dagbag.py:545} INFO - Filling up the DagBag from /opt/airflow/dags/stoke_dag.py
[2026-09-16T15:38:13.655+0000] {processor.py:840} INFO - DAG(s) 'save_data' retrieved from /opt/airflow/dags/stoke_dag.py
[2026-09-16T15:38:13.678+0000] {logging_mixin.py:188} INFO - [2026-09-16T15:38:13.678+0000] {dag.py:3096} INFO - Sync 1 DAGs
[2026-09-16T15:38:13.691+0000] {logging_mixin.py:188} INFO - [2026-09-16T15:38:13.691+0000] {dag.py:3954} INFO - Setting next_dagrun for save_data to None, run_after=None
[2026-09-16T15:38:13.711+0000] {processor.py:183} INFO - Processing /opt/airflow/dags/stoke_dag.py took 0.093 seconds
[2026-09-16T15:38:44.180+0000] {processor.py:161} INFO - Started process (PID=211) to work on /opt/airflow/dags/stoke_dag.py
[2026-09-16T15:38:44.193+0000] {processor.py:830} INFO - Processing file /opt/airflow/dags/stoke_dag.py for tasks to queue
[2026-09-16T15:38:44.200+0000] {logging_mixin.py:188} INFO - [2026-09-16T15:38:44.200+0000] {dagbag.py:545} INFO - Filling up the DagBag from /opt/airflow/dags/stoke_dag.py
[2026-09-16T15:38:44.235+0000] {processor.py:840} INFO - DAG(s) 'save_data' retrieved from /opt/airflow/dags/stoke_dag.py
[2026-09-16T15:38:44.271+0000] {logging_mixin.py:188} INFO - [2026-09-16T15:38:44.271+0000] {dag.py:3096} INFO - Sync 1 DAGs
[2026-09-16T15:38:44.294+0000] {logging_mixin.py:188} INFO - [2026-09-16T15:38:44.293+0000] {dag.py:3954} INFO - Setting next_dagrun for save_data to None, run_after=None
[2026-09-16T15:38:44.329+0000] {processor.py:183} INFO - Processing /opt/airflow/dags/stoke_dag.py took 0.165 seconds
[2026-09-16T15:39:14.400+0000] {processor.py:161} INFO - Started process (PID=220) to work on /opt/airflow/dags/stoke_dag.py
[2026-09-16T15:39:14.401+0000] {processor.py:830} INFO - Processing file /opt/airflow/dags/stoke_dag.py for tasks to queue
[2026-09-16T15:39:14.403+0000] {logging_mixin.py:188} INFO - [2026-09-16T15:39:14.402+0000] {dagbag.py:545} INFO - Filling up the DagBag from /opt/airflow/dags/stoke_dag.py
[2026-09-16T15:39:14.420+0000] {processor.py:840} INFO - DAG(s) 'save_data' retrieved from /opt/airflow/dags/stoke_dag.py
[2026-09-16T15:39:14.444+0000] {logging_mixin.py:188} INFO - [2026-09-16T15:39:14.444+0000] {dag.py:3096} INFO - Sync 1 DAGs
[2026-09-16T15:39:14.456+0000] {logging_mixin.py:188} INFO - [2026-09-16T15:39:14.456+0000] {dag.py:3954} INFO - Setting next_dagrun for save_data to None, run_after=None
[2026-09-16T15:39:14.481+0000] {processor.py:183} INFO - Processing /opt/airflow/dags/stoke_dag.py took 0.088 seconds
[2026-09-16T15:39:44.773+0000] {processor.py:161} INFO - Started process (PID=229) to work on /opt/airflow/dags/stoke_dag.py
[2026-09-16T15:39:44.775+0000] {processor.py:830} INFO - Processing file /opt/airflow/dags/stoke_dag.py for tasks to queue
[2026-09-16T15:39:44.777+0000] {logging_mixin.py:188} INFO - [2026-09-16T15:39:44.777+0000] {dagbag.py:545} INFO - Filling up the DagBag from /opt/airflow/dags/stoke_dag.py
[2026-09-16T15:39:44.795+0000] {processor.py:840} INFO - DAG(s) 'save_data' retrieved from /opt/airflow/dags/stoke_dag.py
[2026-09-16T15:39:44.819+0000] {logging_mixin.py:188} INFO - [2026-09-16T15:39:44.819+0000] {dag.py:3096} INFO - Sync 1 DAGs
[2026-09-16T15:39:44.830+0000] {logging_mixin.py:188} INFO - [2026-09-16T15:39:44.830+0000] {dag.py:3954} INFO - Setting next_dagrun for save_data to None, run_after=None
[2026-09-16T15:39:44.858+0000] {processor.py:183} INFO - Processing /opt/airflow/dags/stoke_dag.py took 0.094 seconds
[2026-09-16T15:40:15.201+0000] {processor.py:161} INFO - Started process (PID=238) to work on /opt/airflow/dags/stoke_dag.py
[2026-09-16T15:40:15.203+0000] {processor.py:830} INFO - Processing file /opt/airflow/dags/stoke_dag.py for tasks to queue
[2026-09-16T15:40:15.205+0000] {logging_mixin.py:188} INFO - [2026-09-16T15:40:15.205+0000] {dagbag.py:545} INFO - Filling up the DagBag from /opt/airflow/dags/stoke_dag.py
[2026-09-16T15:40:15.224+0000] {processor.py:840} INFO - DAG(s) 'save_data' retrieved from /opt/airflow/dags/stoke_dag.py
[2026-09-16T15:40:15.248+0000] {logging_mixin.py:188} INFO - [2026-09-16T15:40:15.248+0000] {dag.py:3096} INFO - Sync 1 DAGs
[2026-09-16T15:40:15.261+0000] {logging_mixin.py:188} INFO - [2026-09-16T15:40:15.261+0000] {dag.py:3954} INFO - Setting next_dagrun for save_data to None, run_after=None
[2026-09-16T15:40:15.290+0000] {processor.py:183} INFO - Processing /opt/airflow/dags/stoke_dag.py took 0.097 seconds
[2026-09-16T15:40:45.609+0000] {processor.py:161} INFO - Started process (PID=253) to work on /opt/airflow/dags/stoke_dag.py
[2026-09-16T15:40:45.611+0000] {processor.py:830} INFO - Processing file /opt/airflow/dags/stoke_dag.py for tasks to queue
[2026-09-16T15:40:45.614+0000] {logging_mixin.py:188} INFO - [2026-09-16T15:40:45.613+0000] {dagbag.py:545} INFO - Filling up the DagBag from /opt/airflow/dags/stoke_dag.py
[2026-09-16T15:40:45.630+0000] {processor.py:840} INFO - DAG(s) 'save_data' retrieved from /opt/airflow/dags/stoke_dag.py
[2026-09-16T15:40:45.657+0000] {logging_mixin.py:188} INFO - [2026-09-16T15:40:45.657+0000] {dag.py:3096} INFO - Sync 1 DAGs
[2026-09-16T15:40:45.671+0000] {logging_mixin.py:188} INFO - [2026-09-16T15:40:45.671+0000] {dag.py:3954} INFO - Setting next_dagrun for save_data to None, run_after=None
[2026-09-16T15:40:45.693+0000] {processor.py:183} INFO - Processing /opt/airflow/dags/stoke_dag.py took 0.091 seconds
[2026-09-16T15:41:15.974+0000] {processor.py:161} INFO - Started process (PID=262) to work on /opt/airflow/dags/stoke_dag.py
[2026-09-16T15:41:15.975+0000] {processor.py:830} INFO - Processing file /opt/airflow/dags/stoke_dag.py for tasks to queue
[2026-09-16T15:41:15.977+0000] {logging_mixin.py:188} INFO - [2026-09-16T15:41:15.977+0000] {dagbag.py:545} INFO - Filling up the DagBag from /opt/airflow/dags/stoke_dag.py
[2026-09-16T15:41:15.996+0000] {processor.py:840} INFO - DAG(s) 'save_data' retrieved from /opt/airflow/dags/stoke_dag.py
[2026-09-16T15:41:16.019+0000] {logging_mixin.py:188} INFO - [2026-09-16T15:41:16.019+0000] {dag.py:3096} INFO - Sync 1 DAGs
[2026-09-16T15:41:16.031+0000] {logging_mixin.py:188} INFO - [2026-09-16T15:41:16.030+0000] {dag.py:3954} INFO - Setting next_dagrun for save_data to None, run_after=None
[2026-09-16T15:41:16.052+0000] {processor.py:183} INFO - Processing /opt/airflow/dags/stoke_dag.py took 0.085 seconds
[2026-09-16T15:41:46.363+0000] {processor.py:161} INFO - Started process (PID=271) to work on /opt/airflow/dags/stoke_dag.py
[2026-09-16T15:41:46.365+0000] {processor.py:830} INFO - Processing file /opt/airflow/dags/stoke_dag.py for tasks to queue
[2026-09-16T15:41:46.368+0000] {logging_mixin.py:188} INFO - [2026-09-16T15:41:46.368+0000] {dagbag.py:545} INFO - Filling up the DagBag from /opt/airflow/dags/stoke_dag.py
[2026-09-16T15:41:46.393+0000] {processor.py:840} INFO - DAG(s) 'save_data' retrieved from /opt/airflow/dags/stoke_dag.py
[2026-09-16T15:41:46.426+0000] {logging_mixin.py:188} INFO - [2026-09-16T15:41:46.425+0000] {dag.py:3096} INFO - Sync 1 DAGs
[2026-09-16T15:41:46.440+0000] {logging_mixin.py:188} INFO - [2026-09-16T15:41:46.440+0000] {dag.py:3954} INFO - Setting next_dagrun for save_data to None, run_after=None
[2026-09-16T15:41:46.462+0000] {processor.py:183} INFO - Processing /opt/airflow/dags/stoke_dag.py took 0.107 seconds
[2026-09-16T15:42:16.765+0000] {processor.py:161} INFO - Started process (PID=280) to work on /opt/airflow/dags/stoke_dag.py
[2026-09-16T15:42:16.767+0000] {processor.py:830} INFO - Processing file /opt/airflow/dags/stoke_dag.py for tasks to queue
[2026-09-16T15:42:16.769+0000] {logging_mixin.py:188} INFO - [2026-09-16T15:42:16.769+0000] {dagbag.py:545} INFO - Filling up the DagBag from /opt/airflow/dags/stoke_dag.py
[2026-09-16T15:42:16.791+0000] {processor.py:840} INFO - DAG(s) 'save_data' retrieved from /opt/airflow/dags/stoke_dag.py
[2026-09-16T15:42:16.819+0000] {logging_mixin.py:188} INFO - [2026-09-16T15:42:16.819+0000] {dag.py:3096} INFO - Sync 1 DAGs
[2026-09-16T15:42:16.834+0000] {logging_mixin.py:188} INFO - [2026-09-16T15:42:16.834+0000] {dag.py:3954} INFO - Setting next_dagrun for save_data to None, run_after=None
[2026-09-16T15:42:16.858+0000] {processor.py:183} INFO - Processing /opt/airflow/dags/stoke_dag.py took 0.102 seconds
[2026-09-16T15:42:47.147+0000] {processor.py:161} INFO - Started process (PID=289) to work on /opt/airflow/dags/stoke_dag.py
[2026-09-16T15:42:47.149+0000] {processor.py:830} INFO - Processing file /opt/airflow/dags/stoke_dag.py for tasks to queue
[2026-09-16T15:42:47.151+0000] {logging_mixin.py:188} INFO - [2026-09-16T15:42:47.151+0000] {dagbag.py:545} INFO - Filling up the DagBag from /opt/airflow/dags/stoke_dag.py
[2026-09-16T15:42:47.171+0000] {processor.py:840} INFO - DAG(s) 'save_data' retrieved from /opt/airflow/dags/stoke_dag.py
[2026-09-16T15:42:47.206+0000] {logging_mixin.py:188} INFO - [2026-09-16T15:42:47.206+0000] {dag.py:3096} INFO - Sync 1 DAGs
[2026-09-16T15:42:47.226+0000] {logging_mixin.py:188} INFO - [2026-09-16T15:42:47.226+0000] {dag.py:3954} INFO - Setting next_dagrun for save_data to None, run_after=None
[2026-09-16T15:42:47.257+0000] {processor.py:183} INFO - Processing /opt/airflow/dags/stoke_dag.py took 0.117 seconds
[2026-09-16T15:43:17.586+0000] {processor.py:161} INFO - Started process (PID=298) to work on /opt/airflow/dags/stoke_dag.py
[2026-09-16T15:43:17.589+0000] {processor.py:830} INFO - Processing file /opt/airflow/dags/stoke_dag.py for tasks to queue
[2026-09-16T15:43:17.592+0000] {logging_mixin.py:188} INFO - [2026-09-16T15:43:17.592+0000] {dagbag.py:545} INFO - Filling up the DagBag from /opt/airflow/dags/stoke_dag.py
[2026-09-16T15:43:17.653+0000] {processor.py:840} INFO - DAG(s) 'save_data' retrieved from /opt/airflow/dags/stoke_dag.py
[2026-09-16T15:43:17.701+0000] {logging_mixin.py:188} INFO - [2026-09-16T15:43:17.700+0000] {dag.py:3096} INFO - Sync 1 DAGs
[2026-09-16T15:43:17.729+0000] {logging_mixin.py:188} INFO - [2026-09-16T15:43:17.728+0000] {dag.py:3954} INFO - Setting next_dagrun for save_data to None, run_after=None
[2026-09-16T15:43:17.769+0000] {processor.py:183} INFO - Processing /opt/airflow/dags/stoke_dag.py took 0.196 seconds
[2026-09-16T15:43:48.066+0000] {processor.py:161} INFO - Started process (PID=307) to work on /opt/airflow/dags/stoke_dag.py
[2026-09-16T15:43:48.068+0000] {processor.py:830} INFO - Processing file /opt/airflow/dags/stoke_dag.py for tasks to queue
[2026-09-16T15:43:48.069+0000] {logging_mixin.py:188} INFO - [2026-09-16T15:43:48.069+0000] {dagbag.py:545} INFO - Filling up the DagBag from /opt/airflow/dags/stoke_dag.py
[2026-09-16T15:43:48.085+0000] {processor.py:840} INFO - DAG(s) 'save_data' retrieved from /opt/airflow/dags/stoke_dag.py
[2026-09-16T15:43:48.125+0000] {logging_mixin.py:188} INFO - [2026-09-16T15:43:48.124+0000] {dag.py:3096} INFO - Sync 1 DAGs
[2026-09-16T15:43:48.145+0000] {logging_mixin.py:188} INFO - [2026-09-16T15:43:48.145+0000] {dag.py:3954} INFO - Setting next_dagrun for save_data to None, run_after=None
[2026-09-16T15:43:48.168+0000] {processor.py:183} INFO - Processing /opt/airflow/dags/stoke_dag.py took 0.108 seconds
[2026-09-16T15:44:18.471+0000] {processor.py:161} INFO - Started process (PID=316) to work on /opt/airflow/dags/stoke_dag.py
[2026-09-16T15:44:18.474+0000] {processor.py:830} INFO - Processing file /opt/airflow/dags/stoke_dag.py for tasks to queue
[2026-09-16T15:44:18.482+0000] {logging_mixin.py:188} INFO - [2026-09-16T15:44:18.482+0000] {dagbag.py:545} INFO - Filling up the DagBag from /opt/airflow/dags/stoke_dag.py
[2026-09-16T15:44:18.518+0000] {processor.py:840} INFO - DAG(s) 'save_data' retrieved from /opt/airflow/dags/stoke_dag.py
[2026-09-16T15:44:18.557+0000] {logging_mixin.py:188} INFO - [2026-09-16T15:44:18.557+0000] {dag.py:3096} INFO - Sync 1 DAGs
[2026-09-16T15:44:18.573+0000] {logging_mixin.py:188} INFO - [2026-09-16T15:44:18.573+0000] {dag.py:3954} INFO - Setting next_dagrun for save_data to None, run_after=None
[2026-09-16T15:44:18.604+0000] {processor.py:183} INFO - Processing /opt/airflow/dags/stoke_dag.py took 0.142 seconds
[2026-09-16T15:44:48.934+0000] {processor.py:161} INFO - Started process (PID=325) to work on /opt/airflow/dags/stoke_dag.py
[2026-09-16T15:44:48.936+0000] {processor.py:830} INFO - Processing file /opt/airflow/dags/stoke_dag.py for tasks to queue
[2026-09-16T15:44:48.939+0000] {logging_mixin.py:188} INFO - [2026-09-16T15:44:48.939+0000] {dagbag.py:545} INFO - Filling up the DagBag from /opt/airflow/dags/stoke_dag.py
[2026-09-16T15:44:48.975+0000] {processor.py:840} INFO - DAG(s) 'save_data' retrieved from /opt/airflow/dags/stoke_dag.py
[2026-09-16T15:44:49.012+0000] {logging_mixin.py:188} INFO - [2026-09-16T15:44:49.011+0000] {dag.py:3096} INFO - Sync 1 DAGs
[2026-09-16T15:44:49.030+0000] {logging_mixin.py:188} INFO - [2026-09-16T15:44:49.029+0000] {dag.py:3954} INFO - Setting next_dagrun for save_data to None, run_after=None
[2026-09-16T15:44:49.056+0000] {processor.py:183} INFO - Processing /opt/airflow/dags/stoke_dag.py took 0.129 seconds
[2026-09-16T15:45:19.373+0000] {processor.py:161} INFO - Started process (PID=334) to work on /opt/airflow/dags/stoke_dag.py
[2026-09-16T15:45:19.375+0000] {processor.py:830} INFO - Processing file /opt/airflow/dags/stoke_dag.py for tasks to queue
[2026-09-16T15:45:19.378+0000] {logging_mixin.py:188} INFO - [2026-09-16T15:45:19.378+0000] {dagbag.py:545} INFO - Filling up the DagBag from /opt/airflow/dags/stoke_dag.py
[2026-09-16T15:45:19.404+0000] {processor.py:840} INFO - DAG(s) 'save_data' retrieved from /opt/airflow/dags/stoke_dag.py
[2026-09-16T15:45:19.429+0000] {logging_mixin.py:188} INFO - [2026-09-16T15:45:19.428+0000] {dag.py:3096} INFO - Sync 1 DAGs
[2026-09-16T15:45:19.441+0000] {logging_mixin.py:188} INFO - [2026-09-16T15:45:19.441+0000] {dag.py:3954} INFO - Setting next_dagrun for save_data to None, run_after=None
[2026-09-16T15:45:19.464+0000] {processor.py:183} INFO - Processing /opt/airflow/dags/stoke_dag.py took 0.100 seconds
[2026-09-16T15:45:49.701+0000] {processor.py:161} INFO - Started process (PID=343) to work on /opt/airflow/dags/stoke_dag.py
[2026-09-16T15:45:49.704+0000] {processor.py:830} INFO - Processing file /opt/airflow/dags/stoke_dag.py for tasks to queue
[2026-09-16T15:45:49.709+0000] {logging_mixin.py:188} INFO - [2026-09-16T15:45:49.708+0000] {dagbag.py:545} INFO - Filling up the DagBag from /opt/airflow/dags/stoke_dag.py
[2026-09-16T15:45:49.745+0000] {processor.py:840} INFO - DAG(s) 'save_data' retrieved from /opt/airflow/dags/stoke_dag.py
[2026-09-16T15:45:49.796+0000] {logging_mixin.py:188} INFO - [2026-09-16T15:45:49.796+0000] {dag.py:3096} INFO - Sync 1 DAGs
[2026-09-16T15:45:49.829+0000] {logging_mixin.py:188} INFO - [2026-09-16T15:45:49.828+0000] {dag.py:3954} INFO - Setting next_dagrun for save_data to None, run_after=None
[2026-09-16T15:45:49.869+0000] {processor.py:183} INFO - Processing /opt/airflow/dags/stoke_dag.py took 0.185 seconds
[2026-09-16T15:46:20.306+0000] {processor.py:161} INFO - Started process (PID=352) to work on /opt/airflow/dags/stoke_dag.py
[2026-09-16T15:46:20.308+0000] {processor.py:830} INFO - Processing file /opt/airflow/dags/stoke_dag.py for tasks to queue
[2026-09-16T15:46:20.316+0000] {logging_mixin.py:188} INFO - [2026-09-16T15:46:20.315+0000] {dagbag.py:545} INFO - Filling up the DagBag from /opt/airflow/dags/stoke_dag.py
[2026-09-16T15:46:20.353+0000] {processor.py:840} INFO - DAG(s) 'save_data' retrieved from /opt/airflow/dags/stoke_dag.py
[2026-09-16T15:46:20.419+0000] {logging_mixin.py:188} INFO - [2026-09-16T15:46:20.419+0000] {dag.py:3096} INFO - Sync 1 DAGs
[2026-09-16T15:46:20.449+0000] {logging_mixin.py:188} INFO - [2026-09-16T15:46:20.448+0000] {dag.py:3954} INFO - Setting next_dagrun for save_data to None, run_after=None
[2026-09-16T15:46:20.487+0000] {processor.py:183} INFO - Processing /opt/airflow/dags/stoke_dag.py took 0.196 seconds
[2026-09-16T15:46:50.781+0000] {processor.py:161} INFO - Started process (PID=361) to work on /opt/airflow/dags/stoke_dag.py
[2026-09-16T15:46:50.783+0000] {processor.py:830} INFO - Processing file /opt/airflow/dags/stoke_dag.py for tasks to queue
[2026-09-16T15:46:50.785+0000] {logging_mixin.py:188} INFO - [2026-09-16T15:46:50.785+0000] {dagbag.py:545} INFO - Filling up the DagBag from /opt/airflow/dags/stoke_dag.py
[2026-09-16T15:46:50.802+0000] {processor.py:840} INFO - DAG(s) 'save_data' retrieved from /opt/airflow/dags/stoke_dag.py
[2026-09-16T15:46:50.824+0000] {logging_mixin.py:188} INFO - [2026-09-16T15:46:50.824+0000] {dag.py:3096} INFO - Sync 1 DAGs
[2026-09-16T15:46:50.836+0000] {logging_mixin.py:188} INFO - [2026-09-16T15:46:50.836+0000] {dag.py:3954} INFO - Setting next_dagrun for save_data to None, run_after=None
[2026-09-16T15:46:50.856+0000] {processor.py:183} INFO - Processing /opt/airflow/dags/stoke_dag.py took 0.082 seconds
[2026-09-16T15:47:21.146+0000] {processor.py:161} INFO - Started process (PID=370) to work on /opt/airflow/dags/stoke_dag.py
[2026-09-16T15:47:21.148+0000] {processor.py:830} INFO - Processing file /opt/airflow/dags/stoke_dag.py for tasks to queue
[2026-09-16T15:47:21.150+0000] {logging_mixin.py:188} INFO - [2026-09-16T15:47:21.150+0000] {dagbag.py:545} INFO - Filling up the DagBag from /opt/airflow/dags/stoke_dag.py
[2026-09-16T15:47:21.174+0000] {processor.py:840} INFO - DAG(s) 'save_data' retrieved from /opt/airflow/dags/stoke_dag.py
[2026-09-16T15:47:21.201+0000] {logging_mixin.py:188} INFO - [2026-09-16T15:47:21.201+0000] {dag.py:3096} INFO - Sync 1 DAGs
[2026-09-16T15:47:21.218+0000] {logging_mixin.py:188} INFO - [2026-09-16T15:47:21.218+0000] {dag.py:3954} INFO - Setting next_dagrun for save_data to None, run_after=None
[2026-09-16T15:47:21.258+0000] {processor.py:183} INFO - Processing /opt/airflow/dags/stoke_dag.py took 0.119 seconds
[2026-09-16T15:47:51.647+0000] {processor.py:161} INFO - Started process (PID=379) to work on /opt/airflow/dags/stoke_dag.py
[2026-09-16T15:47:51.648+0000] {processor.py:830} INFO - Processing file /opt/airflow/dags/stoke_dag.py for tasks to queue
[2026-09-16T15:47:51.650+0000] {logging_mixin.py:188} INFO - [2026-09-16T15:47:51.649+0000] {dagbag.py:545} INFO - Filling up the DagBag from /opt/airflow/dags/stoke_dag.py
[2026-09-16T15:47:51.672+0000] {processor.py:840} INFO - DAG(s) 'save_data' retrieved from /opt/airflow/dags/stoke_dag.py
[2026-09-16T15:47:51.698+0000] {logging_mixin.py:188} INFO - [2026-09-16T15:47:51.698+0000] {dag.py:3096} INFO - Sync 1 DAGs
[2026-09-16T15:47:51.709+0000] {logging_mixin.py:188} INFO - [2026-09-16T15:47:51.709+0000] {dag.py:3954} INFO - Setting next_dagrun for save_data to None, run_after=None
[2026-09-16T15:47:51.728+0000] {processor.py:183} INFO - Processing /opt/airflow/dags/stoke_dag.py took 0.087 seconds
[2026-09-16T15:48:22.058+0000] {processor.py:161} INFO - Started process (PID=388) to work on /opt/airflow/dags/stoke_dag.py
[2026-09-16T15:48:22.060+0000] {processor.py:830} INFO - Processing file /opt/airflow/dags/stoke_dag.py for tasks to queue
[2026-09-16T15:48:22.062+0000] {logging_mixin.py:188} INFO - [2026-09-16T15:48:22.061+0000] {dagbag.py:545} INFO - Filling up the DagBag from /opt/airflow/dags/stoke_dag.py
[2026-09-16T15:48:22.078+0000] {processor.py:840} INFO - DAG(s) 'save_data' retrieved from /opt/airflow/dags/stoke_dag.py
[2026-09-16T15:48:22.098+0000] {logging_mixin.py:188} INFO - [2026-09-16T15:48:22.098+0000] {dag.py:3096} INFO - Sync 1 DAGs
[2026-09-16T15:48:22.108+0000] {logging_mixin.py:188} INFO - [2026-09-16T15:48:22.108+0000] {dag.py:3954} INFO - Setting next_dagrun for save_data to None, run_after=None
[2026-09-16T15:48:22.127+0000] {processor.py:183} INFO - Processing /opt/airflow/dags/stoke_dag.py took 0.074 seconds
[2026-09-16T15:48:52.408+0000] {processor.py:161} INFO - Started process (PID=397) to work on /opt/airflow/dags/stoke_dag.py
[2026-09-16T15:48:52.409+0000] {processor.py:830} INFO - Processing file /opt/airflow/dags/stoke_dag.py for tasks to queue
[2026-09-16T15:48:52.413+0000] {logging_mixin.py:188} INFO - [2026-09-16T15:48:52.412+0000] {dagbag.py:545} INFO - Filling up the DagBag from /opt/airflow/dags/stoke_dag.py
[2026-09-16T15:48:52.436+0000] {processor.py:840} INFO - DAG(s) 'save_data' retrieved from /opt/airflow/dags/stoke_dag.py
[2026-09-16T15:48:52.460+0000] {logging_mixin.py:188} INFO - [2026-09-16T15:48:52.460+0000] {dag.py:3096} INFO - Sync 1 DAGs
[2026-09-16T15:48:52.472+0000] {logging_mixin.py:188} INFO - [2026-09-16T15:48:52.472+0000] {dag.py:3954} INFO - Setting next_dagrun for save_data to None, run_after=None
[2026-09-16T15:48:52.491+0000] {processor.py:183} INFO - Processing /opt/airflow/dags/stoke_dag.py took 0.092 seconds
[2026-09-16T15:49:22.759+0000] {processor.py:161} INFO - Started process (PID=406) to work on /opt/airflow/dags/stoke_dag.py
[2026-09-16T15:49:22.760+0000] {processor.py:830} INFO - Processing file /opt/airflow/dags/stoke_dag.py for tasks to queue
[2026-09-16T15:49:22.763+0000] {logging_mixin.py:188} INFO - [2026-09-16T15:49:22.763+0000] {dagbag.py:545} INFO - Filling up the DagBag from /opt/airflow/dags/stoke_dag.py
[2026-09-16T15:49:22.784+0000] {processor.py:840} INFO - DAG(s) 'save_data' retrieved from /opt/airflow/dags/stoke_dag.py
[2026-09-16T15:49:22.813+0000] {logging_mixin.py:188} INFO - [2026-09-16T15:49:22.813+0000] {dag.py:3096} INFO - Sync 1 DAGs
[2026-09-16T15:49:22.825+0000] {logging_mixin.py:188} INFO - [2026-09-16T15:49:22.825+0000] {dag.py:3954} INFO - Setting next_dagrun for save_data to None, run_after=None
[2026-09-16T15:49:22.846+0000] {processor.py:183} INFO - Processing /opt/airflow/dags/stoke_dag.py took 0.095 seconds
[2026-09-16T15:49:53.106+0000] {processor.py:161} INFO - Started process (PID=415) to work on /opt/airflow/dags/stoke_dag.py
[2026-09-16T15:49:53.107+0000] {processor.py:830} INFO - Processing file /opt/airflow/dags/stoke_dag.py for tasks to queue
[2026-09-16T15:49:53.109+0000] {logging_mixin.py:188} INFO - [2026-09-16T15:49:53.109+0000] {dagbag.py:545} INFO - Filling up the DagBag from /opt/airflow/dags/stoke_dag.py
[2026-09-16T15:49:53.125+0000] {processor.py:840} INFO - DAG(s) 'save_data' retrieved from /opt/airflow/dags/stoke_dag.py
[2026-09-16T15:49:53.151+0000] {logging_mixin.py:188} INFO - [2026-09-16T15:49:53.150+0000] {dag.py:3096} INFO - Sync 1 DAGs
[2026-09-16T15:49:53.167+0000] {logging_mixin.py:188} INFO - [2026-09-16T15:49:53.166+0000] {dag.py:3954} INFO - Setting next_dagrun for save_data to None, run_after=None
[2026-09-16T15:49:53.193+0000] {processor.py:183} INFO - Processing /opt/airflow/dags/stoke_dag.py took 0.094 seconds
[2026-09-16T15:50:23.470+0000] {processor.py:161} INFO - Started process (PID=425) to work on /opt/airflow/dags/stoke_dag.py
[2026-09-16T15:50:23.472+0000] {processor.py:830} INFO - Processing file /opt/airflow/dags/stoke_dag.py for tasks to queue
[2026-09-16T15:50:23.474+0000] {logging_mixin.py:188} INFO - [2026-09-16T15:50:23.474+0000] {dagbag.py:545} INFO - Filling up the DagBag from /opt/airflow/dags/stoke_dag.py
[2026-09-16T15:50:23.498+0000] {processor.py:840} INFO - DAG(s) 'save_data' retrieved from /opt/airflow/dags/stoke_dag.py
[2026-09-16T15:50:23.526+0000] {logging_mixin.py:188} INFO - [2026-09-16T15:50:23.526+0000] {dag.py:3096} INFO - Sync 1 DAGs
[2026-09-16T15:50:23.543+0000] {logging_mixin.py:188} INFO - [2026-09-16T15:50:23.543+0000] {dag.py:3954} INFO - Setting next_dagrun for save_data to None, run_after=None
[2026-09-16T15:50:23.566+0000] {processor.py:183} INFO - Processing /opt/airflow/dags/stoke_dag.py took 0.105 seconds
[2026-09-16T15:50:53.791+0000] {processor.py:161} INFO - Started process (PID=433) to work on /opt/airflow/dags/stoke_dag.py
[2026-09-16T15:50:53.792+0000] {processor.py:830} INFO - Processing file /opt/airflow/dags/stoke_dag.py for tasks to queue
[2026-09-16T15:50:53.795+0000] {logging_mixin.py:188} INFO - [2026-09-16T15:50:53.795+0000] {dagbag.py:545} INFO - Filling up the DagBag from /opt/airflow/dags/stoke_dag.py
[2026-09-16T15:50:53.816+0000] {processor.py:840} INFO - DAG(s) 'save_data' retrieved from /opt/airflow/dags/stoke_dag.py
[2026-09-16T15:50:53.850+0000] {logging_mixin.py:188} INFO - [2026-09-16T15:50:53.849+0000] {dag.py:3096} INFO - Sync 1 DAGs
[2026-09-16T15:50:53.868+0000] {logging_mixin.py:188} INFO - [2026-09-16T15:50:53.868+0000] {dag.py:3954} INFO - Setting next_dagrun for save_data to None, run_after=None
[2026-09-16T15:50:53.896+0000] {processor.py:183} INFO - Processing /opt/airflow/dags/stoke_dag.py took 0.114 seconds
[2026-09-16T15:51:24.207+0000] {processor.py:161} INFO - Started process (PID=441) to work on /opt/airflow/dags/stoke_dag.py
[2026-09-16T15:51:24.208+0000] {processor.py:830} INFO - Processing file /opt/airflow/dags/stoke_dag.py for tasks to queue
[2026-09-16T15:51:24.210+0000] {logging_mixin.py:188} INFO - [2026-09-16T15:51:24.210+0000] {dagbag.py:545} INFO - Filling up the DagBag from /opt/airflow/dags/stoke_dag.py
[2026-09-16T15:51:24.225+0000] {processor.py:840} INFO - DAG(s) 'save_data' retrieved from /opt/airflow/dags/stoke_dag.py
[2026-09-16T15:51:24.246+0000] {logging_mixin.py:188} INFO - [2026-09-16T15:51:24.246+0000] {dag.py:3096} INFO - Sync 1 DAGs
[2026-09-16T15:51:24.257+0000] {logging_mixin.py:188} INFO - [2026-09-16T15:51:24.257+0000] {dag.py:3954} INFO - Setting next_dagrun for save_data to None, run_after=None
[2026-09-16T15:51:24.276+0000] {processor.py:183} INFO - Processing /opt/airflow/dags/stoke_dag.py took 0.076 seconds
[2026-09-16T15:51:54.595+0000] {processor.py:161} INFO - Started process (PID=450) to work on /opt/airflow/dags/stoke_dag.py
[2026-09-16T15:51:54.596+0000] {processor.py:830} INFO - Processing file /opt/airflow/dags/stoke_dag.py for tasks to queue
[2026-09-16T15:51:54.598+0000] {logging_mixin.py:188} INFO - [2026-09-16T15:51:54.598+0000] {dagbag.py:545} INFO - Filling up the DagBag from /opt/airflow/dags/stoke_dag.py
[2026-09-16T15:51:54.616+0000] {processor.py:840} INFO - DAG(s) 'save_data' retrieved from /opt/airflow/dags/stoke_dag.py
[2026-09-16T15:51:54.637+0000] {logging_mixin.py:188} INFO - [2026-09-16T15:51:54.636+0000] {dag.py:3096} INFO - Sync 1 DAGs
[2026-09-16T15:51:54.647+0000] {logging_mixin.py:188} INFO - [2026-09-16T15:51:54.647+0000] {dag.py:3954} INFO - Setting next_dagrun for save_data to None, run_after=None
[2026-09-16T15:51:54.666+0000] {processor.py:183} INFO - Processing /opt/airflow/dags/stoke_dag.py took 0.078 seconds
[2026-09-16T15:52:24.994+0000] {processor.py:161} INFO - Started process (PID=459) to work on /opt/airflow/dags/stoke_dag.py
[2026-09-16T15:52:24.996+0000] {processor.py:830} INFO - Processing file /opt/airflow/dags/stoke_dag.py for tasks to queue
[2026-09-16T15:52:24.999+0000] {logging_mixin.py:188} INFO - [2026-09-16T15:52:24.998+0000] {dagbag.py:545} INFO - Filling up the DagBag from /opt/airflow/dags/stoke_dag.py
[2026-09-16T15:52:25.018+0000] {processor.py:840} INFO - DAG(s) 'save_data' retrieved from /opt/airflow/dags/stoke_dag.py
[2026-09-16T15:52:25.039+0000] {logging_mixin.py:188} INFO - [2026-09-16T15:52:25.039+0000] {dag.py:3096} INFO - Sync 1 DAGs
[2026-09-16T15:52:25.049+0000] {logging_mixin.py:188} INFO - [2026-09-16T15:52:25.049+0000] {dag.py:3954} INFO - Setting next_dagrun for save_data to None, run_after=None
[2026-09-16T15:52:25.068+0000] {processor.py:183} INFO - Processing /opt/airflow/dags/stoke_dag.py took 0.082 seconds
[2026-09-16T15:52:55.407+0000] {processor.py:161} INFO - Started process (PID=468) to work on /opt/airflow/dags/stoke_dag.py
[2026-09-16T15:52:55.408+0000] {processor.py:830} INFO - Processing file /opt/airflow/dags/stoke_dag.py for tasks to queue
[2026-09-16T15:52:55.410+0000] {logging_mixin.py:188} INFO - [2026-09-16T15:52:55.410+0000] {dagbag.py:545} INFO - Filling up the DagBag from /opt/airflow/dags/stoke_dag.py
[2026-09-16T15:52:55.427+0000] {processor.py:840} INFO - DAG(s) 'save_data' retrieved from /opt/airflow/dags/stoke_dag.py
[2026-09-16T15:52:55.448+0000] {logging_mixin.py:188} INFO - [2026-09-16T15:52:55.448+0000] {dag.py:3096} INFO - Sync 1 DAGs
[2026-09-16T15:52:55.460+0000] {logging_mixin.py:188} INFO - [2026-09-16T15:52:55.460+0000] {dag.py:3954} INFO - Setting next_dagrun for save_data to None, run_after=None
[2026-09-16T15:52:55.481+0000] {processor.py:183} INFO - Processing /opt/airflow/dags/stoke_dag.py took 0.080 seconds
[2026-09-16T15:53:01.580+0000] {processor.py:161} INFO - Started process (PID=471) to work on /opt/airflow/dags/stoke_dag.py
[2026-09-16T15:53:01.581+0000] {processor.py:830} INFO - Processing file /opt/airflow/dags/stoke_dag.py for tasks to queue
[2026-09-16T15:53:01.583+0000] {logging_mixin.py:188} INFO - [2026-09-16T15:53:01.583+0000] {dagbag.py:545} INFO - Filling up the DagBag from /opt/airflow/dags/stoke_dag.py
[2026-09-16T15:53:01.613+0000] {processor.py:840} INFO - DAG(s) 'save_data' retrieved from /opt/airflow/dags/stoke_dag.py
[2026-09-16T15:53:01.735+0000] {logging_mixin.py:188} INFO - [2026-09-16T15:53:01.734+0000] {dag.py:3096} INFO - Sync 1 DAGs
[2026-09-16T15:53:01.752+0000] {logging_mixin.py:188} INFO - [2026-09-16T15:53:01.752+0000] {dag.py:3954} INFO - Setting next_dagrun for save_data to None, run_after=None
[2026-09-16T15:53:01.799+0000] {processor.py:183} INFO - Processing /opt/airflow/dags/stoke_dag.py took 0.226 seconds
[2026-09-16T15:53:04.614+0000] {processor.py:161} INFO - Started process (PID=472) to work on /opt/airflow/dags/stoke_dag.py
[2026-09-16T15:53:04.615+0000] {processor.py:830} INFO - Processing file /opt/airflow/dags/stoke_dag.py for tasks to queue
[2026-09-16T15:53:04.617+0000] {logging_mixin.py:188} INFO - [2026-09-16T15:53:04.616+0000] {dagbag.py:545} INFO - Filling up the DagBag from /opt/airflow/dags/stoke_dag.py
[2026-09-16T15:53:04.659+0000] {processor.py:840} INFO - DAG(s) 'save_data' retrieved from /opt/airflow/dags/stoke_dag.py
[2026-09-16T15:53:04.676+0000] {logging_mixin.py:188} INFO - [2026-09-16T15:53:04.675+0000] {dag.py:3096} INFO - Sync 1 DAGs
[2026-09-16T15:53:04.689+0000] {logging_mixin.py:188} INFO - [2026-09-16T15:53:04.688+0000] {dag.py:3954} INFO - Setting next_dagrun for save_data to None, run_after=None
[2026-09-16T15:53:04.712+0000] {processor.py:183} INFO - Processing /opt/airflow/dags/stoke_dag.py took 0.104 seconds
[2026-09-16T15:53:35.014+0000] {processor.py:161} INFO - Started process (PID=481) to work on /opt/airflow/dags/stoke_dag.py
[2026-09-16T15:53:35.016+0000] {processor.py:830} INFO - Processing file /opt/airflow/dags/stoke_dag.py for tasks to queue
[2026-09-16T15:53:35.020+0000] {logging_mixin.py:188} INFO - [2026-09-16T15:53:35.019+0000] {dagbag.py:545} INFO - Filling up the DagBag from /opt/airflow/dags/stoke_dag.py
[2026-09-16T15:53:35.051+0000] {processor.py:840} INFO - DAG(s) 'save_data' retrieved from /opt/airflow/dags/stoke_dag.py
[2026-09-16T15:53:35.264+0000] {logging_mixin.py:188} INFO - [2026-09-16T15:53:35.263+0000] {dag.py:3096} INFO - Sync 1 DAGs
[2026-09-16T15:53:35.284+0000] {logging_mixin.py:188} INFO - [2026-09-16T15:53:35.283+0000] {dag.py:3954} INFO - Setting next_dagrun for save_data to None, run_after=None
[2026-09-16T15:53:35.319+0000] {processor.py:183} INFO - Processing /opt/airflow/dags/stoke_dag.py took 0.312 seconds
[2026-09-16T15:54:06.270+0000] {processor.py:161} INFO - Started process (PID=490) to work on /opt/airflow/dags/stoke_dag.py
[2026-09-16T15:54:06.272+0000] {processor.py:830} INFO - Processing file /opt/airflow/dags/stoke_dag.py for tasks to queue
[2026-09-16T15:54:06.277+0000] {logging_mixin.py:188} INFO - [2026-09-16T15:54:06.276+0000] {dagbag.py:545} INFO - Filling up the DagBag from /opt/airflow/dags/stoke_dag.py
[2026-09-16T15:54:06.298+0000] {processor.py:840} INFO - DAG(s) 'save_data' retrieved from /opt/airflow/dags/stoke_dag.py
[2026-09-16T15:54:06.324+0000] {logging_mixin.py:188} INFO - [2026-09-16T15:54:06.323+0000] {dag.py:3096} INFO - Sync 1 DAGs
[2026-09-16T15:54:06.338+0000] {logging_mixin.py:188} INFO - [2026-09-16T15:54:06.338+0000] {dag.py:3954} INFO - Setting next_dagrun for save_data to None, run_after=None
[2026-09-16T15:54:06.364+0000] {processor.py:183} INFO - Processing /opt/airflow/dags/stoke_dag.py took 0.099 seconds
[2026-09-16T15:54:36.660+0000] {processor.py:161} INFO - Started process (PID=499) to work on /opt/airflow/dags/stoke_dag.py
[2026-09-16T15:54:36.662+0000] {processor.py:830} INFO - Processing file /opt/airflow/dags/stoke_dag.py for tasks to queue
[2026-09-16T15:54:36.665+0000] {logging_mixin.py:188} INFO - [2026-09-16T15:54:36.664+0000] {dagbag.py:545} INFO - Filling up the DagBag from /opt/airflow/dags/stoke_dag.py
[2026-09-16T15:54:36.689+0000] {processor.py:840} INFO - DAG(s) 'save_data' retrieved from /opt/airflow/dags/stoke_dag.py
[2026-09-16T15:54:36.720+0000] {logging_mixin.py:188} INFO - [2026-09-16T15:54:36.720+0000] {dag.py:3096} INFO - Sync 1 DAGs
[2026-09-16T15:54:36.735+0000] {logging_mixin.py:188} INFO - [2026-09-16T15:54:36.735+0000] {dag.py:3954} INFO - Setting next_dagrun for save_data to None, run_after=None
[2026-09-16T15:54:36.769+0000] {processor.py:183} INFO - Processing /opt/airflow/dags/stoke_dag.py took 0.116 seconds
[2026-09-16T15:55:07.044+0000] {processor.py:161} INFO - Started process (PID=508) to work on /opt/airflow/dags/stoke_dag.py
[2026-09-16T15:55:07.046+0000] {processor.py:830} INFO - Processing file /opt/airflow/dags/stoke_dag.py for tasks to queue
[2026-09-16T15:55:07.048+0000] {logging_mixin.py:188} INFO - [2026-09-16T15:55:07.048+0000] {dagbag.py:545} INFO - Filling up the DagBag from /opt/airflow/dags/stoke_dag.py
[2026-09-16T15:55:07.067+0000] {processor.py:840} INFO - DAG(s) 'save_data' retrieved from /opt/airflow/dags/stoke_dag.py
[2026-09-16T15:55:07.093+0000] {logging_mixin.py:188} INFO - [2026-09-16T15:55:07.093+0000] {dag.py:3096} INFO - Sync 1 DAGs
[2026-09-16T15:55:07.107+0000] {logging_mixin.py:188} INFO - [2026-09-16T15:55:07.107+0000] {dag.py:3954} INFO - Setting next_dagrun for save_data to None, run_after=None
[2026-09-16T15:55:07.128+0000] {processor.py:183} INFO - Processing /opt/airflow/dags/stoke_dag.py took 0.094 seconds
[2026-09-16T15:55:37.372+0000] {processor.py:161} INFO - Started process (PID=517) to work on /opt/airflow/dags/stoke_dag.py
[2026-09-16T15:55:37.373+0000] {processor.py:830} INFO - Processing file /opt/airflow/dags/stoke_dag.py for tasks to queue
[2026-09-16T15:55:37.378+0000] {logging_mixin.py:188} INFO - [2026-09-16T15:55:37.377+0000] {dagbag.py:545} INFO - Filling up the DagBag from /opt/airflow/dags/stoke_dag.py
[2026-09-16T15:55:37.398+0000] {processor.py:840} INFO - DAG(s) 'save_data' retrieved from /opt/airflow/dags/stoke_dag.py
[2026-09-16T15:55:37.428+0000] {logging_mixin.py:188} INFO - [2026-09-16T15:55:37.427+0000] {dag.py:3096} INFO - Sync 1 DAGs
[2026-09-16T15:55:37.445+0000] {logging_mixin.py:188} INFO - [2026-09-16T15:55:37.445+0000] {dag.py:3954} INFO - Setting next_dagrun for save_data to None, run_after=None
[2026-09-16T15:55:37.479+0000] {processor.py:183} INFO - Processing /opt/airflow/dags/stoke_dag.py took 0.114 seconds
[2026-09-16T15:56:07.777+0000] {processor.py:161} INFO - Started process (PID=527) to work on /opt/airflow/dags/stoke_dag.py
[2026-09-16T15:56:07.780+0000] {processor.py:830} INFO - Processing file /opt/airflow/dags/stoke_dag.py for tasks to queue
[2026-09-16T15:56:07.783+0000] {logging_mixin.py:188} INFO - [2026-09-16T15:56:07.783+0000] {dagbag.py:545} INFO - Filling up the DagBag from /opt/airflow/dags/stoke_dag.py
[2026-09-16T15:56:07.812+0000] {processor.py:840} INFO - DAG(s) 'save_data' retrieved from /opt/airflow/dags/stoke_dag.py
[2026-09-16T15:56:07.848+0000] {logging_mixin.py:188} INFO - [2026-09-16T15:56:07.848+0000] {dag.py:3096} INFO - Sync 1 DAGs
[2026-09-16T15:56:07.867+0000] {logging_mixin.py:188} INFO - [2026-09-16T15:56:07.867+0000] {dag.py:3954} INFO - Setting next_dagrun for save_data to None, run_after=None
[2026-09-16T15:56:07.900+0000] {processor.py:183} INFO - Processing /opt/airflow/dags/stoke_dag.py took 0.131 seconds
[2026-09-16T15:56:38.177+0000] {processor.py:161} INFO - Started process (PID=536) to work on /opt/airflow/dags/stoke_dag.py
[2026-09-16T15:56:38.179+0000] {processor.py:830} INFO - Processing file /opt/airflow/dags/stoke_dag.py for tasks to queue
[2026-09-16T15:56:38.181+0000] {logging_mixin.py:188} INFO - [2026-09-16T15:56:38.181+0000] {dagbag.py:545} INFO - Filling up the DagBag from /opt/airflow/dags/stoke_dag.py
[2026-09-16T15:56:38.208+0000] {processor.py:840} INFO - DAG(s) 'save_data' retrieved from /opt/airflow/dags/stoke_dag.py
[2026-09-16T15:56:38.236+0000] {logging_mixin.py:188} INFO - [2026-09-16T15:56:38.236+0000] {dag.py:3096} INFO - Sync 1 DAGs
[2026-09-16T15:56:38.250+0000] {logging_mixin.py:188} INFO - [2026-09-16T15:56:38.249+0000] {dag.py:3954} INFO - Setting next_dagrun for save_data to None, run_after=None
[2026-09-16T15:56:38.276+0000] {processor.py:183} INFO - Processing /opt/airflow/dags/stoke_dag.py took 0.106 seconds
[2026-09-16T15:57:08.424+0000] {processor.py:161} INFO - Started process (PID=543) to work on /opt/airflow/dags/stoke_dag.py
[2026-09-16T15:57:08.426+0000] {processor.py:830} INFO - Processing file /opt/airflow/dags/stoke_dag.py for tasks to queue
[2026-09-16T15:57:08.430+0000] {logging_mixin.py:188} INFO - [2026-09-16T15:57:08.429+0000] {dagbag.py:545} INFO - Filling up the DagBag from /opt/airflow/dags/stoke_dag.py
[2026-09-16T15:57:08.462+0000] {processor.py:840} INFO - DAG(s) 'save_data' retrieved from /opt/airflow/dags/stoke_dag.py
[2026-09-16T15:57:08.498+0000] {logging_mixin.py:188} INFO - [2026-09-16T15:57:08.498+0000] {dag.py:3096} INFO - Sync 1 DAGs
[2026-09-16T15:57:08.518+0000] {logging_mixin.py:188} INFO - [2026-09-16T15:57:08.517+0000] {dag.py:3954} INFO - Setting next_dagrun for save_data to None, run_after=None
[2026-09-16T15:57:08.551+0000] {processor.py:183} INFO - Processing /opt/airflow/dags/stoke_dag.py took 0.138 seconds
[2026-09-16T15:57:38.841+0000] {processor.py:161} INFO - Started process (PID=552) to work on /opt/airflow/dags/stoke_dag.py
[2026-09-16T15:57:38.842+0000] {processor.py:830} INFO - Processing file /opt/airflow/dags/stoke_dag.py for tasks to queue
[2026-09-16T15:57:38.846+0000] {logging_mixin.py:188} INFO - [2026-09-16T15:57:38.846+0000] {dagbag.py:545} INFO - Filling up the DagBag from /opt/airflow/dags/stoke_dag.py
[2026-09-16T15:57:38.865+0000] {processor.py:840} INFO - DAG(s) 'save_data' retrieved from /opt/airflow/dags/stoke_dag.py
[2026-09-16T15:57:38.888+0000] {logging_mixin.py:188} INFO - [2026-09-16T15:57:38.888+0000] {dag.py:3096} INFO - Sync 1 DAGs
[2026-09-16T15:57:38.902+0000] {logging_mixin.py:188} INFO - [2026-09-16T15:57:38.902+0000] {dag.py:3954} INFO - Setting next_dagrun for save_data to None, run_after=None
[2026-09-16T15:57:38.924+0000] {processor.py:183} INFO - Processing /opt/airflow/dags/stoke_dag.py took 0.090 seconds
[2026-09-16T15:58:09.372+0000] {processor.py:161} INFO - Started process (PID=561) to work on /opt/airflow/dags/stoke_dag.py
[2026-09-16T15:58:09.374+0000] {processor.py:830} INFO - Processing file /opt/airflow/dags/stoke_dag.py for tasks to queue
[2026-09-16T15:58:09.376+0000] {logging_mixin.py:188} INFO - [2026-09-16T15:58:09.376+0000] {dagbag.py:545} INFO - Filling up the DagBag from /opt/airflow/dags/stoke_dag.py
[2026-09-16T15:58:09.397+0000] {processor.py:840} INFO - DAG(s) 'save_data' retrieved from /opt/airflow/dags/stoke_dag.py
[2026-09-16T15:58:09.428+0000] {logging_mixin.py:188} INFO - [2026-09-16T15:58:09.427+0000] {dag.py:3096} INFO - Sync 1 DAGs
[2026-09-16T15:58:09.446+0000] {logging_mixin.py:188} INFO - [2026-09-16T15:58:09.446+0000] {dag.py:3954} INFO - Setting next_dagrun for save_data to None, run_after=None
[2026-09-16T15:58:09.486+0000] {processor.py:183} INFO - Processing /opt/airflow/dags/stoke_dag.py took 0.121 seconds
[2026-09-16T15:58:39.533+0000] {processor.py:161} INFO - Started process (PID=570) to work on /opt/airflow/dags/stoke_dag.py
[2026-09-16T15:58:39.535+0000] {processor.py:830} INFO - Processing file /opt/airflow/dags/stoke_dag.py for tasks to queue
[2026-09-16T15:58:39.537+0000] {logging_mixin.py:188} INFO - [2026-09-16T15:58:39.537+0000] {dagbag.py:545} INFO - Filling up the DagBag from /opt/airflow/dags/stoke_dag.py
[2026-09-16T15:58:39.553+0000] {processor.py:840} INFO - DAG(s) 'save_data' retrieved from /opt/airflow/dags/stoke_dag.py
[2026-09-16T15:58:39.587+0000] {logging_mixin.py:188} INFO - [2026-09-16T15:58:39.586+0000] {dag.py:3096} INFO - Sync 1 DAGs
[2026-09-16T15:58:39.598+0000] {logging_mixin.py:188} INFO - [2026-09-16T15:58:39.598+0000] {dag.py:3954} INFO - Setting next_dagrun for save_data to None, run_after=None
[2026-09-16T15:58:39.620+0000] {processor.py:183} INFO - Processing /opt/airflow/dags/stoke_dag.py took 0.094 seconds
[2026-09-16T15:59:09.892+0000] {processor.py:161} INFO - Started process (PID=579) to work on /opt/airflow/dags/stoke_dag.py
[2026-09-16T15:59:09.893+0000] {processor.py:830} INFO - Processing file /opt/airflow/dags/stoke_dag.py for tasks to queue
[2026-09-16T15:59:09.895+0000] {logging_mixin.py:188} INFO - [2026-09-16T15:59:09.895+0000] {dagbag.py:545} INFO - Filling up the DagBag from /opt/airflow/dags/stoke_dag.py
[2026-09-16T15:59:09.913+0000] {processor.py:840} INFO - DAG(s) 'save_data' retrieved from /opt/airflow/dags/stoke_dag.py
[2026-09-16T15:59:09.935+0000] {logging_mixin.py:188} INFO - [2026-09-16T15:59:09.935+0000] {dag.py:3096} INFO - Sync 1 DAGs
[2026-09-16T15:59:09.949+0000] {logging_mixin.py:188} INFO - [2026-09-16T15:59:09.949+0000] {dag.py:3954} INFO - Setting next_dagrun for save_data to None, run_after=None
[2026-09-16T15:59:09.968+0000] {processor.py:183} INFO - Processing /opt/airflow/dags/stoke_dag.py took 0.084 seconds
[2026-09-16T15:59:40.270+0000] {processor.py:161} INFO - Started process (PID=588) to work on /opt/airflow/dags/stoke_dag.py
[2026-09-16T15:59:40.271+0000] {processor.py:830} INFO - Processing file /opt/airflow/dags/stoke_dag.py for tasks to queue
[2026-09-16T15:59:40.273+0000] {logging_mixin.py:188} INFO - [2026-09-16T15:59:40.273+0000] {dagbag.py:545} INFO - Filling up the DagBag from /opt/airflow/dags/stoke_dag.py
[2026-09-16T15:59:40.288+0000] {processor.py:840} INFO - DAG(s) 'save_data' retrieved from /opt/airflow/dags/stoke_dag.py
[2026-09-16T15:59:40.308+0000] {logging_mixin.py:188} INFO - [2026-09-16T15:59:40.308+0000] {dag.py:3096} INFO - Sync 1 DAGs
[2026-09-16T15:59:40.320+0000] {logging_mixin.py:188} INFO - [2026-09-16T15:59:40.320+0000] {dag.py:3954} INFO - Setting next_dagrun for save_data to None, run_after=None
[2026-09-16T15:59:40.341+0000] {processor.py:183} INFO - Processing /opt/airflow/dags/stoke_dag.py took 0.078 seconds
[2026-09-16T15:59:50.949+0000] {processor.py:161} INFO - Started process (PID=597) to work on /opt/airflow/dags/stoke_dag.py
[2026-09-16T15:59:50.950+0000] {processor.py:830} INFO - Processing file /opt/airflow/dags/stoke_dag.py for tasks to queue
[2026-09-16T15:59:50.954+0000] {logging_mixin.py:188} INFO - [2026-09-16T15:59:50.954+0000] {dagbag.py:545} INFO - Filling up the DagBag from /opt/airflow/dags/stoke_dag.py
[2026-09-16T15:59:50.996+0000] {logging_mixin.py:188} INFO - [2026-09-16T15:59:50.991+0000] {dagbag.py:355} ERROR - Failed to import: /opt/airflow/dags/stoke_dag.py
Traceback (most recent call last):
  File "/home/airflow/.local/lib/python3.10/site-packages/airflow/models/dagbag.py", line 351, in parse
    loader.exec_module(new_module)
  File "<frozen importlib._bootstrap_external>", line 883, in exec_module
  File "<frozen importlib._bootstrap>", line 241, in _call_with_frames_removed
  File "/opt/airflow/dags/stoke_dag.py", line 42, in <module>
    stoke_videos()
  File "/home/airflow/.local/lib/python3.10/site-packages/airflow/models/dag.py", line 4081, in factory
    f(**f_kwargs)
  File "/opt/airflow/dags/stoke_dag.py", line 39, in stoke_videos
    stage >> core
NameError: name 'core' is not defined
[2026-09-16T15:59:50.997+0000] {processor.py:842} WARNING - No viable dags retrieved from /opt/airflow/dags/stoke_dag.py
[2026-09-16T15:59:51.023+0000] {processor.py:183} INFO - Processing /opt/airflow/dags/stoke_dag.py took 0.084 seconds
[2026-09-16T15:59:52.980+0000] {processor.py:161} INFO - Started process (PID=598) to work on /opt/airflow/dags/stoke_dag.py
[2026-09-16T15:59:52.981+0000] {processor.py:830} INFO - Processing file /opt/airflow/dags/stoke_dag.py for tasks to queue
[2026-09-16T15:59:52.985+0000] {logging_mixin.py:188} INFO - [2026-09-16T15:59:52.984+0000] {dagbag.py:545} INFO - Filling up the DagBag from /opt/airflow/dags/stoke_dag.py
[2026-09-16T15:59:53.018+0000] {processor.py:840} INFO - DAG(s) 'save_data' retrieved from /opt/airflow/dags/stoke_dag.py
[2026-09-16T15:59:53.127+0000] {logging_mixin.py:188} INFO - [2026-09-16T15:59:53.127+0000] {dag.py:3096} INFO - Sync 1 DAGs
[2026-09-16T15:59:53.139+0000] {logging_mixin.py:188} INFO - [2026-09-16T15:59:53.139+0000] {dag.py:3954} INFO - Setting next_dagrun for save_data to None, run_after=None
[2026-09-16T15:59:53.173+0000] {processor.py:183} INFO - Processing /opt/airflow/dags/stoke_dag.py took 0.205 seconds
[2026-09-16T16:00:23.459+0000] {processor.py:161} INFO - Started process (PID=607) to work on /opt/airflow/dags/stoke_dag.py
[2026-09-16T16:00:23.460+0000] {processor.py:830} INFO - Processing file /opt/airflow/dags/stoke_dag.py for tasks to queue
[2026-09-16T16:00:23.462+0000] {logging_mixin.py:188} INFO - [2026-09-16T16:00:23.462+0000] {dagbag.py:545} INFO - Filling up the DagBag from /opt/airflow/dags/stoke_dag.py
[2026-09-16T16:00:23.484+0000] {processor.py:840} INFO - DAG(s) 'save_data' retrieved from /opt/airflow/dags/stoke_dag.py
[2026-09-16T16:00:23.512+0000] {logging_mixin.py:188} INFO - [2026-09-16T16:00:23.512+0000] {dag.py:3096} INFO - Sync 1 DAGs
[2026-09-16T16:00:23.527+0000] {logging_mixin.py:188} INFO - [2026-09-16T16:00:23.527+0000] {dag.py:3954} INFO - Setting next_dagrun for save_data to None, run_after=None
[2026-09-16T16:00:23.554+0000] {processor.py:183} INFO - Processing /opt/airflow/dags/stoke_dag.py took 0.101 seconds
[2026-09-16T16:00:53.937+0000] {processor.py:161} INFO - Started process (PID=616) to work on /opt/airflow/dags/stoke_dag.py
[2026-09-16T16:00:53.938+0000] {processor.py:830} INFO - Processing file /opt/airflow/dags/stoke_dag.py for tasks to queue
[2026-09-16T16:00:53.940+0000] {logging_mixin.py:188} INFO - [2026-09-16T16:00:53.940+0000] {dagbag.py:545} INFO - Filling up the DagBag from /opt/airflow/dags/stoke_dag.py
[2026-09-16T16:00:53.957+0000] {processor.py:840} INFO - DAG(s) 'save_data' retrieved from /opt/airflow/dags/stoke_dag.py
[2026-09-16T16:00:53.982+0000] {logging_mixin.py:188} INFO - [2026-09-16T16:00:53.982+0000] {dag.py:3096} INFO - Sync 1 DAGs
[2026-09-16T16:00:53.993+0000] {logging_mixin.py:188} INFO - [2026-09-16T16:00:53.993+0000] {dag.py:3954} INFO - Setting next_dagrun for save_data to None, run_after=None
[2026-09-16T16:00:54.014+0000] {processor.py:183} INFO - Processing /opt/airflow/dags/stoke_dag.py took 0.084 seconds
[2026-09-16T16:01:24.311+0000] {processor.py:161} INFO - Started process (PID=625) to work on /opt/airflow/dags/stoke_dag.py
[2026-09-16T16:01:24.312+0000] {processor.py:830} INFO - Processing file /opt/airflow/dags/stoke_dag.py for tasks to queue
[2026-09-16T16:01:24.314+0000] {logging_mixin.py:188} INFO - [2026-09-16T16:01:24.314+0000] {dagbag.py:545} INFO - Filling up the DagBag from /opt/airflow/dags/stoke_dag.py
[2026-09-16T16:01:24.331+0000] {processor.py:840} INFO - DAG(s) 'save_data' retrieved from /opt/airflow/dags/stoke_dag.py
[2026-09-16T16:01:24.353+0000] {logging_mixin.py:188} INFO - [2026-09-16T16:01:24.353+0000] {dag.py:3096} INFO - Sync 1 DAGs
[2026-09-16T16:01:24.364+0000] {logging_mixin.py:188} INFO - [2026-09-16T16:01:24.364+0000] {dag.py:3954} INFO - Setting next_dagrun for save_data to None, run_after=None
[2026-09-16T16:01:24.383+0000] {processor.py:183} INFO - Processing /opt/airflow/dags/stoke_dag.py took 0.079 seconds
[2026-09-16T16:01:54.678+0000] {processor.py:161} INFO - Started process (PID=634) to work on /opt/airflow/dags/stoke_dag.py
[2026-09-16T16:01:54.679+0000] {processor.py:830} INFO - Processing file /opt/airflow/dags/stoke_dag.py for tasks to queue
[2026-09-16T16:01:54.681+0000] {logging_mixin.py:188} INFO - [2026-09-16T16:01:54.681+0000] {dagbag.py:545} INFO - Filling up the DagBag from /opt/airflow/dags/stoke_dag.py
[2026-09-16T16:01:54.696+0000] {processor.py:840} INFO - DAG(s) 'save_data' retrieved from /opt/airflow/dags/stoke_dag.py
[2026-09-16T16:01:54.715+0000] {logging_mixin.py:188} INFO - [2026-09-16T16:01:54.715+0000] {dag.py:3096} INFO - Sync 1 DAGs
[2026-09-16T16:01:54.726+0000] {logging_mixin.py:188} INFO - [2026-09-16T16:01:54.725+0000] {dag.py:3954} INFO - Setting next_dagrun for save_data to None, run_after=None
[2026-09-16T16:01:54.744+0000] {processor.py:183} INFO - Processing /opt/airflow/dags/stoke_dag.py took 0.072 seconds
[2026-09-16T16:02:25.018+0000] {processor.py:161} INFO - Started process (PID=643) to work on /opt/airflow/dags/stoke_dag.py
[2026-09-16T16:02:25.019+0000] {processor.py:830} INFO - Processing file /opt/airflow/dags/stoke_dag.py for tasks to queue
[2026-09-16T16:02:25.021+0000] {logging_mixin.py:188} INFO - [2026-09-16T16:02:25.021+0000] {dagbag.py:545} INFO - Filling up the DagBag from /opt/airflow/dags/stoke_dag.py
[2026-09-16T16:02:25.037+0000] {processor.py:840} INFO - DAG(s) 'save_data' retrieved from /opt/airflow/dags/stoke_dag.py
[2026-09-16T16:02:25.063+0000] {logging_mixin.py:188} INFO - [2026-09-16T16:02:25.063+0000] {dag.py:3096} INFO - Sync 1 DAGs
[2026-09-16T16:02:25.074+0000] {logging_mixin.py:188} INFO - [2026-09-16T16:02:25.074+0000] {dag.py:3954} INFO - Setting next_dagrun for save_data to None, run_after=None
[2026-09-16T16:02:25.095+0000] {processor.py:183} INFO - Processing /opt/airflow/dags/stoke_dag.py took 0.083 seconds
[2026-09-16T16:02:55.412+0000] {processor.py:161} INFO - Started process (PID=652) to work on /opt/airflow/dags/stoke_dag.py
[2026-09-16T16:02:55.413+0000] {processor.py:830} INFO - Processing file /opt/airflow/dags/stoke_dag.py for tasks to queue
[2026-09-16T16:02:55.415+0000] {logging_mixin.py:188} INFO - [2026-09-16T16:02:55.415+0000] {dagbag.py:545} INFO - Filling up the DagBag from /opt/airflow/dags/stoke_dag.py
[2026-09-16T16:02:55.433+0000] {processor.py:840} INFO - DAG(s) 'save_data' retrieved from /opt/airflow/dags/stoke_dag.py
[2026-09-16T16:02:55.454+0000] {logging_mixin.py:188} INFO - [2026-09-16T16:02:55.454+0000] {dag.py:3096} INFO - Sync 1 DAGs
[2026-09-16T16:02:55.465+0000] {logging_mixin.py:188} INFO - [2026-09-16T16:02:55.465+0000] {dag.py:3954} INFO - Setting next_dagrun for save_data to None, run_after=None
[2026-09-16T16:02:55.484+0000] {processor.py:183} INFO - Processing /opt/airflow/dags/stoke_dag.py took 0.078 seconds
[2026-09-16T16:03:25.797+0000] {processor.py:161} INFO - Started process (PID=661) to work on /opt/airflow/dags/stoke_dag.py
[2026-09-16T16:03:25.798+0000] {processor.py:830} INFO - Processing file /opt/airflow/dags/stoke_dag.py for tasks to queue
[2026-09-16T16:03:25.800+0000] {logging_mixin.py:188} INFO - [2026-09-16T16:03:25.799+0000] {dagbag.py:545} INFO - Filling up the DagBag from /opt/airflow/dags/stoke_dag.py
[2026-09-16T16:03:25.817+0000] {processor.py:840} INFO - DAG(s) 'save_data' retrieved from /opt/airflow/dags/stoke_dag.py
[2026-09-16T16:03:25.836+0000] {logging_mixin.py:188} INFO - [2026-09-16T16:03:25.836+0000] {dag.py:3096} INFO - Sync 1 DAGs
[2026-09-16T16:03:25.846+0000] {logging_mixin.py:188} INFO - [2026-09-16T16:03:25.846+0000] {dag.py:3954} INFO - Setting next_dagrun for save_data to None, run_after=None
[2026-09-16T16:03:25.866+0000] {processor.py:183} INFO - Processing /opt/airflow/dags/stoke_dag.py took 0.075 seconds
[2026-09-16T16:03:56.153+0000] {processor.py:161} INFO - Started process (PID=670) to work on /opt/airflow/dags/stoke_dag.py
[2026-09-16T16:03:56.155+0000] {processor.py:830} INFO - Processing file /opt/airflow/dags/stoke_dag.py for tasks to queue
[2026-09-16T16:03:56.158+0000] {logging_mixin.py:188} INFO - [2026-09-16T16:03:56.157+0000] {dagbag.py:545} INFO - Filling up the DagBag from /opt/airflow/dags/stoke_dag.py
[2026-09-16T16:03:56.180+0000] {processor.py:840} INFO - DAG(s) 'save_data' retrieved from /opt/airflow/dags/stoke_dag.py
[2026-09-16T16:03:56.200+0000] {logging_mixin.py:188} INFO - [2026-09-16T16:03:56.200+0000] {dag.py:3096} INFO - Sync 1 DAGs
[2026-09-16T16:03:56.210+0000] {logging_mixin.py:188} INFO - [2026-09-16T16:03:56.210+0000] {dag.py:3954} INFO - Setting next_dagrun for save_data to None, run_after=None
[2026-09-16T16:03:56.230+0000] {processor.py:183} INFO - Processing /opt/airflow/dags/stoke_dag.py took 0.085 seconds
[2026-09-16T16:04:26.436+0000] {processor.py:161} INFO - Started process (PID=677) to work on /opt/airflow/dags/stoke_dag.py
[2026-09-16T16:04:26.437+0000] {processor.py:830} INFO - Processing file /opt/airflow/dags/stoke_dag.py for tasks to queue
[2026-09-16T16:04:26.439+0000] {logging_mixin.py:188} INFO - [2026-09-16T16:04:26.439+0000] {dagbag.py:545} INFO - Filling up the DagBag from /opt/airflow/dags/stoke_dag.py
[2026-09-16T16:04:26.460+0000] {processor.py:840} INFO - DAG(s) 'save_data' retrieved from /opt/airflow/dags/stoke_dag.py
[2026-09-16T16:04:26.490+0000] {logging_mixin.py:188} INFO - [2026-09-16T16:04:26.490+0000] {dag.py:3096} INFO - Sync 1 DAGs
[2026-09-16T16:04:26.505+0000] {logging_mixin.py:188} INFO - [2026-09-16T16:04:26.504+0000] {dag.py:3954} INFO - Setting next_dagrun for save_data to None, run_after=None
[2026-09-16T16:04:26.531+0000] {processor.py:183} INFO - Processing /opt/airflow/dags/stoke_dag.py took 0.101 seconds
[2026-09-16T16:04:56.834+0000] {processor.py:161} INFO - Started process (PID=686) to work on /opt/airflow/dags/stoke_dag.py
[2026-09-16T16:04:56.835+0000] {processor.py:830} INFO - Processing file /opt/airflow/dags/stoke_dag.py for tasks to queue
[2026-09-16T16:04:56.837+0000] {logging_mixin.py:188} INFO - [2026-09-16T16:04:56.837+0000] {dagbag.py:545} INFO - Filling up the DagBag from /opt/airflow/dags/stoke_dag.py
[2026-09-16T16:04:56.852+0000] {processor.py:840} INFO - DAG(s) 'save_data' retrieved from /opt/airflow/dags/stoke_dag.py
[2026-09-16T16:04:56.871+0000] {logging_mixin.py:188} INFO - [2026-09-16T16:04:56.871+0000] {dag.py:3096} INFO - Sync 1 DAGs
[2026-09-16T16:04:56.882+0000] {logging_mixin.py:188} INFO - [2026-09-16T16:04:56.881+0000] {dag.py:3954} INFO - Setting next_dagrun for save_data to None, run_after=None
[2026-09-16T16:04:56.904+0000] {processor.py:183} INFO - Processing /opt/airflow/dags/stoke_dag.py took 0.076 seconds
[2026-09-16T16:05:27.202+0000] {processor.py:161} INFO - Started process (PID=695) to work on /opt/airflow/dags/stoke_dag.py
[2026-09-16T16:05:27.204+0000] {processor.py:830} INFO - Processing file /opt/airflow/dags/stoke_dag.py for tasks to queue
[2026-09-16T16:05:27.206+0000] {logging_mixin.py:188} INFO - [2026-09-16T16:05:27.206+0000] {dagbag.py:545} INFO - Filling up the DagBag from /opt/airflow/dags/stoke_dag.py
[2026-09-16T16:05:27.222+0000] {processor.py:840} INFO - DAG(s) 'save_data' retrieved from /opt/airflow/dags/stoke_dag.py
[2026-09-16T16:05:27.244+0000] {logging_mixin.py:188} INFO - [2026-09-16T16:05:27.244+0000] {dag.py:3096} INFO - Sync 1 DAGs
[2026-09-16T16:05:27.256+0000] {logging_mixin.py:188} INFO - [2026-09-16T16:05:27.256+0000] {dag.py:3954} INFO - Setting next_dagrun for save_data to None, run_after=None
[2026-09-16T16:05:27.276+0000] {processor.py:183} INFO - Processing /opt/airflow/dags/stoke_dag.py took 0.079 seconds
[2026-09-16T16:05:57.606+0000] {processor.py:161} INFO - Started process (PID=704) to work on /opt/airflow/dags/stoke_dag.py
[2026-09-16T16:05:57.607+0000] {processor.py:830} INFO - Processing file /opt/airflow/dags/stoke_dag.py for tasks to queue
[2026-09-16T16:05:57.608+0000] {logging_mixin.py:188} INFO - [2026-09-16T16:05:57.608+0000] {dagbag.py:545} INFO - Filling up the DagBag from /opt/airflow/dags/stoke_dag.py
[2026-09-16T16:05:57.624+0000] {processor.py:840} INFO - DAG(s) 'save_data' retrieved from /opt/airflow/dags/stoke_dag.py
[2026-09-16T16:05:57.646+0000] {logging_mixin.py:188} INFO - [2026-09-16T16:05:57.646+0000] {dag.py:3096} INFO - Sync 1 DAGs
[2026-09-16T16:05:57.657+0000] {logging_mixin.py:188} INFO - [2026-09-16T16:05:57.657+0000] {dag.py:3954} INFO - Setting next_dagrun for save_data to None, run_after=None
[2026-09-16T16:05:57.679+0000] {processor.py:183} INFO - Processing /opt/airflow/dags/stoke_dag.py took 0.079 seconds
[2026-09-16T16:06:28.002+0000] {processor.py:161} INFO - Started process (PID=713) to work on /opt/airflow/dags/stoke_dag.py
[2026-09-16T16:06:28.004+0000] {processor.py:830} INFO - Processing file /opt/airflow/dags/stoke_dag.py for tasks to queue
[2026-09-16T16:06:28.006+0000] {logging_mixin.py:188} INFO - [2026-09-16T16:06:28.006+0000] {dagbag.py:545} INFO - Filling up the DagBag from /opt/airflow/dags/stoke_dag.py
[2026-09-16T16:06:28.023+0000] {processor.py:840} INFO - DAG(s) 'save_data' retrieved from /opt/airflow/dags/stoke_dag.py
[2026-09-16T16:06:28.045+0000] {logging_mixin.py:188} INFO - [2026-09-16T16:06:28.045+0000] {dag.py:3096} INFO - Sync 1 DAGs
[2026-09-16T16:06:28.057+0000] {logging_mixin.py:188} INFO - [2026-09-16T16:06:28.057+0000] {dag.py:3954} INFO - Setting next_dagrun for save_data to None, run_after=None
[2026-09-16T16:06:28.076+0000] {processor.py:183} INFO - Processing /opt/airflow/dags/stoke_dag.py took 0.082 seconds
[2026-09-16T16:06:58.404+0000] {processor.py:161} INFO - Started process (PID=722) to work on /opt/airflow/dags/stoke_dag.py
[2026-09-16T16:06:58.405+0000] {processor.py:830} INFO - Processing file /opt/airflow/dags/stoke_dag.py for tasks to queue
[2026-09-16T16:06:58.407+0000] {logging_mixin.py:188} INFO - [2026-09-16T16:06:58.407+0000] {dagbag.py:545} INFO - Filling up the DagBag from /opt/airflow/dags/stoke_dag.py
[2026-09-16T16:06:58.422+0000] {processor.py:840} INFO - DAG(s) 'save_data' retrieved from /opt/airflow/dags/stoke_dag.py
[2026-09-16T16:06:58.442+0000] {logging_mixin.py:188} INFO - [2026-09-16T16:06:58.442+0000] {dag.py:3096} INFO - Sync 1 DAGs
[2026-09-16T16:06:58.452+0000] {logging_mixin.py:188} INFO - [2026-09-16T16:06:58.452+0000] {dag.py:3954} INFO - Setting next_dagrun for save_data to None, run_after=None
[2026-09-16T16:06:58.473+0000] {processor.py:183} INFO - Processing /opt/airflow/dags/stoke_dag.py took 0.075 seconds
[2026-09-16T16:07:28.778+0000] {processor.py:161} INFO - Started process (PID=731) to work on /opt/airflow/dags/stoke_dag.py
[2026-09-16T16:07:28.779+0000] {processor.py:830} INFO - Processing file /opt/airflow/dags/stoke_dag.py for tasks to queue
[2026-09-16T16:07:28.782+0000] {logging_mixin.py:188} INFO - [2026-09-16T16:07:28.782+0000] {dagbag.py:545} INFO - Filling up the DagBag from /opt/airflow/dags/stoke_dag.py
[2026-09-16T16:07:28.803+0000] {processor.py:840} INFO - DAG(s) 'save_data' retrieved from /opt/airflow/dags/stoke_dag.py
[2026-09-16T16:07:28.833+0000] {logging_mixin.py:188} INFO - [2026-09-16T16:07:28.833+0000] {dag.py:3096} INFO - Sync 1 DAGs
[2026-09-16T16:07:28.846+0000] {logging_mixin.py:188} INFO - [2026-09-16T16:07:28.846+0000] {dag.py:3954} INFO - Setting next_dagrun for save_data to None, run_after=None
[2026-09-16T16:07:28.866+0000] {processor.py:183} INFO - Processing /opt/airflow/dags/stoke_dag.py took 0.095 seconds
[2026-09-16T16:07:59.204+0000] {processor.py:161} INFO - Started process (PID=740) to work on /opt/airflow/dags/stoke_dag.py
[2026-09-16T16:07:59.205+0000] {processor.py:830} INFO - Processing file /opt/airflow/dags/stoke_dag.py for tasks to queue
[2026-09-16T16:07:59.207+0000] {logging_mixin.py:188} INFO - [2026-09-16T16:07:59.207+0000] {dagbag.py:545} INFO - Filling up the DagBag from /opt/airflow/dags/stoke_dag.py
[2026-09-16T16:07:59.223+0000] {processor.py:840} INFO - DAG(s) 'save_data' retrieved from /opt/airflow/dags/stoke_dag.py
[2026-09-16T16:07:59.242+0000] {logging_mixin.py:188} INFO - [2026-09-16T16:07:59.242+0000] {dag.py:3096} INFO - Sync 1 DAGs
[2026-09-16T16:07:59.254+0000] {logging_mixin.py:188} INFO - [2026-09-16T16:07:59.254+0000] {dag.py:3954} INFO - Setting next_dagrun for save_data to None, run_after=None
[2026-09-16T16:07:59.274+0000] {processor.py:183} INFO - Processing /opt/airflow/dags/stoke_dag.py took 0.076 seconds
[2026-09-16T16:08:29.572+0000] {processor.py:161} INFO - Started process (PID=749) to work on /opt/airflow/dags/stoke_dag.py
[2026-09-16T16:08:29.573+0000] {processor.py:830} INFO - Processing file /opt/airflow/dags/stoke_dag.py for tasks to queue
[2026-09-16T16:08:29.575+0000] {logging_mixin.py:188} INFO - [2026-09-16T16:08:29.575+0000] {dagbag.py:545} INFO - Filling up the DagBag from /opt/airflow/dags/stoke_dag.py
[2026-09-16T16:08:29.597+0000] {processor.py:840} INFO - DAG(s) 'save_data' retrieved from /opt/airflow/dags/stoke_dag.py
[2026-09-16T16:08:29.626+0000] {logging_mixin.py:188} INFO - [2026-09-16T16:08:29.626+0000] {dag.py:3096} INFO - Sync 1 DAGs
[2026-09-16T16:08:29.641+0000] {logging_mixin.py:188} INFO - [2026-09-16T16:08:29.641+0000] {dag.py:3954} INFO - Setting next_dagrun for save_data to None, run_after=None
[2026-09-16T16:08:29.664+0000] {processor.py:183} INFO - Processing /opt/airflow/dags/stoke_dag.py took 0.099 seconds
[2026-09-16T16:08:59.963+0000] {processor.py:161} INFO - Started process (PID=758) to work on /opt/airflow/dags/stoke_dag.py
[2026-09-16T16:08:59.964+0000] {processor.py:830} INFO - Processing file /opt/airflow/dags/stoke_dag.py for tasks to queue
[2026-09-16T16:08:59.966+0000] {logging_mixin.py:188} INFO - [2026-09-16T16:08:59.966+0000] {dagbag.py:545} INFO - Filling up the DagBag from /opt/airflow/dags/stoke_dag.py
[2026-09-16T16:08:59.984+0000] {processor.py:840} INFO - DAG(s) 'save_data' retrieved from /opt/airflow/dags/stoke_dag.py
[2026-09-16T16:09:00.004+0000] {logging_mixin.py:188} INFO - [2026-09-16T16:09:00.003+0000] {dag.py:3096} INFO - Sync 1 DAGs
[2026-09-16T16:09:00.020+0000] {logging_mixin.py:188} INFO - [2026-09-16T16:09:00.020+0000] {dag.py:3954} INFO - Setting next_dagrun for save_data to None, run_after=None
[2026-09-16T16:09:00.045+0000] {processor.py:183} INFO - Processing /opt/airflow/dags/stoke_dag.py took 0.090 seconds
[2026-09-16T16:09:30.390+0000] {processor.py:161} INFO - Started process (PID=767) to work on /opt/airflow/dags/stoke_dag.py
[2026-09-16T16:09:30.392+0000] {processor.py:830} INFO - Processing file /opt/airflow/dags/stoke_dag.py for tasks to queue
[2026-09-16T16:09:30.395+0000] {logging_mixin.py:188} INFO - [2026-09-16T16:09:30.394+0000] {dagbag.py:545} INFO - Filling up the DagBag from /opt/airflow/dags/stoke_dag.py
[2026-09-16T16:09:30.419+0000] {processor.py:840} INFO - DAG(s) 'save_data' retrieved from /opt/airflow/dags/stoke_dag.py
[2026-09-16T16:09:30.448+0000] {logging_mixin.py:188} INFO - [2026-09-16T16:09:30.448+0000] {dag.py:3096} INFO - Sync 1 DAGs
[2026-09-16T16:09:30.463+0000] {logging_mixin.py:188} INFO - [2026-09-16T16:09:30.462+0000] {dag.py:3954} INFO - Setting next_dagrun for save_data to None, run_after=None
[2026-09-16T16:09:30.487+0000] {processor.py:183} INFO - Processing /opt/airflow/dags/stoke_dag.py took 0.108 seconds
[2026-09-16T16:10:00.806+0000] {processor.py:161} INFO - Started process (PID=776) to work on /opt/airflow/dags/stoke_dag.py
[2026-09-16T16:10:00.808+0000] {processor.py:830} INFO - Processing file /opt/airflow/dags/stoke_dag.py for tasks to queue
[2026-09-16T16:10:00.810+0000] {logging_mixin.py:188} INFO - [2026-09-16T16:10:00.810+0000] {dagbag.py:545} INFO - Filling up the DagBag from /opt/airflow/dags/stoke_dag.py
[2026-09-16T16:10:00.825+0000] {processor.py:840} INFO - DAG(s) 'save_data' retrieved from /opt/airflow/dags/stoke_dag.py
[2026-09-16T16:10:00.846+0000] {logging_mixin.py:188} INFO - [2026-09-16T16:10:00.846+0000] {dag.py:3096} INFO - Sync 1 DAGs
[2026-09-16T16:10:00.856+0000] {logging_mixin.py:188} INFO - [2026-09-16T16:10:00.856+0000] {dag.py:3954} INFO - Setting next_dagrun for save_data to None, run_after=None
[2026-09-16T16:10:00.877+0000] {processor.py:183} INFO - Processing /opt/airflow/dags/stoke_dag.py took 0.076 seconds
[2026-09-16T16:10:31.196+0000] {processor.py:161} INFO - Started process (PID=785) to work on /opt/airflow/dags/stoke_dag.py
[2026-09-16T16:10:31.198+0000] {processor.py:830} INFO - Processing file /opt/airflow/dags/stoke_dag.py for tasks to queue
[2026-09-16T16:10:31.201+0000] {logging_mixin.py:188} INFO - [2026-09-16T16:10:31.200+0000] {dagbag.py:545} INFO - Filling up the DagBag from /opt/airflow/dags/stoke_dag.py
[2026-09-16T16:10:31.227+0000] {processor.py:840} INFO - DAG(s) 'save_data' retrieved from /opt/airflow/dags/stoke_dag.py
[2026-09-16T16:10:31.251+0000] {logging_mixin.py:188} INFO - [2026-09-16T16:10:31.251+0000] {dag.py:3096} INFO - Sync 1 DAGs
[2026-09-16T16:10:31.263+0000] {logging_mixin.py:188} INFO - [2026-09-16T16:10:31.262+0000] {dag.py:3954} INFO - Setting next_dagrun for save_data to None, run_after=None
[2026-09-16T16:10:31.285+0000] {processor.py:183} INFO - Processing /opt/airflow/dags/stoke_dag.py took 0.101 seconds
[2026-09-16T16:11:01.634+0000] {processor.py:161} INFO - Started process (PID=794) to work on /opt/airflow/dags/stoke_dag.py
[2026-09-16T16:11:01.636+0000] {processor.py:830} INFO - Processing file /opt/airflow/dags/stoke_dag.py for tasks to queue
[2026-09-16T16:11:01.638+0000] {logging_mixin.py:188} INFO - [2026-09-16T16:11:01.637+0000] {dagbag.py:545} INFO - Filling up the DagBag from /opt/airflow/dags/stoke_dag.py
[2026-09-16T16:11:01.652+0000] {processor.py:840} INFO - DAG(s) 'save_data' retrieved from /opt/airflow/dags/stoke_dag.py
[2026-09-16T16:11:01.672+0000] {logging_mixin.py:188} INFO - [2026-09-16T16:11:01.672+0000] {dag.py:3096} INFO - Sync 1 DAGs
[2026-09-16T16:11:01.682+0000] {logging_mixin.py:188} INFO - [2026-09-16T16:11:01.682+0000] {dag.py:3954} INFO - Setting next_dagrun for save_data to None, run_after=None
[2026-09-16T16:11:01.702+0000] {processor.py:183} INFO - Processing /opt/airflow/dags/stoke_dag.py took 0.073 seconds
[2026-09-16T16:11:32.028+0000] {processor.py:161} INFO - Started process (PID=803) to work on /opt/airflow/dags/stoke_dag.py
[2026-09-16T16:11:32.029+0000] {processor.py:830} INFO - Processing file /opt/airflow/dags/stoke_dag.py for tasks to queue
[2026-09-16T16:11:32.031+0000] {logging_mixin.py:188} INFO - [2026-09-16T16:11:32.031+0000] {dagbag.py:545} INFO - Filling up the DagBag from /opt/airflow/dags/stoke_dag.py
[2026-09-16T16:11:32.046+0000] {processor.py:840} INFO - DAG(s) 'save_data' retrieved from /opt/airflow/dags/stoke_dag.py
[2026-09-16T16:11:32.065+0000] {logging_mixin.py:188} INFO - [2026-09-16T16:11:32.065+0000] {dag.py:3096} INFO - Sync 1 DAGs
[2026-09-16T16:11:32.075+0000] {logging_mixin.py:188} INFO - [2026-09-16T16:11:32.075+0000] {dag.py:3954} INFO - Setting next_dagrun for save_data to None, run_after=None
[2026-09-16T16:11:32.094+0000] {processor.py:183} INFO - Processing /opt/airflow/dags/stoke_dag.py took 0.072 seconds
[2026-09-16T16:12:02.416+0000] {processor.py:161} INFO - Started process (PID=812) to work on /opt/airflow/dags/stoke_dag.py
[2026-09-16T16:12:02.417+0000] {processor.py:830} INFO - Processing file /opt/airflow/dags/stoke_dag.py for tasks to queue
[2026-09-16T16:12:02.419+0000] {logging_mixin.py:188} INFO - [2026-09-16T16:12:02.418+0000] {dagbag.py:545} INFO - Filling up the DagBag from /opt/airflow/dags/stoke_dag.py
[2026-09-16T16:12:02.439+0000] {processor.py:840} INFO - DAG(s) 'save_data' retrieved from /opt/airflow/dags/stoke_dag.py
[2026-09-16T16:12:02.460+0000] {logging_mixin.py:188} INFO - [2026-09-16T16:12:02.460+0000] {dag.py:3096} INFO - Sync 1 DAGs
[2026-09-16T16:12:02.471+0000] {logging_mixin.py:188} INFO - [2026-09-16T16:12:02.471+0000] {dag.py:3954} INFO - Setting next_dagrun for save_data to None, run_after=None
[2026-09-16T16:12:02.488+0000] {processor.py:183} INFO - Processing /opt/airflow/dags/stoke_dag.py took 0.078 seconds
[2026-09-16T16:12:32.750+0000] {processor.py:161} INFO - Started process (PID=821) to work on /opt/airflow/dags/stoke_dag.py
[2026-09-16T16:12:32.751+0000] {processor.py:830} INFO - Processing file /opt/airflow/dags/stoke_dag.py for tasks to queue
[2026-09-16T16:12:32.753+0000] {logging_mixin.py:188} INFO - [2026-09-16T16:12:32.753+0000] {dagbag.py:545} INFO - Filling up the DagBag from /opt/airflow/dags/stoke_dag.py
[2026-09-16T16:12:32.768+0000] {processor.py:840} INFO - DAG(s) 'save_data' retrieved from /opt/airflow/dags/stoke_dag.py
[2026-09-16T16:12:32.787+0000] {logging_mixin.py:188} INFO - [2026-09-16T16:12:32.787+0000] {dag.py:3096} INFO - Sync 1 DAGs
[2026-09-16T16:12:32.797+0000] {logging_mixin.py:188} INFO - [2026-09-16T16:12:32.797+0000] {dag.py:3954} INFO - Setting next_dagrun for save_data to None, run_after=None
[2026-09-16T16:12:32.816+0000] {processor.py:183} INFO - Processing /opt/airflow/dags/stoke_dag.py took 0.072 seconds
[2026-09-16T16:13:03.138+0000] {processor.py:161} INFO - Started process (PID=830) to work on /opt/airflow/dags/stoke_dag.py
[2026-09-16T16:13:03.140+0000] {processor.py:830} INFO - Processing file /opt/airflow/dags/stoke_dag.py for tasks to queue
[2026-09-16T16:13:03.142+0000] {logging_mixin.py:188} INFO - [2026-09-16T16:13:03.142+0000] {dagbag.py:545} INFO - Filling up the DagBag from /opt/airflow/dags/stoke_dag.py
[2026-09-16T16:13:03.158+0000] {processor.py:840} INFO - DAG(s) 'save_data' retrieved from /opt/airflow/dags/stoke_dag.py
[2026-09-16T16:13:03.178+0000] {logging_mixin.py:188} INFO - [2026-09-16T16:13:03.178+0000] {dag.py:3096} INFO - Sync 1 DAGs
[2026-09-16T16:13:03.189+0000] {logging_mixin.py:188} INFO - [2026-09-16T16:13:03.188+0000] {dag.py:3954} INFO - Setting next_dagrun for save_data to None, run_after=None
[2026-09-16T16:13:03.207+0000] {processor.py:183} INFO - Processing /opt/airflow/dags/stoke_dag.py took 0.075 seconds
[2026-09-16T16:13:33.547+0000] {processor.py:161} INFO - Started process (PID=840) to work on /opt/airflow/dags/stoke_dag.py
[2026-09-16T16:13:33.548+0000] {processor.py:830} INFO - Processing file /opt/airflow/dags/stoke_dag.py for tasks to queue
[2026-09-16T16:13:33.550+0000] {logging_mixin.py:188} INFO - [2026-09-16T16:13:33.550+0000] {dagbag.py:545} INFO - Filling up the DagBag from /opt/airflow/dags/stoke_dag.py
[2026-09-16T16:13:33.566+0000] {processor.py:840} INFO - DAG(s) 'save_data' retrieved from /opt/airflow/dags/stoke_dag.py
[2026-09-16T16:13:33.586+0000] {logging_mixin.py:188} INFO - [2026-09-16T16:13:33.586+0000] {dag.py:3096} INFO - Sync 1 DAGs
[2026-09-16T16:13:33.597+0000] {logging_mixin.py:188} INFO - [2026-09-16T16:13:33.597+0000] {dag.py:3954} INFO - Setting next_dagrun for save_data to None, run_after=None
[2026-09-16T16:13:33.617+0000] {processor.py:183} INFO - Processing /opt/airflow/dags/stoke_dag.py took 0.077 seconds
[2026-09-16T16:14:03.938+0000] {processor.py:161} INFO - Started process (PID=849) to work on /opt/airflow/dags/stoke_dag.py
[2026-09-16T16:14:03.940+0000] {processor.py:830} INFO - Processing file /opt/airflow/dags/stoke_dag.py for tasks to queue
[2026-09-16T16:14:03.941+0000] {logging_mixin.py:188} INFO - [2026-09-16T16:14:03.941+0000] {dagbag.py:545} INFO - Filling up the DagBag from /opt/airflow/dags/stoke_dag.py
[2026-09-16T16:14:03.956+0000] {processor.py:840} INFO - DAG(s) 'save_data' retrieved from /opt/airflow/dags/stoke_dag.py
[2026-09-16T16:14:03.976+0000] {logging_mixin.py:188} INFO - [2026-09-16T16:14:03.976+0000] {dag.py:3096} INFO - Sync 1 DAGs
[2026-09-16T16:14:03.987+0000] {logging_mixin.py:188} INFO - [2026-09-16T16:14:03.986+0000] {dag.py:3954} INFO - Setting next_dagrun for save_data to None, run_after=None
[2026-09-16T16:14:04.005+0000] {processor.py:183} INFO - Processing /opt/airflow/dags/stoke_dag.py took 0.073 seconds
[2026-09-16T16:14:34.333+0000] {processor.py:161} INFO - Started process (PID=858) to work on /opt/airflow/dags/stoke_dag.py
[2026-09-16T16:14:34.335+0000] {processor.py:830} INFO - Processing file /opt/airflow/dags/stoke_dag.py for tasks to queue
[2026-09-16T16:14:34.337+0000] {logging_mixin.py:188} INFO - [2026-09-16T16:14:34.337+0000] {dagbag.py:545} INFO - Filling up the DagBag from /opt/airflow/dags/stoke_dag.py
[2026-09-16T16:14:34.351+0000] {processor.py:840} INFO - DAG(s) 'save_data' retrieved from /opt/airflow/dags/stoke_dag.py
[2026-09-16T16:14:34.370+0000] {logging_mixin.py:188} INFO - [2026-09-16T16:14:34.370+0000] {dag.py:3096} INFO - Sync 1 DAGs
[2026-09-16T16:14:34.380+0000] {logging_mixin.py:188} INFO - [2026-09-16T16:14:34.380+0000] {dag.py:3954} INFO - Setting next_dagrun for save_data to None, run_after=None
[2026-09-16T16:14:34.398+0000] {processor.py:183} INFO - Processing /opt/airflow/dags/stoke_dag.py took 0.071 seconds
[2026-09-16T16:15:04.707+0000] {processor.py:161} INFO - Started process (PID=867) to work on /opt/airflow/dags/stoke_dag.py
[2026-09-16T16:15:04.708+0000] {processor.py:830} INFO - Processing file /opt/airflow/dags/stoke_dag.py for tasks to queue
[2026-09-16T16:15:04.710+0000] {logging_mixin.py:188} INFO - [2026-09-16T16:15:04.709+0000] {dagbag.py:545} INFO - Filling up the DagBag from /opt/airflow/dags/stoke_dag.py
[2026-09-16T16:15:04.724+0000] {processor.py:840} INFO - DAG(s) 'save_data' retrieved from /opt/airflow/dags/stoke_dag.py
[2026-09-16T16:15:04.743+0000] {logging_mixin.py:188} INFO - [2026-09-16T16:15:04.743+0000] {dag.py:3096} INFO - Sync 1 DAGs
[2026-09-16T16:15:04.754+0000] {logging_mixin.py:188} INFO - [2026-09-16T16:15:04.754+0000] {dag.py:3954} INFO - Setting next_dagrun for save_data to None, run_after=None
[2026-09-16T16:15:04.773+0000] {processor.py:183} INFO - Processing /opt/airflow/dags/stoke_dag.py took 0.072 seconds
[2026-09-16T16:15:35.098+0000] {processor.py:161} INFO - Started process (PID=876) to work on /opt/airflow/dags/stoke_dag.py
[2026-09-16T16:15:35.100+0000] {processor.py:830} INFO - Processing file /opt/airflow/dags/stoke_dag.py for tasks to queue
[2026-09-16T16:15:35.101+0000] {logging_mixin.py:188} INFO - [2026-09-16T16:15:35.101+0000] {dagbag.py:545} INFO - Filling up the DagBag from /opt/airflow/dags/stoke_dag.py
[2026-09-16T16:15:35.116+0000] {processor.py:840} INFO - DAG(s) 'save_data' retrieved from /opt/airflow/dags/stoke_dag.py
[2026-09-16T16:15:35.136+0000] {logging_mixin.py:188} INFO - [2026-09-16T16:15:35.135+0000] {dag.py:3096} INFO - Sync 1 DAGs
[2026-09-16T16:15:35.145+0000] {logging_mixin.py:188} INFO - [2026-09-16T16:15:35.145+0000] {dag.py:3954} INFO - Setting next_dagrun for save_data to None, run_after=None
[2026-09-16T16:15:35.163+0000] {processor.py:183} INFO - Processing /opt/airflow/dags/stoke_dag.py took 0.071 seconds
[2026-09-16T16:16:05.463+0000] {processor.py:161} INFO - Started process (PID=885) to work on /opt/airflow/dags/stoke_dag.py
[2026-09-16T16:16:05.464+0000] {processor.py:830} INFO - Processing file /opt/airflow/dags/stoke_dag.py for tasks to queue
[2026-09-16T16:16:05.466+0000] {logging_mixin.py:188} INFO - [2026-09-16T16:16:05.466+0000] {dagbag.py:545} INFO - Filling up the DagBag from /opt/airflow/dags/stoke_dag.py
[2026-09-16T16:16:05.480+0000] {processor.py:840} INFO - DAG(s) 'save_data' retrieved from /opt/airflow/dags/stoke_dag.py
[2026-09-16T16:16:05.499+0000] {logging_mixin.py:188} INFO - [2026-09-16T16:16:05.499+0000] {dag.py:3096} INFO - Sync 1 DAGs
[2026-09-16T16:16:05.509+0000] {logging_mixin.py:188} INFO - [2026-09-16T16:16:05.509+0000] {dag.py:3954} INFO - Setting next_dagrun for save_data to None, run_after=None
[2026-09-16T16:16:05.529+0000] {processor.py:183} INFO - Processing /opt/airflow/dags/stoke_dag.py took 0.072 seconds
[2026-09-16T16:16:35.805+0000] {processor.py:161} INFO - Started process (PID=894) to work on /opt/airflow/dags/stoke_dag.py
[2026-09-16T16:16:35.806+0000] {processor.py:830} INFO - Processing file /opt/airflow/dags/stoke_dag.py for tasks to queue
[2026-09-16T16:16:35.808+0000] {logging_mixin.py:188} INFO - [2026-09-16T16:16:35.808+0000] {dagbag.py:545} INFO - Filling up the DagBag from /opt/airflow/dags/stoke_dag.py
[2026-09-16T16:16:35.822+0000] {processor.py:840} INFO - DAG(s) 'save_data' retrieved from /opt/airflow/dags/stoke_dag.py
[2026-09-16T16:16:35.847+0000] {logging_mixin.py:188} INFO - [2026-09-16T16:16:35.846+0000] {dag.py:3096} INFO - Sync 1 DAGs
[2026-09-16T16:16:35.858+0000] {logging_mixin.py:188} INFO - [2026-09-16T16:16:35.857+0000] {dag.py:3954} INFO - Setting next_dagrun for save_data to None, run_after=None
[2026-09-16T16:16:35.876+0000] {processor.py:183} INFO - Processing /opt/airflow/dags/stoke_dag.py took 0.077 seconds
[2026-09-16T16:17:06.189+0000] {processor.py:161} INFO - Started process (PID=903) to work on /opt/airflow/dags/stoke_dag.py
[2026-09-16T16:17:06.190+0000] {processor.py:830} INFO - Processing file /opt/airflow/dags/stoke_dag.py for tasks to queue
[2026-09-16T16:17:06.192+0000] {logging_mixin.py:188} INFO - [2026-09-16T16:17:06.192+0000] {dagbag.py:545} INFO - Filling up the DagBag from /opt/airflow/dags/stoke_dag.py
[2026-09-16T16:17:06.208+0000] {processor.py:840} INFO - DAG(s) 'save_data' retrieved from /opt/airflow/dags/stoke_dag.py
[2026-09-16T16:17:06.229+0000] {logging_mixin.py:188} INFO - [2026-09-16T16:17:06.229+0000] {dag.py:3096} INFO - Sync 1 DAGs
[2026-09-16T16:17:06.246+0000] {logging_mixin.py:188} INFO - [2026-09-16T16:17:06.245+0000] {dag.py:3954} INFO - Setting next_dagrun for save_data to None, run_after=None
[2026-09-16T16:17:06.279+0000] {processor.py:183} INFO - Processing /opt/airflow/dags/stoke_dag.py took 0.095 seconds
[2026-09-16T16:17:36.627+0000] {processor.py:161} INFO - Started process (PID=912) to work on /opt/airflow/dags/stoke_dag.py
[2026-09-16T16:17:36.628+0000] {processor.py:830} INFO - Processing file /opt/airflow/dags/stoke_dag.py for tasks to queue
[2026-09-16T16:17:36.630+0000] {logging_mixin.py:188} INFO - [2026-09-16T16:17:36.629+0000] {dagbag.py:545} INFO - Filling up the DagBag from /opt/airflow/dags/stoke_dag.py
[2026-09-16T16:17:36.648+0000] {processor.py:840} INFO - DAG(s) 'save_data' retrieved from /opt/airflow/dags/stoke_dag.py
[2026-09-16T16:17:36.669+0000] {logging_mixin.py:188} INFO - [2026-09-16T16:17:36.669+0000] {dag.py:3096} INFO - Sync 1 DAGs
[2026-09-16T16:17:36.682+0000] {logging_mixin.py:188} INFO - [2026-09-16T16:17:36.682+0000] {dag.py:3954} INFO - Setting next_dagrun for save_data to None, run_after=None
[2026-09-16T16:17:36.709+0000] {processor.py:183} INFO - Processing /opt/airflow/dags/stoke_dag.py took 0.088 seconds
[2026-09-16T16:18:07.205+0000] {processor.py:161} INFO - Started process (PID=921) to work on /opt/airflow/dags/stoke_dag.py
[2026-09-16T16:18:07.207+0000] {processor.py:830} INFO - Processing file /opt/airflow/dags/stoke_dag.py for tasks to queue
[2026-09-16T16:18:07.210+0000] {logging_mixin.py:188} INFO - [2026-09-16T16:18:07.209+0000] {dagbag.py:545} INFO - Filling up the DagBag from /opt/airflow/dags/stoke_dag.py
[2026-09-16T16:18:07.240+0000] {processor.py:840} INFO - DAG(s) 'save_data' retrieved from /opt/airflow/dags/stoke_dag.py
[2026-09-16T16:18:07.271+0000] {logging_mixin.py:188} INFO - [2026-09-16T16:18:07.270+0000] {dag.py:3096} INFO - Sync 1 DAGs
[2026-09-16T16:18:07.292+0000] {logging_mixin.py:188} INFO - [2026-09-16T16:18:07.291+0000] {dag.py:3954} INFO - Setting next_dagrun for save_data to None, run_after=None
[2026-09-16T16:18:07.319+0000] {processor.py:183} INFO - Processing /opt/airflow/dags/stoke_dag.py took 0.121 seconds
[2026-09-16T16:18:37.625+0000] {processor.py:161} INFO - Started process (PID=931) to work on /opt/airflow/dags/stoke_dag.py
[2026-09-16T16:18:37.627+0000] {processor.py:830} INFO - Processing file /opt/airflow/dags/stoke_dag.py for tasks to queue
[2026-09-16T16:18:37.629+0000] {logging_mixin.py:188} INFO - [2026-09-16T16:18:37.629+0000] {dagbag.py:545} INFO - Filling up the DagBag from /opt/airflow/dags/stoke_dag.py
[2026-09-16T16:18:37.652+0000] {processor.py:840} INFO - DAG(s) 'save_data' retrieved from /opt/airflow/dags/stoke_dag.py
[2026-09-16T16:18:37.676+0000] {logging_mixin.py:188} INFO - [2026-09-16T16:18:37.676+0000] {dag.py:3096} INFO - Sync 1 DAGs
[2026-09-16T16:18:37.692+0000] {logging_mixin.py:188} INFO - [2026-09-16T16:18:37.692+0000] {dag.py:3954} INFO - Setting next_dagrun for save_data to None, run_after=None
[2026-09-16T16:18:37.717+0000] {processor.py:183} INFO - Processing /opt/airflow/dags/stoke_dag.py took 0.103 seconds
[2026-09-16T16:19:08.004+0000] {processor.py:161} INFO - Started process (PID=940) to work on /opt/airflow/dags/stoke_dag.py
[2026-09-16T16:19:08.007+0000] {processor.py:830} INFO - Processing file /opt/airflow/dags/stoke_dag.py for tasks to queue
[2026-09-16T16:19:08.014+0000] {logging_mixin.py:188} INFO - [2026-09-16T16:19:08.013+0000] {dagbag.py:545} INFO - Filling up the DagBag from /opt/airflow/dags/stoke_dag.py
[2026-09-16T16:19:08.054+0000] {processor.py:840} INFO - DAG(s) 'save_data' retrieved from /opt/airflow/dags/stoke_dag.py
[2026-09-16T16:19:08.099+0000] {logging_mixin.py:188} INFO - [2026-09-16T16:19:08.098+0000] {dag.py:3096} INFO - Sync 1 DAGs
[2026-09-16T16:19:08.121+0000] {logging_mixin.py:188} INFO - [2026-09-16T16:19:08.120+0000] {dag.py:3954} INFO - Setting next_dagrun for save_data to None, run_after=None
[2026-09-16T16:19:08.152+0000] {processor.py:183} INFO - Processing /opt/airflow/dags/stoke_dag.py took 0.162 seconds
[2026-09-16T16:19:38.460+0000] {processor.py:161} INFO - Started process (PID=949) to work on /opt/airflow/dags/stoke_dag.py
[2026-09-16T16:19:38.462+0000] {processor.py:830} INFO - Processing file /opt/airflow/dags/stoke_dag.py for tasks to queue
[2026-09-16T16:19:38.471+0000] {logging_mixin.py:188} INFO - [2026-09-16T16:19:38.471+0000] {dagbag.py:545} INFO - Filling up the DagBag from /opt/airflow/dags/stoke_dag.py
[2026-09-16T16:19:38.502+0000] {processor.py:840} INFO - DAG(s) 'save_data' retrieved from /opt/airflow/dags/stoke_dag.py
[2026-09-16T16:19:38.537+0000] {logging_mixin.py:188} INFO - [2026-09-16T16:19:38.537+0000] {dag.py:3096} INFO - Sync 1 DAGs
[2026-09-16T16:19:38.556+0000] {logging_mixin.py:188} INFO - [2026-09-16T16:19:38.555+0000] {dag.py:3954} INFO - Setting next_dagrun for save_data to None, run_after=None
[2026-09-16T16:19:38.585+0000] {processor.py:183} INFO - Processing /opt/airflow/dags/stoke_dag.py took 0.140 seconds
[2026-09-16T16:20:08.942+0000] {processor.py:161} INFO - Started process (PID=958) to work on /opt/airflow/dags/stoke_dag.py
[2026-09-16T16:20:08.943+0000] {processor.py:830} INFO - Processing file /opt/airflow/dags/stoke_dag.py for tasks to queue
[2026-09-16T16:20:08.947+0000] {logging_mixin.py:188} INFO - [2026-09-16T16:20:08.947+0000] {dagbag.py:545} INFO - Filling up the DagBag from /opt/airflow/dags/stoke_dag.py
[2026-09-16T16:20:08.977+0000] {processor.py:840} INFO - DAG(s) 'save_data' retrieved from /opt/airflow/dags/stoke_dag.py
[2026-09-16T16:20:09.011+0000] {logging_mixin.py:188} INFO - [2026-09-16T16:20:09.011+0000] {dag.py:3096} INFO - Sync 1 DAGs
[2026-09-16T16:20:09.029+0000] {logging_mixin.py:188} INFO - [2026-09-16T16:20:09.029+0000] {dag.py:3954} INFO - Setting next_dagrun for save_data to None, run_after=None
[2026-09-16T16:20:09.053+0000] {processor.py:183} INFO - Processing /opt/airflow/dags/stoke_dag.py took 0.122 seconds
[2026-09-16T16:20:39.135+0000] {processor.py:161} INFO - Started process (PID=967) to work on /opt/airflow/dags/stoke_dag.py
[2026-09-16T16:20:39.138+0000] {processor.py:830} INFO - Processing file /opt/airflow/dags/stoke_dag.py for tasks to queue
[2026-09-16T16:20:39.141+0000] {logging_mixin.py:188} INFO - [2026-09-16T16:20:39.141+0000] {dagbag.py:545} INFO - Filling up the DagBag from /opt/airflow/dags/stoke_dag.py
[2026-09-16T16:20:39.178+0000] {processor.py:840} INFO - DAG(s) 'save_data' retrieved from /opt/airflow/dags/stoke_dag.py
[2026-09-16T16:20:39.214+0000] {logging_mixin.py:188} INFO - [2026-09-16T16:20:39.213+0000] {dag.py:3096} INFO - Sync 1 DAGs
[2026-09-16T16:20:39.229+0000] {logging_mixin.py:188} INFO - [2026-09-16T16:20:39.229+0000] {dag.py:3954} INFO - Setting next_dagrun for save_data to None, run_after=None
[2026-09-16T16:20:39.254+0000] {processor.py:183} INFO - Processing /opt/airflow/dags/stoke_dag.py took 0.132 seconds
[2026-09-16T16:21:09.585+0000] {processor.py:161} INFO - Started process (PID=976) to work on /opt/airflow/dags/stoke_dag.py
[2026-09-16T16:21:09.586+0000] {processor.py:830} INFO - Processing file /opt/airflow/dags/stoke_dag.py for tasks to queue
[2026-09-16T16:21:09.588+0000] {logging_mixin.py:188} INFO - [2026-09-16T16:21:09.588+0000] {dagbag.py:545} INFO - Filling up the DagBag from /opt/airflow/dags/stoke_dag.py
[2026-09-16T16:21:09.615+0000] {processor.py:840} INFO - DAG(s) 'save_data' retrieved from /opt/airflow/dags/stoke_dag.py
[2026-09-16T16:21:09.646+0000] {logging_mixin.py:188} INFO - [2026-09-16T16:21:09.645+0000] {dag.py:3096} INFO - Sync 1 DAGs
[2026-09-16T16:21:09.660+0000] {logging_mixin.py:188} INFO - [2026-09-16T16:21:09.659+0000] {dag.py:3954} INFO - Setting next_dagrun for save_data to None, run_after=None
[2026-09-16T16:21:09.686+0000] {processor.py:183} INFO - Processing /opt/airflow/dags/stoke_dag.py took 0.109 seconds
[2026-09-16T16:21:39.969+0000] {processor.py:161} INFO - Started process (PID=985) to work on /opt/airflow/dags/stoke_dag.py
[2026-09-16T16:21:39.971+0000] {processor.py:830} INFO - Processing file /opt/airflow/dags/stoke_dag.py for tasks to queue
[2026-09-16T16:21:39.973+0000] {logging_mixin.py:188} INFO - [2026-09-16T16:21:39.973+0000] {dagbag.py:545} INFO - Filling up the DagBag from /opt/airflow/dags/stoke_dag.py
[2026-09-16T16:21:40.003+0000] {processor.py:840} INFO - DAG(s) 'save_data' retrieved from /opt/airflow/dags/stoke_dag.py
[2026-09-16T16:21:40.032+0000] {logging_mixin.py:188} INFO - [2026-09-16T16:21:40.032+0000] {dag.py:3096} INFO - Sync 1 DAGs
[2026-09-16T16:21:40.045+0000] {logging_mixin.py:188} INFO - [2026-09-16T16:21:40.044+0000] {dag.py:3954} INFO - Setting next_dagrun for save_data to None, run_after=None
[2026-09-16T16:21:40.071+0000] {processor.py:183} INFO - Processing /opt/airflow/dags/stoke_dag.py took 0.112 seconds
[2026-09-16T16:22:10.345+0000] {processor.py:161} INFO - Started process (PID=994) to work on /opt/airflow/dags/stoke_dag.py
[2026-09-16T16:22:10.346+0000] {processor.py:830} INFO - Processing file /opt/airflow/dags/stoke_dag.py for tasks to queue
[2026-09-16T16:22:10.348+0000] {logging_mixin.py:188} INFO - [2026-09-16T16:22:10.348+0000] {dagbag.py:545} INFO - Filling up the DagBag from /opt/airflow/dags/stoke_dag.py
[2026-09-16T16:22:10.374+0000] {processor.py:840} INFO - DAG(s) 'save_data' retrieved from /opt/airflow/dags/stoke_dag.py
[2026-09-16T16:22:10.400+0000] {logging_mixin.py:188} INFO - [2026-09-16T16:22:10.400+0000] {dag.py:3096} INFO - Sync 1 DAGs
[2026-09-16T16:22:10.412+0000] {logging_mixin.py:188} INFO - [2026-09-16T16:22:10.412+0000] {dag.py:3954} INFO - Setting next_dagrun for save_data to None, run_after=None
[2026-09-16T16:22:10.436+0000] {processor.py:183} INFO - Processing /opt/airflow/dags/stoke_dag.py took 0.098 seconds
[2026-09-16T16:22:40.748+0000] {processor.py:161} INFO - Started process (PID=1003) to work on /opt/airflow/dags/stoke_dag.py
[2026-09-16T16:22:40.749+0000] {processor.py:830} INFO - Processing file /opt/airflow/dags/stoke_dag.py for tasks to queue
[2026-09-16T16:22:40.751+0000] {logging_mixin.py:188} INFO - [2026-09-16T16:22:40.751+0000] {dagbag.py:545} INFO - Filling up the DagBag from /opt/airflow/dags/stoke_dag.py
[2026-09-16T16:22:40.776+0000] {processor.py:840} INFO - DAG(s) 'save_data' retrieved from /opt/airflow/dags/stoke_dag.py
[2026-09-16T16:22:40.800+0000] {logging_mixin.py:188} INFO - [2026-09-16T16:22:40.800+0000] {dag.py:3096} INFO - Sync 1 DAGs
[2026-09-16T16:22:40.813+0000] {logging_mixin.py:188} INFO - [2026-09-16T16:22:40.813+0000] {dag.py:3954} INFO - Setting next_dagrun for save_data to None, run_after=None
[2026-09-16T16:22:40.840+0000] {processor.py:183} INFO - Processing /opt/airflow/dags/stoke_dag.py took 0.098 seconds
[2026-09-16T16:23:11.031+0000] {processor.py:161} INFO - Started process (PID=1012) to work on /opt/airflow/dags/stoke_dag.py
[2026-09-16T16:23:11.032+0000] {processor.py:830} INFO - Processing file /opt/airflow/dags/stoke_dag.py for tasks to queue
[2026-09-16T16:23:11.034+0000] {logging_mixin.py:188} INFO - [2026-09-16T16:23:11.034+0000] {dagbag.py:545} INFO - Filling up the DagBag from /opt/airflow/dags/stoke_dag.py
[2026-09-16T16:23:11.057+0000] {processor.py:840} INFO - DAG(s) 'save_data' retrieved from /opt/airflow/dags/stoke_dag.py
[2026-09-16T16:23:11.088+0000] {logging_mixin.py:188} INFO - [2026-09-16T16:23:11.087+0000] {dag.py:3096} INFO - Sync 1 DAGs
[2026-09-16T16:23:11.101+0000] {logging_mixin.py:188} INFO - [2026-09-16T16:23:11.100+0000] {dag.py:3954} INFO - Setting next_dagrun for save_data to None, run_after=None
[2026-09-16T16:23:11.122+0000] {processor.py:183} INFO - Processing /opt/airflow/dags/stoke_dag.py took 0.098 seconds
[2026-09-16T16:23:41.301+0000] {processor.py:161} INFO - Started process (PID=1021) to work on /opt/airflow/dags/stoke_dag.py
[2026-09-16T16:23:41.304+0000] {processor.py:830} INFO - Processing file /opt/airflow/dags/stoke_dag.py for tasks to queue
[2026-09-16T16:23:41.307+0000] {logging_mixin.py:188} INFO - [2026-09-16T16:23:41.306+0000] {dagbag.py:545} INFO - Filling up the DagBag from /opt/airflow/dags/stoke_dag.py
[2026-09-16T16:23:41.330+0000] {processor.py:840} INFO - DAG(s) 'save_data' retrieved from /opt/airflow/dags/stoke_dag.py
[2026-09-16T16:23:41.367+0000] {logging_mixin.py:188} INFO - [2026-09-16T16:23:41.366+0000] {dag.py:3096} INFO - Sync 1 DAGs
[2026-09-16T16:23:41.386+0000] {logging_mixin.py:188} INFO - [2026-09-16T16:23:41.385+0000] {dag.py:3954} INFO - Setting next_dagrun for save_data to None, run_after=None
[2026-09-16T16:23:41.413+0000] {processor.py:183} INFO - Processing /opt/airflow/dags/stoke_dag.py took 0.120 seconds
[2026-09-16T16:24:11.726+0000] {processor.py:161} INFO - Started process (PID=1028) to work on /opt/airflow/dags/stoke_dag.py
[2026-09-16T16:24:11.727+0000] {processor.py:830} INFO - Processing file /opt/airflow/dags/stoke_dag.py for tasks to queue
[2026-09-16T16:24:11.731+0000] {logging_mixin.py:188} INFO - [2026-09-16T16:24:11.730+0000] {dagbag.py:545} INFO - Filling up the DagBag from /opt/airflow/dags/stoke_dag.py
[2026-09-16T16:24:11.758+0000] {processor.py:840} INFO - DAG(s) 'save_data' retrieved from /opt/airflow/dags/stoke_dag.py
[2026-09-16T16:24:11.791+0000] {logging_mixin.py:188} INFO - [2026-09-16T16:24:11.791+0000] {dag.py:3096} INFO - Sync 1 DAGs
[2026-09-16T16:24:11.809+0000] {logging_mixin.py:188} INFO - [2026-09-16T16:24:11.809+0000] {dag.py:3954} INFO - Setting next_dagrun for save_data to None, run_after=None
[2026-09-16T16:24:11.837+0000] {processor.py:183} INFO - Processing /opt/airflow/dags/stoke_dag.py took 0.119 seconds
[2026-09-16T16:24:42.011+0000] {processor.py:161} INFO - Started process (PID=1043) to work on /opt/airflow/dags/stoke_dag.py
[2026-09-16T16:24:42.012+0000] {processor.py:830} INFO - Processing file /opt/airflow/dags/stoke_dag.py for tasks to queue
[2026-09-16T16:24:42.015+0000] {logging_mixin.py:188} INFO - [2026-09-16T16:24:42.015+0000] {dagbag.py:545} INFO - Filling up the DagBag from /opt/airflow/dags/stoke_dag.py
[2026-09-16T16:24:42.041+0000] {processor.py:840} INFO - DAG(s) 'save_data' retrieved from /opt/airflow/dags/stoke_dag.py
[2026-09-16T16:24:42.067+0000] {logging_mixin.py:188} INFO - [2026-09-16T16:24:42.067+0000] {dag.py:3096} INFO - Sync 1 DAGs
[2026-09-16T16:24:42.080+0000] {logging_mixin.py:188} INFO - [2026-09-16T16:24:42.080+0000] {dag.py:3954} INFO - Setting next_dagrun for save_data to None, run_after=None
[2026-09-16T16:24:42.104+0000] {processor.py:183} INFO - Processing /opt/airflow/dags/stoke_dag.py took 0.101 seconds
[2026-09-16T16:25:12.294+0000] {processor.py:161} INFO - Started process (PID=1052) to work on /opt/airflow/dags/stoke_dag.py
[2026-09-16T16:25:12.296+0000] {processor.py:830} INFO - Processing file /opt/airflow/dags/stoke_dag.py for tasks to queue
[2026-09-16T16:25:12.300+0000] {logging_mixin.py:188} INFO - [2026-09-16T16:25:12.299+0000] {dagbag.py:545} INFO - Filling up the DagBag from /opt/airflow/dags/stoke_dag.py
[2026-09-16T16:25:12.321+0000] {processor.py:840} INFO - DAG(s) 'save_data' retrieved from /opt/airflow/dags/stoke_dag.py
[2026-09-16T16:25:12.342+0000] {logging_mixin.py:188} INFO - [2026-09-16T16:25:12.342+0000] {dag.py:3096} INFO - Sync 1 DAGs
[2026-09-16T16:25:12.355+0000] {logging_mixin.py:188} INFO - [2026-09-16T16:25:12.355+0000] {dag.py:3954} INFO - Setting next_dagrun for save_data to None, run_after=None
[2026-09-16T16:25:12.376+0000] {processor.py:183} INFO - Processing /opt/airflow/dags/stoke_dag.py took 0.090 seconds
[2026-09-16T16:25:42.432+0000] {processor.py:161} INFO - Started process (PID=1061) to work on /opt/airflow/dags/stoke_dag.py
[2026-09-16T16:25:42.434+0000] {processor.py:830} INFO - Processing file /opt/airflow/dags/stoke_dag.py for tasks to queue
[2026-09-16T16:25:42.436+0000] {logging_mixin.py:188} INFO - [2026-09-16T16:25:42.436+0000] {dagbag.py:545} INFO - Filling up the DagBag from /opt/airflow/dags/stoke_dag.py
[2026-09-16T16:25:42.457+0000] {processor.py:840} INFO - DAG(s) 'save_data' retrieved from /opt/airflow/dags/stoke_dag.py
[2026-09-16T16:25:42.482+0000] {logging_mixin.py:188} INFO - [2026-09-16T16:25:42.480+0000] {dag.py:3096} INFO - Sync 1 DAGs
[2026-09-16T16:25:42.495+0000] {logging_mixin.py:188} INFO - [2026-09-16T16:25:42.495+0000] {dag.py:3954} INFO - Setting next_dagrun for save_data to None, run_after=None
[2026-09-16T16:25:42.514+0000] {processor.py:183} INFO - Processing /opt/airflow/dags/stoke_dag.py took 0.088 seconds
[2026-09-16T16:26:12.839+0000] {processor.py:161} INFO - Started process (PID=1070) to work on /opt/airflow/dags/stoke_dag.py
[2026-09-16T16:26:12.840+0000] {processor.py:830} INFO - Processing file /opt/airflow/dags/stoke_dag.py for tasks to queue
[2026-09-16T16:26:12.843+0000] {logging_mixin.py:188} INFO - [2026-09-16T16:26:12.843+0000] {dagbag.py:545} INFO - Filling up the DagBag from /opt/airflow/dags/stoke_dag.py
[2026-09-16T16:26:12.867+0000] {processor.py:840} INFO - DAG(s) 'save_data' retrieved from /opt/airflow/dags/stoke_dag.py
[2026-09-16T16:26:12.890+0000] {logging_mixin.py:188} INFO - [2026-09-16T16:26:12.890+0000] {dag.py:3096} INFO - Sync 1 DAGs
[2026-09-16T16:26:12.902+0000] {logging_mixin.py:188} INFO - [2026-09-16T16:26:12.901+0000] {dag.py:3954} INFO - Setting next_dagrun for save_data to None, run_after=None
[2026-09-16T16:26:12.920+0000] {processor.py:183} INFO - Processing /opt/airflow/dags/stoke_dag.py took 0.089 seconds
[2026-09-16T16:26:42.964+0000] {processor.py:161} INFO - Started process (PID=1079) to work on /opt/airflow/dags/stoke_dag.py
[2026-09-16T16:26:42.966+0000] {processor.py:830} INFO - Processing file /opt/airflow/dags/stoke_dag.py for tasks to queue
[2026-09-16T16:26:42.969+0000] {logging_mixin.py:188} INFO - [2026-09-16T16:26:42.969+0000] {dagbag.py:545} INFO - Filling up the DagBag from /opt/airflow/dags/stoke_dag.py
[2026-09-16T16:26:42.998+0000] {processor.py:840} INFO - DAG(s) 'save_data' retrieved from /opt/airflow/dags/stoke_dag.py
[2026-09-16T16:26:43.031+0000] {logging_mixin.py:188} INFO - [2026-09-16T16:26:43.031+0000] {dag.py:3096} INFO - Sync 1 DAGs
[2026-09-16T16:26:43.047+0000] {logging_mixin.py:188} INFO - [2026-09-16T16:26:43.046+0000] {dag.py:3954} INFO - Setting next_dagrun for save_data to None, run_after=None
[2026-09-16T16:26:43.071+0000] {processor.py:183} INFO - Processing /opt/airflow/dags/stoke_dag.py took 0.116 seconds
[2026-09-16T16:27:02.145+0000] {processor.py:161} INFO - Started process (PID=1088) to work on /opt/airflow/dags/stoke_dag.py
[2026-09-16T16:27:02.147+0000] {processor.py:830} INFO - Processing file /opt/airflow/dags/stoke_dag.py for tasks to queue
[2026-09-16T16:27:02.150+0000] {logging_mixin.py:188} INFO - [2026-09-16T16:27:02.149+0000] {dagbag.py:545} INFO - Filling up the DagBag from /opt/airflow/dags/stoke_dag.py
[2026-09-16T16:27:02.186+0000] {processor.py:840} INFO - DAG(s) 'save_data' retrieved from /opt/airflow/dags/stoke_dag.py
[2026-09-16T16:27:02.278+0000] {logging_mixin.py:188} INFO - [2026-09-16T16:27:02.278+0000] {dag.py:3096} INFO - Sync 1 DAGs
[2026-09-16T16:27:02.289+0000] {logging_mixin.py:188} INFO - [2026-09-16T16:27:02.289+0000] {dag.py:3954} INFO - Setting next_dagrun for save_data to None, run_after=None
[2026-09-16T16:27:02.316+0000] {processor.py:183} INFO - Processing /opt/airflow/dags/stoke_dag.py took 0.179 seconds
[2026-09-16T16:27:32.635+0000] {processor.py:161} INFO - Started process (PID=1095) to work on /opt/airflow/dags/stoke_dag.py
[2026-09-16T16:27:32.637+0000] {processor.py:830} INFO - Processing file /opt/airflow/dags/stoke_dag.py for tasks to queue
[2026-09-16T16:27:32.641+0000] {logging_mixin.py:188} INFO - [2026-09-16T16:27:32.641+0000] {dagbag.py:545} INFO - Filling up the DagBag from /opt/airflow/dags/stoke_dag.py
[2026-09-16T16:27:32.672+0000] {processor.py:840} INFO - DAG(s) 'save_data' retrieved from /opt/airflow/dags/stoke_dag.py
[2026-09-16T16:27:32.708+0000] {logging_mixin.py:188} INFO - [2026-09-16T16:27:32.708+0000] {dag.py:3096} INFO - Sync 1 DAGs
[2026-09-16T16:27:32.726+0000] {logging_mixin.py:188} INFO - [2026-09-16T16:27:32.726+0000] {dag.py:3954} INFO - Setting next_dagrun for save_data to None, run_after=None
[2026-09-16T16:27:32.755+0000] {processor.py:183} INFO - Processing /opt/airflow/dags/stoke_dag.py took 0.137 seconds
[2026-09-16T16:28:03.053+0000] {processor.py:161} INFO - Started process (PID=1104) to work on /opt/airflow/dags/stoke_dag.py
[2026-09-16T16:28:03.057+0000] {processor.py:830} INFO - Processing file /opt/airflow/dags/stoke_dag.py for tasks to queue
[2026-09-16T16:28:03.060+0000] {logging_mixin.py:188} INFO - [2026-09-16T16:28:03.059+0000] {dagbag.py:545} INFO - Filling up the DagBag from /opt/airflow/dags/stoke_dag.py
[2026-09-16T16:28:03.090+0000] {processor.py:840} INFO - DAG(s) 'save_data' retrieved from /opt/airflow/dags/stoke_dag.py
[2026-09-16T16:28:03.119+0000] {logging_mixin.py:188} INFO - [2026-09-16T16:28:03.118+0000] {dag.py:3096} INFO - Sync 1 DAGs
[2026-09-16T16:28:03.133+0000] {logging_mixin.py:188} INFO - [2026-09-16T16:28:03.133+0000] {dag.py:3954} INFO - Setting next_dagrun for save_data to None, run_after=None
[2026-09-16T16:28:03.162+0000] {processor.py:183} INFO - Processing /opt/airflow/dags/stoke_dag.py took 0.120 seconds
[2026-09-16T16:28:33.513+0000] {processor.py:161} INFO - Started process (PID=1113) to work on /opt/airflow/dags/stoke_dag.py
[2026-09-16T16:28:33.515+0000] {processor.py:830} INFO - Processing file /opt/airflow/dags/stoke_dag.py for tasks to queue
[2026-09-16T16:28:33.517+0000] {logging_mixin.py:188} INFO - [2026-09-16T16:28:33.517+0000] {dagbag.py:545} INFO - Filling up the DagBag from /opt/airflow/dags/stoke_dag.py
[2026-09-16T16:28:33.547+0000] {processor.py:840} INFO - DAG(s) 'save_data' retrieved from /opt/airflow/dags/stoke_dag.py
[2026-09-16T16:28:33.578+0000] {logging_mixin.py:188} INFO - [2026-09-16T16:28:33.578+0000] {dag.py:3096} INFO - Sync 1 DAGs
[2026-09-16T16:28:33.591+0000] {logging_mixin.py:188} INFO - [2026-09-16T16:28:33.591+0000] {dag.py:3954} INFO - Setting next_dagrun for save_data to None, run_after=None
[2026-09-16T16:28:33.620+0000] {processor.py:183} INFO - Processing /opt/airflow/dags/stoke_dag.py took 0.115 seconds
[2026-09-16T16:29:03.977+0000] {processor.py:161} INFO - Started process (PID=1122) to work on /opt/airflow/dags/stoke_dag.py
[2026-09-16T16:29:03.979+0000] {processor.py:830} INFO - Processing file /opt/airflow/dags/stoke_dag.py for tasks to queue
[2026-09-16T16:29:03.981+0000] {logging_mixin.py:188} INFO - [2026-09-16T16:29:03.980+0000] {dagbag.py:545} INFO - Filling up the DagBag from /opt/airflow/dags/stoke_dag.py
[2026-09-16T16:29:04.002+0000] {processor.py:840} INFO - DAG(s) 'save_data' retrieved from /opt/airflow/dags/stoke_dag.py
[2026-09-16T16:29:04.022+0000] {logging_mixin.py:188} INFO - [2026-09-16T16:29:04.022+0000] {dag.py:3096} INFO - Sync 1 DAGs
[2026-09-16T16:29:04.033+0000] {logging_mixin.py:188} INFO - [2026-09-16T16:29:04.033+0000] {dag.py:3954} INFO - Setting next_dagrun for save_data to None, run_after=None
[2026-09-16T16:29:04.054+0000] {processor.py:183} INFO - Processing /opt/airflow/dags/stoke_dag.py took 0.083 seconds
[2026-09-16T16:29:34.377+0000] {processor.py:161} INFO - Started process (PID=1132) to work on /opt/airflow/dags/stoke_dag.py
[2026-09-16T16:29:34.379+0000] {processor.py:830} INFO - Processing file /opt/airflow/dags/stoke_dag.py for tasks to queue
[2026-09-16T16:29:34.380+0000] {logging_mixin.py:188} INFO - [2026-09-16T16:29:34.380+0000] {dagbag.py:545} INFO - Filling up the DagBag from /opt/airflow/dags/stoke_dag.py
[2026-09-16T16:29:34.395+0000] {processor.py:840} INFO - DAG(s) 'save_data' retrieved from /opt/airflow/dags/stoke_dag.py
[2026-09-16T16:29:34.414+0000] {logging_mixin.py:188} INFO - [2026-09-16T16:29:34.414+0000] {dag.py:3096} INFO - Sync 1 DAGs
[2026-09-16T16:29:34.425+0000] {logging_mixin.py:188} INFO - [2026-09-16T16:29:34.425+0000] {dag.py:3954} INFO - Setting next_dagrun for save_data to None, run_after=None
[2026-09-16T16:29:34.442+0000] {processor.py:183} INFO - Processing /opt/airflow/dags/stoke_dag.py took 0.070 seconds
[2026-09-16T16:30:04.593+0000] {processor.py:161} INFO - Started process (PID=1142) to work on /opt/airflow/dags/stoke_dag.py
[2026-09-16T16:30:04.594+0000] {processor.py:830} INFO - Processing file /opt/airflow/dags/stoke_dag.py for tasks to queue
[2026-09-16T16:30:04.596+0000] {logging_mixin.py:188} INFO - [2026-09-16T16:30:04.596+0000] {dagbag.py:545} INFO - Filling up the DagBag from /opt/airflow/dags/stoke_dag.py
[2026-09-16T16:30:04.618+0000] {processor.py:840} INFO - DAG(s) 'save_data' retrieved from /opt/airflow/dags/stoke_dag.py
[2026-09-16T16:30:04.639+0000] {logging_mixin.py:188} INFO - [2026-09-16T16:30:04.639+0000] {dag.py:3096} INFO - Sync 1 DAGs
[2026-09-16T16:30:04.649+0000] {logging_mixin.py:188} INFO - [2026-09-16T16:30:04.649+0000] {dag.py:3954} INFO - Setting next_dagrun for save_data to None, run_after=None
[2026-09-16T16:30:04.671+0000] {processor.py:183} INFO - Processing /opt/airflow/dags/stoke_dag.py took 0.085 seconds
[2026-09-16T16:30:34.975+0000] {processor.py:161} INFO - Started process (PID=1151) to work on /opt/airflow/dags/stoke_dag.py
[2026-09-16T16:30:34.976+0000] {processor.py:830} INFO - Processing file /opt/airflow/dags/stoke_dag.py for tasks to queue
[2026-09-16T16:30:34.978+0000] {logging_mixin.py:188} INFO - [2026-09-16T16:30:34.978+0000] {dagbag.py:545} INFO - Filling up the DagBag from /opt/airflow/dags/stoke_dag.py
[2026-09-16T16:30:34.993+0000] {processor.py:840} INFO - DAG(s) 'save_data' retrieved from /opt/airflow/dags/stoke_dag.py
[2026-09-16T16:30:35.015+0000] {logging_mixin.py:188} INFO - [2026-09-16T16:30:35.014+0000] {dag.py:3096} INFO - Sync 1 DAGs
[2026-09-16T16:30:35.029+0000] {logging_mixin.py:188} INFO - [2026-09-16T16:30:35.029+0000] {dag.py:3954} INFO - Setting next_dagrun for save_data to None, run_after=None
[2026-09-16T16:30:35.054+0000] {processor.py:183} INFO - Processing /opt/airflow/dags/stoke_dag.py took 0.085 seconds
[2026-09-16T16:31:05.392+0000] {processor.py:161} INFO - Started process (PID=1160) to work on /opt/airflow/dags/stoke_dag.py
[2026-09-16T16:31:05.393+0000] {processor.py:830} INFO - Processing file /opt/airflow/dags/stoke_dag.py for tasks to queue
[2026-09-16T16:31:05.395+0000] {logging_mixin.py:188} INFO - [2026-09-16T16:31:05.395+0000] {dagbag.py:545} INFO - Filling up the DagBag from /opt/airflow/dags/stoke_dag.py
[2026-09-16T16:31:05.412+0000] {processor.py:840} INFO - DAG(s) 'save_data' retrieved from /opt/airflow/dags/stoke_dag.py
[2026-09-16T16:31:05.432+0000] {logging_mixin.py:188} INFO - [2026-09-16T16:31:05.432+0000] {dag.py:3096} INFO - Sync 1 DAGs
[2026-09-16T16:31:05.442+0000] {logging_mixin.py:188} INFO - [2026-09-16T16:31:05.442+0000] {dag.py:3954} INFO - Setting next_dagrun for save_data to None, run_after=None
[2026-09-16T16:31:05.460+0000] {processor.py:183} INFO - Processing /opt/airflow/dags/stoke_dag.py took 0.077 seconds
[2026-09-16T16:31:35.751+0000] {processor.py:161} INFO - Started process (PID=1170) to work on /opt/airflow/dags/stoke_dag.py
[2026-09-16T16:31:35.753+0000] {processor.py:830} INFO - Processing file /opt/airflow/dags/stoke_dag.py for tasks to queue
[2026-09-16T16:31:35.755+0000] {logging_mixin.py:188} INFO - [2026-09-16T16:31:35.755+0000] {dagbag.py:545} INFO - Filling up the DagBag from /opt/airflow/dags/stoke_dag.py
[2026-09-16T16:31:35.770+0000] {processor.py:840} INFO - DAG(s) 'save_data' retrieved from /opt/airflow/dags/stoke_dag.py
[2026-09-16T16:31:35.788+0000] {logging_mixin.py:188} INFO - [2026-09-16T16:31:35.788+0000] {dag.py:3096} INFO - Sync 1 DAGs
[2026-09-16T16:31:35.798+0000] {logging_mixin.py:188} INFO - [2026-09-16T16:31:35.798+0000] {dag.py:3954} INFO - Setting next_dagrun for save_data to None, run_after=None
[2026-09-16T16:31:35.816+0000] {processor.py:183} INFO - Processing /opt/airflow/dags/stoke_dag.py took 0.071 seconds
[2026-09-16T16:32:06.129+0000] {processor.py:161} INFO - Started process (PID=1179) to work on /opt/airflow/dags/stoke_dag.py
[2026-09-16T16:32:06.130+0000] {processor.py:830} INFO - Processing file /opt/airflow/dags/stoke_dag.py for tasks to queue
[2026-09-16T16:32:06.132+0000] {logging_mixin.py:188} INFO - [2026-09-16T16:32:06.132+0000] {dagbag.py:545} INFO - Filling up the DagBag from /opt/airflow/dags/stoke_dag.py
[2026-09-16T16:32:06.146+0000] {processor.py:840} INFO - DAG(s) 'save_data' retrieved from /opt/airflow/dags/stoke_dag.py
[2026-09-16T16:32:06.165+0000] {logging_mixin.py:188} INFO - [2026-09-16T16:32:06.165+0000] {dag.py:3096} INFO - Sync 1 DAGs
[2026-09-16T16:32:06.175+0000] {logging_mixin.py:188} INFO - [2026-09-16T16:32:06.175+0000] {dag.py:3954} INFO - Setting next_dagrun for save_data to None, run_after=None
[2026-09-16T16:32:06.193+0000] {processor.py:183} INFO - Processing /opt/airflow/dags/stoke_dag.py took 0.070 seconds
[2026-09-16T16:32:36.514+0000] {processor.py:161} INFO - Started process (PID=1188) to work on /opt/airflow/dags/stoke_dag.py
[2026-09-16T16:32:36.516+0000] {processor.py:830} INFO - Processing file /opt/airflow/dags/stoke_dag.py for tasks to queue
[2026-09-16T16:32:36.519+0000] {logging_mixin.py:188} INFO - [2026-09-16T16:32:36.519+0000] {dagbag.py:545} INFO - Filling up the DagBag from /opt/airflow/dags/stoke_dag.py
[2026-09-16T16:32:36.540+0000] {processor.py:840} INFO - DAG(s) 'save_data' retrieved from /opt/airflow/dags/stoke_dag.py
[2026-09-16T16:32:36.568+0000] {logging_mixin.py:188} INFO - [2026-09-16T16:32:36.568+0000] {dag.py:3096} INFO - Sync 1 DAGs
[2026-09-16T16:32:36.585+0000] {logging_mixin.py:188} INFO - [2026-09-16T16:32:36.585+0000] {dag.py:3954} INFO - Setting next_dagrun for save_data to None, run_after=None
[2026-09-16T16:32:36.610+0000] {processor.py:183} INFO - Processing /opt/airflow/dags/stoke_dag.py took 0.106 seconds
[2026-09-16T16:33:06.917+0000] {processor.py:161} INFO - Started process (PID=1197) to work on /opt/airflow/dags/stoke_dag.py
[2026-09-16T16:33:06.919+0000] {processor.py:830} INFO - Processing file /opt/airflow/dags/stoke_dag.py for tasks to queue
[2026-09-16T16:33:06.921+0000] {logging_mixin.py:188} INFO - [2026-09-16T16:33:06.920+0000] {dagbag.py:545} INFO - Filling up the DagBag from /opt/airflow/dags/stoke_dag.py
[2026-09-16T16:33:06.941+0000] {processor.py:840} INFO - DAG(s) 'save_data' retrieved from /opt/airflow/dags/stoke_dag.py
[2026-09-16T16:33:06.961+0000] {logging_mixin.py:188} INFO - [2026-09-16T16:33:06.961+0000] {dag.py:3096} INFO - Sync 1 DAGs
[2026-09-16T16:33:06.972+0000] {logging_mixin.py:188} INFO - [2026-09-16T16:33:06.971+0000] {dag.py:3954} INFO - Setting next_dagrun for save_data to None, run_after=None
[2026-09-16T16:33:06.989+0000] {processor.py:183} INFO - Processing /opt/airflow/dags/stoke_dag.py took 0.078 seconds
[2026-09-16T16:33:37.288+0000] {processor.py:161} INFO - Started process (PID=1206) to work on /opt/airflow/dags/stoke_dag.py
[2026-09-16T16:33:37.289+0000] {processor.py:830} INFO - Processing file /opt/airflow/dags/stoke_dag.py for tasks to queue
[2026-09-16T16:33:37.291+0000] {logging_mixin.py:188} INFO - [2026-09-16T16:33:37.291+0000] {dagbag.py:545} INFO - Filling up the DagBag from /opt/airflow/dags/stoke_dag.py
[2026-09-16T16:33:37.307+0000] {processor.py:840} INFO - DAG(s) 'save_data' retrieved from /opt/airflow/dags/stoke_dag.py
[2026-09-16T16:33:37.327+0000] {logging_mixin.py:188} INFO - [2026-09-16T16:33:37.327+0000] {dag.py:3096} INFO - Sync 1 DAGs
[2026-09-16T16:33:37.338+0000] {logging_mixin.py:188} INFO - [2026-09-16T16:33:37.337+0000] {dag.py:3954} INFO - Setting next_dagrun for save_data to None, run_after=None
[2026-09-16T16:33:37.354+0000] {processor.py:183} INFO - Processing /opt/airflow/dags/stoke_dag.py took 0.072 seconds
[2026-09-16T16:34:07.694+0000] {processor.py:161} INFO - Started process (PID=1215) to work on /opt/airflow/dags/stoke_dag.py
[2026-09-16T16:34:07.696+0000] {processor.py:830} INFO - Processing file /opt/airflow/dags/stoke_dag.py for tasks to queue
[2026-09-16T16:34:07.698+0000] {logging_mixin.py:188} INFO - [2026-09-16T16:34:07.698+0000] {dagbag.py:545} INFO - Filling up the DagBag from /opt/airflow/dags/stoke_dag.py
[2026-09-16T16:34:07.714+0000] {processor.py:840} INFO - DAG(s) 'save_data' retrieved from /opt/airflow/dags/stoke_dag.py
[2026-09-16T16:34:07.734+0000] {logging_mixin.py:188} INFO - [2026-09-16T16:34:07.734+0000] {dag.py:3096} INFO - Sync 1 DAGs
[2026-09-16T16:34:07.744+0000] {logging_mixin.py:188} INFO - [2026-09-16T16:34:07.743+0000] {dag.py:3954} INFO - Setting next_dagrun for save_data to None, run_after=None
[2026-09-16T16:34:07.759+0000] {processor.py:183} INFO - Processing /opt/airflow/dags/stoke_dag.py took 0.071 seconds
[2026-09-16T16:34:38.079+0000] {processor.py:161} INFO - Started process (PID=1224) to work on /opt/airflow/dags/stoke_dag.py
[2026-09-16T16:34:38.080+0000] {processor.py:830} INFO - Processing file /opt/airflow/dags/stoke_dag.py for tasks to queue
[2026-09-16T16:34:38.084+0000] {logging_mixin.py:188} INFO - [2026-09-16T16:34:38.084+0000] {dagbag.py:545} INFO - Filling up the DagBag from /opt/airflow/dags/stoke_dag.py
[2026-09-16T16:34:38.105+0000] {processor.py:840} INFO - DAG(s) 'save_data' retrieved from /opt/airflow/dags/stoke_dag.py
[2026-09-16T16:34:38.129+0000] {logging_mixin.py:188} INFO - [2026-09-16T16:34:38.129+0000] {dag.py:3096} INFO - Sync 1 DAGs
[2026-09-16T16:34:38.144+0000] {logging_mixin.py:188} INFO - [2026-09-16T16:34:38.144+0000] {dag.py:3954} INFO - Setting next_dagrun for save_data to None, run_after=None
[2026-09-16T16:34:38.167+0000] {processor.py:183} INFO - Processing /opt/airflow/dags/stoke_dag.py took 0.096 seconds
[2026-09-16T16:35:08.515+0000] {processor.py:161} INFO - Started process (PID=1233) to work on /opt/airflow/dags/stoke_dag.py
[2026-09-16T16:35:08.517+0000] {processor.py:830} INFO - Processing file /opt/airflow/dags/stoke_dag.py for tasks to queue
[2026-09-16T16:35:08.519+0000] {logging_mixin.py:188} INFO - [2026-09-16T16:35:08.518+0000] {dagbag.py:545} INFO - Filling up the DagBag from /opt/airflow/dags/stoke_dag.py
[2026-09-16T16:35:08.533+0000] {processor.py:840} INFO - DAG(s) 'save_data' retrieved from /opt/airflow/dags/stoke_dag.py
[2026-09-16T16:35:08.551+0000] {logging_mixin.py:188} INFO - [2026-09-16T16:35:08.551+0000] {dag.py:3096} INFO - Sync 1 DAGs
[2026-09-16T16:35:08.561+0000] {logging_mixin.py:188} INFO - [2026-09-16T16:35:08.561+0000] {dag.py:3954} INFO - Setting next_dagrun for save_data to None, run_after=None
[2026-09-16T16:35:08.579+0000] {processor.py:183} INFO - Processing /opt/airflow/dags/stoke_dag.py took 0.069 seconds
[2026-09-16T16:35:38.889+0000] {processor.py:161} INFO - Started process (PID=1242) to work on /opt/airflow/dags/stoke_dag.py
[2026-09-16T16:35:38.890+0000] {processor.py:830} INFO - Processing file /opt/airflow/dags/stoke_dag.py for tasks to queue
[2026-09-16T16:35:38.893+0000] {logging_mixin.py:188} INFO - [2026-09-16T16:35:38.892+0000] {dagbag.py:545} INFO - Filling up the DagBag from /opt/airflow/dags/stoke_dag.py
[2026-09-16T16:35:38.912+0000] {processor.py:840} INFO - DAG(s) 'save_data' retrieved from /opt/airflow/dags/stoke_dag.py
[2026-09-16T16:35:38.932+0000] {logging_mixin.py:188} INFO - [2026-09-16T16:35:38.932+0000] {dag.py:3096} INFO - Sync 1 DAGs
[2026-09-16T16:35:38.942+0000] {logging_mixin.py:188} INFO - [2026-09-16T16:35:38.942+0000] {dag.py:3954} INFO - Setting next_dagrun for save_data to None, run_after=None
[2026-09-16T16:35:38.963+0000] {processor.py:183} INFO - Processing /opt/airflow/dags/stoke_dag.py took 0.081 seconds
[2026-09-16T16:36:09.290+0000] {processor.py:161} INFO - Started process (PID=1251) to work on /opt/airflow/dags/stoke_dag.py
[2026-09-16T16:36:09.293+0000] {processor.py:830} INFO - Processing file /opt/airflow/dags/stoke_dag.py for tasks to queue
[2026-09-16T16:36:09.297+0000] {logging_mixin.py:188} INFO - [2026-09-16T16:36:09.297+0000] {dagbag.py:545} INFO - Filling up the DagBag from /opt/airflow/dags/stoke_dag.py
[2026-09-16T16:36:09.319+0000] {processor.py:840} INFO - DAG(s) 'save_data' retrieved from /opt/airflow/dags/stoke_dag.py
[2026-09-16T16:36:09.344+0000] {logging_mixin.py:188} INFO - [2026-09-16T16:36:09.344+0000] {dag.py:3096} INFO - Sync 1 DAGs
[2026-09-16T16:36:09.356+0000] {logging_mixin.py:188} INFO - [2026-09-16T16:36:09.356+0000] {dag.py:3954} INFO - Setting next_dagrun for save_data to None, run_after=None
[2026-09-16T16:36:09.381+0000] {processor.py:183} INFO - Processing /opt/airflow/dags/stoke_dag.py took 0.098 seconds
[2026-09-16T16:36:39.735+0000] {processor.py:161} INFO - Started process (PID=1260) to work on /opt/airflow/dags/stoke_dag.py
[2026-09-16T16:36:39.736+0000] {processor.py:830} INFO - Processing file /opt/airflow/dags/stoke_dag.py for tasks to queue
[2026-09-16T16:36:39.738+0000] {logging_mixin.py:188} INFO - [2026-09-16T16:36:39.738+0000] {dagbag.py:545} INFO - Filling up the DagBag from /opt/airflow/dags/stoke_dag.py
[2026-09-16T16:36:39.756+0000] {processor.py:840} INFO - DAG(s) 'save_data' retrieved from /opt/airflow/dags/stoke_dag.py
[2026-09-16T16:36:39.776+0000] {logging_mixin.py:188} INFO - [2026-09-16T16:36:39.775+0000] {dag.py:3096} INFO - Sync 1 DAGs
[2026-09-16T16:36:39.786+0000] {logging_mixin.py:188} INFO - [2026-09-16T16:36:39.785+0000] {dag.py:3954} INFO - Setting next_dagrun for save_data to None, run_after=None
[2026-09-16T16:36:39.803+0000] {processor.py:183} INFO - Processing /opt/airflow/dags/stoke_dag.py took 0.075 seconds
[2026-09-16T16:37:10.128+0000] {processor.py:161} INFO - Started process (PID=1269) to work on /opt/airflow/dags/stoke_dag.py
[2026-09-16T16:37:10.130+0000] {processor.py:830} INFO - Processing file /opt/airflow/dags/stoke_dag.py for tasks to queue
[2026-09-16T16:37:10.131+0000] {logging_mixin.py:188} INFO - [2026-09-16T16:37:10.131+0000] {dagbag.py:545} INFO - Filling up the DagBag from /opt/airflow/dags/stoke_dag.py
[2026-09-16T16:37:10.156+0000] {processor.py:840} INFO - DAG(s) 'save_data' retrieved from /opt/airflow/dags/stoke_dag.py
[2026-09-16T16:37:10.184+0000] {logging_mixin.py:188} INFO - [2026-09-16T16:37:10.183+0000] {dag.py:3096} INFO - Sync 1 DAGs
[2026-09-16T16:37:10.200+0000] {logging_mixin.py:188} INFO - [2026-09-16T16:37:10.199+0000] {dag.py:3954} INFO - Setting next_dagrun for save_data to None, run_after=None
[2026-09-16T16:37:10.225+0000] {processor.py:183} INFO - Processing /opt/airflow/dags/stoke_dag.py took 0.102 seconds
[2026-09-16T16:37:40.564+0000] {processor.py:161} INFO - Started process (PID=1278) to work on /opt/airflow/dags/stoke_dag.py
[2026-09-16T16:37:40.565+0000] {processor.py:830} INFO - Processing file /opt/airflow/dags/stoke_dag.py for tasks to queue
[2026-09-16T16:37:40.568+0000] {logging_mixin.py:188} INFO - [2026-09-16T16:37:40.567+0000] {dagbag.py:545} INFO - Filling up the DagBag from /opt/airflow/dags/stoke_dag.py
[2026-09-16T16:37:40.595+0000] {processor.py:840} INFO - DAG(s) 'save_data' retrieved from /opt/airflow/dags/stoke_dag.py
[2026-09-16T16:37:40.616+0000] {logging_mixin.py:188} INFO - [2026-09-16T16:37:40.616+0000] {dag.py:3096} INFO - Sync 1 DAGs
[2026-09-16T16:37:40.627+0000] {logging_mixin.py:188} INFO - [2026-09-16T16:37:40.627+0000] {dag.py:3954} INFO - Setting next_dagrun for save_data to None, run_after=None
[2026-09-16T16:37:40.652+0000] {processor.py:183} INFO - Processing /opt/airflow/dags/stoke_dag.py took 0.094 seconds
[2026-09-16T16:38:10.998+0000] {processor.py:161} INFO - Started process (PID=1287) to work on /opt/airflow/dags/stoke_dag.py
[2026-09-16T16:38:10.999+0000] {processor.py:830} INFO - Processing file /opt/airflow/dags/stoke_dag.py for tasks to queue
[2026-09-16T16:38:11.001+0000] {logging_mixin.py:188} INFO - [2026-09-16T16:38:11.000+0000] {dagbag.py:545} INFO - Filling up the DagBag from /opt/airflow/dags/stoke_dag.py
[2026-09-16T16:38:11.015+0000] {processor.py:840} INFO - DAG(s) 'save_data' retrieved from /opt/airflow/dags/stoke_dag.py
[2026-09-16T16:38:11.034+0000] {logging_mixin.py:188} INFO - [2026-09-16T16:38:11.033+0000] {dag.py:3096} INFO - Sync 1 DAGs
[2026-09-16T16:38:11.043+0000] {logging_mixin.py:188} INFO - [2026-09-16T16:38:11.043+0000] {dag.py:3954} INFO - Setting next_dagrun for save_data to None, run_after=None
[2026-09-16T16:38:11.061+0000] {processor.py:183} INFO - Processing /opt/airflow/dags/stoke_dag.py took 0.070 seconds
[2026-09-16T16:38:41.371+0000] {processor.py:161} INFO - Started process (PID=1296) to work on /opt/airflow/dags/stoke_dag.py
[2026-09-16T16:38:41.373+0000] {processor.py:830} INFO - Processing file /opt/airflow/dags/stoke_dag.py for tasks to queue
[2026-09-16T16:38:41.375+0000] {logging_mixin.py:188} INFO - [2026-09-16T16:38:41.375+0000] {dagbag.py:545} INFO - Filling up the DagBag from /opt/airflow/dags/stoke_dag.py
[2026-09-16T16:38:41.389+0000] {processor.py:840} INFO - DAG(s) 'save_data' retrieved from /opt/airflow/dags/stoke_dag.py
[2026-09-16T16:38:41.407+0000] {logging_mixin.py:188} INFO - [2026-09-16T16:38:41.407+0000] {dag.py:3096} INFO - Sync 1 DAGs
[2026-09-16T16:38:41.417+0000] {logging_mixin.py:188} INFO - [2026-09-16T16:38:41.417+0000] {dag.py:3954} INFO - Setting next_dagrun for save_data to None, run_after=None
[2026-09-16T16:38:41.435+0000] {processor.py:183} INFO - Processing /opt/airflow/dags/stoke_dag.py took 0.069 seconds
[2026-09-16T16:39:11.740+0000] {processor.py:161} INFO - Started process (PID=1305) to work on /opt/airflow/dags/stoke_dag.py
[2026-09-16T16:39:11.742+0000] {processor.py:830} INFO - Processing file /opt/airflow/dags/stoke_dag.py for tasks to queue
[2026-09-16T16:39:11.744+0000] {logging_mixin.py:188} INFO - [2026-09-16T16:39:11.743+0000] {dagbag.py:545} INFO - Filling up the DagBag from /opt/airflow/dags/stoke_dag.py
[2026-09-16T16:39:11.764+0000] {processor.py:840} INFO - DAG(s) 'save_data' retrieved from /opt/airflow/dags/stoke_dag.py
[2026-09-16T16:39:11.783+0000] {logging_mixin.py:188} INFO - [2026-09-16T16:39:11.783+0000] {dag.py:3096} INFO - Sync 1 DAGs
[2026-09-16T16:39:11.793+0000] {logging_mixin.py:188} INFO - [2026-09-16T16:39:11.793+0000] {dag.py:3954} INFO - Setting next_dagrun for save_data to None, run_after=None
[2026-09-16T16:39:11.814+0000] {processor.py:183} INFO - Processing /opt/airflow/dags/stoke_dag.py took 0.080 seconds
[2026-09-16T16:39:42.136+0000] {processor.py:161} INFO - Started process (PID=1314) to work on /opt/airflow/dags/stoke_dag.py
[2026-09-16T16:39:42.138+0000] {processor.py:830} INFO - Processing file /opt/airflow/dags/stoke_dag.py for tasks to queue
[2026-09-16T16:39:42.140+0000] {logging_mixin.py:188} INFO - [2026-09-16T16:39:42.140+0000] {dagbag.py:545} INFO - Filling up the DagBag from /opt/airflow/dags/stoke_dag.py
[2026-09-16T16:39:42.154+0000] {processor.py:840} INFO - DAG(s) 'save_data' retrieved from /opt/airflow/dags/stoke_dag.py
[2026-09-16T16:39:42.175+0000] {logging_mixin.py:188} INFO - [2026-09-16T16:39:42.175+0000] {dag.py:3096} INFO - Sync 1 DAGs
[2026-09-16T16:39:42.185+0000] {logging_mixin.py:188} INFO - [2026-09-16T16:39:42.185+0000] {dag.py:3954} INFO - Setting next_dagrun for save_data to None, run_after=None
[2026-09-16T16:39:42.204+0000] {processor.py:183} INFO - Processing /opt/airflow/dags/stoke_dag.py took 0.074 seconds
[2026-09-16T16:40:12.527+0000] {processor.py:161} INFO - Started process (PID=1323) to work on /opt/airflow/dags/stoke_dag.py
[2026-09-16T16:40:12.529+0000] {processor.py:830} INFO - Processing file /opt/airflow/dags/stoke_dag.py for tasks to queue
[2026-09-16T16:40:12.533+0000] {logging_mixin.py:188} INFO - [2026-09-16T16:40:12.532+0000] {dagbag.py:545} INFO - Filling up the DagBag from /opt/airflow/dags/stoke_dag.py
[2026-09-16T16:40:12.555+0000] {processor.py:840} INFO - DAG(s) 'save_data' retrieved from /opt/airflow/dags/stoke_dag.py
[2026-09-16T16:40:12.577+0000] {logging_mixin.py:188} INFO - [2026-09-16T16:40:12.576+0000] {dag.py:3096} INFO - Sync 1 DAGs
[2026-09-16T16:40:12.587+0000] {logging_mixin.py:188} INFO - [2026-09-16T16:40:12.587+0000] {dag.py:3954} INFO - Setting next_dagrun for save_data to None, run_after=None
[2026-09-16T16:40:12.609+0000] {processor.py:183} INFO - Processing /opt/airflow/dags/stoke_dag.py took 0.087 seconds
[2026-09-16T16:40:42.902+0000] {processor.py:161} INFO - Started process (PID=1332) to work on /opt/airflow/dags/stoke_dag.py
[2026-09-16T16:40:42.904+0000] {processor.py:830} INFO - Processing file /opt/airflow/dags/stoke_dag.py for tasks to queue
[2026-09-16T16:40:42.905+0000] {logging_mixin.py:188} INFO - [2026-09-16T16:40:42.905+0000] {dagbag.py:545} INFO - Filling up the DagBag from /opt/airflow/dags/stoke_dag.py
[2026-09-16T16:40:42.920+0000] {processor.py:840} INFO - DAG(s) 'save_data' retrieved from /opt/airflow/dags/stoke_dag.py
[2026-09-16T16:40:42.938+0000] {logging_mixin.py:188} INFO - [2026-09-16T16:40:42.938+0000] {dag.py:3096} INFO - Sync 1 DAGs
[2026-09-16T16:40:42.948+0000] {logging_mixin.py:188} INFO - [2026-09-16T16:40:42.948+0000] {dag.py:3954} INFO - Setting next_dagrun for save_data to None, run_after=None
[2026-09-16T16:40:42.965+0000] {processor.py:183} INFO - Processing /opt/airflow/dags/stoke_dag.py took 0.068 seconds
[2026-09-16T16:41:13.263+0000] {processor.py:161} INFO - Started process (PID=1341) to work on /opt/airflow/dags/stoke_dag.py
[2026-09-16T16:41:13.265+0000] {processor.py:830} INFO - Processing file /opt/airflow/dags/stoke_dag.py for tasks to queue
[2026-09-16T16:41:13.267+0000] {logging_mixin.py:188} INFO - [2026-09-16T16:41:13.266+0000] {dagbag.py:545} INFO - Filling up the DagBag from /opt/airflow/dags/stoke_dag.py
[2026-09-16T16:41:13.287+0000] {processor.py:840} INFO - DAG(s) 'save_data' retrieved from /opt/airflow/dags/stoke_dag.py
[2026-09-16T16:41:13.312+0000] {logging_mixin.py:188} INFO - [2026-09-16T16:41:13.312+0000] {dag.py:3096} INFO - Sync 1 DAGs
[2026-09-16T16:41:13.327+0000] {logging_mixin.py:188} INFO - [2026-09-16T16:41:13.327+0000] {dag.py:3954} INFO - Setting next_dagrun for save_data to None, run_after=None
[2026-09-16T16:41:13.347+0000] {processor.py:183} INFO - Processing /opt/airflow/dags/stoke_dag.py took 0.090 seconds
[2026-09-16T16:41:43.648+0000] {processor.py:161} INFO - Started process (PID=1350) to work on /opt/airflow/dags/stoke_dag.py
[2026-09-16T16:41:43.650+0000] {processor.py:830} INFO - Processing file /opt/airflow/dags/stoke_dag.py for tasks to queue
[2026-09-16T16:41:43.652+0000] {logging_mixin.py:188} INFO - [2026-09-16T16:41:43.652+0000] {dagbag.py:545} INFO - Filling up the DagBag from /opt/airflow/dags/stoke_dag.py
[2026-09-16T16:41:43.667+0000] {processor.py:840} INFO - DAG(s) 'save_data' retrieved from /opt/airflow/dags/stoke_dag.py
[2026-09-16T16:41:43.688+0000] {logging_mixin.py:188} INFO - [2026-09-16T16:41:43.687+0000] {dag.py:3096} INFO - Sync 1 DAGs
[2026-09-16T16:41:43.699+0000] {logging_mixin.py:188} INFO - [2026-09-16T16:41:43.699+0000] {dag.py:3954} INFO - Setting next_dagrun for save_data to None, run_after=None
[2026-09-16T16:41:43.717+0000] {processor.py:183} INFO - Processing /opt/airflow/dags/stoke_dag.py took 0.076 seconds
[2026-09-16T16:42:14.014+0000] {processor.py:161} INFO - Started process (PID=1359) to work on /opt/airflow/dags/stoke_dag.py
[2026-09-16T16:42:14.016+0000] {processor.py:830} INFO - Processing file /opt/airflow/dags/stoke_dag.py for tasks to queue
[2026-09-16T16:42:14.020+0000] {logging_mixin.py:188} INFO - [2026-09-16T16:42:14.019+0000] {dagbag.py:545} INFO - Filling up the DagBag from /opt/airflow/dags/stoke_dag.py
[2026-09-16T16:42:14.041+0000] {processor.py:840} INFO - DAG(s) 'save_data' retrieved from /opt/airflow/dags/stoke_dag.py
[2026-09-16T16:42:14.066+0000] {logging_mixin.py:188} INFO - [2026-09-16T16:42:14.066+0000] {dag.py:3096} INFO - Sync 1 DAGs
[2026-09-16T16:42:14.076+0000] {logging_mixin.py:188} INFO - [2026-09-16T16:42:14.076+0000] {dag.py:3954} INFO - Setting next_dagrun for save_data to None, run_after=None
[2026-09-16T16:42:14.094+0000] {processor.py:183} INFO - Processing /opt/airflow/dags/stoke_dag.py took 0.088 seconds
[2026-09-16T16:42:44.391+0000] {processor.py:161} INFO - Started process (PID=1368) to work on /opt/airflow/dags/stoke_dag.py
[2026-09-16T16:42:44.392+0000] {processor.py:830} INFO - Processing file /opt/airflow/dags/stoke_dag.py for tasks to queue
[2026-09-16T16:42:44.395+0000] {logging_mixin.py:188} INFO - [2026-09-16T16:42:44.395+0000] {dagbag.py:545} INFO - Filling up the DagBag from /opt/airflow/dags/stoke_dag.py
[2026-09-16T16:42:44.416+0000] {processor.py:840} INFO - DAG(s) 'save_data' retrieved from /opt/airflow/dags/stoke_dag.py
[2026-09-16T16:42:44.446+0000] {logging_mixin.py:188} INFO - [2026-09-16T16:42:44.445+0000] {dag.py:3096} INFO - Sync 1 DAGs
[2026-09-16T16:42:44.461+0000] {logging_mixin.py:188} INFO - [2026-09-16T16:42:44.461+0000] {dag.py:3954} INFO - Setting next_dagrun for save_data to None, run_after=None
[2026-09-16T16:42:44.487+0000] {processor.py:183} INFO - Processing /opt/airflow/dags/stoke_dag.py took 0.106 seconds
[2026-09-16T16:43:14.841+0000] {processor.py:161} INFO - Started process (PID=1377) to work on /opt/airflow/dags/stoke_dag.py
[2026-09-16T16:43:14.843+0000] {processor.py:830} INFO - Processing file /opt/airflow/dags/stoke_dag.py for tasks to queue
[2026-09-16T16:43:14.845+0000] {logging_mixin.py:188} INFO - [2026-09-16T16:43:14.844+0000] {dagbag.py:545} INFO - Filling up the DagBag from /opt/airflow/dags/stoke_dag.py
[2026-09-16T16:43:14.859+0000] {processor.py:840} INFO - DAG(s) 'save_data' retrieved from /opt/airflow/dags/stoke_dag.py
[2026-09-16T16:43:14.877+0000] {logging_mixin.py:188} INFO - [2026-09-16T16:43:14.877+0000] {dag.py:3096} INFO - Sync 1 DAGs
[2026-09-16T16:43:14.888+0000] {logging_mixin.py:188} INFO - [2026-09-16T16:43:14.888+0000] {dag.py:3954} INFO - Setting next_dagrun for save_data to None, run_after=None
[2026-09-16T16:43:14.906+0000] {processor.py:183} INFO - Processing /opt/airflow/dags/stoke_dag.py took 0.071 seconds
[2026-09-16T16:43:45.203+0000] {processor.py:161} INFO - Started process (PID=1385) to work on /opt/airflow/dags/stoke_dag.py
[2026-09-16T16:43:45.204+0000] {processor.py:830} INFO - Processing file /opt/airflow/dags/stoke_dag.py for tasks to queue
[2026-09-16T16:43:45.206+0000] {logging_mixin.py:188} INFO - [2026-09-16T16:43:45.206+0000] {dagbag.py:545} INFO - Filling up the DagBag from /opt/airflow/dags/stoke_dag.py
[2026-09-16T16:43:45.225+0000] {processor.py:840} INFO - DAG(s) 'save_data' retrieved from /opt/airflow/dags/stoke_dag.py
[2026-09-16T16:43:45.244+0000] {logging_mixin.py:188} INFO - [2026-09-16T16:43:45.243+0000] {dag.py:3096} INFO - Sync 1 DAGs
[2026-09-16T16:43:45.253+0000] {logging_mixin.py:188} INFO - [2026-09-16T16:43:45.253+0000] {dag.py:3954} INFO - Setting next_dagrun for save_data to None, run_after=None
[2026-09-16T16:43:45.270+0000] {processor.py:183} INFO - Processing /opt/airflow/dags/stoke_dag.py took 0.075 seconds
[2026-09-16T16:44:15.599+0000] {processor.py:161} INFO - Started process (PID=1394) to work on /opt/airflow/dags/stoke_dag.py
[2026-09-16T16:44:15.600+0000] {processor.py:830} INFO - Processing file /opt/airflow/dags/stoke_dag.py for tasks to queue
[2026-09-16T16:44:15.602+0000] {logging_mixin.py:188} INFO - [2026-09-16T16:44:15.602+0000] {dagbag.py:545} INFO - Filling up the DagBag from /opt/airflow/dags/stoke_dag.py
[2026-09-16T16:44:15.619+0000] {processor.py:840} INFO - DAG(s) 'save_data' retrieved from /opt/airflow/dags/stoke_dag.py
[2026-09-16T16:44:15.641+0000] {logging_mixin.py:188} INFO - [2026-09-16T16:44:15.640+0000] {dag.py:3096} INFO - Sync 1 DAGs
[2026-09-16T16:44:15.651+0000] {logging_mixin.py:188} INFO - [2026-09-16T16:44:15.651+0000] {dag.py:3954} INFO - Setting next_dagrun for save_data to None, run_after=None
[2026-09-16T16:44:15.672+0000] {processor.py:183} INFO - Processing /opt/airflow/dags/stoke_dag.py took 0.079 seconds
[2026-09-16T16:44:45.928+0000] {processor.py:161} INFO - Started process (PID=1401) to work on /opt/airflow/dags/stoke_dag.py
[2026-09-16T16:44:45.929+0000] {processor.py:830} INFO - Processing file /opt/airflow/dags/stoke_dag.py for tasks to queue
[2026-09-16T16:44:45.931+0000] {logging_mixin.py:188} INFO - [2026-09-16T16:44:45.931+0000] {dagbag.py:545} INFO - Filling up the DagBag from /opt/airflow/dags/stoke_dag.py
[2026-09-16T16:44:45.950+0000] {processor.py:840} INFO - DAG(s) 'save_data' retrieved from /opt/airflow/dags/stoke_dag.py
[2026-09-16T16:44:45.981+0000] {logging_mixin.py:188} INFO - [2026-09-16T16:44:45.981+0000] {dag.py:3096} INFO - Sync 1 DAGs
[2026-09-16T16:44:45.999+0000] {logging_mixin.py:188} INFO - [2026-09-16T16:44:45.999+0000] {dag.py:3954} INFO - Setting next_dagrun for save_data to None, run_after=None
[2026-09-16T16:44:46.025+0000] {processor.py:183} INFO - Processing /opt/airflow/dags/stoke_dag.py took 0.105 seconds
[2026-09-16T16:45:16.353+0000] {processor.py:161} INFO - Started process (PID=1410) to work on /opt/airflow/dags/stoke_dag.py
[2026-09-16T16:45:16.355+0000] {processor.py:830} INFO - Processing file /opt/airflow/dags/stoke_dag.py for tasks to queue
[2026-09-16T16:45:16.356+0000] {logging_mixin.py:188} INFO - [2026-09-16T16:45:16.356+0000] {dagbag.py:545} INFO - Filling up the DagBag from /opt/airflow/dags/stoke_dag.py
[2026-09-16T16:45:16.369+0000] {processor.py:840} INFO - DAG(s) 'save_data' retrieved from /opt/airflow/dags/stoke_dag.py
[2026-09-16T16:45:16.390+0000] {logging_mixin.py:188} INFO - [2026-09-16T16:45:16.389+0000] {dag.py:3096} INFO - Sync 1 DAGs
[2026-09-16T16:45:16.401+0000] {logging_mixin.py:188} INFO - [2026-09-16T16:45:16.401+0000] {dag.py:3954} INFO - Setting next_dagrun for save_data to None, run_after=None
[2026-09-16T16:45:16.421+0000] {processor.py:183} INFO - Processing /opt/airflow/dags/stoke_dag.py took 0.073 seconds
[2026-09-16T16:45:46.792+0000] {processor.py:161} INFO - Started process (PID=1419) to work on /opt/airflow/dags/stoke_dag.py
[2026-09-16T16:45:46.794+0000] {processor.py:830} INFO - Processing file /opt/airflow/dags/stoke_dag.py for tasks to queue
[2026-09-16T16:45:46.798+0000] {logging_mixin.py:188} INFO - [2026-09-16T16:45:46.798+0000] {dagbag.py:545} INFO - Filling up the DagBag from /opt/airflow/dags/stoke_dag.py
[2026-09-16T16:45:46.819+0000] {processor.py:840} INFO - DAG(s) 'save_data' retrieved from /opt/airflow/dags/stoke_dag.py
[2026-09-16T16:45:46.838+0000] {logging_mixin.py:188} INFO - [2026-09-16T16:45:46.838+0000] {dag.py:3096} INFO - Sync 1 DAGs
[2026-09-16T16:45:46.848+0000] {logging_mixin.py:188} INFO - [2026-09-16T16:45:46.848+0000] {dag.py:3954} INFO - Setting next_dagrun for save_data to None, run_after=None
[2026-09-16T16:45:46.866+0000] {processor.py:183} INFO - Processing /opt/airflow/dags/stoke_dag.py took 0.080 seconds
[2026-09-16T16:46:17.215+0000] {processor.py:161} INFO - Started process (PID=1428) to work on /opt/airflow/dags/stoke_dag.py
[2026-09-16T16:46:17.217+0000] {processor.py:830} INFO - Processing file /opt/airflow/dags/stoke_dag.py for tasks to queue
[2026-09-16T16:46:17.219+0000] {logging_mixin.py:188} INFO - [2026-09-16T16:46:17.218+0000] {dagbag.py:545} INFO - Filling up the DagBag from /opt/airflow/dags/stoke_dag.py
[2026-09-16T16:46:17.233+0000] {processor.py:840} INFO - DAG(s) 'save_data' retrieved from /opt/airflow/dags/stoke_dag.py
[2026-09-16T16:46:17.252+0000] {logging_mixin.py:188} INFO - [2026-09-16T16:46:17.251+0000] {dag.py:3096} INFO - Sync 1 DAGs
[2026-09-16T16:46:17.262+0000] {logging_mixin.py:188} INFO - [2026-09-16T16:46:17.261+0000] {dag.py:3954} INFO - Setting next_dagrun for save_data to None, run_after=None
[2026-09-16T16:46:17.288+0000] {processor.py:183} INFO - Processing /opt/airflow/dags/stoke_dag.py took 0.079 seconds
[2026-09-16T16:46:47.598+0000] {processor.py:161} INFO - Started process (PID=1437) to work on /opt/airflow/dags/stoke_dag.py
[2026-09-16T16:46:47.600+0000] {processor.py:830} INFO - Processing file /opt/airflow/dags/stoke_dag.py for tasks to queue
[2026-09-16T16:46:47.602+0000] {logging_mixin.py:188} INFO - [2026-09-16T16:46:47.602+0000] {dagbag.py:545} INFO - Filling up the DagBag from /opt/airflow/dags/stoke_dag.py
[2026-09-16T16:46:47.621+0000] {processor.py:840} INFO - DAG(s) 'save_data' retrieved from /opt/airflow/dags/stoke_dag.py
[2026-09-16T16:46:47.644+0000] {logging_mixin.py:188} INFO - [2026-09-16T16:46:47.643+0000] {dag.py:3096} INFO - Sync 1 DAGs
[2026-09-16T16:46:47.655+0000] {logging_mixin.py:188} INFO - [2026-09-16T16:46:47.655+0000] {dag.py:3954} INFO - Setting next_dagrun for save_data to None, run_after=None
[2026-09-16T16:46:47.674+0000] {processor.py:183} INFO - Processing /opt/airflow/dags/stoke_dag.py took 0.083 seconds
[2026-09-16T16:47:18.004+0000] {processor.py:161} INFO - Started process (PID=1452) to work on /opt/airflow/dags/stoke_dag.py
[2026-09-16T16:47:18.006+0000] {processor.py:830} INFO - Processing file /opt/airflow/dags/stoke_dag.py for tasks to queue
[2026-09-16T16:47:18.009+0000] {logging_mixin.py:188} INFO - [2026-09-16T16:47:18.008+0000] {dagbag.py:545} INFO - Filling up the DagBag from /opt/airflow/dags/stoke_dag.py
[2026-09-16T16:47:18.024+0000] {processor.py:840} INFO - DAG(s) 'save_data' retrieved from /opt/airflow/dags/stoke_dag.py
[2026-09-16T16:47:18.044+0000] {logging_mixin.py:188} INFO - [2026-09-16T16:47:18.044+0000] {dag.py:3096} INFO - Sync 1 DAGs
[2026-09-16T16:47:18.057+0000] {logging_mixin.py:188} INFO - [2026-09-16T16:47:18.057+0000] {dag.py:3954} INFO - Setting next_dagrun for save_data to None, run_after=None
[2026-09-16T16:47:18.085+0000] {processor.py:183} INFO - Processing /opt/airflow/dags/stoke_dag.py took 0.087 seconds
[2026-09-16T16:47:48.439+0000] {processor.py:161} INFO - Started process (PID=1461) to work on /opt/airflow/dags/stoke_dag.py
[2026-09-16T16:47:48.441+0000] {processor.py:830} INFO - Processing file /opt/airflow/dags/stoke_dag.py for tasks to queue
[2026-09-16T16:47:48.442+0000] {logging_mixin.py:188} INFO - [2026-09-16T16:47:48.442+0000] {dagbag.py:545} INFO - Filling up the DagBag from /opt/airflow/dags/stoke_dag.py
[2026-09-16T16:47:48.464+0000] {processor.py:840} INFO - DAG(s) 'save_data' retrieved from /opt/airflow/dags/stoke_dag.py
[2026-09-16T16:47:48.486+0000] {logging_mixin.py:188} INFO - [2026-09-16T16:47:48.486+0000] {dag.py:3096} INFO - Sync 1 DAGs
[2026-09-16T16:47:48.497+0000] {logging_mixin.py:188} INFO - [2026-09-16T16:47:48.497+0000] {dag.py:3954} INFO - Setting next_dagrun for save_data to None, run_after=None
[2026-09-16T16:47:48.523+0000] {processor.py:183} INFO - Processing /opt/airflow/dags/stoke_dag.py took 0.091 seconds
[2026-09-16T16:48:18.857+0000] {processor.py:161} INFO - Started process (PID=1470) to work on /opt/airflow/dags/stoke_dag.py
[2026-09-16T16:48:18.858+0000] {processor.py:830} INFO - Processing file /opt/airflow/dags/stoke_dag.py for tasks to queue
[2026-09-16T16:48:18.860+0000] {logging_mixin.py:188} INFO - [2026-09-16T16:48:18.860+0000] {dagbag.py:545} INFO - Filling up the DagBag from /opt/airflow/dags/stoke_dag.py
[2026-09-16T16:48:18.875+0000] {processor.py:840} INFO - DAG(s) 'save_data' retrieved from /opt/airflow/dags/stoke_dag.py
[2026-09-16T16:48:18.895+0000] {logging_mixin.py:188} INFO - [2026-09-16T16:48:18.895+0000] {dag.py:3096} INFO - Sync 1 DAGs
[2026-09-16T16:48:18.905+0000] {logging_mixin.py:188} INFO - [2026-09-16T16:48:18.904+0000] {dag.py:3954} INFO - Setting next_dagrun for save_data to None, run_after=None
[2026-09-16T16:48:18.923+0000] {processor.py:183} INFO - Processing /opt/airflow/dags/stoke_dag.py took 0.072 seconds
[2026-09-16T16:48:49.269+0000] {processor.py:161} INFO - Started process (PID=1479) to work on /opt/airflow/dags/stoke_dag.py
[2026-09-16T16:48:49.270+0000] {processor.py:830} INFO - Processing file /opt/airflow/dags/stoke_dag.py for tasks to queue
[2026-09-16T16:48:49.273+0000] {logging_mixin.py:188} INFO - [2026-09-16T16:48:49.273+0000] {dagbag.py:545} INFO - Filling up the DagBag from /opt/airflow/dags/stoke_dag.py
[2026-09-16T16:48:49.294+0000] {processor.py:840} INFO - DAG(s) 'save_data' retrieved from /opt/airflow/dags/stoke_dag.py
[2026-09-16T16:48:49.315+0000] {logging_mixin.py:188} INFO - [2026-09-16T16:48:49.315+0000] {dag.py:3096} INFO - Sync 1 DAGs
[2026-09-16T16:48:49.325+0000] {logging_mixin.py:188} INFO - [2026-09-16T16:48:49.325+0000] {dag.py:3954} INFO - Setting next_dagrun for save_data to None, run_after=None
[2026-09-16T16:48:49.346+0000] {processor.py:183} INFO - Processing /opt/airflow/dags/stoke_dag.py took 0.084 seconds
[2026-09-16T16:49:19.684+0000] {processor.py:161} INFO - Started process (PID=1488) to work on /opt/airflow/dags/stoke_dag.py
[2026-09-16T16:49:19.686+0000] {processor.py:830} INFO - Processing file /opt/airflow/dags/stoke_dag.py for tasks to queue
[2026-09-16T16:49:19.689+0000] {logging_mixin.py:188} INFO - [2026-09-16T16:49:19.688+0000] {dagbag.py:545} INFO - Filling up the DagBag from /opt/airflow/dags/stoke_dag.py
[2026-09-16T16:49:19.710+0000] {processor.py:840} INFO - DAG(s) 'save_data' retrieved from /opt/airflow/dags/stoke_dag.py
[2026-09-16T16:49:19.732+0000] {logging_mixin.py:188} INFO - [2026-09-16T16:49:19.732+0000] {dag.py:3096} INFO - Sync 1 DAGs
[2026-09-16T16:49:19.743+0000] {logging_mixin.py:188} INFO - [2026-09-16T16:49:19.742+0000] {dag.py:3954} INFO - Setting next_dagrun for save_data to None, run_after=None
[2026-09-16T16:49:19.762+0000] {processor.py:183} INFO - Processing /opt/airflow/dags/stoke_dag.py took 0.083 seconds
[2026-09-16T16:49:50.125+0000] {processor.py:161} INFO - Started process (PID=1497) to work on /opt/airflow/dags/stoke_dag.py
[2026-09-16T16:49:50.127+0000] {processor.py:830} INFO - Processing file /opt/airflow/dags/stoke_dag.py for tasks to queue
[2026-09-16T16:49:50.130+0000] {logging_mixin.py:188} INFO - [2026-09-16T16:49:50.129+0000] {dagbag.py:545} INFO - Filling up the DagBag from /opt/airflow/dags/stoke_dag.py
[2026-09-16T16:49:50.155+0000] {processor.py:840} INFO - DAG(s) 'save_data' retrieved from /opt/airflow/dags/stoke_dag.py
[2026-09-16T16:49:50.174+0000] {logging_mixin.py:188} INFO - [2026-09-16T16:49:50.174+0000] {dag.py:3096} INFO - Sync 1 DAGs
[2026-09-16T16:49:50.185+0000] {logging_mixin.py:188} INFO - [2026-09-16T16:49:50.185+0000] {dag.py:3954} INFO - Setting next_dagrun for save_data to None, run_after=None
[2026-09-16T16:49:50.206+0000] {processor.py:183} INFO - Processing /opt/airflow/dags/stoke_dag.py took 0.088 seconds
[2026-09-16T16:50:20.523+0000] {processor.py:161} INFO - Started process (PID=1506) to work on /opt/airflow/dags/stoke_dag.py
[2026-09-16T16:50:20.524+0000] {processor.py:830} INFO - Processing file /opt/airflow/dags/stoke_dag.py for tasks to queue
[2026-09-16T16:50:20.526+0000] {logging_mixin.py:188} INFO - [2026-09-16T16:50:20.526+0000] {dagbag.py:545} INFO - Filling up the DagBag from /opt/airflow/dags/stoke_dag.py
[2026-09-16T16:50:20.540+0000] {processor.py:840} INFO - DAG(s) 'save_data' retrieved from /opt/airflow/dags/stoke_dag.py
[2026-09-16T16:50:20.561+0000] {logging_mixin.py:188} INFO - [2026-09-16T16:50:20.561+0000] {dag.py:3096} INFO - Sync 1 DAGs
[2026-09-16T16:50:20.571+0000] {logging_mixin.py:188} INFO - [2026-09-16T16:50:20.571+0000] {dag.py:3954} INFO - Setting next_dagrun for save_data to None, run_after=None
[2026-09-16T16:50:20.589+0000] {processor.py:183} INFO - Processing /opt/airflow/dags/stoke_dag.py took 0.072 seconds
[2026-09-16T16:50:50.966+0000] {processor.py:161} INFO - Started process (PID=1515) to work on /opt/airflow/dags/stoke_dag.py
[2026-09-16T16:50:50.967+0000] {processor.py:830} INFO - Processing file /opt/airflow/dags/stoke_dag.py for tasks to queue
[2026-09-16T16:50:50.969+0000] {logging_mixin.py:188} INFO - [2026-09-16T16:50:50.969+0000] {dagbag.py:545} INFO - Filling up the DagBag from /opt/airflow/dags/stoke_dag.py
[2026-09-16T16:50:50.984+0000] {processor.py:840} INFO - DAG(s) 'save_data' retrieved from /opt/airflow/dags/stoke_dag.py
[2026-09-16T16:50:51.003+0000] {logging_mixin.py:188} INFO - [2026-09-16T16:50:51.003+0000] {dag.py:3096} INFO - Sync 1 DAGs
[2026-09-16T16:50:51.013+0000] {logging_mixin.py:188} INFO - [2026-09-16T16:50:51.013+0000] {dag.py:3954} INFO - Setting next_dagrun for save_data to None, run_after=None
[2026-09-16T16:50:51.030+0000] {processor.py:183} INFO - Processing /opt/airflow/dags/stoke_dag.py took 0.070 seconds
[2026-09-16T16:51:21.342+0000] {processor.py:161} INFO - Started process (PID=1524) to work on /opt/airflow/dags/stoke_dag.py
[2026-09-16T16:51:21.343+0000] {processor.py:830} INFO - Processing file /opt/airflow/dags/stoke_dag.py for tasks to queue
[2026-09-16T16:51:21.345+0000] {logging_mixin.py:188} INFO - [2026-09-16T16:51:21.345+0000] {dagbag.py:545} INFO - Filling up the DagBag from /opt/airflow/dags/stoke_dag.py
[2026-09-16T16:51:21.362+0000] {processor.py:840} INFO - DAG(s) 'save_data' retrieved from /opt/airflow/dags/stoke_dag.py
[2026-09-16T16:51:21.382+0000] {logging_mixin.py:188} INFO - [2026-09-16T16:51:21.382+0000] {dag.py:3096} INFO - Sync 1 DAGs
[2026-09-16T16:51:21.392+0000] {logging_mixin.py:188} INFO - [2026-09-16T16:51:21.392+0000] {dag.py:3954} INFO - Setting next_dagrun for save_data to None, run_after=None
[2026-09-16T16:51:21.410+0000] {processor.py:183} INFO - Processing /opt/airflow/dags/stoke_dag.py took 0.074 seconds
[2026-09-16T16:51:51.744+0000] {processor.py:161} INFO - Started process (PID=1533) to work on /opt/airflow/dags/stoke_dag.py
[2026-09-16T16:51:51.745+0000] {processor.py:830} INFO - Processing file /opt/airflow/dags/stoke_dag.py for tasks to queue
[2026-09-16T16:51:51.747+0000] {logging_mixin.py:188} INFO - [2026-09-16T16:51:51.747+0000] {dagbag.py:545} INFO - Filling up the DagBag from /opt/airflow/dags/stoke_dag.py
[2026-09-16T16:51:51.767+0000] {processor.py:840} INFO - DAG(s) 'save_data' retrieved from /opt/airflow/dags/stoke_dag.py
[2026-09-16T16:51:51.787+0000] {logging_mixin.py:188} INFO - [2026-09-16T16:51:51.787+0000] {dag.py:3096} INFO - Sync 1 DAGs
[2026-09-16T16:51:51.798+0000] {logging_mixin.py:188} INFO - [2026-09-16T16:51:51.798+0000] {dag.py:3954} INFO - Setting next_dagrun for save_data to None, run_after=None
[2026-09-16T16:51:51.818+0000] {processor.py:183} INFO - Processing /opt/airflow/dags/stoke_dag.py took 0.080 seconds
[2026-09-16T16:52:22.173+0000] {processor.py:161} INFO - Started process (PID=1542) to work on /opt/airflow/dags/stoke_dag.py
[2026-09-16T16:52:22.175+0000] {processor.py:830} INFO - Processing file /opt/airflow/dags/stoke_dag.py for tasks to queue
[2026-09-16T16:52:22.176+0000] {logging_mixin.py:188} INFO - [2026-09-16T16:52:22.176+0000] {dagbag.py:545} INFO - Filling up the DagBag from /opt/airflow/dags/stoke_dag.py
[2026-09-16T16:52:22.191+0000] {processor.py:840} INFO - DAG(s) 'save_data' retrieved from /opt/airflow/dags/stoke_dag.py
[2026-09-16T16:52:22.211+0000] {logging_mixin.py:188} INFO - [2026-09-16T16:52:22.211+0000] {dag.py:3096} INFO - Sync 1 DAGs
[2026-09-16T16:52:22.222+0000] {logging_mixin.py:188} INFO - [2026-09-16T16:52:22.221+0000] {dag.py:3954} INFO - Setting next_dagrun for save_data to None, run_after=None
[2026-09-16T16:52:22.240+0000] {processor.py:183} INFO - Processing /opt/airflow/dags/stoke_dag.py took 0.072 seconds
[2026-09-16T16:52:52.563+0000] {processor.py:161} INFO - Started process (PID=1551) to work on /opt/airflow/dags/stoke_dag.py
[2026-09-16T16:52:52.565+0000] {processor.py:830} INFO - Processing file /opt/airflow/dags/stoke_dag.py for tasks to queue
[2026-09-16T16:52:52.566+0000] {logging_mixin.py:188} INFO - [2026-09-16T16:52:52.566+0000] {dagbag.py:545} INFO - Filling up the DagBag from /opt/airflow/dags/stoke_dag.py
[2026-09-16T16:52:52.581+0000] {processor.py:840} INFO - DAG(s) 'save_data' retrieved from /opt/airflow/dags/stoke_dag.py
[2026-09-16T16:52:52.602+0000] {logging_mixin.py:188} INFO - [2026-09-16T16:52:52.602+0000] {dag.py:3096} INFO - Sync 1 DAGs
[2026-09-16T16:52:52.612+0000] {logging_mixin.py:188} INFO - [2026-09-16T16:52:52.611+0000] {dag.py:3954} INFO - Setting next_dagrun for save_data to None, run_after=None
[2026-09-16T16:52:52.630+0000] {processor.py:183} INFO - Processing /opt/airflow/dags/stoke_dag.py took 0.072 seconds
[2026-09-16T16:53:22.911+0000] {processor.py:161} INFO - Started process (PID=1560) to work on /opt/airflow/dags/stoke_dag.py
[2026-09-16T16:53:22.913+0000] {processor.py:830} INFO - Processing file /opt/airflow/dags/stoke_dag.py for tasks to queue
[2026-09-16T16:53:22.916+0000] {logging_mixin.py:188} INFO - [2026-09-16T16:53:22.915+0000] {dagbag.py:545} INFO - Filling up the DagBag from /opt/airflow/dags/stoke_dag.py
[2026-09-16T16:53:22.942+0000] {processor.py:840} INFO - DAG(s) 'save_data' retrieved from /opt/airflow/dags/stoke_dag.py
[2026-09-16T16:53:22.974+0000] {logging_mixin.py:188} INFO - [2026-09-16T16:53:22.974+0000] {dag.py:3096} INFO - Sync 1 DAGs
[2026-09-16T16:53:22.990+0000] {logging_mixin.py:188} INFO - [2026-09-16T16:53:22.989+0000] {dag.py:3954} INFO - Setting next_dagrun for save_data to None, run_after=None
[2026-09-16T16:53:23.013+0000] {processor.py:183} INFO - Processing /opt/airflow/dags/stoke_dag.py took 0.111 seconds
[2026-09-16T16:53:53.355+0000] {processor.py:161} INFO - Started process (PID=1569) to work on /opt/airflow/dags/stoke_dag.py
[2026-09-16T16:53:53.356+0000] {processor.py:830} INFO - Processing file /opt/airflow/dags/stoke_dag.py for tasks to queue
[2026-09-16T16:53:53.359+0000] {logging_mixin.py:188} INFO - [2026-09-16T16:53:53.359+0000] {dagbag.py:545} INFO - Filling up the DagBag from /opt/airflow/dags/stoke_dag.py
[2026-09-16T16:53:53.376+0000] {processor.py:840} INFO - DAG(s) 'save_data' retrieved from /opt/airflow/dags/stoke_dag.py
[2026-09-16T16:53:53.396+0000] {logging_mixin.py:188} INFO - [2026-09-16T16:53:53.396+0000] {dag.py:3096} INFO - Sync 1 DAGs
[2026-09-16T16:53:53.406+0000] {logging_mixin.py:188} INFO - [2026-09-16T16:53:53.406+0000] {dag.py:3954} INFO - Setting next_dagrun for save_data to None, run_after=None
[2026-09-16T16:53:53.423+0000] {processor.py:183} INFO - Processing /opt/airflow/dags/stoke_dag.py took 0.075 seconds
[2026-09-16T16:54:23.723+0000] {processor.py:161} INFO - Started process (PID=1578) to work on /opt/airflow/dags/stoke_dag.py
[2026-09-16T16:54:23.724+0000] {processor.py:830} INFO - Processing file /opt/airflow/dags/stoke_dag.py for tasks to queue
[2026-09-16T16:54:23.726+0000] {logging_mixin.py:188} INFO - [2026-09-16T16:54:23.726+0000] {dagbag.py:545} INFO - Filling up the DagBag from /opt/airflow/dags/stoke_dag.py
[2026-09-16T16:54:23.744+0000] {processor.py:840} INFO - DAG(s) 'save_data' retrieved from /opt/airflow/dags/stoke_dag.py
[2026-09-16T16:54:23.769+0000] {logging_mixin.py:188} INFO - [2026-09-16T16:54:23.768+0000] {dag.py:3096} INFO - Sync 1 DAGs
[2026-09-16T16:54:23.782+0000] {logging_mixin.py:188} INFO - [2026-09-16T16:54:23.782+0000] {dag.py:3954} INFO - Setting next_dagrun for save_data to None, run_after=None
[2026-09-16T16:54:23.807+0000] {processor.py:183} INFO - Processing /opt/airflow/dags/stoke_dag.py took 0.093 seconds
[2026-09-16T16:54:54.143+0000] {processor.py:161} INFO - Started process (PID=1587) to work on /opt/airflow/dags/stoke_dag.py
[2026-09-16T16:54:54.144+0000] {processor.py:830} INFO - Processing file /opt/airflow/dags/stoke_dag.py for tasks to queue
[2026-09-16T16:54:54.146+0000] {logging_mixin.py:188} INFO - [2026-09-16T16:54:54.146+0000] {dagbag.py:545} INFO - Filling up the DagBag from /opt/airflow/dags/stoke_dag.py
[2026-09-16T16:54:54.160+0000] {processor.py:840} INFO - DAG(s) 'save_data' retrieved from /opt/airflow/dags/stoke_dag.py
[2026-09-16T16:54:54.179+0000] {logging_mixin.py:188} INFO - [2026-09-16T16:54:54.178+0000] {dag.py:3096} INFO - Sync 1 DAGs
[2026-09-16T16:54:54.189+0000] {logging_mixin.py:188} INFO - [2026-09-16T16:54:54.189+0000] {dag.py:3954} INFO - Setting next_dagrun for save_data to None, run_after=None
[2026-09-16T16:54:54.207+0000] {processor.py:183} INFO - Processing /opt/airflow/dags/stoke_dag.py took 0.070 seconds
[2026-09-16T16:55:24.546+0000] {processor.py:161} INFO - Started process (PID=1596) to work on /opt/airflow/dags/stoke_dag.py
[2026-09-16T16:55:24.547+0000] {processor.py:830} INFO - Processing file /opt/airflow/dags/stoke_dag.py for tasks to queue
[2026-09-16T16:55:24.548+0000] {logging_mixin.py:188} INFO - [2026-09-16T16:55:24.548+0000] {dagbag.py:545} INFO - Filling up the DagBag from /opt/airflow/dags/stoke_dag.py
[2026-09-16T16:55:24.563+0000] {processor.py:840} INFO - DAG(s) 'save_data' retrieved from /opt/airflow/dags/stoke_dag.py
[2026-09-16T16:55:24.583+0000] {logging_mixin.py:188} INFO - [2026-09-16T16:55:24.583+0000] {dag.py:3096} INFO - Sync 1 DAGs
[2026-09-16T16:55:24.593+0000] {logging_mixin.py:188} INFO - [2026-09-16T16:55:24.592+0000] {dag.py:3954} INFO - Setting next_dagrun for save_data to None, run_after=None
[2026-09-16T16:55:24.610+0000] {processor.py:183} INFO - Processing /opt/airflow/dags/stoke_dag.py took 0.070 seconds
[2026-09-16T16:55:54.948+0000] {processor.py:161} INFO - Started process (PID=1605) to work on /opt/airflow/dags/stoke_dag.py
[2026-09-16T16:55:54.950+0000] {processor.py:830} INFO - Processing file /opt/airflow/dags/stoke_dag.py for tasks to queue
[2026-09-16T16:55:54.951+0000] {logging_mixin.py:188} INFO - [2026-09-16T16:55:54.951+0000] {dagbag.py:545} INFO - Filling up the DagBag from /opt/airflow/dags/stoke_dag.py
[2026-09-16T16:55:54.966+0000] {processor.py:840} INFO - DAG(s) 'save_data' retrieved from /opt/airflow/dags/stoke_dag.py
[2026-09-16T16:55:54.985+0000] {logging_mixin.py:188} INFO - [2026-09-16T16:55:54.984+0000] {dag.py:3096} INFO - Sync 1 DAGs
[2026-09-16T16:55:54.997+0000] {logging_mixin.py:188} INFO - [2026-09-16T16:55:54.997+0000] {dag.py:3954} INFO - Setting next_dagrun for save_data to None, run_after=None
[2026-09-16T16:55:55.013+0000] {processor.py:183} INFO - Processing /opt/airflow/dags/stoke_dag.py took 0.071 seconds
[2026-09-16T16:56:25.336+0000] {processor.py:161} INFO - Started process (PID=1614) to work on /opt/airflow/dags/stoke_dag.py
[2026-09-16T16:56:25.338+0000] {processor.py:830} INFO - Processing file /opt/airflow/dags/stoke_dag.py for tasks to queue
[2026-09-16T16:56:25.340+0000] {logging_mixin.py:188} INFO - [2026-09-16T16:56:25.340+0000] {dagbag.py:545} INFO - Filling up the DagBag from /opt/airflow/dags/stoke_dag.py
[2026-09-16T16:56:25.354+0000] {processor.py:840} INFO - DAG(s) 'save_data' retrieved from /opt/airflow/dags/stoke_dag.py
[2026-09-16T16:56:25.373+0000] {logging_mixin.py:188} INFO - [2026-09-16T16:56:25.372+0000] {dag.py:3096} INFO - Sync 1 DAGs
[2026-09-16T16:56:25.383+0000] {logging_mixin.py:188} INFO - [2026-09-16T16:56:25.383+0000] {dag.py:3954} INFO - Setting next_dagrun for save_data to None, run_after=None
[2026-09-16T16:56:25.401+0000] {processor.py:183} INFO - Processing /opt/airflow/dags/stoke_dag.py took 0.070 seconds
[2026-09-16T16:56:55.738+0000] {processor.py:161} INFO - Started process (PID=1623) to work on /opt/airflow/dags/stoke_dag.py
[2026-09-16T16:56:55.740+0000] {processor.py:830} INFO - Processing file /opt/airflow/dags/stoke_dag.py for tasks to queue
[2026-09-16T16:56:55.742+0000] {logging_mixin.py:188} INFO - [2026-09-16T16:56:55.742+0000] {dagbag.py:545} INFO - Filling up the DagBag from /opt/airflow/dags/stoke_dag.py
[2026-09-16T16:56:55.762+0000] {processor.py:840} INFO - DAG(s) 'save_data' retrieved from /opt/airflow/dags/stoke_dag.py
[2026-09-16T16:56:55.781+0000] {logging_mixin.py:188} INFO - [2026-09-16T16:56:55.781+0000] {dag.py:3096} INFO - Sync 1 DAGs
[2026-09-16T16:56:55.794+0000] {logging_mixin.py:188} INFO - [2026-09-16T16:56:55.793+0000] {dag.py:3954} INFO - Setting next_dagrun for save_data to None, run_after=None
[2026-09-16T16:56:55.811+0000] {processor.py:183} INFO - Processing /opt/airflow/dags/stoke_dag.py took 0.080 seconds
[2026-09-16T16:57:26.152+0000] {processor.py:161} INFO - Started process (PID=1632) to work on /opt/airflow/dags/stoke_dag.py
[2026-09-16T16:57:26.153+0000] {processor.py:830} INFO - Processing file /opt/airflow/dags/stoke_dag.py for tasks to queue
[2026-09-16T16:57:26.157+0000] {logging_mixin.py:188} INFO - [2026-09-16T16:57:26.156+0000] {dagbag.py:545} INFO - Filling up the DagBag from /opt/airflow/dags/stoke_dag.py
[2026-09-16T16:57:26.176+0000] {processor.py:840} INFO - DAG(s) 'save_data' retrieved from /opt/airflow/dags/stoke_dag.py
[2026-09-16T16:57:26.195+0000] {logging_mixin.py:188} INFO - [2026-09-16T16:57:26.194+0000] {dag.py:3096} INFO - Sync 1 DAGs
[2026-09-16T16:57:26.206+0000] {logging_mixin.py:188} INFO - [2026-09-16T16:57:26.205+0000] {dag.py:3954} INFO - Setting next_dagrun for save_data to None, run_after=None
[2026-09-16T16:57:26.225+0000] {processor.py:183} INFO - Processing /opt/airflow/dags/stoke_dag.py took 0.079 seconds
[2026-09-16T16:57:56.572+0000] {processor.py:161} INFO - Started process (PID=1641) to work on /opt/airflow/dags/stoke_dag.py
[2026-09-16T16:57:56.573+0000] {processor.py:830} INFO - Processing file /opt/airflow/dags/stoke_dag.py for tasks to queue
[2026-09-16T16:57:56.575+0000] {logging_mixin.py:188} INFO - [2026-09-16T16:57:56.575+0000] {dagbag.py:545} INFO - Filling up the DagBag from /opt/airflow/dags/stoke_dag.py
[2026-09-16T16:57:56.590+0000] {processor.py:840} INFO - DAG(s) 'save_data' retrieved from /opt/airflow/dags/stoke_dag.py
[2026-09-16T16:57:56.608+0000] {logging_mixin.py:188} INFO - [2026-09-16T16:57:56.608+0000] {dag.py:3096} INFO - Sync 1 DAGs
[2026-09-16T16:57:56.618+0000] {logging_mixin.py:188} INFO - [2026-09-16T16:57:56.618+0000] {dag.py:3954} INFO - Setting next_dagrun for save_data to None, run_after=None
[2026-09-16T16:57:56.635+0000] {processor.py:183} INFO - Processing /opt/airflow/dags/stoke_dag.py took 0.069 seconds
[2026-09-16T16:58:26.958+0000] {processor.py:161} INFO - Started process (PID=1650) to work on /opt/airflow/dags/stoke_dag.py
[2026-09-16T16:58:26.961+0000] {processor.py:830} INFO - Processing file /opt/airflow/dags/stoke_dag.py for tasks to queue
[2026-09-16T16:58:26.963+0000] {logging_mixin.py:188} INFO - [2026-09-16T16:58:26.963+0000] {dagbag.py:545} INFO - Filling up the DagBag from /opt/airflow/dags/stoke_dag.py
[2026-09-16T16:58:26.988+0000] {processor.py:840} INFO - DAG(s) 'save_data' retrieved from /opt/airflow/dags/stoke_dag.py
[2026-09-16T16:58:27.010+0000] {logging_mixin.py:188} INFO - [2026-09-16T16:58:27.009+0000] {dag.py:3096} INFO - Sync 1 DAGs
[2026-09-16T16:58:27.021+0000] {logging_mixin.py:188} INFO - [2026-09-16T16:58:27.020+0000] {dag.py:3954} INFO - Setting next_dagrun for save_data to None, run_after=None
[2026-09-16T16:58:27.043+0000] {processor.py:183} INFO - Processing /opt/airflow/dags/stoke_dag.py took 0.095 seconds
[2026-09-16T16:58:57.365+0000] {processor.py:161} INFO - Started process (PID=1659) to work on /opt/airflow/dags/stoke_dag.py
[2026-09-16T16:58:57.366+0000] {processor.py:830} INFO - Processing file /opt/airflow/dags/stoke_dag.py for tasks to queue
[2026-09-16T16:58:57.368+0000] {logging_mixin.py:188} INFO - [2026-09-16T16:58:57.367+0000] {dagbag.py:545} INFO - Filling up the DagBag from /opt/airflow/dags/stoke_dag.py
[2026-09-16T16:58:57.382+0000] {processor.py:840} INFO - DAG(s) 'save_data' retrieved from /opt/airflow/dags/stoke_dag.py
[2026-09-16T16:58:57.401+0000] {logging_mixin.py:188} INFO - [2026-09-16T16:58:57.401+0000] {dag.py:3096} INFO - Sync 1 DAGs
[2026-09-16T16:58:57.411+0000] {logging_mixin.py:188} INFO - [2026-09-16T16:58:57.411+0000] {dag.py:3954} INFO - Setting next_dagrun for save_data to None, run_after=None
[2026-09-16T16:58:57.429+0000] {processor.py:183} INFO - Processing /opt/airflow/dags/stoke_dag.py took 0.070 seconds
[2026-09-16T16:59:27.746+0000] {processor.py:161} INFO - Started process (PID=1668) to work on /opt/airflow/dags/stoke_dag.py
[2026-09-16T16:59:27.748+0000] {processor.py:830} INFO - Processing file /opt/airflow/dags/stoke_dag.py for tasks to queue
[2026-09-16T16:59:27.750+0000] {logging_mixin.py:188} INFO - [2026-09-16T16:59:27.749+0000] {dagbag.py:545} INFO - Filling up the DagBag from /opt/airflow/dags/stoke_dag.py
[2026-09-16T16:59:27.764+0000] {processor.py:840} INFO - DAG(s) 'save_data' retrieved from /opt/airflow/dags/stoke_dag.py
[2026-09-16T16:59:27.786+0000] {logging_mixin.py:188} INFO - [2026-09-16T16:59:27.786+0000] {dag.py:3096} INFO - Sync 1 DAGs
[2026-09-16T16:59:27.796+0000] {logging_mixin.py:188} INFO - [2026-09-16T16:59:27.796+0000] {dag.py:3954} INFO - Setting next_dagrun for save_data to None, run_after=None
[2026-09-16T16:59:27.812+0000] {processor.py:183} INFO - Processing /opt/airflow/dags/stoke_dag.py took 0.071 seconds
[2026-09-16T16:59:58.123+0000] {processor.py:161} INFO - Started process (PID=1677) to work on /opt/airflow/dags/stoke_dag.py
[2026-09-16T16:59:58.124+0000] {processor.py:830} INFO - Processing file /opt/airflow/dags/stoke_dag.py for tasks to queue
[2026-09-16T16:59:58.126+0000] {logging_mixin.py:188} INFO - [2026-09-16T16:59:58.126+0000] {dagbag.py:545} INFO - Filling up the DagBag from /opt/airflow/dags/stoke_dag.py
[2026-09-16T16:59:58.142+0000] {processor.py:840} INFO - DAG(s) 'save_data' retrieved from /opt/airflow/dags/stoke_dag.py
[2026-09-16T16:59:58.161+0000] {logging_mixin.py:188} INFO - [2026-09-16T16:59:58.160+0000] {dag.py:3096} INFO - Sync 1 DAGs
[2026-09-16T16:59:58.170+0000] {logging_mixin.py:188} INFO - [2026-09-16T16:59:58.170+0000] {dag.py:3954} INFO - Setting next_dagrun for save_data to None, run_after=None
[2026-09-16T16:59:58.188+0000] {processor.py:183} INFO - Processing /opt/airflow/dags/stoke_dag.py took 0.070 seconds
[2026-09-16T17:00:28.512+0000] {processor.py:161} INFO - Started process (PID=1686) to work on /opt/airflow/dags/stoke_dag.py
[2026-09-16T17:00:28.513+0000] {processor.py:830} INFO - Processing file /opt/airflow/dags/stoke_dag.py for tasks to queue
[2026-09-16T17:00:28.515+0000] {logging_mixin.py:188} INFO - [2026-09-16T17:00:28.515+0000] {dagbag.py:545} INFO - Filling up the DagBag from /opt/airflow/dags/stoke_dag.py
[2026-09-16T17:00:28.529+0000] {processor.py:840} INFO - DAG(s) 'save_data' retrieved from /opt/airflow/dags/stoke_dag.py
[2026-09-16T17:00:28.547+0000] {logging_mixin.py:188} INFO - [2026-09-16T17:00:28.547+0000] {dag.py:3096} INFO - Sync 1 DAGs
[2026-09-16T17:00:28.558+0000] {logging_mixin.py:188} INFO - [2026-09-16T17:00:28.558+0000] {dag.py:3954} INFO - Setting next_dagrun for save_data to None, run_after=None
[2026-09-16T17:00:28.575+0000] {processor.py:183} INFO - Processing /opt/airflow/dags/stoke_dag.py took 0.069 seconds
[2026-09-16T17:00:58.948+0000] {processor.py:161} INFO - Started process (PID=1695) to work on /opt/airflow/dags/stoke_dag.py
[2026-09-16T17:00:58.949+0000] {processor.py:830} INFO - Processing file /opt/airflow/dags/stoke_dag.py for tasks to queue
[2026-09-16T17:00:58.951+0000] {logging_mixin.py:188} INFO - [2026-09-16T17:00:58.951+0000] {dagbag.py:545} INFO - Filling up the DagBag from /opt/airflow/dags/stoke_dag.py
[2026-09-16T17:00:58.966+0000] {processor.py:840} INFO - DAG(s) 'save_data' retrieved from /opt/airflow/dags/stoke_dag.py
[2026-09-16T17:00:58.986+0000] {logging_mixin.py:188} INFO - [2026-09-16T17:00:58.986+0000] {dag.py:3096} INFO - Sync 1 DAGs
[2026-09-16T17:00:58.995+0000] {logging_mixin.py:188} INFO - [2026-09-16T17:00:58.995+0000] {dag.py:3954} INFO - Setting next_dagrun for save_data to None, run_after=None
[2026-09-16T17:00:59.012+0000] {processor.py:183} INFO - Processing /opt/airflow/dags/stoke_dag.py took 0.070 seconds
[2026-09-16T17:01:29.323+0000] {processor.py:161} INFO - Started process (PID=1704) to work on /opt/airflow/dags/stoke_dag.py
[2026-09-16T17:01:29.325+0000] {processor.py:830} INFO - Processing file /opt/airflow/dags/stoke_dag.py for tasks to queue
[2026-09-16T17:01:29.326+0000] {logging_mixin.py:188} INFO - [2026-09-16T17:01:29.326+0000] {dagbag.py:545} INFO - Filling up the DagBag from /opt/airflow/dags/stoke_dag.py
[2026-09-16T17:01:29.341+0000] {processor.py:840} INFO - DAG(s) 'save_data' retrieved from /opt/airflow/dags/stoke_dag.py
[2026-09-16T17:01:29.359+0000] {logging_mixin.py:188} INFO - [2026-09-16T17:01:29.359+0000] {dag.py:3096} INFO - Sync 1 DAGs
[2026-09-16T17:01:29.369+0000] {logging_mixin.py:188} INFO - [2026-09-16T17:01:29.369+0000] {dag.py:3954} INFO - Setting next_dagrun for save_data to None, run_after=None
[2026-09-16T17:01:29.393+0000] {processor.py:183} INFO - Processing /opt/airflow/dags/stoke_dag.py took 0.075 seconds
[2026-09-16T17:01:59.716+0000] {processor.py:161} INFO - Started process (PID=1713) to work on /opt/airflow/dags/stoke_dag.py
[2026-09-16T17:01:59.718+0000] {processor.py:830} INFO - Processing file /opt/airflow/dags/stoke_dag.py for tasks to queue
[2026-09-16T17:01:59.721+0000] {logging_mixin.py:188} INFO - [2026-09-16T17:01:59.720+0000] {dagbag.py:545} INFO - Filling up the DagBag from /opt/airflow/dags/stoke_dag.py
[2026-09-16T17:01:59.746+0000] {processor.py:840} INFO - DAG(s) 'save_data' retrieved from /opt/airflow/dags/stoke_dag.py
[2026-09-16T17:01:59.768+0000] {logging_mixin.py:188} INFO - [2026-09-16T17:01:59.768+0000] {dag.py:3096} INFO - Sync 1 DAGs
[2026-09-16T17:01:59.778+0000] {logging_mixin.py:188} INFO - [2026-09-16T17:01:59.778+0000] {dag.py:3954} INFO - Setting next_dagrun for save_data to None, run_after=None
[2026-09-16T17:01:59.798+0000] {processor.py:183} INFO - Processing /opt/airflow/dags/stoke_dag.py took 0.090 seconds
[2026-09-16T17:02:30.042+0000] {processor.py:161} INFO - Started process (PID=1720) to work on /opt/airflow/dags/stoke_dag.py
[2026-09-16T17:02:30.045+0000] {processor.py:830} INFO - Processing file /opt/airflow/dags/stoke_dag.py for tasks to queue
[2026-09-16T17:02:30.047+0000] {logging_mixin.py:188} INFO - [2026-09-16T17:02:30.047+0000] {dagbag.py:545} INFO - Filling up the DagBag from /opt/airflow/dags/stoke_dag.py
[2026-09-16T17:02:30.068+0000] {processor.py:840} INFO - DAG(s) 'save_data' retrieved from /opt/airflow/dags/stoke_dag.py
[2026-09-16T17:02:30.100+0000] {logging_mixin.py:188} INFO - [2026-09-16T17:02:30.099+0000] {dag.py:3096} INFO - Sync 1 DAGs
[2026-09-16T17:02:30.118+0000] {logging_mixin.py:188} INFO - [2026-09-16T17:02:30.117+0000] {dag.py:3954} INFO - Setting next_dagrun for save_data to None, run_after=None
[2026-09-16T17:02:30.142+0000] {processor.py:183} INFO - Processing /opt/airflow/dags/stoke_dag.py took 0.107 seconds
[2026-09-16T17:03:00.467+0000] {processor.py:161} INFO - Started process (PID=1729) to work on /opt/airflow/dags/stoke_dag.py
[2026-09-16T17:03:00.469+0000] {processor.py:830} INFO - Processing file /opt/airflow/dags/stoke_dag.py for tasks to queue
[2026-09-16T17:03:00.470+0000] {logging_mixin.py:188} INFO - [2026-09-16T17:03:00.470+0000] {dagbag.py:545} INFO - Filling up the DagBag from /opt/airflow/dags/stoke_dag.py
[2026-09-16T17:03:00.485+0000] {processor.py:840} INFO - DAG(s) 'save_data' retrieved from /opt/airflow/dags/stoke_dag.py
[2026-09-16T17:03:00.503+0000] {logging_mixin.py:188} INFO - [2026-09-16T17:03:00.503+0000] {dag.py:3096} INFO - Sync 1 DAGs
[2026-09-16T17:03:00.517+0000] {logging_mixin.py:188} INFO - [2026-09-16T17:03:00.516+0000] {dag.py:3954} INFO - Setting next_dagrun for save_data to None, run_after=None
[2026-09-16T17:03:00.539+0000] {processor.py:183} INFO - Processing /opt/airflow/dags/stoke_dag.py took 0.077 seconds
[2026-09-16T17:03:30.858+0000] {processor.py:161} INFO - Started process (PID=1738) to work on /opt/airflow/dags/stoke_dag.py
[2026-09-16T17:03:30.860+0000] {processor.py:830} INFO - Processing file /opt/airflow/dags/stoke_dag.py for tasks to queue
[2026-09-16T17:03:30.863+0000] {logging_mixin.py:188} INFO - [2026-09-16T17:03:30.862+0000] {dagbag.py:545} INFO - Filling up the DagBag from /opt/airflow/dags/stoke_dag.py
[2026-09-16T17:03:30.886+0000] {processor.py:840} INFO - DAG(s) 'save_data' retrieved from /opt/airflow/dags/stoke_dag.py
[2026-09-16T17:03:30.916+0000] {logging_mixin.py:188} INFO - [2026-09-16T17:03:30.916+0000] {dag.py:3096} INFO - Sync 1 DAGs
[2026-09-16T17:03:30.933+0000] {logging_mixin.py:188} INFO - [2026-09-16T17:03:30.933+0000] {dag.py:3954} INFO - Setting next_dagrun for save_data to None, run_after=None
[2026-09-16T17:03:30.960+0000] {processor.py:183} INFO - Processing /opt/airflow/dags/stoke_dag.py took 0.114 seconds
[2026-09-16T17:04:01.320+0000] {processor.py:161} INFO - Started process (PID=1747) to work on /opt/airflow/dags/stoke_dag.py
[2026-09-16T17:04:01.321+0000] {processor.py:830} INFO - Processing file /opt/airflow/dags/stoke_dag.py for tasks to queue
[2026-09-16T17:04:01.323+0000] {logging_mixin.py:188} INFO - [2026-09-16T17:04:01.323+0000] {dagbag.py:545} INFO - Filling up the DagBag from /opt/airflow/dags/stoke_dag.py
[2026-09-16T17:04:01.338+0000] {processor.py:840} INFO - DAG(s) 'save_data' retrieved from /opt/airflow/dags/stoke_dag.py
[2026-09-16T17:04:01.358+0000] {logging_mixin.py:188} INFO - [2026-09-16T17:04:01.358+0000] {dag.py:3096} INFO - Sync 1 DAGs
[2026-09-16T17:04:01.368+0000] {logging_mixin.py:188} INFO - [2026-09-16T17:04:01.368+0000] {dag.py:3954} INFO - Setting next_dagrun for save_data to None, run_after=None
[2026-09-16T17:04:01.386+0000] {processor.py:183} INFO - Processing /opt/airflow/dags/stoke_dag.py took 0.072 seconds
[2026-09-16T17:04:31.723+0000] {processor.py:161} INFO - Started process (PID=1756) to work on /opt/airflow/dags/stoke_dag.py
[2026-09-16T17:04:31.725+0000] {processor.py:830} INFO - Processing file /opt/airflow/dags/stoke_dag.py for tasks to queue
[2026-09-16T17:04:31.727+0000] {logging_mixin.py:188} INFO - [2026-09-16T17:04:31.727+0000] {dagbag.py:545} INFO - Filling up the DagBag from /opt/airflow/dags/stoke_dag.py
[2026-09-16T17:04:31.742+0000] {processor.py:840} INFO - DAG(s) 'save_data' retrieved from /opt/airflow/dags/stoke_dag.py
[2026-09-16T17:04:31.761+0000] {logging_mixin.py:188} INFO - [2026-09-16T17:04:31.760+0000] {dag.py:3096} INFO - Sync 1 DAGs
[2026-09-16T17:04:31.771+0000] {logging_mixin.py:188} INFO - [2026-09-16T17:04:31.771+0000] {dag.py:3954} INFO - Setting next_dagrun for save_data to None, run_after=None
[2026-09-16T17:04:31.788+0000] {processor.py:183} INFO - Processing /opt/airflow/dags/stoke_dag.py took 0.072 seconds
[2026-09-16T17:05:01.910+0000] {processor.py:161} INFO - Started process (PID=1765) to work on /opt/airflow/dags/stoke_dag.py
[2026-09-16T17:05:01.911+0000] {processor.py:830} INFO - Processing file /opt/airflow/dags/stoke_dag.py for tasks to queue
[2026-09-16T17:05:01.914+0000] {logging_mixin.py:188} INFO - [2026-09-16T17:05:01.913+0000] {dagbag.py:545} INFO - Filling up the DagBag from /opt/airflow/dags/stoke_dag.py
[2026-09-16T17:05:01.930+0000] {processor.py:840} INFO - DAG(s) 'save_data' retrieved from /opt/airflow/dags/stoke_dag.py
[2026-09-16T17:05:01.952+0000] {logging_mixin.py:188} INFO - [2026-09-16T17:05:01.952+0000] {dag.py:3096} INFO - Sync 1 DAGs
[2026-09-16T17:05:01.963+0000] {logging_mixin.py:188} INFO - [2026-09-16T17:05:01.963+0000] {dag.py:3954} INFO - Setting next_dagrun for save_data to None, run_after=None
[2026-09-16T17:05:01.982+0000] {processor.py:183} INFO - Processing /opt/airflow/dags/stoke_dag.py took 0.079 seconds
[2026-09-16T17:05:32.329+0000] {processor.py:161} INFO - Started process (PID=1774) to work on /opt/airflow/dags/stoke_dag.py
[2026-09-16T17:05:32.331+0000] {processor.py:830} INFO - Processing file /opt/airflow/dags/stoke_dag.py for tasks to queue
[2026-09-16T17:05:32.333+0000] {logging_mixin.py:188} INFO - [2026-09-16T17:05:32.332+0000] {dagbag.py:545} INFO - Filling up the DagBag from /opt/airflow/dags/stoke_dag.py
[2026-09-16T17:05:32.354+0000] {processor.py:840} INFO - DAG(s) 'save_data' retrieved from /opt/airflow/dags/stoke_dag.py
[2026-09-16T17:05:32.376+0000] {logging_mixin.py:188} INFO - [2026-09-16T17:05:32.376+0000] {dag.py:3096} INFO - Sync 1 DAGs
[2026-09-16T17:05:32.387+0000] {logging_mixin.py:188} INFO - [2026-09-16T17:05:32.387+0000] {dag.py:3954} INFO - Setting next_dagrun for save_data to None, run_after=None
[2026-09-16T17:05:32.408+0000] {processor.py:183} INFO - Processing /opt/airflow/dags/stoke_dag.py took 0.086 seconds
[2026-09-16T17:06:02.751+0000] {processor.py:161} INFO - Started process (PID=1783) to work on /opt/airflow/dags/stoke_dag.py
[2026-09-16T17:06:02.753+0000] {processor.py:830} INFO - Processing file /opt/airflow/dags/stoke_dag.py for tasks to queue
[2026-09-16T17:06:02.756+0000] {logging_mixin.py:188} INFO - [2026-09-16T17:06:02.755+0000] {dagbag.py:545} INFO - Filling up the DagBag from /opt/airflow/dags/stoke_dag.py
[2026-09-16T17:06:02.779+0000] {processor.py:840} INFO - DAG(s) 'save_data' retrieved from /opt/airflow/dags/stoke_dag.py
[2026-09-16T17:06:02.800+0000] {logging_mixin.py:188} INFO - [2026-09-16T17:06:02.800+0000] {dag.py:3096} INFO - Sync 1 DAGs
[2026-09-16T17:06:02.812+0000] {logging_mixin.py:188} INFO - [2026-09-16T17:06:02.812+0000] {dag.py:3954} INFO - Setting next_dagrun for save_data to None, run_after=None
[2026-09-16T17:06:02.834+0000] {processor.py:183} INFO - Processing /opt/airflow/dags/stoke_dag.py took 0.094 seconds
[2026-09-16T17:06:33.143+0000] {processor.py:161} INFO - Started process (PID=1792) to work on /opt/airflow/dags/stoke_dag.py
[2026-09-16T17:06:33.144+0000] {processor.py:830} INFO - Processing file /opt/airflow/dags/stoke_dag.py for tasks to queue
[2026-09-16T17:06:33.147+0000] {logging_mixin.py:188} INFO - [2026-09-16T17:06:33.147+0000] {dagbag.py:545} INFO - Filling up the DagBag from /opt/airflow/dags/stoke_dag.py
[2026-09-16T17:06:33.162+0000] {processor.py:840} INFO - DAG(s) 'save_data' retrieved from /opt/airflow/dags/stoke_dag.py
[2026-09-16T17:06:33.181+0000] {logging_mixin.py:188} INFO - [2026-09-16T17:06:33.181+0000] {dag.py:3096} INFO - Sync 1 DAGs
[2026-09-16T17:06:33.191+0000] {logging_mixin.py:188} INFO - [2026-09-16T17:06:33.190+0000] {dag.py:3954} INFO - Setting next_dagrun for save_data to None, run_after=None
[2026-09-16T17:06:33.209+0000] {processor.py:183} INFO - Processing /opt/airflow/dags/stoke_dag.py took 0.073 seconds
[2026-09-16T17:07:03.529+0000] {processor.py:161} INFO - Started process (PID=1801) to work on /opt/airflow/dags/stoke_dag.py
[2026-09-16T17:07:03.531+0000] {processor.py:830} INFO - Processing file /opt/airflow/dags/stoke_dag.py for tasks to queue
[2026-09-16T17:07:03.532+0000] {logging_mixin.py:188} INFO - [2026-09-16T17:07:03.532+0000] {dagbag.py:545} INFO - Filling up the DagBag from /opt/airflow/dags/stoke_dag.py
[2026-09-16T17:07:03.547+0000] {processor.py:840} INFO - DAG(s) 'save_data' retrieved from /opt/airflow/dags/stoke_dag.py
[2026-09-16T17:07:03.565+0000] {logging_mixin.py:188} INFO - [2026-09-16T17:07:03.565+0000] {dag.py:3096} INFO - Sync 1 DAGs
[2026-09-16T17:07:03.576+0000] {logging_mixin.py:188} INFO - [2026-09-16T17:07:03.576+0000] {dag.py:3954} INFO - Setting next_dagrun for save_data to None, run_after=None
[2026-09-16T17:07:03.595+0000] {processor.py:183} INFO - Processing /opt/airflow/dags/stoke_dag.py took 0.071 seconds
[2026-09-16T17:07:33.948+0000] {processor.py:161} INFO - Started process (PID=1810) to work on /opt/airflow/dags/stoke_dag.py
[2026-09-16T17:07:33.949+0000] {processor.py:830} INFO - Processing file /opt/airflow/dags/stoke_dag.py for tasks to queue
[2026-09-16T17:07:33.951+0000] {logging_mixin.py:188} INFO - [2026-09-16T17:07:33.951+0000] {dagbag.py:545} INFO - Filling up the DagBag from /opt/airflow/dags/stoke_dag.py
[2026-09-16T17:07:33.965+0000] {processor.py:840} INFO - DAG(s) 'save_data' retrieved from /opt/airflow/dags/stoke_dag.py
[2026-09-16T17:07:33.983+0000] {logging_mixin.py:188} INFO - [2026-09-16T17:07:33.983+0000] {dag.py:3096} INFO - Sync 1 DAGs
[2026-09-16T17:07:33.996+0000] {logging_mixin.py:188} INFO - [2026-09-16T17:07:33.996+0000] {dag.py:3954} INFO - Setting next_dagrun for save_data to None, run_after=None
[2026-09-16T17:07:34.015+0000] {processor.py:183} INFO - Processing /opt/airflow/dags/stoke_dag.py took 0.072 seconds
[2026-09-16T17:08:04.324+0000] {processor.py:161} INFO - Started process (PID=1819) to work on /opt/airflow/dags/stoke_dag.py
[2026-09-16T17:08:04.325+0000] {processor.py:830} INFO - Processing file /opt/airflow/dags/stoke_dag.py for tasks to queue
[2026-09-16T17:08:04.327+0000] {logging_mixin.py:188} INFO - [2026-09-16T17:08:04.327+0000] {dagbag.py:545} INFO - Filling up the DagBag from /opt/airflow/dags/stoke_dag.py
[2026-09-16T17:08:04.342+0000] {processor.py:840} INFO - DAG(s) 'save_data' retrieved from /opt/airflow/dags/stoke_dag.py
[2026-09-16T17:08:04.366+0000] {logging_mixin.py:188} INFO - [2026-09-16T17:08:04.366+0000] {dag.py:3096} INFO - Sync 1 DAGs
[2026-09-16T17:08:04.377+0000] {logging_mixin.py:188} INFO - [2026-09-16T17:08:04.377+0000] {dag.py:3954} INFO - Setting next_dagrun for save_data to None, run_after=None
[2026-09-16T17:08:04.397+0000] {processor.py:183} INFO - Processing /opt/airflow/dags/stoke_dag.py took 0.079 seconds
[2026-09-16T17:08:34.701+0000] {processor.py:161} INFO - Started process (PID=1828) to work on /opt/airflow/dags/stoke_dag.py
[2026-09-16T17:08:34.703+0000] {processor.py:830} INFO - Processing file /opt/airflow/dags/stoke_dag.py for tasks to queue
[2026-09-16T17:08:34.705+0000] {logging_mixin.py:188} INFO - [2026-09-16T17:08:34.704+0000] {dagbag.py:545} INFO - Filling up the DagBag from /opt/airflow/dags/stoke_dag.py
[2026-09-16T17:08:34.723+0000] {processor.py:840} INFO - DAG(s) 'save_data' retrieved from /opt/airflow/dags/stoke_dag.py
[2026-09-16T17:08:34.756+0000] {logging_mixin.py:188} INFO - [2026-09-16T17:08:34.755+0000] {dag.py:3096} INFO - Sync 1 DAGs
[2026-09-16T17:08:34.771+0000] {logging_mixin.py:188} INFO - [2026-09-16T17:08:34.771+0000] {dag.py:3954} INFO - Setting next_dagrun for save_data to None, run_after=None
[2026-09-16T17:08:34.794+0000] {processor.py:183} INFO - Processing /opt/airflow/dags/stoke_dag.py took 0.100 seconds
[2026-09-16T17:09:05.117+0000] {processor.py:161} INFO - Started process (PID=1837) to work on /opt/airflow/dags/stoke_dag.py
[2026-09-16T17:09:05.119+0000] {processor.py:830} INFO - Processing file /opt/airflow/dags/stoke_dag.py for tasks to queue
[2026-09-16T17:09:05.120+0000] {logging_mixin.py:188} INFO - [2026-09-16T17:09:05.120+0000] {dagbag.py:545} INFO - Filling up the DagBag from /opt/airflow/dags/stoke_dag.py
[2026-09-16T17:09:05.135+0000] {processor.py:840} INFO - DAG(s) 'save_data' retrieved from /opt/airflow/dags/stoke_dag.py
[2026-09-16T17:09:05.154+0000] {logging_mixin.py:188} INFO - [2026-09-16T17:09:05.154+0000] {dag.py:3096} INFO - Sync 1 DAGs
[2026-09-16T17:09:05.165+0000] {logging_mixin.py:188} INFO - [2026-09-16T17:09:05.165+0000] {dag.py:3954} INFO - Setting next_dagrun for save_data to None, run_after=None
[2026-09-16T17:09:05.183+0000] {processor.py:183} INFO - Processing /opt/airflow/dags/stoke_dag.py took 0.071 seconds
[2026-09-16T17:09:35.510+0000] {processor.py:161} INFO - Started process (PID=1846) to work on /opt/airflow/dags/stoke_dag.py
[2026-09-16T17:09:35.512+0000] {processor.py:830} INFO - Processing file /opt/airflow/dags/stoke_dag.py for tasks to queue
[2026-09-16T17:09:35.514+0000] {logging_mixin.py:188} INFO - [2026-09-16T17:09:35.513+0000] {dagbag.py:545} INFO - Filling up the DagBag from /opt/airflow/dags/stoke_dag.py
[2026-09-16T17:09:35.529+0000] {processor.py:840} INFO - DAG(s) 'save_data' retrieved from /opt/airflow/dags/stoke_dag.py
[2026-09-16T17:09:35.548+0000] {logging_mixin.py:188} INFO - [2026-09-16T17:09:35.548+0000] {dag.py:3096} INFO - Sync 1 DAGs
[2026-09-16T17:09:35.558+0000] {logging_mixin.py:188} INFO - [2026-09-16T17:09:35.558+0000] {dag.py:3954} INFO - Setting next_dagrun for save_data to None, run_after=None
[2026-09-16T17:09:35.577+0000] {processor.py:183} INFO - Processing /opt/airflow/dags/stoke_dag.py took 0.072 seconds
[2026-09-16T17:10:05.912+0000] {processor.py:161} INFO - Started process (PID=1855) to work on /opt/airflow/dags/stoke_dag.py
[2026-09-16T17:10:05.914+0000] {processor.py:830} INFO - Processing file /opt/airflow/dags/stoke_dag.py for tasks to queue
[2026-09-16T17:10:05.916+0000] {logging_mixin.py:188} INFO - [2026-09-16T17:10:05.916+0000] {dagbag.py:545} INFO - Filling up the DagBag from /opt/airflow/dags/stoke_dag.py
[2026-09-16T17:10:05.943+0000] {processor.py:840} INFO - DAG(s) 'save_data' retrieved from /opt/airflow/dags/stoke_dag.py
[2026-09-16T17:10:05.965+0000] {logging_mixin.py:188} INFO - [2026-09-16T17:10:05.964+0000] {dag.py:3096} INFO - Sync 1 DAGs
[2026-09-16T17:10:05.977+0000] {logging_mixin.py:188} INFO - [2026-09-16T17:10:05.977+0000] {dag.py:3954} INFO - Setting next_dagrun for save_data to None, run_after=None
[2026-09-16T17:10:05.997+0000] {processor.py:183} INFO - Processing /opt/airflow/dags/stoke_dag.py took 0.093 seconds
[2026-09-16T17:10:36.348+0000] {processor.py:161} INFO - Started process (PID=1864) to work on /opt/airflow/dags/stoke_dag.py
[2026-09-16T17:10:36.350+0000] {processor.py:830} INFO - Processing file /opt/airflow/dags/stoke_dag.py for tasks to queue
[2026-09-16T17:10:36.353+0000] {logging_mixin.py:188} INFO - [2026-09-16T17:10:36.353+0000] {dagbag.py:545} INFO - Filling up the DagBag from /opt/airflow/dags/stoke_dag.py
[2026-09-16T17:10:36.380+0000] {processor.py:840} INFO - DAG(s) 'save_data' retrieved from /opt/airflow/dags/stoke_dag.py
[2026-09-16T17:10:36.413+0000] {logging_mixin.py:188} INFO - [2026-09-16T17:10:36.413+0000] {dag.py:3096} INFO - Sync 1 DAGs
[2026-09-16T17:10:36.434+0000] {logging_mixin.py:188} INFO - [2026-09-16T17:10:36.434+0000] {dag.py:3954} INFO - Setting next_dagrun for save_data to None, run_after=None
[2026-09-16T17:10:36.460+0000] {processor.py:183} INFO - Processing /opt/airflow/dags/stoke_dag.py took 0.120 seconds
[2026-09-16T17:11:06.530+0000] {processor.py:161} INFO - Started process (PID=1873) to work on /opt/airflow/dags/stoke_dag.py
[2026-09-16T17:11:06.532+0000] {processor.py:830} INFO - Processing file /opt/airflow/dags/stoke_dag.py for tasks to queue
[2026-09-16T17:11:06.535+0000] {logging_mixin.py:188} INFO - [2026-09-16T17:11:06.534+0000] {dagbag.py:545} INFO - Filling up the DagBag from /opt/airflow/dags/stoke_dag.py
[2026-09-16T17:11:06.560+0000] {processor.py:840} INFO - DAG(s) 'save_data' retrieved from /opt/airflow/dags/stoke_dag.py
[2026-09-16T17:11:06.586+0000] {logging_mixin.py:188} INFO - [2026-09-16T17:11:06.585+0000] {dag.py:3096} INFO - Sync 1 DAGs
[2026-09-16T17:11:06.598+0000] {logging_mixin.py:188} INFO - [2026-09-16T17:11:06.598+0000] {dag.py:3954} INFO - Setting next_dagrun for save_data to None, run_after=None
[2026-09-16T17:11:06.620+0000] {processor.py:183} INFO - Processing /opt/airflow/dags/stoke_dag.py took 0.096 seconds
[2026-09-16T17:11:36.959+0000] {processor.py:161} INFO - Started process (PID=1882) to work on /opt/airflow/dags/stoke_dag.py
[2026-09-16T17:11:36.961+0000] {processor.py:830} INFO - Processing file /opt/airflow/dags/stoke_dag.py for tasks to queue
[2026-09-16T17:11:36.964+0000] {logging_mixin.py:188} INFO - [2026-09-16T17:11:36.963+0000] {dagbag.py:545} INFO - Filling up the DagBag from /opt/airflow/dags/stoke_dag.py
[2026-09-16T17:11:36.989+0000] {processor.py:840} INFO - DAG(s) 'save_data' retrieved from /opt/airflow/dags/stoke_dag.py
[2026-09-16T17:11:37.017+0000] {logging_mixin.py:188} INFO - [2026-09-16T17:11:37.016+0000] {dag.py:3096} INFO - Sync 1 DAGs
[2026-09-16T17:11:37.030+0000] {logging_mixin.py:188} INFO - [2026-09-16T17:11:37.030+0000] {dag.py:3954} INFO - Setting next_dagrun for save_data to None, run_after=None
[2026-09-16T17:11:37.056+0000] {processor.py:183} INFO - Processing /opt/airflow/dags/stoke_dag.py took 0.106 seconds
[2026-09-16T17:12:07.386+0000] {processor.py:161} INFO - Started process (PID=1891) to work on /opt/airflow/dags/stoke_dag.py
[2026-09-16T17:12:07.388+0000] {processor.py:830} INFO - Processing file /opt/airflow/dags/stoke_dag.py for tasks to queue
[2026-09-16T17:12:07.389+0000] {logging_mixin.py:188} INFO - [2026-09-16T17:12:07.389+0000] {dagbag.py:545} INFO - Filling up the DagBag from /opt/airflow/dags/stoke_dag.py
[2026-09-16T17:12:07.404+0000] {processor.py:840} INFO - DAG(s) 'save_data' retrieved from /opt/airflow/dags/stoke_dag.py
[2026-09-16T17:12:07.423+0000] {logging_mixin.py:188} INFO - [2026-09-16T17:12:07.423+0000] {dag.py:3096} INFO - Sync 1 DAGs
[2026-09-16T17:12:07.436+0000] {logging_mixin.py:188} INFO - [2026-09-16T17:12:07.436+0000] {dag.py:3954} INFO - Setting next_dagrun for save_data to None, run_after=None
[2026-09-16T17:12:07.453+0000] {processor.py:183} INFO - Processing /opt/airflow/dags/stoke_dag.py took 0.074 seconds
[2026-09-16T17:12:37.763+0000] {processor.py:161} INFO - Started process (PID=1900) to work on /opt/airflow/dags/stoke_dag.py
[2026-09-16T17:12:37.765+0000] {processor.py:830} INFO - Processing file /opt/airflow/dags/stoke_dag.py for tasks to queue
[2026-09-16T17:12:37.767+0000] {logging_mixin.py:188} INFO - [2026-09-16T17:12:37.767+0000] {dagbag.py:545} INFO - Filling up the DagBag from /opt/airflow/dags/stoke_dag.py
[2026-09-16T17:12:37.794+0000] {processor.py:840} INFO - DAG(s) 'save_data' retrieved from /opt/airflow/dags/stoke_dag.py
[2026-09-16T17:12:37.815+0000] {logging_mixin.py:188} INFO - [2026-09-16T17:12:37.814+0000] {dag.py:3096} INFO - Sync 1 DAGs
[2026-09-16T17:12:37.824+0000] {logging_mixin.py:188} INFO - [2026-09-16T17:12:37.824+0000] {dag.py:3954} INFO - Setting next_dagrun for save_data to None, run_after=None
[2026-09-16T17:12:37.846+0000] {processor.py:183} INFO - Processing /opt/airflow/dags/stoke_dag.py took 0.088 seconds
[2026-09-16T17:13:08.169+0000] {processor.py:161} INFO - Started process (PID=1909) to work on /opt/airflow/dags/stoke_dag.py
[2026-09-16T17:13:08.170+0000] {processor.py:830} INFO - Processing file /opt/airflow/dags/stoke_dag.py for tasks to queue
[2026-09-16T17:13:08.171+0000] {logging_mixin.py:188} INFO - [2026-09-16T17:13:08.171+0000] {dagbag.py:545} INFO - Filling up the DagBag from /opt/airflow/dags/stoke_dag.py
[2026-09-16T17:13:08.186+0000] {processor.py:840} INFO - DAG(s) 'save_data' retrieved from /opt/airflow/dags/stoke_dag.py
[2026-09-16T17:13:08.206+0000] {logging_mixin.py:188} INFO - [2026-09-16T17:13:08.206+0000] {dag.py:3096} INFO - Sync 1 DAGs
[2026-09-16T17:13:08.216+0000] {logging_mixin.py:188} INFO - [2026-09-16T17:13:08.216+0000] {dag.py:3954} INFO - Setting next_dagrun for save_data to None, run_after=None
[2026-09-16T17:13:08.234+0000] {processor.py:183} INFO - Processing /opt/airflow/dags/stoke_dag.py took 0.071 seconds
[2026-09-16T17:13:38.558+0000] {processor.py:161} INFO - Started process (PID=1918) to work on /opt/airflow/dags/stoke_dag.py
[2026-09-16T17:13:38.560+0000] {processor.py:830} INFO - Processing file /opt/airflow/dags/stoke_dag.py for tasks to queue
[2026-09-16T17:13:38.563+0000] {logging_mixin.py:188} INFO - [2026-09-16T17:13:38.563+0000] {dagbag.py:545} INFO - Filling up the DagBag from /opt/airflow/dags/stoke_dag.py
[2026-09-16T17:13:38.584+0000] {processor.py:840} INFO - DAG(s) 'save_data' retrieved from /opt/airflow/dags/stoke_dag.py
[2026-09-16T17:13:38.612+0000] {logging_mixin.py:188} INFO - [2026-09-16T17:13:38.612+0000] {dag.py:3096} INFO - Sync 1 DAGs
[2026-09-16T17:13:38.626+0000] {logging_mixin.py:188} INFO - [2026-09-16T17:13:38.626+0000] {dag.py:3954} INFO - Setting next_dagrun for save_data to None, run_after=None
[2026-09-16T17:13:38.650+0000] {processor.py:183} INFO - Processing /opt/airflow/dags/stoke_dag.py took 0.101 seconds
[2026-09-16T17:14:08.984+0000] {processor.py:161} INFO - Started process (PID=1927) to work on /opt/airflow/dags/stoke_dag.py
[2026-09-16T17:14:08.986+0000] {processor.py:830} INFO - Processing file /opt/airflow/dags/stoke_dag.py for tasks to queue
[2026-09-16T17:14:08.988+0000] {logging_mixin.py:188} INFO - [2026-09-16T17:14:08.987+0000] {dagbag.py:545} INFO - Filling up the DagBag from /opt/airflow/dags/stoke_dag.py
[2026-09-16T17:14:09.010+0000] {processor.py:840} INFO - DAG(s) 'save_data' retrieved from /opt/airflow/dags/stoke_dag.py
[2026-09-16T17:14:09.032+0000] {logging_mixin.py:188} INFO - [2026-09-16T17:14:09.032+0000] {dag.py:3096} INFO - Sync 1 DAGs
[2026-09-16T17:14:09.046+0000] {logging_mixin.py:188} INFO - [2026-09-16T17:14:09.045+0000] {dag.py:3954} INFO - Setting next_dagrun for save_data to None, run_after=None
[2026-09-16T17:14:09.069+0000] {processor.py:183} INFO - Processing /opt/airflow/dags/stoke_dag.py took 0.091 seconds
[2026-09-16T17:14:39.420+0000] {processor.py:161} INFO - Started process (PID=1936) to work on /opt/airflow/dags/stoke_dag.py
[2026-09-16T17:14:39.424+0000] {processor.py:830} INFO - Processing file /opt/airflow/dags/stoke_dag.py for tasks to queue
[2026-09-16T17:14:39.428+0000] {logging_mixin.py:188} INFO - [2026-09-16T17:14:39.427+0000] {dagbag.py:545} INFO - Filling up the DagBag from /opt/airflow/dags/stoke_dag.py
[2026-09-16T17:14:39.451+0000] {processor.py:840} INFO - DAG(s) 'save_data' retrieved from /opt/airflow/dags/stoke_dag.py
[2026-09-16T17:14:39.478+0000] {logging_mixin.py:188} INFO - [2026-09-16T17:14:39.478+0000] {dag.py:3096} INFO - Sync 1 DAGs
[2026-09-16T17:14:39.494+0000] {logging_mixin.py:188} INFO - [2026-09-16T17:14:39.493+0000] {dag.py:3954} INFO - Setting next_dagrun for save_data to None, run_after=None
[2026-09-16T17:14:39.515+0000] {processor.py:183} INFO - Processing /opt/airflow/dags/stoke_dag.py took 0.104 seconds
[2026-09-16T17:15:09.856+0000] {processor.py:161} INFO - Started process (PID=1945) to work on /opt/airflow/dags/stoke_dag.py
[2026-09-16T17:15:09.859+0000] {processor.py:830} INFO - Processing file /opt/airflow/dags/stoke_dag.py for tasks to queue
[2026-09-16T17:15:09.865+0000] {logging_mixin.py:188} INFO - [2026-09-16T17:15:09.864+0000] {dagbag.py:545} INFO - Filling up the DagBag from /opt/airflow/dags/stoke_dag.py
[2026-09-16T17:15:09.889+0000] {processor.py:840} INFO - DAG(s) 'save_data' retrieved from /opt/airflow/dags/stoke_dag.py
[2026-09-16T17:15:09.910+0000] {logging_mixin.py:188} INFO - [2026-09-16T17:15:09.910+0000] {dag.py:3096} INFO - Sync 1 DAGs
[2026-09-16T17:15:09.920+0000] {logging_mixin.py:188} INFO - [2026-09-16T17:15:09.920+0000] {dag.py:3954} INFO - Setting next_dagrun for save_data to None, run_after=None
[2026-09-16T17:15:09.946+0000] {processor.py:183} INFO - Processing /opt/airflow/dags/stoke_dag.py took 0.097 seconds
[2026-09-16T17:15:40.275+0000] {processor.py:161} INFO - Started process (PID=1954) to work on /opt/airflow/dags/stoke_dag.py
[2026-09-16T17:15:40.277+0000] {processor.py:830} INFO - Processing file /opt/airflow/dags/stoke_dag.py for tasks to queue
[2026-09-16T17:15:40.278+0000] {logging_mixin.py:188} INFO - [2026-09-16T17:15:40.278+0000] {dagbag.py:545} INFO - Filling up the DagBag from /opt/airflow/dags/stoke_dag.py
[2026-09-16T17:15:40.294+0000] {processor.py:840} INFO - DAG(s) 'save_data' retrieved from /opt/airflow/dags/stoke_dag.py
[2026-09-16T17:15:40.314+0000] {logging_mixin.py:188} INFO - [2026-09-16T17:15:40.314+0000] {dag.py:3096} INFO - Sync 1 DAGs
[2026-09-16T17:15:40.325+0000] {logging_mixin.py:188} INFO - [2026-09-16T17:15:40.325+0000] {dag.py:3954} INFO - Setting next_dagrun for save_data to None, run_after=None
[2026-09-16T17:15:40.345+0000] {processor.py:183} INFO - Processing /opt/airflow/dags/stoke_dag.py took 0.076 seconds
[2026-09-16T17:16:10.677+0000] {processor.py:161} INFO - Started process (PID=1963) to work on /opt/airflow/dags/stoke_dag.py
[2026-09-16T17:16:10.679+0000] {processor.py:830} INFO - Processing file /opt/airflow/dags/stoke_dag.py for tasks to queue
[2026-09-16T17:16:10.680+0000] {logging_mixin.py:188} INFO - [2026-09-16T17:16:10.680+0000] {dagbag.py:545} INFO - Filling up the DagBag from /opt/airflow/dags/stoke_dag.py
[2026-09-16T17:16:10.695+0000] {processor.py:840} INFO - DAG(s) 'save_data' retrieved from /opt/airflow/dags/stoke_dag.py
[2026-09-16T17:16:10.713+0000] {logging_mixin.py:188} INFO - [2026-09-16T17:16:10.713+0000] {dag.py:3096} INFO - Sync 1 DAGs
[2026-09-16T17:16:10.723+0000] {logging_mixin.py:188} INFO - [2026-09-16T17:16:10.723+0000] {dag.py:3954} INFO - Setting next_dagrun for save_data to None, run_after=None
[2026-09-16T17:16:10.741+0000] {processor.py:183} INFO - Processing /opt/airflow/dags/stoke_dag.py took 0.069 seconds
[2026-09-16T17:16:41.049+0000] {processor.py:161} INFO - Started process (PID=1972) to work on /opt/airflow/dags/stoke_dag.py
[2026-09-16T17:16:41.050+0000] {processor.py:830} INFO - Processing file /opt/airflow/dags/stoke_dag.py for tasks to queue
[2026-09-16T17:16:41.052+0000] {logging_mixin.py:188} INFO - [2026-09-16T17:16:41.051+0000] {dagbag.py:545} INFO - Filling up the DagBag from /opt/airflow/dags/stoke_dag.py
[2026-09-16T17:16:41.066+0000] {processor.py:840} INFO - DAG(s) 'save_data' retrieved from /opt/airflow/dags/stoke_dag.py
[2026-09-16T17:16:41.089+0000] {logging_mixin.py:188} INFO - [2026-09-16T17:16:41.089+0000] {dag.py:3096} INFO - Sync 1 DAGs
[2026-09-16T17:16:41.099+0000] {logging_mixin.py:188} INFO - [2026-09-16T17:16:41.099+0000] {dag.py:3954} INFO - Setting next_dagrun for save_data to None, run_after=None
[2026-09-16T17:16:41.120+0000] {processor.py:183} INFO - Processing /opt/airflow/dags/stoke_dag.py took 0.077 seconds
[2026-09-16T17:17:11.435+0000] {processor.py:161} INFO - Started process (PID=1981) to work on /opt/airflow/dags/stoke_dag.py
[2026-09-16T17:17:11.437+0000] {processor.py:830} INFO - Processing file /opt/airflow/dags/stoke_dag.py for tasks to queue
[2026-09-16T17:17:11.439+0000] {logging_mixin.py:188} INFO - [2026-09-16T17:17:11.438+0000] {dagbag.py:545} INFO - Filling up the DagBag from /opt/airflow/dags/stoke_dag.py
[2026-09-16T17:17:11.454+0000] {processor.py:840} INFO - DAG(s) 'save_data' retrieved from /opt/airflow/dags/stoke_dag.py
[2026-09-16T17:17:11.472+0000] {logging_mixin.py:188} INFO - [2026-09-16T17:17:11.472+0000] {dag.py:3096} INFO - Sync 1 DAGs
[2026-09-16T17:17:11.482+0000] {logging_mixin.py:188} INFO - [2026-09-16T17:17:11.482+0000] {dag.py:3954} INFO - Setting next_dagrun for save_data to None, run_after=None
[2026-09-16T17:17:11.499+0000] {processor.py:183} INFO - Processing /opt/airflow/dags/stoke_dag.py took 0.070 seconds
[2026-09-16T17:17:41.830+0000] {processor.py:161} INFO - Started process (PID=1990) to work on /opt/airflow/dags/stoke_dag.py
[2026-09-16T17:17:41.832+0000] {processor.py:830} INFO - Processing file /opt/airflow/dags/stoke_dag.py for tasks to queue
[2026-09-16T17:17:41.834+0000] {logging_mixin.py:188} INFO - [2026-09-16T17:17:41.833+0000] {dagbag.py:545} INFO - Filling up the DagBag from /opt/airflow/dags/stoke_dag.py
[2026-09-16T17:17:41.853+0000] {processor.py:840} INFO - DAG(s) 'save_data' retrieved from /opt/airflow/dags/stoke_dag.py
[2026-09-16T17:17:41.878+0000] {logging_mixin.py:188} INFO - [2026-09-16T17:17:41.878+0000] {dag.py:3096} INFO - Sync 1 DAGs
[2026-09-16T17:17:41.889+0000] {logging_mixin.py:188} INFO - [2026-09-16T17:17:41.889+0000] {dag.py:3954} INFO - Setting next_dagrun for save_data to None, run_after=None
[2026-09-16T17:17:41.907+0000] {processor.py:183} INFO - Processing /opt/airflow/dags/stoke_dag.py took 0.084 seconds
[2026-09-16T17:18:12.191+0000] {processor.py:161} INFO - Started process (PID=1999) to work on /opt/airflow/dags/stoke_dag.py
[2026-09-16T17:18:12.192+0000] {processor.py:830} INFO - Processing file /opt/airflow/dags/stoke_dag.py for tasks to queue
[2026-09-16T17:18:12.194+0000] {logging_mixin.py:188} INFO - [2026-09-16T17:18:12.194+0000] {dagbag.py:545} INFO - Filling up the DagBag from /opt/airflow/dags/stoke_dag.py
[2026-09-16T17:18:12.209+0000] {processor.py:840} INFO - DAG(s) 'save_data' retrieved from /opt/airflow/dags/stoke_dag.py
[2026-09-16T17:18:12.228+0000] {logging_mixin.py:188} INFO - [2026-09-16T17:18:12.228+0000] {dag.py:3096} INFO - Sync 1 DAGs
[2026-09-16T17:18:12.238+0000] {logging_mixin.py:188} INFO - [2026-09-16T17:18:12.238+0000] {dag.py:3954} INFO - Setting next_dagrun for save_data to None, run_after=None
[2026-09-16T17:18:12.255+0000] {processor.py:183} INFO - Processing /opt/airflow/dags/stoke_dag.py took 0.070 seconds
[2026-09-16T17:18:42.555+0000] {processor.py:161} INFO - Started process (PID=2008) to work on /opt/airflow/dags/stoke_dag.py
[2026-09-16T17:18:42.556+0000] {processor.py:830} INFO - Processing file /opt/airflow/dags/stoke_dag.py for tasks to queue
[2026-09-16T17:18:42.559+0000] {logging_mixin.py:188} INFO - [2026-09-16T17:18:42.558+0000] {dagbag.py:545} INFO - Filling up the DagBag from /opt/airflow/dags/stoke_dag.py
[2026-09-16T17:18:42.581+0000] {processor.py:840} INFO - DAG(s) 'save_data' retrieved from /opt/airflow/dags/stoke_dag.py
[2026-09-16T17:18:42.600+0000] {logging_mixin.py:188} INFO - [2026-09-16T17:18:42.600+0000] {dag.py:3096} INFO - Sync 1 DAGs
[2026-09-16T17:18:42.611+0000] {logging_mixin.py:188} INFO - [2026-09-16T17:18:42.611+0000] {dag.py:3954} INFO - Setting next_dagrun for save_data to None, run_after=None
[2026-09-16T17:18:42.631+0000] {processor.py:183} INFO - Processing /opt/airflow/dags/stoke_dag.py took 0.082 seconds
[2026-09-16T17:19:12.960+0000] {processor.py:161} INFO - Started process (PID=2017) to work on /opt/airflow/dags/stoke_dag.py
[2026-09-16T17:19:12.962+0000] {processor.py:830} INFO - Processing file /opt/airflow/dags/stoke_dag.py for tasks to queue
[2026-09-16T17:19:12.964+0000] {logging_mixin.py:188} INFO - [2026-09-16T17:19:12.963+0000] {dagbag.py:545} INFO - Filling up the DagBag from /opt/airflow/dags/stoke_dag.py
[2026-09-16T17:19:12.978+0000] {processor.py:840} INFO - DAG(s) 'save_data' retrieved from /opt/airflow/dags/stoke_dag.py
[2026-09-16T17:19:12.999+0000] {logging_mixin.py:188} INFO - [2026-09-16T17:19:12.999+0000] {dag.py:3096} INFO - Sync 1 DAGs
[2026-09-16T17:19:13.008+0000] {logging_mixin.py:188} INFO - [2026-09-16T17:19:13.008+0000] {dag.py:3954} INFO - Setting next_dagrun for save_data to None, run_after=None
[2026-09-16T17:19:13.026+0000] {processor.py:183} INFO - Processing /opt/airflow/dags/stoke_dag.py took 0.072 seconds
[2026-09-16T17:19:43.299+0000] {processor.py:161} INFO - Started process (PID=2024) to work on /opt/airflow/dags/stoke_dag.py
[2026-09-16T17:19:43.301+0000] {processor.py:830} INFO - Processing file /opt/airflow/dags/stoke_dag.py for tasks to queue
[2026-09-16T17:19:43.305+0000] {logging_mixin.py:188} INFO - [2026-09-16T17:19:43.304+0000] {dagbag.py:545} INFO - Filling up the DagBag from /opt/airflow/dags/stoke_dag.py
[2026-09-16T17:19:43.325+0000] {processor.py:840} INFO - DAG(s) 'save_data' retrieved from /opt/airflow/dags/stoke_dag.py
[2026-09-16T17:19:43.353+0000] {logging_mixin.py:188} INFO - [2026-09-16T17:19:43.352+0000] {dag.py:3096} INFO - Sync 1 DAGs
[2026-09-16T17:19:43.368+0000] {logging_mixin.py:188} INFO - [2026-09-16T17:19:43.368+0000] {dag.py:3954} INFO - Setting next_dagrun for save_data to None, run_after=None
[2026-09-16T17:19:43.392+0000] {processor.py:183} INFO - Processing /opt/airflow/dags/stoke_dag.py took 0.103 seconds
[2026-09-16T17:20:13.736+0000] {processor.py:161} INFO - Started process (PID=2033) to work on /opt/airflow/dags/stoke_dag.py
[2026-09-16T17:20:13.738+0000] {processor.py:830} INFO - Processing file /opt/airflow/dags/stoke_dag.py for tasks to queue
[2026-09-16T17:20:13.739+0000] {logging_mixin.py:188} INFO - [2026-09-16T17:20:13.739+0000] {dagbag.py:545} INFO - Filling up the DagBag from /opt/airflow/dags/stoke_dag.py
[2026-09-16T17:20:13.753+0000] {processor.py:840} INFO - DAG(s) 'save_data' retrieved from /opt/airflow/dags/stoke_dag.py
[2026-09-16T17:20:13.772+0000] {logging_mixin.py:188} INFO - [2026-09-16T17:20:13.772+0000] {dag.py:3096} INFO - Sync 1 DAGs
[2026-09-16T17:20:13.782+0000] {logging_mixin.py:188} INFO - [2026-09-16T17:20:13.781+0000] {dag.py:3954} INFO - Setting next_dagrun for save_data to None, run_after=None
[2026-09-16T17:20:13.799+0000] {processor.py:183} INFO - Processing /opt/airflow/dags/stoke_dag.py took 0.068 seconds
[2026-09-16T17:20:44.137+0000] {processor.py:161} INFO - Started process (PID=2042) to work on /opt/airflow/dags/stoke_dag.py
[2026-09-16T17:20:44.138+0000] {processor.py:830} INFO - Processing file /opt/airflow/dags/stoke_dag.py for tasks to queue
[2026-09-16T17:20:44.140+0000] {logging_mixin.py:188} INFO - [2026-09-16T17:20:44.140+0000] {dagbag.py:545} INFO - Filling up the DagBag from /opt/airflow/dags/stoke_dag.py
[2026-09-16T17:20:44.160+0000] {processor.py:840} INFO - DAG(s) 'save_data' retrieved from /opt/airflow/dags/stoke_dag.py
[2026-09-16T17:20:44.179+0000] {logging_mixin.py:188} INFO - [2026-09-16T17:20:44.179+0000] {dag.py:3096} INFO - Sync 1 DAGs
[2026-09-16T17:20:44.189+0000] {logging_mixin.py:188} INFO - [2026-09-16T17:20:44.189+0000] {dag.py:3954} INFO - Setting next_dagrun for save_data to None, run_after=None
[2026-09-16T17:20:44.210+0000] {processor.py:183} INFO - Processing /opt/airflow/dags/stoke_dag.py took 0.081 seconds
[2026-09-16T17:21:14.529+0000] {processor.py:161} INFO - Started process (PID=2051) to work on /opt/airflow/dags/stoke_dag.py
[2026-09-16T17:21:14.531+0000] {processor.py:830} INFO - Processing file /opt/airflow/dags/stoke_dag.py for tasks to queue
[2026-09-16T17:21:14.533+0000] {logging_mixin.py:188} INFO - [2026-09-16T17:21:14.532+0000] {dagbag.py:545} INFO - Filling up the DagBag from /opt/airflow/dags/stoke_dag.py
[2026-09-16T17:21:14.552+0000] {processor.py:840} INFO - DAG(s) 'save_data' retrieved from /opt/airflow/dags/stoke_dag.py
[2026-09-16T17:21:14.571+0000] {logging_mixin.py:188} INFO - [2026-09-16T17:21:14.571+0000] {dag.py:3096} INFO - Sync 1 DAGs
[2026-09-16T17:21:14.581+0000] {logging_mixin.py:188} INFO - [2026-09-16T17:21:14.581+0000] {dag.py:3954} INFO - Setting next_dagrun for save_data to None, run_after=None
[2026-09-16T17:21:14.601+0000] {processor.py:183} INFO - Processing /opt/airflow/dags/stoke_dag.py took 0.079 seconds
[2026-09-16T17:21:44.938+0000] {processor.py:161} INFO - Started process (PID=2059) to work on /opt/airflow/dags/stoke_dag.py
[2026-09-16T17:21:44.940+0000] {processor.py:830} INFO - Processing file /opt/airflow/dags/stoke_dag.py for tasks to queue
[2026-09-16T17:21:44.941+0000] {logging_mixin.py:188} INFO - [2026-09-16T17:21:44.941+0000] {dagbag.py:545} INFO - Filling up the DagBag from /opt/airflow/dags/stoke_dag.py
[2026-09-16T17:21:44.956+0000] {processor.py:840} INFO - DAG(s) 'save_data' retrieved from /opt/airflow/dags/stoke_dag.py
[2026-09-16T17:21:44.974+0000] {logging_mixin.py:188} INFO - [2026-09-16T17:21:44.974+0000] {dag.py:3096} INFO - Sync 1 DAGs
[2026-09-16T17:21:44.987+0000] {logging_mixin.py:188} INFO - [2026-09-16T17:21:44.987+0000] {dag.py:3954} INFO - Setting next_dagrun for save_data to None, run_after=None
[2026-09-16T17:21:45.004+0000] {processor.py:183} INFO - Processing /opt/airflow/dags/stoke_dag.py took 0.072 seconds
[2026-09-16T17:22:15.282+0000] {processor.py:161} INFO - Started process (PID=2068) to work on /opt/airflow/dags/stoke_dag.py
[2026-09-16T17:22:15.283+0000] {processor.py:830} INFO - Processing file /opt/airflow/dags/stoke_dag.py for tasks to queue
[2026-09-16T17:22:15.286+0000] {logging_mixin.py:188} INFO - [2026-09-16T17:22:15.286+0000] {dagbag.py:545} INFO - Filling up the DagBag from /opt/airflow/dags/stoke_dag.py
[2026-09-16T17:22:15.304+0000] {processor.py:840} INFO - DAG(s) 'save_data' retrieved from /opt/airflow/dags/stoke_dag.py
[2026-09-16T17:22:15.323+0000] {logging_mixin.py:188} INFO - [2026-09-16T17:22:15.323+0000] {dag.py:3096} INFO - Sync 1 DAGs
[2026-09-16T17:22:15.333+0000] {logging_mixin.py:188} INFO - [2026-09-16T17:22:15.332+0000] {dag.py:3954} INFO - Setting next_dagrun for save_data to None, run_after=None
[2026-09-16T17:22:15.351+0000] {processor.py:183} INFO - Processing /opt/airflow/dags/stoke_dag.py took 0.075 seconds
[2026-09-16T17:22:45.669+0000] {processor.py:161} INFO - Started process (PID=2077) to work on /opt/airflow/dags/stoke_dag.py
[2026-09-16T17:22:45.671+0000] {processor.py:830} INFO - Processing file /opt/airflow/dags/stoke_dag.py for tasks to queue
[2026-09-16T17:22:45.674+0000] {logging_mixin.py:188} INFO - [2026-09-16T17:22:45.674+0000] {dagbag.py:545} INFO - Filling up the DagBag from /opt/airflow/dags/stoke_dag.py
[2026-09-16T17:22:45.694+0000] {processor.py:840} INFO - DAG(s) 'save_data' retrieved from /opt/airflow/dags/stoke_dag.py
[2026-09-16T17:22:45.714+0000] {logging_mixin.py:188} INFO - [2026-09-16T17:22:45.714+0000] {dag.py:3096} INFO - Sync 1 DAGs
[2026-09-16T17:22:45.725+0000] {logging_mixin.py:188} INFO - [2026-09-16T17:22:45.725+0000] {dag.py:3954} INFO - Setting next_dagrun for save_data to None, run_after=None
[2026-09-16T17:22:45.744+0000] {processor.py:183} INFO - Processing /opt/airflow/dags/stoke_dag.py took 0.081 seconds
[2026-09-16T17:23:16.040+0000] {processor.py:161} INFO - Started process (PID=2086) to work on /opt/airflow/dags/stoke_dag.py
[2026-09-16T17:23:16.041+0000] {processor.py:830} INFO - Processing file /opt/airflow/dags/stoke_dag.py for tasks to queue
[2026-09-16T17:23:16.043+0000] {logging_mixin.py:188} INFO - [2026-09-16T17:23:16.043+0000] {dagbag.py:545} INFO - Filling up the DagBag from /opt/airflow/dags/stoke_dag.py
[2026-09-16T17:23:16.064+0000] {processor.py:840} INFO - DAG(s) 'save_data' retrieved from /opt/airflow/dags/stoke_dag.py
[2026-09-16T17:23:16.089+0000] {logging_mixin.py:188} INFO - [2026-09-16T17:23:16.089+0000] {dag.py:3096} INFO - Sync 1 DAGs
[2026-09-16T17:23:16.100+0000] {logging_mixin.py:188} INFO - [2026-09-16T17:23:16.100+0000] {dag.py:3954} INFO - Setting next_dagrun for save_data to None, run_after=None
[2026-09-16T17:23:16.117+0000] {processor.py:183} INFO - Processing /opt/airflow/dags/stoke_dag.py took 0.083 seconds
[2026-09-16T17:23:46.412+0000] {processor.py:161} INFO - Started process (PID=2095) to work on /opt/airflow/dags/stoke_dag.py
[2026-09-16T17:23:46.414+0000] {processor.py:830} INFO - Processing file /opt/airflow/dags/stoke_dag.py for tasks to queue
[2026-09-16T17:23:46.416+0000] {logging_mixin.py:188} INFO - [2026-09-16T17:23:46.416+0000] {dagbag.py:545} INFO - Filling up the DagBag from /opt/airflow/dags/stoke_dag.py
[2026-09-16T17:23:46.484+0000] {processor.py:840} INFO - DAG(s) 'save_data' retrieved from /opt/airflow/dags/stoke_dag.py
[2026-09-16T17:23:46.538+0000] {logging_mixin.py:188} INFO - [2026-09-16T17:23:46.538+0000] {dag.py:3096} INFO - Sync 1 DAGs
[2026-09-16T17:23:46.571+0000] {logging_mixin.py:188} INFO - [2026-09-16T17:23:46.571+0000] {dag.py:3954} INFO - Setting next_dagrun for save_data to None, run_after=None
[2026-09-16T17:23:46.607+0000] {processor.py:183} INFO - Processing /opt/airflow/dags/stoke_dag.py took 0.203 seconds
[2026-09-16T17:24:16.978+0000] {processor.py:161} INFO - Started process (PID=2104) to work on /opt/airflow/dags/stoke_dag.py
[2026-09-16T17:24:16.981+0000] {processor.py:830} INFO - Processing file /opt/airflow/dags/stoke_dag.py for tasks to queue
[2026-09-16T17:24:16.984+0000] {logging_mixin.py:188} INFO - [2026-09-16T17:24:16.984+0000] {dagbag.py:545} INFO - Filling up the DagBag from /opt/airflow/dags/stoke_dag.py
[2026-09-16T17:24:17.006+0000] {processor.py:840} INFO - DAG(s) 'save_data' retrieved from /opt/airflow/dags/stoke_dag.py
[2026-09-16T17:24:17.036+0000] {logging_mixin.py:188} INFO - [2026-09-16T17:24:17.036+0000] {dag.py:3096} INFO - Sync 1 DAGs
[2026-09-16T17:24:17.052+0000] {logging_mixin.py:188} INFO - [2026-09-16T17:24:17.052+0000] {dag.py:3954} INFO - Setting next_dagrun for save_data to None, run_after=None
[2026-09-16T17:24:17.077+0000] {processor.py:183} INFO - Processing /opt/airflow/dags/stoke_dag.py took 0.110 seconds
[2026-09-16T17:24:47.420+0000] {processor.py:161} INFO - Started process (PID=2113) to work on /opt/airflow/dags/stoke_dag.py
[2026-09-16T17:24:47.421+0000] {processor.py:830} INFO - Processing file /opt/airflow/dags/stoke_dag.py for tasks to queue
[2026-09-16T17:24:47.423+0000] {logging_mixin.py:188} INFO - [2026-09-16T17:24:47.422+0000] {dagbag.py:545} INFO - Filling up the DagBag from /opt/airflow/dags/stoke_dag.py
[2026-09-16T17:24:47.437+0000] {processor.py:840} INFO - DAG(s) 'save_data' retrieved from /opt/airflow/dags/stoke_dag.py
[2026-09-16T17:24:47.455+0000] {logging_mixin.py:188} INFO - [2026-09-16T17:24:47.455+0000] {dag.py:3096} INFO - Sync 1 DAGs
[2026-09-16T17:24:47.465+0000] {logging_mixin.py:188} INFO - [2026-09-16T17:24:47.465+0000] {dag.py:3954} INFO - Setting next_dagrun for save_data to None, run_after=None
[2026-09-16T17:24:47.484+0000] {processor.py:183} INFO - Processing /opt/airflow/dags/stoke_dag.py took 0.070 seconds
[2026-09-16T17:25:17.803+0000] {processor.py:161} INFO - Started process (PID=2122) to work on /opt/airflow/dags/stoke_dag.py
[2026-09-16T17:25:17.804+0000] {processor.py:830} INFO - Processing file /opt/airflow/dags/stoke_dag.py for tasks to queue
[2026-09-16T17:25:17.806+0000] {logging_mixin.py:188} INFO - [2026-09-16T17:25:17.805+0000] {dagbag.py:545} INFO - Filling up the DagBag from /opt/airflow/dags/stoke_dag.py
[2026-09-16T17:25:17.824+0000] {processor.py:840} INFO - DAG(s) 'save_data' retrieved from /opt/airflow/dags/stoke_dag.py
[2026-09-16T17:25:17.846+0000] {logging_mixin.py:188} INFO - [2026-09-16T17:25:17.845+0000] {dag.py:3096} INFO - Sync 1 DAGs
[2026-09-16T17:25:17.857+0000] {logging_mixin.py:188} INFO - [2026-09-16T17:25:17.857+0000] {dag.py:3954} INFO - Setting next_dagrun for save_data to None, run_after=None
[2026-09-16T17:25:17.879+0000] {processor.py:183} INFO - Processing /opt/airflow/dags/stoke_dag.py took 0.082 seconds
[2026-09-16T17:25:48.142+0000] {processor.py:161} INFO - Started process (PID=2131) to work on /opt/airflow/dags/stoke_dag.py
[2026-09-16T17:25:48.144+0000] {processor.py:830} INFO - Processing file /opt/airflow/dags/stoke_dag.py for tasks to queue
[2026-09-16T17:25:48.146+0000] {logging_mixin.py:188} INFO - [2026-09-16T17:25:48.146+0000] {dagbag.py:545} INFO - Filling up the DagBag from /opt/airflow/dags/stoke_dag.py
[2026-09-16T17:25:48.166+0000] {processor.py:840} INFO - DAG(s) 'save_data' retrieved from /opt/airflow/dags/stoke_dag.py
[2026-09-16T17:25:48.185+0000] {logging_mixin.py:188} INFO - [2026-09-16T17:25:48.184+0000] {dag.py:3096} INFO - Sync 1 DAGs
[2026-09-16T17:25:48.195+0000] {logging_mixin.py:188} INFO - [2026-09-16T17:25:48.195+0000] {dag.py:3954} INFO - Setting next_dagrun for save_data to None, run_after=None
[2026-09-16T17:25:48.213+0000] {processor.py:183} INFO - Processing /opt/airflow/dags/stoke_dag.py took 0.079 seconds
[2026-09-16T17:26:18.529+0000] {processor.py:161} INFO - Started process (PID=2140) to work on /opt/airflow/dags/stoke_dag.py
[2026-09-16T17:26:18.530+0000] {processor.py:830} INFO - Processing file /opt/airflow/dags/stoke_dag.py for tasks to queue
[2026-09-16T17:26:18.532+0000] {logging_mixin.py:188} INFO - [2026-09-16T17:26:18.532+0000] {dagbag.py:545} INFO - Filling up the DagBag from /opt/airflow/dags/stoke_dag.py
[2026-09-16T17:26:18.547+0000] {processor.py:840} INFO - DAG(s) 'save_data' retrieved from /opt/airflow/dags/stoke_dag.py
[2026-09-16T17:26:18.566+0000] {logging_mixin.py:188} INFO - [2026-09-16T17:26:18.566+0000] {dag.py:3096} INFO - Sync 1 DAGs
[2026-09-16T17:26:18.576+0000] {logging_mixin.py:188} INFO - [2026-09-16T17:26:18.576+0000] {dag.py:3954} INFO - Setting next_dagrun for save_data to None, run_after=None
[2026-09-16T17:26:18.594+0000] {processor.py:183} INFO - Processing /opt/airflow/dags/stoke_dag.py took 0.071 seconds
[2026-09-16T17:26:48.935+0000] {processor.py:161} INFO - Started process (PID=2149) to work on /opt/airflow/dags/stoke_dag.py
[2026-09-16T17:26:48.936+0000] {processor.py:830} INFO - Processing file /opt/airflow/dags/stoke_dag.py for tasks to queue
[2026-09-16T17:26:48.939+0000] {logging_mixin.py:188} INFO - [2026-09-16T17:26:48.939+0000] {dagbag.py:545} INFO - Filling up the DagBag from /opt/airflow/dags/stoke_dag.py
[2026-09-16T17:26:48.959+0000] {processor.py:840} INFO - DAG(s) 'save_data' retrieved from /opt/airflow/dags/stoke_dag.py
[2026-09-16T17:26:48.977+0000] {logging_mixin.py:188} INFO - [2026-09-16T17:26:48.977+0000] {dag.py:3096} INFO - Sync 1 DAGs
[2026-09-16T17:26:48.989+0000] {logging_mixin.py:188} INFO - [2026-09-16T17:26:48.989+0000] {dag.py:3954} INFO - Setting next_dagrun for save_data to None, run_after=None
[2026-09-16T17:26:49.009+0000] {processor.py:183} INFO - Processing /opt/airflow/dags/stoke_dag.py took 0.082 seconds
[2026-09-16T17:27:19.317+0000] {processor.py:161} INFO - Started process (PID=2158) to work on /opt/airflow/dags/stoke_dag.py
[2026-09-16T17:27:19.319+0000] {processor.py:830} INFO - Processing file /opt/airflow/dags/stoke_dag.py for tasks to queue
[2026-09-16T17:27:19.321+0000] {logging_mixin.py:188} INFO - [2026-09-16T17:27:19.321+0000] {dagbag.py:545} INFO - Filling up the DagBag from /opt/airflow/dags/stoke_dag.py
[2026-09-16T17:27:19.337+0000] {processor.py:840} INFO - DAG(s) 'save_data' retrieved from /opt/airflow/dags/stoke_dag.py
[2026-09-16T17:27:19.356+0000] {logging_mixin.py:188} INFO - [2026-09-16T17:27:19.356+0000] {dag.py:3096} INFO - Sync 1 DAGs
[2026-09-16T17:27:19.366+0000] {logging_mixin.py:188} INFO - [2026-09-16T17:27:19.365+0000] {dag.py:3954} INFO - Setting next_dagrun for save_data to None, run_after=None
[2026-09-16T17:27:19.384+0000] {processor.py:183} INFO - Processing /opt/airflow/dags/stoke_dag.py took 0.074 seconds
[2026-09-16T17:27:49.627+0000] {processor.py:161} INFO - Started process (PID=2167) to work on /opt/airflow/dags/stoke_dag.py
[2026-09-16T17:27:49.628+0000] {processor.py:830} INFO - Processing file /opt/airflow/dags/stoke_dag.py for tasks to queue
[2026-09-16T17:27:49.630+0000] {logging_mixin.py:188} INFO - [2026-09-16T17:27:49.630+0000] {dagbag.py:545} INFO - Filling up the DagBag from /opt/airflow/dags/stoke_dag.py
[2026-09-16T17:27:49.649+0000] {processor.py:840} INFO - DAG(s) 'save_data' retrieved from /opt/airflow/dags/stoke_dag.py
[2026-09-16T17:27:49.668+0000] {logging_mixin.py:188} INFO - [2026-09-16T17:27:49.668+0000] {dag.py:3096} INFO - Sync 1 DAGs
[2026-09-16T17:27:49.680+0000] {logging_mixin.py:188} INFO - [2026-09-16T17:27:49.680+0000] {dag.py:3954} INFO - Setting next_dagrun for save_data to None, run_after=None
[2026-09-16T17:27:49.699+0000] {processor.py:183} INFO - Processing /opt/airflow/dags/stoke_dag.py took 0.078 seconds
[2026-09-16T17:28:20.063+0000] {processor.py:161} INFO - Started process (PID=2176) to work on /opt/airflow/dags/stoke_dag.py
[2026-09-16T17:28:20.065+0000] {processor.py:830} INFO - Processing file /opt/airflow/dags/stoke_dag.py for tasks to queue
[2026-09-16T17:28:20.067+0000] {logging_mixin.py:188} INFO - [2026-09-16T17:28:20.066+0000] {dagbag.py:545} INFO - Filling up the DagBag from /opt/airflow/dags/stoke_dag.py
[2026-09-16T17:28:20.083+0000] {processor.py:840} INFO - DAG(s) 'save_data' retrieved from /opt/airflow/dags/stoke_dag.py
[2026-09-16T17:28:20.102+0000] {logging_mixin.py:188} INFO - [2026-09-16T17:28:20.102+0000] {dag.py:3096} INFO - Sync 1 DAGs
[2026-09-16T17:28:20.112+0000] {logging_mixin.py:188} INFO - [2026-09-16T17:28:20.111+0000] {dag.py:3954} INFO - Setting next_dagrun for save_data to None, run_after=None
[2026-09-16T17:28:20.130+0000] {processor.py:183} INFO - Processing /opt/airflow/dags/stoke_dag.py took 0.075 seconds
[2026-09-16T17:28:50.467+0000] {processor.py:161} INFO - Started process (PID=2185) to work on /opt/airflow/dags/stoke_dag.py
[2026-09-16T17:28:50.468+0000] {processor.py:830} INFO - Processing file /opt/airflow/dags/stoke_dag.py for tasks to queue
[2026-09-16T17:28:50.470+0000] {logging_mixin.py:188} INFO - [2026-09-16T17:28:50.470+0000] {dagbag.py:545} INFO - Filling up the DagBag from /opt/airflow/dags/stoke_dag.py
[2026-09-16T17:28:50.484+0000] {processor.py:840} INFO - DAG(s) 'save_data' retrieved from /opt/airflow/dags/stoke_dag.py
[2026-09-16T17:28:50.509+0000] {logging_mixin.py:188} INFO - [2026-09-16T17:28:50.508+0000] {dag.py:3096} INFO - Sync 1 DAGs
[2026-09-16T17:28:50.519+0000] {logging_mixin.py:188} INFO - [2026-09-16T17:28:50.518+0000] {dag.py:3954} INFO - Setting next_dagrun for save_data to None, run_after=None
[2026-09-16T17:28:50.537+0000] {processor.py:183} INFO - Processing /opt/airflow/dags/stoke_dag.py took 0.075 seconds
[2026-09-16T17:29:20.839+0000] {processor.py:161} INFO - Started process (PID=2194) to work on /opt/airflow/dags/stoke_dag.py
[2026-09-16T17:29:20.840+0000] {processor.py:830} INFO - Processing file /opt/airflow/dags/stoke_dag.py for tasks to queue
[2026-09-16T17:29:20.842+0000] {logging_mixin.py:188} INFO - [2026-09-16T17:29:20.842+0000] {dagbag.py:545} INFO - Filling up the DagBag from /opt/airflow/dags/stoke_dag.py
[2026-09-16T17:29:20.858+0000] {processor.py:840} INFO - DAG(s) 'save_data' retrieved from /opt/airflow/dags/stoke_dag.py
[2026-09-16T17:29:20.878+0000] {logging_mixin.py:188} INFO - [2026-09-16T17:29:20.877+0000] {dag.py:3096} INFO - Sync 1 DAGs
[2026-09-16T17:29:20.888+0000] {logging_mixin.py:188} INFO - [2026-09-16T17:29:20.888+0000] {dag.py:3954} INFO - Setting next_dagrun for save_data to None, run_after=None
[2026-09-16T17:29:20.907+0000] {processor.py:183} INFO - Processing /opt/airflow/dags/stoke_dag.py took 0.073 seconds
[2026-09-16T17:29:51.285+0000] {processor.py:161} INFO - Started process (PID=2203) to work on /opt/airflow/dags/stoke_dag.py
[2026-09-16T17:29:51.286+0000] {processor.py:830} INFO - Processing file /opt/airflow/dags/stoke_dag.py for tasks to queue
[2026-09-16T17:29:51.288+0000] {logging_mixin.py:188} INFO - [2026-09-16T17:29:51.288+0000] {dagbag.py:545} INFO - Filling up the DagBag from /opt/airflow/dags/stoke_dag.py
[2026-09-16T17:29:51.306+0000] {processor.py:840} INFO - DAG(s) 'save_data' retrieved from /opt/airflow/dags/stoke_dag.py
[2026-09-16T17:29:51.325+0000] {logging_mixin.py:188} INFO - [2026-09-16T17:29:51.325+0000] {dag.py:3096} INFO - Sync 1 DAGs
[2026-09-16T17:29:51.336+0000] {logging_mixin.py:188} INFO - [2026-09-16T17:29:51.336+0000] {dag.py:3954} INFO - Setting next_dagrun for save_data to None, run_after=None
[2026-09-16T17:29:51.357+0000] {processor.py:183} INFO - Processing /opt/airflow/dags/stoke_dag.py took 0.077 seconds
[2026-09-16T17:30:21.723+0000] {processor.py:161} INFO - Started process (PID=2212) to work on /opt/airflow/dags/stoke_dag.py
[2026-09-16T17:30:21.725+0000] {processor.py:830} INFO - Processing file /opt/airflow/dags/stoke_dag.py for tasks to queue
[2026-09-16T17:30:21.727+0000] {logging_mixin.py:188} INFO - [2026-09-16T17:30:21.726+0000] {dagbag.py:545} INFO - Filling up the DagBag from /opt/airflow/dags/stoke_dag.py
[2026-09-16T17:30:21.750+0000] {processor.py:840} INFO - DAG(s) 'save_data' retrieved from /opt/airflow/dags/stoke_dag.py
[2026-09-16T17:30:21.770+0000] {logging_mixin.py:188} INFO - [2026-09-16T17:30:21.769+0000] {dag.py:3096} INFO - Sync 1 DAGs
[2026-09-16T17:30:21.783+0000] {logging_mixin.py:188} INFO - [2026-09-16T17:30:21.783+0000] {dag.py:3954} INFO - Setting next_dagrun for save_data to None, run_after=None
[2026-09-16T17:30:21.807+0000] {processor.py:183} INFO - Processing /opt/airflow/dags/stoke_dag.py took 0.091 seconds
[2026-09-16T17:30:56.632+0000] {processor.py:161} INFO - Started process (PID=2219) to work on /opt/airflow/dags/stoke_dag.py
[2026-09-16T17:30:56.637+0000] {processor.py:830} INFO - Processing file /opt/airflow/dags/stoke_dag.py for tasks to queue
[2026-09-16T17:30:56.650+0000] {logging_mixin.py:188} INFO - [2026-09-16T17:30:56.649+0000] {dagbag.py:545} INFO - Filling up the DagBag from /opt/airflow/dags/stoke_dag.py
[2026-09-16T17:30:56.714+0000] {processor.py:840} INFO - DAG(s) 'save_data' retrieved from /opt/airflow/dags/stoke_dag.py
[2026-09-16T17:30:56.825+0000] {logging_mixin.py:188} INFO - [2026-09-16T17:30:56.816+0000] {dag.py:3096} INFO - Sync 1 DAGs
[2026-09-16T17:30:56.887+0000] {logging_mixin.py:188} INFO - [2026-09-16T17:30:56.886+0000] {dag.py:3954} INFO - Setting next_dagrun for save_data to None, run_after=None
[2026-09-16T17:30:57.031+0000] {processor.py:183} INFO - Processing /opt/airflow/dags/stoke_dag.py took 0.430 seconds
[2026-09-16T17:43:24.071+0000] {processor.py:161} INFO - Started process (PID=2222) to work on /opt/airflow/dags/stoke_dag.py
[2026-09-16T17:43:24.074+0000] {processor.py:830} INFO - Processing file /opt/airflow/dags/stoke_dag.py for tasks to queue
[2026-09-16T17:43:24.079+0000] {logging_mixin.py:188} INFO - [2026-09-16T17:43:24.078+0000] {dagbag.py:545} INFO - Filling up the DagBag from /opt/airflow/dags/stoke_dag.py
[2026-09-16T17:43:24.112+0000] {processor.py:840} INFO - DAG(s) 'save_data' retrieved from /opt/airflow/dags/stoke_dag.py
[2026-09-16T17:43:24.174+0000] {logging_mixin.py:188} INFO - [2026-09-16T17:43:24.174+0000] {dag.py:3096} INFO - Sync 1 DAGs
[2026-09-16T17:43:24.205+0000] {logging_mixin.py:188} INFO - [2026-09-16T17:43:24.205+0000] {dag.py:3954} INFO - Setting next_dagrun for save_data to None, run_after=None
[2026-09-16T17:43:24.255+0000] {processor.py:183} INFO - Processing /opt/airflow/dags/stoke_dag.py took 0.204 seconds
[2026-09-16T17:43:54.522+0000] {processor.py:161} INFO - Started process (PID=2231) to work on /opt/airflow/dags/stoke_dag.py
[2026-09-16T17:43:54.524+0000] {processor.py:830} INFO - Processing file /opt/airflow/dags/stoke_dag.py for tasks to queue
[2026-09-16T17:43:54.528+0000] {logging_mixin.py:188} INFO - [2026-09-16T17:43:54.528+0000] {dagbag.py:545} INFO - Filling up the DagBag from /opt/airflow/dags/stoke_dag.py
[2026-09-16T17:43:54.557+0000] {processor.py:840} INFO - DAG(s) 'save_data' retrieved from /opt/airflow/dags/stoke_dag.py
[2026-09-16T17:43:54.591+0000] {logging_mixin.py:188} INFO - [2026-09-16T17:43:54.591+0000] {dag.py:3096} INFO - Sync 1 DAGs
[2026-09-16T17:43:54.610+0000] {logging_mixin.py:188} INFO - [2026-09-16T17:43:54.609+0000] {dag.py:3954} INFO - Setting next_dagrun for save_data to None, run_after=None
[2026-09-16T17:43:54.637+0000] {processor.py:183} INFO - Processing /opt/airflow/dags/stoke_dag.py took 0.127 seconds
[2026-09-16T17:44:24.995+0000] {processor.py:161} INFO - Started process (PID=2238) to work on /opt/airflow/dags/stoke_dag.py
[2026-09-16T17:44:24.998+0000] {processor.py:830} INFO - Processing file /opt/airflow/dags/stoke_dag.py for tasks to queue
[2026-09-16T17:44:25.003+0000] {logging_mixin.py:188} INFO - [2026-09-16T17:44:25.002+0000] {dagbag.py:545} INFO - Filling up the DagBag from /opt/airflow/dags/stoke_dag.py
[2026-09-16T17:44:25.034+0000] {processor.py:840} INFO - DAG(s) 'save_data' retrieved from /opt/airflow/dags/stoke_dag.py
[2026-09-16T17:44:25.109+0000] {logging_mixin.py:188} INFO - [2026-09-16T17:44:25.109+0000] {dag.py:3096} INFO - Sync 1 DAGs
[2026-09-16T17:44:25.136+0000] {logging_mixin.py:188} INFO - [2026-09-16T17:44:25.135+0000] {dag.py:3954} INFO - Setting next_dagrun for save_data to None, run_after=None
[2026-09-16T17:44:25.179+0000] {processor.py:183} INFO - Processing /opt/airflow/dags/stoke_dag.py took 0.197 seconds
[2026-09-16T17:44:55.513+0000] {processor.py:161} INFO - Started process (PID=2247) to work on /opt/airflow/dags/stoke_dag.py
[2026-09-16T17:44:55.515+0000] {processor.py:830} INFO - Processing file /opt/airflow/dags/stoke_dag.py for tasks to queue
[2026-09-16T17:44:55.517+0000] {logging_mixin.py:188} INFO - [2026-09-16T17:44:55.517+0000] {dagbag.py:545} INFO - Filling up the DagBag from /opt/airflow/dags/stoke_dag.py
[2026-09-16T17:44:55.536+0000] {processor.py:840} INFO - DAG(s) 'save_data' retrieved from /opt/airflow/dags/stoke_dag.py
[2026-09-16T17:44:55.562+0000] {logging_mixin.py:188} INFO - [2026-09-16T17:44:55.562+0000] {dag.py:3096} INFO - Sync 1 DAGs
[2026-09-16T17:44:55.576+0000] {logging_mixin.py:188} INFO - [2026-09-16T17:44:55.575+0000] {dag.py:3954} INFO - Setting next_dagrun for save_data to None, run_after=None
[2026-09-16T17:44:55.600+0000] {processor.py:183} INFO - Processing /opt/airflow/dags/stoke_dag.py took 0.094 seconds
[2026-09-16T17:45:25.901+0000] {processor.py:161} INFO - Started process (PID=2256) to work on /opt/airflow/dags/stoke_dag.py
[2026-09-16T17:45:25.902+0000] {processor.py:830} INFO - Processing file /opt/airflow/dags/stoke_dag.py for tasks to queue
[2026-09-16T17:45:25.905+0000] {logging_mixin.py:188} INFO - [2026-09-16T17:45:25.905+0000] {dagbag.py:545} INFO - Filling up the DagBag from /opt/airflow/dags/stoke_dag.py
[2026-09-16T17:45:25.931+0000] {processor.py:840} INFO - DAG(s) 'save_data' retrieved from /opt/airflow/dags/stoke_dag.py
[2026-09-16T17:45:25.963+0000] {logging_mixin.py:188} INFO - [2026-09-16T17:45:25.963+0000] {dag.py:3096} INFO - Sync 1 DAGs
[2026-09-16T17:45:25.978+0000] {logging_mixin.py:188} INFO - [2026-09-16T17:45:25.978+0000] {dag.py:3954} INFO - Setting next_dagrun for save_data to None, run_after=None
[2026-09-16T17:45:26.002+0000] {processor.py:183} INFO - Processing /opt/airflow/dags/stoke_dag.py took 0.112 seconds
[2026-09-16T17:45:56.145+0000] {processor.py:161} INFO - Started process (PID=2265) to work on /opt/airflow/dags/stoke_dag.py
[2026-09-16T17:45:56.147+0000] {processor.py:830} INFO - Processing file /opt/airflow/dags/stoke_dag.py for tasks to queue
[2026-09-16T17:45:56.150+0000] {logging_mixin.py:188} INFO - [2026-09-16T17:45:56.150+0000] {dagbag.py:545} INFO - Filling up the DagBag from /opt/airflow/dags/stoke_dag.py
[2026-09-16T17:45:56.171+0000] {processor.py:840} INFO - DAG(s) 'save_data' retrieved from /opt/airflow/dags/stoke_dag.py
[2026-09-16T17:45:56.201+0000] {logging_mixin.py:188} INFO - [2026-09-16T17:45:56.201+0000] {dag.py:3096} INFO - Sync 1 DAGs
[2026-09-16T17:45:56.217+0000] {logging_mixin.py:188} INFO - [2026-09-16T17:45:56.217+0000] {dag.py:3954} INFO - Setting next_dagrun for save_data to None, run_after=None
[2026-09-16T17:45:56.239+0000] {processor.py:183} INFO - Processing /opt/airflow/dags/stoke_dag.py took 0.103 seconds
[2026-09-16T17:46:26.438+0000] {processor.py:161} INFO - Started process (PID=2274) to work on /opt/airflow/dags/stoke_dag.py
[2026-09-16T17:46:26.440+0000] {processor.py:830} INFO - Processing file /opt/airflow/dags/stoke_dag.py for tasks to queue
[2026-09-16T17:46:26.442+0000] {logging_mixin.py:188} INFO - [2026-09-16T17:46:26.441+0000] {dagbag.py:545} INFO - Filling up the DagBag from /opt/airflow/dags/stoke_dag.py
[2026-09-16T17:46:26.463+0000] {processor.py:840} INFO - DAG(s) 'save_data' retrieved from /opt/airflow/dags/stoke_dag.py
[2026-09-16T17:46:26.491+0000] {logging_mixin.py:188} INFO - [2026-09-16T17:46:26.490+0000] {dag.py:3096} INFO - Sync 1 DAGs
[2026-09-16T17:46:26.506+0000] {logging_mixin.py:188} INFO - [2026-09-16T17:46:26.505+0000] {dag.py:3954} INFO - Setting next_dagrun for save_data to None, run_after=None
[2026-09-16T17:46:26.534+0000] {processor.py:183} INFO - Processing /opt/airflow/dags/stoke_dag.py took 0.102 seconds
[2026-09-16T17:46:37.695+0000] {processor.py:161} INFO - Started process (PID=2277) to work on /opt/airflow/dags/stoke_dag.py
[2026-09-16T17:46:37.697+0000] {processor.py:830} INFO - Processing file /opt/airflow/dags/stoke_dag.py for tasks to queue
[2026-09-16T17:46:37.699+0000] {logging_mixin.py:188} INFO - [2026-09-16T17:46:37.698+0000] {dagbag.py:545} INFO - Filling up the DagBag from /opt/airflow/dags/stoke_dag.py
[2026-09-16T17:46:37.722+0000] {logging_mixin.py:188} INFO - [2026-09-16T17:46:37.720+0000] {dagbag.py:355} ERROR - Failed to import: /opt/airflow/dags/stoke_dag.py
Traceback (most recent call last):
  File "/home/airflow/.local/lib/python3.10/site-packages/airflow/models/dagbag.py", line 351, in parse
    loader.exec_module(new_module)
  File "<frozen importlib._bootstrap_external>", line 879, in exec_module
  File "<frozen importlib._bootstrap_external>", line 1017, in get_code
  File "<frozen importlib._bootstrap_external>", line 947, in source_to_code
  File "<frozen importlib._bootstrap>", line 241, in _call_with_frames_removed
  File "/opt/airflow/dags/stoke_dag.py", line 19
    path = Path(f"/opt/airflow/src/assets/{json_name}.json)
                ^
SyntaxError: unterminated string literal (detected at line 19)
[2026-09-16T17:46:37.723+0000] {processor.py:842} WARNING - No viable dags retrieved from /opt/airflow/dags/stoke_dag.py
[2026-09-16T17:46:37.782+0000] {processor.py:183} INFO - Processing /opt/airflow/dags/stoke_dag.py took 0.096 seconds
[2026-09-16T17:46:39.737+0000] {processor.py:161} INFO - Started process (PID=2278) to work on /opt/airflow/dags/stoke_dag.py
[2026-09-16T17:46:39.739+0000] {processor.py:830} INFO - Processing file /opt/airflow/dags/stoke_dag.py for tasks to queue
[2026-09-16T17:46:39.746+0000] {logging_mixin.py:188} INFO - [2026-09-16T17:46:39.744+0000] {dagbag.py:545} INFO - Filling up the DagBag from /opt/airflow/dags/stoke_dag.py
[2026-09-16T17:46:39.793+0000] {processor.py:840} INFO - DAG(s) 'save_data' retrieved from /opt/airflow/dags/stoke_dag.py
[2026-09-16T17:46:39.847+0000] {logging_mixin.py:188} INFO - [2026-09-16T17:46:39.846+0000] {dag.py:3096} INFO - Sync 1 DAGs
[2026-09-16T17:46:39.881+0000] {logging_mixin.py:188} INFO - [2026-09-16T17:46:39.880+0000] {dag.py:3954} INFO - Setting next_dagrun for save_data to None, run_after=None
[2026-09-16T17:46:39.923+0000] {processor.py:183} INFO - Processing /opt/airflow/dags/stoke_dag.py took 0.196 seconds
[2026-09-16T17:46:43.875+0000] {processor.py:161} INFO - Started process (PID=2279) to work on /opt/airflow/dags/stoke_dag.py
[2026-09-16T17:46:43.877+0000] {processor.py:830} INFO - Processing file /opt/airflow/dags/stoke_dag.py for tasks to queue
[2026-09-16T17:46:43.879+0000] {logging_mixin.py:188} INFO - [2026-09-16T17:46:43.879+0000] {dagbag.py:545} INFO - Filling up the DagBag from /opt/airflow/dags/stoke_dag.py
[2026-09-16T17:46:43.909+0000] {processor.py:840} INFO - DAG(s) 'save_data' retrieved from /opt/airflow/dags/stoke_dag.py
[2026-09-16T17:46:43.936+0000] {logging_mixin.py:188} INFO - [2026-09-16T17:46:43.936+0000] {dag.py:3096} INFO - Sync 1 DAGs
[2026-09-16T17:46:43.951+0000] {logging_mixin.py:188} INFO - [2026-09-16T17:46:43.951+0000] {dag.py:3954} INFO - Setting next_dagrun for save_data to None, run_after=None
[2026-09-16T17:46:43.980+0000] {processor.py:183} INFO - Processing /opt/airflow/dags/stoke_dag.py took 0.112 seconds
[2026-09-16T17:46:45.030+0000] {processor.py:161} INFO - Started process (PID=2286) to work on /opt/airflow/dags/stoke_dag.py
[2026-09-16T17:46:45.033+0000] {processor.py:830} INFO - Processing file /opt/airflow/dags/stoke_dag.py for tasks to queue
[2026-09-16T17:46:45.037+0000] {logging_mixin.py:188} INFO - [2026-09-16T17:46:45.036+0000] {dagbag.py:545} INFO - Filling up the DagBag from /opt/airflow/dags/stoke_dag.py
[2026-09-16T17:46:45.069+0000] {logging_mixin.py:188} INFO - [2026-09-16T17:46:45.067+0000] {dagbag.py:355} ERROR - Failed to import: /opt/airflow/dags/stoke_dag.py
Traceback (most recent call last):
  File "/home/airflow/.local/lib/python3.10/site-packages/airflow/models/dagbag.py", line 351, in parse
    loader.exec_module(new_module)
  File "<frozen importlib._bootstrap_external>", line 879, in exec_module
  File "<frozen importlib._bootstrap_external>", line 1017, in get_code
  File "<frozen importlib._bootstrap_external>", line 947, in source_to_code
  File "<frozen importlib._bootstrap>", line 241, in _call_with_frames_removed
  File "/opt/airflow/dags/stoke_dag.py", line 19
    path = Path(f"/opt/airflow/src/assets/{json_name}.json)
                ^
SyntaxError: unterminated string literal (detected at line 19)
[2026-09-16T17:46:45.070+0000] {processor.py:842} WARNING - No viable dags retrieved from /opt/airflow/dags/stoke_dag.py
[2026-09-16T17:46:45.107+0000] {processor.py:183} INFO - Processing /opt/airflow/dags/stoke_dag.py took 0.101 seconds
[2026-09-16T17:46:46.083+0000] {processor.py:161} INFO - Started process (PID=2287) to work on /opt/airflow/dags/stoke_dag.py
[2026-09-16T17:46:46.085+0000] {processor.py:830} INFO - Processing file /opt/airflow/dags/stoke_dag.py for tasks to queue
[2026-09-16T17:46:46.088+0000] {logging_mixin.py:188} INFO - [2026-09-16T17:46:46.087+0000] {dagbag.py:545} INFO - Filling up the DagBag from /opt/airflow/dags/stoke_dag.py
[2026-09-16T17:46:46.137+0000] {processor.py:840} INFO - DAG(s) 'save_data' retrieved from /opt/airflow/dags/stoke_dag.py
[2026-09-16T17:46:46.170+0000] {logging_mixin.py:188} INFO - [2026-09-16T17:46:46.170+0000] {dag.py:3096} INFO - Sync 1 DAGs
[2026-09-16T17:46:46.188+0000] {logging_mixin.py:188} INFO - [2026-09-16T17:46:46.188+0000] {dag.py:3954} INFO - Setting next_dagrun for save_data to None, run_after=None
[2026-09-16T17:46:46.233+0000] {processor.py:183} INFO - Processing /opt/airflow/dags/stoke_dag.py took 0.162 seconds
[2026-09-16T17:47:16.705+0000] {processor.py:161} INFO - Started process (PID=2296) to work on /opt/airflow/dags/stoke_dag.py
[2026-09-16T17:47:16.743+0000] {processor.py:830} INFO - Processing file /opt/airflow/dags/stoke_dag.py for tasks to queue
[2026-09-16T17:47:16.760+0000] {logging_mixin.py:188} INFO - [2026-09-16T17:47:16.758+0000] {dagbag.py:545} INFO - Filling up the DagBag from /opt/airflow/dags/stoke_dag.py
[2026-09-16T17:47:17.243+0000] {processor.py:840} INFO - DAG(s) 'save_data' retrieved from /opt/airflow/dags/stoke_dag.py
[2026-09-16T17:47:17.346+0000] {logging_mixin.py:188} INFO - [2026-09-16T17:47:17.345+0000] {dag.py:3096} INFO - Sync 1 DAGs
[2026-09-16T17:47:17.429+0000] {logging_mixin.py:188} INFO - [2026-09-16T17:47:17.428+0000] {dag.py:3954} INFO - Setting next_dagrun for save_data to None, run_after=None
[2026-09-16T17:47:17.515+0000] {processor.py:183} INFO - Processing /opt/airflow/dags/stoke_dag.py took 0.880 seconds
[2026-09-16T17:47:47.681+0000] {processor.py:161} INFO - Started process (PID=2305) to work on /opt/airflow/dags/stoke_dag.py
[2026-09-16T17:47:47.683+0000] {processor.py:830} INFO - Processing file /opt/airflow/dags/stoke_dag.py for tasks to queue
[2026-09-16T17:47:47.685+0000] {logging_mixin.py:188} INFO - [2026-09-16T17:47:47.685+0000] {dagbag.py:545} INFO - Filling up the DagBag from /opt/airflow/dags/stoke_dag.py
[2026-09-16T17:47:47.718+0000] {processor.py:840} INFO - DAG(s) 'save_data' retrieved from /opt/airflow/dags/stoke_dag.py
[2026-09-16T17:47:47.793+0000] {logging_mixin.py:188} INFO - [2026-09-16T17:47:47.792+0000] {dag.py:3096} INFO - Sync 1 DAGs
[2026-09-16T17:47:47.830+0000] {logging_mixin.py:188} INFO - [2026-09-16T17:47:47.829+0000] {dag.py:3954} INFO - Setting next_dagrun for save_data to None, run_after=None
[2026-09-16T17:47:47.875+0000] {processor.py:183} INFO - Processing /opt/airflow/dags/stoke_dag.py took 0.208 seconds
[2026-09-16T17:48:18.182+0000] {processor.py:161} INFO - Started process (PID=2314) to work on /opt/airflow/dags/stoke_dag.py
[2026-09-16T17:48:18.183+0000] {processor.py:830} INFO - Processing file /opt/airflow/dags/stoke_dag.py for tasks to queue
[2026-09-16T17:48:18.185+0000] {logging_mixin.py:188} INFO - [2026-09-16T17:48:18.185+0000] {dagbag.py:545} INFO - Filling up the DagBag from /opt/airflow/dags/stoke_dag.py
[2026-09-16T17:48:18.201+0000] {processor.py:840} INFO - DAG(s) 'save_data' retrieved from /opt/airflow/dags/stoke_dag.py
[2026-09-16T17:48:18.223+0000] {logging_mixin.py:188} INFO - [2026-09-16T17:48:18.223+0000] {dag.py:3096} INFO - Sync 1 DAGs
[2026-09-16T17:48:18.236+0000] {logging_mixin.py:188} INFO - [2026-09-16T17:48:18.236+0000] {dag.py:3954} INFO - Setting next_dagrun for save_data to None, run_after=None
[2026-09-16T17:48:18.264+0000] {processor.py:183} INFO - Processing /opt/airflow/dags/stoke_dag.py took 0.090 seconds
[2026-09-16T17:48:48.586+0000] {processor.py:161} INFO - Started process (PID=2323) to work on /opt/airflow/dags/stoke_dag.py
[2026-09-16T17:48:48.588+0000] {processor.py:830} INFO - Processing file /opt/airflow/dags/stoke_dag.py for tasks to queue
[2026-09-16T17:48:48.592+0000] {logging_mixin.py:188} INFO - [2026-09-16T17:48:48.592+0000] {dagbag.py:545} INFO - Filling up the DagBag from /opt/airflow/dags/stoke_dag.py
[2026-09-16T17:48:48.624+0000] {processor.py:840} INFO - DAG(s) 'save_data' retrieved from /opt/airflow/dags/stoke_dag.py
[2026-09-16T17:48:48.657+0000] {logging_mixin.py:188} INFO - [2026-09-16T17:48:48.657+0000] {dag.py:3096} INFO - Sync 1 DAGs
[2026-09-16T17:48:48.672+0000] {logging_mixin.py:188} INFO - [2026-09-16T17:48:48.672+0000] {dag.py:3954} INFO - Setting next_dagrun for save_data to None, run_after=None
[2026-09-16T17:48:48.696+0000] {processor.py:183} INFO - Processing /opt/airflow/dags/stoke_dag.py took 0.123 seconds
[2026-09-16T17:49:19.033+0000] {processor.py:161} INFO - Started process (PID=2332) to work on /opt/airflow/dags/stoke_dag.py
[2026-09-16T17:49:19.034+0000] {processor.py:830} INFO - Processing file /opt/airflow/dags/stoke_dag.py for tasks to queue
[2026-09-16T17:49:19.037+0000] {logging_mixin.py:188} INFO - [2026-09-16T17:49:19.036+0000] {dagbag.py:545} INFO - Filling up the DagBag from /opt/airflow/dags/stoke_dag.py
[2026-09-16T17:49:19.065+0000] {processor.py:840} INFO - DAG(s) 'save_data' retrieved from /opt/airflow/dags/stoke_dag.py
[2026-09-16T17:49:19.100+0000] {logging_mixin.py:188} INFO - [2026-09-16T17:49:19.100+0000] {dag.py:3096} INFO - Sync 1 DAGs
[2026-09-16T17:49:19.123+0000] {logging_mixin.py:188} INFO - [2026-09-16T17:49:19.123+0000] {dag.py:3954} INFO - Setting next_dagrun for save_data to None, run_after=None
[2026-09-16T17:49:19.157+0000] {processor.py:183} INFO - Processing /opt/airflow/dags/stoke_dag.py took 0.130 seconds
[2026-09-16T17:49:49.440+0000] {processor.py:161} INFO - Started process (PID=2341) to work on /opt/airflow/dags/stoke_dag.py
[2026-09-16T17:49:49.442+0000] {processor.py:830} INFO - Processing file /opt/airflow/dags/stoke_dag.py for tasks to queue
[2026-09-16T17:49:49.446+0000] {logging_mixin.py:188} INFO - [2026-09-16T17:49:49.445+0000] {dagbag.py:545} INFO - Filling up the DagBag from /opt/airflow/dags/stoke_dag.py
[2026-09-16T17:49:49.480+0000] {processor.py:840} INFO - DAG(s) 'save_data' retrieved from /opt/airflow/dags/stoke_dag.py
[2026-09-16T17:49:49.518+0000] {logging_mixin.py:188} INFO - [2026-09-16T17:49:49.518+0000] {dag.py:3096} INFO - Sync 1 DAGs
[2026-09-16T17:49:49.535+0000] {logging_mixin.py:188} INFO - [2026-09-16T17:49:49.535+0000] {dag.py:3954} INFO - Setting next_dagrun for save_data to None, run_after=None
[2026-09-16T17:49:49.565+0000] {processor.py:183} INFO - Processing /opt/airflow/dags/stoke_dag.py took 0.132 seconds
[2026-09-16T17:50:19.643+0000] {processor.py:161} INFO - Started process (PID=2350) to work on /opt/airflow/dags/stoke_dag.py
[2026-09-16T17:50:19.644+0000] {processor.py:830} INFO - Processing file /opt/airflow/dags/stoke_dag.py for tasks to queue
[2026-09-16T17:50:19.647+0000] {logging_mixin.py:188} INFO - [2026-09-16T17:50:19.646+0000] {dagbag.py:545} INFO - Filling up the DagBag from /opt/airflow/dags/stoke_dag.py
[2026-09-16T17:50:19.666+0000] {processor.py:840} INFO - DAG(s) 'save_data' retrieved from /opt/airflow/dags/stoke_dag.py
[2026-09-16T17:50:19.692+0000] {logging_mixin.py:188} INFO - [2026-09-16T17:50:19.692+0000] {dag.py:3096} INFO - Sync 1 DAGs
[2026-09-16T17:50:19.706+0000] {logging_mixin.py:188} INFO - [2026-09-16T17:50:19.706+0000] {dag.py:3954} INFO - Setting next_dagrun for save_data to None, run_after=None
[2026-09-16T17:50:19.726+0000] {processor.py:183} INFO - Processing /opt/airflow/dags/stoke_dag.py took 0.090 seconds
[2026-09-16T17:50:49.788+0000] {processor.py:161} INFO - Started process (PID=2359) to work on /opt/airflow/dags/stoke_dag.py
[2026-09-16T17:50:49.790+0000] {processor.py:830} INFO - Processing file /opt/airflow/dags/stoke_dag.py for tasks to queue
[2026-09-16T17:50:49.793+0000] {logging_mixin.py:188} INFO - [2026-09-16T17:50:49.793+0000] {dagbag.py:545} INFO - Filling up the DagBag from /opt/airflow/dags/stoke_dag.py
[2026-09-16T17:50:49.808+0000] {processor.py:840} INFO - DAG(s) 'save_data' retrieved from /opt/airflow/dags/stoke_dag.py
[2026-09-16T17:50:49.829+0000] {logging_mixin.py:188} INFO - [2026-09-16T17:50:49.829+0000] {dag.py:3096} INFO - Sync 1 DAGs
[2026-09-16T17:50:49.840+0000] {logging_mixin.py:188} INFO - [2026-09-16T17:50:49.840+0000] {dag.py:3954} INFO - Setting next_dagrun for save_data to None, run_after=None
[2026-09-16T17:50:49.860+0000] {processor.py:183} INFO - Processing /opt/airflow/dags/stoke_dag.py took 0.079 seconds
[2026-09-16T17:51:20.196+0000] {processor.py:161} INFO - Started process (PID=2368) to work on /opt/airflow/dags/stoke_dag.py
[2026-09-16T17:51:20.198+0000] {processor.py:830} INFO - Processing file /opt/airflow/dags/stoke_dag.py for tasks to queue
[2026-09-16T17:51:20.201+0000] {logging_mixin.py:188} INFO - [2026-09-16T17:51:20.201+0000] {dagbag.py:545} INFO - Filling up the DagBag from /opt/airflow/dags/stoke_dag.py
[2026-09-16T17:51:20.234+0000] {processor.py:840} INFO - DAG(s) 'save_data' retrieved from /opt/airflow/dags/stoke_dag.py
[2026-09-16T17:51:20.285+0000] {logging_mixin.py:188} INFO - [2026-09-16T17:51:20.285+0000] {dag.py:3096} INFO - Sync 1 DAGs
[2026-09-16T17:51:20.309+0000] {logging_mixin.py:188} INFO - [2026-09-16T17:51:20.309+0000] {dag.py:3954} INFO - Setting next_dagrun for save_data to None, run_after=None
[2026-09-16T17:51:20.354+0000] {processor.py:183} INFO - Processing /opt/airflow/dags/stoke_dag.py took 0.170 seconds
[2026-09-16T17:51:50.633+0000] {processor.py:161} INFO - Started process (PID=2377) to work on /opt/airflow/dags/stoke_dag.py
[2026-09-16T17:51:50.634+0000] {processor.py:830} INFO - Processing file /opt/airflow/dags/stoke_dag.py for tasks to queue
[2026-09-16T17:51:50.637+0000] {logging_mixin.py:188} INFO - [2026-09-16T17:51:50.637+0000] {dagbag.py:545} INFO - Filling up the DagBag from /opt/airflow/dags/stoke_dag.py
[2026-09-16T17:51:50.655+0000] {processor.py:840} INFO - DAG(s) 'save_data' retrieved from /opt/airflow/dags/stoke_dag.py
[2026-09-16T17:51:50.678+0000] {logging_mixin.py:188} INFO - [2026-09-16T17:51:50.677+0000] {dag.py:3096} INFO - Sync 1 DAGs
[2026-09-16T17:51:50.695+0000] {logging_mixin.py:188} INFO - [2026-09-16T17:51:50.695+0000] {dag.py:3954} INFO - Setting next_dagrun for save_data to None, run_after=None
[2026-09-16T17:51:50.723+0000] {processor.py:183} INFO - Processing /opt/airflow/dags/stoke_dag.py took 0.098 seconds
[2026-09-16T17:52:21.033+0000] {processor.py:161} INFO - Started process (PID=2386) to work on /opt/airflow/dags/stoke_dag.py
[2026-09-16T17:52:21.034+0000] {processor.py:830} INFO - Processing file /opt/airflow/dags/stoke_dag.py for tasks to queue
[2026-09-16T17:52:21.039+0000] {logging_mixin.py:188} INFO - [2026-09-16T17:52:21.038+0000] {dagbag.py:545} INFO - Filling up the DagBag from /opt/airflow/dags/stoke_dag.py
[2026-09-16T17:52:21.070+0000] {processor.py:840} INFO - DAG(s) 'save_data' retrieved from /opt/airflow/dags/stoke_dag.py
[2026-09-16T17:52:21.108+0000] {logging_mixin.py:188} INFO - [2026-09-16T17:52:21.108+0000] {dag.py:3096} INFO - Sync 1 DAGs
[2026-09-16T17:52:21.127+0000] {logging_mixin.py:188} INFO - [2026-09-16T17:52:21.126+0000] {dag.py:3954} INFO - Setting next_dagrun for save_data to None, run_after=None
[2026-09-16T17:52:21.154+0000] {processor.py:183} INFO - Processing /opt/airflow/dags/stoke_dag.py took 0.129 seconds
[2026-09-16T17:52:51.431+0000] {processor.py:161} INFO - Started process (PID=2395) to work on /opt/airflow/dags/stoke_dag.py
[2026-09-16T17:52:51.433+0000] {processor.py:830} INFO - Processing file /opt/airflow/dags/stoke_dag.py for tasks to queue
[2026-09-16T17:52:51.437+0000] {logging_mixin.py:188} INFO - [2026-09-16T17:52:51.437+0000] {dagbag.py:545} INFO - Filling up the DagBag from /opt/airflow/dags/stoke_dag.py
[2026-09-16T17:52:51.465+0000] {processor.py:840} INFO - DAG(s) 'save_data' retrieved from /opt/airflow/dags/stoke_dag.py
[2026-09-16T17:52:51.508+0000] {logging_mixin.py:188} INFO - [2026-09-16T17:52:51.507+0000] {dag.py:3096} INFO - Sync 1 DAGs
[2026-09-16T17:52:51.526+0000] {logging_mixin.py:188} INFO - [2026-09-16T17:52:51.525+0000] {dag.py:3954} INFO - Setting next_dagrun for save_data to None, run_after=None
[2026-09-16T17:52:51.557+0000] {processor.py:183} INFO - Processing /opt/airflow/dags/stoke_dag.py took 0.139 seconds
[2026-09-16T17:53:21.800+0000] {processor.py:161} INFO - Started process (PID=2404) to work on /opt/airflow/dags/stoke_dag.py
[2026-09-16T17:53:21.801+0000] {processor.py:830} INFO - Processing file /opt/airflow/dags/stoke_dag.py for tasks to queue
[2026-09-16T17:53:21.804+0000] {logging_mixin.py:188} INFO - [2026-09-16T17:53:21.803+0000] {dagbag.py:545} INFO - Filling up the DagBag from /opt/airflow/dags/stoke_dag.py
[2026-09-16T17:53:21.821+0000] {processor.py:840} INFO - DAG(s) 'save_data' retrieved from /opt/airflow/dags/stoke_dag.py
[2026-09-16T17:53:21.846+0000] {logging_mixin.py:188} INFO - [2026-09-16T17:53:21.845+0000] {dag.py:3096} INFO - Sync 1 DAGs
[2026-09-16T17:53:21.860+0000] {logging_mixin.py:188} INFO - [2026-09-16T17:53:21.859+0000] {dag.py:3954} INFO - Setting next_dagrun for save_data to None, run_after=None
[2026-09-16T17:53:21.890+0000] {processor.py:183} INFO - Processing /opt/airflow/dags/stoke_dag.py took 0.098 seconds
[2026-09-16T17:53:52.112+0000] {processor.py:161} INFO - Started process (PID=2413) to work on /opt/airflow/dags/stoke_dag.py
[2026-09-16T17:53:52.114+0000] {processor.py:830} INFO - Processing file /opt/airflow/dags/stoke_dag.py for tasks to queue
[2026-09-16T17:53:52.116+0000] {logging_mixin.py:188} INFO - [2026-09-16T17:53:52.115+0000] {dagbag.py:545} INFO - Filling up the DagBag from /opt/airflow/dags/stoke_dag.py
[2026-09-16T17:53:52.144+0000] {processor.py:840} INFO - DAG(s) 'save_data' retrieved from /opt/airflow/dags/stoke_dag.py
[2026-09-16T17:53:52.174+0000] {logging_mixin.py:188} INFO - [2026-09-16T17:53:52.174+0000] {dag.py:3096} INFO - Sync 1 DAGs
[2026-09-16T17:53:52.186+0000] {logging_mixin.py:188} INFO - [2026-09-16T17:53:52.186+0000] {dag.py:3954} INFO - Setting next_dagrun for save_data to None, run_after=None
[2026-09-16T17:53:52.215+0000] {processor.py:183} INFO - Processing /opt/airflow/dags/stoke_dag.py took 0.109 seconds
[2026-09-16T17:54:22.657+0000] {processor.py:161} INFO - Started process (PID=2422) to work on /opt/airflow/dags/stoke_dag.py
[2026-09-16T17:54:22.661+0000] {processor.py:830} INFO - Processing file /opt/airflow/dags/stoke_dag.py for tasks to queue
[2026-09-16T17:54:22.664+0000] {logging_mixin.py:188} INFO - [2026-09-16T17:54:22.663+0000] {dagbag.py:545} INFO - Filling up the DagBag from /opt/airflow/dags/stoke_dag.py
[2026-09-16T17:54:22.695+0000] {processor.py:840} INFO - DAG(s) 'save_data' retrieved from /opt/airflow/dags/stoke_dag.py
[2026-09-16T17:54:22.741+0000] {logging_mixin.py:188} INFO - [2026-09-16T17:54:22.739+0000] {dag.py:3096} INFO - Sync 1 DAGs
[2026-09-16T17:54:22.765+0000] {logging_mixin.py:188} INFO - [2026-09-16T17:54:22.765+0000] {dag.py:3954} INFO - Setting next_dagrun for save_data to None, run_after=None
[2026-09-16T17:54:22.811+0000] {processor.py:183} INFO - Processing /opt/airflow/dags/stoke_dag.py took 0.174 seconds
[2026-09-16T17:54:52.924+0000] {processor.py:161} INFO - Started process (PID=2431) to work on /opt/airflow/dags/stoke_dag.py
[2026-09-16T17:54:52.925+0000] {processor.py:830} INFO - Processing file /opt/airflow/dags/stoke_dag.py for tasks to queue
[2026-09-16T17:54:52.929+0000] {logging_mixin.py:188} INFO - [2026-09-16T17:54:52.928+0000] {dagbag.py:545} INFO - Filling up the DagBag from /opt/airflow/dags/stoke_dag.py
[2026-09-16T17:54:52.954+0000] {processor.py:840} INFO - DAG(s) 'save_data' retrieved from /opt/airflow/dags/stoke_dag.py
[2026-09-16T17:54:52.983+0000] {logging_mixin.py:188} INFO - [2026-09-16T17:54:52.983+0000] {dag.py:3096} INFO - Sync 1 DAGs
[2026-09-16T17:54:53.000+0000] {logging_mixin.py:188} INFO - [2026-09-16T17:54:53.000+0000] {dag.py:3954} INFO - Setting next_dagrun for save_data to None, run_after=None
[2026-09-16T17:54:53.025+0000] {processor.py:183} INFO - Processing /opt/airflow/dags/stoke_dag.py took 0.111 seconds
[2026-09-16T17:55:23.261+0000] {processor.py:161} INFO - Started process (PID=2438) to work on /opt/airflow/dags/stoke_dag.py
[2026-09-16T17:55:23.262+0000] {processor.py:830} INFO - Processing file /opt/airflow/dags/stoke_dag.py for tasks to queue
[2026-09-16T17:55:23.267+0000] {logging_mixin.py:188} INFO - [2026-09-16T17:55:23.266+0000] {dagbag.py:545} INFO - Filling up the DagBag from /opt/airflow/dags/stoke_dag.py
[2026-09-16T17:55:23.301+0000] {processor.py:840} INFO - DAG(s) 'save_data' retrieved from /opt/airflow/dags/stoke_dag.py
[2026-09-16T17:55:23.345+0000] {logging_mixin.py:188} INFO - [2026-09-16T17:55:23.345+0000] {dag.py:3096} INFO - Sync 1 DAGs
[2026-09-16T17:55:23.375+0000] {logging_mixin.py:188} INFO - [2026-09-16T17:55:23.374+0000] {dag.py:3954} INFO - Setting next_dagrun for save_data to None, run_after=None
[2026-09-16T17:55:23.423+0000] {processor.py:183} INFO - Processing /opt/airflow/dags/stoke_dag.py took 0.174 seconds
[2026-09-16T17:55:53.701+0000] {processor.py:161} INFO - Started process (PID=2447) to work on /opt/airflow/dags/stoke_dag.py
[2026-09-16T17:55:53.705+0000] {processor.py:830} INFO - Processing file /opt/airflow/dags/stoke_dag.py for tasks to queue
[2026-09-16T17:55:53.709+0000] {logging_mixin.py:188} INFO - [2026-09-16T17:55:53.709+0000] {dagbag.py:545} INFO - Filling up the DagBag from /opt/airflow/dags/stoke_dag.py
[2026-09-16T17:55:53.740+0000] {processor.py:840} INFO - DAG(s) 'save_data' retrieved from /opt/airflow/dags/stoke_dag.py
[2026-09-16T17:55:53.768+0000] {logging_mixin.py:188} INFO - [2026-09-16T17:55:53.768+0000] {dag.py:3096} INFO - Sync 1 DAGs
[2026-09-16T17:55:53.792+0000] {logging_mixin.py:188} INFO - [2026-09-16T17:55:53.791+0000] {dag.py:3954} INFO - Setting next_dagrun for save_data to None, run_after=None
[2026-09-16T17:55:53.839+0000] {processor.py:183} INFO - Processing /opt/airflow/dags/stoke_dag.py took 0.151 seconds
[2026-09-16T17:56:24.167+0000] {processor.py:161} INFO - Started process (PID=2456) to work on /opt/airflow/dags/stoke_dag.py
[2026-09-16T17:56:24.168+0000] {processor.py:830} INFO - Processing file /opt/airflow/dags/stoke_dag.py for tasks to queue
[2026-09-16T17:56:24.170+0000] {logging_mixin.py:188} INFO - [2026-09-16T17:56:24.170+0000] {dagbag.py:545} INFO - Filling up the DagBag from /opt/airflow/dags/stoke_dag.py
[2026-09-16T17:56:24.201+0000] {processor.py:840} INFO - DAG(s) 'save_data' retrieved from /opt/airflow/dags/stoke_dag.py
[2026-09-16T17:56:24.239+0000] {logging_mixin.py:188} INFO - [2026-09-16T17:56:24.239+0000] {dag.py:3096} INFO - Sync 1 DAGs
[2026-09-16T17:56:24.263+0000] {logging_mixin.py:188} INFO - [2026-09-16T17:56:24.263+0000] {dag.py:3954} INFO - Setting next_dagrun for save_data to None, run_after=None
[2026-09-16T17:56:24.287+0000] {processor.py:183} INFO - Processing /opt/airflow/dags/stoke_dag.py took 0.126 seconds
[2026-09-16T17:56:54.464+0000] {processor.py:161} INFO - Started process (PID=2465) to work on /opt/airflow/dags/stoke_dag.py
[2026-09-16T17:56:54.467+0000] {processor.py:830} INFO - Processing file /opt/airflow/dags/stoke_dag.py for tasks to queue
[2026-09-16T17:56:54.469+0000] {logging_mixin.py:188} INFO - [2026-09-16T17:56:54.469+0000] {dagbag.py:545} INFO - Filling up the DagBag from /opt/airflow/dags/stoke_dag.py
[2026-09-16T17:56:54.488+0000] {processor.py:840} INFO - DAG(s) 'save_data' retrieved from /opt/airflow/dags/stoke_dag.py
[2026-09-16T17:56:54.520+0000] {logging_mixin.py:188} INFO - [2026-09-16T17:56:54.519+0000] {dag.py:3096} INFO - Sync 1 DAGs
[2026-09-16T17:56:54.537+0000] {logging_mixin.py:188} INFO - [2026-09-16T17:56:54.537+0000] {dag.py:3954} INFO - Setting next_dagrun for save_data to None, run_after=None
[2026-09-16T17:56:54.562+0000] {processor.py:183} INFO - Processing /opt/airflow/dags/stoke_dag.py took 0.105 seconds
[2026-09-16T17:57:24.898+0000] {processor.py:161} INFO - Started process (PID=2474) to work on /opt/airflow/dags/stoke_dag.py
[2026-09-16T17:57:24.900+0000] {processor.py:830} INFO - Processing file /opt/airflow/dags/stoke_dag.py for tasks to queue
[2026-09-16T17:57:24.905+0000] {logging_mixin.py:188} INFO - [2026-09-16T17:57:24.905+0000] {dagbag.py:545} INFO - Filling up the DagBag from /opt/airflow/dags/stoke_dag.py
[2026-09-16T17:57:24.944+0000] {processor.py:840} INFO - DAG(s) 'save_data' retrieved from /opt/airflow/dags/stoke_dag.py
[2026-09-16T17:57:25.047+0000] {logging_mixin.py:188} INFO - [2026-09-16T17:57:25.046+0000] {dag.py:3096} INFO - Sync 1 DAGs
[2026-09-16T17:57:25.081+0000] {logging_mixin.py:188} INFO - [2026-09-16T17:57:25.080+0000] {dag.py:3954} INFO - Setting next_dagrun for save_data to None, run_after=None
[2026-09-16T17:57:25.114+0000] {processor.py:183} INFO - Processing /opt/airflow/dags/stoke_dag.py took 0.226 seconds
[2026-09-16T17:57:55.218+0000] {processor.py:161} INFO - Started process (PID=2483) to work on /opt/airflow/dags/stoke_dag.py
[2026-09-16T17:57:55.220+0000] {processor.py:830} INFO - Processing file /opt/airflow/dags/stoke_dag.py for tasks to queue
[2026-09-16T17:57:55.226+0000] {logging_mixin.py:188} INFO - [2026-09-16T17:57:55.224+0000] {dagbag.py:545} INFO - Filling up the DagBag from /opt/airflow/dags/stoke_dag.py
[2026-09-16T17:57:55.256+0000] {processor.py:840} INFO - DAG(s) 'save_data' retrieved from /opt/airflow/dags/stoke_dag.py
[2026-09-16T17:57:55.290+0000] {logging_mixin.py:188} INFO - [2026-09-16T17:57:55.289+0000] {dag.py:3096} INFO - Sync 1 DAGs
[2026-09-16T17:57:55.307+0000] {logging_mixin.py:188} INFO - [2026-09-16T17:57:55.306+0000] {dag.py:3954} INFO - Setting next_dagrun for save_data to None, run_after=None
[2026-09-16T17:57:55.335+0000] {processor.py:183} INFO - Processing /opt/airflow/dags/stoke_dag.py took 0.123 seconds
[2026-09-16T17:58:25.739+0000] {processor.py:161} INFO - Started process (PID=2492) to work on /opt/airflow/dags/stoke_dag.py
[2026-09-16T17:58:25.741+0000] {processor.py:830} INFO - Processing file /opt/airflow/dags/stoke_dag.py for tasks to queue
[2026-09-16T17:58:25.743+0000] {logging_mixin.py:188} INFO - [2026-09-16T17:58:25.743+0000] {dagbag.py:545} INFO - Filling up the DagBag from /opt/airflow/dags/stoke_dag.py
[2026-09-16T17:58:25.787+0000] {processor.py:840} INFO - DAG(s) 'save_data' retrieved from /opt/airflow/dags/stoke_dag.py
[2026-09-16T17:58:25.820+0000] {logging_mixin.py:188} INFO - [2026-09-16T17:58:25.819+0000] {dag.py:3096} INFO - Sync 1 DAGs
[2026-09-16T17:58:25.838+0000] {logging_mixin.py:188} INFO - [2026-09-16T17:58:25.838+0000] {dag.py:3954} INFO - Setting next_dagrun for save_data to None, run_after=None
[2026-09-16T17:58:25.867+0000] {processor.py:183} INFO - Processing /opt/airflow/dags/stoke_dag.py took 0.134 seconds
[2026-09-16T17:58:56.181+0000] {processor.py:161} INFO - Started process (PID=2501) to work on /opt/airflow/dags/stoke_dag.py
[2026-09-16T17:58:56.183+0000] {processor.py:830} INFO - Processing file /opt/airflow/dags/stoke_dag.py for tasks to queue
[2026-09-16T17:58:56.186+0000] {logging_mixin.py:188} INFO - [2026-09-16T17:58:56.185+0000] {dagbag.py:545} INFO - Filling up the DagBag from /opt/airflow/dags/stoke_dag.py
[2026-09-16T17:58:56.210+0000] {processor.py:840} INFO - DAG(s) 'save_data' retrieved from /opt/airflow/dags/stoke_dag.py
[2026-09-16T17:58:56.233+0000] {logging_mixin.py:188} INFO - [2026-09-16T17:58:56.233+0000] {dag.py:3096} INFO - Sync 1 DAGs
[2026-09-16T17:58:56.246+0000] {logging_mixin.py:188} INFO - [2026-09-16T17:58:56.246+0000] {dag.py:3954} INFO - Setting next_dagrun for save_data to None, run_after=None
[2026-09-16T17:58:56.270+0000] {processor.py:183} INFO - Processing /opt/airflow/dags/stoke_dag.py took 0.096 seconds
[2026-09-16T17:59:26.534+0000] {processor.py:161} INFO - Started process (PID=2510) to work on /opt/airflow/dags/stoke_dag.py
[2026-09-16T17:59:26.537+0000] {processor.py:830} INFO - Processing file /opt/airflow/dags/stoke_dag.py for tasks to queue
[2026-09-16T17:59:26.543+0000] {logging_mixin.py:188} INFO - [2026-09-16T17:59:26.542+0000] {dagbag.py:545} INFO - Filling up the DagBag from /opt/airflow/dags/stoke_dag.py
[2026-09-16T17:59:26.576+0000] {processor.py:840} INFO - DAG(s) 'save_data' retrieved from /opt/airflow/dags/stoke_dag.py
[2026-09-16T17:59:26.613+0000] {logging_mixin.py:188} INFO - [2026-09-16T17:59:26.613+0000] {dag.py:3096} INFO - Sync 1 DAGs
[2026-09-16T17:59:26.635+0000] {logging_mixin.py:188} INFO - [2026-09-16T17:59:26.635+0000] {dag.py:3954} INFO - Setting next_dagrun for save_data to None, run_after=None
[2026-09-16T17:59:26.669+0000] {processor.py:183} INFO - Processing /opt/airflow/dags/stoke_dag.py took 0.148 seconds
[2026-09-16T17:59:56.934+0000] {processor.py:161} INFO - Started process (PID=2519) to work on /opt/airflow/dags/stoke_dag.py
[2026-09-16T17:59:56.935+0000] {processor.py:830} INFO - Processing file /opt/airflow/dags/stoke_dag.py for tasks to queue
[2026-09-16T17:59:56.938+0000] {logging_mixin.py:188} INFO - [2026-09-16T17:59:56.938+0000] {dagbag.py:545} INFO - Filling up the DagBag from /opt/airflow/dags/stoke_dag.py
[2026-09-16T17:59:56.977+0000] {processor.py:840} INFO - DAG(s) 'save_data' retrieved from /opt/airflow/dags/stoke_dag.py
[2026-09-16T17:59:57.020+0000] {logging_mixin.py:188} INFO - [2026-09-16T17:59:57.020+0000] {dag.py:3096} INFO - Sync 1 DAGs
[2026-09-16T17:59:57.040+0000] {logging_mixin.py:188} INFO - [2026-09-16T17:59:57.040+0000] {dag.py:3954} INFO - Setting next_dagrun for save_data to None, run_after=None
[2026-09-16T17:59:57.073+0000] {processor.py:183} INFO - Processing /opt/airflow/dags/stoke_dag.py took 0.150 seconds
[2026-09-16T18:00:27.494+0000] {processor.py:161} INFO - Started process (PID=2528) to work on /opt/airflow/dags/stoke_dag.py
[2026-09-16T18:00:27.496+0000] {processor.py:830} INFO - Processing file /opt/airflow/dags/stoke_dag.py for tasks to queue
[2026-09-16T18:00:27.500+0000] {logging_mixin.py:188} INFO - [2026-09-16T18:00:27.499+0000] {dagbag.py:545} INFO - Filling up the DagBag from /opt/airflow/dags/stoke_dag.py
[2026-09-16T18:00:27.539+0000] {processor.py:840} INFO - DAG(s) 'save_data' retrieved from /opt/airflow/dags/stoke_dag.py
[2026-09-16T18:00:27.578+0000] {logging_mixin.py:188} INFO - [2026-09-16T18:00:27.578+0000] {dag.py:3096} INFO - Sync 1 DAGs
[2026-09-16T18:00:27.599+0000] {logging_mixin.py:188} INFO - [2026-09-16T18:00:27.599+0000] {dag.py:3954} INFO - Setting next_dagrun for save_data to None, run_after=None
[2026-09-16T18:00:27.636+0000] {processor.py:183} INFO - Processing /opt/airflow/dags/stoke_dag.py took 0.153 seconds
[2026-09-16T18:00:58.094+0000] {processor.py:161} INFO - Started process (PID=2537) to work on /opt/airflow/dags/stoke_dag.py
[2026-09-16T18:00:58.096+0000] {processor.py:830} INFO - Processing file /opt/airflow/dags/stoke_dag.py for tasks to queue
[2026-09-16T18:00:58.100+0000] {logging_mixin.py:188} INFO - [2026-09-16T18:00:58.100+0000] {dagbag.py:545} INFO - Filling up the DagBag from /opt/airflow/dags/stoke_dag.py
[2026-09-16T18:00:58.145+0000] {processor.py:840} INFO - DAG(s) 'save_data' retrieved from /opt/airflow/dags/stoke_dag.py
[2026-09-16T18:00:58.183+0000] {logging_mixin.py:188} INFO - [2026-09-16T18:00:58.183+0000] {dag.py:3096} INFO - Sync 1 DAGs
[2026-09-16T18:00:58.215+0000] {logging_mixin.py:188} INFO - [2026-09-16T18:00:58.214+0000] {dag.py:3954} INFO - Setting next_dagrun for save_data to None, run_after=None
[2026-09-16T18:00:58.368+0000] {processor.py:183} INFO - Processing /opt/airflow/dags/stoke_dag.py took 0.289 seconds
[2026-09-16T18:01:28.732+0000] {processor.py:161} INFO - Started process (PID=2546) to work on /opt/airflow/dags/stoke_dag.py
[2026-09-16T18:01:28.733+0000] {processor.py:830} INFO - Processing file /opt/airflow/dags/stoke_dag.py for tasks to queue
[2026-09-16T18:01:28.735+0000] {logging_mixin.py:188} INFO - [2026-09-16T18:01:28.735+0000] {dagbag.py:545} INFO - Filling up the DagBag from /opt/airflow/dags/stoke_dag.py
[2026-09-16T18:01:28.758+0000] {processor.py:840} INFO - DAG(s) 'save_data' retrieved from /opt/airflow/dags/stoke_dag.py
[2026-09-16T18:01:28.788+0000] {logging_mixin.py:188} INFO - [2026-09-16T18:01:28.788+0000] {dag.py:3096} INFO - Sync 1 DAGs
[2026-09-16T18:01:28.805+0000] {logging_mixin.py:188} INFO - [2026-09-16T18:01:28.805+0000] {dag.py:3954} INFO - Setting next_dagrun for save_data to None, run_after=None
[2026-09-16T18:01:28.832+0000] {processor.py:183} INFO - Processing /opt/airflow/dags/stoke_dag.py took 0.109 seconds
[2026-09-16T18:01:59.031+0000] {processor.py:161} INFO - Started process (PID=2555) to work on /opt/airflow/dags/stoke_dag.py
[2026-09-16T18:01:59.036+0000] {processor.py:830} INFO - Processing file /opt/airflow/dags/stoke_dag.py for tasks to queue
[2026-09-16T18:01:59.039+0000] {logging_mixin.py:188} INFO - [2026-09-16T18:01:59.039+0000] {dagbag.py:545} INFO - Filling up the DagBag from /opt/airflow/dags/stoke_dag.py
[2026-09-16T18:01:59.077+0000] {processor.py:840} INFO - DAG(s) 'save_data' retrieved from /opt/airflow/dags/stoke_dag.py
[2026-09-16T18:01:59.131+0000] {logging_mixin.py:188} INFO - [2026-09-16T18:01:59.131+0000] {dag.py:3096} INFO - Sync 1 DAGs
[2026-09-16T18:01:59.163+0000] {logging_mixin.py:188} INFO - [2026-09-16T18:01:59.163+0000] {dag.py:3954} INFO - Setting next_dagrun for save_data to None, run_after=None
[2026-09-16T18:01:59.206+0000] {processor.py:183} INFO - Processing /opt/airflow/dags/stoke_dag.py took 0.186 seconds
[2026-09-16T18:02:29.542+0000] {processor.py:161} INFO - Started process (PID=2564) to work on /opt/airflow/dags/stoke_dag.py
[2026-09-16T18:02:29.543+0000] {processor.py:830} INFO - Processing file /opt/airflow/dags/stoke_dag.py for tasks to queue
[2026-09-16T18:02:29.545+0000] {logging_mixin.py:188} INFO - [2026-09-16T18:02:29.545+0000] {dagbag.py:545} INFO - Filling up the DagBag from /opt/airflow/dags/stoke_dag.py
[2026-09-16T18:02:29.572+0000] {processor.py:840} INFO - DAG(s) 'save_data' retrieved from /opt/airflow/dags/stoke_dag.py
[2026-09-16T18:02:29.595+0000] {logging_mixin.py:188} INFO - [2026-09-16T18:02:29.595+0000] {dag.py:3096} INFO - Sync 1 DAGs
[2026-09-16T18:02:29.612+0000] {logging_mixin.py:188} INFO - [2026-09-16T18:02:29.612+0000] {dag.py:3954} INFO - Setting next_dagrun for save_data to None, run_after=None
[2026-09-16T18:02:29.640+0000] {processor.py:183} INFO - Processing /opt/airflow/dags/stoke_dag.py took 0.106 seconds
[2026-09-16T18:02:59.868+0000] {processor.py:161} INFO - Started process (PID=2573) to work on /opt/airflow/dags/stoke_dag.py
[2026-09-16T18:02:59.870+0000] {processor.py:830} INFO - Processing file /opt/airflow/dags/stoke_dag.py for tasks to queue
[2026-09-16T18:02:59.875+0000] {logging_mixin.py:188} INFO - [2026-09-16T18:02:59.874+0000] {dagbag.py:545} INFO - Filling up the DagBag from /opt/airflow/dags/stoke_dag.py
[2026-09-16T18:02:59.904+0000] {processor.py:840} INFO - DAG(s) 'save_data' retrieved from /opt/airflow/dags/stoke_dag.py
[2026-09-16T18:02:59.932+0000] {logging_mixin.py:188} INFO - [2026-09-16T18:02:59.931+0000] {dag.py:3096} INFO - Sync 1 DAGs
[2026-09-16T18:02:59.948+0000] {logging_mixin.py:188} INFO - [2026-09-16T18:02:59.948+0000] {dag.py:3954} INFO - Setting next_dagrun for save_data to None, run_after=None
[2026-09-16T18:02:59.977+0000] {processor.py:183} INFO - Processing /opt/airflow/dags/stoke_dag.py took 0.120 seconds
[2026-09-16T18:03:30.372+0000] {processor.py:161} INFO - Started process (PID=2582) to work on /opt/airflow/dags/stoke_dag.py
[2026-09-16T18:03:30.374+0000] {processor.py:830} INFO - Processing file /opt/airflow/dags/stoke_dag.py for tasks to queue
[2026-09-16T18:03:30.377+0000] {logging_mixin.py:188} INFO - [2026-09-16T18:03:30.376+0000] {dagbag.py:545} INFO - Filling up the DagBag from /opt/airflow/dags/stoke_dag.py
[2026-09-16T18:03:30.408+0000] {processor.py:840} INFO - DAG(s) 'save_data' retrieved from /opt/airflow/dags/stoke_dag.py
[2026-09-16T18:03:30.437+0000] {logging_mixin.py:188} INFO - [2026-09-16T18:03:30.436+0000] {dag.py:3096} INFO - Sync 1 DAGs
[2026-09-16T18:03:30.456+0000] {logging_mixin.py:188} INFO - [2026-09-16T18:03:30.455+0000] {dag.py:3954} INFO - Setting next_dagrun for save_data to None, run_after=None
[2026-09-16T18:03:30.491+0000] {processor.py:183} INFO - Processing /opt/airflow/dags/stoke_dag.py took 0.130 seconds
[2026-09-16T18:04:00.807+0000] {processor.py:161} INFO - Started process (PID=2591) to work on /opt/airflow/dags/stoke_dag.py
[2026-09-16T18:04:00.815+0000] {processor.py:830} INFO - Processing file /opt/airflow/dags/stoke_dag.py for tasks to queue
[2026-09-16T18:04:00.823+0000] {logging_mixin.py:188} INFO - [2026-09-16T18:04:00.823+0000] {dagbag.py:545} INFO - Filling up the DagBag from /opt/airflow/dags/stoke_dag.py
[2026-09-16T18:04:00.886+0000] {processor.py:840} INFO - DAG(s) 'save_data' retrieved from /opt/airflow/dags/stoke_dag.py
[2026-09-16T18:04:00.939+0000] {logging_mixin.py:188} INFO - [2026-09-16T18:04:00.939+0000] {dag.py:3096} INFO - Sync 1 DAGs
[2026-09-16T18:04:00.967+0000] {logging_mixin.py:188} INFO - [2026-09-16T18:04:00.966+0000] {dag.py:3954} INFO - Setting next_dagrun for save_data to None, run_after=None
[2026-09-16T18:04:01.024+0000] {processor.py:183} INFO - Processing /opt/airflow/dags/stoke_dag.py took 0.245 seconds
[2026-09-16T18:04:31.414+0000] {processor.py:161} INFO - Started process (PID=2600) to work on /opt/airflow/dags/stoke_dag.py
[2026-09-16T18:04:31.416+0000] {processor.py:830} INFO - Processing file /opt/airflow/dags/stoke_dag.py for tasks to queue
[2026-09-16T18:04:31.419+0000] {logging_mixin.py:188} INFO - [2026-09-16T18:04:31.418+0000] {dagbag.py:545} INFO - Filling up the DagBag from /opt/airflow/dags/stoke_dag.py
[2026-09-16T18:04:31.447+0000] {processor.py:840} INFO - DAG(s) 'save_data' retrieved from /opt/airflow/dags/stoke_dag.py
[2026-09-16T18:04:31.475+0000] {logging_mixin.py:188} INFO - [2026-09-16T18:04:31.475+0000] {dag.py:3096} INFO - Sync 1 DAGs
[2026-09-16T18:04:31.488+0000] {logging_mixin.py:188} INFO - [2026-09-16T18:04:31.488+0000] {dag.py:3954} INFO - Setting next_dagrun for save_data to None, run_after=None
[2026-09-16T18:04:31.525+0000] {processor.py:183} INFO - Processing /opt/airflow/dags/stoke_dag.py took 0.120 seconds
[2026-09-16T18:05:01.893+0000] {processor.py:161} INFO - Started process (PID=2609) to work on /opt/airflow/dags/stoke_dag.py
[2026-09-16T18:05:01.896+0000] {processor.py:830} INFO - Processing file /opt/airflow/dags/stoke_dag.py for tasks to queue
[2026-09-16T18:05:01.900+0000] {logging_mixin.py:188} INFO - [2026-09-16T18:05:01.900+0000] {dagbag.py:545} INFO - Filling up the DagBag from /opt/airflow/dags/stoke_dag.py
[2026-09-16T18:05:01.931+0000] {processor.py:840} INFO - DAG(s) 'save_data' retrieved from /opt/airflow/dags/stoke_dag.py
[2026-09-16T18:05:01.965+0000] {logging_mixin.py:188} INFO - [2026-09-16T18:05:01.965+0000] {dag.py:3096} INFO - Sync 1 DAGs
[2026-09-16T18:05:01.985+0000] {logging_mixin.py:188} INFO - [2026-09-16T18:05:01.985+0000] {dag.py:3954} INFO - Setting next_dagrun for save_data to None, run_after=None
[2026-09-16T18:05:02.018+0000] {processor.py:183} INFO - Processing /opt/airflow/dags/stoke_dag.py took 0.135 seconds
[2026-09-16T18:05:32.316+0000] {processor.py:161} INFO - Started process (PID=2618) to work on /opt/airflow/dags/stoke_dag.py
[2026-09-16T18:05:32.318+0000] {processor.py:830} INFO - Processing file /opt/airflow/dags/stoke_dag.py for tasks to queue
[2026-09-16T18:05:32.323+0000] {logging_mixin.py:188} INFO - [2026-09-16T18:05:32.322+0000] {dagbag.py:545} INFO - Filling up the DagBag from /opt/airflow/dags/stoke_dag.py
[2026-09-16T18:05:32.352+0000] {processor.py:840} INFO - DAG(s) 'save_data' retrieved from /opt/airflow/dags/stoke_dag.py
[2026-09-16T18:05:32.377+0000] {logging_mixin.py:188} INFO - [2026-09-16T18:05:32.377+0000] {dag.py:3096} INFO - Sync 1 DAGs
[2026-09-16T18:05:32.393+0000] {logging_mixin.py:188} INFO - [2026-09-16T18:05:32.393+0000] {dag.py:3954} INFO - Setting next_dagrun for save_data to None, run_after=None
[2026-09-16T18:05:32.425+0000] {processor.py:183} INFO - Processing /opt/airflow/dags/stoke_dag.py took 0.120 seconds
[2026-09-16T18:06:02.637+0000] {processor.py:161} INFO - Started process (PID=2627) to work on /opt/airflow/dags/stoke_dag.py
[2026-09-16T18:06:02.640+0000] {processor.py:830} INFO - Processing file /opt/airflow/dags/stoke_dag.py for tasks to queue
[2026-09-16T18:06:02.645+0000] {logging_mixin.py:188} INFO - [2026-09-16T18:06:02.645+0000] {dagbag.py:545} INFO - Filling up the DagBag from /opt/airflow/dags/stoke_dag.py
[2026-09-16T18:06:02.680+0000] {processor.py:840} INFO - DAG(s) 'save_data' retrieved from /opt/airflow/dags/stoke_dag.py
[2026-09-16T18:06:02.721+0000] {logging_mixin.py:188} INFO - [2026-09-16T18:06:02.721+0000] {dag.py:3096} INFO - Sync 1 DAGs
[2026-09-16T18:06:02.744+0000] {logging_mixin.py:188} INFO - [2026-09-16T18:06:02.743+0000] {dag.py:3954} INFO - Setting next_dagrun for save_data to None, run_after=None
[2026-09-16T18:06:02.782+0000] {processor.py:183} INFO - Processing /opt/airflow/dags/stoke_dag.py took 0.161 seconds
[2026-09-16T18:06:33.133+0000] {processor.py:161} INFO - Started process (PID=2636) to work on /opt/airflow/dags/stoke_dag.py
[2026-09-16T18:06:33.137+0000] {processor.py:830} INFO - Processing file /opt/airflow/dags/stoke_dag.py for tasks to queue
[2026-09-16T18:06:33.141+0000] {logging_mixin.py:188} INFO - [2026-09-16T18:06:33.141+0000] {dagbag.py:545} INFO - Filling up the DagBag from /opt/airflow/dags/stoke_dag.py
[2026-09-16T18:06:33.179+0000] {processor.py:840} INFO - DAG(s) 'save_data' retrieved from /opt/airflow/dags/stoke_dag.py
[2026-09-16T18:06:33.211+0000] {logging_mixin.py:188} INFO - [2026-09-16T18:06:33.211+0000] {dag.py:3096} INFO - Sync 1 DAGs
[2026-09-16T18:06:33.228+0000] {logging_mixin.py:188} INFO - [2026-09-16T18:06:33.228+0000] {dag.py:3954} INFO - Setting next_dagrun for save_data to None, run_after=None
[2026-09-16T18:06:33.269+0000] {processor.py:183} INFO - Processing /opt/airflow/dags/stoke_dag.py took 0.149 seconds
[2026-09-16T18:07:03.638+0000] {processor.py:161} INFO - Started process (PID=2645) to work on /opt/airflow/dags/stoke_dag.py
[2026-09-16T18:07:03.640+0000] {processor.py:830} INFO - Processing file /opt/airflow/dags/stoke_dag.py for tasks to queue
[2026-09-16T18:07:03.642+0000] {logging_mixin.py:188} INFO - [2026-09-16T18:07:03.642+0000] {dagbag.py:545} INFO - Filling up the DagBag from /opt/airflow/dags/stoke_dag.py
[2026-09-16T18:07:03.679+0000] {processor.py:840} INFO - DAG(s) 'save_data' retrieved from /opt/airflow/dags/stoke_dag.py
[2026-09-16T18:07:03.719+0000] {logging_mixin.py:188} INFO - [2026-09-16T18:07:03.719+0000] {dag.py:3096} INFO - Sync 1 DAGs
[2026-09-16T18:07:03.736+0000] {logging_mixin.py:188} INFO - [2026-09-16T18:07:03.736+0000] {dag.py:3954} INFO - Setting next_dagrun for save_data to None, run_after=None
[2026-09-16T18:07:03.770+0000] {processor.py:183} INFO - Processing /opt/airflow/dags/stoke_dag.py took 0.138 seconds
[2026-09-16T18:07:34.138+0000] {processor.py:161} INFO - Started process (PID=2654) to work on /opt/airflow/dags/stoke_dag.py
[2026-09-16T18:07:34.139+0000] {processor.py:830} INFO - Processing file /opt/airflow/dags/stoke_dag.py for tasks to queue
[2026-09-16T18:07:34.143+0000] {logging_mixin.py:188} INFO - [2026-09-16T18:07:34.142+0000] {dagbag.py:545} INFO - Filling up the DagBag from /opt/airflow/dags/stoke_dag.py
[2026-09-16T18:07:34.176+0000] {processor.py:840} INFO - DAG(s) 'save_data' retrieved from /opt/airflow/dags/stoke_dag.py
[2026-09-16T18:07:34.210+0000] {logging_mixin.py:188} INFO - [2026-09-16T18:07:34.210+0000] {dag.py:3096} INFO - Sync 1 DAGs
[2026-09-16T18:07:34.231+0000] {logging_mixin.py:188} INFO - [2026-09-16T18:07:34.231+0000] {dag.py:3954} INFO - Setting next_dagrun for save_data to None, run_after=None
[2026-09-16T18:07:34.264+0000] {processor.py:183} INFO - Processing /opt/airflow/dags/stoke_dag.py took 0.134 seconds
[2026-09-16T18:08:04.523+0000] {processor.py:161} INFO - Started process (PID=2663) to work on /opt/airflow/dags/stoke_dag.py
[2026-09-16T18:08:04.525+0000] {processor.py:830} INFO - Processing file /opt/airflow/dags/stoke_dag.py for tasks to queue
[2026-09-16T18:08:04.529+0000] {logging_mixin.py:188} INFO - [2026-09-16T18:08:04.529+0000] {dagbag.py:545} INFO - Filling up the DagBag from /opt/airflow/dags/stoke_dag.py
[2026-09-16T18:08:04.555+0000] {processor.py:840} INFO - DAG(s) 'save_data' retrieved from /opt/airflow/dags/stoke_dag.py
[2026-09-16T18:08:04.651+0000] {logging_mixin.py:188} INFO - [2026-09-16T18:08:04.651+0000] {dag.py:3096} INFO - Sync 1 DAGs
[2026-09-16T18:08:04.710+0000] {logging_mixin.py:188} INFO - [2026-09-16T18:08:04.710+0000] {dag.py:3954} INFO - Setting next_dagrun for save_data to None, run_after=None
[2026-09-16T18:08:04.769+0000] {processor.py:183} INFO - Processing /opt/airflow/dags/stoke_dag.py took 0.254 seconds
[2026-09-16T18:08:35.130+0000] {processor.py:161} INFO - Started process (PID=2672) to work on /opt/airflow/dags/stoke_dag.py
[2026-09-16T18:08:35.132+0000] {processor.py:830} INFO - Processing file /opt/airflow/dags/stoke_dag.py for tasks to queue
[2026-09-16T18:08:35.134+0000] {logging_mixin.py:188} INFO - [2026-09-16T18:08:35.134+0000] {dagbag.py:545} INFO - Filling up the DagBag from /opt/airflow/dags/stoke_dag.py
[2026-09-16T18:08:35.167+0000] {processor.py:840} INFO - DAG(s) 'save_data' retrieved from /opt/airflow/dags/stoke_dag.py
[2026-09-16T18:08:35.222+0000] {logging_mixin.py:188} INFO - [2026-09-16T18:08:35.221+0000] {dag.py:3096} INFO - Sync 1 DAGs
[2026-09-16T18:08:35.245+0000] {logging_mixin.py:188} INFO - [2026-09-16T18:08:35.245+0000] {dag.py:3954} INFO - Setting next_dagrun for save_data to None, run_after=None
[2026-09-16T18:08:35.278+0000] {processor.py:183} INFO - Processing /opt/airflow/dags/stoke_dag.py took 0.157 seconds
[2026-09-16T18:09:05.473+0000] {processor.py:161} INFO - Started process (PID=2681) to work on /opt/airflow/dags/stoke_dag.py
[2026-09-16T18:09:05.475+0000] {processor.py:830} INFO - Processing file /opt/airflow/dags/stoke_dag.py for tasks to queue
[2026-09-16T18:09:05.478+0000] {logging_mixin.py:188} INFO - [2026-09-16T18:09:05.477+0000] {dagbag.py:545} INFO - Filling up the DagBag from /opt/airflow/dags/stoke_dag.py
[2026-09-16T18:09:05.532+0000] {processor.py:840} INFO - DAG(s) 'save_data' retrieved from /opt/airflow/dags/stoke_dag.py
[2026-09-16T18:09:05.578+0000] {logging_mixin.py:188} INFO - [2026-09-16T18:09:05.578+0000] {dag.py:3096} INFO - Sync 1 DAGs
[2026-09-16T18:09:05.624+0000] {logging_mixin.py:188} INFO - [2026-09-16T18:09:05.623+0000] {dag.py:3954} INFO - Setting next_dagrun for save_data to None, run_after=None
[2026-09-16T18:09:05.667+0000] {processor.py:183} INFO - Processing /opt/airflow/dags/stoke_dag.py took 0.200 seconds
[2026-09-16T18:09:35.973+0000] {processor.py:161} INFO - Started process (PID=2690) to work on /opt/airflow/dags/stoke_dag.py
[2026-09-16T18:09:35.977+0000] {processor.py:830} INFO - Processing file /opt/airflow/dags/stoke_dag.py for tasks to queue
[2026-09-16T18:09:35.981+0000] {logging_mixin.py:188} INFO - [2026-09-16T18:09:35.981+0000] {dagbag.py:545} INFO - Filling up the DagBag from /opt/airflow/dags/stoke_dag.py
[2026-09-16T18:09:36.027+0000] {processor.py:840} INFO - DAG(s) 'save_data' retrieved from /opt/airflow/dags/stoke_dag.py
[2026-09-16T18:09:36.060+0000] {logging_mixin.py:188} INFO - [2026-09-16T18:09:36.060+0000] {dag.py:3096} INFO - Sync 1 DAGs
[2026-09-16T18:09:36.079+0000] {logging_mixin.py:188} INFO - [2026-09-16T18:09:36.079+0000] {dag.py:3954} INFO - Setting next_dagrun for save_data to None, run_after=None
[2026-09-16T18:09:36.114+0000] {processor.py:183} INFO - Processing /opt/airflow/dags/stoke_dag.py took 0.150 seconds
[2026-09-16T18:10:06.351+0000] {processor.py:161} INFO - Started process (PID=2699) to work on /opt/airflow/dags/stoke_dag.py
[2026-09-16T18:10:06.353+0000] {processor.py:830} INFO - Processing file /opt/airflow/dags/stoke_dag.py for tasks to queue
[2026-09-16T18:10:06.357+0000] {logging_mixin.py:188} INFO - [2026-09-16T18:10:06.356+0000] {dagbag.py:545} INFO - Filling up the DagBag from /opt/airflow/dags/stoke_dag.py
[2026-09-16T18:10:06.387+0000] {processor.py:840} INFO - DAG(s) 'save_data' retrieved from /opt/airflow/dags/stoke_dag.py
[2026-09-16T18:10:06.418+0000] {logging_mixin.py:188} INFO - [2026-09-16T18:10:06.418+0000] {dag.py:3096} INFO - Sync 1 DAGs
[2026-09-16T18:10:06.435+0000] {logging_mixin.py:188} INFO - [2026-09-16T18:10:06.435+0000] {dag.py:3954} INFO - Setting next_dagrun for save_data to None, run_after=None
[2026-09-16T18:10:06.469+0000] {processor.py:183} INFO - Processing /opt/airflow/dags/stoke_dag.py took 0.127 seconds
[2026-09-16T18:10:36.679+0000] {processor.py:161} INFO - Started process (PID=2708) to work on /opt/airflow/dags/stoke_dag.py
[2026-09-16T18:10:36.681+0000] {processor.py:830} INFO - Processing file /opt/airflow/dags/stoke_dag.py for tasks to queue
[2026-09-16T18:10:36.685+0000] {logging_mixin.py:188} INFO - [2026-09-16T18:10:36.685+0000] {dagbag.py:545} INFO - Filling up the DagBag from /opt/airflow/dags/stoke_dag.py
[2026-09-16T18:10:36.711+0000] {processor.py:840} INFO - DAG(s) 'save_data' retrieved from /opt/airflow/dags/stoke_dag.py
[2026-09-16T18:10:36.741+0000] {logging_mixin.py:188} INFO - [2026-09-16T18:10:36.741+0000] {dag.py:3096} INFO - Sync 1 DAGs
[2026-09-16T18:10:36.759+0000] {logging_mixin.py:188} INFO - [2026-09-16T18:10:36.758+0000] {dag.py:3954} INFO - Setting next_dagrun for save_data to None, run_after=None
[2026-09-16T18:10:36.781+0000] {processor.py:183} INFO - Processing /opt/airflow/dags/stoke_dag.py took 0.109 seconds
[2026-09-16T18:11:07.168+0000] {processor.py:161} INFO - Started process (PID=2715) to work on /opt/airflow/dags/stoke_dag.py
[2026-09-16T18:11:07.170+0000] {processor.py:830} INFO - Processing file /opt/airflow/dags/stoke_dag.py for tasks to queue
[2026-09-16T18:11:07.173+0000] {logging_mixin.py:188} INFO - [2026-09-16T18:11:07.172+0000] {dagbag.py:545} INFO - Filling up the DagBag from /opt/airflow/dags/stoke_dag.py
[2026-09-16T18:11:07.212+0000] {processor.py:840} INFO - DAG(s) 'save_data' retrieved from /opt/airflow/dags/stoke_dag.py
[2026-09-16T18:11:07.255+0000] {logging_mixin.py:188} INFO - [2026-09-16T18:11:07.255+0000] {dag.py:3096} INFO - Sync 1 DAGs
[2026-09-16T18:11:07.276+0000] {logging_mixin.py:188} INFO - [2026-09-16T18:11:07.276+0000] {dag.py:3954} INFO - Setting next_dagrun for save_data to None, run_after=None
[2026-09-16T18:11:07.311+0000] {processor.py:183} INFO - Processing /opt/airflow/dags/stoke_dag.py took 0.164 seconds
[2026-09-16T18:11:37.498+0000] {processor.py:161} INFO - Started process (PID=2724) to work on /opt/airflow/dags/stoke_dag.py
[2026-09-16T18:11:37.499+0000] {processor.py:830} INFO - Processing file /opt/airflow/dags/stoke_dag.py for tasks to queue
[2026-09-16T18:11:37.502+0000] {logging_mixin.py:188} INFO - [2026-09-16T18:11:37.501+0000] {dagbag.py:545} INFO - Filling up the DagBag from /opt/airflow/dags/stoke_dag.py
[2026-09-16T18:11:37.532+0000] {processor.py:840} INFO - DAG(s) 'save_data' retrieved from /opt/airflow/dags/stoke_dag.py
[2026-09-16T18:11:37.564+0000] {logging_mixin.py:188} INFO - [2026-09-16T18:11:37.563+0000] {dag.py:3096} INFO - Sync 1 DAGs
[2026-09-16T18:11:37.581+0000] {logging_mixin.py:188} INFO - [2026-09-16T18:11:37.580+0000] {dag.py:3954} INFO - Setting next_dagrun for save_data to None, run_after=None
[2026-09-16T18:11:37.606+0000] {processor.py:183} INFO - Processing /opt/airflow/dags/stoke_dag.py took 0.116 seconds
[2026-09-16T18:12:07.812+0000] {processor.py:161} INFO - Started process (PID=2733) to work on /opt/airflow/dags/stoke_dag.py
[2026-09-16T18:12:07.815+0000] {processor.py:830} INFO - Processing file /opt/airflow/dags/stoke_dag.py for tasks to queue
[2026-09-16T18:12:07.820+0000] {logging_mixin.py:188} INFO - [2026-09-16T18:12:07.819+0000] {dagbag.py:545} INFO - Filling up the DagBag from /opt/airflow/dags/stoke_dag.py
[2026-09-16T18:12:07.862+0000] {processor.py:840} INFO - DAG(s) 'save_data' retrieved from /opt/airflow/dags/stoke_dag.py
[2026-09-16T18:12:07.935+0000] {logging_mixin.py:188} INFO - [2026-09-16T18:12:07.934+0000] {dag.py:3096} INFO - Sync 1 DAGs
[2026-09-16T18:12:07.966+0000] {logging_mixin.py:188} INFO - [2026-09-16T18:12:07.965+0000] {dag.py:3954} INFO - Setting next_dagrun for save_data to None, run_after=None
[2026-09-16T18:12:08.004+0000] {processor.py:183} INFO - Processing /opt/airflow/dags/stoke_dag.py took 0.212 seconds
[2026-09-16T18:12:38.065+0000] {processor.py:161} INFO - Started process (PID=2742) to work on /opt/airflow/dags/stoke_dag.py
[2026-09-16T18:12:38.067+0000] {processor.py:830} INFO - Processing file /opt/airflow/dags/stoke_dag.py for tasks to queue
[2026-09-16T18:12:38.070+0000] {logging_mixin.py:188} INFO - [2026-09-16T18:12:38.070+0000] {dagbag.py:545} INFO - Filling up the DagBag from /opt/airflow/dags/stoke_dag.py
[2026-09-16T18:12:38.096+0000] {processor.py:840} INFO - DAG(s) 'save_data' retrieved from /opt/airflow/dags/stoke_dag.py
[2026-09-16T18:12:38.128+0000] {logging_mixin.py:188} INFO - [2026-09-16T18:12:38.128+0000] {dag.py:3096} INFO - Sync 1 DAGs
[2026-09-16T18:12:38.145+0000] {logging_mixin.py:188} INFO - [2026-09-16T18:12:38.145+0000] {dag.py:3954} INFO - Setting next_dagrun for save_data to None, run_after=None
[2026-09-16T18:12:38.176+0000] {processor.py:183} INFO - Processing /opt/airflow/dags/stoke_dag.py took 0.118 seconds
[2026-09-16T18:13:08.492+0000] {processor.py:161} INFO - Started process (PID=2751) to work on /opt/airflow/dags/stoke_dag.py
[2026-09-16T18:13:08.495+0000] {processor.py:830} INFO - Processing file /opt/airflow/dags/stoke_dag.py for tasks to queue
[2026-09-16T18:13:08.498+0000] {logging_mixin.py:188} INFO - [2026-09-16T18:13:08.498+0000] {dagbag.py:545} INFO - Filling up the DagBag from /opt/airflow/dags/stoke_dag.py
[2026-09-16T18:13:08.529+0000] {processor.py:840} INFO - DAG(s) 'save_data' retrieved from /opt/airflow/dags/stoke_dag.py
[2026-09-16T18:13:08.559+0000] {logging_mixin.py:188} INFO - [2026-09-16T18:13:08.559+0000] {dag.py:3096} INFO - Sync 1 DAGs
[2026-09-16T18:13:08.576+0000] {logging_mixin.py:188} INFO - [2026-09-16T18:13:08.576+0000] {dag.py:3954} INFO - Setting next_dagrun for save_data to None, run_after=None
[2026-09-16T18:13:08.602+0000] {processor.py:183} INFO - Processing /opt/airflow/dags/stoke_dag.py took 0.121 seconds
[2026-09-16T18:13:39.118+0000] {processor.py:161} INFO - Started process (PID=2760) to work on /opt/airflow/dags/stoke_dag.py
[2026-09-16T18:13:39.121+0000] {processor.py:830} INFO - Processing file /opt/airflow/dags/stoke_dag.py for tasks to queue
[2026-09-16T18:13:39.124+0000] {logging_mixin.py:188} INFO - [2026-09-16T18:13:39.124+0000] {dagbag.py:545} INFO - Filling up the DagBag from /opt/airflow/dags/stoke_dag.py
[2026-09-16T18:13:39.163+0000] {processor.py:840} INFO - DAG(s) 'save_data' retrieved from /opt/airflow/dags/stoke_dag.py
[2026-09-16T18:13:39.205+0000] {logging_mixin.py:188} INFO - [2026-09-16T18:13:39.205+0000] {dag.py:3096} INFO - Sync 1 DAGs
[2026-09-16T18:13:39.233+0000] {logging_mixin.py:188} INFO - [2026-09-16T18:13:39.232+0000] {dag.py:3954} INFO - Setting next_dagrun for save_data to None, run_after=None
[2026-09-16T18:13:39.273+0000] {processor.py:183} INFO - Processing /opt/airflow/dags/stoke_dag.py took 0.166 seconds
[2026-09-16T18:14:09.651+0000] {processor.py:161} INFO - Started process (PID=2769) to work on /opt/airflow/dags/stoke_dag.py
[2026-09-16T18:14:09.654+0000] {processor.py:830} INFO - Processing file /opt/airflow/dags/stoke_dag.py for tasks to queue
[2026-09-16T18:14:09.658+0000] {logging_mixin.py:188} INFO - [2026-09-16T18:14:09.658+0000] {dagbag.py:545} INFO - Filling up the DagBag from /opt/airflow/dags/stoke_dag.py
[2026-09-16T18:14:09.690+0000] {processor.py:840} INFO - DAG(s) 'save_data' retrieved from /opt/airflow/dags/stoke_dag.py
[2026-09-16T18:14:09.726+0000] {logging_mixin.py:188} INFO - [2026-09-16T18:14:09.725+0000] {dag.py:3096} INFO - Sync 1 DAGs
[2026-09-16T18:14:09.751+0000] {logging_mixin.py:188} INFO - [2026-09-16T18:14:09.751+0000] {dag.py:3954} INFO - Setting next_dagrun for save_data to None, run_after=None
[2026-09-16T18:14:09.795+0000] {processor.py:183} INFO - Processing /opt/airflow/dags/stoke_dag.py took 0.156 seconds
[2026-09-16T18:14:40.197+0000] {processor.py:161} INFO - Started process (PID=2778) to work on /opt/airflow/dags/stoke_dag.py
[2026-09-16T18:14:40.199+0000] {processor.py:830} INFO - Processing file /opt/airflow/dags/stoke_dag.py for tasks to queue
[2026-09-16T18:14:40.204+0000] {logging_mixin.py:188} INFO - [2026-09-16T18:14:40.203+0000] {dagbag.py:545} INFO - Filling up the DagBag from /opt/airflow/dags/stoke_dag.py
[2026-09-16T18:14:40.238+0000] {processor.py:840} INFO - DAG(s) 'save_data' retrieved from /opt/airflow/dags/stoke_dag.py
[2026-09-16T18:14:40.279+0000] {logging_mixin.py:188} INFO - [2026-09-16T18:14:40.279+0000] {dag.py:3096} INFO - Sync 1 DAGs
[2026-09-16T18:14:40.301+0000] {logging_mixin.py:188} INFO - [2026-09-16T18:14:40.300+0000] {dag.py:3954} INFO - Setting next_dagrun for save_data to None, run_after=None
[2026-09-16T18:14:40.338+0000] {processor.py:183} INFO - Processing /opt/airflow/dags/stoke_dag.py took 0.158 seconds
[2026-09-16T18:15:10.594+0000] {processor.py:161} INFO - Started process (PID=2788) to work on /opt/airflow/dags/stoke_dag.py
[2026-09-16T18:15:10.597+0000] {processor.py:830} INFO - Processing file /opt/airflow/dags/stoke_dag.py for tasks to queue
[2026-09-16T18:15:10.603+0000] {logging_mixin.py:188} INFO - [2026-09-16T18:15:10.603+0000] {dagbag.py:545} INFO - Filling up the DagBag from /opt/airflow/dags/stoke_dag.py
[2026-09-16T18:15:10.653+0000] {processor.py:840} INFO - DAG(s) 'save_data' retrieved from /opt/airflow/dags/stoke_dag.py
[2026-09-16T18:15:10.731+0000] {logging_mixin.py:188} INFO - [2026-09-16T18:15:10.731+0000] {dag.py:3096} INFO - Sync 1 DAGs
[2026-09-16T18:15:10.758+0000] {logging_mixin.py:188} INFO - [2026-09-16T18:15:10.757+0000] {dag.py:3954} INFO - Setting next_dagrun for save_data to None, run_after=None
[2026-09-16T18:15:10.810+0000] {processor.py:183} INFO - Processing /opt/airflow/dags/stoke_dag.py took 0.236 seconds
[2026-09-16T18:15:40.956+0000] {processor.py:161} INFO - Started process (PID=2797) to work on /opt/airflow/dags/stoke_dag.py
[2026-09-16T18:15:40.961+0000] {processor.py:830} INFO - Processing file /opt/airflow/dags/stoke_dag.py for tasks to queue
[2026-09-16T18:15:40.969+0000] {logging_mixin.py:188} INFO - [2026-09-16T18:15:40.968+0000] {dagbag.py:545} INFO - Filling up the DagBag from /opt/airflow/dags/stoke_dag.py
[2026-09-16T18:15:41.021+0000] {processor.py:840} INFO - DAG(s) 'save_data' retrieved from /opt/airflow/dags/stoke_dag.py
[2026-09-16T18:15:41.071+0000] {logging_mixin.py:188} INFO - [2026-09-16T18:15:41.070+0000] {dag.py:3096} INFO - Sync 1 DAGs
[2026-09-16T18:15:41.097+0000] {logging_mixin.py:188} INFO - [2026-09-16T18:15:41.096+0000] {dag.py:3954} INFO - Setting next_dagrun for save_data to None, run_after=None
[2026-09-16T18:15:41.147+0000] {processor.py:183} INFO - Processing /opt/airflow/dags/stoke_dag.py took 0.211 seconds
[2026-09-16T18:16:11.289+0000] {processor.py:161} INFO - Started process (PID=2806) to work on /opt/airflow/dags/stoke_dag.py
[2026-09-16T18:16:11.291+0000] {processor.py:830} INFO - Processing file /opt/airflow/dags/stoke_dag.py for tasks to queue
[2026-09-16T18:16:11.294+0000] {logging_mixin.py:188} INFO - [2026-09-16T18:16:11.294+0000] {dagbag.py:545} INFO - Filling up the DagBag from /opt/airflow/dags/stoke_dag.py
[2026-09-16T18:16:11.319+0000] {processor.py:840} INFO - DAG(s) 'save_data' retrieved from /opt/airflow/dags/stoke_dag.py
[2026-09-16T18:16:11.350+0000] {logging_mixin.py:188} INFO - [2026-09-16T18:16:11.349+0000] {dag.py:3096} INFO - Sync 1 DAGs
[2026-09-16T18:16:11.364+0000] {logging_mixin.py:188} INFO - [2026-09-16T18:16:11.363+0000] {dag.py:3954} INFO - Setting next_dagrun for save_data to None, run_after=None
[2026-09-16T18:16:11.393+0000] {processor.py:183} INFO - Processing /opt/airflow/dags/stoke_dag.py took 0.116 seconds
[2026-09-16T18:16:41.711+0000] {processor.py:161} INFO - Started process (PID=2815) to work on /opt/airflow/dags/stoke_dag.py
[2026-09-16T18:16:41.713+0000] {processor.py:830} INFO - Processing file /opt/airflow/dags/stoke_dag.py for tasks to queue
[2026-09-16T18:16:41.715+0000] {logging_mixin.py:188} INFO - [2026-09-16T18:16:41.715+0000] {dagbag.py:545} INFO - Filling up the DagBag from /opt/airflow/dags/stoke_dag.py
[2026-09-16T18:16:41.744+0000] {processor.py:840} INFO - DAG(s) 'save_data' retrieved from /opt/airflow/dags/stoke_dag.py
[2026-09-16T18:16:41.766+0000] {logging_mixin.py:188} INFO - [2026-09-16T18:16:41.766+0000] {dag.py:3096} INFO - Sync 1 DAGs
[2026-09-16T18:16:41.781+0000] {logging_mixin.py:188} INFO - [2026-09-16T18:16:41.781+0000] {dag.py:3954} INFO - Setting next_dagrun for save_data to None, run_after=None
[2026-09-16T18:16:41.814+0000] {processor.py:183} INFO - Processing /opt/airflow/dags/stoke_dag.py took 0.115 seconds
[2026-09-16T18:17:12.264+0000] {processor.py:161} INFO - Started process (PID=2824) to work on /opt/airflow/dags/stoke_dag.py
[2026-09-16T18:17:12.267+0000] {processor.py:830} INFO - Processing file /opt/airflow/dags/stoke_dag.py for tasks to queue
[2026-09-16T18:17:12.273+0000] {logging_mixin.py:188} INFO - [2026-09-16T18:17:12.271+0000] {dagbag.py:545} INFO - Filling up the DagBag from /opt/airflow/dags/stoke_dag.py
[2026-09-16T18:17:12.315+0000] {processor.py:840} INFO - DAG(s) 'save_data' retrieved from /opt/airflow/dags/stoke_dag.py
[2026-09-16T18:17:12.354+0000] {logging_mixin.py:188} INFO - [2026-09-16T18:17:12.353+0000] {dag.py:3096} INFO - Sync 1 DAGs
[2026-09-16T18:17:12.379+0000] {logging_mixin.py:188} INFO - [2026-09-16T18:17:12.379+0000] {dag.py:3954} INFO - Setting next_dagrun for save_data to None, run_after=None
[2026-09-16T18:17:12.416+0000] {processor.py:183} INFO - Processing /opt/airflow/dags/stoke_dag.py took 0.164 seconds
[2026-09-16T18:17:42.606+0000] {processor.py:161} INFO - Started process (PID=2833) to work on /opt/airflow/dags/stoke_dag.py
[2026-09-16T18:17:42.607+0000] {processor.py:830} INFO - Processing file /opt/airflow/dags/stoke_dag.py for tasks to queue
[2026-09-16T18:17:42.611+0000] {logging_mixin.py:188} INFO - [2026-09-16T18:17:42.610+0000] {dagbag.py:545} INFO - Filling up the DagBag from /opt/airflow/dags/stoke_dag.py
[2026-09-16T18:17:42.654+0000] {processor.py:840} INFO - DAG(s) 'save_data' retrieved from /opt/airflow/dags/stoke_dag.py
[2026-09-16T18:17:42.973+0000] {logging_mixin.py:188} INFO - [2026-09-16T18:17:42.973+0000] {dag.py:3096} INFO - Sync 1 DAGs
[2026-09-16T18:17:43.033+0000] {logging_mixin.py:188} INFO - [2026-09-16T18:17:43.032+0000] {dag.py:3954} INFO - Setting next_dagrun for save_data to None, run_after=None
[2026-09-16T18:17:43.120+0000] {processor.py:183} INFO - Processing /opt/airflow/dags/stoke_dag.py took 0.524 seconds
[2026-09-16T18:18:13.505+0000] {processor.py:161} INFO - Started process (PID=2842) to work on /opt/airflow/dags/stoke_dag.py
[2026-09-16T18:18:13.507+0000] {processor.py:830} INFO - Processing file /opt/airflow/dags/stoke_dag.py for tasks to queue
[2026-09-16T18:18:13.510+0000] {logging_mixin.py:188} INFO - [2026-09-16T18:18:13.510+0000] {dagbag.py:545} INFO - Filling up the DagBag from /opt/airflow/dags/stoke_dag.py
[2026-09-16T18:18:13.535+0000] {processor.py:840} INFO - DAG(s) 'save_data' retrieved from /opt/airflow/dags/stoke_dag.py
[2026-09-16T18:18:13.571+0000] {logging_mixin.py:188} INFO - [2026-09-16T18:18:13.570+0000] {dag.py:3096} INFO - Sync 1 DAGs
[2026-09-16T18:18:13.592+0000] {logging_mixin.py:188} INFO - [2026-09-16T18:18:13.591+0000] {dag.py:3954} INFO - Setting next_dagrun for save_data to None, run_after=None
[2026-09-16T18:18:13.616+0000] {processor.py:183} INFO - Processing /opt/airflow/dags/stoke_dag.py took 0.122 seconds
[2026-09-16T18:19:44.459+0000] {processor.py:161} INFO - Started process (PID=66) to work on /opt/airflow/dags/stoke_dag.py
[2026-09-16T18:19:44.462+0000] {processor.py:830} INFO - Processing file /opt/airflow/dags/stoke_dag.py for tasks to queue
[2026-09-16T18:19:44.468+0000] {logging_mixin.py:188} INFO - [2026-09-16T18:19:44.468+0000] {dagbag.py:545} INFO - Filling up the DagBag from /opt/airflow/dags/stoke_dag.py
[2026-09-16T18:19:44.519+0000] {processor.py:840} INFO - DAG(s) 'save_data' retrieved from /opt/airflow/dags/stoke_dag.py
[2026-09-16T18:19:45.203+0000] {logging_mixin.py:188} INFO - [2026-09-16T18:19:45.202+0000] {dag.py:3096} INFO - Sync 1 DAGs
[2026-09-16T18:19:45.236+0000] {logging_mixin.py:188} INFO - [2026-09-16T18:19:45.236+0000] {dag.py:3954} INFO - Setting next_dagrun for save_data to None, run_after=None
[2026-09-16T18:19:45.294+0000] {processor.py:183} INFO - Processing /opt/airflow/dags/stoke_dag.py took 0.863 seconds
[2026-09-16T18:20:16.010+0000] {processor.py:161} INFO - Started process (PID=75) to work on /opt/airflow/dags/stoke_dag.py
[2026-09-16T18:20:16.014+0000] {processor.py:830} INFO - Processing file /opt/airflow/dags/stoke_dag.py for tasks to queue
[2026-09-16T18:20:16.020+0000] {logging_mixin.py:188} INFO - [2026-09-16T18:20:16.019+0000] {dagbag.py:545} INFO - Filling up the DagBag from /opt/airflow/dags/stoke_dag.py
[2026-09-16T18:20:16.061+0000] {processor.py:840} INFO - DAG(s) 'save_data' retrieved from /opt/airflow/dags/stoke_dag.py
[2026-09-16T18:20:16.131+0000] {logging_mixin.py:188} INFO - [2026-09-16T18:20:16.131+0000] {dag.py:3096} INFO - Sync 1 DAGs
[2026-09-16T18:20:16.160+0000] {logging_mixin.py:188} INFO - [2026-09-16T18:20:16.159+0000] {dag.py:3954} INFO - Setting next_dagrun for save_data to None, run_after=None
[2026-09-16T18:20:16.200+0000] {processor.py:183} INFO - Processing /opt/airflow/dags/stoke_dag.py took 0.216 seconds
[2026-09-16T18:20:46.583+0000] {processor.py:161} INFO - Started process (PID=84) to work on /opt/airflow/dags/stoke_dag.py
[2026-09-16T18:20:46.585+0000] {processor.py:830} INFO - Processing file /opt/airflow/dags/stoke_dag.py for tasks to queue
[2026-09-16T18:20:46.587+0000] {logging_mixin.py:188} INFO - [2026-09-16T18:20:46.587+0000] {dagbag.py:545} INFO - Filling up the DagBag from /opt/airflow/dags/stoke_dag.py
[2026-09-16T18:20:46.621+0000] {processor.py:840} INFO - DAG(s) 'save_data' retrieved from /opt/airflow/dags/stoke_dag.py
[2026-09-16T18:20:46.656+0000] {logging_mixin.py:188} INFO - [2026-09-16T18:20:46.656+0000] {dag.py:3096} INFO - Sync 1 DAGs
[2026-09-16T18:20:46.678+0000] {logging_mixin.py:188} INFO - [2026-09-16T18:20:46.677+0000] {dag.py:3954} INFO - Setting next_dagrun for save_data to None, run_after=None
[2026-09-16T18:20:46.708+0000] {processor.py:183} INFO - Processing /opt/airflow/dags/stoke_dag.py took 0.133 seconds
[2026-09-16T18:21:17.005+0000] {processor.py:161} INFO - Started process (PID=93) to work on /opt/airflow/dags/stoke_dag.py
[2026-09-16T18:21:17.007+0000] {processor.py:830} INFO - Processing file /opt/airflow/dags/stoke_dag.py for tasks to queue
[2026-09-16T18:21:17.010+0000] {logging_mixin.py:188} INFO - [2026-09-16T18:21:17.010+0000] {dagbag.py:545} INFO - Filling up the DagBag from /opt/airflow/dags/stoke_dag.py
[2026-09-16T18:21:17.040+0000] {processor.py:840} INFO - DAG(s) 'save_data' retrieved from /opt/airflow/dags/stoke_dag.py
[2026-09-16T18:21:17.074+0000] {logging_mixin.py:188} INFO - [2026-09-16T18:21:17.074+0000] {dag.py:3096} INFO - Sync 1 DAGs
[2026-09-16T18:21:17.091+0000] {logging_mixin.py:188} INFO - [2026-09-16T18:21:17.091+0000] {dag.py:3954} INFO - Setting next_dagrun for save_data to None, run_after=None
[2026-09-16T18:21:17.120+0000] {processor.py:183} INFO - Processing /opt/airflow/dags/stoke_dag.py took 0.126 seconds
[2026-09-16T18:21:47.490+0000] {processor.py:161} INFO - Started process (PID=102) to work on /opt/airflow/dags/stoke_dag.py
[2026-09-16T18:21:47.491+0000] {processor.py:830} INFO - Processing file /opt/airflow/dags/stoke_dag.py for tasks to queue
[2026-09-16T18:21:47.494+0000] {logging_mixin.py:188} INFO - [2026-09-16T18:21:47.494+0000] {dagbag.py:545} INFO - Filling up the DagBag from /opt/airflow/dags/stoke_dag.py
[2026-09-16T18:21:47.517+0000] {processor.py:840} INFO - DAG(s) 'save_data' retrieved from /opt/airflow/dags/stoke_dag.py
[2026-09-16T18:21:47.541+0000] {logging_mixin.py:188} INFO - [2026-09-16T18:21:47.541+0000] {dag.py:3096} INFO - Sync 1 DAGs
[2026-09-16T18:21:47.553+0000] {logging_mixin.py:188} INFO - [2026-09-16T18:21:47.553+0000] {dag.py:3954} INFO - Setting next_dagrun for save_data to None, run_after=None
[2026-09-16T18:21:47.575+0000] {processor.py:183} INFO - Processing /opt/airflow/dags/stoke_dag.py took 0.093 seconds
[2026-09-16T18:22:17.925+0000] {processor.py:161} INFO - Started process (PID=111) to work on /opt/airflow/dags/stoke_dag.py
[2026-09-16T18:22:17.927+0000] {processor.py:830} INFO - Processing file /opt/airflow/dags/stoke_dag.py for tasks to queue
[2026-09-16T18:22:17.930+0000] {logging_mixin.py:188} INFO - [2026-09-16T18:22:17.930+0000] {dagbag.py:545} INFO - Filling up the DagBag from /opt/airflow/dags/stoke_dag.py
[2026-09-16T18:22:17.955+0000] {processor.py:840} INFO - DAG(s) 'save_data' retrieved from /opt/airflow/dags/stoke_dag.py
[2026-09-16T18:22:17.984+0000] {logging_mixin.py:188} INFO - [2026-09-16T18:22:17.984+0000] {dag.py:3096} INFO - Sync 1 DAGs
[2026-09-16T18:22:17.996+0000] {logging_mixin.py:188} INFO - [2026-09-16T18:22:17.996+0000] {dag.py:3954} INFO - Setting next_dagrun for save_data to None, run_after=None
[2026-09-16T18:22:18.022+0000] {processor.py:183} INFO - Processing /opt/airflow/dags/stoke_dag.py took 0.106 seconds
[2026-09-16T18:22:48.256+0000] {processor.py:161} INFO - Started process (PID=120) to work on /opt/airflow/dags/stoke_dag.py
[2026-09-16T18:22:48.258+0000] {processor.py:830} INFO - Processing file /opt/airflow/dags/stoke_dag.py for tasks to queue
[2026-09-16T18:22:48.263+0000] {logging_mixin.py:188} INFO - [2026-09-16T18:22:48.262+0000] {dagbag.py:545} INFO - Filling up the DagBag from /opt/airflow/dags/stoke_dag.py
[2026-09-16T18:22:48.291+0000] {processor.py:840} INFO - DAG(s) 'save_data' retrieved from /opt/airflow/dags/stoke_dag.py
[2026-09-16T18:22:48.321+0000] {logging_mixin.py:188} INFO - [2026-09-16T18:22:48.321+0000] {dag.py:3096} INFO - Sync 1 DAGs
[2026-09-16T18:22:48.337+0000] {logging_mixin.py:188} INFO - [2026-09-16T18:22:48.337+0000] {dag.py:3954} INFO - Setting next_dagrun for save_data to None, run_after=None
[2026-09-16T18:22:48.364+0000] {processor.py:183} INFO - Processing /opt/airflow/dags/stoke_dag.py took 0.118 seconds
[2026-09-16T18:23:18.719+0000] {processor.py:161} INFO - Started process (PID=129) to work on /opt/airflow/dags/stoke_dag.py
[2026-09-16T18:23:18.720+0000] {processor.py:830} INFO - Processing file /opt/airflow/dags/stoke_dag.py for tasks to queue
[2026-09-16T18:23:18.724+0000] {logging_mixin.py:188} INFO - [2026-09-16T18:23:18.723+0000] {dagbag.py:545} INFO - Filling up the DagBag from /opt/airflow/dags/stoke_dag.py
[2026-09-16T18:23:18.749+0000] {processor.py:840} INFO - DAG(s) 'save_data' retrieved from /opt/airflow/dags/stoke_dag.py
[2026-09-16T18:23:18.772+0000] {logging_mixin.py:188} INFO - [2026-09-16T18:23:18.772+0000] {dag.py:3096} INFO - Sync 1 DAGs
[2026-09-16T18:23:18.784+0000] {logging_mixin.py:188} INFO - [2026-09-16T18:23:18.783+0000] {dag.py:3954} INFO - Setting next_dagrun for save_data to None, run_after=None
[2026-09-16T18:23:18.805+0000] {processor.py:183} INFO - Processing /opt/airflow/dags/stoke_dag.py took 0.094 seconds
[2026-09-16T18:23:49.130+0000] {processor.py:161} INFO - Started process (PID=138) to work on /opt/airflow/dags/stoke_dag.py
[2026-09-16T18:23:49.132+0000] {processor.py:830} INFO - Processing file /opt/airflow/dags/stoke_dag.py for tasks to queue
[2026-09-16T18:23:49.134+0000] {logging_mixin.py:188} INFO - [2026-09-16T18:23:49.134+0000] {dagbag.py:545} INFO - Filling up the DagBag from /opt/airflow/dags/stoke_dag.py
[2026-09-16T18:23:49.156+0000] {processor.py:840} INFO - DAG(s) 'save_data' retrieved from /opt/airflow/dags/stoke_dag.py
[2026-09-16T18:23:49.178+0000] {logging_mixin.py:188} INFO - [2026-09-16T18:23:49.177+0000] {dag.py:3096} INFO - Sync 1 DAGs
[2026-09-16T18:23:49.191+0000] {logging_mixin.py:188} INFO - [2026-09-16T18:23:49.191+0000] {dag.py:3954} INFO - Setting next_dagrun for save_data to None, run_after=None
[2026-09-16T18:23:49.215+0000] {processor.py:183} INFO - Processing /opt/airflow/dags/stoke_dag.py took 0.091 seconds
[2026-09-16T18:24:19.539+0000] {processor.py:161} INFO - Started process (PID=147) to work on /opt/airflow/dags/stoke_dag.py
[2026-09-16T18:24:19.541+0000] {processor.py:830} INFO - Processing file /opt/airflow/dags/stoke_dag.py for tasks to queue
[2026-09-16T18:24:19.543+0000] {logging_mixin.py:188} INFO - [2026-09-16T18:24:19.543+0000] {dagbag.py:545} INFO - Filling up the DagBag from /opt/airflow/dags/stoke_dag.py
[2026-09-16T18:24:19.566+0000] {processor.py:840} INFO - DAG(s) 'save_data' retrieved from /opt/airflow/dags/stoke_dag.py
[2026-09-16T18:24:19.596+0000] {logging_mixin.py:188} INFO - [2026-09-16T18:24:19.595+0000] {dag.py:3096} INFO - Sync 1 DAGs
[2026-09-16T18:24:19.607+0000] {logging_mixin.py:188} INFO - [2026-09-16T18:24:19.607+0000] {dag.py:3954} INFO - Setting next_dagrun for save_data to None, run_after=None
[2026-09-16T18:24:19.627+0000] {processor.py:183} INFO - Processing /opt/airflow/dags/stoke_dag.py took 0.095 seconds
[2026-09-16T18:24:49.955+0000] {processor.py:161} INFO - Started process (PID=156) to work on /opt/airflow/dags/stoke_dag.py
[2026-09-16T18:24:49.956+0000] {processor.py:830} INFO - Processing file /opt/airflow/dags/stoke_dag.py for tasks to queue
[2026-09-16T18:24:49.959+0000] {logging_mixin.py:188} INFO - [2026-09-16T18:24:49.959+0000] {dagbag.py:545} INFO - Filling up the DagBag from /opt/airflow/dags/stoke_dag.py
[2026-09-16T18:24:49.980+0000] {processor.py:840} INFO - DAG(s) 'save_data' retrieved from /opt/airflow/dags/stoke_dag.py
[2026-09-16T18:24:50.000+0000] {logging_mixin.py:188} INFO - [2026-09-16T18:24:50.000+0000] {dag.py:3096} INFO - Sync 1 DAGs
[2026-09-16T18:24:50.010+0000] {logging_mixin.py:188} INFO - [2026-09-16T18:24:50.010+0000] {dag.py:3954} INFO - Setting next_dagrun for save_data to None, run_after=None
[2026-09-16T18:24:50.033+0000] {processor.py:183} INFO - Processing /opt/airflow/dags/stoke_dag.py took 0.085 seconds
[2026-09-16T18:25:20.365+0000] {processor.py:161} INFO - Started process (PID=165) to work on /opt/airflow/dags/stoke_dag.py
[2026-09-16T18:25:20.367+0000] {processor.py:830} INFO - Processing file /opt/airflow/dags/stoke_dag.py for tasks to queue
[2026-09-16T18:25:20.370+0000] {logging_mixin.py:188} INFO - [2026-09-16T18:25:20.369+0000] {dagbag.py:545} INFO - Filling up the DagBag from /opt/airflow/dags/stoke_dag.py
[2026-09-16T18:25:20.396+0000] {processor.py:840} INFO - DAG(s) 'save_data' retrieved from /opt/airflow/dags/stoke_dag.py
[2026-09-16T18:25:20.417+0000] {logging_mixin.py:188} INFO - [2026-09-16T18:25:20.416+0000] {dag.py:3096} INFO - Sync 1 DAGs
[2026-09-16T18:25:20.429+0000] {logging_mixin.py:188} INFO - [2026-09-16T18:25:20.429+0000] {dag.py:3954} INFO - Setting next_dagrun for save_data to None, run_after=None
[2026-09-16T18:25:20.448+0000] {processor.py:183} INFO - Processing /opt/airflow/dags/stoke_dag.py took 0.090 seconds
[2026-09-16T18:25:50.778+0000] {processor.py:161} INFO - Started process (PID=174) to work on /opt/airflow/dags/stoke_dag.py
[2026-09-16T18:25:50.780+0000] {processor.py:830} INFO - Processing file /opt/airflow/dags/stoke_dag.py for tasks to queue
[2026-09-16T18:25:50.782+0000] {logging_mixin.py:188} INFO - [2026-09-16T18:25:50.782+0000] {dagbag.py:545} INFO - Filling up the DagBag from /opt/airflow/dags/stoke_dag.py
[2026-09-16T18:25:50.803+0000] {processor.py:840} INFO - DAG(s) 'save_data' retrieved from /opt/airflow/dags/stoke_dag.py
[2026-09-16T18:25:50.823+0000] {logging_mixin.py:188} INFO - [2026-09-16T18:25:50.823+0000] {dag.py:3096} INFO - Sync 1 DAGs
[2026-09-16T18:25:50.833+0000] {logging_mixin.py:188} INFO - [2026-09-16T18:25:50.833+0000] {dag.py:3954} INFO - Setting next_dagrun for save_data to None, run_after=None
[2026-09-16T18:25:50.854+0000] {processor.py:183} INFO - Processing /opt/airflow/dags/stoke_dag.py took 0.083 seconds
[2026-09-16T18:26:21.194+0000] {processor.py:161} INFO - Started process (PID=183) to work on /opt/airflow/dags/stoke_dag.py
[2026-09-16T18:26:21.196+0000] {processor.py:830} INFO - Processing file /opt/airflow/dags/stoke_dag.py for tasks to queue
[2026-09-16T18:26:21.199+0000] {logging_mixin.py:188} INFO - [2026-09-16T18:26:21.198+0000] {dagbag.py:545} INFO - Filling up the DagBag from /opt/airflow/dags/stoke_dag.py
[2026-09-16T18:26:21.215+0000] {processor.py:840} INFO - DAG(s) 'save_data' retrieved from /opt/airflow/dags/stoke_dag.py
[2026-09-16T18:26:21.234+0000] {logging_mixin.py:188} INFO - [2026-09-16T18:26:21.233+0000] {dag.py:3096} INFO - Sync 1 DAGs
[2026-09-16T18:26:21.243+0000] {logging_mixin.py:188} INFO - [2026-09-16T18:26:21.243+0000] {dag.py:3954} INFO - Setting next_dagrun for save_data to None, run_after=None
[2026-09-16T18:26:21.261+0000] {processor.py:183} INFO - Processing /opt/airflow/dags/stoke_dag.py took 0.074 seconds
[2026-09-16T18:26:51.586+0000] {processor.py:161} INFO - Started process (PID=192) to work on /opt/airflow/dags/stoke_dag.py
[2026-09-16T18:26:51.588+0000] {processor.py:830} INFO - Processing file /opt/airflow/dags/stoke_dag.py for tasks to queue
[2026-09-16T18:26:51.591+0000] {logging_mixin.py:188} INFO - [2026-09-16T18:26:51.591+0000] {dagbag.py:545} INFO - Filling up the DagBag from /opt/airflow/dags/stoke_dag.py
[2026-09-16T18:26:51.607+0000] {processor.py:840} INFO - DAG(s) 'save_data' retrieved from /opt/airflow/dags/stoke_dag.py
[2026-09-16T18:26:51.627+0000] {logging_mixin.py:188} INFO - [2026-09-16T18:26:51.627+0000] {dag.py:3096} INFO - Sync 1 DAGs
[2026-09-16T18:26:51.637+0000] {logging_mixin.py:188} INFO - [2026-09-16T18:26:51.637+0000] {dag.py:3954} INFO - Setting next_dagrun for save_data to None, run_after=None
[2026-09-16T18:26:51.655+0000] {processor.py:183} INFO - Processing /opt/airflow/dags/stoke_dag.py took 0.074 seconds
[2026-09-16T18:27:21.976+0000] {processor.py:161} INFO - Started process (PID=201) to work on /opt/airflow/dags/stoke_dag.py
[2026-09-16T18:27:21.978+0000] {processor.py:830} INFO - Processing file /opt/airflow/dags/stoke_dag.py for tasks to queue
[2026-09-16T18:27:21.981+0000] {logging_mixin.py:188} INFO - [2026-09-16T18:27:21.981+0000] {dagbag.py:545} INFO - Filling up the DagBag from /opt/airflow/dags/stoke_dag.py
[2026-09-16T18:27:22.000+0000] {processor.py:840} INFO - DAG(s) 'save_data' retrieved from /opt/airflow/dags/stoke_dag.py
[2026-09-16T18:27:22.019+0000] {logging_mixin.py:188} INFO - [2026-09-16T18:27:22.019+0000] {dag.py:3096} INFO - Sync 1 DAGs
[2026-09-16T18:27:22.029+0000] {logging_mixin.py:188} INFO - [2026-09-16T18:27:22.029+0000] {dag.py:3954} INFO - Setting next_dagrun for save_data to None, run_after=None
[2026-09-16T18:27:22.046+0000] {processor.py:183} INFO - Processing /opt/airflow/dags/stoke_dag.py took 0.078 seconds
[2026-09-16T18:27:52.357+0000] {processor.py:161} INFO - Started process (PID=210) to work on /opt/airflow/dags/stoke_dag.py
[2026-09-16T18:27:52.359+0000] {processor.py:830} INFO - Processing file /opt/airflow/dags/stoke_dag.py for tasks to queue
[2026-09-16T18:27:52.361+0000] {logging_mixin.py:188} INFO - [2026-09-16T18:27:52.360+0000] {dagbag.py:545} INFO - Filling up the DagBag from /opt/airflow/dags/stoke_dag.py
[2026-09-16T18:27:52.375+0000] {processor.py:840} INFO - DAG(s) 'save_data' retrieved from /opt/airflow/dags/stoke_dag.py
[2026-09-16T18:27:52.394+0000] {logging_mixin.py:188} INFO - [2026-09-16T18:27:52.394+0000] {dag.py:3096} INFO - Sync 1 DAGs
[2026-09-16T18:27:52.404+0000] {logging_mixin.py:188} INFO - [2026-09-16T18:27:52.404+0000] {dag.py:3954} INFO - Setting next_dagrun for save_data to None, run_after=None
[2026-09-16T18:27:52.423+0000] {processor.py:183} INFO - Processing /opt/airflow/dags/stoke_dag.py took 0.072 seconds
[2026-09-16T18:28:22.751+0000] {processor.py:161} INFO - Started process (PID=219) to work on /opt/airflow/dags/stoke_dag.py
[2026-09-16T18:28:22.752+0000] {processor.py:830} INFO - Processing file /opt/airflow/dags/stoke_dag.py for tasks to queue
[2026-09-16T18:28:22.755+0000] {logging_mixin.py:188} INFO - [2026-09-16T18:28:22.754+0000] {dagbag.py:545} INFO - Filling up the DagBag from /opt/airflow/dags/stoke_dag.py
[2026-09-16T18:28:22.775+0000] {processor.py:840} INFO - DAG(s) 'save_data' retrieved from /opt/airflow/dags/stoke_dag.py
[2026-09-16T18:28:22.802+0000] {logging_mixin.py:188} INFO - [2026-09-16T18:28:22.801+0000] {dag.py:3096} INFO - Sync 1 DAGs
[2026-09-16T18:28:22.815+0000] {logging_mixin.py:188} INFO - [2026-09-16T18:28:22.815+0000] {dag.py:3954} INFO - Setting next_dagrun for save_data to None, run_after=None
[2026-09-16T18:28:22.840+0000] {processor.py:183} INFO - Processing /opt/airflow/dags/stoke_dag.py took 0.095 seconds
[2026-09-16T18:28:53.152+0000] {processor.py:161} INFO - Started process (PID=228) to work on /opt/airflow/dags/stoke_dag.py
[2026-09-16T18:28:53.154+0000] {processor.py:830} INFO - Processing file /opt/airflow/dags/stoke_dag.py for tasks to queue
[2026-09-16T18:28:53.157+0000] {logging_mixin.py:188} INFO - [2026-09-16T18:28:53.157+0000] {dagbag.py:545} INFO - Filling up the DagBag from /opt/airflow/dags/stoke_dag.py
[2026-09-16T18:28:53.180+0000] {processor.py:840} INFO - DAG(s) 'save_data' retrieved from /opt/airflow/dags/stoke_dag.py
[2026-09-16T18:28:53.210+0000] {logging_mixin.py:188} INFO - [2026-09-16T18:28:53.210+0000] {dag.py:3096} INFO - Sync 1 DAGs
[2026-09-16T18:28:53.226+0000] {logging_mixin.py:188} INFO - [2026-09-16T18:28:53.226+0000] {dag.py:3954} INFO - Setting next_dagrun for save_data to None, run_after=None
[2026-09-16T18:28:53.252+0000] {processor.py:183} INFO - Processing /opt/airflow/dags/stoke_dag.py took 0.110 seconds
[2026-09-16T18:29:06.315+0000] {processor.py:161} INFO - Started process (PID=229) to work on /opt/airflow/dags/stoke_dag.py
[2026-09-16T18:29:06.317+0000] {processor.py:830} INFO - Processing file /opt/airflow/dags/stoke_dag.py for tasks to queue
[2026-09-16T18:29:06.319+0000] {logging_mixin.py:188} INFO - [2026-09-16T18:29:06.319+0000] {dagbag.py:545} INFO - Filling up the DagBag from /opt/airflow/dags/stoke_dag.py
[2026-09-16T18:29:06.362+0000] {processor.py:840} INFO - DAG(s) 'save_data' retrieved from /opt/airflow/dags/stoke_dag.py
[2026-09-16T18:29:06.449+0000] {logging_mixin.py:188} INFO - [2026-09-16T18:29:06.448+0000] {dag.py:3096} INFO - Sync 1 DAGs
[2026-09-16T18:29:06.505+0000] {logging_mixin.py:188} INFO - [2026-09-16T18:29:06.504+0000] {dag.py:3954} INFO - Setting next_dagrun for save_data to None, run_after=None
[2026-09-16T18:29:06.557+0000] {processor.py:183} INFO - Processing /opt/airflow/dags/stoke_dag.py took 0.249 seconds
[2026-09-16T18:29:08.507+0000] {processor.py:161} INFO - Started process (PID=230) to work on /opt/airflow/dags/stoke_dag.py
[2026-09-16T18:29:08.510+0000] {processor.py:830} INFO - Processing file /opt/airflow/dags/stoke_dag.py for tasks to queue
[2026-09-16T18:29:08.512+0000] {logging_mixin.py:188} INFO - [2026-09-16T18:29:08.512+0000] {dagbag.py:545} INFO - Filling up the DagBag from /opt/airflow/dags/stoke_dag.py
[2026-09-16T18:29:08.564+0000] {processor.py:840} INFO - DAG(s) 'save_data' retrieved from /opt/airflow/dags/stoke_dag.py
[2026-09-16T18:29:08.610+0000] {logging_mixin.py:188} INFO - [2026-09-16T18:29:08.610+0000] {dag.py:3096} INFO - Sync 1 DAGs
[2026-09-16T18:29:08.635+0000] {logging_mixin.py:188} INFO - [2026-09-16T18:29:08.634+0000] {dag.py:3954} INFO - Setting next_dagrun for save_data to None, run_after=None
[2026-09-16T18:29:08.690+0000] {processor.py:183} INFO - Processing /opt/airflow/dags/stoke_dag.py took 0.191 seconds
[2026-09-16T18:29:17.846+0000] {processor.py:161} INFO - Started process (PID=239) to work on /opt/airflow/dags/stoke_dag.py
[2026-09-16T18:29:17.848+0000] {processor.py:830} INFO - Processing file /opt/airflow/dags/stoke_dag.py for tasks to queue
[2026-09-16T18:29:17.851+0000] {logging_mixin.py:188} INFO - [2026-09-16T18:29:17.850+0000] {dagbag.py:545} INFO - Filling up the DagBag from /opt/airflow/dags/stoke_dag.py
[2026-09-16T18:29:17.883+0000] {logging_mixin.py:188} INFO - [2026-09-16T18:29:17.882+0000] {dagbag.py:355} ERROR - Failed to import: /opt/airflow/dags/stoke_dag.py
Traceback (most recent call last):
  File "/home/airflow/.local/lib/python3.10/site-packages/airflow/models/dagbag.py", line 351, in parse
    loader.exec_module(new_module)
  File "<frozen importlib._bootstrap_external>", line 879, in exec_module
  File "<frozen importlib._bootstrap_external>", line 1017, in get_code
  File "<frozen importlib._bootstrap_external>", line 947, in source_to_code
  File "<frozen importlib._bootstrap>", line 241, in _call_with_frames_removed
  File "/opt/airflow/dags/stoke_dag.py", line 19
    json_files = 
                 ^
SyntaxError: invalid syntax
[2026-09-16T18:29:17.884+0000] {processor.py:842} WARNING - No viable dags retrieved from /opt/airflow/dags/stoke_dag.py
[2026-09-16T18:29:17.909+0000] {processor.py:183} INFO - Processing /opt/airflow/dags/stoke_dag.py took 0.072 seconds
[2026-09-16T18:29:21.901+0000] {processor.py:161} INFO - Started process (PID=240) to work on /opt/airflow/dags/stoke_dag.py
[2026-09-16T18:29:21.903+0000] {processor.py:830} INFO - Processing file /opt/airflow/dags/stoke_dag.py for tasks to queue
[2026-09-16T18:29:21.911+0000] {logging_mixin.py:188} INFO - [2026-09-16T18:29:21.910+0000] {dagbag.py:545} INFO - Filling up the DagBag from /opt/airflow/dags/stoke_dag.py
[2026-09-16T18:29:21.984+0000] {processor.py:840} INFO - DAG(s) 'save_data' retrieved from /opt/airflow/dags/stoke_dag.py
[2026-09-16T18:29:22.029+0000] {logging_mixin.py:188} INFO - [2026-09-16T18:29:22.028+0000] {dag.py:3096} INFO - Sync 1 DAGs
[2026-09-16T18:29:22.046+0000] {logging_mixin.py:188} INFO - [2026-09-16T18:29:22.046+0000] {dag.py:3954} INFO - Setting next_dagrun for save_data to None, run_after=None
[2026-09-16T18:29:22.092+0000] {processor.py:183} INFO - Processing /opt/airflow/dags/stoke_dag.py took 0.203 seconds
[2026-09-16T18:29:23.030+0000] {processor.py:161} INFO - Started process (PID=241) to work on /opt/airflow/dags/stoke_dag.py
[2026-09-16T18:29:23.032+0000] {processor.py:830} INFO - Processing file /opt/airflow/dags/stoke_dag.py for tasks to queue
[2026-09-16T18:29:23.035+0000] {logging_mixin.py:188} INFO - [2026-09-16T18:29:23.034+0000] {dagbag.py:545} INFO - Filling up the DagBag from /opt/airflow/dags/stoke_dag.py
[2026-09-16T18:29:23.079+0000] {processor.py:840} INFO - DAG(s) 'save_data' retrieved from /opt/airflow/dags/stoke_dag.py
[2026-09-16T18:29:23.105+0000] {logging_mixin.py:188} INFO - [2026-09-16T18:29:23.104+0000] {dag.py:3096} INFO - Sync 1 DAGs
[2026-09-16T18:29:23.120+0000] {logging_mixin.py:188} INFO - [2026-09-16T18:29:23.120+0000] {dag.py:3954} INFO - Setting next_dagrun for save_data to None, run_after=None
[2026-09-16T18:29:23.152+0000] {processor.py:183} INFO - Processing /opt/airflow/dags/stoke_dag.py took 0.132 seconds
[2026-09-16T18:29:29.225+0000] {processor.py:161} INFO - Started process (PID=242) to work on /opt/airflow/dags/stoke_dag.py
[2026-09-16T18:29:29.228+0000] {processor.py:830} INFO - Processing file /opt/airflow/dags/stoke_dag.py for tasks to queue
[2026-09-16T18:29:29.231+0000] {logging_mixin.py:188} INFO - [2026-09-16T18:29:29.231+0000] {dagbag.py:545} INFO - Filling up the DagBag from /opt/airflow/dags/stoke_dag.py
[2026-09-16T18:29:29.276+0000] {processor.py:840} INFO - DAG(s) 'save_data' retrieved from /opt/airflow/dags/stoke_dag.py
[2026-09-16T18:29:29.308+0000] {logging_mixin.py:188} INFO - [2026-09-16T18:29:29.307+0000] {dag.py:3096} INFO - Sync 1 DAGs
[2026-09-16T18:29:29.324+0000] {logging_mixin.py:188} INFO - [2026-09-16T18:29:29.324+0000] {dag.py:3954} INFO - Setting next_dagrun for save_data to None, run_after=None
[2026-09-16T18:29:29.353+0000] {processor.py:183} INFO - Processing /opt/airflow/dags/stoke_dag.py took 0.140 seconds
[2026-09-16T18:29:34.320+0000] {processor.py:161} INFO - Started process (PID=243) to work on /opt/airflow/dags/stoke_dag.py
[2026-09-16T18:29:34.321+0000] {processor.py:830} INFO - Processing file /opt/airflow/dags/stoke_dag.py for tasks to queue
[2026-09-16T18:29:34.323+0000] {logging_mixin.py:188} INFO - [2026-09-16T18:29:34.323+0000] {dagbag.py:545} INFO - Filling up the DagBag from /opt/airflow/dags/stoke_dag.py
[2026-09-16T18:29:34.354+0000] {processor.py:840} INFO - DAG(s) 'save_data' retrieved from /opt/airflow/dags/stoke_dag.py
[2026-09-16T18:29:34.382+0000] {logging_mixin.py:188} INFO - [2026-09-16T18:29:34.382+0000] {dag.py:3096} INFO - Sync 1 DAGs
[2026-09-16T18:29:34.393+0000] {logging_mixin.py:188} INFO - [2026-09-16T18:29:34.392+0000] {dag.py:3954} INFO - Setting next_dagrun for save_data to None, run_after=None
[2026-09-16T18:29:34.421+0000] {processor.py:183} INFO - Processing /opt/airflow/dags/stoke_dag.py took 0.108 seconds
[2026-09-16T18:29:35.469+0000] {processor.py:161} INFO - Started process (PID=244) to work on /opt/airflow/dags/stoke_dag.py
[2026-09-16T18:29:35.472+0000] {processor.py:830} INFO - Processing file /opt/airflow/dags/stoke_dag.py for tasks to queue
[2026-09-16T18:29:35.476+0000] {logging_mixin.py:188} INFO - [2026-09-16T18:29:35.475+0000] {dagbag.py:545} INFO - Filling up the DagBag from /opt/airflow/dags/stoke_dag.py
[2026-09-16T18:29:35.504+0000] {logging_mixin.py:188} INFO - [2026-09-16T18:29:35.503+0000] {dagbag.py:355} ERROR - Failed to import: /opt/airflow/dags/stoke_dag.py
Traceback (most recent call last):
  File "/home/airflow/.local/lib/python3.10/site-packages/airflow/models/dagbag.py", line 351, in parse
    loader.exec_module(new_module)
  File "<frozen importlib._bootstrap_external>", line 879, in exec_module
  File "<frozen importlib._bootstrap_external>", line 1017, in get_code
  File "<frozen importlib._bootstrap_external>", line 947, in source_to_code
  File "<frozen importlib._bootstrap>", line 241, in _call_with_frames_removed
  File "/opt/airflow/dags/stoke_dag.py", line 20
    json_files = list(glob.)
                           ^
SyntaxError: invalid syntax
[2026-09-16T18:29:35.505+0000] {processor.py:842} WARNING - No viable dags retrieved from /opt/airflow/dags/stoke_dag.py
[2026-09-16T18:29:35.533+0000] {processor.py:183} INFO - Processing /opt/airflow/dags/stoke_dag.py took 0.073 seconds
[2026-09-16T18:29:41.785+0000] {processor.py:161} INFO - Started process (PID=253) to work on /opt/airflow/dags/stoke_dag.py
[2026-09-16T18:29:41.788+0000] {processor.py:830} INFO - Processing file /opt/airflow/dags/stoke_dag.py for tasks to queue
[2026-09-16T18:29:41.794+0000] {logging_mixin.py:188} INFO - [2026-09-16T18:29:41.793+0000] {dagbag.py:545} INFO - Filling up the DagBag from /opt/airflow/dags/stoke_dag.py
[2026-09-16T18:29:41.822+0000] {logging_mixin.py:188} INFO - [2026-09-16T18:29:41.821+0000] {dagbag.py:355} ERROR - Failed to import: /opt/airflow/dags/stoke_dag.py
Traceback (most recent call last):
  File "/home/airflow/.local/lib/python3.10/site-packages/airflow/models/dagbag.py", line 351, in parse
    loader.exec_module(new_module)
  File "<frozen importlib._bootstrap_external>", line 879, in exec_module
  File "<frozen importlib._bootstrap_external>", line 1017, in get_code
  File "<frozen importlib._bootstrap_external>", line 947, in source_to_code
  File "<frozen importlib._bootstrap>", line 241, in _call_with_frames_removed
  File "/opt/airflow/dags/stoke_dag.py", line 20
    json_files = list(path.)
                           ^
SyntaxError: invalid syntax
[2026-09-16T18:29:41.824+0000] {processor.py:842} WARNING - No viable dags retrieved from /opt/airflow/dags/stoke_dag.py
[2026-09-16T18:29:41.852+0000] {processor.py:183} INFO - Processing /opt/airflow/dags/stoke_dag.py took 0.102 seconds
[2026-09-16T18:29:44.833+0000] {processor.py:161} INFO - Started process (PID=254) to work on /opt/airflow/dags/stoke_dag.py
[2026-09-16T18:29:44.835+0000] {processor.py:830} INFO - Processing file /opt/airflow/dags/stoke_dag.py for tasks to queue
[2026-09-16T18:29:44.837+0000] {logging_mixin.py:188} INFO - [2026-09-16T18:29:44.837+0000] {dagbag.py:545} INFO - Filling up the DagBag from /opt/airflow/dags/stoke_dag.py
[2026-09-16T18:29:44.873+0000] {processor.py:840} INFO - DAG(s) 'save_data' retrieved from /opt/airflow/dags/stoke_dag.py
[2026-09-16T18:29:44.899+0000] {logging_mixin.py:188} INFO - [2026-09-16T18:29:44.899+0000] {dag.py:3096} INFO - Sync 1 DAGs
[2026-09-16T18:29:44.911+0000] {logging_mixin.py:188} INFO - [2026-09-16T18:29:44.910+0000] {dag.py:3954} INFO - Setting next_dagrun for save_data to None, run_after=None
[2026-09-16T18:29:44.939+0000] {processor.py:183} INFO - Processing /opt/airflow/dags/stoke_dag.py took 0.111 seconds
[2026-09-16T18:29:49.980+0000] {processor.py:161} INFO - Started process (PID=255) to work on /opt/airflow/dags/stoke_dag.py
[2026-09-16T18:29:49.982+0000] {processor.py:830} INFO - Processing file /opt/airflow/dags/stoke_dag.py for tasks to queue
[2026-09-16T18:29:49.985+0000] {logging_mixin.py:188} INFO - [2026-09-16T18:29:49.985+0000] {dagbag.py:545} INFO - Filling up the DagBag from /opt/airflow/dags/stoke_dag.py
[2026-09-16T18:29:50.031+0000] {processor.py:840} INFO - DAG(s) 'save_data' retrieved from /opt/airflow/dags/stoke_dag.py
[2026-09-16T18:29:50.055+0000] {logging_mixin.py:188} INFO - [2026-09-16T18:29:50.055+0000] {dag.py:3096} INFO - Sync 1 DAGs
[2026-09-16T18:29:50.067+0000] {logging_mixin.py:188} INFO - [2026-09-16T18:29:50.066+0000] {dag.py:3954} INFO - Setting next_dagrun for save_data to None, run_after=None
[2026-09-16T18:29:50.094+0000] {processor.py:183} INFO - Processing /opt/airflow/dags/stoke_dag.py took 0.120 seconds
[2026-09-16T18:30:20.430+0000] {processor.py:161} INFO - Started process (PID=264) to work on /opt/airflow/dags/stoke_dag.py
[2026-09-16T18:30:20.432+0000] {processor.py:830} INFO - Processing file /opt/airflow/dags/stoke_dag.py for tasks to queue
[2026-09-16T18:30:20.434+0000] {logging_mixin.py:188} INFO - [2026-09-16T18:30:20.434+0000] {dagbag.py:545} INFO - Filling up the DagBag from /opt/airflow/dags/stoke_dag.py
[2026-09-16T18:30:20.455+0000] {processor.py:840} INFO - DAG(s) 'save_data' retrieved from /opt/airflow/dags/stoke_dag.py
[2026-09-16T18:30:20.476+0000] {logging_mixin.py:188} INFO - [2026-09-16T18:30:20.476+0000] {dag.py:3096} INFO - Sync 1 DAGs
[2026-09-16T18:30:20.487+0000] {logging_mixin.py:188} INFO - [2026-09-16T18:30:20.486+0000] {dag.py:3954} INFO - Setting next_dagrun for save_data to None, run_after=None
[2026-09-16T18:30:20.507+0000] {processor.py:183} INFO - Processing /opt/airflow/dags/stoke_dag.py took 0.082 seconds
[2026-09-16T18:30:50.424+0000] {processor.py:161} INFO - Started process (PID=273) to work on /opt/airflow/dags/stoke_dag.py
[2026-09-16T18:30:50.428+0000] {processor.py:830} INFO - Processing file /opt/airflow/dags/stoke_dag.py for tasks to queue
[2026-09-16T18:30:50.436+0000] {logging_mixin.py:188} INFO - [2026-09-16T18:30:50.435+0000] {dagbag.py:545} INFO - Filling up the DagBag from /opt/airflow/dags/stoke_dag.py
[2026-09-16T18:30:50.486+0000] {logging_mixin.py:188} INFO - [2026-09-16T18:30:50.484+0000] {dagbag.py:355} ERROR - Failed to import: /opt/airflow/dags/stoke_dag.py
Traceback (most recent call last):
  File "/home/airflow/.local/lib/python3.10/site-packages/airflow/models/dagbag.py", line 351, in parse
    loader.exec_module(new_module)
  File "<frozen importlib._bootstrap_external>", line 879, in exec_module
  File "<frozen importlib._bootstrap_external>", line 1017, in get_code
  File "<frozen importlib._bootstrap_external>", line 947, in source_to_code
  File "<frozen importlib._bootstrap>", line 241, in _call_with_frames_removed
  File "/opt/airflow/dags/stoke_dag.py", line 21
    file = 
           ^
SyntaxError: invalid syntax
[2026-09-16T18:30:50.487+0000] {processor.py:842} WARNING - No viable dags retrieved from /opt/airflow/dags/stoke_dag.py
[2026-09-16T18:30:50.537+0000] {processor.py:183} INFO - Processing /opt/airflow/dags/stoke_dag.py took 0.132 seconds
[2026-09-16T18:30:52.427+0000] {processor.py:161} INFO - Started process (PID=274) to work on /opt/airflow/dags/stoke_dag.py
[2026-09-16T18:30:52.429+0000] {processor.py:830} INFO - Processing file /opt/airflow/dags/stoke_dag.py for tasks to queue
[2026-09-16T18:30:52.431+0000] {logging_mixin.py:188} INFO - [2026-09-16T18:30:52.431+0000] {dagbag.py:545} INFO - Filling up the DagBag from /opt/airflow/dags/stoke_dag.py
[2026-09-16T18:30:52.453+0000] {logging_mixin.py:188} INFO - [2026-09-16T18:30:52.452+0000] {dagbag.py:355} ERROR - Failed to import: /opt/airflow/dags/stoke_dag.py
Traceback (most recent call last):
  File "/home/airflow/.local/lib/python3.10/site-packages/airflow/models/dagbag.py", line 351, in parse
    loader.exec_module(new_module)
  File "<frozen importlib._bootstrap_external>", line 879, in exec_module
  File "<frozen importlib._bootstrap_external>", line 1017, in get_code
  File "<frozen importlib._bootstrap_external>", line 947, in source_to_code
  File "<frozen importlib._bootstrap>", line 241, in _call_with_frames_removed
  File "/opt/airflow/dags/stoke_dag.py", line 21
    = 
IndentationError: unexpected indent
[2026-09-16T18:30:52.454+0000] {processor.py:842} WARNING - No viable dags retrieved from /opt/airflow/dags/stoke_dag.py
[2026-09-16T18:30:52.475+0000] {processor.py:183} INFO - Processing /opt/airflow/dags/stoke_dag.py took 0.058 seconds
[2026-09-16T18:30:59.520+0000] {processor.py:161} INFO - Started process (PID=275) to work on /opt/airflow/dags/stoke_dag.py
[2026-09-16T18:30:59.521+0000] {processor.py:830} INFO - Processing file /opt/airflow/dags/stoke_dag.py for tasks to queue
[2026-09-16T18:30:59.523+0000] {logging_mixin.py:188} INFO - [2026-09-16T18:30:59.523+0000] {dagbag.py:545} INFO - Filling up the DagBag from /opt/airflow/dags/stoke_dag.py
[2026-09-16T18:30:59.550+0000] {logging_mixin.py:188} INFO - [2026-09-16T18:30:59.550+0000] {dagbag.py:355} ERROR - Failed to import: /opt/airflow/dags/stoke_dag.py
Traceback (most recent call last):
  File "/home/airflow/.local/lib/python3.10/site-packages/airflow/models/dagbag.py", line 351, in parse
    loader.exec_module(new_module)
  File "<frozen importlib._bootstrap_external>", line 879, in exec_module
  File "<frozen importlib._bootstrap_external>", line 1017, in get_code
  File "<frozen importlib._bootstrap_external>", line 947, in source_to_code
  File "<frozen importlib._bootstrap>", line 241, in _call_with_frames_removed
  File "/opt/airflow/dags/stoke_dag.py", line 21
    jfile = 
            ^
SyntaxError: invalid syntax
[2026-09-16T18:30:59.551+0000] {processor.py:842} WARNING - No viable dags retrieved from /opt/airflow/dags/stoke_dag.py
[2026-09-16T18:30:59.576+0000] {processor.py:183} INFO - Processing /opt/airflow/dags/stoke_dag.py took 0.063 seconds
[2026-09-16T18:31:01.605+0000] {processor.py:161} INFO - Started process (PID=276) to work on /opt/airflow/dags/stoke_dag.py
[2026-09-16T18:31:01.607+0000] {processor.py:830} INFO - Processing file /opt/airflow/dags/stoke_dag.py for tasks to queue
[2026-09-16T18:31:01.609+0000] {logging_mixin.py:188} INFO - [2026-09-16T18:31:01.609+0000] {dagbag.py:545} INFO - Filling up the DagBag from /opt/airflow/dags/stoke_dag.py
[2026-09-16T18:31:01.634+0000] {logging_mixin.py:188} INFO - [2026-09-16T18:31:01.633+0000] {dagbag.py:355} ERROR - Failed to import: /opt/airflow/dags/stoke_dag.py
Traceback (most recent call last):
  File "/home/airflow/.local/lib/python3.10/site-packages/airflow/models/dagbag.py", line 351, in parse
    loader.exec_module(new_module)
  File "<frozen importlib._bootstrap_external>", line 879, in exec_module
  File "<frozen importlib._bootstrap_external>", line 1017, in get_code
  File "<frozen importlib._bootstrap_external>", line 947, in source_to_code
  File "<frozen importlib._bootstrap>", line 241, in _call_with_frames_removed
  File "/opt/airflow/dags/stoke_dag.py", line 21
    jfile =  
             ^
SyntaxError: invalid syntax
[2026-09-16T18:31:01.635+0000] {processor.py:842} WARNING - No viable dags retrieved from /opt/airflow/dags/stoke_dag.py
[2026-09-16T18:31:01.664+0000] {processor.py:183} INFO - Processing /opt/airflow/dags/stoke_dag.py took 0.072 seconds
[2026-09-16T18:31:13.817+0000] {processor.py:161} INFO - Started process (PID=283) to work on /opt/airflow/dags/stoke_dag.py
[2026-09-16T18:31:13.818+0000] {processor.py:830} INFO - Processing file /opt/airflow/dags/stoke_dag.py for tasks to queue
[2026-09-16T18:31:13.823+0000] {logging_mixin.py:188} INFO - [2026-09-16T18:31:13.822+0000] {dagbag.py:545} INFO - Filling up the DagBag from /opt/airflow/dags/stoke_dag.py
[2026-09-16T18:31:13.868+0000] {processor.py:840} INFO - DAG(s) 'save_data' retrieved from /opt/airflow/dags/stoke_dag.py
[2026-09-16T18:31:13.898+0000] {logging_mixin.py:188} INFO - [2026-09-16T18:31:13.898+0000] {dag.py:3096} INFO - Sync 1 DAGs
[2026-09-16T18:31:13.915+0000] {logging_mixin.py:188} INFO - [2026-09-16T18:31:13.914+0000] {dag.py:3954} INFO - Setting next_dagrun for save_data to None, run_after=None
[2026-09-16T18:31:13.955+0000] {processor.py:183} INFO - Processing /opt/airflow/dags/stoke_dag.py took 0.149 seconds
[2026-09-16T18:31:16.022+0000] {processor.py:161} INFO - Started process (PID=286) to work on /opt/airflow/dags/stoke_dag.py
[2026-09-16T18:31:16.024+0000] {processor.py:830} INFO - Processing file /opt/airflow/dags/stoke_dag.py for tasks to queue
[2026-09-16T18:31:16.028+0000] {logging_mixin.py:188} INFO - [2026-09-16T18:31:16.027+0000] {dagbag.py:545} INFO - Filling up the DagBag from /opt/airflow/dags/stoke_dag.py
[2026-09-16T18:31:16.064+0000] {processor.py:840} INFO - DAG(s) 'save_data' retrieved from /opt/airflow/dags/stoke_dag.py
[2026-09-16T18:31:16.091+0000] {logging_mixin.py:188} INFO - [2026-09-16T18:31:16.091+0000] {dag.py:3096} INFO - Sync 1 DAGs
[2026-09-16T18:31:16.108+0000] {logging_mixin.py:188} INFO - [2026-09-16T18:31:16.107+0000] {dag.py:3954} INFO - Setting next_dagrun for save_data to None, run_after=None
[2026-09-16T18:31:16.135+0000] {processor.py:183} INFO - Processing /opt/airflow/dags/stoke_dag.py took 0.121 seconds
[2026-09-16T18:31:24.131+0000] {processor.py:161} INFO - Started process (PID=287) to work on /opt/airflow/dags/stoke_dag.py
[2026-09-16T18:31:24.133+0000] {processor.py:830} INFO - Processing file /opt/airflow/dags/stoke_dag.py for tasks to queue
[2026-09-16T18:31:24.135+0000] {logging_mixin.py:188} INFO - [2026-09-16T18:31:24.135+0000] {dagbag.py:545} INFO - Filling up the DagBag from /opt/airflow/dags/stoke_dag.py
[2026-09-16T18:31:24.170+0000] {logging_mixin.py:188} INFO - [2026-09-16T18:31:24.169+0000] {dagbag.py:355} ERROR - Failed to import: /opt/airflow/dags/stoke_dag.py
Traceback (most recent call last):
  File "/home/airflow/.local/lib/python3.10/site-packages/airflow/models/dagbag.py", line 351, in parse
    loader.exec_module(new_module)
  File "<frozen importlib._bootstrap_external>", line 879, in exec_module
  File "<frozen importlib._bootstrap_external>", line 1017, in get_code
  File "<frozen importlib._bootstrap_external>", line 947, in source_to_code
  File "<frozen importlib._bootstrap>", line 241, in _call_with_frames_removed
  File "/opt/airflow/dags/stoke_dag.py", line 21
    jfile = max(json_files, key= lambda )
                                        ^
SyntaxError: invalid syntax
[2026-09-16T18:31:24.171+0000] {processor.py:842} WARNING - No viable dags retrieved from /opt/airflow/dags/stoke_dag.py
[2026-09-16T18:31:24.198+0000] {processor.py:183} INFO - Processing /opt/airflow/dags/stoke_dag.py took 0.078 seconds
[2026-09-16T18:31:27.172+0000] {processor.py:161} INFO - Started process (PID=288) to work on /opt/airflow/dags/stoke_dag.py
[2026-09-16T18:31:27.173+0000] {processor.py:830} INFO - Processing file /opt/airflow/dags/stoke_dag.py for tasks to queue
[2026-09-16T18:31:27.176+0000] {logging_mixin.py:188} INFO - [2026-09-16T18:31:27.175+0000] {dagbag.py:545} INFO - Filling up the DagBag from /opt/airflow/dags/stoke_dag.py
[2026-09-16T18:31:27.200+0000] {logging_mixin.py:188} INFO - [2026-09-16T18:31:27.200+0000] {dagbag.py:355} ERROR - Failed to import: /opt/airflow/dags/stoke_dag.py
Traceback (most recent call last):
  File "/home/airflow/.local/lib/python3.10/site-packages/airflow/models/dagbag.py", line 351, in parse
    loader.exec_module(new_module)
  File "<frozen importlib._bootstrap_external>", line 879, in exec_module
  File "<frozen importlib._bootstrap_external>", line 1017, in get_code
  File "<frozen importlib._bootstrap_external>", line 947, in source_to_code
  File "<frozen importlib._bootstrap>", line 241, in _call_with_frames_removed
  File "/opt/airflow/dags/stoke_dag.py", line 21
    jfile = max(json_files, key= lambda f)
                                         ^
SyntaxError: invalid syntax
[2026-09-16T18:31:27.201+0000] {processor.py:842} WARNING - No viable dags retrieved from /opt/airflow/dags/stoke_dag.py
[2026-09-16T18:31:27.222+0000] {processor.py:183} INFO - Processing /opt/airflow/dags/stoke_dag.py took 0.056 seconds
[2026-09-16T18:31:30.213+0000] {processor.py:161} INFO - Started process (PID=289) to work on /opt/airflow/dags/stoke_dag.py
[2026-09-16T18:31:30.214+0000] {processor.py:830} INFO - Processing file /opt/airflow/dags/stoke_dag.py for tasks to queue
[2026-09-16T18:31:30.216+0000] {logging_mixin.py:188} INFO - [2026-09-16T18:31:30.216+0000] {dagbag.py:545} INFO - Filling up the DagBag from /opt/airflow/dags/stoke_dag.py
[2026-09-16T18:31:30.239+0000] {logging_mixin.py:188} INFO - [2026-09-16T18:31:30.238+0000] {dagbag.py:355} ERROR - Failed to import: /opt/airflow/dags/stoke_dag.py
Traceback (most recent call last):
  File "/home/airflow/.local/lib/python3.10/site-packages/airflow/models/dagbag.py", line 351, in parse
    loader.exec_module(new_module)
  File "<frozen importlib._bootstrap_external>", line 879, in exec_module
  File "<frozen importlib._bootstrap_external>", line 1017, in get_code
  File "<frozen importlib._bootstrap_external>", line 947, in source_to_code
  File "<frozen importlib._bootstrap>", line 241, in _call_with_frames_removed
  File "/opt/airflow/dags/stoke_dag.py", line 21
    jfile = max(json_files, key= lambda f: )
                                           ^
SyntaxError: invalid syntax
[2026-09-16T18:31:30.241+0000] {processor.py:842} WARNING - No viable dags retrieved from /opt/airflow/dags/stoke_dag.py
[2026-09-16T18:31:30.270+0000] {processor.py:183} INFO - Processing /opt/airflow/dags/stoke_dag.py took 0.064 seconds
[2026-09-16T18:31:47.225+0000] {processor.py:161} INFO - Started process (PID=298) to work on /opt/airflow/dags/stoke_dag.py
[2026-09-16T18:31:47.227+0000] {processor.py:830} INFO - Processing file /opt/airflow/dags/stoke_dag.py for tasks to queue
[2026-09-16T18:31:47.230+0000] {logging_mixin.py:188} INFO - [2026-09-16T18:31:47.229+0000] {dagbag.py:545} INFO - Filling up the DagBag from /opt/airflow/dags/stoke_dag.py
[2026-09-16T18:31:47.285+0000] {processor.py:840} INFO - DAG(s) 'save_data' retrieved from /opt/airflow/dags/stoke_dag.py
[2026-09-16T18:31:47.314+0000] {logging_mixin.py:188} INFO - [2026-09-16T18:31:47.314+0000] {dag.py:3096} INFO - Sync 1 DAGs
[2026-09-16T18:31:47.332+0000] {logging_mixin.py:188} INFO - [2026-09-16T18:31:47.332+0000] {dag.py:3954} INFO - Setting next_dagrun for save_data to None, run_after=None
[2026-09-16T18:31:47.372+0000] {processor.py:183} INFO - Processing /opt/airflow/dags/stoke_dag.py took 0.159 seconds
[2026-09-16T18:31:49.472+0000] {processor.py:161} INFO - Started process (PID=299) to work on /opt/airflow/dags/stoke_dag.py
[2026-09-16T18:31:49.474+0000] {processor.py:830} INFO - Processing file /opt/airflow/dags/stoke_dag.py for tasks to queue
[2026-09-16T18:31:49.479+0000] {logging_mixin.py:188} INFO - [2026-09-16T18:31:49.478+0000] {dagbag.py:545} INFO - Filling up the DagBag from /opt/airflow/dags/stoke_dag.py
[2026-09-16T18:31:49.512+0000] {logging_mixin.py:188} INFO - [2026-09-16T18:31:49.511+0000] {dagbag.py:355} ERROR - Failed to import: /opt/airflow/dags/stoke_dag.py
Traceback (most recent call last):
  File "/home/airflow/.local/lib/python3.10/site-packages/airflow/models/dagbag.py", line 351, in parse
    loader.exec_module(new_module)
  File "<frozen importlib._bootstrap_external>", line 879, in exec_module
  File "<frozen importlib._bootstrap_external>", line 1017, in get_code
  File "<frozen importlib._bootstrap_external>", line 947, in source_to_code
  File "<frozen importlib._bootstrap>", line 241, in _call_with_frames_removed
  File "/opt/airflow/dags/stoke_dag.py", line 21
    jfile = max(json_files, key= lambda f: f.)
                                             ^
SyntaxError: invalid syntax
[2026-09-16T18:31:49.513+0000] {processor.py:842} WARNING - No viable dags retrieved from /opt/airflow/dags/stoke_dag.py
[2026-09-16T18:31:49.546+0000] {processor.py:183} INFO - Processing /opt/airflow/dags/stoke_dag.py took 0.082 seconds
[2026-09-16T18:31:53.588+0000] {processor.py:161} INFO - Started process (PID=300) to work on /opt/airflow/dags/stoke_dag.py
[2026-09-16T18:31:53.590+0000] {processor.py:830} INFO - Processing file /opt/airflow/dags/stoke_dag.py for tasks to queue
[2026-09-16T18:31:53.591+0000] {logging_mixin.py:188} INFO - [2026-09-16T18:31:53.591+0000] {dagbag.py:545} INFO - Filling up the DagBag from /opt/airflow/dags/stoke_dag.py
[2026-09-16T18:31:53.627+0000] {processor.py:840} INFO - DAG(s) 'save_data' retrieved from /opt/airflow/dags/stoke_dag.py
[2026-09-16T18:31:53.655+0000] {logging_mixin.py:188} INFO - [2026-09-16T18:31:53.655+0000] {dag.py:3096} INFO - Sync 1 DAGs
[2026-09-16T18:31:53.667+0000] {logging_mixin.py:188} INFO - [2026-09-16T18:31:53.667+0000] {dag.py:3954} INFO - Setting next_dagrun for save_data to None, run_after=None
[2026-09-16T18:31:53.709+0000] {processor.py:183} INFO - Processing /opt/airflow/dags/stoke_dag.py took 0.128 seconds
[2026-09-16T18:32:06.766+0000] {processor.py:161} INFO - Started process (PID=301) to work on /opt/airflow/dags/stoke_dag.py
[2026-09-16T18:32:06.768+0000] {processor.py:830} INFO - Processing file /opt/airflow/dags/stoke_dag.py for tasks to queue
[2026-09-16T18:32:06.772+0000] {logging_mixin.py:188} INFO - [2026-09-16T18:32:06.771+0000] {dagbag.py:545} INFO - Filling up the DagBag from /opt/airflow/dags/stoke_dag.py
[2026-09-16T18:32:06.830+0000] {processor.py:840} INFO - DAG(s) 'save_data' retrieved from /opt/airflow/dags/stoke_dag.py
[2026-09-16T18:32:06.889+0000] {logging_mixin.py:188} INFO - [2026-09-16T18:32:06.889+0000] {dag.py:3096} INFO - Sync 1 DAGs
[2026-09-16T18:32:06.907+0000] {logging_mixin.py:188} INFO - [2026-09-16T18:32:06.907+0000] {dag.py:3954} INFO - Setting next_dagrun for save_data to None, run_after=None
[2026-09-16T18:32:06.942+0000] {processor.py:183} INFO - Processing /opt/airflow/dags/stoke_dag.py took 0.187 seconds
[2026-09-16T18:32:08.927+0000] {processor.py:161} INFO - Started process (PID=302) to work on /opt/airflow/dags/stoke_dag.py
[2026-09-16T18:32:08.928+0000] {processor.py:830} INFO - Processing file /opt/airflow/dags/stoke_dag.py for tasks to queue
[2026-09-16T18:32:08.931+0000] {logging_mixin.py:188} INFO - [2026-09-16T18:32:08.931+0000] {dagbag.py:545} INFO - Filling up the DagBag from /opt/airflow/dags/stoke_dag.py
[2026-09-16T18:32:08.989+0000] {processor.py:840} INFO - DAG(s) 'save_data' retrieved from /opt/airflow/dags/stoke_dag.py
[2026-09-16T18:32:09.057+0000] {logging_mixin.py:188} INFO - [2026-09-16T18:32:09.055+0000] {dag.py:3096} INFO - Sync 1 DAGs
[2026-09-16T18:32:09.076+0000] {logging_mixin.py:188} INFO - [2026-09-16T18:32:09.076+0000] {dag.py:3954} INFO - Setting next_dagrun for save_data to None, run_after=None
[2026-09-16T18:32:09.113+0000] {processor.py:183} INFO - Processing /opt/airflow/dags/stoke_dag.py took 0.199 seconds
[2026-09-16T18:32:14.124+0000] {processor.py:161} INFO - Started process (PID=309) to work on /opt/airflow/dags/stoke_dag.py
[2026-09-16T18:32:14.127+0000] {processor.py:830} INFO - Processing file /opt/airflow/dags/stoke_dag.py for tasks to queue
[2026-09-16T18:32:14.129+0000] {logging_mixin.py:188} INFO - [2026-09-16T18:32:14.129+0000] {dagbag.py:545} INFO - Filling up the DagBag from /opt/airflow/dags/stoke_dag.py
[2026-09-16T18:32:14.175+0000] {processor.py:840} INFO - DAG(s) 'save_data' retrieved from /opt/airflow/dags/stoke_dag.py
[2026-09-16T18:32:14.218+0000] {logging_mixin.py:188} INFO - [2026-09-16T18:32:14.217+0000] {dag.py:3096} INFO - Sync 1 DAGs
[2026-09-16T18:32:14.235+0000] {logging_mixin.py:188} INFO - [2026-09-16T18:32:14.235+0000] {dag.py:3954} INFO - Setting next_dagrun for save_data to None, run_after=None
[2026-09-16T18:32:14.268+0000] {processor.py:183} INFO - Processing /opt/airflow/dags/stoke_dag.py took 0.152 seconds
[2026-09-16T18:32:44.624+0000] {processor.py:161} INFO - Started process (PID=318) to work on /opt/airflow/dags/stoke_dag.py
[2026-09-16T18:32:44.626+0000] {processor.py:830} INFO - Processing file /opt/airflow/dags/stoke_dag.py for tasks to queue
[2026-09-16T18:32:44.628+0000] {logging_mixin.py:188} INFO - [2026-09-16T18:32:44.628+0000] {dagbag.py:545} INFO - Filling up the DagBag from /opt/airflow/dags/stoke_dag.py
[2026-09-16T18:32:44.679+0000] {processor.py:840} INFO - DAG(s) 'save_data' retrieved from /opt/airflow/dags/stoke_dag.py
[2026-09-16T18:32:44.738+0000] {logging_mixin.py:188} INFO - [2026-09-16T18:32:44.737+0000] {dag.py:3096} INFO - Sync 1 DAGs
[2026-09-16T18:32:44.767+0000] {logging_mixin.py:188} INFO - [2026-09-16T18:32:44.766+0000] {dag.py:3954} INFO - Setting next_dagrun for save_data to None, run_after=None
[2026-09-16T18:32:44.797+0000] {processor.py:183} INFO - Processing /opt/airflow/dags/stoke_dag.py took 0.185 seconds
[2026-09-16T18:33:15.123+0000] {processor.py:161} INFO - Started process (PID=327) to work on /opt/airflow/dags/stoke_dag.py
[2026-09-16T18:33:15.125+0000] {processor.py:830} INFO - Processing file /opt/airflow/dags/stoke_dag.py for tasks to queue
[2026-09-16T18:33:15.127+0000] {logging_mixin.py:188} INFO - [2026-09-16T18:33:15.127+0000] {dagbag.py:545} INFO - Filling up the DagBag from /opt/airflow/dags/stoke_dag.py
[2026-09-16T18:33:15.145+0000] {processor.py:840} INFO - DAG(s) 'save_data' retrieved from /opt/airflow/dags/stoke_dag.py
[2026-09-16T18:33:15.165+0000] {logging_mixin.py:188} INFO - [2026-09-16T18:33:15.165+0000] {dag.py:3096} INFO - Sync 1 DAGs
[2026-09-16T18:33:15.175+0000] {logging_mixin.py:188} INFO - [2026-09-16T18:33:15.175+0000] {dag.py:3954} INFO - Setting next_dagrun for save_data to None, run_after=None
[2026-09-16T18:33:15.195+0000] {processor.py:183} INFO - Processing /opt/airflow/dags/stoke_dag.py took 0.081 seconds
[2026-09-16T18:33:46.063+0000] {processor.py:161} INFO - Started process (PID=336) to work on /opt/airflow/dags/stoke_dag.py
[2026-09-16T18:33:46.066+0000] {processor.py:830} INFO - Processing file /opt/airflow/dags/stoke_dag.py for tasks to queue
[2026-09-16T18:33:46.069+0000] {logging_mixin.py:188} INFO - [2026-09-16T18:33:46.069+0000] {dagbag.py:545} INFO - Filling up the DagBag from /opt/airflow/dags/stoke_dag.py
[2026-09-16T18:33:46.097+0000] {processor.py:840} INFO - DAG(s) 'save_data' retrieved from /opt/airflow/dags/stoke_dag.py
[2026-09-16T18:33:46.133+0000] {logging_mixin.py:188} INFO - [2026-09-16T18:33:46.133+0000] {dag.py:3096} INFO - Sync 1 DAGs
[2026-09-16T18:33:46.157+0000] {logging_mixin.py:188} INFO - [2026-09-16T18:33:46.157+0000] {dag.py:3954} INFO - Setting next_dagrun for save_data to None, run_after=None
[2026-09-16T18:33:46.187+0000] {processor.py:183} INFO - Processing /opt/airflow/dags/stoke_dag.py took 0.136 seconds
[2026-09-16T18:34:16.527+0000] {processor.py:161} INFO - Started process (PID=345) to work on /opt/airflow/dags/stoke_dag.py
[2026-09-16T18:34:16.529+0000] {processor.py:830} INFO - Processing file /opt/airflow/dags/stoke_dag.py for tasks to queue
[2026-09-16T18:34:16.531+0000] {logging_mixin.py:188} INFO - [2026-09-16T18:34:16.530+0000] {dagbag.py:545} INFO - Filling up the DagBag from /opt/airflow/dags/stoke_dag.py
[2026-09-16T18:34:16.552+0000] {processor.py:840} INFO - DAG(s) 'save_data' retrieved from /opt/airflow/dags/stoke_dag.py
[2026-09-16T18:34:16.576+0000] {logging_mixin.py:188} INFO - [2026-09-16T18:34:16.576+0000] {dag.py:3096} INFO - Sync 1 DAGs
[2026-09-16T18:34:16.594+0000] {logging_mixin.py:188} INFO - [2026-09-16T18:34:16.593+0000] {dag.py:3954} INFO - Setting next_dagrun for save_data to None, run_after=None
[2026-09-16T18:34:16.624+0000] {processor.py:183} INFO - Processing /opt/airflow/dags/stoke_dag.py took 0.102 seconds
[2026-09-16T18:34:47.129+0000] {processor.py:161} INFO - Started process (PID=354) to work on /opt/airflow/dags/stoke_dag.py
[2026-09-16T18:34:47.131+0000] {processor.py:830} INFO - Processing file /opt/airflow/dags/stoke_dag.py for tasks to queue
[2026-09-16T18:34:47.134+0000] {logging_mixin.py:188} INFO - [2026-09-16T18:34:47.134+0000] {dagbag.py:545} INFO - Filling up the DagBag from /opt/airflow/dags/stoke_dag.py
[2026-09-16T18:34:47.157+0000] {processor.py:840} INFO - DAG(s) 'save_data' retrieved from /opt/airflow/dags/stoke_dag.py
[2026-09-16T18:34:47.180+0000] {logging_mixin.py:188} INFO - [2026-09-16T18:34:47.180+0000] {dag.py:3096} INFO - Sync 1 DAGs
[2026-09-16T18:34:47.192+0000] {logging_mixin.py:188} INFO - [2026-09-16T18:34:47.192+0000] {dag.py:3954} INFO - Setting next_dagrun for save_data to None, run_after=None
[2026-09-16T18:34:47.214+0000] {processor.py:183} INFO - Processing /opt/airflow/dags/stoke_dag.py took 0.096 seconds
[2026-09-16T18:34:49.184+0000] {processor.py:161} INFO - Started process (PID=355) to work on /opt/airflow/dags/stoke_dag.py
[2026-09-16T18:34:49.186+0000] {processor.py:830} INFO - Processing file /opt/airflow/dags/stoke_dag.py for tasks to queue
[2026-09-16T18:34:49.191+0000] {logging_mixin.py:188} INFO - [2026-09-16T18:34:49.191+0000] {dagbag.py:545} INFO - Filling up the DagBag from /opt/airflow/dags/stoke_dag.py
[2026-09-16T18:34:49.252+0000] {processor.py:840} INFO - DAG(s) 'save_data' retrieved from /opt/airflow/dags/stoke_dag.py
[2026-09-16T18:34:49.392+0000] {logging_mixin.py:188} INFO - [2026-09-16T18:34:49.392+0000] {dag.py:3096} INFO - Sync 1 DAGs
[2026-09-16T18:34:49.410+0000] {logging_mixin.py:188} INFO - [2026-09-16T18:34:49.409+0000] {dag.py:3954} INFO - Setting next_dagrun for save_data to None, run_after=None
[2026-09-16T18:34:49.455+0000] {processor.py:183} INFO - Processing /opt/airflow/dags/stoke_dag.py took 0.288 seconds
[2026-09-16T18:35:19.784+0000] {processor.py:161} INFO - Started process (PID=364) to work on /opt/airflow/dags/stoke_dag.py
[2026-09-16T18:35:19.785+0000] {processor.py:830} INFO - Processing file /opt/airflow/dags/stoke_dag.py for tasks to queue
[2026-09-16T18:35:19.788+0000] {logging_mixin.py:188} INFO - [2026-09-16T18:35:19.787+0000] {dagbag.py:545} INFO - Filling up the DagBag from /opt/airflow/dags/stoke_dag.py
[2026-09-16T18:35:19.822+0000] {processor.py:840} INFO - DAG(s) 'save_data' retrieved from /opt/airflow/dags/stoke_dag.py
[2026-09-16T18:35:19.850+0000] {logging_mixin.py:188} INFO - [2026-09-16T18:35:19.849+0000] {dag.py:3096} INFO - Sync 1 DAGs
[2026-09-16T18:35:19.862+0000] {logging_mixin.py:188} INFO - [2026-09-16T18:35:19.862+0000] {dag.py:3954} INFO - Setting next_dagrun for save_data to None, run_after=None
[2026-09-16T18:35:19.884+0000] {processor.py:183} INFO - Processing /opt/airflow/dags/stoke_dag.py took 0.106 seconds
[2026-09-16T18:36:37.983+0000] {processor.py:161} INFO - Started process (PID=59) to work on /opt/airflow/dags/stoke_dag.py
[2026-09-16T18:36:37.985+0000] {processor.py:830} INFO - Processing file /opt/airflow/dags/stoke_dag.py for tasks to queue
[2026-09-16T18:36:37.990+0000] {logging_mixin.py:188} INFO - [2026-09-16T18:36:37.989+0000] {dagbag.py:545} INFO - Filling up the DagBag from /opt/airflow/dags/stoke_dag.py
[2026-09-16T18:36:38.027+0000] {processor.py:840} INFO - DAG(s) 'save_data' retrieved from /opt/airflow/dags/stoke_dag.py
[2026-09-16T18:36:38.468+0000] {logging_mixin.py:188} INFO - [2026-09-16T18:36:38.466+0000] {override.py:1829} INFO - Created Permission View: can edit on DAG:save_data
[2026-09-16T18:36:38.492+0000] {logging_mixin.py:188} INFO - [2026-09-16T18:36:38.492+0000] {override.py:1829} INFO - Created Permission View: can delete on DAG:save_data
[2026-09-16T18:36:38.508+0000] {logging_mixin.py:188} INFO - [2026-09-16T18:36:38.508+0000] {override.py:1829} INFO - Created Permission View: can read on DAG:save_data
[2026-09-16T18:36:38.510+0000] {logging_mixin.py:188} INFO - [2026-09-16T18:36:38.510+0000] {dag.py:3096} INFO - Sync 1 DAGs
[2026-09-16T18:36:38.532+0000] {logging_mixin.py:188} INFO - [2026-09-16T18:36:38.532+0000] {dag.py:3118} INFO - Creating ORM DAG for save_data
[2026-09-16T18:36:38.534+0000] {logging_mixin.py:188} INFO - [2026-09-16T18:36:38.533+0000] {dag.py:3954} INFO - Setting next_dagrun for save_data to None, run_after=None
[2026-09-16T18:36:38.574+0000] {processor.py:183} INFO - Processing /opt/airflow/dags/stoke_dag.py took 0.603 seconds
[2026-09-16T18:37:09.448+0000] {processor.py:161} INFO - Started process (PID=68) to work on /opt/airflow/dags/stoke_dag.py
[2026-09-16T18:37:09.450+0000] {processor.py:830} INFO - Processing file /opt/airflow/dags/stoke_dag.py for tasks to queue
[2026-09-16T18:37:09.454+0000] {logging_mixin.py:188} INFO - [2026-09-16T18:37:09.453+0000] {dagbag.py:545} INFO - Filling up the DagBag from /opt/airflow/dags/stoke_dag.py
[2026-09-16T18:37:09.484+0000] {processor.py:840} INFO - DAG(s) 'save_data' retrieved from /opt/airflow/dags/stoke_dag.py
[2026-09-16T18:37:09.522+0000] {logging_mixin.py:188} INFO - [2026-09-16T18:37:09.522+0000] {dag.py:3096} INFO - Sync 1 DAGs
[2026-09-16T18:37:09.547+0000] {logging_mixin.py:188} INFO - [2026-09-16T18:37:09.546+0000] {dag.py:3954} INFO - Setting next_dagrun for save_data to None, run_after=None
[2026-09-16T18:37:09.578+0000] {processor.py:183} INFO - Processing /opt/airflow/dags/stoke_dag.py took 0.145 seconds
[2026-09-16T18:37:39.934+0000] {processor.py:161} INFO - Started process (PID=77) to work on /opt/airflow/dags/stoke_dag.py
[2026-09-16T18:37:39.937+0000] {processor.py:830} INFO - Processing file /opt/airflow/dags/stoke_dag.py for tasks to queue
[2026-09-16T18:37:39.940+0000] {logging_mixin.py:188} INFO - [2026-09-16T18:37:39.940+0000] {dagbag.py:545} INFO - Filling up the DagBag from /opt/airflow/dags/stoke_dag.py
[2026-09-16T18:37:39.989+0000] {processor.py:840} INFO - DAG(s) 'save_data' retrieved from /opt/airflow/dags/stoke_dag.py
[2026-09-16T18:37:40.035+0000] {logging_mixin.py:188} INFO - [2026-09-16T18:37:40.034+0000] {dag.py:3096} INFO - Sync 1 DAGs
[2026-09-16T18:37:40.056+0000] {logging_mixin.py:188} INFO - [2026-09-16T18:37:40.056+0000] {dag.py:3954} INFO - Setting next_dagrun for save_data to None, run_after=None
[2026-09-16T18:37:40.084+0000] {processor.py:183} INFO - Processing /opt/airflow/dags/stoke_dag.py took 0.162 seconds
[2026-09-16T18:38:10.403+0000] {processor.py:161} INFO - Started process (PID=96) to work on /opt/airflow/dags/stoke_dag.py
[2026-09-16T18:38:10.405+0000] {processor.py:830} INFO - Processing file /opt/airflow/dags/stoke_dag.py for tasks to queue
[2026-09-16T18:38:10.408+0000] {logging_mixin.py:188} INFO - [2026-09-16T18:38:10.408+0000] {dagbag.py:545} INFO - Filling up the DagBag from /opt/airflow/dags/stoke_dag.py
[2026-09-16T18:38:10.439+0000] {processor.py:840} INFO - DAG(s) 'save_data' retrieved from /opt/airflow/dags/stoke_dag.py
[2026-09-16T18:38:10.474+0000] {logging_mixin.py:188} INFO - [2026-09-16T18:38:10.474+0000] {dag.py:3096} INFO - Sync 1 DAGs
[2026-09-16T18:38:10.493+0000] {logging_mixin.py:188} INFO - [2026-09-16T18:38:10.493+0000] {dag.py:3954} INFO - Setting next_dagrun for save_data to None, run_after=None
[2026-09-16T18:38:10.518+0000] {processor.py:183} INFO - Processing /opt/airflow/dags/stoke_dag.py took 0.124 seconds
[2026-09-16T18:38:40.849+0000] {processor.py:161} INFO - Started process (PID=105) to work on /opt/airflow/dags/stoke_dag.py
[2026-09-16T18:38:40.851+0000] {processor.py:830} INFO - Processing file /opt/airflow/dags/stoke_dag.py for tasks to queue
[2026-09-16T18:38:40.856+0000] {logging_mixin.py:188} INFO - [2026-09-16T18:38:40.855+0000] {dagbag.py:545} INFO - Filling up the DagBag from /opt/airflow/dags/stoke_dag.py
[2026-09-16T18:38:40.891+0000] {processor.py:840} INFO - DAG(s) 'save_data' retrieved from /opt/airflow/dags/stoke_dag.py
[2026-09-16T18:38:40.943+0000] {logging_mixin.py:188} INFO - [2026-09-16T18:38:40.942+0000] {dag.py:3096} INFO - Sync 1 DAGs
[2026-09-16T18:38:40.966+0000] {logging_mixin.py:188} INFO - [2026-09-16T18:38:40.965+0000] {dag.py:3954} INFO - Setting next_dagrun for save_data to None, run_after=None
[2026-09-16T18:38:40.995+0000] {processor.py:183} INFO - Processing /opt/airflow/dags/stoke_dag.py took 0.154 seconds
[2026-09-16T18:39:11.333+0000] {processor.py:161} INFO - Started process (PID=114) to work on /opt/airflow/dags/stoke_dag.py
[2026-09-16T18:39:11.335+0000] {processor.py:830} INFO - Processing file /opt/airflow/dags/stoke_dag.py for tasks to queue
[2026-09-16T18:39:11.338+0000] {logging_mixin.py:188} INFO - [2026-09-16T18:39:11.338+0000] {dagbag.py:545} INFO - Filling up the DagBag from /opt/airflow/dags/stoke_dag.py
[2026-09-16T18:39:11.372+0000] {processor.py:840} INFO - DAG(s) 'save_data' retrieved from /opt/airflow/dags/stoke_dag.py
[2026-09-16T18:39:11.416+0000] {logging_mixin.py:188} INFO - [2026-09-16T18:39:11.415+0000] {dag.py:3096} INFO - Sync 1 DAGs
[2026-09-16T18:39:11.433+0000] {logging_mixin.py:188} INFO - [2026-09-16T18:39:11.433+0000] {dag.py:3954} INFO - Setting next_dagrun for save_data to None, run_after=None
[2026-09-16T18:39:11.463+0000] {processor.py:183} INFO - Processing /opt/airflow/dags/stoke_dag.py took 0.139 seconds
[2026-09-16T18:39:41.773+0000] {processor.py:161} INFO - Started process (PID=139) to work on /opt/airflow/dags/stoke_dag.py
[2026-09-16T18:39:41.774+0000] {processor.py:830} INFO - Processing file /opt/airflow/dags/stoke_dag.py for tasks to queue
[2026-09-16T18:39:41.776+0000] {logging_mixin.py:188} INFO - [2026-09-16T18:39:41.776+0000] {dagbag.py:545} INFO - Filling up the DagBag from /opt/airflow/dags/stoke_dag.py
[2026-09-16T18:39:41.804+0000] {processor.py:840} INFO - DAG(s) 'save_data' retrieved from /opt/airflow/dags/stoke_dag.py
[2026-09-16T18:39:41.834+0000] {logging_mixin.py:188} INFO - [2026-09-16T18:39:41.834+0000] {dag.py:3096} INFO - Sync 1 DAGs
[2026-09-16T18:39:41.851+0000] {logging_mixin.py:188} INFO - [2026-09-16T18:39:41.850+0000] {dag.py:3954} INFO - Setting next_dagrun for save_data to None, run_after=None
[2026-09-16T18:39:41.871+0000] {processor.py:183} INFO - Processing /opt/airflow/dags/stoke_dag.py took 0.104 seconds
[2026-09-16T18:40:12.198+0000] {processor.py:161} INFO - Started process (PID=148) to work on /opt/airflow/dags/stoke_dag.py
[2026-09-16T18:40:12.199+0000] {processor.py:830} INFO - Processing file /opt/airflow/dags/stoke_dag.py for tasks to queue
[2026-09-16T18:40:12.202+0000] {logging_mixin.py:188} INFO - [2026-09-16T18:40:12.202+0000] {dagbag.py:545} INFO - Filling up the DagBag from /opt/airflow/dags/stoke_dag.py
[2026-09-16T18:40:12.224+0000] {processor.py:840} INFO - DAG(s) 'save_data' retrieved from /opt/airflow/dags/stoke_dag.py
[2026-09-16T18:40:12.249+0000] {logging_mixin.py:188} INFO - [2026-09-16T18:40:12.249+0000] {dag.py:3096} INFO - Sync 1 DAGs
[2026-09-16T18:40:12.265+0000] {logging_mixin.py:188} INFO - [2026-09-16T18:40:12.265+0000] {dag.py:3954} INFO - Setting next_dagrun for save_data to None, run_after=None
[2026-09-16T18:40:12.289+0000] {processor.py:183} INFO - Processing /opt/airflow/dags/stoke_dag.py took 0.098 seconds
[2026-09-16T18:40:42.603+0000] {processor.py:161} INFO - Started process (PID=157) to work on /opt/airflow/dags/stoke_dag.py
[2026-09-16T18:40:42.604+0000] {processor.py:830} INFO - Processing file /opt/airflow/dags/stoke_dag.py for tasks to queue
[2026-09-16T18:40:42.606+0000] {logging_mixin.py:188} INFO - [2026-09-16T18:40:42.606+0000] {dagbag.py:545} INFO - Filling up the DagBag from /opt/airflow/dags/stoke_dag.py
[2026-09-16T18:40:42.626+0000] {processor.py:840} INFO - DAG(s) 'save_data' retrieved from /opt/airflow/dags/stoke_dag.py
[2026-09-16T18:40:42.646+0000] {logging_mixin.py:188} INFO - [2026-09-16T18:40:42.645+0000] {dag.py:3096} INFO - Sync 1 DAGs
[2026-09-16T18:40:42.657+0000] {logging_mixin.py:188} INFO - [2026-09-16T18:40:42.657+0000] {dag.py:3954} INFO - Setting next_dagrun for save_data to None, run_after=None
[2026-09-16T18:40:42.676+0000] {processor.py:183} INFO - Processing /opt/airflow/dags/stoke_dag.py took 0.079 seconds
[2026-09-16T18:41:12.986+0000] {processor.py:161} INFO - Started process (PID=166) to work on /opt/airflow/dags/stoke_dag.py
[2026-09-16T18:41:12.987+0000] {processor.py:830} INFO - Processing file /opt/airflow/dags/stoke_dag.py for tasks to queue
[2026-09-16T18:41:12.990+0000] {logging_mixin.py:188} INFO - [2026-09-16T18:41:12.989+0000] {dagbag.py:545} INFO - Filling up the DagBag from /opt/airflow/dags/stoke_dag.py
[2026-09-16T18:41:13.008+0000] {processor.py:840} INFO - DAG(s) 'save_data' retrieved from /opt/airflow/dags/stoke_dag.py
[2026-09-16T18:41:13.028+0000] {logging_mixin.py:188} INFO - [2026-09-16T18:41:13.028+0000] {dag.py:3096} INFO - Sync 1 DAGs
[2026-09-16T18:41:13.039+0000] {logging_mixin.py:188} INFO - [2026-09-16T18:41:13.038+0000] {dag.py:3954} INFO - Setting next_dagrun for save_data to None, run_after=None
[2026-09-16T18:41:13.058+0000] {processor.py:183} INFO - Processing /opt/airflow/dags/stoke_dag.py took 0.080 seconds
[2026-09-16T18:41:43.158+0000] {processor.py:161} INFO - Started process (PID=181) to work on /opt/airflow/dags/stoke_dag.py
[2026-09-16T18:41:43.160+0000] {processor.py:830} INFO - Processing file /opt/airflow/dags/stoke_dag.py for tasks to queue
[2026-09-16T18:41:43.162+0000] {logging_mixin.py:188} INFO - [2026-09-16T18:41:43.162+0000] {dagbag.py:545} INFO - Filling up the DagBag from /opt/airflow/dags/stoke_dag.py
[2026-09-16T18:41:43.190+0000] {processor.py:840} INFO - DAG(s) 'save_data' retrieved from /opt/airflow/dags/stoke_dag.py
[2026-09-16T18:41:43.216+0000] {logging_mixin.py:188} INFO - [2026-09-16T18:41:43.215+0000] {dag.py:3096} INFO - Sync 1 DAGs
[2026-09-16T18:41:43.229+0000] {logging_mixin.py:188} INFO - [2026-09-16T18:41:43.229+0000] {dag.py:3954} INFO - Setting next_dagrun for save_data to None, run_after=None
[2026-09-16T18:41:43.256+0000] {processor.py:183} INFO - Processing /opt/airflow/dags/stoke_dag.py took 0.103 seconds
[2026-09-16T18:42:13.587+0000] {processor.py:161} INFO - Started process (PID=216) to work on /opt/airflow/dags/stoke_dag.py
[2026-09-16T18:42:13.591+0000] {processor.py:830} INFO - Processing file /opt/airflow/dags/stoke_dag.py for tasks to queue
[2026-09-16T18:42:13.595+0000] {logging_mixin.py:188} INFO - [2026-09-16T18:42:13.595+0000] {dagbag.py:545} INFO - Filling up the DagBag from /opt/airflow/dags/stoke_dag.py
[2026-09-16T18:42:13.628+0000] {processor.py:840} INFO - DAG(s) 'save_data' retrieved from /opt/airflow/dags/stoke_dag.py
[2026-09-16T18:42:13.663+0000] {logging_mixin.py:188} INFO - [2026-09-16T18:42:13.663+0000] {dag.py:3096} INFO - Sync 1 DAGs
[2026-09-16T18:42:13.679+0000] {logging_mixin.py:188} INFO - [2026-09-16T18:42:13.679+0000] {dag.py:3954} INFO - Setting next_dagrun for save_data to None, run_after=None
[2026-09-16T18:42:13.712+0000] {processor.py:183} INFO - Processing /opt/airflow/dags/stoke_dag.py took 0.133 seconds
[2026-09-16T18:42:43.904+0000] {processor.py:161} INFO - Started process (PID=233) to work on /opt/airflow/dags/stoke_dag.py
[2026-09-16T18:42:43.905+0000] {processor.py:830} INFO - Processing file /opt/airflow/dags/stoke_dag.py for tasks to queue
[2026-09-16T18:42:43.909+0000] {logging_mixin.py:188} INFO - [2026-09-16T18:42:43.908+0000] {dagbag.py:545} INFO - Filling up the DagBag from /opt/airflow/dags/stoke_dag.py
[2026-09-16T18:42:43.935+0000] {processor.py:840} INFO - DAG(s) 'save_data' retrieved from /opt/airflow/dags/stoke_dag.py
[2026-09-16T18:42:43.963+0000] {logging_mixin.py:188} INFO - [2026-09-16T18:42:43.962+0000] {dag.py:3096} INFO - Sync 1 DAGs
[2026-09-16T18:42:43.976+0000] {logging_mixin.py:188} INFO - [2026-09-16T18:42:43.976+0000] {dag.py:3954} INFO - Setting next_dagrun for save_data to None, run_after=None
[2026-09-16T18:42:44.001+0000] {processor.py:183} INFO - Processing /opt/airflow/dags/stoke_dag.py took 0.104 seconds
[2026-09-16T18:43:14.046+0000] {processor.py:161} INFO - Started process (PID=242) to work on /opt/airflow/dags/stoke_dag.py
[2026-09-16T18:43:14.048+0000] {processor.py:830} INFO - Processing file /opt/airflow/dags/stoke_dag.py for tasks to queue
[2026-09-16T18:43:14.050+0000] {logging_mixin.py:188} INFO - [2026-09-16T18:43:14.050+0000] {dagbag.py:545} INFO - Filling up the DagBag from /opt/airflow/dags/stoke_dag.py
[2026-09-16T18:43:14.072+0000] {processor.py:840} INFO - DAG(s) 'save_data' retrieved from /opt/airflow/dags/stoke_dag.py
[2026-09-16T18:43:14.095+0000] {logging_mixin.py:188} INFO - [2026-09-16T18:43:14.095+0000] {dag.py:3096} INFO - Sync 1 DAGs
[2026-09-16T18:43:14.108+0000] {logging_mixin.py:188} INFO - [2026-09-16T18:43:14.108+0000] {dag.py:3954} INFO - Setting next_dagrun for save_data to None, run_after=None
[2026-09-16T18:43:14.129+0000] {processor.py:183} INFO - Processing /opt/airflow/dags/stoke_dag.py took 0.089 seconds
[2026-09-16T18:43:44.484+0000] {processor.py:161} INFO - Started process (PID=251) to work on /opt/airflow/dags/stoke_dag.py
[2026-09-16T18:43:44.487+0000] {processor.py:830} INFO - Processing file /opt/airflow/dags/stoke_dag.py for tasks to queue
[2026-09-16T18:43:44.491+0000] {logging_mixin.py:188} INFO - [2026-09-16T18:43:44.491+0000] {dagbag.py:545} INFO - Filling up the DagBag from /opt/airflow/dags/stoke_dag.py
[2026-09-16T18:43:44.525+0000] {processor.py:840} INFO - DAG(s) 'save_data' retrieved from /opt/airflow/dags/stoke_dag.py
[2026-09-16T18:43:44.579+0000] {logging_mixin.py:188} INFO - [2026-09-16T18:43:44.578+0000] {dag.py:3096} INFO - Sync 1 DAGs
[2026-09-16T18:43:44.601+0000] {logging_mixin.py:188} INFO - [2026-09-16T18:43:44.601+0000] {dag.py:3954} INFO - Setting next_dagrun for save_data to None, run_after=None
[2026-09-16T18:43:44.635+0000] {processor.py:183} INFO - Processing /opt/airflow/dags/stoke_dag.py took 0.165 seconds
[2026-09-16T18:44:14.984+0000] {processor.py:161} INFO - Started process (PID=260) to work on /opt/airflow/dags/stoke_dag.py
[2026-09-16T18:44:14.986+0000] {processor.py:830} INFO - Processing file /opt/airflow/dags/stoke_dag.py for tasks to queue
[2026-09-16T18:44:14.989+0000] {logging_mixin.py:188} INFO - [2026-09-16T18:44:14.989+0000] {dagbag.py:545} INFO - Filling up the DagBag from /opt/airflow/dags/stoke_dag.py
[2026-09-16T18:44:15.018+0000] {processor.py:840} INFO - DAG(s) 'save_data' retrieved from /opt/airflow/dags/stoke_dag.py
[2026-09-16T18:44:15.052+0000] {logging_mixin.py:188} INFO - [2026-09-16T18:44:15.052+0000] {dag.py:3096} INFO - Sync 1 DAGs
[2026-09-16T18:44:15.069+0000] {logging_mixin.py:188} INFO - [2026-09-16T18:44:15.069+0000] {dag.py:3954} INFO - Setting next_dagrun for save_data to None, run_after=None
[2026-09-16T18:44:15.098+0000] {processor.py:183} INFO - Processing /opt/airflow/dags/stoke_dag.py took 0.126 seconds
[2026-09-16T18:44:45.411+0000] {processor.py:161} INFO - Started process (PID=269) to work on /opt/airflow/dags/stoke_dag.py
[2026-09-16T18:44:45.413+0000] {processor.py:830} INFO - Processing file /opt/airflow/dags/stoke_dag.py for tasks to queue
[2026-09-16T18:44:45.417+0000] {logging_mixin.py:188} INFO - [2026-09-16T18:44:45.416+0000] {dagbag.py:545} INFO - Filling up the DagBag from /opt/airflow/dags/stoke_dag.py
[2026-09-16T18:44:45.441+0000] {processor.py:840} INFO - DAG(s) 'save_data' retrieved from /opt/airflow/dags/stoke_dag.py
[2026-09-16T18:44:45.471+0000] {logging_mixin.py:188} INFO - [2026-09-16T18:44:45.470+0000] {dag.py:3096} INFO - Sync 1 DAGs
[2026-09-16T18:44:45.487+0000] {logging_mixin.py:188} INFO - [2026-09-16T18:44:45.487+0000] {dag.py:3954} INFO - Setting next_dagrun for save_data to None, run_after=None
[2026-09-16T18:44:45.519+0000] {processor.py:183} INFO - Processing /opt/airflow/dags/stoke_dag.py took 0.114 seconds
[2026-09-16T18:45:15.835+0000] {processor.py:161} INFO - Started process (PID=278) to work on /opt/airflow/dags/stoke_dag.py
[2026-09-16T18:45:15.837+0000] {processor.py:830} INFO - Processing file /opt/airflow/dags/stoke_dag.py for tasks to queue
[2026-09-16T18:45:15.839+0000] {logging_mixin.py:188} INFO - [2026-09-16T18:45:15.839+0000] {dagbag.py:545} INFO - Filling up the DagBag from /opt/airflow/dags/stoke_dag.py
[2026-09-16T18:45:15.874+0000] {processor.py:840} INFO - DAG(s) 'save_data' retrieved from /opt/airflow/dags/stoke_dag.py
[2026-09-16T18:45:15.909+0000] {logging_mixin.py:188} INFO - [2026-09-16T18:45:15.909+0000] {dag.py:3096} INFO - Sync 1 DAGs
[2026-09-16T18:45:15.926+0000] {logging_mixin.py:188} INFO - [2026-09-16T18:45:15.926+0000] {dag.py:3954} INFO - Setting next_dagrun for save_data to None, run_after=None
[2026-09-16T18:45:15.948+0000] {processor.py:183} INFO - Processing /opt/airflow/dags/stoke_dag.py took 0.122 seconds
[2026-09-16T18:45:46.297+0000] {processor.py:161} INFO - Started process (PID=287) to work on /opt/airflow/dags/stoke_dag.py
[2026-09-16T18:45:46.298+0000] {processor.py:830} INFO - Processing file /opt/airflow/dags/stoke_dag.py for tasks to queue
[2026-09-16T18:45:46.301+0000] {logging_mixin.py:188} INFO - [2026-09-16T18:45:46.300+0000] {dagbag.py:545} INFO - Filling up the DagBag from /opt/airflow/dags/stoke_dag.py
[2026-09-16T18:45:46.325+0000] {processor.py:840} INFO - DAG(s) 'save_data' retrieved from /opt/airflow/dags/stoke_dag.py
[2026-09-16T18:45:46.352+0000] {logging_mixin.py:188} INFO - [2026-09-16T18:45:46.351+0000] {dag.py:3096} INFO - Sync 1 DAGs
[2026-09-16T18:45:46.367+0000] {logging_mixin.py:188} INFO - [2026-09-16T18:45:46.367+0000] {dag.py:3954} INFO - Setting next_dagrun for save_data to None, run_after=None
[2026-09-16T18:45:46.394+0000] {processor.py:183} INFO - Processing /opt/airflow/dags/stoke_dag.py took 0.105 seconds
[2026-09-16T18:46:16.718+0000] {processor.py:161} INFO - Started process (PID=296) to work on /opt/airflow/dags/stoke_dag.py
[2026-09-16T18:46:16.720+0000] {processor.py:830} INFO - Processing file /opt/airflow/dags/stoke_dag.py for tasks to queue
[2026-09-16T18:46:16.722+0000] {logging_mixin.py:188} INFO - [2026-09-16T18:46:16.722+0000] {dagbag.py:545} INFO - Filling up the DagBag from /opt/airflow/dags/stoke_dag.py
[2026-09-16T18:46:16.746+0000] {processor.py:840} INFO - DAG(s) 'save_data' retrieved from /opt/airflow/dags/stoke_dag.py
[2026-09-16T18:46:16.770+0000] {logging_mixin.py:188} INFO - [2026-09-16T18:46:16.770+0000] {dag.py:3096} INFO - Sync 1 DAGs
[2026-09-16T18:46:16.784+0000] {logging_mixin.py:188} INFO - [2026-09-16T18:46:16.784+0000] {dag.py:3954} INFO - Setting next_dagrun for save_data to None, run_after=None
[2026-09-16T18:46:16.805+0000] {processor.py:183} INFO - Processing /opt/airflow/dags/stoke_dag.py took 0.092 seconds
[2026-09-16T18:46:47.203+0000] {processor.py:161} INFO - Started process (PID=305) to work on /opt/airflow/dags/stoke_dag.py
[2026-09-16T18:46:47.205+0000] {processor.py:830} INFO - Processing file /opt/airflow/dags/stoke_dag.py for tasks to queue
[2026-09-16T18:46:47.207+0000] {logging_mixin.py:188} INFO - [2026-09-16T18:46:47.207+0000] {dagbag.py:545} INFO - Filling up the DagBag from /opt/airflow/dags/stoke_dag.py
[2026-09-16T18:46:47.229+0000] {processor.py:840} INFO - DAG(s) 'save_data' retrieved from /opt/airflow/dags/stoke_dag.py
[2026-09-16T18:46:47.256+0000] {logging_mixin.py:188} INFO - [2026-09-16T18:46:47.256+0000] {dag.py:3096} INFO - Sync 1 DAGs
[2026-09-16T18:46:47.270+0000] {logging_mixin.py:188} INFO - [2026-09-16T18:46:47.270+0000] {dag.py:3954} INFO - Setting next_dagrun for save_data to None, run_after=None
[2026-09-16T18:46:47.291+0000] {processor.py:183} INFO - Processing /opt/airflow/dags/stoke_dag.py took 0.098 seconds
[2026-09-16T18:47:17.631+0000] {processor.py:161} INFO - Started process (PID=314) to work on /opt/airflow/dags/stoke_dag.py
[2026-09-16T18:47:17.633+0000] {processor.py:830} INFO - Processing file /opt/airflow/dags/stoke_dag.py for tasks to queue
[2026-09-16T18:47:17.638+0000] {logging_mixin.py:188} INFO - [2026-09-16T18:47:17.636+0000] {dagbag.py:545} INFO - Filling up the DagBag from /opt/airflow/dags/stoke_dag.py
[2026-09-16T18:47:17.668+0000] {processor.py:840} INFO - DAG(s) 'save_data' retrieved from /opt/airflow/dags/stoke_dag.py
[2026-09-16T18:47:17.704+0000] {logging_mixin.py:188} INFO - [2026-09-16T18:47:17.703+0000] {dag.py:3096} INFO - Sync 1 DAGs
[2026-09-16T18:47:17.721+0000] {logging_mixin.py:188} INFO - [2026-09-16T18:47:17.721+0000] {dag.py:3954} INFO - Setting next_dagrun for save_data to None, run_after=None
[2026-09-16T18:47:17.752+0000] {processor.py:183} INFO - Processing /opt/airflow/dags/stoke_dag.py took 0.129 seconds
[2026-09-16T18:47:48.071+0000] {processor.py:161} INFO - Started process (PID=323) to work on /opt/airflow/dags/stoke_dag.py
[2026-09-16T18:47:48.073+0000] {processor.py:830} INFO - Processing file /opt/airflow/dags/stoke_dag.py for tasks to queue
[2026-09-16T18:47:48.078+0000] {logging_mixin.py:188} INFO - [2026-09-16T18:47:48.078+0000] {dagbag.py:545} INFO - Filling up the DagBag from /opt/airflow/dags/stoke_dag.py
[2026-09-16T18:47:48.103+0000] {processor.py:840} INFO - DAG(s) 'save_data' retrieved from /opt/airflow/dags/stoke_dag.py
[2026-09-16T18:47:48.135+0000] {logging_mixin.py:188} INFO - [2026-09-16T18:47:48.135+0000] {dag.py:3096} INFO - Sync 1 DAGs
[2026-09-16T18:47:48.151+0000] {logging_mixin.py:188} INFO - [2026-09-16T18:47:48.151+0000] {dag.py:3954} INFO - Setting next_dagrun for save_data to None, run_after=None
[2026-09-16T18:47:48.174+0000] {processor.py:183} INFO - Processing /opt/airflow/dags/stoke_dag.py took 0.108 seconds
[2026-09-16T18:48:18.493+0000] {processor.py:161} INFO - Started process (PID=332) to work on /opt/airflow/dags/stoke_dag.py
[2026-09-16T18:48:18.495+0000] {processor.py:830} INFO - Processing file /opt/airflow/dags/stoke_dag.py for tasks to queue
[2026-09-16T18:48:18.500+0000] {logging_mixin.py:188} INFO - [2026-09-16T18:48:18.499+0000] {dagbag.py:545} INFO - Filling up the DagBag from /opt/airflow/dags/stoke_dag.py
[2026-09-16T18:48:18.533+0000] {processor.py:840} INFO - DAG(s) 'save_data' retrieved from /opt/airflow/dags/stoke_dag.py
[2026-09-16T18:48:18.559+0000] {logging_mixin.py:188} INFO - [2026-09-16T18:48:18.559+0000] {dag.py:3096} INFO - Sync 1 DAGs
[2026-09-16T18:48:18.577+0000] {logging_mixin.py:188} INFO - [2026-09-16T18:48:18.577+0000] {dag.py:3954} INFO - Setting next_dagrun for save_data to None, run_after=None
[2026-09-16T18:48:18.604+0000] {processor.py:183} INFO - Processing /opt/airflow/dags/stoke_dag.py took 0.118 seconds
[2026-09-16T18:48:48.941+0000] {processor.py:161} INFO - Started process (PID=341) to work on /opt/airflow/dags/stoke_dag.py
[2026-09-16T18:48:48.943+0000] {processor.py:830} INFO - Processing file /opt/airflow/dags/stoke_dag.py for tasks to queue
[2026-09-16T18:48:48.945+0000] {logging_mixin.py:188} INFO - [2026-09-16T18:48:48.945+0000] {dagbag.py:545} INFO - Filling up the DagBag from /opt/airflow/dags/stoke_dag.py
[2026-09-16T18:48:48.976+0000] {processor.py:840} INFO - DAG(s) 'save_data' retrieved from /opt/airflow/dags/stoke_dag.py
[2026-09-16T18:48:49.000+0000] {logging_mixin.py:188} INFO - [2026-09-16T18:48:49.000+0000] {dag.py:3096} INFO - Sync 1 DAGs
[2026-09-16T18:48:49.014+0000] {logging_mixin.py:188} INFO - [2026-09-16T18:48:49.014+0000] {dag.py:3954} INFO - Setting next_dagrun for save_data to None, run_after=None
[2026-09-16T18:48:49.046+0000] {processor.py:183} INFO - Processing /opt/airflow/dags/stoke_dag.py took 0.113 seconds
[2026-09-16T18:49:19.379+0000] {processor.py:161} INFO - Started process (PID=350) to work on /opt/airflow/dags/stoke_dag.py
[2026-09-16T18:49:19.380+0000] {processor.py:830} INFO - Processing file /opt/airflow/dags/stoke_dag.py for tasks to queue
[2026-09-16T18:49:19.383+0000] {logging_mixin.py:188} INFO - [2026-09-16T18:49:19.383+0000] {dagbag.py:545} INFO - Filling up the DagBag from /opt/airflow/dags/stoke_dag.py
[2026-09-16T18:49:19.412+0000] {processor.py:840} INFO - DAG(s) 'save_data' retrieved from /opt/airflow/dags/stoke_dag.py
[2026-09-16T18:49:19.441+0000] {logging_mixin.py:188} INFO - [2026-09-16T18:49:19.440+0000] {dag.py:3096} INFO - Sync 1 DAGs
[2026-09-16T18:49:19.453+0000] {logging_mixin.py:188} INFO - [2026-09-16T18:49:19.453+0000] {dag.py:3954} INFO - Setting next_dagrun for save_data to None, run_after=None
[2026-09-16T18:49:19.478+0000] {processor.py:183} INFO - Processing /opt/airflow/dags/stoke_dag.py took 0.109 seconds
[2026-09-16T18:49:49.809+0000] {processor.py:161} INFO - Started process (PID=359) to work on /opt/airflow/dags/stoke_dag.py
[2026-09-16T18:49:49.811+0000] {processor.py:830} INFO - Processing file /opt/airflow/dags/stoke_dag.py for tasks to queue
[2026-09-16T18:49:49.815+0000] {logging_mixin.py:188} INFO - [2026-09-16T18:49:49.814+0000] {dagbag.py:545} INFO - Filling up the DagBag from /opt/airflow/dags/stoke_dag.py
[2026-09-16T18:49:49.843+0000] {processor.py:840} INFO - DAG(s) 'save_data' retrieved from /opt/airflow/dags/stoke_dag.py
[2026-09-16T18:49:49.870+0000] {logging_mixin.py:188} INFO - [2026-09-16T18:49:49.870+0000] {dag.py:3096} INFO - Sync 1 DAGs
[2026-09-16T18:49:49.886+0000] {logging_mixin.py:188} INFO - [2026-09-16T18:49:49.886+0000] {dag.py:3954} INFO - Setting next_dagrun for save_data to None, run_after=None
[2026-09-16T18:49:49.909+0000] {processor.py:183} INFO - Processing /opt/airflow/dags/stoke_dag.py took 0.111 seconds
[2026-09-16T18:50:20.258+0000] {processor.py:161} INFO - Started process (PID=368) to work on /opt/airflow/dags/stoke_dag.py
[2026-09-16T18:50:20.260+0000] {processor.py:830} INFO - Processing file /opt/airflow/dags/stoke_dag.py for tasks to queue
[2026-09-16T18:50:20.265+0000] {logging_mixin.py:188} INFO - [2026-09-16T18:50:20.264+0000] {dagbag.py:545} INFO - Filling up the DagBag from /opt/airflow/dags/stoke_dag.py
[2026-09-16T18:50:20.290+0000] {processor.py:840} INFO - DAG(s) 'save_data' retrieved from /opt/airflow/dags/stoke_dag.py
[2026-09-16T18:50:20.326+0000] {logging_mixin.py:188} INFO - [2026-09-16T18:50:20.325+0000] {dag.py:3096} INFO - Sync 1 DAGs
[2026-09-16T18:50:20.359+0000] {logging_mixin.py:188} INFO - [2026-09-16T18:50:20.359+0000] {dag.py:3954} INFO - Setting next_dagrun for save_data to None, run_after=None
[2026-09-16T18:50:20.414+0000] {processor.py:183} INFO - Processing /opt/airflow/dags/stoke_dag.py took 0.170 seconds
[2026-09-16T18:50:50.694+0000] {processor.py:161} INFO - Started process (PID=377) to work on /opt/airflow/dags/stoke_dag.py
[2026-09-16T18:50:50.696+0000] {processor.py:830} INFO - Processing file /opt/airflow/dags/stoke_dag.py for tasks to queue
[2026-09-16T18:50:50.700+0000] {logging_mixin.py:188} INFO - [2026-09-16T18:50:50.700+0000] {dagbag.py:545} INFO - Filling up the DagBag from /opt/airflow/dags/stoke_dag.py
[2026-09-16T18:50:50.745+0000] {processor.py:840} INFO - DAG(s) 'save_data' retrieved from /opt/airflow/dags/stoke_dag.py
[2026-09-16T18:50:50.796+0000] {logging_mixin.py:188} INFO - [2026-09-16T18:50:50.796+0000] {dag.py:3096} INFO - Sync 1 DAGs
[2026-09-16T18:50:50.834+0000] {logging_mixin.py:188} INFO - [2026-09-16T18:50:50.833+0000] {dag.py:3954} INFO - Setting next_dagrun for save_data to None, run_after=None
[2026-09-16T18:50:50.912+0000] {processor.py:183} INFO - Processing /opt/airflow/dags/stoke_dag.py took 0.233 seconds
[2026-09-16T18:51:21.109+0000] {processor.py:161} INFO - Started process (PID=386) to work on /opt/airflow/dags/stoke_dag.py
[2026-09-16T18:51:21.112+0000] {processor.py:830} INFO - Processing file /opt/airflow/dags/stoke_dag.py for tasks to queue
[2026-09-16T18:51:21.116+0000] {logging_mixin.py:188} INFO - [2026-09-16T18:51:21.116+0000] {dagbag.py:545} INFO - Filling up the DagBag from /opt/airflow/dags/stoke_dag.py
[2026-09-16T18:51:21.186+0000] {processor.py:840} INFO - DAG(s) 'save_data' retrieved from /opt/airflow/dags/stoke_dag.py
[2026-09-16T18:51:21.252+0000] {logging_mixin.py:188} INFO - [2026-09-16T18:51:21.251+0000] {dag.py:3096} INFO - Sync 1 DAGs
[2026-09-16T18:51:21.268+0000] {logging_mixin.py:188} INFO - [2026-09-16T18:51:21.268+0000] {dag.py:3954} INFO - Setting next_dagrun for save_data to None, run_after=None
[2026-09-16T18:51:21.297+0000] {processor.py:183} INFO - Processing /opt/airflow/dags/stoke_dag.py took 0.203 seconds
[2026-09-16T18:51:51.487+0000] {processor.py:161} INFO - Started process (PID=393) to work on /opt/airflow/dags/stoke_dag.py
[2026-09-16T18:51:51.490+0000] {processor.py:830} INFO - Processing file /opt/airflow/dags/stoke_dag.py for tasks to queue
[2026-09-16T18:51:51.494+0000] {logging_mixin.py:188} INFO - [2026-09-16T18:51:51.493+0000] {dagbag.py:545} INFO - Filling up the DagBag from /opt/airflow/dags/stoke_dag.py
[2026-09-16T18:51:51.539+0000] {processor.py:840} INFO - DAG(s) 'save_data' retrieved from /opt/airflow/dags/stoke_dag.py
[2026-09-16T18:51:51.591+0000] {logging_mixin.py:188} INFO - [2026-09-16T18:51:51.591+0000] {dag.py:3096} INFO - Sync 1 DAGs
[2026-09-16T18:51:51.624+0000] {logging_mixin.py:188} INFO - [2026-09-16T18:51:51.624+0000] {dag.py:3954} INFO - Setting next_dagrun for save_data to None, run_after=None
[2026-09-16T18:51:51.674+0000] {processor.py:183} INFO - Processing /opt/airflow/dags/stoke_dag.py took 0.204 seconds
[2026-09-16T18:52:22.091+0000] {processor.py:161} INFO - Started process (PID=402) to work on /opt/airflow/dags/stoke_dag.py
[2026-09-16T18:52:22.095+0000] {processor.py:830} INFO - Processing file /opt/airflow/dags/stoke_dag.py for tasks to queue
[2026-09-16T18:52:22.098+0000] {logging_mixin.py:188} INFO - [2026-09-16T18:52:22.098+0000] {dagbag.py:545} INFO - Filling up the DagBag from /opt/airflow/dags/stoke_dag.py
[2026-09-16T18:52:22.134+0000] {processor.py:840} INFO - DAG(s) 'save_data' retrieved from /opt/airflow/dags/stoke_dag.py
[2026-09-16T18:52:22.183+0000] {logging_mixin.py:188} INFO - [2026-09-16T18:52:22.182+0000] {dag.py:3096} INFO - Sync 1 DAGs
[2026-09-16T18:52:22.199+0000] {logging_mixin.py:188} INFO - [2026-09-16T18:52:22.199+0000] {dag.py:3954} INFO - Setting next_dagrun for save_data to None, run_after=None
[2026-09-16T18:52:22.234+0000] {processor.py:183} INFO - Processing /opt/airflow/dags/stoke_dag.py took 0.153 seconds
[2026-09-16T18:52:52.470+0000] {processor.py:161} INFO - Started process (PID=411) to work on /opt/airflow/dags/stoke_dag.py
[2026-09-16T18:52:52.472+0000] {processor.py:830} INFO - Processing file /opt/airflow/dags/stoke_dag.py for tasks to queue
[2026-09-16T18:52:52.477+0000] {logging_mixin.py:188} INFO - [2026-09-16T18:52:52.476+0000] {dagbag.py:545} INFO - Filling up the DagBag from /opt/airflow/dags/stoke_dag.py
[2026-09-16T18:52:52.507+0000] {processor.py:840} INFO - DAG(s) 'save_data' retrieved from /opt/airflow/dags/stoke_dag.py
[2026-09-16T18:52:52.539+0000] {logging_mixin.py:188} INFO - [2026-09-16T18:52:52.538+0000] {dag.py:3096} INFO - Sync 1 DAGs
[2026-09-16T18:52:52.554+0000] {logging_mixin.py:188} INFO - [2026-09-16T18:52:52.553+0000] {dag.py:3954} INFO - Setting next_dagrun for save_data to None, run_after=None
[2026-09-16T18:52:52.583+0000] {processor.py:183} INFO - Processing /opt/airflow/dags/stoke_dag.py took 0.122 seconds
[2026-09-16T18:53:22.901+0000] {processor.py:161} INFO - Started process (PID=420) to work on /opt/airflow/dags/stoke_dag.py
[2026-09-16T18:53:22.903+0000] {processor.py:830} INFO - Processing file /opt/airflow/dags/stoke_dag.py for tasks to queue
[2026-09-16T18:53:22.906+0000] {logging_mixin.py:188} INFO - [2026-09-16T18:53:22.906+0000] {dagbag.py:545} INFO - Filling up the DagBag from /opt/airflow/dags/stoke_dag.py
[2026-09-16T18:53:22.930+0000] {processor.py:840} INFO - DAG(s) 'save_data' retrieved from /opt/airflow/dags/stoke_dag.py
[2026-09-16T18:53:22.954+0000] {logging_mixin.py:188} INFO - [2026-09-16T18:53:22.953+0000] {dag.py:3096} INFO - Sync 1 DAGs
[2026-09-16T18:53:22.964+0000] {logging_mixin.py:188} INFO - [2026-09-16T18:53:22.964+0000] {dag.py:3954} INFO - Setting next_dagrun for save_data to None, run_after=None
[2026-09-16T18:53:22.982+0000] {processor.py:183} INFO - Processing /opt/airflow/dags/stoke_dag.py took 0.087 seconds
[2026-09-16T18:53:53.326+0000] {processor.py:161} INFO - Started process (PID=429) to work on /opt/airflow/dags/stoke_dag.py
[2026-09-16T18:53:53.329+0000] {processor.py:830} INFO - Processing file /opt/airflow/dags/stoke_dag.py for tasks to queue
[2026-09-16T18:53:53.333+0000] {logging_mixin.py:188} INFO - [2026-09-16T18:53:53.332+0000] {dagbag.py:545} INFO - Filling up the DagBag from /opt/airflow/dags/stoke_dag.py
[2026-09-16T18:53:53.375+0000] {processor.py:840} INFO - DAG(s) 'save_data' retrieved from /opt/airflow/dags/stoke_dag.py
[2026-09-16T18:53:53.417+0000] {logging_mixin.py:188} INFO - [2026-09-16T18:53:53.417+0000] {dag.py:3096} INFO - Sync 1 DAGs
[2026-09-16T18:53:53.441+0000] {logging_mixin.py:188} INFO - [2026-09-16T18:53:53.441+0000] {dag.py:3954} INFO - Setting next_dagrun for save_data to None, run_after=None
[2026-09-16T18:53:53.475+0000] {processor.py:183} INFO - Processing /opt/airflow/dags/stoke_dag.py took 0.163 seconds
[2026-09-16T18:54:23.561+0000] {processor.py:161} INFO - Started process (PID=438) to work on /opt/airflow/dags/stoke_dag.py
[2026-09-16T18:54:23.564+0000] {processor.py:830} INFO - Processing file /opt/airflow/dags/stoke_dag.py for tasks to queue
[2026-09-16T18:54:23.567+0000] {logging_mixin.py:188} INFO - [2026-09-16T18:54:23.566+0000] {dagbag.py:545} INFO - Filling up the DagBag from /opt/airflow/dags/stoke_dag.py
[2026-09-16T18:54:23.595+0000] {processor.py:840} INFO - DAG(s) 'save_data' retrieved from /opt/airflow/dags/stoke_dag.py
[2026-09-16T18:54:23.636+0000] {logging_mixin.py:188} INFO - [2026-09-16T18:54:23.635+0000] {dag.py:3096} INFO - Sync 1 DAGs
[2026-09-16T18:54:23.650+0000] {logging_mixin.py:188} INFO - [2026-09-16T18:54:23.650+0000] {dag.py:3954} INFO - Setting next_dagrun for save_data to None, run_after=None
[2026-09-16T18:54:23.674+0000] {processor.py:183} INFO - Processing /opt/airflow/dags/stoke_dag.py took 0.122 seconds
[2026-09-16T18:54:54.059+0000] {processor.py:161} INFO - Started process (PID=447) to work on /opt/airflow/dags/stoke_dag.py
[2026-09-16T18:54:54.062+0000] {processor.py:830} INFO - Processing file /opt/airflow/dags/stoke_dag.py for tasks to queue
[2026-09-16T18:54:54.070+0000] {logging_mixin.py:188} INFO - [2026-09-16T18:54:54.069+0000] {dagbag.py:545} INFO - Filling up the DagBag from /opt/airflow/dags/stoke_dag.py
[2026-09-16T18:54:54.101+0000] {processor.py:840} INFO - DAG(s) 'save_data' retrieved from /opt/airflow/dags/stoke_dag.py
[2026-09-16T18:54:54.129+0000] {logging_mixin.py:188} INFO - [2026-09-16T18:54:54.129+0000] {dag.py:3096} INFO - Sync 1 DAGs
[2026-09-16T18:54:54.146+0000] {logging_mixin.py:188} INFO - [2026-09-16T18:54:54.146+0000] {dag.py:3954} INFO - Setting next_dagrun for save_data to None, run_after=None
[2026-09-16T18:54:54.173+0000] {processor.py:183} INFO - Processing /opt/airflow/dags/stoke_dag.py took 0.121 seconds
[2026-09-16T18:55:24.286+0000] {processor.py:161} INFO - Started process (PID=456) to work on /opt/airflow/dags/stoke_dag.py
[2026-09-16T18:55:24.288+0000] {processor.py:830} INFO - Processing file /opt/airflow/dags/stoke_dag.py for tasks to queue
[2026-09-16T18:55:24.290+0000] {logging_mixin.py:188} INFO - [2026-09-16T18:55:24.290+0000] {dagbag.py:545} INFO - Filling up the DagBag from /opt/airflow/dags/stoke_dag.py
[2026-09-16T18:55:24.320+0000] {processor.py:840} INFO - DAG(s) 'save_data' retrieved from /opt/airflow/dags/stoke_dag.py
[2026-09-16T18:55:24.352+0000] {logging_mixin.py:188} INFO - [2026-09-16T18:55:24.351+0000] {dag.py:3096} INFO - Sync 1 DAGs
[2026-09-16T18:55:24.366+0000] {logging_mixin.py:188} INFO - [2026-09-16T18:55:24.365+0000] {dag.py:3954} INFO - Setting next_dagrun for save_data to None, run_after=None
[2026-09-16T18:55:24.391+0000] {processor.py:183} INFO - Processing /opt/airflow/dags/stoke_dag.py took 0.113 seconds
[2026-09-16T18:55:54.493+0000] {processor.py:161} INFO - Started process (PID=465) to work on /opt/airflow/dags/stoke_dag.py
[2026-09-16T18:55:54.495+0000] {processor.py:830} INFO - Processing file /opt/airflow/dags/stoke_dag.py for tasks to queue
[2026-09-16T18:55:54.499+0000] {logging_mixin.py:188} INFO - [2026-09-16T18:55:54.498+0000] {dagbag.py:545} INFO - Filling up the DagBag from /opt/airflow/dags/stoke_dag.py
[2026-09-16T18:55:54.527+0000] {processor.py:840} INFO - DAG(s) 'save_data' retrieved from /opt/airflow/dags/stoke_dag.py
[2026-09-16T18:55:54.558+0000] {logging_mixin.py:188} INFO - [2026-09-16T18:55:54.558+0000] {dag.py:3096} INFO - Sync 1 DAGs
[2026-09-16T18:55:54.580+0000] {logging_mixin.py:188} INFO - [2026-09-16T18:55:54.579+0000] {dag.py:3954} INFO - Setting next_dagrun for save_data to None, run_after=None
[2026-09-16T18:55:54.610+0000] {processor.py:183} INFO - Processing /opt/airflow/dags/stoke_dag.py took 0.128 seconds
[2026-09-16T18:56:24.952+0000] {processor.py:161} INFO - Started process (PID=474) to work on /opt/airflow/dags/stoke_dag.py
[2026-09-16T18:56:24.953+0000] {processor.py:830} INFO - Processing file /opt/airflow/dags/stoke_dag.py for tasks to queue
[2026-09-16T18:56:24.955+0000] {logging_mixin.py:188} INFO - [2026-09-16T18:56:24.955+0000] {dagbag.py:545} INFO - Filling up the DagBag from /opt/airflow/dags/stoke_dag.py
[2026-09-16T18:56:24.990+0000] {processor.py:840} INFO - DAG(s) 'save_data' retrieved from /opt/airflow/dags/stoke_dag.py
[2026-09-16T18:56:25.025+0000] {logging_mixin.py:188} INFO - [2026-09-16T18:56:25.025+0000] {dag.py:3096} INFO - Sync 1 DAGs
[2026-09-16T18:56:25.039+0000] {logging_mixin.py:188} INFO - [2026-09-16T18:56:25.038+0000] {dag.py:3954} INFO - Setting next_dagrun for save_data to None, run_after=None
[2026-09-16T18:56:25.069+0000] {processor.py:183} INFO - Processing /opt/airflow/dags/stoke_dag.py took 0.127 seconds
[2026-09-16T18:56:55.523+0000] {processor.py:161} INFO - Started process (PID=483) to work on /opt/airflow/dags/stoke_dag.py
[2026-09-16T18:56:55.525+0000] {processor.py:830} INFO - Processing file /opt/airflow/dags/stoke_dag.py for tasks to queue
[2026-09-16T18:56:55.527+0000] {logging_mixin.py:188} INFO - [2026-09-16T18:56:55.527+0000] {dagbag.py:545} INFO - Filling up the DagBag from /opt/airflow/dags/stoke_dag.py
[2026-09-16T18:56:55.553+0000] {processor.py:840} INFO - DAG(s) 'save_data' retrieved from /opt/airflow/dags/stoke_dag.py
[2026-09-16T18:56:55.577+0000] {logging_mixin.py:188} INFO - [2026-09-16T18:56:55.577+0000] {dag.py:3096} INFO - Sync 1 DAGs
[2026-09-16T18:56:55.593+0000] {logging_mixin.py:188} INFO - [2026-09-16T18:56:55.592+0000] {dag.py:3954} INFO - Setting next_dagrun for save_data to None, run_after=None
[2026-09-16T18:56:55.614+0000] {processor.py:183} INFO - Processing /opt/airflow/dags/stoke_dag.py took 0.099 seconds
[2026-09-16T18:57:25.927+0000] {processor.py:161} INFO - Started process (PID=492) to work on /opt/airflow/dags/stoke_dag.py
[2026-09-16T18:57:25.929+0000] {processor.py:830} INFO - Processing file /opt/airflow/dags/stoke_dag.py for tasks to queue
[2026-09-16T18:57:25.932+0000] {logging_mixin.py:188} INFO - [2026-09-16T18:57:25.931+0000] {dagbag.py:545} INFO - Filling up the DagBag from /opt/airflow/dags/stoke_dag.py
[2026-09-16T18:57:25.961+0000] {processor.py:840} INFO - DAG(s) 'save_data' retrieved from /opt/airflow/dags/stoke_dag.py
[2026-09-16T18:57:25.989+0000] {logging_mixin.py:188} INFO - [2026-09-16T18:57:25.989+0000] {dag.py:3096} INFO - Sync 1 DAGs
[2026-09-16T18:57:26.009+0000] {logging_mixin.py:188} INFO - [2026-09-16T18:57:26.008+0000] {dag.py:3954} INFO - Setting next_dagrun for save_data to None, run_after=None
[2026-09-16T18:57:26.040+0000] {processor.py:183} INFO - Processing /opt/airflow/dags/stoke_dag.py took 0.124 seconds
[2026-09-16T18:57:56.417+0000] {processor.py:161} INFO - Started process (PID=501) to work on /opt/airflow/dags/stoke_dag.py
[2026-09-16T18:57:56.420+0000] {processor.py:830} INFO - Processing file /opt/airflow/dags/stoke_dag.py for tasks to queue
[2026-09-16T18:57:56.423+0000] {logging_mixin.py:188} INFO - [2026-09-16T18:57:56.422+0000] {dagbag.py:545} INFO - Filling up the DagBag from /opt/airflow/dags/stoke_dag.py
[2026-09-16T18:57:56.456+0000] {processor.py:840} INFO - DAG(s) 'save_data' retrieved from /opt/airflow/dags/stoke_dag.py
[2026-09-16T18:57:56.506+0000] {logging_mixin.py:188} INFO - [2026-09-16T18:57:56.506+0000] {dag.py:3096} INFO - Sync 1 DAGs
[2026-09-16T18:57:56.527+0000] {logging_mixin.py:188} INFO - [2026-09-16T18:57:56.527+0000] {dag.py:3954} INFO - Setting next_dagrun for save_data to None, run_after=None
[2026-09-16T18:57:56.574+0000] {processor.py:183} INFO - Processing /opt/airflow/dags/stoke_dag.py took 0.171 seconds
[2026-09-16T18:58:27.004+0000] {processor.py:161} INFO - Started process (PID=510) to work on /opt/airflow/dags/stoke_dag.py
[2026-09-16T18:58:27.006+0000] {processor.py:830} INFO - Processing file /opt/airflow/dags/stoke_dag.py for tasks to queue
[2026-09-16T18:58:27.013+0000] {logging_mixin.py:188} INFO - [2026-09-16T18:58:27.012+0000] {dagbag.py:545} INFO - Filling up the DagBag from /opt/airflow/dags/stoke_dag.py
[2026-09-16T18:58:27.073+0000] {processor.py:840} INFO - DAG(s) 'save_data' retrieved from /opt/airflow/dags/stoke_dag.py
[2026-09-16T18:58:27.137+0000] {logging_mixin.py:188} INFO - [2026-09-16T18:58:27.137+0000] {dag.py:3096} INFO - Sync 1 DAGs
[2026-09-16T18:58:27.175+0000] {logging_mixin.py:188} INFO - [2026-09-16T18:58:27.174+0000] {dag.py:3954} INFO - Setting next_dagrun for save_data to None, run_after=None
[2026-09-16T18:58:27.225+0000] {processor.py:183} INFO - Processing /opt/airflow/dags/stoke_dag.py took 0.235 seconds
[2026-09-16T18:58:57.417+0000] {processor.py:161} INFO - Started process (PID=519) to work on /opt/airflow/dags/stoke_dag.py
[2026-09-16T18:58:57.420+0000] {processor.py:830} INFO - Processing file /opt/airflow/dags/stoke_dag.py for tasks to queue
[2026-09-16T18:58:57.424+0000] {logging_mixin.py:188} INFO - [2026-09-16T18:58:57.423+0000] {dagbag.py:545} INFO - Filling up the DagBag from /opt/airflow/dags/stoke_dag.py
[2026-09-16T18:58:57.459+0000] {processor.py:840} INFO - DAG(s) 'save_data' retrieved from /opt/airflow/dags/stoke_dag.py
[2026-09-16T18:58:57.501+0000] {logging_mixin.py:188} INFO - [2026-09-16T18:58:57.501+0000] {dag.py:3096} INFO - Sync 1 DAGs
[2026-09-16T18:58:57.521+0000] {logging_mixin.py:188} INFO - [2026-09-16T18:58:57.521+0000] {dag.py:3954} INFO - Setting next_dagrun for save_data to None, run_after=None
[2026-09-16T18:58:57.552+0000] {processor.py:183} INFO - Processing /opt/airflow/dags/stoke_dag.py took 0.147 seconds
[2026-09-16T18:59:27.877+0000] {processor.py:161} INFO - Started process (PID=528) to work on /opt/airflow/dags/stoke_dag.py
[2026-09-16T18:59:27.879+0000] {processor.py:830} INFO - Processing file /opt/airflow/dags/stoke_dag.py for tasks to queue
[2026-09-16T18:59:27.883+0000] {logging_mixin.py:188} INFO - [2026-09-16T18:59:27.883+0000] {dagbag.py:545} INFO - Filling up the DagBag from /opt/airflow/dags/stoke_dag.py
[2026-09-16T18:59:27.911+0000] {processor.py:840} INFO - DAG(s) 'save_data' retrieved from /opt/airflow/dags/stoke_dag.py
[2026-09-16T18:59:27.949+0000] {logging_mixin.py:188} INFO - [2026-09-16T18:59:27.948+0000] {dag.py:3096} INFO - Sync 1 DAGs
[2026-09-16T18:59:27.969+0000] {logging_mixin.py:188} INFO - [2026-09-16T18:59:27.968+0000] {dag.py:3954} INFO - Setting next_dagrun for save_data to None, run_after=None
[2026-09-16T18:59:28.002+0000] {processor.py:183} INFO - Processing /opt/airflow/dags/stoke_dag.py took 0.135 seconds
[2026-09-16T18:59:58.060+0000] {processor.py:161} INFO - Started process (PID=537) to work on /opt/airflow/dags/stoke_dag.py
[2026-09-16T18:59:58.062+0000] {processor.py:830} INFO - Processing file /opt/airflow/dags/stoke_dag.py for tasks to queue
[2026-09-16T18:59:58.064+0000] {logging_mixin.py:188} INFO - [2026-09-16T18:59:58.064+0000] {dagbag.py:545} INFO - Filling up the DagBag from /opt/airflow/dags/stoke_dag.py
[2026-09-16T18:59:58.079+0000] {processor.py:840} INFO - DAG(s) 'save_data' retrieved from /opt/airflow/dags/stoke_dag.py
[2026-09-16T18:59:58.099+0000] {logging_mixin.py:188} INFO - [2026-09-16T18:59:58.099+0000] {dag.py:3096} INFO - Sync 1 DAGs
[2026-09-16T18:59:58.109+0000] {logging_mixin.py:188} INFO - [2026-09-16T18:59:58.108+0000] {dag.py:3954} INFO - Setting next_dagrun for save_data to None, run_after=None
[2026-09-16T18:59:58.126+0000] {processor.py:183} INFO - Processing /opt/airflow/dags/stoke_dag.py took 0.072 seconds
[2026-09-16T19:00:28.471+0000] {processor.py:161} INFO - Started process (PID=546) to work on /opt/airflow/dags/stoke_dag.py
[2026-09-16T19:00:28.473+0000] {processor.py:830} INFO - Processing file /opt/airflow/dags/stoke_dag.py for tasks to queue
[2026-09-16T19:00:28.476+0000] {logging_mixin.py:188} INFO - [2026-09-16T19:00:28.476+0000] {dagbag.py:545} INFO - Filling up the DagBag from /opt/airflow/dags/stoke_dag.py
[2026-09-16T19:00:28.499+0000] {processor.py:840} INFO - DAG(s) 'save_data' retrieved from /opt/airflow/dags/stoke_dag.py
[2026-09-16T19:00:28.518+0000] {logging_mixin.py:188} INFO - [2026-09-16T19:00:28.518+0000] {dag.py:3096} INFO - Sync 1 DAGs
[2026-09-16T19:00:28.528+0000] {logging_mixin.py:188} INFO - [2026-09-16T19:00:28.528+0000] {dag.py:3954} INFO - Setting next_dagrun for save_data to None, run_after=None
[2026-09-16T19:00:28.544+0000] {processor.py:183} INFO - Processing /opt/airflow/dags/stoke_dag.py took 0.083 seconds
[2026-09-16T19:00:58.874+0000] {processor.py:161} INFO - Started process (PID=555) to work on /opt/airflow/dags/stoke_dag.py
[2026-09-16T19:00:58.876+0000] {processor.py:830} INFO - Processing file /opt/airflow/dags/stoke_dag.py for tasks to queue
[2026-09-16T19:00:58.879+0000] {logging_mixin.py:188} INFO - [2026-09-16T19:00:58.879+0000] {dagbag.py:545} INFO - Filling up the DagBag from /opt/airflow/dags/stoke_dag.py
[2026-09-16T19:00:58.911+0000] {processor.py:840} INFO - DAG(s) 'save_data' retrieved from /opt/airflow/dags/stoke_dag.py
[2026-09-16T19:00:58.930+0000] {logging_mixin.py:188} INFO - [2026-09-16T19:00:58.930+0000] {dag.py:3096} INFO - Sync 1 DAGs
[2026-09-16T19:00:58.942+0000] {logging_mixin.py:188} INFO - [2026-09-16T19:00:58.942+0000] {dag.py:3954} INFO - Setting next_dagrun for save_data to None, run_after=None
[2026-09-16T19:00:58.963+0000] {processor.py:183} INFO - Processing /opt/airflow/dags/stoke_dag.py took 0.096 seconds
[2026-09-16T19:01:29.247+0000] {processor.py:161} INFO - Started process (PID=564) to work on /opt/airflow/dags/stoke_dag.py
[2026-09-16T19:01:29.249+0000] {processor.py:830} INFO - Processing file /opt/airflow/dags/stoke_dag.py for tasks to queue
[2026-09-16T19:01:29.252+0000] {logging_mixin.py:188} INFO - [2026-09-16T19:01:29.252+0000] {dagbag.py:545} INFO - Filling up the DagBag from /opt/airflow/dags/stoke_dag.py
[2026-09-16T19:01:29.273+0000] {processor.py:840} INFO - DAG(s) 'save_data' retrieved from /opt/airflow/dags/stoke_dag.py
[2026-09-16T19:01:29.298+0000] {logging_mixin.py:188} INFO - [2026-09-16T19:01:29.297+0000] {dag.py:3096} INFO - Sync 1 DAGs
[2026-09-16T19:01:29.309+0000] {logging_mixin.py:188} INFO - [2026-09-16T19:01:29.309+0000] {dag.py:3954} INFO - Setting next_dagrun for save_data to None, run_after=None
[2026-09-16T19:01:29.327+0000] {processor.py:183} INFO - Processing /opt/airflow/dags/stoke_dag.py took 0.087 seconds
[2026-09-16T19:01:59.653+0000] {processor.py:161} INFO - Started process (PID=573) to work on /opt/airflow/dags/stoke_dag.py
[2026-09-16T19:01:59.654+0000] {processor.py:830} INFO - Processing file /opt/airflow/dags/stoke_dag.py for tasks to queue
[2026-09-16T19:01:59.656+0000] {logging_mixin.py:188} INFO - [2026-09-16T19:01:59.656+0000] {dagbag.py:545} INFO - Filling up the DagBag from /opt/airflow/dags/stoke_dag.py
[2026-09-16T19:01:59.676+0000] {processor.py:840} INFO - DAG(s) 'save_data' retrieved from /opt/airflow/dags/stoke_dag.py
[2026-09-16T19:01:59.696+0000] {logging_mixin.py:188} INFO - [2026-09-16T19:01:59.696+0000] {dag.py:3096} INFO - Sync 1 DAGs
[2026-09-16T19:01:59.708+0000] {logging_mixin.py:188} INFO - [2026-09-16T19:01:59.708+0000] {dag.py:3954} INFO - Setting next_dagrun for save_data to None, run_after=None
[2026-09-16T19:01:59.730+0000] {processor.py:183} INFO - Processing /opt/airflow/dags/stoke_dag.py took 0.084 seconds
[2026-09-16T19:02:30.073+0000] {processor.py:161} INFO - Started process (PID=582) to work on /opt/airflow/dags/stoke_dag.py
[2026-09-16T19:02:30.076+0000] {processor.py:830} INFO - Processing file /opt/airflow/dags/stoke_dag.py for tasks to queue
[2026-09-16T19:02:30.078+0000] {logging_mixin.py:188} INFO - [2026-09-16T19:02:30.078+0000] {dagbag.py:545} INFO - Filling up the DagBag from /opt/airflow/dags/stoke_dag.py
[2026-09-16T19:02:30.093+0000] {processor.py:840} INFO - DAG(s) 'save_data' retrieved from /opt/airflow/dags/stoke_dag.py
[2026-09-16T19:02:30.117+0000] {logging_mixin.py:188} INFO - [2026-09-16T19:02:30.117+0000] {dag.py:3096} INFO - Sync 1 DAGs
[2026-09-16T19:02:30.134+0000] {logging_mixin.py:188} INFO - [2026-09-16T19:02:30.133+0000] {dag.py:3954} INFO - Setting next_dagrun for save_data to None, run_after=None
[2026-09-16T19:02:30.158+0000] {processor.py:183} INFO - Processing /opt/airflow/dags/stoke_dag.py took 0.091 seconds
[2026-09-16T19:03:00.437+0000] {processor.py:161} INFO - Started process (PID=591) to work on /opt/airflow/dags/stoke_dag.py
[2026-09-16T19:03:00.439+0000] {processor.py:830} INFO - Processing file /opt/airflow/dags/stoke_dag.py for tasks to queue
[2026-09-16T19:03:00.441+0000] {logging_mixin.py:188} INFO - [2026-09-16T19:03:00.441+0000] {dagbag.py:545} INFO - Filling up the DagBag from /opt/airflow/dags/stoke_dag.py
[2026-09-16T19:03:00.463+0000] {processor.py:840} INFO - DAG(s) 'save_data' retrieved from /opt/airflow/dags/stoke_dag.py
[2026-09-16T19:03:00.485+0000] {logging_mixin.py:188} INFO - [2026-09-16T19:03:00.485+0000] {dag.py:3096} INFO - Sync 1 DAGs
[2026-09-16T19:03:00.497+0000] {logging_mixin.py:188} INFO - [2026-09-16T19:03:00.496+0000] {dag.py:3954} INFO - Setting next_dagrun for save_data to None, run_after=None
[2026-09-16T19:03:00.519+0000] {processor.py:183} INFO - Processing /opt/airflow/dags/stoke_dag.py took 0.089 seconds
[2026-09-16T19:03:30.638+0000] {processor.py:161} INFO - Started process (PID=600) to work on /opt/airflow/dags/stoke_dag.py
[2026-09-16T19:03:30.640+0000] {processor.py:830} INFO - Processing file /opt/airflow/dags/stoke_dag.py for tasks to queue
[2026-09-16T19:03:30.642+0000] {logging_mixin.py:188} INFO - [2026-09-16T19:03:30.641+0000] {dagbag.py:545} INFO - Filling up the DagBag from /opt/airflow/dags/stoke_dag.py
[2026-09-16T19:03:30.667+0000] {processor.py:840} INFO - DAG(s) 'save_data' retrieved from /opt/airflow/dags/stoke_dag.py
[2026-09-16T19:03:30.693+0000] {logging_mixin.py:188} INFO - [2026-09-16T19:03:30.692+0000] {dag.py:3096} INFO - Sync 1 DAGs
[2026-09-16T19:03:30.707+0000] {logging_mixin.py:188} INFO - [2026-09-16T19:03:30.707+0000] {dag.py:3954} INFO - Setting next_dagrun for save_data to None, run_after=None
[2026-09-16T19:03:30.731+0000] {processor.py:183} INFO - Processing /opt/airflow/dags/stoke_dag.py took 0.100 seconds
[2026-09-16T19:04:00.794+0000] {processor.py:161} INFO - Started process (PID=609) to work on /opt/airflow/dags/stoke_dag.py
[2026-09-16T19:04:00.796+0000] {processor.py:830} INFO - Processing file /opt/airflow/dags/stoke_dag.py for tasks to queue
[2026-09-16T19:04:00.799+0000] {logging_mixin.py:188} INFO - [2026-09-16T19:04:00.798+0000] {dagbag.py:545} INFO - Filling up the DagBag from /opt/airflow/dags/stoke_dag.py
[2026-09-16T19:04:00.825+0000] {processor.py:840} INFO - DAG(s) 'save_data' retrieved from /opt/airflow/dags/stoke_dag.py
[2026-09-16T19:04:00.849+0000] {logging_mixin.py:188} INFO - [2026-09-16T19:04:00.849+0000] {dag.py:3096} INFO - Sync 1 DAGs
[2026-09-16T19:04:00.862+0000] {logging_mixin.py:188} INFO - [2026-09-16T19:04:00.862+0000] {dag.py:3954} INFO - Setting next_dagrun for save_data to None, run_after=None
[2026-09-16T19:04:00.887+0000] {processor.py:183} INFO - Processing /opt/airflow/dags/stoke_dag.py took 0.103 seconds
[2026-09-16T19:04:31.256+0000] {processor.py:161} INFO - Started process (PID=618) to work on /opt/airflow/dags/stoke_dag.py
[2026-09-16T19:04:31.258+0000] {processor.py:830} INFO - Processing file /opt/airflow/dags/stoke_dag.py for tasks to queue
[2026-09-16T19:04:31.261+0000] {logging_mixin.py:188} INFO - [2026-09-16T19:04:31.260+0000] {dagbag.py:545} INFO - Filling up the DagBag from /opt/airflow/dags/stoke_dag.py
[2026-09-16T19:04:31.284+0000] {processor.py:840} INFO - DAG(s) 'save_data' retrieved from /opt/airflow/dags/stoke_dag.py
[2026-09-16T19:04:31.321+0000] {logging_mixin.py:188} INFO - [2026-09-16T19:04:31.321+0000] {dag.py:3096} INFO - Sync 1 DAGs
[2026-09-16T19:04:31.337+0000] {logging_mixin.py:188} INFO - [2026-09-16T19:04:31.337+0000] {dag.py:3954} INFO - Setting next_dagrun for save_data to None, run_after=None
[2026-09-16T19:04:31.369+0000] {processor.py:183} INFO - Processing /opt/airflow/dags/stoke_dag.py took 0.120 seconds
[2026-09-16T19:05:01.803+0000] {processor.py:161} INFO - Started process (PID=627) to work on /opt/airflow/dags/stoke_dag.py
[2026-09-16T19:05:01.806+0000] {processor.py:830} INFO - Processing file /opt/airflow/dags/stoke_dag.py for tasks to queue
[2026-09-16T19:05:01.811+0000] {logging_mixin.py:188} INFO - [2026-09-16T19:05:01.811+0000] {dagbag.py:545} INFO - Filling up the DagBag from /opt/airflow/dags/stoke_dag.py
[2026-09-16T19:05:01.859+0000] {processor.py:840} INFO - DAG(s) 'save_data' retrieved from /opt/airflow/dags/stoke_dag.py
[2026-09-16T19:05:01.913+0000] {logging_mixin.py:188} INFO - [2026-09-16T19:05:01.912+0000] {dag.py:3096} INFO - Sync 1 DAGs
[2026-09-16T19:05:01.940+0000] {logging_mixin.py:188} INFO - [2026-09-16T19:05:01.939+0000] {dag.py:3954} INFO - Setting next_dagrun for save_data to None, run_after=None
[2026-09-16T19:05:01.974+0000] {processor.py:183} INFO - Processing /opt/airflow/dags/stoke_dag.py took 0.192 seconds
[2026-09-16T19:05:32.242+0000] {processor.py:161} INFO - Started process (PID=636) to work on /opt/airflow/dags/stoke_dag.py
[2026-09-16T19:05:32.244+0000] {processor.py:830} INFO - Processing file /opt/airflow/dags/stoke_dag.py for tasks to queue
[2026-09-16T19:05:32.247+0000] {logging_mixin.py:188} INFO - [2026-09-16T19:05:32.247+0000] {dagbag.py:545} INFO - Filling up the DagBag from /opt/airflow/dags/stoke_dag.py
[2026-09-16T19:05:32.274+0000] {processor.py:840} INFO - DAG(s) 'save_data' retrieved from /opt/airflow/dags/stoke_dag.py
[2026-09-16T19:05:32.300+0000] {logging_mixin.py:188} INFO - [2026-09-16T19:05:32.299+0000] {dag.py:3096} INFO - Sync 1 DAGs
[2026-09-16T19:05:32.315+0000] {logging_mixin.py:188} INFO - [2026-09-16T19:05:32.314+0000] {dag.py:3954} INFO - Setting next_dagrun for save_data to None, run_after=None
[2026-09-16T19:05:32.342+0000] {processor.py:183} INFO - Processing /opt/airflow/dags/stoke_dag.py took 0.108 seconds
[2026-09-16T19:06:02.668+0000] {processor.py:161} INFO - Started process (PID=645) to work on /opt/airflow/dags/stoke_dag.py
[2026-09-16T19:06:02.670+0000] {processor.py:830} INFO - Processing file /opt/airflow/dags/stoke_dag.py for tasks to queue
[2026-09-16T19:06:02.677+0000] {logging_mixin.py:188} INFO - [2026-09-16T19:06:02.676+0000] {dagbag.py:545} INFO - Filling up the DagBag from /opt/airflow/dags/stoke_dag.py
[2026-09-16T19:06:02.716+0000] {processor.py:840} INFO - DAG(s) 'save_data' retrieved from /opt/airflow/dags/stoke_dag.py
[2026-09-16T19:06:02.784+0000] {logging_mixin.py:188} INFO - [2026-09-16T19:06:02.784+0000] {dag.py:3096} INFO - Sync 1 DAGs
[2026-09-16T19:06:02.810+0000] {logging_mixin.py:188} INFO - [2026-09-16T19:06:02.809+0000] {dag.py:3954} INFO - Setting next_dagrun for save_data to None, run_after=None
[2026-09-16T19:06:02.849+0000] {processor.py:183} INFO - Processing /opt/airflow/dags/stoke_dag.py took 0.196 seconds
[2026-09-16T19:06:33.142+0000] {processor.py:161} INFO - Started process (PID=654) to work on /opt/airflow/dags/stoke_dag.py
[2026-09-16T19:06:33.145+0000] {processor.py:830} INFO - Processing file /opt/airflow/dags/stoke_dag.py for tasks to queue
[2026-09-16T19:06:33.149+0000] {logging_mixin.py:188} INFO - [2026-09-16T19:06:33.148+0000] {dagbag.py:545} INFO - Filling up the DagBag from /opt/airflow/dags/stoke_dag.py
[2026-09-16T19:06:33.174+0000] {processor.py:840} INFO - DAG(s) 'save_data' retrieved from /opt/airflow/dags/stoke_dag.py
[2026-09-16T19:06:33.204+0000] {logging_mixin.py:188} INFO - [2026-09-16T19:06:33.204+0000] {dag.py:3096} INFO - Sync 1 DAGs
[2026-09-16T19:06:33.223+0000] {logging_mixin.py:188} INFO - [2026-09-16T19:06:33.222+0000] {dag.py:3954} INFO - Setting next_dagrun for save_data to None, run_after=None
[2026-09-16T19:06:33.259+0000] {processor.py:183} INFO - Processing /opt/airflow/dags/stoke_dag.py took 0.124 seconds
[2026-09-16T19:07:03.615+0000] {processor.py:161} INFO - Started process (PID=663) to work on /opt/airflow/dags/stoke_dag.py
[2026-09-16T19:07:03.617+0000] {processor.py:830} INFO - Processing file /opt/airflow/dags/stoke_dag.py for tasks to queue
[2026-09-16T19:07:03.621+0000] {logging_mixin.py:188} INFO - [2026-09-16T19:07:03.620+0000] {dagbag.py:545} INFO - Filling up the DagBag from /opt/airflow/dags/stoke_dag.py
[2026-09-16T19:07:03.657+0000] {processor.py:840} INFO - DAG(s) 'save_data' retrieved from /opt/airflow/dags/stoke_dag.py
[2026-09-16T19:07:03.703+0000] {logging_mixin.py:188} INFO - [2026-09-16T19:07:03.703+0000] {dag.py:3096} INFO - Sync 1 DAGs
[2026-09-16T19:07:03.723+0000] {logging_mixin.py:188} INFO - [2026-09-16T19:07:03.723+0000] {dag.py:3954} INFO - Setting next_dagrun for save_data to None, run_after=None
[2026-09-16T19:07:03.762+0000] {processor.py:183} INFO - Processing /opt/airflow/dags/stoke_dag.py took 0.166 seconds
[2026-09-16T19:07:33.935+0000] {processor.py:161} INFO - Started process (PID=672) to work on /opt/airflow/dags/stoke_dag.py
[2026-09-16T19:07:33.936+0000] {processor.py:830} INFO - Processing file /opt/airflow/dags/stoke_dag.py for tasks to queue
[2026-09-16T19:07:33.939+0000] {logging_mixin.py:188} INFO - [2026-09-16T19:07:33.939+0000] {dagbag.py:545} INFO - Filling up the DagBag from /opt/airflow/dags/stoke_dag.py
[2026-09-16T19:07:33.963+0000] {processor.py:840} INFO - DAG(s) 'save_data' retrieved from /opt/airflow/dags/stoke_dag.py
[2026-09-16T19:07:33.990+0000] {logging_mixin.py:188} INFO - [2026-09-16T19:07:33.989+0000] {dag.py:3096} INFO - Sync 1 DAGs
[2026-09-16T19:07:34.008+0000] {logging_mixin.py:188} INFO - [2026-09-16T19:07:34.008+0000] {dag.py:3954} INFO - Setting next_dagrun for save_data to None, run_after=None
[2026-09-16T19:07:34.038+0000] {processor.py:183} INFO - Processing /opt/airflow/dags/stoke_dag.py took 0.109 seconds
[2026-09-16T19:08:04.329+0000] {processor.py:161} INFO - Started process (PID=681) to work on /opt/airflow/dags/stoke_dag.py
[2026-09-16T19:08:04.331+0000] {processor.py:830} INFO - Processing file /opt/airflow/dags/stoke_dag.py for tasks to queue
[2026-09-16T19:08:04.333+0000] {logging_mixin.py:188} INFO - [2026-09-16T19:08:04.333+0000] {dagbag.py:545} INFO - Filling up the DagBag from /opt/airflow/dags/stoke_dag.py
[2026-09-16T19:08:04.364+0000] {processor.py:840} INFO - DAG(s) 'save_data' retrieved from /opt/airflow/dags/stoke_dag.py
[2026-09-16T19:08:04.400+0000] {logging_mixin.py:188} INFO - [2026-09-16T19:08:04.400+0000] {dag.py:3096} INFO - Sync 1 DAGs
[2026-09-16T19:08:04.418+0000] {logging_mixin.py:188} INFO - [2026-09-16T19:08:04.417+0000] {dag.py:3954} INFO - Setting next_dagrun for save_data to None, run_after=None
[2026-09-16T19:08:04.439+0000] {processor.py:183} INFO - Processing /opt/airflow/dags/stoke_dag.py took 0.122 seconds
[2026-09-16T19:08:34.703+0000] {processor.py:161} INFO - Started process (PID=690) to work on /opt/airflow/dags/stoke_dag.py
[2026-09-16T19:08:34.704+0000] {processor.py:830} INFO - Processing file /opt/airflow/dags/stoke_dag.py for tasks to queue
[2026-09-16T19:08:34.706+0000] {logging_mixin.py:188} INFO - [2026-09-16T19:08:34.706+0000] {dagbag.py:545} INFO - Filling up the DagBag from /opt/airflow/dags/stoke_dag.py
[2026-09-16T19:08:34.720+0000] {processor.py:840} INFO - DAG(s) 'save_data' retrieved from /opt/airflow/dags/stoke_dag.py
[2026-09-16T19:08:34.740+0000] {logging_mixin.py:188} INFO - [2026-09-16T19:08:34.740+0000] {dag.py:3096} INFO - Sync 1 DAGs
[2026-09-16T19:08:34.750+0000] {logging_mixin.py:188} INFO - [2026-09-16T19:08:34.750+0000] {dag.py:3954} INFO - Setting next_dagrun for save_data to None, run_after=None
[2026-09-16T19:08:34.767+0000] {processor.py:183} INFO - Processing /opt/airflow/dags/stoke_dag.py took 0.070 seconds
[2026-09-16T19:09:05.091+0000] {processor.py:161} INFO - Started process (PID=699) to work on /opt/airflow/dags/stoke_dag.py
[2026-09-16T19:09:05.093+0000] {processor.py:830} INFO - Processing file /opt/airflow/dags/stoke_dag.py for tasks to queue
[2026-09-16T19:09:05.096+0000] {logging_mixin.py:188} INFO - [2026-09-16T19:09:05.095+0000] {dagbag.py:545} INFO - Filling up the DagBag from /opt/airflow/dags/stoke_dag.py
[2026-09-16T19:09:05.113+0000] {processor.py:840} INFO - DAG(s) 'save_data' retrieved from /opt/airflow/dags/stoke_dag.py
[2026-09-16T19:09:05.136+0000] {logging_mixin.py:188} INFO - [2026-09-16T19:09:05.135+0000] {dag.py:3096} INFO - Sync 1 DAGs
[2026-09-16T19:09:05.147+0000] {logging_mixin.py:188} INFO - [2026-09-16T19:09:05.146+0000] {dag.py:3954} INFO - Setting next_dagrun for save_data to None, run_after=None
[2026-09-16T19:09:05.166+0000] {processor.py:183} INFO - Processing /opt/airflow/dags/stoke_dag.py took 0.083 seconds
[2026-09-16T19:09:35.477+0000] {processor.py:161} INFO - Started process (PID=708) to work on /opt/airflow/dags/stoke_dag.py
[2026-09-16T19:09:35.478+0000] {processor.py:830} INFO - Processing file /opt/airflow/dags/stoke_dag.py for tasks to queue
[2026-09-16T19:09:35.479+0000] {logging_mixin.py:188} INFO - [2026-09-16T19:09:35.479+0000] {dagbag.py:545} INFO - Filling up the DagBag from /opt/airflow/dags/stoke_dag.py
[2026-09-16T19:09:35.494+0000] {processor.py:840} INFO - DAG(s) 'save_data' retrieved from /opt/airflow/dags/stoke_dag.py
[2026-09-16T19:09:35.513+0000] {logging_mixin.py:188} INFO - [2026-09-16T19:09:35.513+0000] {dag.py:3096} INFO - Sync 1 DAGs
[2026-09-16T19:09:35.525+0000] {logging_mixin.py:188} INFO - [2026-09-16T19:09:35.525+0000] {dag.py:3954} INFO - Setting next_dagrun for save_data to None, run_after=None
[2026-09-16T19:09:35.547+0000] {processor.py:183} INFO - Processing /opt/airflow/dags/stoke_dag.py took 0.076 seconds
[2026-09-16T19:10:05.856+0000] {processor.py:161} INFO - Started process (PID=717) to work on /opt/airflow/dags/stoke_dag.py
[2026-09-16T19:10:05.857+0000] {processor.py:830} INFO - Processing file /opt/airflow/dags/stoke_dag.py for tasks to queue
[2026-09-16T19:10:05.860+0000] {logging_mixin.py:188} INFO - [2026-09-16T19:10:05.860+0000] {dagbag.py:545} INFO - Filling up the DagBag from /opt/airflow/dags/stoke_dag.py
[2026-09-16T19:10:05.875+0000] {processor.py:840} INFO - DAG(s) 'save_data' retrieved from /opt/airflow/dags/stoke_dag.py
[2026-09-16T19:10:05.897+0000] {logging_mixin.py:188} INFO - [2026-09-16T19:10:05.897+0000] {dag.py:3096} INFO - Sync 1 DAGs
[2026-09-16T19:10:05.908+0000] {logging_mixin.py:188} INFO - [2026-09-16T19:10:05.907+0000] {dag.py:3954} INFO - Setting next_dagrun for save_data to None, run_after=None
[2026-09-16T19:10:05.924+0000] {processor.py:183} INFO - Processing /opt/airflow/dags/stoke_dag.py took 0.074 seconds
[2026-09-16T19:10:36.164+0000] {processor.py:161} INFO - Started process (PID=724) to work on /opt/airflow/dags/stoke_dag.py
[2026-09-16T19:10:36.166+0000] {processor.py:830} INFO - Processing file /opt/airflow/dags/stoke_dag.py for tasks to queue
[2026-09-16T19:10:36.169+0000] {logging_mixin.py:188} INFO - [2026-09-16T19:10:36.169+0000] {dagbag.py:545} INFO - Filling up the DagBag from /opt/airflow/dags/stoke_dag.py
[2026-09-16T19:10:36.192+0000] {processor.py:840} INFO - DAG(s) 'save_data' retrieved from /opt/airflow/dags/stoke_dag.py
[2026-09-16T19:10:36.226+0000] {logging_mixin.py:188} INFO - [2026-09-16T19:10:36.226+0000] {dag.py:3096} INFO - Sync 1 DAGs
[2026-09-16T19:10:36.241+0000] {logging_mixin.py:188} INFO - [2026-09-16T19:10:36.241+0000] {dag.py:3954} INFO - Setting next_dagrun for save_data to None, run_after=None
[2026-09-16T19:10:36.267+0000] {processor.py:183} INFO - Processing /opt/airflow/dags/stoke_dag.py took 0.112 seconds
[2026-09-16T19:11:06.602+0000] {processor.py:161} INFO - Started process (PID=733) to work on /opt/airflow/dags/stoke_dag.py
[2026-09-16T19:11:06.604+0000] {processor.py:830} INFO - Processing file /opt/airflow/dags/stoke_dag.py for tasks to queue
[2026-09-16T19:11:06.606+0000] {logging_mixin.py:188} INFO - [2026-09-16T19:11:06.605+0000] {dagbag.py:545} INFO - Filling up the DagBag from /opt/airflow/dags/stoke_dag.py
[2026-09-16T19:11:06.625+0000] {processor.py:840} INFO - DAG(s) 'save_data' retrieved from /opt/airflow/dags/stoke_dag.py
[2026-09-16T19:11:06.646+0000] {logging_mixin.py:188} INFO - [2026-09-16T19:11:06.646+0000] {dag.py:3096} INFO - Sync 1 DAGs
[2026-09-16T19:11:06.658+0000] {logging_mixin.py:188} INFO - [2026-09-16T19:11:06.658+0000] {dag.py:3954} INFO - Setting next_dagrun for save_data to None, run_after=None
[2026-09-16T19:11:06.680+0000] {processor.py:183} INFO - Processing /opt/airflow/dags/stoke_dag.py took 0.086 seconds
[2026-09-16T19:11:36.983+0000] {processor.py:161} INFO - Started process (PID=742) to work on /opt/airflow/dags/stoke_dag.py
[2026-09-16T19:11:36.985+0000] {processor.py:830} INFO - Processing file /opt/airflow/dags/stoke_dag.py for tasks to queue
[2026-09-16T19:11:36.987+0000] {logging_mixin.py:188} INFO - [2026-09-16T19:11:36.987+0000] {dagbag.py:545} INFO - Filling up the DagBag from /opt/airflow/dags/stoke_dag.py
[2026-09-16T19:11:37.010+0000] {processor.py:840} INFO - DAG(s) 'save_data' retrieved from /opt/airflow/dags/stoke_dag.py
[2026-09-16T19:11:37.030+0000] {logging_mixin.py:188} INFO - [2026-09-16T19:11:37.030+0000] {dag.py:3096} INFO - Sync 1 DAGs
[2026-09-16T19:11:37.041+0000] {logging_mixin.py:188} INFO - [2026-09-16T19:11:37.041+0000] {dag.py:3954} INFO - Setting next_dagrun for save_data to None, run_after=None
[2026-09-16T19:11:37.062+0000] {processor.py:183} INFO - Processing /opt/airflow/dags/stoke_dag.py took 0.085 seconds
[2026-09-16T19:12:07.405+0000] {processor.py:161} INFO - Started process (PID=751) to work on /opt/airflow/dags/stoke_dag.py
[2026-09-16T19:12:07.407+0000] {processor.py:830} INFO - Processing file /opt/airflow/dags/stoke_dag.py for tasks to queue
[2026-09-16T19:12:07.411+0000] {logging_mixin.py:188} INFO - [2026-09-16T19:12:07.411+0000] {dagbag.py:545} INFO - Filling up the DagBag from /opt/airflow/dags/stoke_dag.py
[2026-09-16T19:12:07.434+0000] {processor.py:840} INFO - DAG(s) 'save_data' retrieved from /opt/airflow/dags/stoke_dag.py
[2026-09-16T19:12:07.454+0000] {logging_mixin.py:188} INFO - [2026-09-16T19:12:07.454+0000] {dag.py:3096} INFO - Sync 1 DAGs
[2026-09-16T19:12:07.465+0000] {logging_mixin.py:188} INFO - [2026-09-16T19:12:07.465+0000] {dag.py:3954} INFO - Setting next_dagrun for save_data to None, run_after=None
[2026-09-16T19:12:07.484+0000] {processor.py:183} INFO - Processing /opt/airflow/dags/stoke_dag.py took 0.085 seconds
[2026-09-16T19:12:37.808+0000] {processor.py:161} INFO - Started process (PID=760) to work on /opt/airflow/dags/stoke_dag.py
[2026-09-16T19:12:37.810+0000] {processor.py:830} INFO - Processing file /opt/airflow/dags/stoke_dag.py for tasks to queue
[2026-09-16T19:12:37.812+0000] {logging_mixin.py:188} INFO - [2026-09-16T19:12:37.811+0000] {dagbag.py:545} INFO - Filling up the DagBag from /opt/airflow/dags/stoke_dag.py
[2026-09-16T19:12:37.827+0000] {processor.py:840} INFO - DAG(s) 'save_data' retrieved from /opt/airflow/dags/stoke_dag.py
[2026-09-16T19:12:37.850+0000] {logging_mixin.py:188} INFO - [2026-09-16T19:12:37.849+0000] {dag.py:3096} INFO - Sync 1 DAGs
[2026-09-16T19:12:37.864+0000] {logging_mixin.py:188} INFO - [2026-09-16T19:12:37.863+0000] {dag.py:3954} INFO - Setting next_dagrun for save_data to None, run_after=None
[2026-09-16T19:12:37.882+0000] {processor.py:183} INFO - Processing /opt/airflow/dags/stoke_dag.py took 0.080 seconds
[2026-09-16T19:13:08.192+0000] {processor.py:161} INFO - Started process (PID=769) to work on /opt/airflow/dags/stoke_dag.py
[2026-09-16T19:13:08.193+0000] {processor.py:830} INFO - Processing file /opt/airflow/dags/stoke_dag.py for tasks to queue
[2026-09-16T19:13:08.195+0000] {logging_mixin.py:188} INFO - [2026-09-16T19:13:08.194+0000] {dagbag.py:545} INFO - Filling up the DagBag from /opt/airflow/dags/stoke_dag.py
[2026-09-16T19:13:08.210+0000] {processor.py:840} INFO - DAG(s) 'save_data' retrieved from /opt/airflow/dags/stoke_dag.py
[2026-09-16T19:13:08.229+0000] {logging_mixin.py:188} INFO - [2026-09-16T19:13:08.229+0000] {dag.py:3096} INFO - Sync 1 DAGs
[2026-09-16T19:13:08.239+0000] {logging_mixin.py:188} INFO - [2026-09-16T19:13:08.239+0000] {dag.py:3954} INFO - Setting next_dagrun for save_data to None, run_after=None
[2026-09-16T19:13:08.256+0000] {processor.py:183} INFO - Processing /opt/airflow/dags/stoke_dag.py took 0.070 seconds
[2026-09-16T19:13:38.587+0000] {processor.py:161} INFO - Started process (PID=778) to work on /opt/airflow/dags/stoke_dag.py
[2026-09-16T19:13:38.590+0000] {processor.py:830} INFO - Processing file /opt/airflow/dags/stoke_dag.py for tasks to queue
[2026-09-16T19:13:38.593+0000] {logging_mixin.py:188} INFO - [2026-09-16T19:13:38.593+0000] {dagbag.py:545} INFO - Filling up the DagBag from /opt/airflow/dags/stoke_dag.py
[2026-09-16T19:13:38.620+0000] {processor.py:840} INFO - DAG(s) 'save_data' retrieved from /opt/airflow/dags/stoke_dag.py
[2026-09-16T19:13:38.657+0000] {logging_mixin.py:188} INFO - [2026-09-16T19:13:38.656+0000] {dag.py:3096} INFO - Sync 1 DAGs
[2026-09-16T19:13:38.676+0000] {logging_mixin.py:188} INFO - [2026-09-16T19:13:38.676+0000] {dag.py:3954} INFO - Setting next_dagrun for save_data to None, run_after=None
[2026-09-16T19:13:38.709+0000] {processor.py:183} INFO - Processing /opt/airflow/dags/stoke_dag.py took 0.131 seconds
[2026-09-16T19:14:09.067+0000] {processor.py:161} INFO - Started process (PID=787) to work on /opt/airflow/dags/stoke_dag.py
[2026-09-16T19:14:09.068+0000] {processor.py:830} INFO - Processing file /opt/airflow/dags/stoke_dag.py for tasks to queue
[2026-09-16T19:14:09.071+0000] {logging_mixin.py:188} INFO - [2026-09-16T19:14:09.071+0000] {dagbag.py:545} INFO - Filling up the DagBag from /opt/airflow/dags/stoke_dag.py
[2026-09-16T19:14:09.099+0000] {processor.py:840} INFO - DAG(s) 'save_data' retrieved from /opt/airflow/dags/stoke_dag.py
[2026-09-16T19:14:09.124+0000] {logging_mixin.py:188} INFO - [2026-09-16T19:14:09.124+0000] {dag.py:3096} INFO - Sync 1 DAGs
[2026-09-16T19:14:09.136+0000] {logging_mixin.py:188} INFO - [2026-09-16T19:14:09.136+0000] {dag.py:3954} INFO - Setting next_dagrun for save_data to None, run_after=None
[2026-09-16T19:14:09.164+0000] {processor.py:183} INFO - Processing /opt/airflow/dags/stoke_dag.py took 0.105 seconds
[2026-09-16T19:14:39.527+0000] {processor.py:161} INFO - Started process (PID=796) to work on /opt/airflow/dags/stoke_dag.py
[2026-09-16T19:14:39.528+0000] {processor.py:830} INFO - Processing file /opt/airflow/dags/stoke_dag.py for tasks to queue
[2026-09-16T19:14:39.532+0000] {logging_mixin.py:188} INFO - [2026-09-16T19:14:39.531+0000] {dagbag.py:545} INFO - Filling up the DagBag from /opt/airflow/dags/stoke_dag.py
[2026-09-16T19:14:39.553+0000] {processor.py:840} INFO - DAG(s) 'save_data' retrieved from /opt/airflow/dags/stoke_dag.py
[2026-09-16T19:14:39.582+0000] {logging_mixin.py:188} INFO - [2026-09-16T19:14:39.581+0000] {dag.py:3096} INFO - Sync 1 DAGs
[2026-09-16T19:14:39.602+0000] {logging_mixin.py:188} INFO - [2026-09-16T19:14:39.601+0000] {dag.py:3954} INFO - Setting next_dagrun for save_data to None, run_after=None
[2026-09-16T19:14:39.626+0000] {processor.py:183} INFO - Processing /opt/airflow/dags/stoke_dag.py took 0.109 seconds
[2026-09-16T19:15:09.964+0000] {processor.py:161} INFO - Started process (PID=805) to work on /opt/airflow/dags/stoke_dag.py
[2026-09-16T19:15:09.965+0000] {processor.py:830} INFO - Processing file /opt/airflow/dags/stoke_dag.py for tasks to queue
[2026-09-16T19:15:09.967+0000] {logging_mixin.py:188} INFO - [2026-09-16T19:15:09.967+0000] {dagbag.py:545} INFO - Filling up the DagBag from /opt/airflow/dags/stoke_dag.py
[2026-09-16T19:15:09.982+0000] {processor.py:840} INFO - DAG(s) 'save_data' retrieved from /opt/airflow/dags/stoke_dag.py
[2026-09-16T19:15:10.005+0000] {logging_mixin.py:188} INFO - [2026-09-16T19:15:10.005+0000] {dag.py:3096} INFO - Sync 1 DAGs
[2026-09-16T19:15:10.015+0000] {logging_mixin.py:188} INFO - [2026-09-16T19:15:10.015+0000] {dag.py:3954} INFO - Setting next_dagrun for save_data to None, run_after=None
[2026-09-16T19:15:10.033+0000] {processor.py:183} INFO - Processing /opt/airflow/dags/stoke_dag.py took 0.075 seconds
[2026-09-16T19:15:40.179+0000] {processor.py:161} INFO - Started process (PID=814) to work on /opt/airflow/dags/stoke_dag.py
[2026-09-16T19:15:40.181+0000] {processor.py:830} INFO - Processing file /opt/airflow/dags/stoke_dag.py for tasks to queue
[2026-09-16T19:15:40.184+0000] {logging_mixin.py:188} INFO - [2026-09-16T19:15:40.183+0000] {dagbag.py:545} INFO - Filling up the DagBag from /opt/airflow/dags/stoke_dag.py
[2026-09-16T19:15:40.203+0000] {processor.py:840} INFO - DAG(s) 'save_data' retrieved from /opt/airflow/dags/stoke_dag.py
[2026-09-16T19:15:40.227+0000] {logging_mixin.py:188} INFO - [2026-09-16T19:15:40.226+0000] {dag.py:3096} INFO - Sync 1 DAGs
[2026-09-16T19:15:40.239+0000] {logging_mixin.py:188} INFO - [2026-09-16T19:15:40.239+0000] {dag.py:3954} INFO - Setting next_dagrun for save_data to None, run_after=None
[2026-09-16T19:15:40.265+0000] {processor.py:183} INFO - Processing /opt/airflow/dags/stoke_dag.py took 0.094 seconds
[2026-09-16T19:16:10.411+0000] {processor.py:161} INFO - Started process (PID=823) to work on /opt/airflow/dags/stoke_dag.py
[2026-09-16T19:16:10.413+0000] {processor.py:830} INFO - Processing file /opt/airflow/dags/stoke_dag.py for tasks to queue
[2026-09-16T19:16:10.415+0000] {logging_mixin.py:188} INFO - [2026-09-16T19:16:10.414+0000] {dagbag.py:545} INFO - Filling up the DagBag from /opt/airflow/dags/stoke_dag.py
[2026-09-16T19:16:10.435+0000] {processor.py:840} INFO - DAG(s) 'save_data' retrieved from /opt/airflow/dags/stoke_dag.py
[2026-09-16T19:16:10.455+0000] {logging_mixin.py:188} INFO - [2026-09-16T19:16:10.455+0000] {dag.py:3096} INFO - Sync 1 DAGs
[2026-09-16T19:16:10.466+0000] {logging_mixin.py:188} INFO - [2026-09-16T19:16:10.465+0000] {dag.py:3954} INFO - Setting next_dagrun for save_data to None, run_after=None
[2026-09-16T19:16:10.484+0000] {processor.py:183} INFO - Processing /opt/airflow/dags/stoke_dag.py took 0.078 seconds
[2026-09-16T19:16:40.867+0000] {processor.py:161} INFO - Started process (PID=832) to work on /opt/airflow/dags/stoke_dag.py
[2026-09-16T19:16:40.868+0000] {processor.py:830} INFO - Processing file /opt/airflow/dags/stoke_dag.py for tasks to queue
[2026-09-16T19:16:40.871+0000] {logging_mixin.py:188} INFO - [2026-09-16T19:16:40.871+0000] {dagbag.py:545} INFO - Filling up the DagBag from /opt/airflow/dags/stoke_dag.py
[2026-09-16T19:16:40.886+0000] {processor.py:840} INFO - DAG(s) 'save_data' retrieved from /opt/airflow/dags/stoke_dag.py
[2026-09-16T19:16:40.906+0000] {logging_mixin.py:188} INFO - [2026-09-16T19:16:40.906+0000] {dag.py:3096} INFO - Sync 1 DAGs
[2026-09-16T19:16:40.919+0000] {logging_mixin.py:188} INFO - [2026-09-16T19:16:40.919+0000] {dag.py:3954} INFO - Setting next_dagrun for save_data to None, run_after=None
[2026-09-16T19:16:40.939+0000] {processor.py:183} INFO - Processing /opt/airflow/dags/stoke_dag.py took 0.081 seconds
[2026-09-16T19:17:11.279+0000] {processor.py:161} INFO - Started process (PID=841) to work on /opt/airflow/dags/stoke_dag.py
[2026-09-16T19:17:11.281+0000] {processor.py:830} INFO - Processing file /opt/airflow/dags/stoke_dag.py for tasks to queue
[2026-09-16T19:17:11.283+0000] {logging_mixin.py:188} INFO - [2026-09-16T19:17:11.283+0000] {dagbag.py:545} INFO - Filling up the DagBag from /opt/airflow/dags/stoke_dag.py
[2026-09-16T19:17:11.304+0000] {processor.py:840} INFO - DAG(s) 'save_data' retrieved from /opt/airflow/dags/stoke_dag.py
[2026-09-16T19:17:11.324+0000] {logging_mixin.py:188} INFO - [2026-09-16T19:17:11.324+0000] {dag.py:3096} INFO - Sync 1 DAGs
[2026-09-16T19:17:11.335+0000] {logging_mixin.py:188} INFO - [2026-09-16T19:17:11.334+0000] {dag.py:3954} INFO - Setting next_dagrun for save_data to None, run_after=None
[2026-09-16T19:17:11.354+0000] {processor.py:183} INFO - Processing /opt/airflow/dags/stoke_dag.py took 0.081 seconds
[2026-09-16T19:17:41.698+0000] {processor.py:161} INFO - Started process (PID=850) to work on /opt/airflow/dags/stoke_dag.py
[2026-09-16T19:17:41.699+0000] {processor.py:830} INFO - Processing file /opt/airflow/dags/stoke_dag.py for tasks to queue
[2026-09-16T19:17:41.701+0000] {logging_mixin.py:188} INFO - [2026-09-16T19:17:41.701+0000] {dagbag.py:545} INFO - Filling up the DagBag from /opt/airflow/dags/stoke_dag.py
[2026-09-16T19:17:41.718+0000] {processor.py:840} INFO - DAG(s) 'save_data' retrieved from /opt/airflow/dags/stoke_dag.py
[2026-09-16T19:17:41.737+0000] {logging_mixin.py:188} INFO - [2026-09-16T19:17:41.737+0000] {dag.py:3096} INFO - Sync 1 DAGs
[2026-09-16T19:17:41.747+0000] {logging_mixin.py:188} INFO - [2026-09-16T19:17:41.746+0000] {dag.py:3954} INFO - Setting next_dagrun for save_data to None, run_after=None
[2026-09-16T19:17:41.766+0000] {processor.py:183} INFO - Processing /opt/airflow/dags/stoke_dag.py took 0.077 seconds
[2026-09-16T19:18:12.140+0000] {processor.py:161} INFO - Started process (PID=859) to work on /opt/airflow/dags/stoke_dag.py
[2026-09-16T19:18:12.141+0000] {processor.py:830} INFO - Processing file /opt/airflow/dags/stoke_dag.py for tasks to queue
[2026-09-16T19:18:12.143+0000] {logging_mixin.py:188} INFO - [2026-09-16T19:18:12.143+0000] {dagbag.py:545} INFO - Filling up the DagBag from /opt/airflow/dags/stoke_dag.py
[2026-09-16T19:18:12.164+0000] {processor.py:840} INFO - DAG(s) 'save_data' retrieved from /opt/airflow/dags/stoke_dag.py
[2026-09-16T19:18:12.187+0000] {logging_mixin.py:188} INFO - [2026-09-16T19:18:12.187+0000] {dag.py:3096} INFO - Sync 1 DAGs
[2026-09-16T19:18:12.203+0000] {logging_mixin.py:188} INFO - [2026-09-16T19:18:12.202+0000] {dag.py:3954} INFO - Setting next_dagrun for save_data to None, run_after=None
[2026-09-16T19:18:12.221+0000] {processor.py:183} INFO - Processing /opt/airflow/dags/stoke_dag.py took 0.087 seconds
[2026-09-16T19:18:42.538+0000] {processor.py:161} INFO - Started process (PID=868) to work on /opt/airflow/dags/stoke_dag.py
[2026-09-16T19:18:42.539+0000] {processor.py:830} INFO - Processing file /opt/airflow/dags/stoke_dag.py for tasks to queue
[2026-09-16T19:18:42.541+0000] {logging_mixin.py:188} INFO - [2026-09-16T19:18:42.540+0000] {dagbag.py:545} INFO - Filling up the DagBag from /opt/airflow/dags/stoke_dag.py
[2026-09-16T19:18:42.557+0000] {processor.py:840} INFO - DAG(s) 'save_data' retrieved from /opt/airflow/dags/stoke_dag.py
[2026-09-16T19:18:42.576+0000] {logging_mixin.py:188} INFO - [2026-09-16T19:18:42.576+0000] {dag.py:3096} INFO - Sync 1 DAGs
[2026-09-16T19:18:42.586+0000] {logging_mixin.py:188} INFO - [2026-09-16T19:18:42.586+0000] {dag.py:3954} INFO - Setting next_dagrun for save_data to None, run_after=None
[2026-09-16T19:18:42.604+0000] {processor.py:183} INFO - Processing /opt/airflow/dags/stoke_dag.py took 0.072 seconds
[2026-09-16T19:19:12.945+0000] {processor.py:161} INFO - Started process (PID=877) to work on /opt/airflow/dags/stoke_dag.py
[2026-09-16T19:19:12.946+0000] {processor.py:830} INFO - Processing file /opt/airflow/dags/stoke_dag.py for tasks to queue
[2026-09-16T19:19:12.948+0000] {logging_mixin.py:188} INFO - [2026-09-16T19:19:12.948+0000] {dagbag.py:545} INFO - Filling up the DagBag from /opt/airflow/dags/stoke_dag.py
[2026-09-16T19:19:12.963+0000] {processor.py:840} INFO - DAG(s) 'save_data' retrieved from /opt/airflow/dags/stoke_dag.py
[2026-09-16T19:19:12.983+0000] {logging_mixin.py:188} INFO - [2026-09-16T19:19:12.983+0000] {dag.py:3096} INFO - Sync 1 DAGs
[2026-09-16T19:19:12.994+0000] {logging_mixin.py:188} INFO - [2026-09-16T19:19:12.993+0000] {dag.py:3954} INFO - Setting next_dagrun for save_data to None, run_after=None
[2026-09-16T19:19:13.012+0000] {processor.py:183} INFO - Processing /opt/airflow/dags/stoke_dag.py took 0.073 seconds
[2026-09-16T19:19:43.346+0000] {processor.py:161} INFO - Started process (PID=886) to work on /opt/airflow/dags/stoke_dag.py
[2026-09-16T19:19:43.347+0000] {processor.py:830} INFO - Processing file /opt/airflow/dags/stoke_dag.py for tasks to queue
[2026-09-16T19:19:43.348+0000] {logging_mixin.py:188} INFO - [2026-09-16T19:19:43.348+0000] {dagbag.py:545} INFO - Filling up the DagBag from /opt/airflow/dags/stoke_dag.py
[2026-09-16T19:19:43.364+0000] {processor.py:840} INFO - DAG(s) 'save_data' retrieved from /opt/airflow/dags/stoke_dag.py
[2026-09-16T19:19:43.383+0000] {logging_mixin.py:188} INFO - [2026-09-16T19:19:43.383+0000] {dag.py:3096} INFO - Sync 1 DAGs
[2026-09-16T19:19:43.394+0000] {logging_mixin.py:188} INFO - [2026-09-16T19:19:43.394+0000] {dag.py:3954} INFO - Setting next_dagrun for save_data to None, run_after=None
[2026-09-16T19:19:43.411+0000] {processor.py:183} INFO - Processing /opt/airflow/dags/stoke_dag.py took 0.071 seconds
[2026-09-16T19:20:13.770+0000] {processor.py:161} INFO - Started process (PID=895) to work on /opt/airflow/dags/stoke_dag.py
[2026-09-16T19:20:13.771+0000] {processor.py:830} INFO - Processing file /opt/airflow/dags/stoke_dag.py for tasks to queue
[2026-09-16T19:20:13.774+0000] {logging_mixin.py:188} INFO - [2026-09-16T19:20:13.774+0000] {dagbag.py:545} INFO - Filling up the DagBag from /opt/airflow/dags/stoke_dag.py
[2026-09-16T19:20:13.793+0000] {processor.py:840} INFO - DAG(s) 'save_data' retrieved from /opt/airflow/dags/stoke_dag.py
[2026-09-16T19:20:13.814+0000] {logging_mixin.py:188} INFO - [2026-09-16T19:20:13.814+0000] {dag.py:3096} INFO - Sync 1 DAGs
[2026-09-16T19:20:13.825+0000] {logging_mixin.py:188} INFO - [2026-09-16T19:20:13.824+0000] {dag.py:3954} INFO - Setting next_dagrun for save_data to None, run_after=None
[2026-09-16T19:20:13.843+0000] {processor.py:183} INFO - Processing /opt/airflow/dags/stoke_dag.py took 0.079 seconds
[2026-09-16T19:20:44.177+0000] {processor.py:161} INFO - Started process (PID=904) to work on /opt/airflow/dags/stoke_dag.py
[2026-09-16T19:20:44.178+0000] {processor.py:830} INFO - Processing file /opt/airflow/dags/stoke_dag.py for tasks to queue
[2026-09-16T19:20:44.180+0000] {logging_mixin.py:188} INFO - [2026-09-16T19:20:44.180+0000] {dagbag.py:545} INFO - Filling up the DagBag from /opt/airflow/dags/stoke_dag.py
[2026-09-16T19:20:44.195+0000] {processor.py:840} INFO - DAG(s) 'save_data' retrieved from /opt/airflow/dags/stoke_dag.py
[2026-09-16T19:20:44.215+0000] {logging_mixin.py:188} INFO - [2026-09-16T19:20:44.215+0000] {dag.py:3096} INFO - Sync 1 DAGs
[2026-09-16T19:20:44.226+0000] {logging_mixin.py:188} INFO - [2026-09-16T19:20:44.226+0000] {dag.py:3954} INFO - Setting next_dagrun for save_data to None, run_after=None
[2026-09-16T19:20:44.243+0000] {processor.py:183} INFO - Processing /opt/airflow/dags/stoke_dag.py took 0.072 seconds
[2026-09-16T19:21:14.601+0000] {processor.py:161} INFO - Started process (PID=913) to work on /opt/airflow/dags/stoke_dag.py
[2026-09-16T19:21:14.603+0000] {processor.py:830} INFO - Processing file /opt/airflow/dags/stoke_dag.py for tasks to queue
[2026-09-16T19:21:14.607+0000] {logging_mixin.py:188} INFO - [2026-09-16T19:21:14.607+0000] {dagbag.py:545} INFO - Filling up the DagBag from /opt/airflow/dags/stoke_dag.py
[2026-09-16T19:21:14.628+0000] {processor.py:840} INFO - DAG(s) 'save_data' retrieved from /opt/airflow/dags/stoke_dag.py
[2026-09-16T19:21:14.663+0000] {logging_mixin.py:188} INFO - [2026-09-16T19:21:14.663+0000] {dag.py:3096} INFO - Sync 1 DAGs
[2026-09-16T19:21:14.680+0000] {logging_mixin.py:188} INFO - [2026-09-16T19:21:14.680+0000] {dag.py:3954} INFO - Setting next_dagrun for save_data to None, run_after=None
[2026-09-16T19:21:14.702+0000] {processor.py:183} INFO - Processing /opt/airflow/dags/stoke_dag.py took 0.113 seconds
[2026-09-16T19:21:45.054+0000] {processor.py:161} INFO - Started process (PID=922) to work on /opt/airflow/dags/stoke_dag.py
[2026-09-16T19:21:45.056+0000] {processor.py:830} INFO - Processing file /opt/airflow/dags/stoke_dag.py for tasks to queue
[2026-09-16T19:21:45.058+0000] {logging_mixin.py:188} INFO - [2026-09-16T19:21:45.058+0000] {dagbag.py:545} INFO - Filling up the DagBag from /opt/airflow/dags/stoke_dag.py
[2026-09-16T19:21:45.075+0000] {processor.py:840} INFO - DAG(s) 'save_data' retrieved from /opt/airflow/dags/stoke_dag.py
[2026-09-16T19:21:45.093+0000] {logging_mixin.py:188} INFO - [2026-09-16T19:21:45.093+0000] {dag.py:3096} INFO - Sync 1 DAGs
[2026-09-16T19:21:45.104+0000] {logging_mixin.py:188} INFO - [2026-09-16T19:21:45.103+0000] {dag.py:3954} INFO - Setting next_dagrun for save_data to None, run_after=None
[2026-09-16T19:21:45.122+0000] {processor.py:183} INFO - Processing /opt/airflow/dags/stoke_dag.py took 0.073 seconds
[2026-09-16T19:22:15.425+0000] {processor.py:161} INFO - Started process (PID=931) to work on /opt/airflow/dags/stoke_dag.py
[2026-09-16T19:22:15.427+0000] {processor.py:830} INFO - Processing file /opt/airflow/dags/stoke_dag.py for tasks to queue
[2026-09-16T19:22:15.429+0000] {logging_mixin.py:188} INFO - [2026-09-16T19:22:15.429+0000] {dagbag.py:545} INFO - Filling up the DagBag from /opt/airflow/dags/stoke_dag.py
[2026-09-16T19:22:15.444+0000] {processor.py:840} INFO - DAG(s) 'save_data' retrieved from /opt/airflow/dags/stoke_dag.py
[2026-09-16T19:22:15.463+0000] {logging_mixin.py:188} INFO - [2026-09-16T19:22:15.463+0000] {dag.py:3096} INFO - Sync 1 DAGs
[2026-09-16T19:22:15.474+0000] {logging_mixin.py:188} INFO - [2026-09-16T19:22:15.474+0000] {dag.py:3954} INFO - Setting next_dagrun for save_data to None, run_after=None
[2026-09-16T19:22:15.492+0000] {processor.py:183} INFO - Processing /opt/airflow/dags/stoke_dag.py took 0.072 seconds
[2026-09-16T19:22:45.822+0000] {processor.py:161} INFO - Started process (PID=940) to work on /opt/airflow/dags/stoke_dag.py
[2026-09-16T19:22:45.823+0000] {processor.py:830} INFO - Processing file /opt/airflow/dags/stoke_dag.py for tasks to queue
[2026-09-16T19:22:45.825+0000] {logging_mixin.py:188} INFO - [2026-09-16T19:22:45.825+0000] {dagbag.py:545} INFO - Filling up the DagBag from /opt/airflow/dags/stoke_dag.py
[2026-09-16T19:22:45.840+0000] {processor.py:840} INFO - DAG(s) 'save_data' retrieved from /opt/airflow/dags/stoke_dag.py
[2026-09-16T19:22:45.859+0000] {logging_mixin.py:188} INFO - [2026-09-16T19:22:45.859+0000] {dag.py:3096} INFO - Sync 1 DAGs
[2026-09-16T19:22:45.871+0000] {logging_mixin.py:188} INFO - [2026-09-16T19:22:45.871+0000] {dag.py:3954} INFO - Setting next_dagrun for save_data to None, run_after=None
[2026-09-16T19:22:45.888+0000] {processor.py:183} INFO - Processing /opt/airflow/dags/stoke_dag.py took 0.073 seconds
[2026-09-16T19:23:16.237+0000] {processor.py:161} INFO - Started process (PID=949) to work on /opt/airflow/dags/stoke_dag.py
[2026-09-16T19:23:16.239+0000] {processor.py:830} INFO - Processing file /opt/airflow/dags/stoke_dag.py for tasks to queue
[2026-09-16T19:23:16.243+0000] {logging_mixin.py:188} INFO - [2026-09-16T19:23:16.243+0000] {dagbag.py:545} INFO - Filling up the DagBag from /opt/airflow/dags/stoke_dag.py
[2026-09-16T19:23:16.271+0000] {processor.py:840} INFO - DAG(s) 'save_data' retrieved from /opt/airflow/dags/stoke_dag.py
[2026-09-16T19:23:16.299+0000] {logging_mixin.py:188} INFO - [2026-09-16T19:23:16.298+0000] {dag.py:3096} INFO - Sync 1 DAGs
[2026-09-16T19:23:16.315+0000] {logging_mixin.py:188} INFO - [2026-09-16T19:23:16.315+0000] {dag.py:3954} INFO - Setting next_dagrun for save_data to None, run_after=None
[2026-09-16T19:23:16.340+0000] {processor.py:183} INFO - Processing /opt/airflow/dags/stoke_dag.py took 0.114 seconds
[2026-09-16T19:23:46.664+0000] {processor.py:161} INFO - Started process (PID=964) to work on /opt/airflow/dags/stoke_dag.py
[2026-09-16T19:23:46.666+0000] {processor.py:830} INFO - Processing file /opt/airflow/dags/stoke_dag.py for tasks to queue
[2026-09-16T19:23:46.668+0000] {logging_mixin.py:188} INFO - [2026-09-16T19:23:46.668+0000] {dagbag.py:545} INFO - Filling up the DagBag from /opt/airflow/dags/stoke_dag.py
[2026-09-16T19:23:46.691+0000] {processor.py:840} INFO - DAG(s) 'save_data' retrieved from /opt/airflow/dags/stoke_dag.py
[2026-09-16T19:23:46.716+0000] {logging_mixin.py:188} INFO - [2026-09-16T19:23:46.716+0000] {dag.py:3096} INFO - Sync 1 DAGs
[2026-09-16T19:23:46.731+0000] {logging_mixin.py:188} INFO - [2026-09-16T19:23:46.730+0000] {dag.py:3954} INFO - Setting next_dagrun for save_data to None, run_after=None
[2026-09-16T19:23:46.760+0000] {processor.py:183} INFO - Processing /opt/airflow/dags/stoke_dag.py took 0.108 seconds
[2026-09-16T19:24:17.125+0000] {processor.py:161} INFO - Started process (PID=973) to work on /opt/airflow/dags/stoke_dag.py
[2026-09-16T19:24:17.128+0000] {processor.py:830} INFO - Processing file /opt/airflow/dags/stoke_dag.py for tasks to queue
[2026-09-16T19:24:17.132+0000] {logging_mixin.py:188} INFO - [2026-09-16T19:24:17.131+0000] {dagbag.py:545} INFO - Filling up the DagBag from /opt/airflow/dags/stoke_dag.py
[2026-09-16T19:24:17.160+0000] {processor.py:840} INFO - DAG(s) 'save_data' retrieved from /opt/airflow/dags/stoke_dag.py
[2026-09-16T19:24:17.182+0000] {logging_mixin.py:188} INFO - [2026-09-16T19:24:17.182+0000] {dag.py:3096} INFO - Sync 1 DAGs
[2026-09-16T19:24:17.195+0000] {logging_mixin.py:188} INFO - [2026-09-16T19:24:17.195+0000] {dag.py:3954} INFO - Setting next_dagrun for save_data to None, run_after=None
[2026-09-16T19:24:17.225+0000] {processor.py:183} INFO - Processing /opt/airflow/dags/stoke_dag.py took 0.111 seconds
[2026-09-16T19:24:47.547+0000] {processor.py:161} INFO - Started process (PID=982) to work on /opt/airflow/dags/stoke_dag.py
[2026-09-16T19:24:47.548+0000] {processor.py:830} INFO - Processing file /opt/airflow/dags/stoke_dag.py for tasks to queue
[2026-09-16T19:24:47.551+0000] {logging_mixin.py:188} INFO - [2026-09-16T19:24:47.550+0000] {dagbag.py:545} INFO - Filling up the DagBag from /opt/airflow/dags/stoke_dag.py
[2026-09-16T19:24:47.566+0000] {processor.py:840} INFO - DAG(s) 'save_data' retrieved from /opt/airflow/dags/stoke_dag.py
[2026-09-16T19:24:47.587+0000] {logging_mixin.py:188} INFO - [2026-09-16T19:24:47.587+0000] {dag.py:3096} INFO - Sync 1 DAGs
[2026-09-16T19:24:47.600+0000] {logging_mixin.py:188} INFO - [2026-09-16T19:24:47.600+0000] {dag.py:3954} INFO - Setting next_dagrun for save_data to None, run_after=None
[2026-09-16T19:24:47.620+0000] {processor.py:183} INFO - Processing /opt/airflow/dags/stoke_dag.py took 0.078 seconds
[2026-09-16T19:25:17.961+0000] {processor.py:161} INFO - Started process (PID=991) to work on /opt/airflow/dags/stoke_dag.py
[2026-09-16T19:25:17.963+0000] {processor.py:830} INFO - Processing file /opt/airflow/dags/stoke_dag.py for tasks to queue
[2026-09-16T19:25:17.966+0000] {logging_mixin.py:188} INFO - [2026-09-16T19:25:17.965+0000] {dagbag.py:545} INFO - Filling up the DagBag from /opt/airflow/dags/stoke_dag.py
[2026-09-16T19:25:17.982+0000] {processor.py:840} INFO - DAG(s) 'save_data' retrieved from /opt/airflow/dags/stoke_dag.py
[2026-09-16T19:25:18.001+0000] {logging_mixin.py:188} INFO - [2026-09-16T19:25:18.001+0000] {dag.py:3096} INFO - Sync 1 DAGs
[2026-09-16T19:25:18.011+0000] {logging_mixin.py:188} INFO - [2026-09-16T19:25:18.011+0000] {dag.py:3954} INFO - Setting next_dagrun for save_data to None, run_after=None
[2026-09-16T19:25:18.029+0000] {processor.py:183} INFO - Processing /opt/airflow/dags/stoke_dag.py took 0.073 seconds
[2026-09-16T19:25:48.324+0000] {processor.py:161} INFO - Started process (PID=1000) to work on /opt/airflow/dags/stoke_dag.py
[2026-09-16T19:25:48.325+0000] {processor.py:830} INFO - Processing file /opt/airflow/dags/stoke_dag.py for tasks to queue
[2026-09-16T19:25:48.327+0000] {logging_mixin.py:188} INFO - [2026-09-16T19:25:48.327+0000] {dagbag.py:545} INFO - Filling up the DagBag from /opt/airflow/dags/stoke_dag.py
[2026-09-16T19:25:48.342+0000] {processor.py:840} INFO - DAG(s) 'save_data' retrieved from /opt/airflow/dags/stoke_dag.py
[2026-09-16T19:25:48.362+0000] {logging_mixin.py:188} INFO - [2026-09-16T19:25:48.362+0000] {dag.py:3096} INFO - Sync 1 DAGs
[2026-09-16T19:25:48.373+0000] {logging_mixin.py:188} INFO - [2026-09-16T19:25:48.373+0000] {dag.py:3954} INFO - Setting next_dagrun for save_data to None, run_after=None
[2026-09-16T19:25:48.390+0000] {processor.py:183} INFO - Processing /opt/airflow/dags/stoke_dag.py took 0.073 seconds
[2026-09-16T19:26:18.711+0000] {processor.py:161} INFO - Started process (PID=1010) to work on /opt/airflow/dags/stoke_dag.py
[2026-09-16T19:26:18.712+0000] {processor.py:830} INFO - Processing file /opt/airflow/dags/stoke_dag.py for tasks to queue
[2026-09-16T19:26:18.715+0000] {logging_mixin.py:188} INFO - [2026-09-16T19:26:18.714+0000] {dagbag.py:545} INFO - Filling up the DagBag from /opt/airflow/dags/stoke_dag.py
[2026-09-16T19:26:18.730+0000] {processor.py:840} INFO - DAG(s) 'save_data' retrieved from /opt/airflow/dags/stoke_dag.py
[2026-09-16T19:26:18.751+0000] {logging_mixin.py:188} INFO - [2026-09-16T19:26:18.751+0000] {dag.py:3096} INFO - Sync 1 DAGs
[2026-09-16T19:26:18.763+0000] {logging_mixin.py:188} INFO - [2026-09-16T19:26:18.763+0000] {dag.py:3954} INFO - Setting next_dagrun for save_data to None, run_after=None
[2026-09-16T19:26:18.785+0000] {processor.py:183} INFO - Processing /opt/airflow/dags/stoke_dag.py took 0.080 seconds
[2026-09-16T19:26:49.153+0000] {processor.py:161} INFO - Started process (PID=1019) to work on /opt/airflow/dags/stoke_dag.py
[2026-09-16T19:26:49.155+0000] {processor.py:830} INFO - Processing file /opt/airflow/dags/stoke_dag.py for tasks to queue
[2026-09-16T19:26:49.157+0000] {logging_mixin.py:188} INFO - [2026-09-16T19:26:49.157+0000] {dagbag.py:545} INFO - Filling up the DagBag from /opt/airflow/dags/stoke_dag.py
[2026-09-16T19:26:49.173+0000] {processor.py:840} INFO - DAG(s) 'save_data' retrieved from /opt/airflow/dags/stoke_dag.py
[2026-09-16T19:26:49.192+0000] {logging_mixin.py:188} INFO - [2026-09-16T19:26:49.192+0000] {dag.py:3096} INFO - Sync 1 DAGs
[2026-09-16T19:26:49.202+0000] {logging_mixin.py:188} INFO - [2026-09-16T19:26:49.201+0000] {dag.py:3954} INFO - Setting next_dagrun for save_data to None, run_after=None
[2026-09-16T19:26:49.224+0000] {processor.py:183} INFO - Processing /opt/airflow/dags/stoke_dag.py took 0.077 seconds
[2026-09-16T19:27:19.536+0000] {processor.py:161} INFO - Started process (PID=1028) to work on /opt/airflow/dags/stoke_dag.py
[2026-09-16T19:27:19.538+0000] {processor.py:830} INFO - Processing file /opt/airflow/dags/stoke_dag.py for tasks to queue
[2026-09-16T19:27:19.539+0000] {logging_mixin.py:188} INFO - [2026-09-16T19:27:19.539+0000] {dagbag.py:545} INFO - Filling up the DagBag from /opt/airflow/dags/stoke_dag.py
[2026-09-16T19:27:19.555+0000] {processor.py:840} INFO - DAG(s) 'save_data' retrieved from /opt/airflow/dags/stoke_dag.py
[2026-09-16T19:27:19.574+0000] {logging_mixin.py:188} INFO - [2026-09-16T19:27:19.573+0000] {dag.py:3096} INFO - Sync 1 DAGs
[2026-09-16T19:27:19.589+0000] {logging_mixin.py:188} INFO - [2026-09-16T19:27:19.588+0000] {dag.py:3954} INFO - Setting next_dagrun for save_data to None, run_after=None
[2026-09-16T19:27:19.619+0000] {processor.py:183} INFO - Processing /opt/airflow/dags/stoke_dag.py took 0.088 seconds
[2026-09-16T19:27:49.942+0000] {processor.py:161} INFO - Started process (PID=1037) to work on /opt/airflow/dags/stoke_dag.py
[2026-09-16T19:27:49.944+0000] {processor.py:830} INFO - Processing file /opt/airflow/dags/stoke_dag.py for tasks to queue
[2026-09-16T19:27:49.946+0000] {logging_mixin.py:188} INFO - [2026-09-16T19:27:49.945+0000] {dagbag.py:545} INFO - Filling up the DagBag from /opt/airflow/dags/stoke_dag.py
[2026-09-16T19:27:49.961+0000] {processor.py:840} INFO - DAG(s) 'save_data' retrieved from /opt/airflow/dags/stoke_dag.py
[2026-09-16T19:27:49.980+0000] {logging_mixin.py:188} INFO - [2026-09-16T19:27:49.980+0000] {dag.py:3096} INFO - Sync 1 DAGs
[2026-09-16T19:27:49.991+0000] {logging_mixin.py:188} INFO - [2026-09-16T19:27:49.990+0000] {dag.py:3954} INFO - Setting next_dagrun for save_data to None, run_after=None
[2026-09-16T19:27:50.009+0000] {processor.py:183} INFO - Processing /opt/airflow/dags/stoke_dag.py took 0.072 seconds
[2026-09-16T19:28:20.360+0000] {processor.py:161} INFO - Started process (PID=1046) to work on /opt/airflow/dags/stoke_dag.py
[2026-09-16T19:28:20.362+0000] {processor.py:830} INFO - Processing file /opt/airflow/dags/stoke_dag.py for tasks to queue
[2026-09-16T19:28:20.365+0000] {logging_mixin.py:188} INFO - [2026-09-16T19:28:20.365+0000] {dagbag.py:545} INFO - Filling up the DagBag from /opt/airflow/dags/stoke_dag.py
[2026-09-16T19:28:20.387+0000] {processor.py:840} INFO - DAG(s) 'save_data' retrieved from /opt/airflow/dags/stoke_dag.py
[2026-09-16T19:28:20.411+0000] {logging_mixin.py:188} INFO - [2026-09-16T19:28:20.411+0000] {dag.py:3096} INFO - Sync 1 DAGs
[2026-09-16T19:28:20.423+0000] {logging_mixin.py:188} INFO - [2026-09-16T19:28:20.423+0000] {dag.py:3954} INFO - Setting next_dagrun for save_data to None, run_after=None
[2026-09-16T19:28:20.442+0000] {processor.py:183} INFO - Processing /opt/airflow/dags/stoke_dag.py took 0.088 seconds
[2026-09-16T19:28:50.785+0000] {processor.py:161} INFO - Started process (PID=1055) to work on /opt/airflow/dags/stoke_dag.py
[2026-09-16T19:28:50.787+0000] {processor.py:830} INFO - Processing file /opt/airflow/dags/stoke_dag.py for tasks to queue
[2026-09-16T19:28:50.789+0000] {logging_mixin.py:188} INFO - [2026-09-16T19:28:50.789+0000] {dagbag.py:545} INFO - Filling up the DagBag from /opt/airflow/dags/stoke_dag.py
[2026-09-16T19:28:50.807+0000] {processor.py:840} INFO - DAG(s) 'save_data' retrieved from /opt/airflow/dags/stoke_dag.py
[2026-09-16T19:28:50.831+0000] {logging_mixin.py:188} INFO - [2026-09-16T19:28:50.831+0000] {dag.py:3096} INFO - Sync 1 DAGs
[2026-09-16T19:28:50.841+0000] {logging_mixin.py:188} INFO - [2026-09-16T19:28:50.840+0000] {dag.py:3954} INFO - Setting next_dagrun for save_data to None, run_after=None
[2026-09-16T19:28:50.860+0000] {processor.py:183} INFO - Processing /opt/airflow/dags/stoke_dag.py took 0.080 seconds
[2026-09-16T19:29:21.182+0000] {processor.py:161} INFO - Started process (PID=1064) to work on /opt/airflow/dags/stoke_dag.py
[2026-09-16T19:29:21.183+0000] {processor.py:830} INFO - Processing file /opt/airflow/dags/stoke_dag.py for tasks to queue
[2026-09-16T19:29:21.185+0000] {logging_mixin.py:188} INFO - [2026-09-16T19:29:21.185+0000] {dagbag.py:545} INFO - Filling up the DagBag from /opt/airflow/dags/stoke_dag.py
[2026-09-16T19:29:21.202+0000] {processor.py:840} INFO - DAG(s) 'save_data' retrieved from /opt/airflow/dags/stoke_dag.py
[2026-09-16T19:29:21.224+0000] {logging_mixin.py:188} INFO - [2026-09-16T19:29:21.224+0000] {dag.py:3096} INFO - Sync 1 DAGs
[2026-09-16T19:29:21.236+0000] {logging_mixin.py:188} INFO - [2026-09-16T19:29:21.236+0000] {dag.py:3954} INFO - Setting next_dagrun for save_data to None, run_after=None
[2026-09-16T19:29:21.251+0000] {processor.py:183} INFO - Processing /opt/airflow/dags/stoke_dag.py took 0.076 seconds
[2026-09-16T19:29:51.555+0000] {processor.py:161} INFO - Started process (PID=1073) to work on /opt/airflow/dags/stoke_dag.py
[2026-09-16T19:29:51.557+0000] {processor.py:830} INFO - Processing file /opt/airflow/dags/stoke_dag.py for tasks to queue
[2026-09-16T19:29:51.559+0000] {logging_mixin.py:188} INFO - [2026-09-16T19:29:51.559+0000] {dagbag.py:545} INFO - Filling up the DagBag from /opt/airflow/dags/stoke_dag.py
[2026-09-16T19:29:51.576+0000] {processor.py:840} INFO - DAG(s) 'save_data' retrieved from /opt/airflow/dags/stoke_dag.py
[2026-09-16T19:29:51.595+0000] {logging_mixin.py:188} INFO - [2026-09-16T19:29:51.595+0000] {dag.py:3096} INFO - Sync 1 DAGs
[2026-09-16T19:29:51.606+0000] {logging_mixin.py:188} INFO - [2026-09-16T19:29:51.606+0000] {dag.py:3954} INFO - Setting next_dagrun for save_data to None, run_after=None
[2026-09-16T19:29:51.624+0000] {processor.py:183} INFO - Processing /opt/airflow/dags/stoke_dag.py took 0.076 seconds
[2026-09-16T19:30:21.938+0000] {processor.py:161} INFO - Started process (PID=1082) to work on /opt/airflow/dags/stoke_dag.py
[2026-09-16T19:30:21.940+0000] {processor.py:830} INFO - Processing file /opt/airflow/dags/stoke_dag.py for tasks to queue
[2026-09-16T19:30:21.942+0000] {logging_mixin.py:188} INFO - [2026-09-16T19:30:21.942+0000] {dagbag.py:545} INFO - Filling up the DagBag from /opt/airflow/dags/stoke_dag.py
[2026-09-16T19:30:21.968+0000] {processor.py:840} INFO - DAG(s) 'save_data' retrieved from /opt/airflow/dags/stoke_dag.py
[2026-09-16T19:30:21.992+0000] {logging_mixin.py:188} INFO - [2026-09-16T19:30:21.992+0000] {dag.py:3096} INFO - Sync 1 DAGs
[2026-09-16T19:30:22.004+0000] {logging_mixin.py:188} INFO - [2026-09-16T19:30:22.004+0000] {dag.py:3954} INFO - Setting next_dagrun for save_data to None, run_after=None
[2026-09-16T19:30:22.028+0000] {processor.py:183} INFO - Processing /opt/airflow/dags/stoke_dag.py took 0.097 seconds
[2026-09-16T19:30:52.344+0000] {processor.py:161} INFO - Started process (PID=1091) to work on /opt/airflow/dags/stoke_dag.py
[2026-09-16T19:30:52.345+0000] {processor.py:830} INFO - Processing file /opt/airflow/dags/stoke_dag.py for tasks to queue
[2026-09-16T19:30:52.347+0000] {logging_mixin.py:188} INFO - [2026-09-16T19:30:52.347+0000] {dagbag.py:545} INFO - Filling up the DagBag from /opt/airflow/dags/stoke_dag.py
[2026-09-16T19:30:52.369+0000] {processor.py:840} INFO - DAG(s) 'save_data' retrieved from /opt/airflow/dags/stoke_dag.py
[2026-09-16T19:30:52.394+0000] {logging_mixin.py:188} INFO - [2026-09-16T19:30:52.393+0000] {dag.py:3096} INFO - Sync 1 DAGs
[2026-09-16T19:30:52.408+0000] {logging_mixin.py:188} INFO - [2026-09-16T19:30:52.407+0000] {dag.py:3954} INFO - Setting next_dagrun for save_data to None, run_after=None
[2026-09-16T19:30:52.425+0000] {processor.py:183} INFO - Processing /opt/airflow/dags/stoke_dag.py took 0.088 seconds
[2026-09-16T19:31:22.679+0000] {processor.py:161} INFO - Started process (PID=1098) to work on /opt/airflow/dags/stoke_dag.py
[2026-09-16T19:31:22.680+0000] {processor.py:830} INFO - Processing file /opt/airflow/dags/stoke_dag.py for tasks to queue
[2026-09-16T19:31:22.683+0000] {logging_mixin.py:188} INFO - [2026-09-16T19:31:22.682+0000] {dagbag.py:545} INFO - Filling up the DagBag from /opt/airflow/dags/stoke_dag.py
[2026-09-16T19:31:22.708+0000] {processor.py:840} INFO - DAG(s) 'save_data' retrieved from /opt/airflow/dags/stoke_dag.py
[2026-09-16T19:31:22.747+0000] {logging_mixin.py:188} INFO - [2026-09-16T19:31:22.746+0000] {dag.py:3096} INFO - Sync 1 DAGs
[2026-09-16T19:31:22.764+0000] {logging_mixin.py:188} INFO - [2026-09-16T19:31:22.764+0000] {dag.py:3954} INFO - Setting next_dagrun for save_data to None, run_after=None
[2026-09-16T19:31:22.793+0000] {processor.py:183} INFO - Processing /opt/airflow/dags/stoke_dag.py took 0.124 seconds
[2026-09-16T19:31:53.134+0000] {processor.py:161} INFO - Started process (PID=1107) to work on /opt/airflow/dags/stoke_dag.py
[2026-09-16T19:31:53.135+0000] {processor.py:830} INFO - Processing file /opt/airflow/dags/stoke_dag.py for tasks to queue
[2026-09-16T19:31:53.138+0000] {logging_mixin.py:188} INFO - [2026-09-16T19:31:53.138+0000] {dagbag.py:545} INFO - Filling up the DagBag from /opt/airflow/dags/stoke_dag.py
[2026-09-16T19:31:53.154+0000] {processor.py:840} INFO - DAG(s) 'save_data' retrieved from /opt/airflow/dags/stoke_dag.py
[2026-09-16T19:31:53.173+0000] {logging_mixin.py:188} INFO - [2026-09-16T19:31:53.173+0000] {dag.py:3096} INFO - Sync 1 DAGs
[2026-09-16T19:31:53.183+0000] {logging_mixin.py:188} INFO - [2026-09-16T19:31:53.182+0000] {dag.py:3954} INFO - Setting next_dagrun for save_data to None, run_after=None
[2026-09-16T19:31:53.210+0000] {processor.py:183} INFO - Processing /opt/airflow/dags/stoke_dag.py took 0.082 seconds
[2026-09-16T19:32:23.570+0000] {processor.py:161} INFO - Started process (PID=1116) to work on /opt/airflow/dags/stoke_dag.py
[2026-09-16T19:32:23.572+0000] {processor.py:830} INFO - Processing file /opt/airflow/dags/stoke_dag.py for tasks to queue
[2026-09-16T19:32:23.575+0000] {logging_mixin.py:188} INFO - [2026-09-16T19:32:23.574+0000] {dagbag.py:545} INFO - Filling up the DagBag from /opt/airflow/dags/stoke_dag.py
[2026-09-16T19:32:23.598+0000] {processor.py:840} INFO - DAG(s) 'save_data' retrieved from /opt/airflow/dags/stoke_dag.py
[2026-09-16T19:32:23.623+0000] {logging_mixin.py:188} INFO - [2026-09-16T19:32:23.623+0000] {dag.py:3096} INFO - Sync 1 DAGs
[2026-09-16T19:32:23.634+0000] {logging_mixin.py:188} INFO - [2026-09-16T19:32:23.634+0000] {dag.py:3954} INFO - Setting next_dagrun for save_data to None, run_after=None
[2026-09-16T19:32:23.659+0000] {processor.py:183} INFO - Processing /opt/airflow/dags/stoke_dag.py took 0.097 seconds
[2026-09-16T19:32:53.999+0000] {processor.py:161} INFO - Started process (PID=1125) to work on /opt/airflow/dags/stoke_dag.py
[2026-09-16T19:32:54.000+0000] {processor.py:830} INFO - Processing file /opt/airflow/dags/stoke_dag.py for tasks to queue
[2026-09-16T19:32:54.003+0000] {logging_mixin.py:188} INFO - [2026-09-16T19:32:54.002+0000] {dagbag.py:545} INFO - Filling up the DagBag from /opt/airflow/dags/stoke_dag.py
[2026-09-16T19:32:54.023+0000] {processor.py:840} INFO - DAG(s) 'save_data' retrieved from /opt/airflow/dags/stoke_dag.py
[2026-09-16T19:32:54.050+0000] {logging_mixin.py:188} INFO - [2026-09-16T19:32:54.049+0000] {dag.py:3096} INFO - Sync 1 DAGs
[2026-09-16T19:32:54.061+0000] {logging_mixin.py:188} INFO - [2026-09-16T19:32:54.061+0000] {dag.py:3954} INFO - Setting next_dagrun for save_data to None, run_after=None
[2026-09-16T19:32:54.079+0000] {processor.py:183} INFO - Processing /opt/airflow/dags/stoke_dag.py took 0.086 seconds
[2026-09-16T19:33:24.377+0000] {processor.py:161} INFO - Started process (PID=1135) to work on /opt/airflow/dags/stoke_dag.py
[2026-09-16T19:33:24.380+0000] {processor.py:830} INFO - Processing file /opt/airflow/dags/stoke_dag.py for tasks to queue
[2026-09-16T19:33:24.383+0000] {logging_mixin.py:188} INFO - [2026-09-16T19:33:24.383+0000] {dagbag.py:545} INFO - Filling up the DagBag from /opt/airflow/dags/stoke_dag.py
[2026-09-16T19:33:24.405+0000] {processor.py:840} INFO - DAG(s) 'save_data' retrieved from /opt/airflow/dags/stoke_dag.py
[2026-09-16T19:33:24.431+0000] {logging_mixin.py:188} INFO - [2026-09-16T19:33:24.430+0000] {dag.py:3096} INFO - Sync 1 DAGs
[2026-09-16T19:33:24.442+0000] {logging_mixin.py:188} INFO - [2026-09-16T19:33:24.441+0000] {dag.py:3954} INFO - Setting next_dagrun for save_data to None, run_after=None
[2026-09-16T19:33:24.460+0000] {processor.py:183} INFO - Processing /opt/airflow/dags/stoke_dag.py took 0.093 seconds
[2026-09-16T19:33:54.799+0000] {processor.py:161} INFO - Started process (PID=1144) to work on /opt/airflow/dags/stoke_dag.py
[2026-09-16T19:33:54.801+0000] {processor.py:830} INFO - Processing file /opt/airflow/dags/stoke_dag.py for tasks to queue
[2026-09-16T19:33:54.805+0000] {logging_mixin.py:188} INFO - [2026-09-16T19:33:54.805+0000] {dagbag.py:545} INFO - Filling up the DagBag from /opt/airflow/dags/stoke_dag.py
[2026-09-16T19:33:54.832+0000] {processor.py:840} INFO - DAG(s) 'save_data' retrieved from /opt/airflow/dags/stoke_dag.py
[2026-09-16T19:33:54.863+0000] {logging_mixin.py:188} INFO - [2026-09-16T19:33:54.863+0000] {dag.py:3096} INFO - Sync 1 DAGs
[2026-09-16T19:33:54.881+0000] {logging_mixin.py:188} INFO - [2026-09-16T19:33:54.880+0000] {dag.py:3954} INFO - Setting next_dagrun for save_data to None, run_after=None
[2026-09-16T19:33:54.909+0000] {processor.py:183} INFO - Processing /opt/airflow/dags/stoke_dag.py took 0.120 seconds
[2026-09-16T19:34:25.241+0000] {processor.py:161} INFO - Started process (PID=1153) to work on /opt/airflow/dags/stoke_dag.py
[2026-09-16T19:34:25.243+0000] {processor.py:830} INFO - Processing file /opt/airflow/dags/stoke_dag.py for tasks to queue
[2026-09-16T19:34:25.247+0000] {logging_mixin.py:188} INFO - [2026-09-16T19:34:25.247+0000] {dagbag.py:545} INFO - Filling up the DagBag from /opt/airflow/dags/stoke_dag.py
[2026-09-16T19:34:25.275+0000] {processor.py:840} INFO - DAG(s) 'save_data' retrieved from /opt/airflow/dags/stoke_dag.py
[2026-09-16T19:34:25.304+0000] {logging_mixin.py:188} INFO - [2026-09-16T19:34:25.304+0000] {dag.py:3096} INFO - Sync 1 DAGs
[2026-09-16T19:34:25.316+0000] {logging_mixin.py:188} INFO - [2026-09-16T19:34:25.316+0000] {dag.py:3954} INFO - Setting next_dagrun for save_data to None, run_after=None
[2026-09-16T19:34:25.334+0000] {processor.py:183} INFO - Processing /opt/airflow/dags/stoke_dag.py took 0.101 seconds
[2026-09-16T19:34:55.731+0000] {processor.py:161} INFO - Started process (PID=1162) to work on /opt/airflow/dags/stoke_dag.py
[2026-09-16T19:34:55.733+0000] {processor.py:830} INFO - Processing file /opt/airflow/dags/stoke_dag.py for tasks to queue
[2026-09-16T19:34:55.737+0000] {logging_mixin.py:188} INFO - [2026-09-16T19:34:55.736+0000] {dagbag.py:545} INFO - Filling up the DagBag from /opt/airflow/dags/stoke_dag.py
[2026-09-16T19:34:55.761+0000] {processor.py:840} INFO - DAG(s) 'save_data' retrieved from /opt/airflow/dags/stoke_dag.py
[2026-09-16T19:34:55.791+0000] {logging_mixin.py:188} INFO - [2026-09-16T19:34:55.791+0000] {dag.py:3096} INFO - Sync 1 DAGs
[2026-09-16T19:34:55.807+0000] {logging_mixin.py:188} INFO - [2026-09-16T19:34:55.807+0000] {dag.py:3954} INFO - Setting next_dagrun for save_data to None, run_after=None
[2026-09-16T19:34:55.831+0000] {processor.py:183} INFO - Processing /opt/airflow/dags/stoke_dag.py took 0.109 seconds
[2026-09-16T19:35:25.933+0000] {processor.py:161} INFO - Started process (PID=1171) to work on /opt/airflow/dags/stoke_dag.py
[2026-09-16T19:35:25.935+0000] {processor.py:830} INFO - Processing file /opt/airflow/dags/stoke_dag.py for tasks to queue
[2026-09-16T19:35:25.937+0000] {logging_mixin.py:188} INFO - [2026-09-16T19:35:25.937+0000] {dagbag.py:545} INFO - Filling up the DagBag from /opt/airflow/dags/stoke_dag.py
[2026-09-16T19:35:25.969+0000] {processor.py:840} INFO - DAG(s) 'save_data' retrieved from /opt/airflow/dags/stoke_dag.py
[2026-09-16T19:35:25.995+0000] {logging_mixin.py:188} INFO - [2026-09-16T19:35:25.995+0000] {dag.py:3096} INFO - Sync 1 DAGs
[2026-09-16T19:35:26.009+0000] {logging_mixin.py:188} INFO - [2026-09-16T19:35:26.009+0000] {dag.py:3954} INFO - Setting next_dagrun for save_data to None, run_after=None
[2026-09-16T19:35:26.032+0000] {processor.py:183} INFO - Processing /opt/airflow/dags/stoke_dag.py took 0.111 seconds
[2026-09-16T19:35:56.168+0000] {processor.py:161} INFO - Started process (PID=1180) to work on /opt/airflow/dags/stoke_dag.py
[2026-09-16T19:35:56.171+0000] {processor.py:830} INFO - Processing file /opt/airflow/dags/stoke_dag.py for tasks to queue
[2026-09-16T19:35:56.175+0000] {logging_mixin.py:188} INFO - [2026-09-16T19:35:56.174+0000] {dagbag.py:545} INFO - Filling up the DagBag from /opt/airflow/dags/stoke_dag.py
[2026-09-16T19:35:56.216+0000] {processor.py:840} INFO - DAG(s) 'save_data' retrieved from /opt/airflow/dags/stoke_dag.py
[2026-09-16T19:35:56.243+0000] {logging_mixin.py:188} INFO - [2026-09-16T19:35:56.243+0000] {dag.py:3096} INFO - Sync 1 DAGs
[2026-09-16T19:35:56.256+0000] {logging_mixin.py:188} INFO - [2026-09-16T19:35:56.255+0000] {dag.py:3954} INFO - Setting next_dagrun for save_data to None, run_after=None
[2026-09-16T19:35:56.280+0000] {processor.py:183} INFO - Processing /opt/airflow/dags/stoke_dag.py took 0.128 seconds
[2026-09-16T19:36:26.668+0000] {processor.py:161} INFO - Started process (PID=1189) to work on /opt/airflow/dags/stoke_dag.py
[2026-09-16T19:36:26.669+0000] {processor.py:830} INFO - Processing file /opt/airflow/dags/stoke_dag.py for tasks to queue
[2026-09-16T19:36:26.672+0000] {logging_mixin.py:188} INFO - [2026-09-16T19:36:26.672+0000] {dagbag.py:545} INFO - Filling up the DagBag from /opt/airflow/dags/stoke_dag.py
[2026-09-16T19:36:26.696+0000] {processor.py:840} INFO - DAG(s) 'save_data' retrieved from /opt/airflow/dags/stoke_dag.py
[2026-09-16T19:36:26.725+0000] {logging_mixin.py:188} INFO - [2026-09-16T19:36:26.725+0000] {dag.py:3096} INFO - Sync 1 DAGs
[2026-09-16T19:36:26.740+0000] {logging_mixin.py:188} INFO - [2026-09-16T19:36:26.739+0000] {dag.py:3954} INFO - Setting next_dagrun for save_data to None, run_after=None
[2026-09-16T19:36:26.768+0000] {processor.py:183} INFO - Processing /opt/airflow/dags/stoke_dag.py took 0.112 seconds
[2026-09-16T19:36:57.000+0000] {processor.py:161} INFO - Started process (PID=1198) to work on /opt/airflow/dags/stoke_dag.py
[2026-09-16T19:36:57.002+0000] {processor.py:830} INFO - Processing file /opt/airflow/dags/stoke_dag.py for tasks to queue
[2026-09-16T19:36:57.004+0000] {logging_mixin.py:188} INFO - [2026-09-16T19:36:57.004+0000] {dagbag.py:545} INFO - Filling up the DagBag from /opt/airflow/dags/stoke_dag.py
[2026-09-16T19:36:57.034+0000] {processor.py:840} INFO - DAG(s) 'save_data' retrieved from /opt/airflow/dags/stoke_dag.py
[2026-09-16T19:36:57.073+0000] {logging_mixin.py:188} INFO - [2026-09-16T19:36:57.073+0000] {dag.py:3096} INFO - Sync 1 DAGs
[2026-09-16T19:36:57.095+0000] {logging_mixin.py:188} INFO - [2026-09-16T19:36:57.095+0000] {dag.py:3954} INFO - Setting next_dagrun for save_data to None, run_after=None
[2026-09-16T19:36:57.126+0000] {processor.py:183} INFO - Processing /opt/airflow/dags/stoke_dag.py took 0.138 seconds
[2026-09-16T19:37:27.252+0000] {processor.py:161} INFO - Started process (PID=1207) to work on /opt/airflow/dags/stoke_dag.py
[2026-09-16T19:37:27.254+0000] {processor.py:830} INFO - Processing file /opt/airflow/dags/stoke_dag.py for tasks to queue
[2026-09-16T19:37:27.258+0000] {logging_mixin.py:188} INFO - [2026-09-16T19:37:27.258+0000] {dagbag.py:545} INFO - Filling up the DagBag from /opt/airflow/dags/stoke_dag.py
[2026-09-16T19:37:27.300+0000] {processor.py:840} INFO - DAG(s) 'save_data' retrieved from /opt/airflow/dags/stoke_dag.py
[2026-09-16T19:37:27.328+0000] {logging_mixin.py:188} INFO - [2026-09-16T19:37:27.328+0000] {dag.py:3096} INFO - Sync 1 DAGs
[2026-09-16T19:37:27.344+0000] {logging_mixin.py:188} INFO - [2026-09-16T19:37:27.344+0000] {dag.py:3954} INFO - Setting next_dagrun for save_data to None, run_after=None
[2026-09-16T19:37:27.365+0000] {processor.py:183} INFO - Processing /opt/airflow/dags/stoke_dag.py took 0.130 seconds
[2026-09-16T19:37:57.728+0000] {processor.py:161} INFO - Started process (PID=1216) to work on /opt/airflow/dags/stoke_dag.py
[2026-09-16T19:37:57.731+0000] {processor.py:830} INFO - Processing file /opt/airflow/dags/stoke_dag.py for tasks to queue
[2026-09-16T19:37:57.735+0000] {logging_mixin.py:188} INFO - [2026-09-16T19:37:57.735+0000] {dagbag.py:545} INFO - Filling up the DagBag from /opt/airflow/dags/stoke_dag.py
[2026-09-16T19:37:57.771+0000] {processor.py:840} INFO - DAG(s) 'save_data' retrieved from /opt/airflow/dags/stoke_dag.py
[2026-09-16T19:37:57.800+0000] {logging_mixin.py:188} INFO - [2026-09-16T19:37:57.800+0000] {dag.py:3096} INFO - Sync 1 DAGs
[2026-09-16T19:37:57.816+0000] {logging_mixin.py:188} INFO - [2026-09-16T19:37:57.816+0000] {dag.py:3954} INFO - Setting next_dagrun for save_data to None, run_after=None
[2026-09-16T19:37:57.836+0000] {processor.py:183} INFO - Processing /opt/airflow/dags/stoke_dag.py took 0.123 seconds
[2026-09-16T19:38:27.980+0000] {processor.py:161} INFO - Started process (PID=1225) to work on /opt/airflow/dags/stoke_dag.py
[2026-09-16T19:38:27.982+0000] {processor.py:830} INFO - Processing file /opt/airflow/dags/stoke_dag.py for tasks to queue
[2026-09-16T19:38:27.986+0000] {logging_mixin.py:188} INFO - [2026-09-16T19:38:27.985+0000] {dagbag.py:545} INFO - Filling up the DagBag from /opt/airflow/dags/stoke_dag.py
[2026-09-16T19:38:28.011+0000] {processor.py:840} INFO - DAG(s) 'save_data' retrieved from /opt/airflow/dags/stoke_dag.py
[2026-09-16T19:38:28.035+0000] {logging_mixin.py:188} INFO - [2026-09-16T19:38:28.034+0000] {dag.py:3096} INFO - Sync 1 DAGs
[2026-09-16T19:38:28.048+0000] {logging_mixin.py:188} INFO - [2026-09-16T19:38:28.048+0000] {dag.py:3954} INFO - Setting next_dagrun for save_data to None, run_after=None
[2026-09-16T19:38:28.075+0000] {processor.py:183} INFO - Processing /opt/airflow/dags/stoke_dag.py took 0.104 seconds
[2026-09-16T19:38:58.338+0000] {processor.py:161} INFO - Started process (PID=1234) to work on /opt/airflow/dags/stoke_dag.py
[2026-09-16T19:38:58.340+0000] {processor.py:830} INFO - Processing file /opt/airflow/dags/stoke_dag.py for tasks to queue
[2026-09-16T19:38:58.343+0000] {logging_mixin.py:188} INFO - [2026-09-16T19:38:58.343+0000] {dagbag.py:545} INFO - Filling up the DagBag from /opt/airflow/dags/stoke_dag.py
[2026-09-16T19:38:58.380+0000] {processor.py:840} INFO - DAG(s) 'save_data' retrieved from /opt/airflow/dags/stoke_dag.py
[2026-09-16T19:38:58.409+0000] {logging_mixin.py:188} INFO - [2026-09-16T19:38:58.408+0000] {dag.py:3096} INFO - Sync 1 DAGs
[2026-09-16T19:38:58.426+0000] {logging_mixin.py:188} INFO - [2026-09-16T19:38:58.425+0000] {dag.py:3954} INFO - Setting next_dagrun for save_data to None, run_after=None
[2026-09-16T19:38:58.461+0000] {processor.py:183} INFO - Processing /opt/airflow/dags/stoke_dag.py took 0.134 seconds
[2026-09-16T19:39:28.662+0000] {processor.py:161} INFO - Started process (PID=1243) to work on /opt/airflow/dags/stoke_dag.py
[2026-09-16T19:39:28.665+0000] {processor.py:830} INFO - Processing file /opt/airflow/dags/stoke_dag.py for tasks to queue
[2026-09-16T19:39:28.669+0000] {logging_mixin.py:188} INFO - [2026-09-16T19:39:28.668+0000] {dagbag.py:545} INFO - Filling up the DagBag from /opt/airflow/dags/stoke_dag.py
[2026-09-16T19:39:28.706+0000] {processor.py:840} INFO - DAG(s) 'save_data' retrieved from /opt/airflow/dags/stoke_dag.py
[2026-09-16T19:39:28.750+0000] {logging_mixin.py:188} INFO - [2026-09-16T19:39:28.749+0000] {dag.py:3096} INFO - Sync 1 DAGs
[2026-09-16T19:39:28.763+0000] {logging_mixin.py:188} INFO - [2026-09-16T19:39:28.763+0000] {dag.py:3954} INFO - Setting next_dagrun for save_data to None, run_after=None
[2026-09-16T19:39:28.789+0000] {processor.py:183} INFO - Processing /opt/airflow/dags/stoke_dag.py took 0.142 seconds
[2026-09-16T19:39:59.108+0000] {processor.py:161} INFO - Started process (PID=1252) to work on /opt/airflow/dags/stoke_dag.py
[2026-09-16T19:39:59.110+0000] {processor.py:830} INFO - Processing file /opt/airflow/dags/stoke_dag.py for tasks to queue
[2026-09-16T19:39:59.113+0000] {logging_mixin.py:188} INFO - [2026-09-16T19:39:59.113+0000] {dagbag.py:545} INFO - Filling up the DagBag from /opt/airflow/dags/stoke_dag.py
[2026-09-16T19:39:59.140+0000] {processor.py:840} INFO - DAG(s) 'save_data' retrieved from /opt/airflow/dags/stoke_dag.py
[2026-09-16T19:39:59.174+0000] {logging_mixin.py:188} INFO - [2026-09-16T19:39:59.174+0000] {dag.py:3096} INFO - Sync 1 DAGs
[2026-09-16T19:39:59.186+0000] {logging_mixin.py:188} INFO - [2026-09-16T19:39:59.186+0000] {dag.py:3954} INFO - Setting next_dagrun for save_data to None, run_after=None
[2026-09-16T19:39:59.207+0000] {processor.py:183} INFO - Processing /opt/airflow/dags/stoke_dag.py took 0.107 seconds
[2026-09-16T19:40:29.343+0000] {processor.py:161} INFO - Started process (PID=1261) to work on /opt/airflow/dags/stoke_dag.py
[2026-09-16T19:40:29.343+0000] {processor.py:830} INFO - Processing file /opt/airflow/dags/stoke_dag.py for tasks to queue
[2026-09-16T19:40:29.346+0000] {logging_mixin.py:188} INFO - [2026-09-16T19:40:29.346+0000] {dagbag.py:545} INFO - Filling up the DagBag from /opt/airflow/dags/stoke_dag.py
[2026-09-16T19:40:29.360+0000] {processor.py:840} INFO - DAG(s) 'save_data' retrieved from /opt/airflow/dags/stoke_dag.py
[2026-09-16T19:40:29.379+0000] {logging_mixin.py:188} INFO - [2026-09-16T19:40:29.379+0000] {dag.py:3096} INFO - Sync 1 DAGs
[2026-09-16T19:40:29.389+0000] {logging_mixin.py:188} INFO - [2026-09-16T19:40:29.389+0000] {dag.py:3954} INFO - Setting next_dagrun for save_data to None, run_after=None
[2026-09-16T19:40:29.407+0000] {processor.py:183} INFO - Processing /opt/airflow/dags/stoke_dag.py took 0.070 seconds
[2026-09-16T19:40:59.625+0000] {processor.py:161} INFO - Started process (PID=1270) to work on /opt/airflow/dags/stoke_dag.py
[2026-09-16T19:40:59.629+0000] {processor.py:830} INFO - Processing file /opt/airflow/dags/stoke_dag.py for tasks to queue
[2026-09-16T19:40:59.635+0000] {logging_mixin.py:188} INFO - [2026-09-16T19:40:59.635+0000] {dagbag.py:545} INFO - Filling up the DagBag from /opt/airflow/dags/stoke_dag.py
[2026-09-16T19:40:59.681+0000] {processor.py:840} INFO - DAG(s) 'save_data' retrieved from /opt/airflow/dags/stoke_dag.py
[2026-09-16T19:40:59.756+0000] {logging_mixin.py:188} INFO - [2026-09-16T19:40:59.755+0000] {dag.py:3096} INFO - Sync 1 DAGs
[2026-09-16T19:40:59.791+0000] {logging_mixin.py:188} INFO - [2026-09-16T19:40:59.790+0000] {dag.py:3954} INFO - Setting next_dagrun for save_data to None, run_after=None
[2026-09-16T19:40:59.832+0000] {processor.py:183} INFO - Processing /opt/airflow/dags/stoke_dag.py took 0.223 seconds
[2026-09-16T19:41:30.266+0000] {processor.py:161} INFO - Started process (PID=1279) to work on /opt/airflow/dags/stoke_dag.py
[2026-09-16T19:41:30.268+0000] {processor.py:830} INFO - Processing file /opt/airflow/dags/stoke_dag.py for tasks to queue
[2026-09-16T19:41:30.273+0000] {logging_mixin.py:188} INFO - [2026-09-16T19:41:30.272+0000] {dagbag.py:545} INFO - Filling up the DagBag from /opt/airflow/dags/stoke_dag.py
[2026-09-16T19:41:30.324+0000] {processor.py:840} INFO - DAG(s) 'save_data' retrieved from /opt/airflow/dags/stoke_dag.py
[2026-09-16T19:41:30.378+0000] {logging_mixin.py:188} INFO - [2026-09-16T19:41:30.377+0000] {dag.py:3096} INFO - Sync 1 DAGs
[2026-09-16T19:41:30.422+0000] {logging_mixin.py:188} INFO - [2026-09-16T19:41:30.422+0000] {dag.py:3954} INFO - Setting next_dagrun for save_data to None, run_after=None
[2026-09-16T19:41:30.464+0000] {processor.py:183} INFO - Processing /opt/airflow/dags/stoke_dag.py took 0.209 seconds
[2026-09-16T19:42:00.650+0000] {processor.py:161} INFO - Started process (PID=1288) to work on /opt/airflow/dags/stoke_dag.py
[2026-09-16T19:42:00.652+0000] {processor.py:830} INFO - Processing file /opt/airflow/dags/stoke_dag.py for tasks to queue
[2026-09-16T19:42:00.656+0000] {logging_mixin.py:188} INFO - [2026-09-16T19:42:00.655+0000] {dagbag.py:545} INFO - Filling up the DagBag from /opt/airflow/dags/stoke_dag.py
[2026-09-16T19:42:00.686+0000] {processor.py:840} INFO - DAG(s) 'save_data' retrieved from /opt/airflow/dags/stoke_dag.py
[2026-09-16T19:42:00.739+0000] {logging_mixin.py:188} INFO - [2026-09-16T19:42:00.738+0000] {dag.py:3096} INFO - Sync 1 DAGs
[2026-09-16T19:42:00.771+0000] {logging_mixin.py:188} INFO - [2026-09-16T19:42:00.771+0000] {dag.py:3954} INFO - Setting next_dagrun for save_data to None, run_after=None
[2026-09-16T19:42:00.816+0000] {processor.py:183} INFO - Processing /opt/airflow/dags/stoke_dag.py took 0.177 seconds
[2026-09-16T19:42:31.170+0000] {processor.py:161} INFO - Started process (PID=1297) to work on /opt/airflow/dags/stoke_dag.py
[2026-09-16T19:42:31.174+0000] {processor.py:830} INFO - Processing file /opt/airflow/dags/stoke_dag.py for tasks to queue
[2026-09-16T19:42:31.178+0000] {logging_mixin.py:188} INFO - [2026-09-16T19:42:31.177+0000] {dagbag.py:545} INFO - Filling up the DagBag from /opt/airflow/dags/stoke_dag.py
[2026-09-16T19:42:31.218+0000] {processor.py:840} INFO - DAG(s) 'save_data' retrieved from /opt/airflow/dags/stoke_dag.py
[2026-09-16T19:42:31.257+0000] {logging_mixin.py:188} INFO - [2026-09-16T19:42:31.257+0000] {dag.py:3096} INFO - Sync 1 DAGs
[2026-09-16T19:42:31.277+0000] {logging_mixin.py:188} INFO - [2026-09-16T19:42:31.277+0000] {dag.py:3954} INFO - Setting next_dagrun for save_data to None, run_after=None
[2026-09-16T19:42:31.313+0000] {processor.py:183} INFO - Processing /opt/airflow/dags/stoke_dag.py took 0.158 seconds
[2026-09-16T19:43:01.560+0000] {processor.py:161} INFO - Started process (PID=1306) to work on /opt/airflow/dags/stoke_dag.py
[2026-09-16T19:43:01.561+0000] {processor.py:830} INFO - Processing file /opt/airflow/dags/stoke_dag.py for tasks to queue
[2026-09-16T19:43:01.568+0000] {logging_mixin.py:188} INFO - [2026-09-16T19:43:01.567+0000] {dagbag.py:545} INFO - Filling up the DagBag from /opt/airflow/dags/stoke_dag.py
[2026-09-16T19:43:01.591+0000] {processor.py:840} INFO - DAG(s) 'save_data' retrieved from /opt/airflow/dags/stoke_dag.py
[2026-09-16T19:43:01.623+0000] {logging_mixin.py:188} INFO - [2026-09-16T19:43:01.622+0000] {dag.py:3096} INFO - Sync 1 DAGs
[2026-09-16T19:43:01.641+0000] {logging_mixin.py:188} INFO - [2026-09-16T19:43:01.641+0000] {dag.py:3954} INFO - Setting next_dagrun for save_data to None, run_after=None
[2026-09-16T19:43:01.668+0000] {processor.py:183} INFO - Processing /opt/airflow/dags/stoke_dag.py took 0.118 seconds
[2026-09-16T19:43:31.787+0000] {processor.py:161} INFO - Started process (PID=1315) to work on /opt/airflow/dags/stoke_dag.py
[2026-09-16T19:43:31.788+0000] {processor.py:830} INFO - Processing file /opt/airflow/dags/stoke_dag.py for tasks to queue
[2026-09-16T19:43:31.792+0000] {logging_mixin.py:188} INFO - [2026-09-16T19:43:31.792+0000] {dagbag.py:545} INFO - Filling up the DagBag from /opt/airflow/dags/stoke_dag.py
[2026-09-16T19:43:31.819+0000] {processor.py:840} INFO - DAG(s) 'save_data' retrieved from /opt/airflow/dags/stoke_dag.py
[2026-09-16T19:43:31.851+0000] {logging_mixin.py:188} INFO - [2026-09-16T19:43:31.850+0000] {dag.py:3096} INFO - Sync 1 DAGs
[2026-09-16T19:43:31.865+0000] {logging_mixin.py:188} INFO - [2026-09-16T19:43:31.865+0000] {dag.py:3954} INFO - Setting next_dagrun for save_data to None, run_after=None
[2026-09-16T19:43:31.893+0000] {processor.py:183} INFO - Processing /opt/airflow/dags/stoke_dag.py took 0.115 seconds
[2026-09-16T19:44:01.966+0000] {processor.py:161} INFO - Started process (PID=1324) to work on /opt/airflow/dags/stoke_dag.py
[2026-09-16T19:44:01.967+0000] {processor.py:830} INFO - Processing file /opt/airflow/dags/stoke_dag.py for tasks to queue
[2026-09-16T19:44:01.969+0000] {logging_mixin.py:188} INFO - [2026-09-16T19:44:01.969+0000] {dagbag.py:545} INFO - Filling up the DagBag from /opt/airflow/dags/stoke_dag.py
[2026-09-16T19:44:01.986+0000] {processor.py:840} INFO - DAG(s) 'save_data' retrieved from /opt/airflow/dags/stoke_dag.py
[2026-09-16T19:44:02.013+0000] {logging_mixin.py:188} INFO - [2026-09-16T19:44:02.012+0000] {dag.py:3096} INFO - Sync 1 DAGs
[2026-09-16T19:44:02.025+0000] {logging_mixin.py:188} INFO - [2026-09-16T19:44:02.025+0000] {dag.py:3954} INFO - Setting next_dagrun for save_data to None, run_after=None
[2026-09-16T19:44:02.048+0000] {processor.py:183} INFO - Processing /opt/airflow/dags/stoke_dag.py took 0.089 seconds
[2026-09-16T19:44:32.324+0000] {processor.py:161} INFO - Started process (PID=1333) to work on /opt/airflow/dags/stoke_dag.py
[2026-09-16T19:44:32.326+0000] {processor.py:830} INFO - Processing file /opt/airflow/dags/stoke_dag.py for tasks to queue
[2026-09-16T19:44:32.329+0000] {logging_mixin.py:188} INFO - [2026-09-16T19:44:32.328+0000] {dagbag.py:545} INFO - Filling up the DagBag from /opt/airflow/dags/stoke_dag.py
[2026-09-16T19:44:32.352+0000] {processor.py:840} INFO - DAG(s) 'save_data' retrieved from /opt/airflow/dags/stoke_dag.py
[2026-09-16T19:44:32.375+0000] {logging_mixin.py:188} INFO - [2026-09-16T19:44:32.375+0000] {dag.py:3096} INFO - Sync 1 DAGs
[2026-09-16T19:44:32.387+0000] {logging_mixin.py:188} INFO - [2026-09-16T19:44:32.387+0000] {dag.py:3954} INFO - Setting next_dagrun for save_data to None, run_after=None
[2026-09-16T19:44:32.410+0000] {processor.py:183} INFO - Processing /opt/airflow/dags/stoke_dag.py took 0.093 seconds
[2026-09-16T19:45:02.721+0000] {processor.py:161} INFO - Started process (PID=1342) to work on /opt/airflow/dags/stoke_dag.py
[2026-09-16T19:45:02.723+0000] {processor.py:830} INFO - Processing file /opt/airflow/dags/stoke_dag.py for tasks to queue
[2026-09-16T19:45:02.725+0000] {logging_mixin.py:188} INFO - [2026-09-16T19:45:02.724+0000] {dagbag.py:545} INFO - Filling up the DagBag from /opt/airflow/dags/stoke_dag.py
[2026-09-16T19:45:02.746+0000] {processor.py:840} INFO - DAG(s) 'save_data' retrieved from /opt/airflow/dags/stoke_dag.py
[2026-09-16T19:45:02.769+0000] {logging_mixin.py:188} INFO - [2026-09-16T19:45:02.769+0000] {dag.py:3096} INFO - Sync 1 DAGs
[2026-09-16T19:45:02.781+0000] {logging_mixin.py:188} INFO - [2026-09-16T19:45:02.781+0000] {dag.py:3954} INFO - Setting next_dagrun for save_data to None, run_after=None
[2026-09-16T19:45:02.804+0000] {processor.py:183} INFO - Processing /opt/airflow/dags/stoke_dag.py took 0.091 seconds
[2026-09-16T19:45:33.064+0000] {processor.py:161} INFO - Started process (PID=1351) to work on /opt/airflow/dags/stoke_dag.py
[2026-09-16T19:45:33.066+0000] {processor.py:830} INFO - Processing file /opt/airflow/dags/stoke_dag.py for tasks to queue
[2026-09-16T19:45:33.068+0000] {logging_mixin.py:188} INFO - [2026-09-16T19:45:33.067+0000] {dagbag.py:545} INFO - Filling up the DagBag from /opt/airflow/dags/stoke_dag.py
[2026-09-16T19:45:33.084+0000] {processor.py:840} INFO - DAG(s) 'save_data' retrieved from /opt/airflow/dags/stoke_dag.py
[2026-09-16T19:45:33.110+0000] {logging_mixin.py:188} INFO - [2026-09-16T19:45:33.109+0000] {dag.py:3096} INFO - Sync 1 DAGs
[2026-09-16T19:45:33.122+0000] {logging_mixin.py:188} INFO - [2026-09-16T19:45:33.122+0000] {dag.py:3954} INFO - Setting next_dagrun for save_data to None, run_after=None
[2026-09-16T19:45:33.143+0000] {processor.py:183} INFO - Processing /opt/airflow/dags/stoke_dag.py took 0.085 seconds
[2026-09-16T19:46:03.411+0000] {processor.py:161} INFO - Started process (PID=1360) to work on /opt/airflow/dags/stoke_dag.py
[2026-09-16T19:46:03.413+0000] {processor.py:830} INFO - Processing file /opt/airflow/dags/stoke_dag.py for tasks to queue
[2026-09-16T19:46:03.415+0000] {logging_mixin.py:188} INFO - [2026-09-16T19:46:03.415+0000] {dagbag.py:545} INFO - Filling up the DagBag from /opt/airflow/dags/stoke_dag.py
[2026-09-16T19:46:03.433+0000] {processor.py:840} INFO - DAG(s) 'save_data' retrieved from /opt/airflow/dags/stoke_dag.py
[2026-09-16T19:46:03.455+0000] {logging_mixin.py:188} INFO - [2026-09-16T19:46:03.455+0000] {dag.py:3096} INFO - Sync 1 DAGs
[2026-09-16T19:46:03.468+0000] {logging_mixin.py:188} INFO - [2026-09-16T19:46:03.468+0000] {dag.py:3954} INFO - Setting next_dagrun for save_data to None, run_after=None
[2026-09-16T19:46:03.488+0000] {processor.py:183} INFO - Processing /opt/airflow/dags/stoke_dag.py took 0.083 seconds
[2026-09-16T19:46:33.767+0000] {processor.py:161} INFO - Started process (PID=1369) to work on /opt/airflow/dags/stoke_dag.py
[2026-09-16T19:46:33.768+0000] {processor.py:830} INFO - Processing file /opt/airflow/dags/stoke_dag.py for tasks to queue
[2026-09-16T19:46:33.770+0000] {logging_mixin.py:188} INFO - [2026-09-16T19:46:33.770+0000] {dagbag.py:545} INFO - Filling up the DagBag from /opt/airflow/dags/stoke_dag.py
[2026-09-16T19:46:33.786+0000] {processor.py:840} INFO - DAG(s) 'save_data' retrieved from /opt/airflow/dags/stoke_dag.py
[2026-09-16T19:46:33.811+0000] {logging_mixin.py:188} INFO - [2026-09-16T19:46:33.811+0000] {dag.py:3096} INFO - Sync 1 DAGs
[2026-09-16T19:46:33.825+0000] {logging_mixin.py:188} INFO - [2026-09-16T19:46:33.824+0000] {dag.py:3954} INFO - Setting next_dagrun for save_data to None, run_after=None
[2026-09-16T19:46:33.847+0000] {processor.py:183} INFO - Processing /opt/airflow/dags/stoke_dag.py took 0.087 seconds
[2026-09-16T19:47:03.936+0000] {processor.py:161} INFO - Started process (PID=1378) to work on /opt/airflow/dags/stoke_dag.py
[2026-09-16T19:47:03.938+0000] {processor.py:830} INFO - Processing file /opt/airflow/dags/stoke_dag.py for tasks to queue
[2026-09-16T19:47:03.941+0000] {logging_mixin.py:188} INFO - [2026-09-16T19:47:03.941+0000] {dagbag.py:545} INFO - Filling up the DagBag from /opt/airflow/dags/stoke_dag.py
[2026-09-16T19:47:03.957+0000] {processor.py:840} INFO - DAG(s) 'save_data' retrieved from /opt/airflow/dags/stoke_dag.py
[2026-09-16T19:47:03.979+0000] {logging_mixin.py:188} INFO - [2026-09-16T19:47:03.979+0000] {dag.py:3096} INFO - Sync 1 DAGs
[2026-09-16T19:47:03.990+0000] {logging_mixin.py:188} INFO - [2026-09-16T19:47:03.990+0000] {dag.py:3954} INFO - Setting next_dagrun for save_data to None, run_after=None
[2026-09-16T19:47:04.011+0000] {processor.py:183} INFO - Processing /opt/airflow/dags/stoke_dag.py took 0.081 seconds
[2026-09-16T19:47:34.115+0000] {processor.py:161} INFO - Started process (PID=1387) to work on /opt/airflow/dags/stoke_dag.py
[2026-09-16T19:47:34.116+0000] {processor.py:830} INFO - Processing file /opt/airflow/dags/stoke_dag.py for tasks to queue
[2026-09-16T19:47:34.118+0000] {logging_mixin.py:188} INFO - [2026-09-16T19:47:34.118+0000] {dagbag.py:545} INFO - Filling up the DagBag from /opt/airflow/dags/stoke_dag.py
[2026-09-16T19:47:34.136+0000] {processor.py:840} INFO - DAG(s) 'save_data' retrieved from /opt/airflow/dags/stoke_dag.py
[2026-09-16T19:47:34.158+0000] {logging_mixin.py:188} INFO - [2026-09-16T19:47:34.158+0000] {dag.py:3096} INFO - Sync 1 DAGs
[2026-09-16T19:47:34.169+0000] {logging_mixin.py:188} INFO - [2026-09-16T19:47:34.169+0000] {dag.py:3954} INFO - Setting next_dagrun for save_data to None, run_after=None
[2026-09-16T19:47:34.192+0000] {processor.py:183} INFO - Processing /opt/airflow/dags/stoke_dag.py took 0.085 seconds
[2026-09-16T19:48:04.530+0000] {processor.py:161} INFO - Started process (PID=1396) to work on /opt/airflow/dags/stoke_dag.py
[2026-09-16T19:48:04.532+0000] {processor.py:830} INFO - Processing file /opt/airflow/dags/stoke_dag.py for tasks to queue
[2026-09-16T19:48:04.536+0000] {logging_mixin.py:188} INFO - [2026-09-16T19:48:04.536+0000] {dagbag.py:545} INFO - Filling up the DagBag from /opt/airflow/dags/stoke_dag.py
[2026-09-16T19:48:04.566+0000] {processor.py:840} INFO - DAG(s) 'save_data' retrieved from /opt/airflow/dags/stoke_dag.py
[2026-09-16T19:48:04.596+0000] {logging_mixin.py:188} INFO - [2026-09-16T19:48:04.595+0000] {dag.py:3096} INFO - Sync 1 DAGs
[2026-09-16T19:48:04.613+0000] {logging_mixin.py:188} INFO - [2026-09-16T19:48:04.612+0000] {dag.py:3954} INFO - Setting next_dagrun for save_data to None, run_after=None
[2026-09-16T19:48:04.640+0000] {processor.py:183} INFO - Processing /opt/airflow/dags/stoke_dag.py took 0.119 seconds
[2026-09-16T19:48:34.801+0000] {processor.py:161} INFO - Started process (PID=1403) to work on /opt/airflow/dags/stoke_dag.py
[2026-09-16T19:48:34.803+0000] {processor.py:830} INFO - Processing file /opt/airflow/dags/stoke_dag.py for tasks to queue
[2026-09-16T19:48:34.806+0000] {logging_mixin.py:188} INFO - [2026-09-16T19:48:34.805+0000] {dagbag.py:545} INFO - Filling up the DagBag from /opt/airflow/dags/stoke_dag.py
[2026-09-16T19:48:34.827+0000] {processor.py:840} INFO - DAG(s) 'save_data' retrieved from /opt/airflow/dags/stoke_dag.py
[2026-09-16T19:48:34.858+0000] {logging_mixin.py:188} INFO - [2026-09-16T19:48:34.857+0000] {dag.py:3096} INFO - Sync 1 DAGs
[2026-09-16T19:48:34.873+0000] {logging_mixin.py:188} INFO - [2026-09-16T19:48:34.873+0000] {dag.py:3954} INFO - Setting next_dagrun for save_data to None, run_after=None
[2026-09-16T19:48:34.898+0000] {processor.py:183} INFO - Processing /opt/airflow/dags/stoke_dag.py took 0.104 seconds
[2026-09-16T19:49:05.187+0000] {processor.py:161} INFO - Started process (PID=1412) to work on /opt/airflow/dags/stoke_dag.py
[2026-09-16T19:49:05.188+0000] {processor.py:830} INFO - Processing file /opt/airflow/dags/stoke_dag.py for tasks to queue
[2026-09-16T19:49:05.191+0000] {logging_mixin.py:188} INFO - [2026-09-16T19:49:05.190+0000] {dagbag.py:545} INFO - Filling up the DagBag from /opt/airflow/dags/stoke_dag.py
[2026-09-16T19:49:05.206+0000] {processor.py:840} INFO - DAG(s) 'save_data' retrieved from /opt/airflow/dags/stoke_dag.py
[2026-09-16T19:49:05.229+0000] {logging_mixin.py:188} INFO - [2026-09-16T19:49:05.229+0000] {dag.py:3096} INFO - Sync 1 DAGs
[2026-09-16T19:49:05.241+0000] {logging_mixin.py:188} INFO - [2026-09-16T19:49:05.241+0000] {dag.py:3954} INFO - Setting next_dagrun for save_data to None, run_after=None
[2026-09-16T19:49:05.263+0000] {processor.py:183} INFO - Processing /opt/airflow/dags/stoke_dag.py took 0.081 seconds
[2026-09-16T19:49:35.560+0000] {processor.py:161} INFO - Started process (PID=1421) to work on /opt/airflow/dags/stoke_dag.py
[2026-09-16T19:49:35.561+0000] {processor.py:830} INFO - Processing file /opt/airflow/dags/stoke_dag.py for tasks to queue
[2026-09-16T19:49:35.564+0000] {logging_mixin.py:188} INFO - [2026-09-16T19:49:35.564+0000] {dagbag.py:545} INFO - Filling up the DagBag from /opt/airflow/dags/stoke_dag.py
[2026-09-16T19:49:35.581+0000] {processor.py:840} INFO - DAG(s) 'save_data' retrieved from /opt/airflow/dags/stoke_dag.py
[2026-09-16T19:49:35.603+0000] {logging_mixin.py:188} INFO - [2026-09-16T19:49:35.603+0000] {dag.py:3096} INFO - Sync 1 DAGs
[2026-09-16T19:49:35.615+0000] {logging_mixin.py:188} INFO - [2026-09-16T19:49:35.615+0000] {dag.py:3954} INFO - Setting next_dagrun for save_data to None, run_after=None
[2026-09-16T19:49:35.635+0000] {processor.py:183} INFO - Processing /opt/airflow/dags/stoke_dag.py took 0.081 seconds
[2026-09-16T19:50:05.914+0000] {processor.py:161} INFO - Started process (PID=1430) to work on /opt/airflow/dags/stoke_dag.py
[2026-09-16T19:50:05.915+0000] {processor.py:830} INFO - Processing file /opt/airflow/dags/stoke_dag.py for tasks to queue
[2026-09-16T19:50:05.918+0000] {logging_mixin.py:188} INFO - [2026-09-16T19:50:05.918+0000] {dagbag.py:545} INFO - Filling up the DagBag from /opt/airflow/dags/stoke_dag.py
[2026-09-16T19:50:05.938+0000] {processor.py:840} INFO - DAG(s) 'save_data' retrieved from /opt/airflow/dags/stoke_dag.py
[2026-09-16T19:50:05.961+0000] {logging_mixin.py:188} INFO - [2026-09-16T19:50:05.961+0000] {dag.py:3096} INFO - Sync 1 DAGs
[2026-09-16T19:50:05.972+0000] {logging_mixin.py:188} INFO - [2026-09-16T19:50:05.972+0000] {dag.py:3954} INFO - Setting next_dagrun for save_data to None, run_after=None
[2026-09-16T19:50:05.996+0000] {processor.py:183} INFO - Processing /opt/airflow/dags/stoke_dag.py took 0.089 seconds
[2026-09-16T19:50:36.277+0000] {processor.py:161} INFO - Started process (PID=1439) to work on /opt/airflow/dags/stoke_dag.py
[2026-09-16T19:50:36.278+0000] {processor.py:830} INFO - Processing file /opt/airflow/dags/stoke_dag.py for tasks to queue
[2026-09-16T19:50:36.280+0000] {logging_mixin.py:188} INFO - [2026-09-16T19:50:36.280+0000] {dagbag.py:545} INFO - Filling up the DagBag from /opt/airflow/dags/stoke_dag.py
[2026-09-16T19:50:36.298+0000] {processor.py:840} INFO - DAG(s) 'save_data' retrieved from /opt/airflow/dags/stoke_dag.py
[2026-09-16T19:50:36.323+0000] {logging_mixin.py:188} INFO - [2026-09-16T19:50:36.323+0000] {dag.py:3096} INFO - Sync 1 DAGs
[2026-09-16T19:50:36.335+0000] {logging_mixin.py:188} INFO - [2026-09-16T19:50:36.335+0000] {dag.py:3954} INFO - Setting next_dagrun for save_data to None, run_after=None
[2026-09-16T19:50:36.357+0000] {processor.py:183} INFO - Processing /opt/airflow/dags/stoke_dag.py took 0.086 seconds
[2026-09-16T19:51:06.639+0000] {processor.py:161} INFO - Started process (PID=1448) to work on /opt/airflow/dags/stoke_dag.py
[2026-09-16T19:51:06.640+0000] {processor.py:830} INFO - Processing file /opt/airflow/dags/stoke_dag.py for tasks to queue
[2026-09-16T19:51:06.643+0000] {logging_mixin.py:188} INFO - [2026-09-16T19:51:06.642+0000] {dagbag.py:545} INFO - Filling up the DagBag from /opt/airflow/dags/stoke_dag.py
[2026-09-16T19:51:06.664+0000] {processor.py:840} INFO - DAG(s) 'save_data' retrieved from /opt/airflow/dags/stoke_dag.py
[2026-09-16T19:51:06.690+0000] {logging_mixin.py:188} INFO - [2026-09-16T19:51:06.690+0000] {dag.py:3096} INFO - Sync 1 DAGs
[2026-09-16T19:51:06.705+0000] {logging_mixin.py:188} INFO - [2026-09-16T19:51:06.704+0000] {dag.py:3954} INFO - Setting next_dagrun for save_data to None, run_after=None
[2026-09-16T19:51:06.731+0000] {processor.py:183} INFO - Processing /opt/airflow/dags/stoke_dag.py took 0.099 seconds
[2026-09-16T19:51:36.957+0000] {processor.py:161} INFO - Started process (PID=1457) to work on /opt/airflow/dags/stoke_dag.py
[2026-09-16T19:51:36.958+0000] {processor.py:830} INFO - Processing file /opt/airflow/dags/stoke_dag.py for tasks to queue
[2026-09-16T19:51:36.960+0000] {logging_mixin.py:188} INFO - [2026-09-16T19:51:36.960+0000] {dagbag.py:545} INFO - Filling up the DagBag from /opt/airflow/dags/stoke_dag.py
[2026-09-16T19:51:36.982+0000] {processor.py:840} INFO - DAG(s) 'save_data' retrieved from /opt/airflow/dags/stoke_dag.py
[2026-09-16T19:51:37.005+0000] {logging_mixin.py:188} INFO - [2026-09-16T19:51:37.005+0000] {dag.py:3096} INFO - Sync 1 DAGs
[2026-09-16T19:51:37.017+0000] {logging_mixin.py:188} INFO - [2026-09-16T19:51:37.017+0000] {dag.py:3954} INFO - Setting next_dagrun for save_data to None, run_after=None
[2026-09-16T19:51:37.038+0000] {processor.py:183} INFO - Processing /opt/airflow/dags/stoke_dag.py took 0.093 seconds
[2026-09-16T19:52:07.355+0000] {processor.py:161} INFO - Started process (PID=1466) to work on /opt/airflow/dags/stoke_dag.py
[2026-09-16T19:52:07.356+0000] {processor.py:830} INFO - Processing file /opt/airflow/dags/stoke_dag.py for tasks to queue
[2026-09-16T19:52:07.358+0000] {logging_mixin.py:188} INFO - [2026-09-16T19:52:07.357+0000] {dagbag.py:545} INFO - Filling up the DagBag from /opt/airflow/dags/stoke_dag.py
[2026-09-16T19:52:07.376+0000] {processor.py:840} INFO - DAG(s) 'save_data' retrieved from /opt/airflow/dags/stoke_dag.py
[2026-09-16T19:52:07.398+0000] {logging_mixin.py:188} INFO - [2026-09-16T19:52:07.398+0000] {dag.py:3096} INFO - Sync 1 DAGs
[2026-09-16T19:52:07.410+0000] {logging_mixin.py:188} INFO - [2026-09-16T19:52:07.410+0000] {dag.py:3954} INFO - Setting next_dagrun for save_data to None, run_after=None
[2026-09-16T19:52:07.434+0000] {processor.py:183} INFO - Processing /opt/airflow/dags/stoke_dag.py took 0.086 seconds
[2026-09-16T19:52:37.770+0000] {processor.py:161} INFO - Started process (PID=1476) to work on /opt/airflow/dags/stoke_dag.py
[2026-09-16T19:52:37.772+0000] {processor.py:830} INFO - Processing file /opt/airflow/dags/stoke_dag.py for tasks to queue
[2026-09-16T19:52:37.774+0000] {logging_mixin.py:188} INFO - [2026-09-16T19:52:37.774+0000] {dagbag.py:545} INFO - Filling up the DagBag from /opt/airflow/dags/stoke_dag.py
[2026-09-16T19:52:37.793+0000] {processor.py:840} INFO - DAG(s) 'save_data' retrieved from /opt/airflow/dags/stoke_dag.py
[2026-09-16T19:52:37.815+0000] {logging_mixin.py:188} INFO - [2026-09-16T19:52:37.815+0000] {dag.py:3096} INFO - Sync 1 DAGs
[2026-09-16T19:52:37.828+0000] {logging_mixin.py:188} INFO - [2026-09-16T19:52:37.828+0000] {dag.py:3954} INFO - Setting next_dagrun for save_data to None, run_after=None
[2026-09-16T19:52:37.849+0000] {processor.py:183} INFO - Processing /opt/airflow/dags/stoke_dag.py took 0.085 seconds
[2026-09-16T19:53:08.159+0000] {processor.py:161} INFO - Started process (PID=1485) to work on /opt/airflow/dags/stoke_dag.py
[2026-09-16T19:53:08.162+0000] {processor.py:830} INFO - Processing file /opt/airflow/dags/stoke_dag.py for tasks to queue
[2026-09-16T19:53:08.165+0000] {logging_mixin.py:188} INFO - [2026-09-16T19:53:08.165+0000] {dagbag.py:545} INFO - Filling up the DagBag from /opt/airflow/dags/stoke_dag.py
[2026-09-16T19:53:08.186+0000] {processor.py:840} INFO - DAG(s) 'save_data' retrieved from /opt/airflow/dags/stoke_dag.py
[2026-09-16T19:53:08.209+0000] {logging_mixin.py:188} INFO - [2026-09-16T19:53:08.208+0000] {dag.py:3096} INFO - Sync 1 DAGs
[2026-09-16T19:53:08.221+0000] {logging_mixin.py:188} INFO - [2026-09-16T19:53:08.221+0000] {dag.py:3954} INFO - Setting next_dagrun for save_data to None, run_after=None
[2026-09-16T19:53:08.243+0000] {processor.py:183} INFO - Processing /opt/airflow/dags/stoke_dag.py took 0.094 seconds
[2026-09-16T19:53:38.547+0000] {processor.py:161} INFO - Started process (PID=1494) to work on /opt/airflow/dags/stoke_dag.py
[2026-09-16T19:53:38.548+0000] {processor.py:830} INFO - Processing file /opt/airflow/dags/stoke_dag.py for tasks to queue
[2026-09-16T19:53:38.552+0000] {logging_mixin.py:188} INFO - [2026-09-16T19:53:38.552+0000] {dagbag.py:545} INFO - Filling up the DagBag from /opt/airflow/dags/stoke_dag.py
[2026-09-16T19:53:38.578+0000] {processor.py:840} INFO - DAG(s) 'save_data' retrieved from /opt/airflow/dags/stoke_dag.py
[2026-09-16T19:53:38.611+0000] {logging_mixin.py:188} INFO - [2026-09-16T19:53:38.611+0000] {dag.py:3096} INFO - Sync 1 DAGs
[2026-09-16T19:53:38.623+0000] {logging_mixin.py:188} INFO - [2026-09-16T19:53:38.623+0000] {dag.py:3954} INFO - Setting next_dagrun for save_data to None, run_after=None
[2026-09-16T19:53:38.642+0000] {processor.py:183} INFO - Processing /opt/airflow/dags/stoke_dag.py took 0.103 seconds
[2026-09-16T19:54:08.969+0000] {processor.py:161} INFO - Started process (PID=1503) to work on /opt/airflow/dags/stoke_dag.py
[2026-09-16T19:54:08.973+0000] {processor.py:830} INFO - Processing file /opt/airflow/dags/stoke_dag.py for tasks to queue
[2026-09-16T19:54:08.977+0000] {logging_mixin.py:188} INFO - [2026-09-16T19:54:08.976+0000] {dagbag.py:545} INFO - Filling up the DagBag from /opt/airflow/dags/stoke_dag.py
[2026-09-16T19:54:09.001+0000] {processor.py:840} INFO - DAG(s) 'save_data' retrieved from /opt/airflow/dags/stoke_dag.py
[2026-09-16T19:54:09.036+0000] {logging_mixin.py:188} INFO - [2026-09-16T19:54:09.035+0000] {dag.py:3096} INFO - Sync 1 DAGs
[2026-09-16T19:54:09.058+0000] {logging_mixin.py:188} INFO - [2026-09-16T19:54:09.057+0000] {dag.py:3954} INFO - Setting next_dagrun for save_data to None, run_after=None
[2026-09-16T19:54:09.082+0000] {processor.py:183} INFO - Processing /opt/airflow/dags/stoke_dag.py took 0.120 seconds
[2026-09-16T19:54:39.391+0000] {processor.py:161} INFO - Started process (PID=1513) to work on /opt/airflow/dags/stoke_dag.py
[2026-09-16T19:54:39.393+0000] {processor.py:830} INFO - Processing file /opt/airflow/dags/stoke_dag.py for tasks to queue
[2026-09-16T19:54:39.396+0000] {logging_mixin.py:188} INFO - [2026-09-16T19:54:39.395+0000] {dagbag.py:545} INFO - Filling up the DagBag from /opt/airflow/dags/stoke_dag.py
[2026-09-16T19:54:39.414+0000] {processor.py:840} INFO - DAG(s) 'save_data' retrieved from /opt/airflow/dags/stoke_dag.py
[2026-09-16T19:54:39.435+0000] {logging_mixin.py:188} INFO - [2026-09-16T19:54:39.435+0000] {dag.py:3096} INFO - Sync 1 DAGs
[2026-09-16T19:54:39.447+0000] {logging_mixin.py:188} INFO - [2026-09-16T19:54:39.447+0000] {dag.py:3954} INFO - Setting next_dagrun for save_data to None, run_after=None
[2026-09-16T19:54:39.468+0000] {processor.py:183} INFO - Processing /opt/airflow/dags/stoke_dag.py took 0.083 seconds
[2026-09-16T19:55:09.785+0000] {processor.py:161} INFO - Started process (PID=1522) to work on /opt/airflow/dags/stoke_dag.py
[2026-09-16T19:55:09.786+0000] {processor.py:830} INFO - Processing file /opt/airflow/dags/stoke_dag.py for tasks to queue
[2026-09-16T19:55:09.789+0000] {logging_mixin.py:188} INFO - [2026-09-16T19:55:09.788+0000] {dagbag.py:545} INFO - Filling up the DagBag from /opt/airflow/dags/stoke_dag.py
[2026-09-16T19:55:09.812+0000] {processor.py:840} INFO - DAG(s) 'save_data' retrieved from /opt/airflow/dags/stoke_dag.py
[2026-09-16T19:55:09.841+0000] {logging_mixin.py:188} INFO - [2026-09-16T19:55:09.841+0000] {dag.py:3096} INFO - Sync 1 DAGs
[2026-09-16T19:55:09.856+0000] {logging_mixin.py:188} INFO - [2026-09-16T19:55:09.856+0000] {dag.py:3954} INFO - Setting next_dagrun for save_data to None, run_after=None
[2026-09-16T19:55:09.892+0000] {processor.py:183} INFO - Processing /opt/airflow/dags/stoke_dag.py took 0.115 seconds
[2026-09-16T19:55:40.190+0000] {processor.py:161} INFO - Started process (PID=1531) to work on /opt/airflow/dags/stoke_dag.py
[2026-09-16T19:55:40.192+0000] {processor.py:830} INFO - Processing file /opt/airflow/dags/stoke_dag.py for tasks to queue
[2026-09-16T19:55:40.195+0000] {logging_mixin.py:188} INFO - [2026-09-16T19:55:40.194+0000] {dagbag.py:545} INFO - Filling up the DagBag from /opt/airflow/dags/stoke_dag.py
[2026-09-16T19:55:40.217+0000] {processor.py:840} INFO - DAG(s) 'save_data' retrieved from /opt/airflow/dags/stoke_dag.py
[2026-09-16T19:55:40.241+0000] {logging_mixin.py:188} INFO - [2026-09-16T19:55:40.241+0000] {dag.py:3096} INFO - Sync 1 DAGs
[2026-09-16T19:55:40.255+0000] {logging_mixin.py:188} INFO - [2026-09-16T19:55:40.255+0000] {dag.py:3954} INFO - Setting next_dagrun for save_data to None, run_after=None
[2026-09-16T19:55:40.278+0000] {processor.py:183} INFO - Processing /opt/airflow/dags/stoke_dag.py took 0.096 seconds
[2026-09-16T19:56:10.554+0000] {processor.py:161} INFO - Started process (PID=1540) to work on /opt/airflow/dags/stoke_dag.py
[2026-09-16T19:56:10.555+0000] {processor.py:830} INFO - Processing file /opt/airflow/dags/stoke_dag.py for tasks to queue
[2026-09-16T19:56:10.557+0000] {logging_mixin.py:188} INFO - [2026-09-16T19:56:10.557+0000] {dagbag.py:545} INFO - Filling up the DagBag from /opt/airflow/dags/stoke_dag.py
[2026-09-16T19:56:10.577+0000] {processor.py:840} INFO - DAG(s) 'save_data' retrieved from /opt/airflow/dags/stoke_dag.py
[2026-09-16T19:56:10.602+0000] {logging_mixin.py:188} INFO - [2026-09-16T19:56:10.601+0000] {dag.py:3096} INFO - Sync 1 DAGs
[2026-09-16T19:56:10.614+0000] {logging_mixin.py:188} INFO - [2026-09-16T19:56:10.614+0000] {dag.py:3954} INFO - Setting next_dagrun for save_data to None, run_after=None
[2026-09-16T19:56:10.635+0000] {processor.py:183} INFO - Processing /opt/airflow/dags/stoke_dag.py took 0.088 seconds
[2026-09-16T19:56:40.924+0000] {processor.py:161} INFO - Started process (PID=1549) to work on /opt/airflow/dags/stoke_dag.py
[2026-09-16T19:56:40.926+0000] {processor.py:830} INFO - Processing file /opt/airflow/dags/stoke_dag.py for tasks to queue
[2026-09-16T19:56:40.929+0000] {logging_mixin.py:188} INFO - [2026-09-16T19:56:40.929+0000] {dagbag.py:545} INFO - Filling up the DagBag from /opt/airflow/dags/stoke_dag.py
[2026-09-16T19:56:40.954+0000] {processor.py:840} INFO - DAG(s) 'save_data' retrieved from /opt/airflow/dags/stoke_dag.py
[2026-09-16T19:56:40.985+0000] {logging_mixin.py:188} INFO - [2026-09-16T19:56:40.985+0000] {dag.py:3096} INFO - Sync 1 DAGs
[2026-09-16T19:56:41.005+0000] {logging_mixin.py:188} INFO - [2026-09-16T19:56:41.005+0000] {dag.py:3954} INFO - Setting next_dagrun for save_data to None, run_after=None
[2026-09-16T19:56:41.036+0000] {processor.py:183} INFO - Processing /opt/airflow/dags/stoke_dag.py took 0.124 seconds
[2026-09-16T19:57:11.431+0000] {processor.py:161} INFO - Started process (PID=1558) to work on /opt/airflow/dags/stoke_dag.py
[2026-09-16T19:57:11.433+0000] {processor.py:830} INFO - Processing file /opt/airflow/dags/stoke_dag.py for tasks to queue
[2026-09-16T19:57:11.437+0000] {logging_mixin.py:188} INFO - [2026-09-16T19:57:11.437+0000] {dagbag.py:545} INFO - Filling up the DagBag from /opt/airflow/dags/stoke_dag.py
[2026-09-16T19:57:11.459+0000] {processor.py:840} INFO - DAG(s) 'save_data' retrieved from /opt/airflow/dags/stoke_dag.py
[2026-09-16T19:57:11.482+0000] {logging_mixin.py:188} INFO - [2026-09-16T19:57:11.482+0000] {dag.py:3096} INFO - Sync 1 DAGs
[2026-09-16T19:57:11.494+0000] {logging_mixin.py:188} INFO - [2026-09-16T19:57:11.494+0000] {dag.py:3954} INFO - Setting next_dagrun for save_data to None, run_after=None
[2026-09-16T19:57:11.517+0000] {processor.py:183} INFO - Processing /opt/airflow/dags/stoke_dag.py took 0.096 seconds
[2026-09-16T19:57:41.846+0000] {processor.py:161} INFO - Started process (PID=1567) to work on /opt/airflow/dags/stoke_dag.py
[2026-09-16T19:57:41.847+0000] {processor.py:830} INFO - Processing file /opt/airflow/dags/stoke_dag.py for tasks to queue
[2026-09-16T19:57:41.850+0000] {logging_mixin.py:188} INFO - [2026-09-16T19:57:41.850+0000] {dagbag.py:545} INFO - Filling up the DagBag from /opt/airflow/dags/stoke_dag.py
[2026-09-16T19:57:41.872+0000] {processor.py:840} INFO - DAG(s) 'save_data' retrieved from /opt/airflow/dags/stoke_dag.py
[2026-09-16T19:57:41.896+0000] {logging_mixin.py:188} INFO - [2026-09-16T19:57:41.896+0000] {dag.py:3096} INFO - Sync 1 DAGs
[2026-09-16T19:57:41.908+0000] {logging_mixin.py:188} INFO - [2026-09-16T19:57:41.908+0000] {dag.py:3954} INFO - Setting next_dagrun for save_data to None, run_after=None
[2026-09-16T19:57:41.934+0000] {processor.py:183} INFO - Processing /opt/airflow/dags/stoke_dag.py took 0.095 seconds
[2026-09-16T19:58:12.280+0000] {processor.py:161} INFO - Started process (PID=1576) to work on /opt/airflow/dags/stoke_dag.py
[2026-09-16T19:58:12.282+0000] {processor.py:830} INFO - Processing file /opt/airflow/dags/stoke_dag.py for tasks to queue
[2026-09-16T19:58:12.285+0000] {logging_mixin.py:188} INFO - [2026-09-16T19:58:12.285+0000] {dagbag.py:545} INFO - Filling up the DagBag from /opt/airflow/dags/stoke_dag.py
[2026-09-16T19:58:12.314+0000] {processor.py:840} INFO - DAG(s) 'save_data' retrieved from /opt/airflow/dags/stoke_dag.py
[2026-09-16T19:58:12.348+0000] {logging_mixin.py:188} INFO - [2026-09-16T19:58:12.348+0000] {dag.py:3096} INFO - Sync 1 DAGs
[2026-09-16T19:58:12.361+0000] {logging_mixin.py:188} INFO - [2026-09-16T19:58:12.361+0000] {dag.py:3954} INFO - Setting next_dagrun for save_data to None, run_after=None
[2026-09-16T19:58:12.383+0000] {processor.py:183} INFO - Processing /opt/airflow/dags/stoke_dag.py took 0.115 seconds
[2026-09-16T19:58:42.670+0000] {processor.py:161} INFO - Started process (PID=1585) to work on /opt/airflow/dags/stoke_dag.py
[2026-09-16T19:58:42.672+0000] {processor.py:830} INFO - Processing file /opt/airflow/dags/stoke_dag.py for tasks to queue
[2026-09-16T19:58:42.673+0000] {logging_mixin.py:188} INFO - [2026-09-16T19:58:42.673+0000] {dagbag.py:545} INFO - Filling up the DagBag from /opt/airflow/dags/stoke_dag.py
[2026-09-16T19:58:42.694+0000] {processor.py:840} INFO - DAG(s) 'save_data' retrieved from /opt/airflow/dags/stoke_dag.py
[2026-09-16T19:58:42.719+0000] {logging_mixin.py:188} INFO - [2026-09-16T19:58:42.719+0000] {dag.py:3096} INFO - Sync 1 DAGs
[2026-09-16T19:58:42.730+0000] {logging_mixin.py:188} INFO - [2026-09-16T19:58:42.730+0000] {dag.py:3954} INFO - Setting next_dagrun for save_data to None, run_after=None
[2026-09-16T19:58:42.754+0000] {processor.py:183} INFO - Processing /opt/airflow/dags/stoke_dag.py took 0.092 seconds
[2026-09-16T19:59:13.146+0000] {processor.py:161} INFO - Started process (PID=1594) to work on /opt/airflow/dags/stoke_dag.py
[2026-09-16T19:59:13.147+0000] {processor.py:830} INFO - Processing file /opt/airflow/dags/stoke_dag.py for tasks to queue
[2026-09-16T19:59:13.150+0000] {logging_mixin.py:188} INFO - [2026-09-16T19:59:13.149+0000] {dagbag.py:545} INFO - Filling up the DagBag from /opt/airflow/dags/stoke_dag.py
[2026-09-16T19:59:13.178+0000] {processor.py:840} INFO - DAG(s) 'save_data' retrieved from /opt/airflow/dags/stoke_dag.py
[2026-09-16T19:59:13.206+0000] {logging_mixin.py:188} INFO - [2026-09-16T19:59:13.206+0000] {dag.py:3096} INFO - Sync 1 DAGs
[2026-09-16T19:59:13.219+0000] {logging_mixin.py:188} INFO - [2026-09-16T19:59:13.218+0000] {dag.py:3954} INFO - Setting next_dagrun for save_data to None, run_after=None
[2026-09-16T19:59:13.244+0000] {processor.py:183} INFO - Processing /opt/airflow/dags/stoke_dag.py took 0.106 seconds
[2026-09-16T19:59:43.533+0000] {processor.py:161} INFO - Started process (PID=1603) to work on /opt/airflow/dags/stoke_dag.py
[2026-09-16T19:59:43.535+0000] {processor.py:830} INFO - Processing file /opt/airflow/dags/stoke_dag.py for tasks to queue
[2026-09-16T19:59:43.537+0000] {logging_mixin.py:188} INFO - [2026-09-16T19:59:43.537+0000] {dagbag.py:545} INFO - Filling up the DagBag from /opt/airflow/dags/stoke_dag.py
[2026-09-16T19:59:43.559+0000] {processor.py:840} INFO - DAG(s) 'save_data' retrieved from /opt/airflow/dags/stoke_dag.py
[2026-09-16T19:59:43.581+0000] {logging_mixin.py:188} INFO - [2026-09-16T19:59:43.581+0000] {dag.py:3096} INFO - Sync 1 DAGs
[2026-09-16T19:59:43.594+0000] {logging_mixin.py:188} INFO - [2026-09-16T19:59:43.593+0000] {dag.py:3954} INFO - Setting next_dagrun for save_data to None, run_after=None
[2026-09-16T19:59:43.614+0000] {processor.py:183} INFO - Processing /opt/airflow/dags/stoke_dag.py took 0.088 seconds
[2026-09-16T20:00:13.889+0000] {processor.py:161} INFO - Started process (PID=1612) to work on /opt/airflow/dags/stoke_dag.py
[2026-09-16T20:00:13.890+0000] {processor.py:830} INFO - Processing file /opt/airflow/dags/stoke_dag.py for tasks to queue
[2026-09-16T20:00:13.893+0000] {logging_mixin.py:188} INFO - [2026-09-16T20:00:13.893+0000] {dagbag.py:545} INFO - Filling up the DagBag from /opt/airflow/dags/stoke_dag.py
[2026-09-16T20:00:13.920+0000] {processor.py:840} INFO - DAG(s) 'save_data' retrieved from /opt/airflow/dags/stoke_dag.py
[2026-09-16T20:00:13.952+0000] {logging_mixin.py:188} INFO - [2026-09-16T20:00:13.952+0000] {dag.py:3096} INFO - Sync 1 DAGs
[2026-09-16T20:00:13.969+0000] {logging_mixin.py:188} INFO - [2026-09-16T20:00:13.968+0000] {dag.py:3954} INFO - Setting next_dagrun for save_data to None, run_after=None
[2026-09-16T20:00:13.996+0000] {processor.py:183} INFO - Processing /opt/airflow/dags/stoke_dag.py took 0.115 seconds
[2026-09-16T20:00:44.269+0000] {processor.py:161} INFO - Started process (PID=1621) to work on /opt/airflow/dags/stoke_dag.py
[2026-09-16T20:00:44.271+0000] {processor.py:830} INFO - Processing file /opt/airflow/dags/stoke_dag.py for tasks to queue
[2026-09-16T20:00:44.275+0000] {logging_mixin.py:188} INFO - [2026-09-16T20:00:44.275+0000] {dagbag.py:545} INFO - Filling up the DagBag from /opt/airflow/dags/stoke_dag.py
[2026-09-16T20:00:44.298+0000] {processor.py:840} INFO - DAG(s) 'save_data' retrieved from /opt/airflow/dags/stoke_dag.py
[2026-09-16T20:00:44.328+0000] {logging_mixin.py:188} INFO - [2026-09-16T20:00:44.328+0000] {dag.py:3096} INFO - Sync 1 DAGs
[2026-09-16T20:00:44.345+0000] {logging_mixin.py:188} INFO - [2026-09-16T20:00:44.345+0000] {dag.py:3954} INFO - Setting next_dagrun for save_data to None, run_after=None
[2026-09-16T20:00:44.371+0000] {processor.py:183} INFO - Processing /opt/airflow/dags/stoke_dag.py took 0.111 seconds
[2026-09-16T20:01:14.710+0000] {processor.py:161} INFO - Started process (PID=1630) to work on /opt/airflow/dags/stoke_dag.py
[2026-09-16T20:01:14.711+0000] {processor.py:830} INFO - Processing file /opt/airflow/dags/stoke_dag.py for tasks to queue
[2026-09-16T20:01:14.714+0000] {logging_mixin.py:188} INFO - [2026-09-16T20:01:14.713+0000] {dagbag.py:545} INFO - Filling up the DagBag from /opt/airflow/dags/stoke_dag.py
[2026-09-16T20:01:14.732+0000] {processor.py:840} INFO - DAG(s) 'save_data' retrieved from /opt/airflow/dags/stoke_dag.py
[2026-09-16T20:01:14.753+0000] {logging_mixin.py:188} INFO - [2026-09-16T20:01:14.752+0000] {dag.py:3096} INFO - Sync 1 DAGs
[2026-09-16T20:01:14.763+0000] {logging_mixin.py:188} INFO - [2026-09-16T20:01:14.763+0000] {dag.py:3954} INFO - Setting next_dagrun for save_data to None, run_after=None
[2026-09-16T20:01:14.784+0000] {processor.py:183} INFO - Processing /opt/airflow/dags/stoke_dag.py took 0.080 seconds
[2026-09-16T20:01:45.065+0000] {processor.py:161} INFO - Started process (PID=1639) to work on /opt/airflow/dags/stoke_dag.py
[2026-09-16T20:01:45.067+0000] {processor.py:830} INFO - Processing file /opt/airflow/dags/stoke_dag.py for tasks to queue
[2026-09-16T20:01:45.070+0000] {logging_mixin.py:188} INFO - [2026-09-16T20:01:45.069+0000] {dagbag.py:545} INFO - Filling up the DagBag from /opt/airflow/dags/stoke_dag.py
[2026-09-16T20:01:45.094+0000] {processor.py:840} INFO - DAG(s) 'save_data' retrieved from /opt/airflow/dags/stoke_dag.py
[2026-09-16T20:01:45.124+0000] {logging_mixin.py:188} INFO - [2026-09-16T20:01:45.124+0000] {dag.py:3096} INFO - Sync 1 DAGs
[2026-09-16T20:01:45.145+0000] {logging_mixin.py:188} INFO - [2026-09-16T20:01:45.144+0000] {dag.py:3954} INFO - Setting next_dagrun for save_data to None, run_after=None
[2026-09-16T20:01:45.170+0000] {processor.py:183} INFO - Processing /opt/airflow/dags/stoke_dag.py took 0.115 seconds
[2026-09-16T20:02:15.464+0000] {processor.py:161} INFO - Started process (PID=1648) to work on /opt/airflow/dags/stoke_dag.py
[2026-09-16T20:02:15.466+0000] {processor.py:830} INFO - Processing file /opt/airflow/dags/stoke_dag.py for tasks to queue
[2026-09-16T20:02:15.469+0000] {logging_mixin.py:188} INFO - [2026-09-16T20:02:15.469+0000] {dagbag.py:545} INFO - Filling up the DagBag from /opt/airflow/dags/stoke_dag.py
[2026-09-16T20:02:15.494+0000] {processor.py:840} INFO - DAG(s) 'save_data' retrieved from /opt/airflow/dags/stoke_dag.py
[2026-09-16T20:02:15.522+0000] {logging_mixin.py:188} INFO - [2026-09-16T20:02:15.522+0000] {dag.py:3096} INFO - Sync 1 DAGs
[2026-09-16T20:02:15.534+0000] {logging_mixin.py:188} INFO - [2026-09-16T20:02:15.533+0000] {dag.py:3954} INFO - Setting next_dagrun for save_data to None, run_after=None
[2026-09-16T20:02:15.554+0000] {processor.py:183} INFO - Processing /opt/airflow/dags/stoke_dag.py took 0.098 seconds
[2026-09-16T20:02:45.821+0000] {processor.py:161} INFO - Started process (PID=1657) to work on /opt/airflow/dags/stoke_dag.py
[2026-09-16T20:02:45.822+0000] {processor.py:830} INFO - Processing file /opt/airflow/dags/stoke_dag.py for tasks to queue
[2026-09-16T20:02:45.824+0000] {logging_mixin.py:188} INFO - [2026-09-16T20:02:45.824+0000] {dagbag.py:545} INFO - Filling up the DagBag from /opt/airflow/dags/stoke_dag.py
[2026-09-16T20:02:45.841+0000] {processor.py:840} INFO - DAG(s) 'save_data' retrieved from /opt/airflow/dags/stoke_dag.py
[2026-09-16T20:02:45.863+0000] {logging_mixin.py:188} INFO - [2026-09-16T20:02:45.863+0000] {dag.py:3096} INFO - Sync 1 DAGs
[2026-09-16T20:02:45.875+0000] {logging_mixin.py:188} INFO - [2026-09-16T20:02:45.874+0000] {dag.py:3954} INFO - Setting next_dagrun for save_data to None, run_after=None
[2026-09-16T20:02:45.896+0000] {processor.py:183} INFO - Processing /opt/airflow/dags/stoke_dag.py took 0.081 seconds
[2026-09-16T20:03:16.183+0000] {processor.py:161} INFO - Started process (PID=1666) to work on /opt/airflow/dags/stoke_dag.py
[2026-09-16T20:03:16.185+0000] {processor.py:830} INFO - Processing file /opt/airflow/dags/stoke_dag.py for tasks to queue
[2026-09-16T20:03:16.188+0000] {logging_mixin.py:188} INFO - [2026-09-16T20:03:16.187+0000] {dagbag.py:545} INFO - Filling up the DagBag from /opt/airflow/dags/stoke_dag.py
[2026-09-16T20:03:16.216+0000] {processor.py:840} INFO - DAG(s) 'save_data' retrieved from /opt/airflow/dags/stoke_dag.py
[2026-09-16T20:03:16.245+0000] {logging_mixin.py:188} INFO - [2026-09-16T20:03:16.245+0000] {dag.py:3096} INFO - Sync 1 DAGs
[2026-09-16T20:03:16.258+0000] {logging_mixin.py:188} INFO - [2026-09-16T20:03:16.258+0000] {dag.py:3954} INFO - Setting next_dagrun for save_data to None, run_after=None
[2026-09-16T20:03:16.287+0000] {processor.py:183} INFO - Processing /opt/airflow/dags/stoke_dag.py took 0.115 seconds
[2026-09-16T20:03:46.584+0000] {processor.py:161} INFO - Started process (PID=1675) to work on /opt/airflow/dags/stoke_dag.py
[2026-09-16T20:03:46.585+0000] {processor.py:830} INFO - Processing file /opt/airflow/dags/stoke_dag.py for tasks to queue
[2026-09-16T20:03:46.589+0000] {logging_mixin.py:188} INFO - [2026-09-16T20:03:46.588+0000] {dagbag.py:545} INFO - Filling up the DagBag from /opt/airflow/dags/stoke_dag.py
[2026-09-16T20:03:46.612+0000] {processor.py:840} INFO - DAG(s) 'save_data' retrieved from /opt/airflow/dags/stoke_dag.py
[2026-09-16T20:03:46.650+0000] {logging_mixin.py:188} INFO - [2026-09-16T20:03:46.650+0000] {dag.py:3096} INFO - Sync 1 DAGs
[2026-09-16T20:03:46.665+0000] {logging_mixin.py:188} INFO - [2026-09-16T20:03:46.665+0000] {dag.py:3954} INFO - Setting next_dagrun for save_data to None, run_after=None
[2026-09-16T20:03:46.692+0000] {processor.py:183} INFO - Processing /opt/airflow/dags/stoke_dag.py took 0.118 seconds
[2026-09-16T20:04:16.981+0000] {processor.py:161} INFO - Started process (PID=1684) to work on /opt/airflow/dags/stoke_dag.py
[2026-09-16T20:04:16.983+0000] {processor.py:830} INFO - Processing file /opt/airflow/dags/stoke_dag.py for tasks to queue
[2026-09-16T20:04:16.985+0000] {logging_mixin.py:188} INFO - [2026-09-16T20:04:16.985+0000] {dagbag.py:545} INFO - Filling up the DagBag from /opt/airflow/dags/stoke_dag.py
[2026-09-16T20:04:17.005+0000] {processor.py:840} INFO - DAG(s) 'save_data' retrieved from /opt/airflow/dags/stoke_dag.py
[2026-09-16T20:04:17.030+0000] {logging_mixin.py:188} INFO - [2026-09-16T20:04:17.030+0000] {dag.py:3096} INFO - Sync 1 DAGs
[2026-09-16T20:04:17.046+0000] {logging_mixin.py:188} INFO - [2026-09-16T20:04:17.046+0000] {dag.py:3954} INFO - Setting next_dagrun for save_data to None, run_after=None
[2026-09-16T20:04:17.068+0000] {processor.py:183} INFO - Processing /opt/airflow/dags/stoke_dag.py took 0.094 seconds
[2026-09-16T20:04:47.261+0000] {processor.py:161} INFO - Started process (PID=1691) to work on /opt/airflow/dags/stoke_dag.py
[2026-09-16T20:04:47.264+0000] {processor.py:830} INFO - Processing file /opt/airflow/dags/stoke_dag.py for tasks to queue
[2026-09-16T20:04:47.268+0000] {logging_mixin.py:188} INFO - [2026-09-16T20:04:47.268+0000] {dagbag.py:545} INFO - Filling up the DagBag from /opt/airflow/dags/stoke_dag.py
[2026-09-16T20:04:47.302+0000] {processor.py:840} INFO - DAG(s) 'save_data' retrieved from /opt/airflow/dags/stoke_dag.py
[2026-09-16T20:04:47.344+0000] {logging_mixin.py:188} INFO - [2026-09-16T20:04:47.344+0000] {dag.py:3096} INFO - Sync 1 DAGs
[2026-09-16T20:04:47.373+0000] {logging_mixin.py:188} INFO - [2026-09-16T20:04:47.372+0000] {dag.py:3954} INFO - Setting next_dagrun for save_data to None, run_after=None
[2026-09-16T20:04:47.407+0000] {processor.py:183} INFO - Processing /opt/airflow/dags/stoke_dag.py took 0.165 seconds
[2026-09-16T20:05:17.524+0000] {processor.py:161} INFO - Started process (PID=1700) to work on /opt/airflow/dags/stoke_dag.py
[2026-09-16T20:05:17.525+0000] {processor.py:830} INFO - Processing file /opt/airflow/dags/stoke_dag.py for tasks to queue
[2026-09-16T20:05:17.527+0000] {logging_mixin.py:188} INFO - [2026-09-16T20:05:17.527+0000] {dagbag.py:545} INFO - Filling up the DagBag from /opt/airflow/dags/stoke_dag.py
[2026-09-16T20:05:17.553+0000] {processor.py:840} INFO - DAG(s) 'save_data' retrieved from /opt/airflow/dags/stoke_dag.py
[2026-09-16T20:05:17.594+0000] {logging_mixin.py:188} INFO - [2026-09-16T20:05:17.594+0000] {dag.py:3096} INFO - Sync 1 DAGs
[2026-09-16T20:05:17.610+0000] {logging_mixin.py:188} INFO - [2026-09-16T20:05:17.610+0000] {dag.py:3954} INFO - Setting next_dagrun for save_data to None, run_after=None
[2026-09-16T20:05:17.639+0000] {processor.py:183} INFO - Processing /opt/airflow/dags/stoke_dag.py took 0.125 seconds
[2026-09-16T20:05:47.932+0000] {processor.py:161} INFO - Started process (PID=1709) to work on /opt/airflow/dags/stoke_dag.py
[2026-09-16T20:05:47.934+0000] {processor.py:830} INFO - Processing file /opt/airflow/dags/stoke_dag.py for tasks to queue
[2026-09-16T20:05:47.939+0000] {logging_mixin.py:188} INFO - [2026-09-16T20:05:47.938+0000] {dagbag.py:545} INFO - Filling up the DagBag from /opt/airflow/dags/stoke_dag.py
[2026-09-16T20:05:47.970+0000] {processor.py:840} INFO - DAG(s) 'save_data' retrieved from /opt/airflow/dags/stoke_dag.py
[2026-09-16T20:05:48.009+0000] {logging_mixin.py:188} INFO - [2026-09-16T20:05:48.009+0000] {dag.py:3096} INFO - Sync 1 DAGs
[2026-09-16T20:05:48.028+0000] {logging_mixin.py:188} INFO - [2026-09-16T20:05:48.028+0000] {dag.py:3954} INFO - Setting next_dagrun for save_data to None, run_after=None
[2026-09-16T20:05:48.061+0000] {processor.py:183} INFO - Processing /opt/airflow/dags/stoke_dag.py took 0.142 seconds
[2026-09-16T20:06:18.425+0000] {processor.py:161} INFO - Started process (PID=1718) to work on /opt/airflow/dags/stoke_dag.py
[2026-09-16T20:06:18.427+0000] {processor.py:830} INFO - Processing file /opt/airflow/dags/stoke_dag.py for tasks to queue
[2026-09-16T20:06:18.430+0000] {logging_mixin.py:188} INFO - [2026-09-16T20:06:18.429+0000] {dagbag.py:545} INFO - Filling up the DagBag from /opt/airflow/dags/stoke_dag.py
[2026-09-16T20:06:18.453+0000] {processor.py:840} INFO - DAG(s) 'save_data' retrieved from /opt/airflow/dags/stoke_dag.py
[2026-09-16T20:06:18.483+0000] {logging_mixin.py:188} INFO - [2026-09-16T20:06:18.483+0000] {dag.py:3096} INFO - Sync 1 DAGs
[2026-09-16T20:06:18.499+0000] {logging_mixin.py:188} INFO - [2026-09-16T20:06:18.499+0000] {dag.py:3954} INFO - Setting next_dagrun for save_data to None, run_after=None
[2026-09-16T20:06:18.525+0000] {processor.py:183} INFO - Processing /opt/airflow/dags/stoke_dag.py took 0.109 seconds
[2026-09-16T20:06:48.941+0000] {processor.py:161} INFO - Started process (PID=1727) to work on /opt/airflow/dags/stoke_dag.py
[2026-09-16T20:06:48.943+0000] {processor.py:830} INFO - Processing file /opt/airflow/dags/stoke_dag.py for tasks to queue
[2026-09-16T20:06:48.946+0000] {logging_mixin.py:188} INFO - [2026-09-16T20:06:48.946+0000] {dagbag.py:545} INFO - Filling up the DagBag from /opt/airflow/dags/stoke_dag.py
[2026-09-16T20:06:48.965+0000] {processor.py:840} INFO - DAG(s) 'save_data' retrieved from /opt/airflow/dags/stoke_dag.py
[2026-09-16T20:06:49.000+0000] {logging_mixin.py:188} INFO - [2026-09-16T20:06:48.999+0000] {dag.py:3096} INFO - Sync 1 DAGs
[2026-09-16T20:06:49.016+0000] {logging_mixin.py:188} INFO - [2026-09-16T20:06:49.016+0000] {dag.py:3954} INFO - Setting next_dagrun for save_data to None, run_after=None
[2026-09-16T20:06:49.048+0000] {processor.py:183} INFO - Processing /opt/airflow/dags/stoke_dag.py took 0.117 seconds
[2026-09-16T20:07:19.360+0000] {processor.py:161} INFO - Started process (PID=1736) to work on /opt/airflow/dags/stoke_dag.py
[2026-09-16T20:07:19.361+0000] {processor.py:830} INFO - Processing file /opt/airflow/dags/stoke_dag.py for tasks to queue
[2026-09-16T20:07:19.364+0000] {logging_mixin.py:188} INFO - [2026-09-16T20:07:19.363+0000] {dagbag.py:545} INFO - Filling up the DagBag from /opt/airflow/dags/stoke_dag.py
[2026-09-16T20:07:19.387+0000] {processor.py:840} INFO - DAG(s) 'save_data' retrieved from /opt/airflow/dags/stoke_dag.py
[2026-09-16T20:07:19.413+0000] {logging_mixin.py:188} INFO - [2026-09-16T20:07:19.413+0000] {dag.py:3096} INFO - Sync 1 DAGs
[2026-09-16T20:07:19.427+0000] {logging_mixin.py:188} INFO - [2026-09-16T20:07:19.427+0000] {dag.py:3954} INFO - Setting next_dagrun for save_data to None, run_after=None
[2026-09-16T20:07:19.548+0000] {processor.py:183} INFO - Processing /opt/airflow/dags/stoke_dag.py took 0.195 seconds
[2026-09-16T20:07:49.837+0000] {processor.py:161} INFO - Started process (PID=1745) to work on /opt/airflow/dags/stoke_dag.py
[2026-09-16T20:07:49.839+0000] {processor.py:830} INFO - Processing file /opt/airflow/dags/stoke_dag.py for tasks to queue
[2026-09-16T20:07:49.844+0000] {logging_mixin.py:188} INFO - [2026-09-16T20:07:49.844+0000] {dagbag.py:545} INFO - Filling up the DagBag from /opt/airflow/dags/stoke_dag.py
[2026-09-16T20:07:49.871+0000] {processor.py:840} INFO - DAG(s) 'save_data' retrieved from /opt/airflow/dags/stoke_dag.py
[2026-09-16T20:07:49.897+0000] {logging_mixin.py:188} INFO - [2026-09-16T20:07:49.897+0000] {dag.py:3096} INFO - Sync 1 DAGs
[2026-09-16T20:07:49.910+0000] {logging_mixin.py:188} INFO - [2026-09-16T20:07:49.910+0000] {dag.py:3954} INFO - Setting next_dagrun for save_data to None, run_after=None
[2026-09-16T20:07:49.935+0000] {processor.py:183} INFO - Processing /opt/airflow/dags/stoke_dag.py took 0.108 seconds
[2026-09-16T20:08:20.220+0000] {processor.py:161} INFO - Started process (PID=1754) to work on /opt/airflow/dags/stoke_dag.py
[2026-09-16T20:08:20.222+0000] {processor.py:830} INFO - Processing file /opt/airflow/dags/stoke_dag.py for tasks to queue
[2026-09-16T20:08:20.224+0000] {logging_mixin.py:188} INFO - [2026-09-16T20:08:20.224+0000] {dagbag.py:545} INFO - Filling up the DagBag from /opt/airflow/dags/stoke_dag.py
[2026-09-16T20:08:20.248+0000] {processor.py:840} INFO - DAG(s) 'save_data' retrieved from /opt/airflow/dags/stoke_dag.py
[2026-09-16T20:08:20.275+0000] {logging_mixin.py:188} INFO - [2026-09-16T20:08:20.274+0000] {dag.py:3096} INFO - Sync 1 DAGs
[2026-09-16T20:08:20.287+0000] {logging_mixin.py:188} INFO - [2026-09-16T20:08:20.287+0000] {dag.py:3954} INFO - Setting next_dagrun for save_data to None, run_after=None
[2026-09-16T20:08:20.317+0000] {processor.py:183} INFO - Processing /opt/airflow/dags/stoke_dag.py took 0.105 seconds
[2026-09-16T20:08:50.602+0000] {processor.py:161} INFO - Started process (PID=1763) to work on /opt/airflow/dags/stoke_dag.py
[2026-09-16T20:08:50.603+0000] {processor.py:830} INFO - Processing file /opt/airflow/dags/stoke_dag.py for tasks to queue
[2026-09-16T20:08:50.605+0000] {logging_mixin.py:188} INFO - [2026-09-16T20:08:50.605+0000] {dagbag.py:545} INFO - Filling up the DagBag from /opt/airflow/dags/stoke_dag.py
[2026-09-16T20:08:50.627+0000] {processor.py:840} INFO - DAG(s) 'save_data' retrieved from /opt/airflow/dags/stoke_dag.py
[2026-09-16T20:08:50.653+0000] {logging_mixin.py:188} INFO - [2026-09-16T20:08:50.653+0000] {dag.py:3096} INFO - Sync 1 DAGs
[2026-09-16T20:08:50.666+0000] {logging_mixin.py:188} INFO - [2026-09-16T20:08:50.665+0000] {dag.py:3954} INFO - Setting next_dagrun for save_data to None, run_after=None
[2026-09-16T20:08:50.691+0000] {processor.py:183} INFO - Processing /opt/airflow/dags/stoke_dag.py took 0.097 seconds
[2026-09-16T20:09:21.224+0000] {processor.py:161} INFO - Started process (PID=1772) to work on /opt/airflow/dags/stoke_dag.py
[2026-09-16T20:09:21.227+0000] {processor.py:830} INFO - Processing file /opt/airflow/dags/stoke_dag.py for tasks to queue
[2026-09-16T20:09:21.233+0000] {logging_mixin.py:188} INFO - [2026-09-16T20:09:21.232+0000] {dagbag.py:545} INFO - Filling up the DagBag from /opt/airflow/dags/stoke_dag.py
[2026-09-16T20:09:21.299+0000] {processor.py:840} INFO - DAG(s) 'save_data' retrieved from /opt/airflow/dags/stoke_dag.py
[2026-09-16T20:09:21.378+0000] {logging_mixin.py:188} INFO - [2026-09-16T20:09:21.377+0000] {dag.py:3096} INFO - Sync 1 DAGs
[2026-09-16T20:09:21.414+0000] {logging_mixin.py:188} INFO - [2026-09-16T20:09:21.414+0000] {dag.py:3954} INFO - Setting next_dagrun for save_data to None, run_after=None
[2026-09-16T20:09:21.481+0000] {processor.py:183} INFO - Processing /opt/airflow/dags/stoke_dag.py took 0.278 seconds
[2026-09-16T20:09:52.202+0000] {processor.py:161} INFO - Started process (PID=1781) to work on /opt/airflow/dags/stoke_dag.py
[2026-09-16T20:09:52.217+0000] {processor.py:830} INFO - Processing file /opt/airflow/dags/stoke_dag.py for tasks to queue
[2026-09-16T20:09:52.250+0000] {logging_mixin.py:188} INFO - [2026-09-16T20:09:52.249+0000] {dagbag.py:545} INFO - Filling up the DagBag from /opt/airflow/dags/stoke_dag.py
[2026-09-16T20:09:52.376+0000] {processor.py:840} INFO - DAG(s) 'save_data' retrieved from /opt/airflow/dags/stoke_dag.py
[2026-09-16T20:09:52.467+0000] {logging_mixin.py:188} INFO - [2026-09-16T20:09:52.466+0000] {dag.py:3096} INFO - Sync 1 DAGs
[2026-09-16T20:09:52.518+0000] {logging_mixin.py:188} INFO - [2026-09-16T20:09:52.517+0000] {dag.py:3954} INFO - Setting next_dagrun for save_data to None, run_after=None
[2026-09-16T20:09:52.601+0000] {processor.py:183} INFO - Processing /opt/airflow/dags/stoke_dag.py took 0.447 seconds
[2026-09-16T20:10:23.431+0000] {processor.py:161} INFO - Started process (PID=1796) to work on /opt/airflow/dags/stoke_dag.py
[2026-09-16T20:10:23.434+0000] {processor.py:830} INFO - Processing file /opt/airflow/dags/stoke_dag.py for tasks to queue
[2026-09-16T20:10:23.439+0000] {logging_mixin.py:188} INFO - [2026-09-16T20:10:23.438+0000] {dagbag.py:545} INFO - Filling up the DagBag from /opt/airflow/dags/stoke_dag.py
[2026-09-16T20:10:23.482+0000] {processor.py:840} INFO - DAG(s) 'save_data' retrieved from /opt/airflow/dags/stoke_dag.py
[2026-09-16T20:10:23.531+0000] {logging_mixin.py:188} INFO - [2026-09-16T20:10:23.530+0000] {dag.py:3096} INFO - Sync 1 DAGs
[2026-09-16T20:10:23.564+0000] {logging_mixin.py:188} INFO - [2026-09-16T20:10:23.563+0000] {dag.py:3954} INFO - Setting next_dagrun for save_data to None, run_after=None
[2026-09-16T20:10:23.612+0000] {processor.py:183} INFO - Processing /opt/airflow/dags/stoke_dag.py took 0.197 seconds
[2026-09-16T20:10:53.915+0000] {processor.py:161} INFO - Started process (PID=1805) to work on /opt/airflow/dags/stoke_dag.py
[2026-09-16T20:10:53.918+0000] {processor.py:830} INFO - Processing file /opt/airflow/dags/stoke_dag.py for tasks to queue
[2026-09-16T20:10:53.925+0000] {logging_mixin.py:188} INFO - [2026-09-16T20:10:53.924+0000] {dagbag.py:545} INFO - Filling up the DagBag from /opt/airflow/dags/stoke_dag.py
[2026-09-16T20:10:53.969+0000] {processor.py:840} INFO - DAG(s) 'save_data' retrieved from /opt/airflow/dags/stoke_dag.py
[2026-09-16T20:10:54.026+0000] {logging_mixin.py:188} INFO - [2026-09-16T20:10:54.026+0000] {dag.py:3096} INFO - Sync 1 DAGs
[2026-09-16T20:10:54.061+0000] {logging_mixin.py:188} INFO - [2026-09-16T20:10:54.061+0000] {dag.py:3954} INFO - Setting next_dagrun for save_data to None, run_after=None
[2026-09-16T20:10:54.142+0000] {processor.py:183} INFO - Processing /opt/airflow/dags/stoke_dag.py took 0.247 seconds
[2026-09-16T20:11:24.856+0000] {processor.py:161} INFO - Started process (PID=1814) to work on /opt/airflow/dags/stoke_dag.py
[2026-09-16T20:11:24.859+0000] {processor.py:830} INFO - Processing file /opt/airflow/dags/stoke_dag.py for tasks to queue
[2026-09-16T20:11:24.866+0000] {logging_mixin.py:188} INFO - [2026-09-16T20:11:24.866+0000] {dagbag.py:545} INFO - Filling up the DagBag from /opt/airflow/dags/stoke_dag.py
[2026-09-16T20:11:24.907+0000] {processor.py:840} INFO - DAG(s) 'save_data' retrieved from /opt/airflow/dags/stoke_dag.py
[2026-09-16T20:11:24.972+0000] {logging_mixin.py:188} INFO - [2026-09-16T20:11:24.971+0000] {dag.py:3096} INFO - Sync 1 DAGs
[2026-09-16T20:11:25.011+0000] {logging_mixin.py:188} INFO - [2026-09-16T20:11:25.010+0000] {dag.py:3954} INFO - Setting next_dagrun for save_data to None, run_after=None
[2026-09-16T20:11:25.066+0000] {processor.py:183} INFO - Processing /opt/airflow/dags/stoke_dag.py took 0.228 seconds
[2026-09-16T20:11:55.200+0000] {processor.py:161} INFO - Started process (PID=1823) to work on /opt/airflow/dags/stoke_dag.py
[2026-09-16T20:11:55.203+0000] {processor.py:830} INFO - Processing file /opt/airflow/dags/stoke_dag.py for tasks to queue
[2026-09-16T20:11:55.210+0000] {logging_mixin.py:188} INFO - [2026-09-16T20:11:55.209+0000] {dagbag.py:545} INFO - Filling up the DagBag from /opt/airflow/dags/stoke_dag.py
[2026-09-16T20:11:55.287+0000] {processor.py:840} INFO - DAG(s) 'save_data' retrieved from /opt/airflow/dags/stoke_dag.py
[2026-09-16T20:11:55.358+0000] {logging_mixin.py:188} INFO - [2026-09-16T20:11:55.358+0000] {dag.py:3096} INFO - Sync 1 DAGs
[2026-09-16T20:11:55.386+0000] {logging_mixin.py:188} INFO - [2026-09-16T20:11:55.386+0000] {dag.py:3954} INFO - Setting next_dagrun for save_data to None, run_after=None
[2026-09-16T20:11:55.447+0000] {processor.py:183} INFO - Processing /opt/airflow/dags/stoke_dag.py took 0.266 seconds
[2026-09-16T20:12:25.608+0000] {processor.py:161} INFO - Started process (PID=1832) to work on /opt/airflow/dags/stoke_dag.py
[2026-09-16T20:12:25.611+0000] {processor.py:830} INFO - Processing file /opt/airflow/dags/stoke_dag.py for tasks to queue
[2026-09-16T20:12:25.618+0000] {logging_mixin.py:188} INFO - [2026-09-16T20:12:25.617+0000] {dagbag.py:545} INFO - Filling up the DagBag from /opt/airflow/dags/stoke_dag.py
[2026-09-16T20:12:25.668+0000] {processor.py:840} INFO - DAG(s) 'save_data' retrieved from /opt/airflow/dags/stoke_dag.py
[2026-09-16T20:12:25.743+0000] {logging_mixin.py:188} INFO - [2026-09-16T20:12:25.742+0000] {dag.py:3096} INFO - Sync 1 DAGs
[2026-09-16T20:12:25.778+0000] {logging_mixin.py:188} INFO - [2026-09-16T20:12:25.777+0000] {dag.py:3954} INFO - Setting next_dagrun for save_data to None, run_after=None
[2026-09-16T20:12:25.825+0000] {processor.py:183} INFO - Processing /opt/airflow/dags/stoke_dag.py took 0.240 seconds
[2026-09-16T20:12:56.288+0000] {processor.py:161} INFO - Started process (PID=1841) to work on /opt/airflow/dags/stoke_dag.py
[2026-09-16T20:12:56.292+0000] {processor.py:830} INFO - Processing file /opt/airflow/dags/stoke_dag.py for tasks to queue
[2026-09-16T20:12:56.304+0000] {logging_mixin.py:188} INFO - [2026-09-16T20:12:56.303+0000] {dagbag.py:545} INFO - Filling up the DagBag from /opt/airflow/dags/stoke_dag.py
[2026-09-16T20:12:56.368+0000] {processor.py:840} INFO - DAG(s) 'save_data' retrieved from /opt/airflow/dags/stoke_dag.py
[2026-09-16T20:12:56.401+0000] {logging_mixin.py:188} INFO - [2026-09-16T20:12:56.401+0000] {dag.py:3096} INFO - Sync 1 DAGs
[2026-09-16T20:12:56.417+0000] {logging_mixin.py:188} INFO - [2026-09-16T20:12:56.417+0000] {dag.py:3954} INFO - Setting next_dagrun for save_data to None, run_after=None
[2026-09-16T20:12:56.446+0000] {processor.py:183} INFO - Processing /opt/airflow/dags/stoke_dag.py took 0.184 seconds
[2026-09-16T20:13:26.693+0000] {processor.py:161} INFO - Started process (PID=1851) to work on /opt/airflow/dags/stoke_dag.py
[2026-09-16T20:13:26.695+0000] {processor.py:830} INFO - Processing file /opt/airflow/dags/stoke_dag.py for tasks to queue
[2026-09-16T20:13:26.700+0000] {logging_mixin.py:188} INFO - [2026-09-16T20:13:26.699+0000] {dagbag.py:545} INFO - Filling up the DagBag from /opt/airflow/dags/stoke_dag.py
[2026-09-16T20:13:26.731+0000] {processor.py:840} INFO - DAG(s) 'save_data' retrieved from /opt/airflow/dags/stoke_dag.py
[2026-09-16T20:13:26.761+0000] {logging_mixin.py:188} INFO - [2026-09-16T20:13:26.761+0000] {dag.py:3096} INFO - Sync 1 DAGs
[2026-09-16T20:13:26.773+0000] {logging_mixin.py:188} INFO - [2026-09-16T20:13:26.772+0000] {dag.py:3954} INFO - Setting next_dagrun for save_data to None, run_after=None
[2026-09-16T20:13:26.792+0000] {processor.py:183} INFO - Processing /opt/airflow/dags/stoke_dag.py took 0.110 seconds
[2026-09-16T20:13:57.176+0000] {processor.py:161} INFO - Started process (PID=1860) to work on /opt/airflow/dags/stoke_dag.py
[2026-09-16T20:13:57.178+0000] {processor.py:830} INFO - Processing file /opt/airflow/dags/stoke_dag.py for tasks to queue
[2026-09-16T20:13:57.180+0000] {logging_mixin.py:188} INFO - [2026-09-16T20:13:57.180+0000] {dagbag.py:545} INFO - Filling up the DagBag from /opt/airflow/dags/stoke_dag.py
[2026-09-16T20:13:57.199+0000] {processor.py:840} INFO - DAG(s) 'save_data' retrieved from /opt/airflow/dags/stoke_dag.py
[2026-09-16T20:13:57.224+0000] {logging_mixin.py:188} INFO - [2026-09-16T20:13:57.224+0000] {dag.py:3096} INFO - Sync 1 DAGs
[2026-09-16T20:13:57.241+0000] {logging_mixin.py:188} INFO - [2026-09-16T20:13:57.241+0000] {dag.py:3954} INFO - Setting next_dagrun for save_data to None, run_after=None
[2026-09-16T20:13:57.272+0000] {processor.py:183} INFO - Processing /opt/airflow/dags/stoke_dag.py took 0.102 seconds
[2026-09-16T20:14:27.549+0000] {processor.py:161} INFO - Started process (PID=1869) to work on /opt/airflow/dags/stoke_dag.py
[2026-09-16T20:14:27.550+0000] {processor.py:830} INFO - Processing file /opt/airflow/dags/stoke_dag.py for tasks to queue
[2026-09-16T20:14:27.554+0000] {logging_mixin.py:188} INFO - [2026-09-16T20:14:27.553+0000] {dagbag.py:545} INFO - Filling up the DagBag from /opt/airflow/dags/stoke_dag.py
[2026-09-16T20:14:27.576+0000] {processor.py:840} INFO - DAG(s) 'save_data' retrieved from /opt/airflow/dags/stoke_dag.py
[2026-09-16T20:14:27.603+0000] {logging_mixin.py:188} INFO - [2026-09-16T20:14:27.603+0000] {dag.py:3096} INFO - Sync 1 DAGs
[2026-09-16T20:14:27.615+0000] {logging_mixin.py:188} INFO - [2026-09-16T20:14:27.615+0000] {dag.py:3954} INFO - Setting next_dagrun for save_data to None, run_after=None
[2026-09-16T20:14:27.638+0000] {processor.py:183} INFO - Processing /opt/airflow/dags/stoke_dag.py took 0.102 seconds
[2026-09-16T20:14:57.915+0000] {processor.py:161} INFO - Started process (PID=1878) to work on /opt/airflow/dags/stoke_dag.py
[2026-09-16T20:14:57.917+0000] {processor.py:830} INFO - Processing file /opt/airflow/dags/stoke_dag.py for tasks to queue
[2026-09-16T20:14:57.920+0000] {logging_mixin.py:188} INFO - [2026-09-16T20:14:57.919+0000] {dagbag.py:545} INFO - Filling up the DagBag from /opt/airflow/dags/stoke_dag.py
[2026-09-16T20:14:57.942+0000] {processor.py:840} INFO - DAG(s) 'save_data' retrieved from /opt/airflow/dags/stoke_dag.py
[2026-09-16T20:14:57.968+0000] {logging_mixin.py:188} INFO - [2026-09-16T20:14:57.968+0000] {dag.py:3096} INFO - Sync 1 DAGs
[2026-09-16T20:14:57.981+0000] {logging_mixin.py:188} INFO - [2026-09-16T20:14:57.981+0000] {dag.py:3954} INFO - Setting next_dagrun for save_data to None, run_after=None
[2026-09-16T20:14:58.003+0000] {processor.py:183} INFO - Processing /opt/airflow/dags/stoke_dag.py took 0.097 seconds
[2026-09-16T20:15:28.062+0000] {processor.py:161} INFO - Started process (PID=1887) to work on /opt/airflow/dags/stoke_dag.py
[2026-09-16T20:15:28.064+0000] {processor.py:830} INFO - Processing file /opt/airflow/dags/stoke_dag.py for tasks to queue
[2026-09-16T20:15:28.067+0000] {logging_mixin.py:188} INFO - [2026-09-16T20:15:28.066+0000] {dagbag.py:545} INFO - Filling up the DagBag from /opt/airflow/dags/stoke_dag.py
[2026-09-16T20:15:28.090+0000] {processor.py:840} INFO - DAG(s) 'save_data' retrieved from /opt/airflow/dags/stoke_dag.py
[2026-09-16T20:15:28.115+0000] {logging_mixin.py:188} INFO - [2026-09-16T20:15:28.115+0000] {dag.py:3096} INFO - Sync 1 DAGs
[2026-09-16T20:15:28.126+0000] {logging_mixin.py:188} INFO - [2026-09-16T20:15:28.126+0000] {dag.py:3954} INFO - Setting next_dagrun for save_data to None, run_after=None
[2026-09-16T20:15:28.151+0000] {processor.py:183} INFO - Processing /opt/airflow/dags/stoke_dag.py took 0.098 seconds
[2026-09-16T20:15:58.413+0000] {processor.py:161} INFO - Started process (PID=1896) to work on /opt/airflow/dags/stoke_dag.py
[2026-09-16T20:15:58.414+0000] {processor.py:830} INFO - Processing file /opt/airflow/dags/stoke_dag.py for tasks to queue
[2026-09-16T20:15:58.419+0000] {logging_mixin.py:188} INFO - [2026-09-16T20:15:58.418+0000] {dagbag.py:545} INFO - Filling up the DagBag from /opt/airflow/dags/stoke_dag.py
[2026-09-16T20:15:58.438+0000] {processor.py:840} INFO - DAG(s) 'save_data' retrieved from /opt/airflow/dags/stoke_dag.py
[2026-09-16T20:15:58.462+0000] {logging_mixin.py:188} INFO - [2026-09-16T20:15:58.462+0000] {dag.py:3096} INFO - Sync 1 DAGs
[2026-09-16T20:15:58.474+0000] {logging_mixin.py:188} INFO - [2026-09-16T20:15:58.474+0000] {dag.py:3954} INFO - Setting next_dagrun for save_data to None, run_after=None
[2026-09-16T20:15:58.504+0000] {processor.py:183} INFO - Processing /opt/airflow/dags/stoke_dag.py took 0.098 seconds
[2026-09-16T20:16:28.850+0000] {processor.py:161} INFO - Started process (PID=1905) to work on /opt/airflow/dags/stoke_dag.py
[2026-09-16T20:16:28.856+0000] {processor.py:830} INFO - Processing file /opt/airflow/dags/stoke_dag.py for tasks to queue
[2026-09-16T20:16:28.864+0000] {logging_mixin.py:188} INFO - [2026-09-16T20:16:28.863+0000] {dagbag.py:545} INFO - Filling up the DagBag from /opt/airflow/dags/stoke_dag.py
[2026-09-16T20:16:28.902+0000] {processor.py:840} INFO - DAG(s) 'save_data' retrieved from /opt/airflow/dags/stoke_dag.py
[2026-09-16T20:16:28.948+0000] {logging_mixin.py:188} INFO - [2026-09-16T20:16:28.948+0000] {dag.py:3096} INFO - Sync 1 DAGs
[2026-09-16T20:16:28.991+0000] {logging_mixin.py:188} INFO - [2026-09-16T20:16:28.991+0000] {dag.py:3954} INFO - Setting next_dagrun for save_data to None, run_after=None
[2026-09-16T20:16:29.032+0000] {processor.py:183} INFO - Processing /opt/airflow/dags/stoke_dag.py took 0.254 seconds
[2026-09-16T20:16:59.305+0000] {processor.py:161} INFO - Started process (PID=1914) to work on /opt/airflow/dags/stoke_dag.py
[2026-09-16T20:16:59.306+0000] {processor.py:830} INFO - Processing file /opt/airflow/dags/stoke_dag.py for tasks to queue
[2026-09-16T20:16:59.310+0000] {logging_mixin.py:188} INFO - [2026-09-16T20:16:59.310+0000] {dagbag.py:545} INFO - Filling up the DagBag from /opt/airflow/dags/stoke_dag.py
[2026-09-16T20:16:59.337+0000] {processor.py:840} INFO - DAG(s) 'save_data' retrieved from /opt/airflow/dags/stoke_dag.py
[2026-09-16T20:16:59.374+0000] {logging_mixin.py:188} INFO - [2026-09-16T20:16:59.373+0000] {dag.py:3096} INFO - Sync 1 DAGs
[2026-09-16T20:16:59.386+0000] {logging_mixin.py:188} INFO - [2026-09-16T20:16:59.386+0000] {dag.py:3954} INFO - Setting next_dagrun for save_data to None, run_after=None
[2026-09-16T20:16:59.412+0000] {processor.py:183} INFO - Processing /opt/airflow/dags/stoke_dag.py took 0.113 seconds
[2026-09-16T20:17:29.663+0000] {processor.py:161} INFO - Started process (PID=1923) to work on /opt/airflow/dags/stoke_dag.py
[2026-09-16T20:17:29.665+0000] {processor.py:830} INFO - Processing file /opt/airflow/dags/stoke_dag.py for tasks to queue
[2026-09-16T20:17:29.667+0000] {logging_mixin.py:188} INFO - [2026-09-16T20:17:29.667+0000] {dagbag.py:545} INFO - Filling up the DagBag from /opt/airflow/dags/stoke_dag.py
[2026-09-16T20:17:29.687+0000] {processor.py:840} INFO - DAG(s) 'save_data' retrieved from /opt/airflow/dags/stoke_dag.py
[2026-09-16T20:17:29.712+0000] {logging_mixin.py:188} INFO - [2026-09-16T20:17:29.712+0000] {dag.py:3096} INFO - Sync 1 DAGs
[2026-09-16T20:17:29.726+0000] {logging_mixin.py:188} INFO - [2026-09-16T20:17:29.726+0000] {dag.py:3954} INFO - Setting next_dagrun for save_data to None, run_after=None
[2026-09-16T20:17:29.749+0000] {processor.py:183} INFO - Processing /opt/airflow/dags/stoke_dag.py took 0.095 seconds
[2026-09-16T20:18:00.050+0000] {processor.py:161} INFO - Started process (PID=1932) to work on /opt/airflow/dags/stoke_dag.py
[2026-09-16T20:18:00.052+0000] {processor.py:830} INFO - Processing file /opt/airflow/dags/stoke_dag.py for tasks to queue
[2026-09-16T20:18:00.055+0000] {logging_mixin.py:188} INFO - [2026-09-16T20:18:00.055+0000] {dagbag.py:545} INFO - Filling up the DagBag from /opt/airflow/dags/stoke_dag.py
[2026-09-16T20:18:00.079+0000] {processor.py:840} INFO - DAG(s) 'save_data' retrieved from /opt/airflow/dags/stoke_dag.py
[2026-09-16T20:18:00.106+0000] {logging_mixin.py:188} INFO - [2026-09-16T20:18:00.106+0000] {dag.py:3096} INFO - Sync 1 DAGs
[2026-09-16T20:18:00.119+0000] {logging_mixin.py:188} INFO - [2026-09-16T20:18:00.118+0000] {dag.py:3954} INFO - Setting next_dagrun for save_data to None, run_after=None
[2026-09-16T20:18:00.144+0000] {processor.py:183} INFO - Processing /opt/airflow/dags/stoke_dag.py took 0.102 seconds
[2026-09-16T20:18:30.323+0000] {processor.py:161} INFO - Started process (PID=1939) to work on /opt/airflow/dags/stoke_dag.py
[2026-09-16T20:18:30.324+0000] {processor.py:830} INFO - Processing file /opt/airflow/dags/stoke_dag.py for tasks to queue
[2026-09-16T20:18:30.327+0000] {logging_mixin.py:188} INFO - [2026-09-16T20:18:30.327+0000] {dagbag.py:545} INFO - Filling up the DagBag from /opt/airflow/dags/stoke_dag.py
[2026-09-16T20:18:30.355+0000] {processor.py:840} INFO - DAG(s) 'save_data' retrieved from /opt/airflow/dags/stoke_dag.py
[2026-09-16T20:18:30.393+0000] {logging_mixin.py:188} INFO - [2026-09-16T20:18:30.392+0000] {dag.py:3096} INFO - Sync 1 DAGs
[2026-09-16T20:18:30.414+0000] {logging_mixin.py:188} INFO - [2026-09-16T20:18:30.414+0000] {dag.py:3954} INFO - Setting next_dagrun for save_data to None, run_after=None
[2026-09-16T20:18:30.440+0000] {processor.py:183} INFO - Processing /opt/airflow/dags/stoke_dag.py took 0.126 seconds
[2026-09-16T20:19:00.783+0000] {processor.py:161} INFO - Started process (PID=1948) to work on /opt/airflow/dags/stoke_dag.py
[2026-09-16T20:19:00.784+0000] {processor.py:830} INFO - Processing file /opt/airflow/dags/stoke_dag.py for tasks to queue
[2026-09-16T20:19:00.788+0000] {logging_mixin.py:188} INFO - [2026-09-16T20:19:00.788+0000] {dagbag.py:545} INFO - Filling up the DagBag from /opt/airflow/dags/stoke_dag.py
[2026-09-16T20:19:00.814+0000] {processor.py:840} INFO - DAG(s) 'save_data' retrieved from /opt/airflow/dags/stoke_dag.py
[2026-09-16T20:19:00.847+0000] {logging_mixin.py:188} INFO - [2026-09-16T20:19:00.847+0000] {dag.py:3096} INFO - Sync 1 DAGs
[2026-09-16T20:19:00.868+0000] {logging_mixin.py:188} INFO - [2026-09-16T20:19:00.868+0000] {dag.py:3954} INFO - Setting next_dagrun for save_data to None, run_after=None
[2026-09-16T20:19:00.896+0000] {processor.py:183} INFO - Processing /opt/airflow/dags/stoke_dag.py took 0.124 seconds
[2026-09-16T20:19:30.986+0000] {processor.py:161} INFO - Started process (PID=1957) to work on /opt/airflow/dags/stoke_dag.py
[2026-09-16T20:19:30.988+0000] {processor.py:830} INFO - Processing file /opt/airflow/dags/stoke_dag.py for tasks to queue
[2026-09-16T20:19:30.992+0000] {logging_mixin.py:188} INFO - [2026-09-16T20:19:30.991+0000] {dagbag.py:545} INFO - Filling up the DagBag from /opt/airflow/dags/stoke_dag.py
[2026-09-16T20:19:31.008+0000] {processor.py:840} INFO - DAG(s) 'save_data' retrieved from /opt/airflow/dags/stoke_dag.py
[2026-09-16T20:19:31.030+0000] {logging_mixin.py:188} INFO - [2026-09-16T20:19:31.030+0000] {dag.py:3096} INFO - Sync 1 DAGs
[2026-09-16T20:19:31.041+0000] {logging_mixin.py:188} INFO - [2026-09-16T20:19:31.041+0000] {dag.py:3954} INFO - Setting next_dagrun for save_data to None, run_after=None
[2026-09-16T20:19:31.060+0000] {processor.py:183} INFO - Processing /opt/airflow/dags/stoke_dag.py took 0.080 seconds
[2026-09-16T20:20:01.358+0000] {processor.py:161} INFO - Started process (PID=1966) to work on /opt/airflow/dags/stoke_dag.py
[2026-09-16T20:20:01.360+0000] {processor.py:830} INFO - Processing file /opt/airflow/dags/stoke_dag.py for tasks to queue
[2026-09-16T20:20:01.361+0000] {logging_mixin.py:188} INFO - [2026-09-16T20:20:01.361+0000] {dagbag.py:545} INFO - Filling up the DagBag from /opt/airflow/dags/stoke_dag.py
[2026-09-16T20:20:01.377+0000] {processor.py:840} INFO - DAG(s) 'save_data' retrieved from /opt/airflow/dags/stoke_dag.py
[2026-09-16T20:20:01.398+0000] {logging_mixin.py:188} INFO - [2026-09-16T20:20:01.398+0000] {dag.py:3096} INFO - Sync 1 DAGs
[2026-09-16T20:20:01.409+0000] {logging_mixin.py:188} INFO - [2026-09-16T20:20:01.409+0000] {dag.py:3954} INFO - Setting next_dagrun for save_data to None, run_after=None
[2026-09-16T20:20:01.429+0000] {processor.py:183} INFO - Processing /opt/airflow/dags/stoke_dag.py took 0.077 seconds
[2026-09-16T20:20:31.723+0000] {processor.py:161} INFO - Started process (PID=1975) to work on /opt/airflow/dags/stoke_dag.py
[2026-09-16T20:20:31.725+0000] {processor.py:830} INFO - Processing file /opt/airflow/dags/stoke_dag.py for tasks to queue
[2026-09-16T20:20:31.727+0000] {logging_mixin.py:188} INFO - [2026-09-16T20:20:31.726+0000] {dagbag.py:545} INFO - Filling up the DagBag from /opt/airflow/dags/stoke_dag.py
[2026-09-16T20:20:31.742+0000] {processor.py:840} INFO - DAG(s) 'save_data' retrieved from /opt/airflow/dags/stoke_dag.py
[2026-09-16T20:20:31.763+0000] {logging_mixin.py:188} INFO - [2026-09-16T20:20:31.762+0000] {dag.py:3096} INFO - Sync 1 DAGs
[2026-09-16T20:20:31.773+0000] {logging_mixin.py:188} INFO - [2026-09-16T20:20:31.773+0000] {dag.py:3954} INFO - Setting next_dagrun for save_data to None, run_after=None
[2026-09-16T20:20:31.793+0000] {processor.py:183} INFO - Processing /opt/airflow/dags/stoke_dag.py took 0.076 seconds
[2026-09-16T20:21:02.109+0000] {processor.py:161} INFO - Started process (PID=1984) to work on /opt/airflow/dags/stoke_dag.py
[2026-09-16T20:21:02.110+0000] {processor.py:830} INFO - Processing file /opt/airflow/dags/stoke_dag.py for tasks to queue
[2026-09-16T20:21:02.112+0000] {logging_mixin.py:188} INFO - [2026-09-16T20:21:02.112+0000] {dagbag.py:545} INFO - Filling up the DagBag from /opt/airflow/dags/stoke_dag.py
[2026-09-16T20:21:02.129+0000] {processor.py:840} INFO - DAG(s) 'save_data' retrieved from /opt/airflow/dags/stoke_dag.py
[2026-09-16T20:21:02.149+0000] {logging_mixin.py:188} INFO - [2026-09-16T20:21:02.149+0000] {dag.py:3096} INFO - Sync 1 DAGs
[2026-09-16T20:21:02.161+0000] {logging_mixin.py:188} INFO - [2026-09-16T20:21:02.161+0000] {dag.py:3954} INFO - Setting next_dagrun for save_data to None, run_after=None
[2026-09-16T20:21:02.182+0000] {processor.py:183} INFO - Processing /opt/airflow/dags/stoke_dag.py took 0.079 seconds
[2026-09-16T20:21:32.501+0000] {processor.py:161} INFO - Started process (PID=1993) to work on /opt/airflow/dags/stoke_dag.py
[2026-09-16T20:21:32.502+0000] {processor.py:830} INFO - Processing file /opt/airflow/dags/stoke_dag.py for tasks to queue
[2026-09-16T20:21:32.504+0000] {logging_mixin.py:188} INFO - [2026-09-16T20:21:32.504+0000] {dagbag.py:545} INFO - Filling up the DagBag from /opt/airflow/dags/stoke_dag.py
[2026-09-16T20:21:32.521+0000] {processor.py:840} INFO - DAG(s) 'save_data' retrieved from /opt/airflow/dags/stoke_dag.py
[2026-09-16T20:21:32.542+0000] {logging_mixin.py:188} INFO - [2026-09-16T20:21:32.541+0000] {dag.py:3096} INFO - Sync 1 DAGs
[2026-09-16T20:21:32.553+0000] {logging_mixin.py:188} INFO - [2026-09-16T20:21:32.552+0000] {dag.py:3954} INFO - Setting next_dagrun for save_data to None, run_after=None
[2026-09-16T20:21:32.575+0000] {processor.py:183} INFO - Processing /opt/airflow/dags/stoke_dag.py took 0.080 seconds
[2026-09-16T20:22:02.871+0000] {processor.py:161} INFO - Started process (PID=2002) to work on /opt/airflow/dags/stoke_dag.py
[2026-09-16T20:22:02.873+0000] {processor.py:830} INFO - Processing file /opt/airflow/dags/stoke_dag.py for tasks to queue
[2026-09-16T20:22:02.875+0000] {logging_mixin.py:188} INFO - [2026-09-16T20:22:02.875+0000] {dagbag.py:545} INFO - Filling up the DagBag from /opt/airflow/dags/stoke_dag.py
[2026-09-16T20:22:02.893+0000] {processor.py:840} INFO - DAG(s) 'save_data' retrieved from /opt/airflow/dags/stoke_dag.py
[2026-09-16T20:22:02.923+0000] {logging_mixin.py:188} INFO - [2026-09-16T20:22:02.922+0000] {dag.py:3096} INFO - Sync 1 DAGs
[2026-09-16T20:22:02.938+0000] {logging_mixin.py:188} INFO - [2026-09-16T20:22:02.938+0000] {dag.py:3954} INFO - Setting next_dagrun for save_data to None, run_after=None
[2026-09-16T20:22:02.964+0000] {processor.py:183} INFO - Processing /opt/airflow/dags/stoke_dag.py took 0.100 seconds
[2026-09-16T20:22:33.247+0000] {processor.py:161} INFO - Started process (PID=2011) to work on /opt/airflow/dags/stoke_dag.py
[2026-09-16T20:22:33.248+0000] {processor.py:830} INFO - Processing file /opt/airflow/dags/stoke_dag.py for tasks to queue
[2026-09-16T20:22:33.251+0000] {logging_mixin.py:188} INFO - [2026-09-16T20:22:33.251+0000] {dagbag.py:545} INFO - Filling up the DagBag from /opt/airflow/dags/stoke_dag.py
[2026-09-16T20:22:33.268+0000] {processor.py:840} INFO - DAG(s) 'save_data' retrieved from /opt/airflow/dags/stoke_dag.py
[2026-09-16T20:22:33.290+0000] {logging_mixin.py:188} INFO - [2026-09-16T20:22:33.290+0000] {dag.py:3096} INFO - Sync 1 DAGs
[2026-09-16T20:22:33.301+0000] {logging_mixin.py:188} INFO - [2026-09-16T20:22:33.301+0000] {dag.py:3954} INFO - Setting next_dagrun for save_data to None, run_after=None
[2026-09-16T20:22:33.322+0000] {processor.py:183} INFO - Processing /opt/airflow/dags/stoke_dag.py took 0.082 seconds
[2026-09-16T20:23:03.637+0000] {processor.py:161} INFO - Started process (PID=2020) to work on /opt/airflow/dags/stoke_dag.py
[2026-09-16T20:23:03.639+0000] {processor.py:830} INFO - Processing file /opt/airflow/dags/stoke_dag.py for tasks to queue
[2026-09-16T20:23:03.643+0000] {logging_mixin.py:188} INFO - [2026-09-16T20:23:03.643+0000] {dagbag.py:545} INFO - Filling up the DagBag from /opt/airflow/dags/stoke_dag.py
[2026-09-16T20:23:03.678+0000] {processor.py:840} INFO - DAG(s) 'save_data' retrieved from /opt/airflow/dags/stoke_dag.py
[2026-09-16T20:23:03.719+0000] {logging_mixin.py:188} INFO - [2026-09-16T20:23:03.719+0000] {dag.py:3096} INFO - Sync 1 DAGs
[2026-09-16T20:23:03.742+0000] {logging_mixin.py:188} INFO - [2026-09-16T20:23:03.741+0000] {dag.py:3954} INFO - Setting next_dagrun for save_data to None, run_after=None
[2026-09-16T20:23:03.775+0000] {processor.py:183} INFO - Processing /opt/airflow/dags/stoke_dag.py took 0.158 seconds
[2026-09-16T20:23:33.928+0000] {processor.py:161} INFO - Started process (PID=2029) to work on /opt/airflow/dags/stoke_dag.py
[2026-09-16T20:23:33.930+0000] {processor.py:830} INFO - Processing file /opt/airflow/dags/stoke_dag.py for tasks to queue
[2026-09-16T20:23:33.932+0000] {logging_mixin.py:188} INFO - [2026-09-16T20:23:33.932+0000] {dagbag.py:545} INFO - Filling up the DagBag from /opt/airflow/dags/stoke_dag.py
[2026-09-16T20:23:33.963+0000] {processor.py:840} INFO - DAG(s) 'save_data' retrieved from /opt/airflow/dags/stoke_dag.py
[2026-09-16T20:23:33.999+0000] {logging_mixin.py:188} INFO - [2026-09-16T20:23:33.999+0000] {dag.py:3096} INFO - Sync 1 DAGs
[2026-09-16T20:23:34.018+0000] {logging_mixin.py:188} INFO - [2026-09-16T20:23:34.018+0000] {dag.py:3954} INFO - Setting next_dagrun for save_data to None, run_after=None
[2026-09-16T20:23:34.057+0000] {processor.py:183} INFO - Processing /opt/airflow/dags/stoke_dag.py took 0.141 seconds
[2026-09-16T20:24:04.225+0000] {processor.py:161} INFO - Started process (PID=2038) to work on /opt/airflow/dags/stoke_dag.py
[2026-09-16T20:24:04.228+0000] {processor.py:830} INFO - Processing file /opt/airflow/dags/stoke_dag.py for tasks to queue
[2026-09-16T20:24:04.234+0000] {logging_mixin.py:188} INFO - [2026-09-16T20:24:04.233+0000] {dagbag.py:545} INFO - Filling up the DagBag from /opt/airflow/dags/stoke_dag.py
[2026-09-16T20:24:04.274+0000] {processor.py:840} INFO - DAG(s) 'save_data' retrieved from /opt/airflow/dags/stoke_dag.py
[2026-09-16T20:24:04.316+0000] {logging_mixin.py:188} INFO - [2026-09-16T20:24:04.315+0000] {dag.py:3096} INFO - Sync 1 DAGs
[2026-09-16T20:24:04.341+0000] {logging_mixin.py:188} INFO - [2026-09-16T20:24:04.340+0000] {dag.py:3954} INFO - Setting next_dagrun for save_data to None, run_after=None
[2026-09-16T20:24:04.387+0000] {processor.py:183} INFO - Processing /opt/airflow/dags/stoke_dag.py took 0.178 seconds
[2026-09-16T20:24:34.715+0000] {processor.py:161} INFO - Started process (PID=2047) to work on /opt/airflow/dags/stoke_dag.py
[2026-09-16T20:24:34.717+0000] {processor.py:830} INFO - Processing file /opt/airflow/dags/stoke_dag.py for tasks to queue
[2026-09-16T20:24:34.719+0000] {logging_mixin.py:188} INFO - [2026-09-16T20:24:34.719+0000] {dagbag.py:545} INFO - Filling up the DagBag from /opt/airflow/dags/stoke_dag.py
[2026-09-16T20:24:34.751+0000] {processor.py:840} INFO - DAG(s) 'save_data' retrieved from /opt/airflow/dags/stoke_dag.py
[2026-09-16T20:24:34.776+0000] {logging_mixin.py:188} INFO - [2026-09-16T20:24:34.776+0000] {dag.py:3096} INFO - Sync 1 DAGs
[2026-09-16T20:24:34.791+0000] {logging_mixin.py:188} INFO - [2026-09-16T20:24:34.791+0000] {dag.py:3954} INFO - Setting next_dagrun for save_data to None, run_after=None
[2026-09-16T20:24:34.815+0000] {processor.py:183} INFO - Processing /opt/airflow/dags/stoke_dag.py took 0.108 seconds
[2026-09-16T20:25:05.078+0000] {processor.py:161} INFO - Started process (PID=2056) to work on /opt/airflow/dags/stoke_dag.py
[2026-09-16T20:25:05.080+0000] {processor.py:830} INFO - Processing file /opt/airflow/dags/stoke_dag.py for tasks to queue
[2026-09-16T20:25:05.084+0000] {logging_mixin.py:188} INFO - [2026-09-16T20:25:05.084+0000] {dagbag.py:545} INFO - Filling up the DagBag from /opt/airflow/dags/stoke_dag.py
[2026-09-16T20:25:05.115+0000] {processor.py:840} INFO - DAG(s) 'save_data' retrieved from /opt/airflow/dags/stoke_dag.py
[2026-09-16T20:25:05.147+0000] {logging_mixin.py:188} INFO - [2026-09-16T20:25:05.147+0000] {dag.py:3096} INFO - Sync 1 DAGs
[2026-09-16T20:25:05.161+0000] {logging_mixin.py:188} INFO - [2026-09-16T20:25:05.161+0000] {dag.py:3954} INFO - Setting next_dagrun for save_data to None, run_after=None
[2026-09-16T20:25:05.184+0000] {processor.py:183} INFO - Processing /opt/airflow/dags/stoke_dag.py took 0.122 seconds
[2026-09-16T20:25:35.418+0000] {processor.py:161} INFO - Started process (PID=2065) to work on /opt/airflow/dags/stoke_dag.py
[2026-09-16T20:25:35.420+0000] {processor.py:830} INFO - Processing file /opt/airflow/dags/stoke_dag.py for tasks to queue
[2026-09-16T20:25:35.424+0000] {logging_mixin.py:188} INFO - [2026-09-16T20:25:35.423+0000] {dagbag.py:545} INFO - Filling up the DagBag from /opt/airflow/dags/stoke_dag.py
[2026-09-16T20:25:35.453+0000] {processor.py:840} INFO - DAG(s) 'save_data' retrieved from /opt/airflow/dags/stoke_dag.py
[2026-09-16T20:25:35.484+0000] {logging_mixin.py:188} INFO - [2026-09-16T20:25:35.483+0000] {dag.py:3096} INFO - Sync 1 DAGs
[2026-09-16T20:25:35.497+0000] {logging_mixin.py:188} INFO - [2026-09-16T20:25:35.497+0000] {dag.py:3954} INFO - Setting next_dagrun for save_data to None, run_after=None
[2026-09-16T20:25:35.524+0000] {processor.py:183} INFO - Processing /opt/airflow/dags/stoke_dag.py took 0.114 seconds
[2026-09-16T20:26:05.793+0000] {processor.py:161} INFO - Started process (PID=2074) to work on /opt/airflow/dags/stoke_dag.py
[2026-09-16T20:26:05.795+0000] {processor.py:830} INFO - Processing file /opt/airflow/dags/stoke_dag.py for tasks to queue
[2026-09-16T20:26:05.798+0000] {logging_mixin.py:188} INFO - [2026-09-16T20:26:05.798+0000] {dagbag.py:545} INFO - Filling up the DagBag from /opt/airflow/dags/stoke_dag.py
[2026-09-16T20:26:05.831+0000] {processor.py:840} INFO - DAG(s) 'save_data' retrieved from /opt/airflow/dags/stoke_dag.py
[2026-09-16T20:26:05.873+0000] {logging_mixin.py:188} INFO - [2026-09-16T20:26:05.873+0000] {dag.py:3096} INFO - Sync 1 DAGs
[2026-09-16T20:26:05.893+0000] {logging_mixin.py:188} INFO - [2026-09-16T20:26:05.892+0000] {dag.py:3954} INFO - Setting next_dagrun for save_data to None, run_after=None
[2026-09-16T20:26:05.935+0000] {processor.py:183} INFO - Processing /opt/airflow/dags/stoke_dag.py took 0.154 seconds
[2026-09-16T20:26:36.185+0000] {processor.py:161} INFO - Started process (PID=2083) to work on /opt/airflow/dags/stoke_dag.py
[2026-09-16T20:26:36.187+0000] {processor.py:830} INFO - Processing file /opt/airflow/dags/stoke_dag.py for tasks to queue
[2026-09-16T20:26:36.190+0000] {logging_mixin.py:188} INFO - [2026-09-16T20:26:36.190+0000] {dagbag.py:545} INFO - Filling up the DagBag from /opt/airflow/dags/stoke_dag.py
[2026-09-16T20:26:36.224+0000] {processor.py:840} INFO - DAG(s) 'save_data' retrieved from /opt/airflow/dags/stoke_dag.py
[2026-09-16T20:26:36.260+0000] {logging_mixin.py:188} INFO - [2026-09-16T20:26:36.260+0000] {dag.py:3096} INFO - Sync 1 DAGs
[2026-09-16T20:26:36.281+0000] {logging_mixin.py:188} INFO - [2026-09-16T20:26:36.281+0000] {dag.py:3954} INFO - Setting next_dagrun for save_data to None, run_after=None
[2026-09-16T20:26:36.313+0000] {processor.py:183} INFO - Processing /opt/airflow/dags/stoke_dag.py took 0.138 seconds
[2026-09-16T20:27:06.631+0000] {processor.py:161} INFO - Started process (PID=2092) to work on /opt/airflow/dags/stoke_dag.py
[2026-09-16T20:27:06.632+0000] {processor.py:830} INFO - Processing file /opt/airflow/dags/stoke_dag.py for tasks to queue
[2026-09-16T20:27:06.635+0000] {logging_mixin.py:188} INFO - [2026-09-16T20:27:06.635+0000] {dagbag.py:545} INFO - Filling up the DagBag from /opt/airflow/dags/stoke_dag.py
[2026-09-16T20:27:06.658+0000] {processor.py:840} INFO - DAG(s) 'save_data' retrieved from /opt/airflow/dags/stoke_dag.py
[2026-09-16T20:27:06.687+0000] {logging_mixin.py:188} INFO - [2026-09-16T20:27:06.686+0000] {dag.py:3096} INFO - Sync 1 DAGs
[2026-09-16T20:27:06.703+0000] {logging_mixin.py:188} INFO - [2026-09-16T20:27:06.702+0000] {dag.py:3954} INFO - Setting next_dagrun for save_data to None, run_after=None
[2026-09-16T20:27:06.736+0000] {processor.py:183} INFO - Processing /opt/airflow/dags/stoke_dag.py took 0.112 seconds
[2026-09-16T20:27:36.976+0000] {processor.py:161} INFO - Started process (PID=2101) to work on /opt/airflow/dags/stoke_dag.py
[2026-09-16T20:27:36.978+0000] {processor.py:830} INFO - Processing file /opt/airflow/dags/stoke_dag.py for tasks to queue
[2026-09-16T20:27:36.980+0000] {logging_mixin.py:188} INFO - [2026-09-16T20:27:36.980+0000] {dagbag.py:545} INFO - Filling up the DagBag from /opt/airflow/dags/stoke_dag.py
[2026-09-16T20:27:37.004+0000] {processor.py:840} INFO - DAG(s) 'save_data' retrieved from /opt/airflow/dags/stoke_dag.py
[2026-09-16T20:27:37.034+0000] {logging_mixin.py:188} INFO - [2026-09-16T20:27:37.034+0000] {dag.py:3096} INFO - Sync 1 DAGs
[2026-09-16T20:27:37.052+0000] {logging_mixin.py:188} INFO - [2026-09-16T20:27:37.052+0000] {dag.py:3954} INFO - Setting next_dagrun for save_data to None, run_after=None
[2026-09-16T20:27:37.081+0000] {processor.py:183} INFO - Processing /opt/airflow/dags/stoke_dag.py took 0.112 seconds
[2026-09-16T20:28:07.365+0000] {processor.py:161} INFO - Started process (PID=2110) to work on /opt/airflow/dags/stoke_dag.py
[2026-09-16T20:28:07.366+0000] {processor.py:830} INFO - Processing file /opt/airflow/dags/stoke_dag.py for tasks to queue
[2026-09-16T20:28:07.369+0000] {logging_mixin.py:188} INFO - [2026-09-16T20:28:07.368+0000] {dagbag.py:545} INFO - Filling up the DagBag from /opt/airflow/dags/stoke_dag.py
[2026-09-16T20:28:07.390+0000] {processor.py:840} INFO - DAG(s) 'save_data' retrieved from /opt/airflow/dags/stoke_dag.py
[2026-09-16T20:28:07.420+0000] {logging_mixin.py:188} INFO - [2026-09-16T20:28:07.419+0000] {dag.py:3096} INFO - Sync 1 DAGs
[2026-09-16T20:28:07.439+0000] {logging_mixin.py:188} INFO - [2026-09-16T20:28:07.439+0000] {dag.py:3954} INFO - Setting next_dagrun for save_data to None, run_after=None
[2026-09-16T20:28:07.467+0000] {processor.py:183} INFO - Processing /opt/airflow/dags/stoke_dag.py took 0.110 seconds
[2026-09-16T20:28:37.714+0000] {processor.py:161} INFO - Started process (PID=2119) to work on /opt/airflow/dags/stoke_dag.py
[2026-09-16T20:28:37.716+0000] {processor.py:830} INFO - Processing file /opt/airflow/dags/stoke_dag.py for tasks to queue
[2026-09-16T20:28:37.719+0000] {logging_mixin.py:188} INFO - [2026-09-16T20:28:37.719+0000] {dagbag.py:545} INFO - Filling up the DagBag from /opt/airflow/dags/stoke_dag.py
[2026-09-16T20:28:37.745+0000] {processor.py:840} INFO - DAG(s) 'save_data' retrieved from /opt/airflow/dags/stoke_dag.py
[2026-09-16T20:28:37.777+0000] {logging_mixin.py:188} INFO - [2026-09-16T20:28:37.777+0000] {dag.py:3096} INFO - Sync 1 DAGs
[2026-09-16T20:28:37.794+0000] {logging_mixin.py:188} INFO - [2026-09-16T20:28:37.794+0000] {dag.py:3954} INFO - Setting next_dagrun for save_data to None, run_after=None
[2026-09-16T20:28:37.822+0000] {processor.py:183} INFO - Processing /opt/airflow/dags/stoke_dag.py took 0.117 seconds
[2026-09-16T20:29:08.103+0000] {processor.py:161} INFO - Started process (PID=2128) to work on /opt/airflow/dags/stoke_dag.py
[2026-09-16T20:29:08.104+0000] {processor.py:830} INFO - Processing file /opt/airflow/dags/stoke_dag.py for tasks to queue
[2026-09-16T20:29:08.107+0000] {logging_mixin.py:188} INFO - [2026-09-16T20:29:08.106+0000] {dagbag.py:545} INFO - Filling up the DagBag from /opt/airflow/dags/stoke_dag.py
[2026-09-16T20:29:08.126+0000] {processor.py:840} INFO - DAG(s) 'save_data' retrieved from /opt/airflow/dags/stoke_dag.py
[2026-09-16T20:29:08.152+0000] {logging_mixin.py:188} INFO - [2026-09-16T20:29:08.152+0000] {dag.py:3096} INFO - Sync 1 DAGs
[2026-09-16T20:29:08.163+0000] {logging_mixin.py:188} INFO - [2026-09-16T20:29:08.163+0000] {dag.py:3954} INFO - Setting next_dagrun for save_data to None, run_after=None
[2026-09-16T20:29:08.184+0000] {processor.py:183} INFO - Processing /opt/airflow/dags/stoke_dag.py took 0.087 seconds
[2026-09-16T20:29:38.498+0000] {processor.py:161} INFO - Started process (PID=2137) to work on /opt/airflow/dags/stoke_dag.py
[2026-09-16T20:29:38.500+0000] {processor.py:830} INFO - Processing file /opt/airflow/dags/stoke_dag.py for tasks to queue
[2026-09-16T20:29:38.503+0000] {logging_mixin.py:188} INFO - [2026-09-16T20:29:38.502+0000] {dagbag.py:545} INFO - Filling up the DagBag from /opt/airflow/dags/stoke_dag.py
[2026-09-16T20:29:38.521+0000] {processor.py:840} INFO - DAG(s) 'save_data' retrieved from /opt/airflow/dags/stoke_dag.py
[2026-09-16T20:29:38.549+0000] {logging_mixin.py:188} INFO - [2026-09-16T20:29:38.548+0000] {dag.py:3096} INFO - Sync 1 DAGs
[2026-09-16T20:29:38.564+0000] {logging_mixin.py:188} INFO - [2026-09-16T20:29:38.564+0000] {dag.py:3954} INFO - Setting next_dagrun for save_data to None, run_after=None
[2026-09-16T20:29:38.590+0000] {processor.py:183} INFO - Processing /opt/airflow/dags/stoke_dag.py took 0.098 seconds
[2026-09-16T20:30:08.859+0000] {processor.py:161} INFO - Started process (PID=2146) to work on /opt/airflow/dags/stoke_dag.py
[2026-09-16T20:30:08.861+0000] {processor.py:830} INFO - Processing file /opt/airflow/dags/stoke_dag.py for tasks to queue
[2026-09-16T20:30:08.864+0000] {logging_mixin.py:188} INFO - [2026-09-16T20:30:08.864+0000] {dagbag.py:545} INFO - Filling up the DagBag from /opt/airflow/dags/stoke_dag.py
[2026-09-16T20:30:08.886+0000] {processor.py:840} INFO - DAG(s) 'save_data' retrieved from /opt/airflow/dags/stoke_dag.py
[2026-09-16T20:30:08.907+0000] {logging_mixin.py:188} INFO - [2026-09-16T20:30:08.907+0000] {dag.py:3096} INFO - Sync 1 DAGs
[2026-09-16T20:30:08.918+0000] {logging_mixin.py:188} INFO - [2026-09-16T20:30:08.918+0000] {dag.py:3954} INFO - Setting next_dagrun for save_data to None, run_after=None
[2026-09-16T20:30:08.938+0000] {processor.py:183} INFO - Processing /opt/airflow/dags/stoke_dag.py took 0.088 seconds
[2026-09-16T20:30:39.253+0000] {processor.py:161} INFO - Started process (PID=2156) to work on /opt/airflow/dags/stoke_dag.py
[2026-09-16T20:30:39.255+0000] {processor.py:830} INFO - Processing file /opt/airflow/dags/stoke_dag.py for tasks to queue
[2026-09-16T20:30:39.258+0000] {logging_mixin.py:188} INFO - [2026-09-16T20:30:39.258+0000] {dagbag.py:545} INFO - Filling up the DagBag from /opt/airflow/dags/stoke_dag.py
[2026-09-16T20:30:39.282+0000] {processor.py:840} INFO - DAG(s) 'save_data' retrieved from /opt/airflow/dags/stoke_dag.py
[2026-09-16T20:30:39.304+0000] {logging_mixin.py:188} INFO - [2026-09-16T20:30:39.304+0000] {dag.py:3096} INFO - Sync 1 DAGs
[2026-09-16T20:30:39.316+0000] {logging_mixin.py:188} INFO - [2026-09-16T20:30:39.316+0000] {dag.py:3954} INFO - Setting next_dagrun for save_data to None, run_after=None
[2026-09-16T20:30:39.336+0000] {processor.py:183} INFO - Processing /opt/airflow/dags/stoke_dag.py took 0.092 seconds
[2026-09-16T20:31:09.629+0000] {processor.py:161} INFO - Started process (PID=2165) to work on /opt/airflow/dags/stoke_dag.py
[2026-09-16T20:31:09.630+0000] {processor.py:830} INFO - Processing file /opt/airflow/dags/stoke_dag.py for tasks to queue
[2026-09-16T20:31:09.632+0000] {logging_mixin.py:188} INFO - [2026-09-16T20:31:09.632+0000] {dagbag.py:545} INFO - Filling up the DagBag from /opt/airflow/dags/stoke_dag.py
[2026-09-16T20:31:09.648+0000] {processor.py:840} INFO - DAG(s) 'save_data' retrieved from /opt/airflow/dags/stoke_dag.py
[2026-09-16T20:31:09.668+0000] {logging_mixin.py:188} INFO - [2026-09-16T20:31:09.668+0000] {dag.py:3096} INFO - Sync 1 DAGs
[2026-09-16T20:31:09.679+0000] {logging_mixin.py:188} INFO - [2026-09-16T20:31:09.679+0000] {dag.py:3954} INFO - Setting next_dagrun for save_data to None, run_after=None
[2026-09-16T20:31:09.701+0000] {processor.py:183} INFO - Processing /opt/airflow/dags/stoke_dag.py took 0.078 seconds
[2026-09-16T20:31:39.999+0000] {processor.py:161} INFO - Started process (PID=2174) to work on /opt/airflow/dags/stoke_dag.py
[2026-09-16T20:31:40.000+0000] {processor.py:830} INFO - Processing file /opt/airflow/dags/stoke_dag.py for tasks to queue
[2026-09-16T20:31:40.003+0000] {logging_mixin.py:188} INFO - [2026-09-16T20:31:40.002+0000] {dagbag.py:545} INFO - Filling up the DagBag from /opt/airflow/dags/stoke_dag.py
[2026-09-16T20:31:40.020+0000] {processor.py:840} INFO - DAG(s) 'save_data' retrieved from /opt/airflow/dags/stoke_dag.py
[2026-09-16T20:31:40.040+0000] {logging_mixin.py:188} INFO - [2026-09-16T20:31:40.040+0000] {dag.py:3096} INFO - Sync 1 DAGs
[2026-09-16T20:31:40.050+0000] {logging_mixin.py:188} INFO - [2026-09-16T20:31:40.050+0000] {dag.py:3954} INFO - Setting next_dagrun for save_data to None, run_after=None
[2026-09-16T20:31:40.072+0000] {processor.py:183} INFO - Processing /opt/airflow/dags/stoke_dag.py took 0.081 seconds
[2026-09-16T20:32:10.385+0000] {processor.py:161} INFO - Started process (PID=2183) to work on /opt/airflow/dags/stoke_dag.py
[2026-09-16T20:32:10.386+0000] {processor.py:830} INFO - Processing file /opt/airflow/dags/stoke_dag.py for tasks to queue
[2026-09-16T20:32:10.388+0000] {logging_mixin.py:188} INFO - [2026-09-16T20:32:10.388+0000] {dagbag.py:545} INFO - Filling up the DagBag from /opt/airflow/dags/stoke_dag.py
[2026-09-16T20:32:10.403+0000] {processor.py:840} INFO - DAG(s) 'save_data' retrieved from /opt/airflow/dags/stoke_dag.py
[2026-09-16T20:32:10.423+0000] {logging_mixin.py:188} INFO - [2026-09-16T20:32:10.422+0000] {dag.py:3096} INFO - Sync 1 DAGs
[2026-09-16T20:32:10.434+0000] {logging_mixin.py:188} INFO - [2026-09-16T20:32:10.434+0000] {dag.py:3954} INFO - Setting next_dagrun for save_data to None, run_after=None
[2026-09-16T20:32:10.454+0000] {processor.py:183} INFO - Processing /opt/airflow/dags/stoke_dag.py took 0.075 seconds
[2026-09-16T20:32:40.755+0000] {processor.py:161} INFO - Started process (PID=2192) to work on /opt/airflow/dags/stoke_dag.py
[2026-09-16T20:32:40.756+0000] {processor.py:830} INFO - Processing file /opt/airflow/dags/stoke_dag.py for tasks to queue
[2026-09-16T20:32:40.759+0000] {logging_mixin.py:188} INFO - [2026-09-16T20:32:40.758+0000] {dagbag.py:545} INFO - Filling up the DagBag from /opt/airflow/dags/stoke_dag.py
[2026-09-16T20:32:40.774+0000] {processor.py:840} INFO - DAG(s) 'save_data' retrieved from /opt/airflow/dags/stoke_dag.py
[2026-09-16T20:32:40.797+0000] {logging_mixin.py:188} INFO - [2026-09-16T20:32:40.797+0000] {dag.py:3096} INFO - Sync 1 DAGs
[2026-09-16T20:32:40.807+0000] {logging_mixin.py:188} INFO - [2026-09-16T20:32:40.807+0000] {dag.py:3954} INFO - Setting next_dagrun for save_data to None, run_after=None
[2026-09-16T20:32:40.829+0000] {processor.py:183} INFO - Processing /opt/airflow/dags/stoke_dag.py took 0.080 seconds
[2026-09-16T20:33:11.096+0000] {processor.py:161} INFO - Started process (PID=2201) to work on /opt/airflow/dags/stoke_dag.py
[2026-09-16T20:33:11.097+0000] {processor.py:830} INFO - Processing file /opt/airflow/dags/stoke_dag.py for tasks to queue
[2026-09-16T20:33:11.100+0000] {logging_mixin.py:188} INFO - [2026-09-16T20:33:11.100+0000] {dagbag.py:545} INFO - Filling up the DagBag from /opt/airflow/dags/stoke_dag.py
[2026-09-16T20:33:11.119+0000] {processor.py:840} INFO - DAG(s) 'save_data' retrieved from /opt/airflow/dags/stoke_dag.py
[2026-09-16T20:33:11.145+0000] {logging_mixin.py:188} INFO - [2026-09-16T20:33:11.144+0000] {dag.py:3096} INFO - Sync 1 DAGs
[2026-09-16T20:33:11.156+0000] {logging_mixin.py:188} INFO - [2026-09-16T20:33:11.156+0000] {dag.py:3954} INFO - Setting next_dagrun for save_data to None, run_after=None
[2026-09-16T20:33:11.176+0000] {processor.py:183} INFO - Processing /opt/airflow/dags/stoke_dag.py took 0.088 seconds
[2026-09-16T20:33:41.489+0000] {processor.py:161} INFO - Started process (PID=2210) to work on /opt/airflow/dags/stoke_dag.py
[2026-09-16T20:33:41.490+0000] {processor.py:830} INFO - Processing file /opt/airflow/dags/stoke_dag.py for tasks to queue
[2026-09-16T20:33:41.491+0000] {logging_mixin.py:188} INFO - [2026-09-16T20:33:41.491+0000] {dagbag.py:545} INFO - Filling up the DagBag from /opt/airflow/dags/stoke_dag.py
[2026-09-16T20:33:41.508+0000] {processor.py:840} INFO - DAG(s) 'save_data' retrieved from /opt/airflow/dags/stoke_dag.py
[2026-09-16T20:33:41.528+0000] {logging_mixin.py:188} INFO - [2026-09-16T20:33:41.528+0000] {dag.py:3096} INFO - Sync 1 DAGs
[2026-09-16T20:33:41.539+0000] {logging_mixin.py:188} INFO - [2026-09-16T20:33:41.539+0000] {dag.py:3954} INFO - Setting next_dagrun for save_data to None, run_after=None
[2026-09-16T20:33:41.562+0000] {processor.py:183} INFO - Processing /opt/airflow/dags/stoke_dag.py took 0.082 seconds
[2026-09-16T20:34:11.802+0000] {processor.py:161} INFO - Started process (PID=2217) to work on /opt/airflow/dags/stoke_dag.py
[2026-09-16T20:34:11.804+0000] {processor.py:830} INFO - Processing file /opt/airflow/dags/stoke_dag.py for tasks to queue
[2026-09-16T20:34:11.807+0000] {logging_mixin.py:188} INFO - [2026-09-16T20:34:11.807+0000] {dagbag.py:545} INFO - Filling up the DagBag from /opt/airflow/dags/stoke_dag.py
[2026-09-16T20:34:11.847+0000] {processor.py:840} INFO - DAG(s) 'save_data' retrieved from /opt/airflow/dags/stoke_dag.py
[2026-09-16T20:34:11.887+0000] {logging_mixin.py:188} INFO - [2026-09-16T20:34:11.887+0000] {dag.py:3096} INFO - Sync 1 DAGs
[2026-09-16T20:34:11.905+0000] {logging_mixin.py:188} INFO - [2026-09-16T20:34:11.905+0000] {dag.py:3954} INFO - Setting next_dagrun for save_data to None, run_after=None
[2026-09-16T20:34:11.933+0000] {processor.py:183} INFO - Processing /opt/airflow/dags/stoke_dag.py took 0.143 seconds
[2026-09-16T20:34:42.265+0000] {processor.py:161} INFO - Started process (PID=2226) to work on /opt/airflow/dags/stoke_dag.py
[2026-09-16T20:34:42.266+0000] {processor.py:830} INFO - Processing file /opt/airflow/dags/stoke_dag.py for tasks to queue
[2026-09-16T20:34:42.269+0000] {logging_mixin.py:188} INFO - [2026-09-16T20:34:42.268+0000] {dagbag.py:545} INFO - Filling up the DagBag from /opt/airflow/dags/stoke_dag.py
[2026-09-16T20:34:42.288+0000] {processor.py:840} INFO - DAG(s) 'save_data' retrieved from /opt/airflow/dags/stoke_dag.py
[2026-09-16T20:34:42.310+0000] {logging_mixin.py:188} INFO - [2026-09-16T20:34:42.310+0000] {dag.py:3096} INFO - Sync 1 DAGs
[2026-09-16T20:34:42.321+0000] {logging_mixin.py:188} INFO - [2026-09-16T20:34:42.321+0000] {dag.py:3954} INFO - Setting next_dagrun for save_data to None, run_after=None
[2026-09-16T20:34:42.340+0000] {processor.py:183} INFO - Processing /opt/airflow/dags/stoke_dag.py took 0.086 seconds
[2026-09-16T20:35:12.660+0000] {processor.py:161} INFO - Started process (PID=2235) to work on /opt/airflow/dags/stoke_dag.py
[2026-09-16T20:35:12.662+0000] {processor.py:830} INFO - Processing file /opt/airflow/dags/stoke_dag.py for tasks to queue
[2026-09-16T20:35:12.665+0000] {logging_mixin.py:188} INFO - [2026-09-16T20:35:12.665+0000] {dagbag.py:545} INFO - Filling up the DagBag from /opt/airflow/dags/stoke_dag.py
[2026-09-16T20:35:12.694+0000] {processor.py:840} INFO - DAG(s) 'save_data' retrieved from /opt/airflow/dags/stoke_dag.py
[2026-09-16T20:35:12.739+0000] {logging_mixin.py:188} INFO - [2026-09-16T20:35:12.739+0000] {dag.py:3096} INFO - Sync 1 DAGs
[2026-09-16T20:35:12.757+0000] {logging_mixin.py:188} INFO - [2026-09-16T20:35:12.757+0000] {dag.py:3954} INFO - Setting next_dagrun for save_data to None, run_after=None
[2026-09-16T20:35:12.793+0000] {processor.py:183} INFO - Processing /opt/airflow/dags/stoke_dag.py took 0.144 seconds
[2026-09-16T20:35:43.130+0000] {processor.py:161} INFO - Started process (PID=2244) to work on /opt/airflow/dags/stoke_dag.py
[2026-09-16T20:35:43.132+0000] {processor.py:830} INFO - Processing file /opt/airflow/dags/stoke_dag.py for tasks to queue
[2026-09-16T20:35:43.134+0000] {logging_mixin.py:188} INFO - [2026-09-16T20:35:43.134+0000] {dagbag.py:545} INFO - Filling up the DagBag from /opt/airflow/dags/stoke_dag.py
[2026-09-16T20:35:43.157+0000] {processor.py:840} INFO - DAG(s) 'save_data' retrieved from /opt/airflow/dags/stoke_dag.py
[2026-09-16T20:35:43.181+0000] {logging_mixin.py:188} INFO - [2026-09-16T20:35:43.181+0000] {dag.py:3096} INFO - Sync 1 DAGs
[2026-09-16T20:35:43.194+0000] {logging_mixin.py:188} INFO - [2026-09-16T20:35:43.194+0000] {dag.py:3954} INFO - Setting next_dagrun for save_data to None, run_after=None
[2026-09-16T20:35:43.215+0000] {processor.py:183} INFO - Processing /opt/airflow/dags/stoke_dag.py took 0.096 seconds
[2026-09-16T20:36:13.549+0000] {processor.py:161} INFO - Started process (PID=2253) to work on /opt/airflow/dags/stoke_dag.py
[2026-09-16T20:36:13.550+0000] {processor.py:830} INFO - Processing file /opt/airflow/dags/stoke_dag.py for tasks to queue
[2026-09-16T20:36:13.553+0000] {logging_mixin.py:188} INFO - [2026-09-16T20:36:13.552+0000] {dagbag.py:545} INFO - Filling up the DagBag from /opt/airflow/dags/stoke_dag.py
[2026-09-16T20:36:13.572+0000] {processor.py:840} INFO - DAG(s) 'save_data' retrieved from /opt/airflow/dags/stoke_dag.py
[2026-09-16T20:36:13.602+0000] {logging_mixin.py:188} INFO - [2026-09-16T20:36:13.602+0000] {dag.py:3096} INFO - Sync 1 DAGs
[2026-09-16T20:36:13.618+0000] {logging_mixin.py:188} INFO - [2026-09-16T20:36:13.617+0000] {dag.py:3954} INFO - Setting next_dagrun for save_data to None, run_after=None
[2026-09-16T20:36:13.641+0000] {processor.py:183} INFO - Processing /opt/airflow/dags/stoke_dag.py took 0.099 seconds
[2026-09-16T20:36:43.939+0000] {processor.py:161} INFO - Started process (PID=2262) to work on /opt/airflow/dags/stoke_dag.py
[2026-09-16T20:36:43.940+0000] {processor.py:830} INFO - Processing file /opt/airflow/dags/stoke_dag.py for tasks to queue
[2026-09-16T20:36:43.942+0000] {logging_mixin.py:188} INFO - [2026-09-16T20:36:43.942+0000] {dagbag.py:545} INFO - Filling up the DagBag from /opt/airflow/dags/stoke_dag.py
[2026-09-16T20:36:43.966+0000] {processor.py:840} INFO - DAG(s) 'save_data' retrieved from /opt/airflow/dags/stoke_dag.py
[2026-09-16T20:36:43.993+0000] {logging_mixin.py:188} INFO - [2026-09-16T20:36:43.992+0000] {dag.py:3096} INFO - Sync 1 DAGs
[2026-09-16T20:36:44.005+0000] {logging_mixin.py:188} INFO - [2026-09-16T20:36:44.005+0000] {dag.py:3954} INFO - Setting next_dagrun for save_data to None, run_after=None
[2026-09-16T20:36:44.023+0000] {processor.py:183} INFO - Processing /opt/airflow/dags/stoke_dag.py took 0.091 seconds
[2026-09-16T20:37:14.374+0000] {processor.py:161} INFO - Started process (PID=2271) to work on /opt/airflow/dags/stoke_dag.py
[2026-09-16T20:37:14.375+0000] {processor.py:830} INFO - Processing file /opt/airflow/dags/stoke_dag.py for tasks to queue
[2026-09-16T20:37:14.377+0000] {logging_mixin.py:188} INFO - [2026-09-16T20:37:14.377+0000] {dagbag.py:545} INFO - Filling up the DagBag from /opt/airflow/dags/stoke_dag.py
[2026-09-16T20:37:14.393+0000] {processor.py:840} INFO - DAG(s) 'save_data' retrieved from /opt/airflow/dags/stoke_dag.py
[2026-09-16T20:37:14.414+0000] {logging_mixin.py:188} INFO - [2026-09-16T20:37:14.414+0000] {dag.py:3096} INFO - Sync 1 DAGs
[2026-09-16T20:37:14.425+0000] {logging_mixin.py:188} INFO - [2026-09-16T20:37:14.424+0000] {dag.py:3954} INFO - Setting next_dagrun for save_data to None, run_after=None
[2026-09-16T20:37:14.447+0000] {processor.py:183} INFO - Processing /opt/airflow/dags/stoke_dag.py took 0.081 seconds
[2026-09-16T20:37:44.781+0000] {processor.py:161} INFO - Started process (PID=2280) to work on /opt/airflow/dags/stoke_dag.py
[2026-09-16T20:37:44.782+0000] {processor.py:830} INFO - Processing file /opt/airflow/dags/stoke_dag.py for tasks to queue
[2026-09-16T20:37:44.783+0000] {logging_mixin.py:188} INFO - [2026-09-16T20:37:44.783+0000] {dagbag.py:545} INFO - Filling up the DagBag from /opt/airflow/dags/stoke_dag.py
[2026-09-16T20:37:44.798+0000] {processor.py:840} INFO - DAG(s) 'save_data' retrieved from /opt/airflow/dags/stoke_dag.py
[2026-09-16T20:37:44.818+0000] {logging_mixin.py:188} INFO - [2026-09-16T20:37:44.818+0000] {dag.py:3096} INFO - Sync 1 DAGs
[2026-09-16T20:37:44.829+0000] {logging_mixin.py:188} INFO - [2026-09-16T20:37:44.829+0000] {dag.py:3954} INFO - Setting next_dagrun for save_data to None, run_after=None
[2026-09-16T20:37:44.859+0000] {processor.py:183} INFO - Processing /opt/airflow/dags/stoke_dag.py took 0.084 seconds
[2026-09-16T20:38:15.141+0000] {processor.py:161} INFO - Started process (PID=2289) to work on /opt/airflow/dags/stoke_dag.py
[2026-09-16T20:38:15.142+0000] {processor.py:830} INFO - Processing file /opt/airflow/dags/stoke_dag.py for tasks to queue
[2026-09-16T20:38:15.145+0000] {logging_mixin.py:188} INFO - [2026-09-16T20:38:15.144+0000] {dagbag.py:545} INFO - Filling up the DagBag from /opt/airflow/dags/stoke_dag.py
[2026-09-16T20:38:15.162+0000] {processor.py:840} INFO - DAG(s) 'save_data' retrieved from /opt/airflow/dags/stoke_dag.py
[2026-09-16T20:38:15.188+0000] {logging_mixin.py:188} INFO - [2026-09-16T20:38:15.187+0000] {dag.py:3096} INFO - Sync 1 DAGs
[2026-09-16T20:38:15.198+0000] {logging_mixin.py:188} INFO - [2026-09-16T20:38:15.198+0000] {dag.py:3954} INFO - Setting next_dagrun for save_data to None, run_after=None
[2026-09-16T20:38:15.221+0000] {processor.py:183} INFO - Processing /opt/airflow/dags/stoke_dag.py took 0.087 seconds
[2026-09-16T20:38:45.525+0000] {processor.py:161} INFO - Started process (PID=2298) to work on /opt/airflow/dags/stoke_dag.py
[2026-09-16T20:38:45.527+0000] {processor.py:830} INFO - Processing file /opt/airflow/dags/stoke_dag.py for tasks to queue
[2026-09-16T20:38:45.529+0000] {logging_mixin.py:188} INFO - [2026-09-16T20:38:45.529+0000] {dagbag.py:545} INFO - Filling up the DagBag from /opt/airflow/dags/stoke_dag.py
[2026-09-16T20:38:45.547+0000] {processor.py:840} INFO - DAG(s) 'save_data' retrieved from /opt/airflow/dags/stoke_dag.py
[2026-09-16T20:38:45.572+0000] {logging_mixin.py:188} INFO - [2026-09-16T20:38:45.572+0000] {dag.py:3096} INFO - Sync 1 DAGs
[2026-09-16T20:38:45.587+0000] {logging_mixin.py:188} INFO - [2026-09-16T20:38:45.587+0000] {dag.py:3954} INFO - Setting next_dagrun for save_data to None, run_after=None
[2026-09-16T20:38:45.609+0000] {processor.py:183} INFO - Processing /opt/airflow/dags/stoke_dag.py took 0.090 seconds
[2026-09-16T20:39:15.939+0000] {processor.py:161} INFO - Started process (PID=2307) to work on /opt/airflow/dags/stoke_dag.py
[2026-09-16T20:39:15.940+0000] {processor.py:830} INFO - Processing file /opt/airflow/dags/stoke_dag.py for tasks to queue
[2026-09-16T20:39:15.942+0000] {logging_mixin.py:188} INFO - [2026-09-16T20:39:15.941+0000] {dagbag.py:545} INFO - Filling up the DagBag from /opt/airflow/dags/stoke_dag.py
[2026-09-16T20:39:15.957+0000] {processor.py:840} INFO - DAG(s) 'save_data' retrieved from /opt/airflow/dags/stoke_dag.py
[2026-09-16T20:39:15.978+0000] {logging_mixin.py:188} INFO - [2026-09-16T20:39:15.978+0000] {dag.py:3096} INFO - Sync 1 DAGs
[2026-09-16T20:39:15.989+0000] {logging_mixin.py:188} INFO - [2026-09-16T20:39:15.989+0000] {dag.py:3954} INFO - Setting next_dagrun for save_data to None, run_after=None
[2026-09-16T20:39:16.010+0000] {processor.py:183} INFO - Processing /opt/airflow/dags/stoke_dag.py took 0.077 seconds
[2026-09-16T20:39:46.318+0000] {processor.py:161} INFO - Started process (PID=2316) to work on /opt/airflow/dags/stoke_dag.py
[2026-09-16T20:39:46.319+0000] {processor.py:830} INFO - Processing file /opt/airflow/dags/stoke_dag.py for tasks to queue
[2026-09-16T20:39:46.321+0000] {logging_mixin.py:188} INFO - [2026-09-16T20:39:46.321+0000] {dagbag.py:545} INFO - Filling up the DagBag from /opt/airflow/dags/stoke_dag.py
[2026-09-16T20:39:46.338+0000] {processor.py:840} INFO - DAG(s) 'save_data' retrieved from /opt/airflow/dags/stoke_dag.py
[2026-09-16T20:39:46.359+0000] {logging_mixin.py:188} INFO - [2026-09-16T20:39:46.358+0000] {dag.py:3096} INFO - Sync 1 DAGs
[2026-09-16T20:39:46.369+0000] {logging_mixin.py:188} INFO - [2026-09-16T20:39:46.369+0000] {dag.py:3954} INFO - Setting next_dagrun for save_data to None, run_after=None
[2026-09-16T20:39:46.389+0000] {processor.py:183} INFO - Processing /opt/airflow/dags/stoke_dag.py took 0.080 seconds
[2026-09-16T20:40:16.703+0000] {processor.py:161} INFO - Started process (PID=2325) to work on /opt/airflow/dags/stoke_dag.py
[2026-09-16T20:40:16.705+0000] {processor.py:830} INFO - Processing file /opt/airflow/dags/stoke_dag.py for tasks to queue
[2026-09-16T20:40:16.708+0000] {logging_mixin.py:188} INFO - [2026-09-16T20:40:16.707+0000] {dagbag.py:545} INFO - Filling up the DagBag from /opt/airflow/dags/stoke_dag.py
[2026-09-16T20:40:16.732+0000] {processor.py:840} INFO - DAG(s) 'save_data' retrieved from /opt/airflow/dags/stoke_dag.py
[2026-09-16T20:40:16.760+0000] {logging_mixin.py:188} INFO - [2026-09-16T20:40:16.760+0000] {dag.py:3096} INFO - Sync 1 DAGs
[2026-09-16T20:40:16.774+0000] {logging_mixin.py:188} INFO - [2026-09-16T20:40:16.774+0000] {dag.py:3954} INFO - Setting next_dagrun for save_data to None, run_after=None
[2026-09-16T20:40:16.794+0000] {processor.py:183} INFO - Processing /opt/airflow/dags/stoke_dag.py took 0.098 seconds
[2026-09-16T20:40:47.111+0000] {processor.py:161} INFO - Started process (PID=2334) to work on /opt/airflow/dags/stoke_dag.py
[2026-09-16T20:40:47.112+0000] {processor.py:830} INFO - Processing file /opt/airflow/dags/stoke_dag.py for tasks to queue
[2026-09-16T20:40:47.114+0000] {logging_mixin.py:188} INFO - [2026-09-16T20:40:47.114+0000] {dagbag.py:545} INFO - Filling up the DagBag from /opt/airflow/dags/stoke_dag.py
[2026-09-16T20:40:47.130+0000] {processor.py:840} INFO - DAG(s) 'save_data' retrieved from /opt/airflow/dags/stoke_dag.py
[2026-09-16T20:40:47.150+0000] {logging_mixin.py:188} INFO - [2026-09-16T20:40:47.150+0000] {dag.py:3096} INFO - Sync 1 DAGs
[2026-09-16T20:40:47.162+0000] {logging_mixin.py:188} INFO - [2026-09-16T20:40:47.161+0000] {dag.py:3954} INFO - Setting next_dagrun for save_data to None, run_after=None
[2026-09-16T20:40:47.182+0000] {processor.py:183} INFO - Processing /opt/airflow/dags/stoke_dag.py took 0.078 seconds
[2026-09-16T20:41:17.513+0000] {processor.py:161} INFO - Started process (PID=2343) to work on /opt/airflow/dags/stoke_dag.py
[2026-09-16T20:41:17.514+0000] {processor.py:830} INFO - Processing file /opt/airflow/dags/stoke_dag.py for tasks to queue
[2026-09-16T20:41:17.517+0000] {logging_mixin.py:188} INFO - [2026-09-16T20:41:17.517+0000] {dagbag.py:545} INFO - Filling up the DagBag from /opt/airflow/dags/stoke_dag.py
[2026-09-16T20:41:17.538+0000] {processor.py:840} INFO - DAG(s) 'save_data' retrieved from /opt/airflow/dags/stoke_dag.py
[2026-09-16T20:41:17.560+0000] {logging_mixin.py:188} INFO - [2026-09-16T20:41:17.559+0000] {dag.py:3096} INFO - Sync 1 DAGs
[2026-09-16T20:41:17.572+0000] {logging_mixin.py:188} INFO - [2026-09-16T20:41:17.571+0000] {dag.py:3954} INFO - Setting next_dagrun for save_data to None, run_after=None
[2026-09-16T20:41:17.592+0000] {processor.py:183} INFO - Processing /opt/airflow/dags/stoke_dag.py took 0.086 seconds
[2026-09-16T20:41:47.906+0000] {processor.py:161} INFO - Started process (PID=2352) to work on /opt/airflow/dags/stoke_dag.py
[2026-09-16T20:41:47.907+0000] {processor.py:830} INFO - Processing file /opt/airflow/dags/stoke_dag.py for tasks to queue
[2026-09-16T20:41:47.910+0000] {logging_mixin.py:188} INFO - [2026-09-16T20:41:47.910+0000] {dagbag.py:545} INFO - Filling up the DagBag from /opt/airflow/dags/stoke_dag.py
[2026-09-16T20:41:47.926+0000] {processor.py:840} INFO - DAG(s) 'save_data' retrieved from /opt/airflow/dags/stoke_dag.py
[2026-09-16T20:41:47.947+0000] {logging_mixin.py:188} INFO - [2026-09-16T20:41:47.947+0000] {dag.py:3096} INFO - Sync 1 DAGs
[2026-09-16T20:41:47.959+0000] {logging_mixin.py:188} INFO - [2026-09-16T20:41:47.959+0000] {dag.py:3954} INFO - Setting next_dagrun for save_data to None, run_after=None
[2026-09-16T20:41:47.978+0000] {processor.py:183} INFO - Processing /opt/airflow/dags/stoke_dag.py took 0.080 seconds
[2026-09-16T20:42:18.298+0000] {processor.py:161} INFO - Started process (PID=2361) to work on /opt/airflow/dags/stoke_dag.py
[2026-09-16T20:42:18.300+0000] {processor.py:830} INFO - Processing file /opt/airflow/dags/stoke_dag.py for tasks to queue
[2026-09-16T20:42:18.301+0000] {logging_mixin.py:188} INFO - [2026-09-16T20:42:18.301+0000] {dagbag.py:545} INFO - Filling up the DagBag from /opt/airflow/dags/stoke_dag.py
[2026-09-16T20:42:18.316+0000] {processor.py:840} INFO - DAG(s) 'save_data' retrieved from /opt/airflow/dags/stoke_dag.py
[2026-09-16T20:42:18.337+0000] {logging_mixin.py:188} INFO - [2026-09-16T20:42:18.337+0000] {dag.py:3096} INFO - Sync 1 DAGs
[2026-09-16T20:42:18.347+0000] {logging_mixin.py:188} INFO - [2026-09-16T20:42:18.347+0000] {dag.py:3954} INFO - Setting next_dagrun for save_data to None, run_after=None
[2026-09-16T20:42:18.368+0000] {processor.py:183} INFO - Processing /opt/airflow/dags/stoke_dag.py took 0.076 seconds
[2026-09-16T20:42:48.680+0000] {processor.py:161} INFO - Started process (PID=2370) to work on /opt/airflow/dags/stoke_dag.py
[2026-09-16T20:42:48.681+0000] {processor.py:830} INFO - Processing file /opt/airflow/dags/stoke_dag.py for tasks to queue
[2026-09-16T20:42:48.683+0000] {logging_mixin.py:188} INFO - [2026-09-16T20:42:48.683+0000] {dagbag.py:545} INFO - Filling up the DagBag from /opt/airflow/dags/stoke_dag.py
[2026-09-16T20:42:48.697+0000] {processor.py:840} INFO - DAG(s) 'save_data' retrieved from /opt/airflow/dags/stoke_dag.py
[2026-09-16T20:42:48.718+0000] {logging_mixin.py:188} INFO - [2026-09-16T20:42:48.718+0000] {dag.py:3096} INFO - Sync 1 DAGs
[2026-09-16T20:42:48.729+0000] {logging_mixin.py:188} INFO - [2026-09-16T20:42:48.728+0000] {dag.py:3954} INFO - Setting next_dagrun for save_data to None, run_after=None
[2026-09-16T20:42:48.748+0000] {processor.py:183} INFO - Processing /opt/airflow/dags/stoke_dag.py took 0.074 seconds
[2026-09-16T20:43:19.069+0000] {processor.py:161} INFO - Started process (PID=2379) to work on /opt/airflow/dags/stoke_dag.py
[2026-09-16T20:43:19.070+0000] {processor.py:830} INFO - Processing file /opt/airflow/dags/stoke_dag.py for tasks to queue
[2026-09-16T20:43:19.073+0000] {logging_mixin.py:188} INFO - [2026-09-16T20:43:19.073+0000] {dagbag.py:545} INFO - Filling up the DagBag from /opt/airflow/dags/stoke_dag.py
[2026-09-16T20:43:19.091+0000] {processor.py:840} INFO - DAG(s) 'save_data' retrieved from /opt/airflow/dags/stoke_dag.py
[2026-09-16T20:43:19.112+0000] {logging_mixin.py:188} INFO - [2026-09-16T20:43:19.112+0000] {dag.py:3096} INFO - Sync 1 DAGs
[2026-09-16T20:43:19.122+0000] {logging_mixin.py:188} INFO - [2026-09-16T20:43:19.122+0000] {dag.py:3954} INFO - Setting next_dagrun for save_data to None, run_after=None
[2026-09-16T20:43:19.142+0000] {processor.py:183} INFO - Processing /opt/airflow/dags/stoke_dag.py took 0.080 seconds
[2026-09-16T20:43:49.444+0000] {processor.py:161} INFO - Started process (PID=2388) to work on /opt/airflow/dags/stoke_dag.py
[2026-09-16T20:43:49.446+0000] {processor.py:830} INFO - Processing file /opt/airflow/dags/stoke_dag.py for tasks to queue
[2026-09-16T20:43:49.447+0000] {logging_mixin.py:188} INFO - [2026-09-16T20:43:49.447+0000] {dagbag.py:545} INFO - Filling up the DagBag from /opt/airflow/dags/stoke_dag.py
[2026-09-16T20:43:49.463+0000] {processor.py:840} INFO - DAG(s) 'save_data' retrieved from /opt/airflow/dags/stoke_dag.py
[2026-09-16T20:43:49.486+0000] {logging_mixin.py:188} INFO - [2026-09-16T20:43:49.486+0000] {dag.py:3096} INFO - Sync 1 DAGs
[2026-09-16T20:43:49.498+0000] {logging_mixin.py:188} INFO - [2026-09-16T20:43:49.498+0000] {dag.py:3954} INFO - Setting next_dagrun for save_data to None, run_after=None
[2026-09-16T20:43:49.518+0000] {processor.py:183} INFO - Processing /opt/airflow/dags/stoke_dag.py took 0.079 seconds
[2026-09-16T20:44:19.852+0000] {processor.py:161} INFO - Started process (PID=2397) to work on /opt/airflow/dags/stoke_dag.py
[2026-09-16T20:44:19.854+0000] {processor.py:830} INFO - Processing file /opt/airflow/dags/stoke_dag.py for tasks to queue
[2026-09-16T20:44:19.856+0000] {logging_mixin.py:188} INFO - [2026-09-16T20:44:19.856+0000] {dagbag.py:545} INFO - Filling up the DagBag from /opt/airflow/dags/stoke_dag.py
[2026-09-16T20:44:19.873+0000] {processor.py:840} INFO - DAG(s) 'save_data' retrieved from /opt/airflow/dags/stoke_dag.py
[2026-09-16T20:44:19.894+0000] {logging_mixin.py:188} INFO - [2026-09-16T20:44:19.893+0000] {dag.py:3096} INFO - Sync 1 DAGs
[2026-09-16T20:44:19.905+0000] {logging_mixin.py:188} INFO - [2026-09-16T20:44:19.905+0000] {dag.py:3954} INFO - Setting next_dagrun for save_data to None, run_after=None
[2026-09-16T20:44:19.926+0000] {processor.py:183} INFO - Processing /opt/airflow/dags/stoke_dag.py took 0.082 seconds
[2026-09-16T20:44:50.236+0000] {processor.py:161} INFO - Started process (PID=2406) to work on /opt/airflow/dags/stoke_dag.py
[2026-09-16T20:44:50.238+0000] {processor.py:830} INFO - Processing file /opt/airflow/dags/stoke_dag.py for tasks to queue
[2026-09-16T20:44:50.241+0000] {logging_mixin.py:188} INFO - [2026-09-16T20:44:50.241+0000] {dagbag.py:545} INFO - Filling up the DagBag from /opt/airflow/dags/stoke_dag.py
[2026-09-16T20:44:50.264+0000] {processor.py:840} INFO - DAG(s) 'save_data' retrieved from /opt/airflow/dags/stoke_dag.py
[2026-09-16T20:44:50.298+0000] {logging_mixin.py:188} INFO - [2026-09-16T20:44:50.298+0000] {dag.py:3096} INFO - Sync 1 DAGs
[2026-09-16T20:44:50.315+0000] {logging_mixin.py:188} INFO - [2026-09-16T20:44:50.314+0000] {dag.py:3954} INFO - Setting next_dagrun for save_data to None, run_after=None
[2026-09-16T20:44:50.340+0000] {processor.py:183} INFO - Processing /opt/airflow/dags/stoke_dag.py took 0.112 seconds
[2026-09-16T20:45:20.682+0000] {processor.py:161} INFO - Started process (PID=2415) to work on /opt/airflow/dags/stoke_dag.py
[2026-09-16T20:45:20.683+0000] {processor.py:830} INFO - Processing file /opt/airflow/dags/stoke_dag.py for tasks to queue
[2026-09-16T20:45:20.685+0000] {logging_mixin.py:188} INFO - [2026-09-16T20:45:20.685+0000] {dagbag.py:545} INFO - Filling up the DagBag from /opt/airflow/dags/stoke_dag.py
[2026-09-16T20:45:20.703+0000] {processor.py:840} INFO - DAG(s) 'save_data' retrieved from /opt/airflow/dags/stoke_dag.py
[2026-09-16T20:45:20.724+0000] {logging_mixin.py:188} INFO - [2026-09-16T20:45:20.724+0000] {dag.py:3096} INFO - Sync 1 DAGs
[2026-09-16T20:45:20.736+0000] {logging_mixin.py:188} INFO - [2026-09-16T20:45:20.735+0000] {dag.py:3954} INFO - Setting next_dagrun for save_data to None, run_after=None
[2026-09-16T20:45:20.754+0000] {processor.py:183} INFO - Processing /opt/airflow/dags/stoke_dag.py took 0.080 seconds
[2026-09-16T20:45:51.058+0000] {processor.py:161} INFO - Started process (PID=2424) to work on /opt/airflow/dags/stoke_dag.py
[2026-09-16T20:45:51.060+0000] {processor.py:830} INFO - Processing file /opt/airflow/dags/stoke_dag.py for tasks to queue
[2026-09-16T20:45:51.062+0000] {logging_mixin.py:188} INFO - [2026-09-16T20:45:51.062+0000] {dagbag.py:545} INFO - Filling up the DagBag from /opt/airflow/dags/stoke_dag.py
[2026-09-16T20:45:51.080+0000] {processor.py:840} INFO - DAG(s) 'save_data' retrieved from /opt/airflow/dags/stoke_dag.py
[2026-09-16T20:45:51.103+0000] {logging_mixin.py:188} INFO - [2026-09-16T20:45:51.103+0000] {dag.py:3096} INFO - Sync 1 DAGs
[2026-09-16T20:45:51.115+0000] {logging_mixin.py:188} INFO - [2026-09-16T20:45:51.114+0000] {dag.py:3954} INFO - Setting next_dagrun for save_data to None, run_after=None
[2026-09-16T20:45:51.135+0000] {processor.py:183} INFO - Processing /opt/airflow/dags/stoke_dag.py took 0.084 seconds
[2026-09-16T20:46:21.411+0000] {processor.py:161} INFO - Started process (PID=2433) to work on /opt/airflow/dags/stoke_dag.py
[2026-09-16T20:46:21.413+0000] {processor.py:830} INFO - Processing file /opt/airflow/dags/stoke_dag.py for tasks to queue
[2026-09-16T20:46:21.415+0000] {logging_mixin.py:188} INFO - [2026-09-16T20:46:21.414+0000] {dagbag.py:545} INFO - Filling up the DagBag from /opt/airflow/dags/stoke_dag.py
[2026-09-16T20:46:21.430+0000] {processor.py:840} INFO - DAG(s) 'save_data' retrieved from /opt/airflow/dags/stoke_dag.py
[2026-09-16T20:46:21.452+0000] {logging_mixin.py:188} INFO - [2026-09-16T20:46:21.452+0000] {dag.py:3096} INFO - Sync 1 DAGs
[2026-09-16T20:46:21.463+0000] {logging_mixin.py:188} INFO - [2026-09-16T20:46:21.463+0000] {dag.py:3954} INFO - Setting next_dagrun for save_data to None, run_after=None
[2026-09-16T20:46:21.485+0000] {processor.py:183} INFO - Processing /opt/airflow/dags/stoke_dag.py took 0.080 seconds
[2026-09-16T20:46:51.785+0000] {processor.py:161} INFO - Started process (PID=2442) to work on /opt/airflow/dags/stoke_dag.py
[2026-09-16T20:46:51.787+0000] {processor.py:830} INFO - Processing file /opt/airflow/dags/stoke_dag.py for tasks to queue
[2026-09-16T20:46:51.789+0000] {logging_mixin.py:188} INFO - [2026-09-16T20:46:51.788+0000] {dagbag.py:545} INFO - Filling up the DagBag from /opt/airflow/dags/stoke_dag.py
[2026-09-16T20:46:51.804+0000] {processor.py:840} INFO - DAG(s) 'save_data' retrieved from /opt/airflow/dags/stoke_dag.py
[2026-09-16T20:46:51.825+0000] {logging_mixin.py:188} INFO - [2026-09-16T20:46:51.825+0000] {dag.py:3096} INFO - Sync 1 DAGs
[2026-09-16T20:46:51.836+0000] {logging_mixin.py:188} INFO - [2026-09-16T20:46:51.836+0000] {dag.py:3954} INFO - Setting next_dagrun for save_data to None, run_after=None
[2026-09-16T20:46:51.859+0000] {processor.py:183} INFO - Processing /opt/airflow/dags/stoke_dag.py took 0.079 seconds
[2026-09-16T20:47:22.145+0000] {processor.py:161} INFO - Started process (PID=2451) to work on /opt/airflow/dags/stoke_dag.py
[2026-09-16T20:47:22.146+0000] {processor.py:830} INFO - Processing file /opt/airflow/dags/stoke_dag.py for tasks to queue
[2026-09-16T20:47:22.148+0000] {logging_mixin.py:188} INFO - [2026-09-16T20:47:22.148+0000] {dagbag.py:545} INFO - Filling up the DagBag from /opt/airflow/dags/stoke_dag.py
[2026-09-16T20:47:22.165+0000] {processor.py:840} INFO - DAG(s) 'save_data' retrieved from /opt/airflow/dags/stoke_dag.py
[2026-09-16T20:47:22.185+0000] {logging_mixin.py:188} INFO - [2026-09-16T20:47:22.185+0000] {dag.py:3096} INFO - Sync 1 DAGs
[2026-09-16T20:47:22.197+0000] {logging_mixin.py:188} INFO - [2026-09-16T20:47:22.196+0000] {dag.py:3954} INFO - Setting next_dagrun for save_data to None, run_after=None
[2026-09-16T20:47:22.215+0000] {processor.py:183} INFO - Processing /opt/airflow/dags/stoke_dag.py took 0.077 seconds
[2026-09-16T20:47:52.534+0000] {processor.py:161} INFO - Started process (PID=2460) to work on /opt/airflow/dags/stoke_dag.py
[2026-09-16T20:47:52.536+0000] {processor.py:830} INFO - Processing file /opt/airflow/dags/stoke_dag.py for tasks to queue
[2026-09-16T20:47:52.539+0000] {logging_mixin.py:188} INFO - [2026-09-16T20:47:52.539+0000] {dagbag.py:545} INFO - Filling up the DagBag from /opt/airflow/dags/stoke_dag.py
[2026-09-16T20:47:52.561+0000] {processor.py:840} INFO - DAG(s) 'save_data' retrieved from /opt/airflow/dags/stoke_dag.py
[2026-09-16T20:47:52.591+0000] {logging_mixin.py:188} INFO - [2026-09-16T20:47:52.591+0000] {dag.py:3096} INFO - Sync 1 DAGs
[2026-09-16T20:47:52.602+0000] {logging_mixin.py:188} INFO - [2026-09-16T20:47:52.602+0000] {dag.py:3954} INFO - Setting next_dagrun for save_data to None, run_after=None
[2026-09-16T20:47:52.621+0000] {processor.py:183} INFO - Processing /opt/airflow/dags/stoke_dag.py took 0.094 seconds
[2026-09-16T20:48:22.939+0000] {processor.py:161} INFO - Started process (PID=2469) to work on /opt/airflow/dags/stoke_dag.py
[2026-09-16T20:48:22.941+0000] {processor.py:830} INFO - Processing file /opt/airflow/dags/stoke_dag.py for tasks to queue
[2026-09-16T20:48:22.942+0000] {logging_mixin.py:188} INFO - [2026-09-16T20:48:22.942+0000] {dagbag.py:545} INFO - Filling up the DagBag from /opt/airflow/dags/stoke_dag.py
[2026-09-16T20:48:22.959+0000] {processor.py:840} INFO - DAG(s) 'save_data' retrieved from /opt/airflow/dags/stoke_dag.py
[2026-09-16T20:48:22.981+0000] {logging_mixin.py:188} INFO - [2026-09-16T20:48:22.980+0000] {dag.py:3096} INFO - Sync 1 DAGs
[2026-09-16T20:48:22.993+0000] {logging_mixin.py:188} INFO - [2026-09-16T20:48:22.993+0000] {dag.py:3954} INFO - Setting next_dagrun for save_data to None, run_after=None
[2026-09-16T20:48:23.012+0000] {processor.py:183} INFO - Processing /opt/airflow/dags/stoke_dag.py took 0.079 seconds
[2026-09-16T20:48:53.328+0000] {processor.py:161} INFO - Started process (PID=2478) to work on /opt/airflow/dags/stoke_dag.py
[2026-09-16T20:48:53.330+0000] {processor.py:830} INFO - Processing file /opt/airflow/dags/stoke_dag.py for tasks to queue
[2026-09-16T20:48:53.332+0000] {logging_mixin.py:188} INFO - [2026-09-16T20:48:53.332+0000] {dagbag.py:545} INFO - Filling up the DagBag from /opt/airflow/dags/stoke_dag.py
[2026-09-16T20:48:53.356+0000] {processor.py:840} INFO - DAG(s) 'save_data' retrieved from /opt/airflow/dags/stoke_dag.py
[2026-09-16T20:48:53.385+0000] {logging_mixin.py:188} INFO - [2026-09-16T20:48:53.385+0000] {dag.py:3096} INFO - Sync 1 DAGs
[2026-09-16T20:48:53.397+0000] {logging_mixin.py:188} INFO - [2026-09-16T20:48:53.397+0000] {dag.py:3954} INFO - Setting next_dagrun for save_data to None, run_after=None
[2026-09-16T20:48:53.417+0000] {processor.py:183} INFO - Processing /opt/airflow/dags/stoke_dag.py took 0.096 seconds
[2026-09-16T20:49:23.712+0000] {processor.py:161} INFO - Started process (PID=2487) to work on /opt/airflow/dags/stoke_dag.py
[2026-09-16T20:49:23.714+0000] {processor.py:830} INFO - Processing file /opt/airflow/dags/stoke_dag.py for tasks to queue
[2026-09-16T20:49:23.716+0000] {logging_mixin.py:188} INFO - [2026-09-16T20:49:23.716+0000] {dagbag.py:545} INFO - Filling up the DagBag from /opt/airflow/dags/stoke_dag.py
[2026-09-16T20:49:23.735+0000] {processor.py:840} INFO - DAG(s) 'save_data' retrieved from /opt/airflow/dags/stoke_dag.py
[2026-09-16T20:49:23.757+0000] {logging_mixin.py:188} INFO - [2026-09-16T20:49:23.757+0000] {dag.py:3096} INFO - Sync 1 DAGs
[2026-09-16T20:49:23.768+0000] {logging_mixin.py:188} INFO - [2026-09-16T20:49:23.767+0000] {dag.py:3954} INFO - Setting next_dagrun for save_data to None, run_after=None
[2026-09-16T20:49:23.787+0000] {processor.py:183} INFO - Processing /opt/airflow/dags/stoke_dag.py took 0.082 seconds
[2026-09-16T20:49:54.034+0000] {processor.py:161} INFO - Started process (PID=2494) to work on /opt/airflow/dags/stoke_dag.py
[2026-09-16T20:49:54.036+0000] {processor.py:830} INFO - Processing file /opt/airflow/dags/stoke_dag.py for tasks to queue
[2026-09-16T20:49:54.038+0000] {logging_mixin.py:188} INFO - [2026-09-16T20:49:54.038+0000] {dagbag.py:545} INFO - Filling up the DagBag from /opt/airflow/dags/stoke_dag.py
[2026-09-16T20:49:54.060+0000] {processor.py:840} INFO - DAG(s) 'save_data' retrieved from /opt/airflow/dags/stoke_dag.py
[2026-09-16T20:49:54.091+0000] {logging_mixin.py:188} INFO - [2026-09-16T20:49:54.091+0000] {dag.py:3096} INFO - Sync 1 DAGs
[2026-09-16T20:49:54.106+0000] {logging_mixin.py:188} INFO - [2026-09-16T20:49:54.106+0000] {dag.py:3954} INFO - Setting next_dagrun for save_data to None, run_after=None
[2026-09-16T20:49:54.132+0000] {processor.py:183} INFO - Processing /opt/airflow/dags/stoke_dag.py took 0.105 seconds
[2026-09-16T20:50:24.444+0000] {processor.py:161} INFO - Started process (PID=2503) to work on /opt/airflow/dags/stoke_dag.py
[2026-09-16T20:50:24.445+0000] {processor.py:830} INFO - Processing file /opt/airflow/dags/stoke_dag.py for tasks to queue
[2026-09-16T20:50:24.447+0000] {logging_mixin.py:188} INFO - [2026-09-16T20:50:24.446+0000] {dagbag.py:545} INFO - Filling up the DagBag from /opt/airflow/dags/stoke_dag.py
[2026-09-16T20:50:24.464+0000] {processor.py:840} INFO - DAG(s) 'save_data' retrieved from /opt/airflow/dags/stoke_dag.py
[2026-09-16T20:50:24.493+0000] {logging_mixin.py:188} INFO - [2026-09-16T20:50:24.493+0000] {dag.py:3096} INFO - Sync 1 DAGs
[2026-09-16T20:50:24.506+0000] {logging_mixin.py:188} INFO - [2026-09-16T20:50:24.505+0000] {dag.py:3954} INFO - Setting next_dagrun for save_data to None, run_after=None
[2026-09-16T20:50:24.525+0000] {processor.py:183} INFO - Processing /opt/airflow/dags/stoke_dag.py took 0.087 seconds
[2026-09-16T20:50:54.812+0000] {processor.py:161} INFO - Started process (PID=2512) to work on /opt/airflow/dags/stoke_dag.py
[2026-09-16T20:50:54.813+0000] {processor.py:830} INFO - Processing file /opt/airflow/dags/stoke_dag.py for tasks to queue
[2026-09-16T20:50:54.815+0000] {logging_mixin.py:188} INFO - [2026-09-16T20:50:54.814+0000] {dagbag.py:545} INFO - Filling up the DagBag from /opt/airflow/dags/stoke_dag.py
[2026-09-16T20:50:54.832+0000] {processor.py:840} INFO - DAG(s) 'save_data' retrieved from /opt/airflow/dags/stoke_dag.py
[2026-09-16T20:50:54.854+0000] {logging_mixin.py:188} INFO - [2026-09-16T20:50:54.853+0000] {dag.py:3096} INFO - Sync 1 DAGs
[2026-09-16T20:50:54.864+0000] {logging_mixin.py:188} INFO - [2026-09-16T20:50:54.864+0000] {dag.py:3954} INFO - Setting next_dagrun for save_data to None, run_after=None
[2026-09-16T20:50:54.885+0000] {processor.py:183} INFO - Processing /opt/airflow/dags/stoke_dag.py took 0.079 seconds
[2026-09-16T20:51:25.185+0000] {processor.py:161} INFO - Started process (PID=2521) to work on /opt/airflow/dags/stoke_dag.py
[2026-09-16T20:51:25.187+0000] {processor.py:830} INFO - Processing file /opt/airflow/dags/stoke_dag.py for tasks to queue
[2026-09-16T20:51:25.191+0000] {logging_mixin.py:188} INFO - [2026-09-16T20:51:25.189+0000] {dagbag.py:545} INFO - Filling up the DagBag from /opt/airflow/dags/stoke_dag.py
[2026-09-16T20:51:25.210+0000] {processor.py:840} INFO - DAG(s) 'save_data' retrieved from /opt/airflow/dags/stoke_dag.py
[2026-09-16T20:51:25.238+0000] {logging_mixin.py:188} INFO - [2026-09-16T20:51:25.237+0000] {dag.py:3096} INFO - Sync 1 DAGs
[2026-09-16T20:51:25.255+0000] {logging_mixin.py:188} INFO - [2026-09-16T20:51:25.254+0000] {dag.py:3954} INFO - Setting next_dagrun for save_data to None, run_after=None
[2026-09-16T20:51:25.289+0000] {processor.py:183} INFO - Processing /opt/airflow/dags/stoke_dag.py took 0.110 seconds
[2026-09-16T20:51:55.604+0000] {processor.py:161} INFO - Started process (PID=2530) to work on /opt/airflow/dags/stoke_dag.py
[2026-09-16T20:51:55.605+0000] {processor.py:830} INFO - Processing file /opt/airflow/dags/stoke_dag.py for tasks to queue
[2026-09-16T20:51:55.607+0000] {logging_mixin.py:188} INFO - [2026-09-16T20:51:55.607+0000] {dagbag.py:545} INFO - Filling up the DagBag from /opt/airflow/dags/stoke_dag.py
[2026-09-16T20:51:55.624+0000] {processor.py:840} INFO - DAG(s) 'save_data' retrieved from /opt/airflow/dags/stoke_dag.py
[2026-09-16T20:51:55.643+0000] {logging_mixin.py:188} INFO - [2026-09-16T20:51:55.643+0000] {dag.py:3096} INFO - Sync 1 DAGs
[2026-09-16T20:51:55.654+0000] {logging_mixin.py:188} INFO - [2026-09-16T20:51:55.654+0000] {dag.py:3954} INFO - Setting next_dagrun for save_data to None, run_after=None
[2026-09-16T20:51:55.677+0000] {processor.py:183} INFO - Processing /opt/airflow/dags/stoke_dag.py took 0.079 seconds
[2026-09-16T20:52:25.999+0000] {processor.py:161} INFO - Started process (PID=2539) to work on /opt/airflow/dags/stoke_dag.py
[2026-09-16T20:52:26.000+0000] {processor.py:830} INFO - Processing file /opt/airflow/dags/stoke_dag.py for tasks to queue
[2026-09-16T20:52:26.002+0000] {logging_mixin.py:188} INFO - [2026-09-16T20:52:26.002+0000] {dagbag.py:545} INFO - Filling up the DagBag from /opt/airflow/dags/stoke_dag.py
[2026-09-16T20:52:26.020+0000] {processor.py:840} INFO - DAG(s) 'save_data' retrieved from /opt/airflow/dags/stoke_dag.py
[2026-09-16T20:52:26.041+0000] {logging_mixin.py:188} INFO - [2026-09-16T20:52:26.041+0000] {dag.py:3096} INFO - Sync 1 DAGs
[2026-09-16T20:52:26.054+0000] {logging_mixin.py:188} INFO - [2026-09-16T20:52:26.053+0000] {dag.py:3954} INFO - Setting next_dagrun for save_data to None, run_after=None
[2026-09-16T20:52:26.075+0000] {processor.py:183} INFO - Processing /opt/airflow/dags/stoke_dag.py took 0.083 seconds
[2026-09-16T20:52:56.384+0000] {processor.py:161} INFO - Started process (PID=2548) to work on /opt/airflow/dags/stoke_dag.py
[2026-09-16T20:52:56.386+0000] {processor.py:830} INFO - Processing file /opt/airflow/dags/stoke_dag.py for tasks to queue
[2026-09-16T20:52:56.389+0000] {logging_mixin.py:188} INFO - [2026-09-16T20:52:56.388+0000] {dagbag.py:545} INFO - Filling up the DagBag from /opt/airflow/dags/stoke_dag.py
[2026-09-16T20:52:56.409+0000] {processor.py:840} INFO - DAG(s) 'save_data' retrieved from /opt/airflow/dags/stoke_dag.py
[2026-09-16T20:52:56.429+0000] {logging_mixin.py:188} INFO - [2026-09-16T20:52:56.429+0000] {dag.py:3096} INFO - Sync 1 DAGs
[2026-09-16T20:52:56.441+0000] {logging_mixin.py:188} INFO - [2026-09-16T20:52:56.441+0000] {dag.py:3954} INFO - Setting next_dagrun for save_data to None, run_after=None
[2026-09-16T20:52:56.462+0000] {processor.py:183} INFO - Processing /opt/airflow/dags/stoke_dag.py took 0.086 seconds
[2026-09-16T20:53:26.773+0000] {processor.py:161} INFO - Started process (PID=2557) to work on /opt/airflow/dags/stoke_dag.py
[2026-09-16T20:53:26.774+0000] {processor.py:830} INFO - Processing file /opt/airflow/dags/stoke_dag.py for tasks to queue
[2026-09-16T20:53:26.776+0000] {logging_mixin.py:188} INFO - [2026-09-16T20:53:26.776+0000] {dagbag.py:545} INFO - Filling up the DagBag from /opt/airflow/dags/stoke_dag.py
[2026-09-16T20:53:26.791+0000] {processor.py:840} INFO - DAG(s) 'save_data' retrieved from /opt/airflow/dags/stoke_dag.py
[2026-09-16T20:53:26.812+0000] {logging_mixin.py:188} INFO - [2026-09-16T20:53:26.812+0000] {dag.py:3096} INFO - Sync 1 DAGs
[2026-09-16T20:53:26.824+0000] {logging_mixin.py:188} INFO - [2026-09-16T20:53:26.824+0000] {dag.py:3954} INFO - Setting next_dagrun for save_data to None, run_after=None
[2026-09-16T20:53:26.843+0000] {processor.py:183} INFO - Processing /opt/airflow/dags/stoke_dag.py took 0.076 seconds
[2026-09-16T20:53:57.166+0000] {processor.py:161} INFO - Started process (PID=2566) to work on /opt/airflow/dags/stoke_dag.py
[2026-09-16T20:53:57.167+0000] {processor.py:830} INFO - Processing file /opt/airflow/dags/stoke_dag.py for tasks to queue
[2026-09-16T20:53:57.169+0000] {logging_mixin.py:188} INFO - [2026-09-16T20:53:57.169+0000] {dagbag.py:545} INFO - Filling up the DagBag from /opt/airflow/dags/stoke_dag.py
[2026-09-16T20:53:57.187+0000] {processor.py:840} INFO - DAG(s) 'save_data' retrieved from /opt/airflow/dags/stoke_dag.py
[2026-09-16T20:53:57.208+0000] {logging_mixin.py:188} INFO - [2026-09-16T20:53:57.208+0000] {dag.py:3096} INFO - Sync 1 DAGs
[2026-09-16T20:53:57.218+0000] {logging_mixin.py:188} INFO - [2026-09-16T20:53:57.218+0000] {dag.py:3954} INFO - Setting next_dagrun for save_data to None, run_after=None
[2026-09-16T20:53:57.239+0000] {processor.py:183} INFO - Processing /opt/airflow/dags/stoke_dag.py took 0.079 seconds
[2026-09-16T20:54:27.535+0000] {processor.py:161} INFO - Started process (PID=2575) to work on /opt/airflow/dags/stoke_dag.py
[2026-09-16T20:54:27.537+0000] {processor.py:830} INFO - Processing file /opt/airflow/dags/stoke_dag.py for tasks to queue
[2026-09-16T20:54:27.541+0000] {logging_mixin.py:188} INFO - [2026-09-16T20:54:27.540+0000] {dagbag.py:545} INFO - Filling up the DagBag from /opt/airflow/dags/stoke_dag.py
[2026-09-16T20:54:27.568+0000] {processor.py:840} INFO - DAG(s) 'save_data' retrieved from /opt/airflow/dags/stoke_dag.py
[2026-09-16T20:54:27.597+0000] {logging_mixin.py:188} INFO - [2026-09-16T20:54:27.597+0000] {dag.py:3096} INFO - Sync 1 DAGs
[2026-09-16T20:54:27.613+0000] {logging_mixin.py:188} INFO - [2026-09-16T20:54:27.612+0000] {dag.py:3954} INFO - Setting next_dagrun for save_data to None, run_after=None
[2026-09-16T20:54:27.638+0000] {processor.py:183} INFO - Processing /opt/airflow/dags/stoke_dag.py took 0.111 seconds
[2026-09-16T20:54:57.941+0000] {processor.py:161} INFO - Started process (PID=2584) to work on /opt/airflow/dags/stoke_dag.py
[2026-09-16T20:54:57.943+0000] {processor.py:830} INFO - Processing file /opt/airflow/dags/stoke_dag.py for tasks to queue
[2026-09-16T20:54:57.948+0000] {logging_mixin.py:188} INFO - [2026-09-16T20:54:57.948+0000] {dagbag.py:545} INFO - Filling up the DagBag from /opt/airflow/dags/stoke_dag.py
[2026-09-16T20:54:57.974+0000] {processor.py:840} INFO - DAG(s) 'save_data' retrieved from /opt/airflow/dags/stoke_dag.py
[2026-09-16T20:54:58.002+0000] {logging_mixin.py:188} INFO - [2026-09-16T20:54:58.002+0000] {dag.py:3096} INFO - Sync 1 DAGs
[2026-09-16T20:54:58.013+0000] {logging_mixin.py:188} INFO - [2026-09-16T20:54:58.013+0000] {dag.py:3954} INFO - Setting next_dagrun for save_data to None, run_after=None
[2026-09-16T20:54:58.034+0000] {processor.py:183} INFO - Processing /opt/airflow/dags/stoke_dag.py took 0.103 seconds
[2026-09-16T20:55:28.341+0000] {processor.py:161} INFO - Started process (PID=2593) to work on /opt/airflow/dags/stoke_dag.py
[2026-09-16T20:55:28.343+0000] {processor.py:830} INFO - Processing file /opt/airflow/dags/stoke_dag.py for tasks to queue
[2026-09-16T20:55:28.344+0000] {logging_mixin.py:188} INFO - [2026-09-16T20:55:28.344+0000] {dagbag.py:545} INFO - Filling up the DagBag from /opt/airflow/dags/stoke_dag.py
[2026-09-16T20:55:28.362+0000] {processor.py:840} INFO - DAG(s) 'save_data' retrieved from /opt/airflow/dags/stoke_dag.py
[2026-09-16T20:55:28.383+0000] {logging_mixin.py:188} INFO - [2026-09-16T20:55:28.383+0000] {dag.py:3096} INFO - Sync 1 DAGs
[2026-09-16T20:55:28.393+0000] {logging_mixin.py:188} INFO - [2026-09-16T20:55:28.393+0000] {dag.py:3954} INFO - Setting next_dagrun for save_data to None, run_after=None
[2026-09-16T20:55:28.415+0000] {processor.py:183} INFO - Processing /opt/airflow/dags/stoke_dag.py took 0.080 seconds
[2026-09-16T20:55:58.730+0000] {processor.py:161} INFO - Started process (PID=2602) to work on /opt/airflow/dags/stoke_dag.py
[2026-09-16T20:55:58.731+0000] {processor.py:830} INFO - Processing file /opt/airflow/dags/stoke_dag.py for tasks to queue
[2026-09-16T20:55:58.733+0000] {logging_mixin.py:188} INFO - [2026-09-16T20:55:58.733+0000] {dagbag.py:545} INFO - Filling up the DagBag from /opt/airflow/dags/stoke_dag.py
[2026-09-16T20:55:58.749+0000] {processor.py:840} INFO - DAG(s) 'save_data' retrieved from /opt/airflow/dags/stoke_dag.py
[2026-09-16T20:55:58.769+0000] {logging_mixin.py:188} INFO - [2026-09-16T20:55:58.769+0000] {dag.py:3096} INFO - Sync 1 DAGs
[2026-09-16T20:55:58.781+0000] {logging_mixin.py:188} INFO - [2026-09-16T20:55:58.781+0000] {dag.py:3954} INFO - Setting next_dagrun for save_data to None, run_after=None
[2026-09-16T20:55:58.802+0000] {processor.py:183} INFO - Processing /opt/airflow/dags/stoke_dag.py took 0.079 seconds
[2026-09-16T20:56:29.140+0000] {processor.py:161} INFO - Started process (PID=2611) to work on /opt/airflow/dags/stoke_dag.py
[2026-09-16T20:56:29.142+0000] {processor.py:830} INFO - Processing file /opt/airflow/dags/stoke_dag.py for tasks to queue
[2026-09-16T20:56:29.144+0000] {logging_mixin.py:188} INFO - [2026-09-16T20:56:29.144+0000] {dagbag.py:545} INFO - Filling up the DagBag from /opt/airflow/dags/stoke_dag.py
[2026-09-16T20:56:29.165+0000] {processor.py:840} INFO - DAG(s) 'save_data' retrieved from /opt/airflow/dags/stoke_dag.py
[2026-09-16T20:56:29.192+0000] {logging_mixin.py:188} INFO - [2026-09-16T20:56:29.191+0000] {dag.py:3096} INFO - Sync 1 DAGs
[2026-09-16T20:56:29.202+0000] {logging_mixin.py:188} INFO - [2026-09-16T20:56:29.202+0000] {dag.py:3954} INFO - Setting next_dagrun for save_data to None, run_after=None
[2026-09-16T20:56:29.221+0000] {processor.py:183} INFO - Processing /opt/airflow/dags/stoke_dag.py took 0.092 seconds
[2026-09-16T20:56:59.545+0000] {processor.py:161} INFO - Started process (PID=2626) to work on /opt/airflow/dags/stoke_dag.py
[2026-09-16T20:56:59.546+0000] {processor.py:830} INFO - Processing file /opt/airflow/dags/stoke_dag.py for tasks to queue
[2026-09-16T20:56:59.548+0000] {logging_mixin.py:188} INFO - [2026-09-16T20:56:59.548+0000] {dagbag.py:545} INFO - Filling up the DagBag from /opt/airflow/dags/stoke_dag.py
[2026-09-16T20:56:59.570+0000] {processor.py:840} INFO - DAG(s) 'save_data' retrieved from /opt/airflow/dags/stoke_dag.py
[2026-09-16T20:56:59.599+0000] {logging_mixin.py:188} INFO - [2026-09-16T20:56:59.599+0000] {dag.py:3096} INFO - Sync 1 DAGs
[2026-09-16T20:56:59.612+0000] {logging_mixin.py:188} INFO - [2026-09-16T20:56:59.611+0000] {dag.py:3954} INFO - Setting next_dagrun for save_data to None, run_after=None
[2026-09-16T20:56:59.632+0000] {processor.py:183} INFO - Processing /opt/airflow/dags/stoke_dag.py took 0.093 seconds
[2026-09-16T20:57:29.973+0000] {processor.py:161} INFO - Started process (PID=2635) to work on /opt/airflow/dags/stoke_dag.py
[2026-09-16T20:57:29.975+0000] {processor.py:830} INFO - Processing file /opt/airflow/dags/stoke_dag.py for tasks to queue
[2026-09-16T20:57:29.976+0000] {logging_mixin.py:188} INFO - [2026-09-16T20:57:29.976+0000] {dagbag.py:545} INFO - Filling up the DagBag from /opt/airflow/dags/stoke_dag.py
[2026-09-16T20:57:29.993+0000] {processor.py:840} INFO - DAG(s) 'save_data' retrieved from /opt/airflow/dags/stoke_dag.py
[2026-09-16T20:57:30.014+0000] {logging_mixin.py:188} INFO - [2026-09-16T20:57:30.014+0000] {dag.py:3096} INFO - Sync 1 DAGs
[2026-09-16T20:57:30.024+0000] {logging_mixin.py:188} INFO - [2026-09-16T20:57:30.024+0000] {dag.py:3954} INFO - Setting next_dagrun for save_data to None, run_after=None
[2026-09-16T20:57:30.045+0000] {processor.py:183} INFO - Processing /opt/airflow/dags/stoke_dag.py took 0.077 seconds
[2026-09-16T20:58:00.283+0000] {processor.py:161} INFO - Started process (PID=2644) to work on /opt/airflow/dags/stoke_dag.py
[2026-09-16T20:58:00.284+0000] {processor.py:830} INFO - Processing file /opt/airflow/dags/stoke_dag.py for tasks to queue
[2026-09-16T20:58:00.287+0000] {logging_mixin.py:188} INFO - [2026-09-16T20:58:00.287+0000] {dagbag.py:545} INFO - Filling up the DagBag from /opt/airflow/dags/stoke_dag.py
[2026-09-16T20:58:00.307+0000] {processor.py:840} INFO - DAG(s) 'save_data' retrieved from /opt/airflow/dags/stoke_dag.py
[2026-09-16T20:58:00.331+0000] {logging_mixin.py:188} INFO - [2026-09-16T20:58:00.331+0000] {dag.py:3096} INFO - Sync 1 DAGs
[2026-09-16T20:58:00.345+0000] {logging_mixin.py:188} INFO - [2026-09-16T20:58:00.344+0000] {dag.py:3954} INFO - Setting next_dagrun for save_data to None, run_after=None
[2026-09-16T20:58:00.369+0000] {processor.py:183} INFO - Processing /opt/airflow/dags/stoke_dag.py took 0.092 seconds
[2026-09-16T20:58:30.657+0000] {processor.py:161} INFO - Started process (PID=2653) to work on /opt/airflow/dags/stoke_dag.py
[2026-09-16T20:58:30.658+0000] {processor.py:830} INFO - Processing file /opt/airflow/dags/stoke_dag.py for tasks to queue
[2026-09-16T20:58:30.660+0000] {logging_mixin.py:188} INFO - [2026-09-16T20:58:30.660+0000] {dagbag.py:545} INFO - Filling up the DagBag from /opt/airflow/dags/stoke_dag.py
[2026-09-16T20:58:30.676+0000] {processor.py:840} INFO - DAG(s) 'save_data' retrieved from /opt/airflow/dags/stoke_dag.py
[2026-09-16T20:58:30.698+0000] {logging_mixin.py:188} INFO - [2026-09-16T20:58:30.698+0000] {dag.py:3096} INFO - Sync 1 DAGs
[2026-09-16T20:58:30.711+0000] {logging_mixin.py:188} INFO - [2026-09-16T20:58:30.710+0000] {dag.py:3954} INFO - Setting next_dagrun for save_data to None, run_after=None
[2026-09-16T20:58:30.733+0000] {processor.py:183} INFO - Processing /opt/airflow/dags/stoke_dag.py took 0.083 seconds
[2026-09-16T20:59:01.017+0000] {processor.py:161} INFO - Started process (PID=2662) to work on /opt/airflow/dags/stoke_dag.py
[2026-09-16T20:59:01.019+0000] {processor.py:830} INFO - Processing file /opt/airflow/dags/stoke_dag.py for tasks to queue
[2026-09-16T20:59:01.022+0000] {logging_mixin.py:188} INFO - [2026-09-16T20:59:01.022+0000] {dagbag.py:545} INFO - Filling up the DagBag from /opt/airflow/dags/stoke_dag.py
[2026-09-16T20:59:01.045+0000] {processor.py:840} INFO - DAG(s) 'save_data' retrieved from /opt/airflow/dags/stoke_dag.py
[2026-09-16T20:59:01.075+0000] {logging_mixin.py:188} INFO - [2026-09-16T20:59:01.075+0000] {dag.py:3096} INFO - Sync 1 DAGs
[2026-09-16T20:59:01.091+0000] {logging_mixin.py:188} INFO - [2026-09-16T20:59:01.091+0000] {dag.py:3954} INFO - Setting next_dagrun for save_data to None, run_after=None
[2026-09-16T20:59:01.119+0000] {processor.py:183} INFO - Processing /opt/airflow/dags/stoke_dag.py took 0.113 seconds
[2026-09-16T20:59:31.419+0000] {processor.py:161} INFO - Started process (PID=2671) to work on /opt/airflow/dags/stoke_dag.py
[2026-09-16T20:59:31.420+0000] {processor.py:830} INFO - Processing file /opt/airflow/dags/stoke_dag.py for tasks to queue
[2026-09-16T20:59:31.423+0000] {logging_mixin.py:188} INFO - [2026-09-16T20:59:31.422+0000] {dagbag.py:545} INFO - Filling up the DagBag from /opt/airflow/dags/stoke_dag.py
[2026-09-16T20:59:31.440+0000] {processor.py:840} INFO - DAG(s) 'save_data' retrieved from /opt/airflow/dags/stoke_dag.py
[2026-09-16T20:59:31.462+0000] {logging_mixin.py:188} INFO - [2026-09-16T20:59:31.461+0000] {dag.py:3096} INFO - Sync 1 DAGs
[2026-09-16T20:59:31.474+0000] {logging_mixin.py:188} INFO - [2026-09-16T20:59:31.474+0000] {dag.py:3954} INFO - Setting next_dagrun for save_data to None, run_after=None
[2026-09-16T20:59:31.497+0000] {processor.py:183} INFO - Processing /opt/airflow/dags/stoke_dag.py took 0.084 seconds
[2026-09-16T21:00:01.815+0000] {processor.py:161} INFO - Started process (PID=2680) to work on /opt/airflow/dags/stoke_dag.py
[2026-09-16T21:00:01.817+0000] {processor.py:830} INFO - Processing file /opt/airflow/dags/stoke_dag.py for tasks to queue
[2026-09-16T21:00:01.819+0000] {logging_mixin.py:188} INFO - [2026-09-16T21:00:01.819+0000] {dagbag.py:545} INFO - Filling up the DagBag from /opt/airflow/dags/stoke_dag.py
[2026-09-16T21:00:01.845+0000] {processor.py:840} INFO - DAG(s) 'save_data' retrieved from /opt/airflow/dags/stoke_dag.py
[2026-09-16T21:00:01.872+0000] {logging_mixin.py:188} INFO - [2026-09-16T21:00:01.871+0000] {dag.py:3096} INFO - Sync 1 DAGs
[2026-09-16T21:00:01.886+0000] {logging_mixin.py:188} INFO - [2026-09-16T21:00:01.886+0000] {dag.py:3954} INFO - Setting next_dagrun for save_data to None, run_after=None
[2026-09-16T21:00:01.907+0000] {processor.py:183} INFO - Processing /opt/airflow/dags/stoke_dag.py took 0.103 seconds
[2026-09-16T21:00:32.223+0000] {processor.py:161} INFO - Started process (PID=2689) to work on /opt/airflow/dags/stoke_dag.py
[2026-09-16T21:00:32.225+0000] {processor.py:830} INFO - Processing file /opt/airflow/dags/stoke_dag.py for tasks to queue
[2026-09-16T21:00:32.228+0000] {logging_mixin.py:188} INFO - [2026-09-16T21:00:32.227+0000] {dagbag.py:545} INFO - Filling up the DagBag from /opt/airflow/dags/stoke_dag.py
[2026-09-16T21:00:32.250+0000] {processor.py:840} INFO - DAG(s) 'save_data' retrieved from /opt/airflow/dags/stoke_dag.py
[2026-09-16T21:00:32.274+0000] {logging_mixin.py:188} INFO - [2026-09-16T21:00:32.274+0000] {dag.py:3096} INFO - Sync 1 DAGs
[2026-09-16T21:00:32.285+0000] {logging_mixin.py:188} INFO - [2026-09-16T21:00:32.284+0000] {dag.py:3954} INFO - Setting next_dagrun for save_data to None, run_after=None
[2026-09-16T21:00:32.308+0000] {processor.py:183} INFO - Processing /opt/airflow/dags/stoke_dag.py took 0.094 seconds
[2026-09-16T21:01:02.519+0000] {processor.py:161} INFO - Started process (PID=2698) to work on /opt/airflow/dags/stoke_dag.py
[2026-09-16T21:01:02.523+0000] {processor.py:830} INFO - Processing file /opt/airflow/dags/stoke_dag.py for tasks to queue
[2026-09-16T21:01:02.544+0000] {logging_mixin.py:188} INFO - [2026-09-16T21:01:02.543+0000] {dagbag.py:545} INFO - Filling up the DagBag from /opt/airflow/dags/stoke_dag.py
[2026-09-16T21:01:02.616+0000] {processor.py:840} INFO - DAG(s) 'save_data' retrieved from /opt/airflow/dags/stoke_dag.py
[2026-09-16T21:01:02.666+0000] {logging_mixin.py:188} INFO - [2026-09-16T21:01:02.665+0000] {dag.py:3096} INFO - Sync 1 DAGs
[2026-09-16T21:01:02.685+0000] {logging_mixin.py:188} INFO - [2026-09-16T21:01:02.685+0000] {dag.py:3954} INFO - Setting next_dagrun for save_data to None, run_after=None
[2026-09-16T21:01:02.727+0000] {processor.py:183} INFO - Processing /opt/airflow/dags/stoke_dag.py took 0.224 seconds
[2026-09-16T21:01:32.884+0000] {processor.py:161} INFO - Started process (PID=2707) to work on /opt/airflow/dags/stoke_dag.py
[2026-09-16T21:01:32.886+0000] {processor.py:830} INFO - Processing file /opt/airflow/dags/stoke_dag.py for tasks to queue
[2026-09-16T21:01:32.889+0000] {logging_mixin.py:188} INFO - [2026-09-16T21:01:32.889+0000] {dagbag.py:545} INFO - Filling up the DagBag from /opt/airflow/dags/stoke_dag.py
[2026-09-16T21:01:32.913+0000] {processor.py:840} INFO - DAG(s) 'save_data' retrieved from /opt/airflow/dags/stoke_dag.py
[2026-09-16T21:01:32.943+0000] {logging_mixin.py:188} INFO - [2026-09-16T21:01:32.943+0000] {dag.py:3096} INFO - Sync 1 DAGs
[2026-09-16T21:01:32.957+0000] {logging_mixin.py:188} INFO - [2026-09-16T21:01:32.957+0000] {dag.py:3954} INFO - Setting next_dagrun for save_data to None, run_after=None
[2026-09-16T21:01:32.983+0000] {processor.py:183} INFO - Processing /opt/airflow/dags/stoke_dag.py took 0.110 seconds
[2026-09-16T21:02:03.319+0000] {processor.py:161} INFO - Started process (PID=2716) to work on /opt/airflow/dags/stoke_dag.py
[2026-09-16T21:02:03.321+0000] {processor.py:830} INFO - Processing file /opt/airflow/dags/stoke_dag.py for tasks to queue
[2026-09-16T21:02:03.324+0000] {logging_mixin.py:188} INFO - [2026-09-16T21:02:03.324+0000] {dagbag.py:545} INFO - Filling up the DagBag from /opt/airflow/dags/stoke_dag.py
[2026-09-16T21:02:03.365+0000] {processor.py:840} INFO - DAG(s) 'save_data' retrieved from /opt/airflow/dags/stoke_dag.py
[2026-09-16T21:02:03.415+0000] {logging_mixin.py:188} INFO - [2026-09-16T21:02:03.415+0000] {dag.py:3096} INFO - Sync 1 DAGs
[2026-09-16T21:02:03.434+0000] {logging_mixin.py:188} INFO - [2026-09-16T21:02:03.434+0000] {dag.py:3954} INFO - Setting next_dagrun for save_data to None, run_after=None
[2026-09-16T21:02:03.466+0000] {processor.py:183} INFO - Processing /opt/airflow/dags/stoke_dag.py took 0.158 seconds
[2026-09-16T21:02:33.789+0000] {processor.py:161} INFO - Started process (PID=2725) to work on /opt/airflow/dags/stoke_dag.py
[2026-09-16T21:02:33.791+0000] {processor.py:830} INFO - Processing file /opt/airflow/dags/stoke_dag.py for tasks to queue
[2026-09-16T21:02:33.794+0000] {logging_mixin.py:188} INFO - [2026-09-16T21:02:33.793+0000] {dagbag.py:545} INFO - Filling up the DagBag from /opt/airflow/dags/stoke_dag.py
[2026-09-16T21:02:33.813+0000] {processor.py:840} INFO - DAG(s) 'save_data' retrieved from /opt/airflow/dags/stoke_dag.py
[2026-09-16T21:02:33.835+0000] {logging_mixin.py:188} INFO - [2026-09-16T21:02:33.834+0000] {dag.py:3096} INFO - Sync 1 DAGs
[2026-09-16T21:02:33.847+0000] {logging_mixin.py:188} INFO - [2026-09-16T21:02:33.847+0000] {dag.py:3954} INFO - Setting next_dagrun for save_data to None, run_after=None
[2026-09-16T21:02:33.869+0000] {processor.py:183} INFO - Processing /opt/airflow/dags/stoke_dag.py took 0.087 seconds
[2026-09-16T21:03:04.137+0000] {processor.py:161} INFO - Started process (PID=2734) to work on /opt/airflow/dags/stoke_dag.py
[2026-09-16T21:03:04.139+0000] {processor.py:830} INFO - Processing file /opt/airflow/dags/stoke_dag.py for tasks to queue
[2026-09-16T21:03:04.143+0000] {logging_mixin.py:188} INFO - [2026-09-16T21:03:04.142+0000] {dagbag.py:545} INFO - Filling up the DagBag from /opt/airflow/dags/stoke_dag.py
[2026-09-16T21:03:04.169+0000] {processor.py:840} INFO - DAG(s) 'save_data' retrieved from /opt/airflow/dags/stoke_dag.py
[2026-09-16T21:03:04.204+0000] {logging_mixin.py:188} INFO - [2026-09-16T21:03:04.204+0000] {dag.py:3096} INFO - Sync 1 DAGs
[2026-09-16T21:03:04.221+0000] {logging_mixin.py:188} INFO - [2026-09-16T21:03:04.221+0000] {dag.py:3954} INFO - Setting next_dagrun for save_data to None, run_after=None
[2026-09-16T21:03:04.254+0000] {processor.py:183} INFO - Processing /opt/airflow/dags/stoke_dag.py took 0.126 seconds
[2026-09-16T21:03:34.537+0000] {processor.py:161} INFO - Started process (PID=2743) to work on /opt/airflow/dags/stoke_dag.py
[2026-09-16T21:03:34.539+0000] {processor.py:830} INFO - Processing file /opt/airflow/dags/stoke_dag.py for tasks to queue
[2026-09-16T21:03:34.541+0000] {logging_mixin.py:188} INFO - [2026-09-16T21:03:34.541+0000] {dagbag.py:545} INFO - Filling up the DagBag from /opt/airflow/dags/stoke_dag.py
[2026-09-16T21:03:34.567+0000] {processor.py:840} INFO - DAG(s) 'save_data' retrieved from /opt/airflow/dags/stoke_dag.py
[2026-09-16T21:03:34.596+0000] {logging_mixin.py:188} INFO - [2026-09-16T21:03:34.595+0000] {dag.py:3096} INFO - Sync 1 DAGs
[2026-09-16T21:03:34.613+0000] {logging_mixin.py:188} INFO - [2026-09-16T21:03:34.613+0000] {dag.py:3954} INFO - Setting next_dagrun for save_data to None, run_after=None
[2026-09-16T21:03:34.651+0000] {processor.py:183} INFO - Processing /opt/airflow/dags/stoke_dag.py took 0.125 seconds
[2026-09-16T21:04:04.949+0000] {processor.py:161} INFO - Started process (PID=2752) to work on /opt/airflow/dags/stoke_dag.py
[2026-09-16T21:04:04.950+0000] {processor.py:830} INFO - Processing file /opt/airflow/dags/stoke_dag.py for tasks to queue
[2026-09-16T21:04:04.953+0000] {logging_mixin.py:188} INFO - [2026-09-16T21:04:04.953+0000] {dagbag.py:545} INFO - Filling up the DagBag from /opt/airflow/dags/stoke_dag.py
[2026-09-16T21:04:04.983+0000] {processor.py:840} INFO - DAG(s) 'save_data' retrieved from /opt/airflow/dags/stoke_dag.py
[2026-09-16T21:04:05.010+0000] {logging_mixin.py:188} INFO - [2026-09-16T21:04:05.010+0000] {dag.py:3096} INFO - Sync 1 DAGs
[2026-09-16T21:04:05.022+0000] {logging_mixin.py:188} INFO - [2026-09-16T21:04:05.022+0000] {dag.py:3954} INFO - Setting next_dagrun for save_data to None, run_after=None
[2026-09-16T21:04:05.044+0000] {processor.py:183} INFO - Processing /opt/airflow/dags/stoke_dag.py took 0.104 seconds
[2026-09-16T21:04:35.309+0000] {processor.py:161} INFO - Started process (PID=2761) to work on /opt/airflow/dags/stoke_dag.py
[2026-09-16T21:04:35.310+0000] {processor.py:830} INFO - Processing file /opt/airflow/dags/stoke_dag.py for tasks to queue
[2026-09-16T21:04:35.313+0000] {logging_mixin.py:188} INFO - [2026-09-16T21:04:35.313+0000] {dagbag.py:545} INFO - Filling up the DagBag from /opt/airflow/dags/stoke_dag.py
[2026-09-16T21:04:35.338+0000] {processor.py:840} INFO - DAG(s) 'save_data' retrieved from /opt/airflow/dags/stoke_dag.py
[2026-09-16T21:04:35.368+0000] {logging_mixin.py:188} INFO - [2026-09-16T21:04:35.368+0000] {dag.py:3096} INFO - Sync 1 DAGs
[2026-09-16T21:04:35.386+0000] {logging_mixin.py:188} INFO - [2026-09-16T21:04:35.386+0000] {dag.py:3954} INFO - Setting next_dagrun for save_data to None, run_after=None
[2026-09-16T21:04:35.420+0000] {processor.py:183} INFO - Processing /opt/airflow/dags/stoke_dag.py took 0.120 seconds
[2026-09-16T21:05:05.692+0000] {processor.py:161} INFO - Started process (PID=2770) to work on /opt/airflow/dags/stoke_dag.py
[2026-09-16T21:05:05.693+0000] {processor.py:830} INFO - Processing file /opt/airflow/dags/stoke_dag.py for tasks to queue
[2026-09-16T21:05:05.696+0000] {logging_mixin.py:188} INFO - [2026-09-16T21:05:05.696+0000] {dagbag.py:545} INFO - Filling up the DagBag from /opt/airflow/dags/stoke_dag.py
[2026-09-16T21:05:05.727+0000] {processor.py:840} INFO - DAG(s) 'save_data' retrieved from /opt/airflow/dags/stoke_dag.py
[2026-09-16T21:05:05.762+0000] {logging_mixin.py:188} INFO - [2026-09-16T21:05:05.762+0000] {dag.py:3096} INFO - Sync 1 DAGs
[2026-09-16T21:05:05.777+0000] {logging_mixin.py:188} INFO - [2026-09-16T21:05:05.777+0000] {dag.py:3954} INFO - Setting next_dagrun for save_data to None, run_after=None
[2026-09-16T21:05:05.798+0000] {processor.py:183} INFO - Processing /opt/airflow/dags/stoke_dag.py took 0.117 seconds
[2026-09-16T21:05:35.973+0000] {processor.py:161} INFO - Started process (PID=2777) to work on /opt/airflow/dags/stoke_dag.py
[2026-09-16T21:05:35.975+0000] {processor.py:830} INFO - Processing file /opt/airflow/dags/stoke_dag.py for tasks to queue
[2026-09-16T21:05:35.978+0000] {logging_mixin.py:188} INFO - [2026-09-16T21:05:35.977+0000] {dagbag.py:545} INFO - Filling up the DagBag from /opt/airflow/dags/stoke_dag.py
[2026-09-16T21:05:36.001+0000] {processor.py:840} INFO - DAG(s) 'save_data' retrieved from /opt/airflow/dags/stoke_dag.py
[2026-09-16T21:05:36.033+0000] {logging_mixin.py:188} INFO - [2026-09-16T21:05:36.032+0000] {dag.py:3096} INFO - Sync 1 DAGs
[2026-09-16T21:05:36.056+0000] {logging_mixin.py:188} INFO - [2026-09-16T21:05:36.055+0000] {dag.py:3954} INFO - Setting next_dagrun for save_data to None, run_after=None
[2026-09-16T21:05:36.091+0000] {processor.py:183} INFO - Processing /opt/airflow/dags/stoke_dag.py took 0.127 seconds
[2026-09-16T21:06:06.206+0000] {processor.py:161} INFO - Started process (PID=2786) to work on /opt/airflow/dags/stoke_dag.py
[2026-09-16T21:06:06.208+0000] {processor.py:830} INFO - Processing file /opt/airflow/dags/stoke_dag.py for tasks to queue
[2026-09-16T21:06:06.210+0000] {logging_mixin.py:188} INFO - [2026-09-16T21:06:06.210+0000] {dagbag.py:545} INFO - Filling up the DagBag from /opt/airflow/dags/stoke_dag.py
[2026-09-16T21:06:06.231+0000] {processor.py:840} INFO - DAG(s) 'save_data' retrieved from /opt/airflow/dags/stoke_dag.py
[2026-09-16T21:06:06.254+0000] {logging_mixin.py:188} INFO - [2026-09-16T21:06:06.254+0000] {dag.py:3096} INFO - Sync 1 DAGs
[2026-09-16T21:06:06.266+0000] {logging_mixin.py:188} INFO - [2026-09-16T21:06:06.265+0000] {dag.py:3954} INFO - Setting next_dagrun for save_data to None, run_after=None
[2026-09-16T21:06:06.290+0000] {processor.py:183} INFO - Processing /opt/airflow/dags/stoke_dag.py took 0.091 seconds
[2026-09-16T21:06:36.585+0000] {processor.py:161} INFO - Started process (PID=2795) to work on /opt/airflow/dags/stoke_dag.py
[2026-09-16T21:06:36.586+0000] {processor.py:830} INFO - Processing file /opt/airflow/dags/stoke_dag.py for tasks to queue
[2026-09-16T21:06:36.588+0000] {logging_mixin.py:188} INFO - [2026-09-16T21:06:36.588+0000] {dagbag.py:545} INFO - Filling up the DagBag from /opt/airflow/dags/stoke_dag.py
[2026-09-16T21:06:36.608+0000] {processor.py:840} INFO - DAG(s) 'save_data' retrieved from /opt/airflow/dags/stoke_dag.py
[2026-09-16T21:06:36.637+0000] {logging_mixin.py:188} INFO - [2026-09-16T21:06:36.636+0000] {dag.py:3096} INFO - Sync 1 DAGs
[2026-09-16T21:06:36.649+0000] {logging_mixin.py:188} INFO - [2026-09-16T21:06:36.649+0000] {dag.py:3954} INFO - Setting next_dagrun for save_data to None, run_after=None
[2026-09-16T21:06:36.671+0000] {processor.py:183} INFO - Processing /opt/airflow/dags/stoke_dag.py took 0.094 seconds
[2026-09-16T21:07:06.958+0000] {processor.py:161} INFO - Started process (PID=2804) to work on /opt/airflow/dags/stoke_dag.py
[2026-09-16T21:07:06.961+0000] {processor.py:830} INFO - Processing file /opt/airflow/dags/stoke_dag.py for tasks to queue
[2026-09-16T21:07:06.964+0000] {logging_mixin.py:188} INFO - [2026-09-16T21:07:06.963+0000] {dagbag.py:545} INFO - Filling up the DagBag from /opt/airflow/dags/stoke_dag.py
[2026-09-16T21:07:06.997+0000] {processor.py:840} INFO - DAG(s) 'save_data' retrieved from /opt/airflow/dags/stoke_dag.py
[2026-09-16T21:07:07.033+0000] {logging_mixin.py:188} INFO - [2026-09-16T21:07:07.033+0000] {dag.py:3096} INFO - Sync 1 DAGs
[2026-09-16T21:07:07.053+0000] {logging_mixin.py:188} INFO - [2026-09-16T21:07:07.052+0000] {dag.py:3954} INFO - Setting next_dagrun for save_data to None, run_after=None
[2026-09-16T21:07:07.080+0000] {processor.py:183} INFO - Processing /opt/airflow/dags/stoke_dag.py took 0.133 seconds
[2026-09-16T21:07:37.390+0000] {processor.py:161} INFO - Started process (PID=2813) to work on /opt/airflow/dags/stoke_dag.py
[2026-09-16T21:07:37.392+0000] {processor.py:830} INFO - Processing file /opt/airflow/dags/stoke_dag.py for tasks to queue
[2026-09-16T21:07:37.395+0000] {logging_mixin.py:188} INFO - [2026-09-16T21:07:37.394+0000] {dagbag.py:545} INFO - Filling up the DagBag from /opt/airflow/dags/stoke_dag.py
[2026-09-16T21:07:37.420+0000] {processor.py:840} INFO - DAG(s) 'save_data' retrieved from /opt/airflow/dags/stoke_dag.py
[2026-09-16T21:07:37.450+0000] {logging_mixin.py:188} INFO - [2026-09-16T21:07:37.450+0000] {dag.py:3096} INFO - Sync 1 DAGs
[2026-09-16T21:07:37.464+0000] {logging_mixin.py:188} INFO - [2026-09-16T21:07:37.464+0000] {dag.py:3954} INFO - Setting next_dagrun for save_data to None, run_after=None
[2026-09-16T21:07:37.488+0000] {processor.py:183} INFO - Processing /opt/airflow/dags/stoke_dag.py took 0.107 seconds
[2026-09-16T21:08:07.719+0000] {processor.py:161} INFO - Started process (PID=2822) to work on /opt/airflow/dags/stoke_dag.py
[2026-09-16T21:08:07.722+0000] {processor.py:830} INFO - Processing file /opt/airflow/dags/stoke_dag.py for tasks to queue
[2026-09-16T21:08:07.726+0000] {logging_mixin.py:188} INFO - [2026-09-16T21:08:07.725+0000] {dagbag.py:545} INFO - Filling up the DagBag from /opt/airflow/dags/stoke_dag.py
[2026-09-16T21:08:07.763+0000] {processor.py:840} INFO - DAG(s) 'save_data' retrieved from /opt/airflow/dags/stoke_dag.py
[2026-09-16T21:08:07.799+0000] {logging_mixin.py:188} INFO - [2026-09-16T21:08:07.799+0000] {dag.py:3096} INFO - Sync 1 DAGs
[2026-09-16T21:08:07.820+0000] {logging_mixin.py:188} INFO - [2026-09-16T21:08:07.820+0000] {dag.py:3954} INFO - Setting next_dagrun for save_data to None, run_after=None
[2026-09-16T21:08:07.848+0000] {processor.py:183} INFO - Processing /opt/airflow/dags/stoke_dag.py took 0.144 seconds
[2026-09-16T21:08:38.170+0000] {processor.py:161} INFO - Started process (PID=2831) to work on /opt/airflow/dags/stoke_dag.py
[2026-09-16T21:08:38.174+0000] {processor.py:830} INFO - Processing file /opt/airflow/dags/stoke_dag.py for tasks to queue
[2026-09-16T21:08:38.179+0000] {logging_mixin.py:188} INFO - [2026-09-16T21:08:38.178+0000] {dagbag.py:545} INFO - Filling up the DagBag from /opt/airflow/dags/stoke_dag.py
[2026-09-16T21:08:38.208+0000] {processor.py:840} INFO - DAG(s) 'save_data' retrieved from /opt/airflow/dags/stoke_dag.py
[2026-09-16T21:08:38.250+0000] {logging_mixin.py:188} INFO - [2026-09-16T21:08:38.250+0000] {dag.py:3096} INFO - Sync 1 DAGs
[2026-09-16T21:08:38.270+0000] {logging_mixin.py:188} INFO - [2026-09-16T21:08:38.270+0000] {dag.py:3954} INFO - Setting next_dagrun for save_data to None, run_after=None
[2026-09-16T21:08:38.312+0000] {processor.py:183} INFO - Processing /opt/airflow/dags/stoke_dag.py took 0.162 seconds
[2026-09-16T21:09:08.598+0000] {processor.py:161} INFO - Started process (PID=2840) to work on /opt/airflow/dags/stoke_dag.py
[2026-09-16T21:09:08.600+0000] {processor.py:830} INFO - Processing file /opt/airflow/dags/stoke_dag.py for tasks to queue
[2026-09-16T21:09:08.602+0000] {logging_mixin.py:188} INFO - [2026-09-16T21:09:08.602+0000] {dagbag.py:545} INFO - Filling up the DagBag from /opt/airflow/dags/stoke_dag.py
[2026-09-16T21:09:08.622+0000] {processor.py:840} INFO - DAG(s) 'save_data' retrieved from /opt/airflow/dags/stoke_dag.py
[2026-09-16T21:09:08.644+0000] {logging_mixin.py:188} INFO - [2026-09-16T21:09:08.644+0000] {dag.py:3096} INFO - Sync 1 DAGs
[2026-09-16T21:09:08.655+0000] {logging_mixin.py:188} INFO - [2026-09-16T21:09:08.655+0000] {dag.py:3954} INFO - Setting next_dagrun for save_data to None, run_after=None
[2026-09-16T21:09:08.677+0000] {processor.py:183} INFO - Processing /opt/airflow/dags/stoke_dag.py took 0.086 seconds
[2026-09-16T21:09:38.955+0000] {processor.py:161} INFO - Started process (PID=2849) to work on /opt/airflow/dags/stoke_dag.py
[2026-09-16T21:09:38.957+0000] {processor.py:830} INFO - Processing file /opt/airflow/dags/stoke_dag.py for tasks to queue
[2026-09-16T21:09:38.959+0000] {logging_mixin.py:188} INFO - [2026-09-16T21:09:38.958+0000] {dagbag.py:545} INFO - Filling up the DagBag from /opt/airflow/dags/stoke_dag.py
[2026-09-16T21:09:38.976+0000] {processor.py:840} INFO - DAG(s) 'save_data' retrieved from /opt/airflow/dags/stoke_dag.py
[2026-09-16T21:09:38.998+0000] {logging_mixin.py:188} INFO - [2026-09-16T21:09:38.998+0000] {dag.py:3096} INFO - Sync 1 DAGs
[2026-09-16T21:09:39.010+0000] {logging_mixin.py:188} INFO - [2026-09-16T21:09:39.010+0000] {dag.py:3954} INFO - Setting next_dagrun for save_data to None, run_after=None
[2026-09-16T21:09:39.031+0000] {processor.py:183} INFO - Processing /opt/airflow/dags/stoke_dag.py took 0.082 seconds
[2026-09-16T21:10:09.343+0000] {processor.py:161} INFO - Started process (PID=2858) to work on /opt/airflow/dags/stoke_dag.py
[2026-09-16T21:10:09.345+0000] {processor.py:830} INFO - Processing file /opt/airflow/dags/stoke_dag.py for tasks to queue
[2026-09-16T21:10:09.351+0000] {logging_mixin.py:188} INFO - [2026-09-16T21:10:09.350+0000] {dagbag.py:545} INFO - Filling up the DagBag from /opt/airflow/dags/stoke_dag.py
[2026-09-16T21:10:09.385+0000] {processor.py:840} INFO - DAG(s) 'save_data' retrieved from /opt/airflow/dags/stoke_dag.py
[2026-09-16T21:10:09.429+0000] {logging_mixin.py:188} INFO - [2026-09-16T21:10:09.429+0000] {dag.py:3096} INFO - Sync 1 DAGs
[2026-09-16T21:10:09.453+0000] {logging_mixin.py:188} INFO - [2026-09-16T21:10:09.453+0000] {dag.py:3954} INFO - Setting next_dagrun for save_data to None, run_after=None
[2026-09-16T21:10:09.491+0000] {processor.py:183} INFO - Processing /opt/airflow/dags/stoke_dag.py took 0.159 seconds
[2026-09-16T21:10:39.807+0000] {processor.py:161} INFO - Started process (PID=2867) to work on /opt/airflow/dags/stoke_dag.py
[2026-09-16T21:10:39.808+0000] {processor.py:830} INFO - Processing file /opt/airflow/dags/stoke_dag.py for tasks to queue
[2026-09-16T21:10:39.810+0000] {logging_mixin.py:188} INFO - [2026-09-16T21:10:39.810+0000] {dagbag.py:545} INFO - Filling up the DagBag from /opt/airflow/dags/stoke_dag.py
[2026-09-16T21:10:39.827+0000] {processor.py:840} INFO - DAG(s) 'save_data' retrieved from /opt/airflow/dags/stoke_dag.py
[2026-09-16T21:10:39.850+0000] {logging_mixin.py:188} INFO - [2026-09-16T21:10:39.850+0000] {dag.py:3096} INFO - Sync 1 DAGs
[2026-09-16T21:10:39.861+0000] {logging_mixin.py:188} INFO - [2026-09-16T21:10:39.861+0000] {dag.py:3954} INFO - Setting next_dagrun for save_data to None, run_after=None
[2026-09-16T21:10:39.882+0000] {processor.py:183} INFO - Processing /opt/airflow/dags/stoke_dag.py took 0.082 seconds
[2026-09-16T21:11:10.162+0000] {processor.py:161} INFO - Started process (PID=2876) to work on /opt/airflow/dags/stoke_dag.py
[2026-09-16T21:11:10.163+0000] {processor.py:830} INFO - Processing file /opt/airflow/dags/stoke_dag.py for tasks to queue
[2026-09-16T21:11:10.165+0000] {logging_mixin.py:188} INFO - [2026-09-16T21:11:10.164+0000] {dagbag.py:545} INFO - Filling up the DagBag from /opt/airflow/dags/stoke_dag.py
[2026-09-16T21:11:10.188+0000] {processor.py:840} INFO - DAG(s) 'save_data' retrieved from /opt/airflow/dags/stoke_dag.py
[2026-09-16T21:11:10.217+0000] {logging_mixin.py:188} INFO - [2026-09-16T21:11:10.216+0000] {dag.py:3096} INFO - Sync 1 DAGs
[2026-09-16T21:11:10.232+0000] {logging_mixin.py:188} INFO - [2026-09-16T21:11:10.231+0000] {dag.py:3954} INFO - Setting next_dagrun for save_data to None, run_after=None
[2026-09-16T21:11:10.261+0000] {processor.py:183} INFO - Processing /opt/airflow/dags/stoke_dag.py took 0.106 seconds
[2026-09-16T21:11:40.421+0000] {processor.py:161} INFO - Started process (PID=2886) to work on /opt/airflow/dags/stoke_dag.py
[2026-09-16T21:11:40.423+0000] {processor.py:830} INFO - Processing file /opt/airflow/dags/stoke_dag.py for tasks to queue
[2026-09-16T21:11:40.425+0000] {logging_mixin.py:188} INFO - [2026-09-16T21:11:40.425+0000] {dagbag.py:545} INFO - Filling up the DagBag from /opt/airflow/dags/stoke_dag.py
[2026-09-16T21:11:40.445+0000] {processor.py:840} INFO - DAG(s) 'save_data' retrieved from /opt/airflow/dags/stoke_dag.py
[2026-09-16T21:11:40.472+0000] {logging_mixin.py:188} INFO - [2026-09-16T21:11:40.472+0000] {dag.py:3096} INFO - Sync 1 DAGs
[2026-09-16T21:11:40.486+0000] {logging_mixin.py:188} INFO - [2026-09-16T21:11:40.485+0000] {dag.py:3954} INFO - Setting next_dagrun for save_data to None, run_after=None
[2026-09-16T21:11:40.514+0000] {processor.py:183} INFO - Processing /opt/airflow/dags/stoke_dag.py took 0.103 seconds
[2026-09-16T21:12:10.920+0000] {processor.py:161} INFO - Started process (PID=2895) to work on /opt/airflow/dags/stoke_dag.py
[2026-09-16T21:12:10.922+0000] {processor.py:830} INFO - Processing file /opt/airflow/dags/stoke_dag.py for tasks to queue
[2026-09-16T21:12:10.927+0000] {logging_mixin.py:188} INFO - [2026-09-16T21:12:10.926+0000] {dagbag.py:545} INFO - Filling up the DagBag from /opt/airflow/dags/stoke_dag.py
[2026-09-16T21:12:10.966+0000] {processor.py:840} INFO - DAG(s) 'save_data' retrieved from /opt/airflow/dags/stoke_dag.py
[2026-09-16T21:12:11.016+0000] {logging_mixin.py:188} INFO - [2026-09-16T21:12:11.015+0000] {dag.py:3096} INFO - Sync 1 DAGs
[2026-09-16T21:12:11.037+0000] {logging_mixin.py:188} INFO - [2026-09-16T21:12:11.036+0000] {dag.py:3954} INFO - Setting next_dagrun for save_data to None, run_after=None
[2026-09-16T21:12:11.071+0000] {processor.py:183} INFO - Processing /opt/airflow/dags/stoke_dag.py took 0.161 seconds
[2026-09-16T21:12:41.372+0000] {processor.py:161} INFO - Started process (PID=2904) to work on /opt/airflow/dags/stoke_dag.py
[2026-09-16T21:12:41.373+0000] {processor.py:830} INFO - Processing file /opt/airflow/dags/stoke_dag.py for tasks to queue
[2026-09-16T21:12:41.376+0000] {logging_mixin.py:188} INFO - [2026-09-16T21:12:41.375+0000] {dagbag.py:545} INFO - Filling up the DagBag from /opt/airflow/dags/stoke_dag.py
[2026-09-16T21:12:41.397+0000] {processor.py:840} INFO - DAG(s) 'save_data' retrieved from /opt/airflow/dags/stoke_dag.py
[2026-09-16T21:12:41.425+0000] {logging_mixin.py:188} INFO - [2026-09-16T21:12:41.425+0000] {dag.py:3096} INFO - Sync 1 DAGs
[2026-09-16T21:12:41.438+0000] {logging_mixin.py:188} INFO - [2026-09-16T21:12:41.438+0000] {dag.py:3954} INFO - Setting next_dagrun for save_data to None, run_after=None
[2026-09-16T21:12:41.464+0000] {processor.py:183} INFO - Processing /opt/airflow/dags/stoke_dag.py took 0.099 seconds
[2026-09-16T21:13:11.779+0000] {processor.py:161} INFO - Started process (PID=2913) to work on /opt/airflow/dags/stoke_dag.py
[2026-09-16T21:13:11.780+0000] {processor.py:830} INFO - Processing file /opt/airflow/dags/stoke_dag.py for tasks to queue
[2026-09-16T21:13:11.782+0000] {logging_mixin.py:188} INFO - [2026-09-16T21:13:11.782+0000] {dagbag.py:545} INFO - Filling up the DagBag from /opt/airflow/dags/stoke_dag.py
[2026-09-16T21:13:11.803+0000] {processor.py:840} INFO - DAG(s) 'save_data' retrieved from /opt/airflow/dags/stoke_dag.py
[2026-09-16T21:13:11.828+0000] {logging_mixin.py:188} INFO - [2026-09-16T21:13:11.828+0000] {dag.py:3096} INFO - Sync 1 DAGs
[2026-09-16T21:13:11.840+0000] {logging_mixin.py:188} INFO - [2026-09-16T21:13:11.840+0000] {dag.py:3954} INFO - Setting next_dagrun for save_data to None, run_after=None
[2026-09-16T21:13:11.864+0000] {processor.py:183} INFO - Processing /opt/airflow/dags/stoke_dag.py took 0.091 seconds
[2026-09-16T21:13:42.318+0000] {processor.py:161} INFO - Started process (PID=2922) to work on /opt/airflow/dags/stoke_dag.py
[2026-09-16T21:13:42.319+0000] {processor.py:830} INFO - Processing file /opt/airflow/dags/stoke_dag.py for tasks to queue
[2026-09-16T21:13:42.321+0000] {logging_mixin.py:188} INFO - [2026-09-16T21:13:42.321+0000] {dagbag.py:545} INFO - Filling up the DagBag from /opt/airflow/dags/stoke_dag.py
[2026-09-16T21:13:42.344+0000] {processor.py:840} INFO - DAG(s) 'save_data' retrieved from /opt/airflow/dags/stoke_dag.py
[2026-09-16T21:13:42.366+0000] {logging_mixin.py:188} INFO - [2026-09-16T21:13:42.365+0000] {dag.py:3096} INFO - Sync 1 DAGs
[2026-09-16T21:13:42.377+0000] {logging_mixin.py:188} INFO - [2026-09-16T21:13:42.377+0000] {dag.py:3954} INFO - Setting next_dagrun for save_data to None, run_after=None
[2026-09-16T21:13:42.398+0000] {processor.py:183} INFO - Processing /opt/airflow/dags/stoke_dag.py took 0.087 seconds
[2026-09-16T21:14:12.566+0000] {processor.py:161} INFO - Started process (PID=2931) to work on /opt/airflow/dags/stoke_dag.py
[2026-09-16T21:14:12.567+0000] {processor.py:830} INFO - Processing file /opt/airflow/dags/stoke_dag.py for tasks to queue
[2026-09-16T21:14:12.569+0000] {logging_mixin.py:188} INFO - [2026-09-16T21:14:12.569+0000] {dagbag.py:545} INFO - Filling up the DagBag from /opt/airflow/dags/stoke_dag.py
[2026-09-16T21:14:12.589+0000] {processor.py:840} INFO - DAG(s) 'save_data' retrieved from /opt/airflow/dags/stoke_dag.py
[2026-09-16T21:14:12.618+0000] {logging_mixin.py:188} INFO - [2026-09-16T21:14:12.618+0000] {dag.py:3096} INFO - Sync 1 DAGs
[2026-09-16T21:14:12.629+0000] {logging_mixin.py:188} INFO - [2026-09-16T21:14:12.628+0000] {dag.py:3954} INFO - Setting next_dagrun for save_data to None, run_after=None
[2026-09-16T21:14:12.650+0000] {processor.py:183} INFO - Processing /opt/airflow/dags/stoke_dag.py took 0.092 seconds
[2026-09-16T21:14:42.952+0000] {processor.py:161} INFO - Started process (PID=2940) to work on /opt/airflow/dags/stoke_dag.py
[2026-09-16T21:14:42.954+0000] {processor.py:830} INFO - Processing file /opt/airflow/dags/stoke_dag.py for tasks to queue
[2026-09-16T21:14:42.957+0000] {logging_mixin.py:188} INFO - [2026-09-16T21:14:42.957+0000] {dagbag.py:545} INFO - Filling up the DagBag from /opt/airflow/dags/stoke_dag.py
[2026-09-16T21:14:42.982+0000] {processor.py:840} INFO - DAG(s) 'save_data' retrieved from /opt/airflow/dags/stoke_dag.py
[2026-09-16T21:14:43.015+0000] {logging_mixin.py:188} INFO - [2026-09-16T21:14:43.014+0000] {dag.py:3096} INFO - Sync 1 DAGs
[2026-09-16T21:14:43.030+0000] {logging_mixin.py:188} INFO - [2026-09-16T21:14:43.030+0000] {dag.py:3954} INFO - Setting next_dagrun for save_data to None, run_after=None
[2026-09-16T21:14:43.057+0000] {processor.py:183} INFO - Processing /opt/airflow/dags/stoke_dag.py took 0.115 seconds
[2026-09-16T21:15:13.387+0000] {processor.py:161} INFO - Started process (PID=2949) to work on /opt/airflow/dags/stoke_dag.py
[2026-09-16T21:15:13.388+0000] {processor.py:830} INFO - Processing file /opt/airflow/dags/stoke_dag.py for tasks to queue
[2026-09-16T21:15:13.390+0000] {logging_mixin.py:188} INFO - [2026-09-16T21:15:13.390+0000] {dagbag.py:545} INFO - Filling up the DagBag from /opt/airflow/dags/stoke_dag.py
[2026-09-16T21:15:13.409+0000] {processor.py:840} INFO - DAG(s) 'save_data' retrieved from /opt/airflow/dags/stoke_dag.py
[2026-09-16T21:15:13.431+0000] {logging_mixin.py:188} INFO - [2026-09-16T21:15:13.431+0000] {dag.py:3096} INFO - Sync 1 DAGs
[2026-09-16T21:15:13.444+0000] {logging_mixin.py:188} INFO - [2026-09-16T21:15:13.443+0000] {dag.py:3954} INFO - Setting next_dagrun for save_data to None, run_after=None
[2026-09-16T21:15:13.466+0000] {processor.py:183} INFO - Processing /opt/airflow/dags/stoke_dag.py took 0.086 seconds
[2026-09-16T21:15:43.752+0000] {processor.py:161} INFO - Started process (PID=2958) to work on /opt/airflow/dags/stoke_dag.py
[2026-09-16T21:15:43.753+0000] {processor.py:830} INFO - Processing file /opt/airflow/dags/stoke_dag.py for tasks to queue
[2026-09-16T21:15:43.755+0000] {logging_mixin.py:188} INFO - [2026-09-16T21:15:43.755+0000] {dagbag.py:545} INFO - Filling up the DagBag from /opt/airflow/dags/stoke_dag.py
[2026-09-16T21:15:43.770+0000] {processor.py:840} INFO - DAG(s) 'save_data' retrieved from /opt/airflow/dags/stoke_dag.py
[2026-09-16T21:15:43.790+0000] {logging_mixin.py:188} INFO - [2026-09-16T21:15:43.790+0000] {dag.py:3096} INFO - Sync 1 DAGs
[2026-09-16T21:15:43.801+0000] {logging_mixin.py:188} INFO - [2026-09-16T21:15:43.801+0000] {dag.py:3954} INFO - Setting next_dagrun for save_data to None, run_after=None
[2026-09-16T21:15:43.822+0000] {processor.py:183} INFO - Processing /opt/airflow/dags/stoke_dag.py took 0.076 seconds
[2026-09-16T21:16:14.097+0000] {processor.py:161} INFO - Started process (PID=2967) to work on /opt/airflow/dags/stoke_dag.py
[2026-09-16T21:16:14.098+0000] {processor.py:830} INFO - Processing file /opt/airflow/dags/stoke_dag.py for tasks to queue
[2026-09-16T21:16:14.103+0000] {logging_mixin.py:188} INFO - [2026-09-16T21:16:14.102+0000] {dagbag.py:545} INFO - Filling up the DagBag from /opt/airflow/dags/stoke_dag.py
[2026-09-16T21:16:14.126+0000] {processor.py:840} INFO - DAG(s) 'save_data' retrieved from /opt/airflow/dags/stoke_dag.py
[2026-09-16T21:16:14.152+0000] {logging_mixin.py:188} INFO - [2026-09-16T21:16:14.151+0000] {dag.py:3096} INFO - Sync 1 DAGs
[2026-09-16T21:16:14.163+0000] {logging_mixin.py:188} INFO - [2026-09-16T21:16:14.163+0000] {dag.py:3954} INFO - Setting next_dagrun for save_data to None, run_after=None
[2026-09-16T21:16:14.193+0000] {processor.py:183} INFO - Processing /opt/airflow/dags/stoke_dag.py took 0.105 seconds
[2026-09-16T21:16:44.513+0000] {processor.py:161} INFO - Started process (PID=2976) to work on /opt/airflow/dags/stoke_dag.py
[2026-09-16T21:16:44.514+0000] {processor.py:830} INFO - Processing file /opt/airflow/dags/stoke_dag.py for tasks to queue
[2026-09-16T21:16:44.516+0000] {logging_mixin.py:188} INFO - [2026-09-16T21:16:44.516+0000] {dagbag.py:545} INFO - Filling up the DagBag from /opt/airflow/dags/stoke_dag.py
[2026-09-16T21:16:44.532+0000] {processor.py:840} INFO - DAG(s) 'save_data' retrieved from /opt/airflow/dags/stoke_dag.py
[2026-09-16T21:16:44.552+0000] {logging_mixin.py:188} INFO - [2026-09-16T21:16:44.552+0000] {dag.py:3096} INFO - Sync 1 DAGs
[2026-09-16T21:16:44.563+0000] {logging_mixin.py:188} INFO - [2026-09-16T21:16:44.563+0000] {dag.py:3954} INFO - Setting next_dagrun for save_data to None, run_after=None
[2026-09-16T21:16:44.584+0000] {processor.py:183} INFO - Processing /opt/airflow/dags/stoke_dag.py took 0.077 seconds
[2026-09-16T21:17:14.973+0000] {processor.py:161} INFO - Started process (PID=2985) to work on /opt/airflow/dags/stoke_dag.py
[2026-09-16T21:17:14.976+0000] {processor.py:830} INFO - Processing file /opt/airflow/dags/stoke_dag.py for tasks to queue
[2026-09-16T21:17:14.984+0000] {logging_mixin.py:188} INFO - [2026-09-16T21:17:14.983+0000] {dagbag.py:545} INFO - Filling up the DagBag from /opt/airflow/dags/stoke_dag.py
[2026-09-16T21:17:15.048+0000] {processor.py:840} INFO - DAG(s) 'save_data' retrieved from /opt/airflow/dags/stoke_dag.py
[2026-09-16T21:17:15.169+0000] {logging_mixin.py:188} INFO - [2026-09-16T21:17:15.168+0000] {dag.py:3096} INFO - Sync 1 DAGs
[2026-09-16T21:17:15.220+0000] {logging_mixin.py:188} INFO - [2026-09-16T21:17:15.219+0000] {dag.py:3954} INFO - Setting next_dagrun for save_data to None, run_after=None
[2026-09-16T21:17:15.290+0000] {processor.py:183} INFO - Processing /opt/airflow/dags/stoke_dag.py took 0.342 seconds
[2026-09-16T21:17:45.446+0000] {processor.py:161} INFO - Started process (PID=2994) to work on /opt/airflow/dags/stoke_dag.py
[2026-09-16T21:17:45.450+0000] {processor.py:830} INFO - Processing file /opt/airflow/dags/stoke_dag.py for tasks to queue
[2026-09-16T21:17:45.458+0000] {logging_mixin.py:188} INFO - [2026-09-16T21:17:45.456+0000] {dagbag.py:545} INFO - Filling up the DagBag from /opt/airflow/dags/stoke_dag.py
[2026-09-16T21:17:45.595+0000] {processor.py:840} INFO - DAG(s) 'save_data' retrieved from /opt/airflow/dags/stoke_dag.py
[2026-09-16T21:17:45.650+0000] {logging_mixin.py:188} INFO - [2026-09-16T21:17:45.649+0000] {dag.py:3096} INFO - Sync 1 DAGs
[2026-09-16T21:17:45.680+0000] {logging_mixin.py:188} INFO - [2026-09-16T21:17:45.679+0000] {dag.py:3954} INFO - Setting next_dagrun for save_data to None, run_after=None
[2026-09-16T21:17:45.721+0000] {processor.py:183} INFO - Processing /opt/airflow/dags/stoke_dag.py took 0.294 seconds
[2026-09-16T21:18:16.268+0000] {processor.py:161} INFO - Started process (PID=3003) to work on /opt/airflow/dags/stoke_dag.py
[2026-09-16T21:18:16.272+0000] {processor.py:830} INFO - Processing file /opt/airflow/dags/stoke_dag.py for tasks to queue
[2026-09-16T21:18:16.277+0000] {logging_mixin.py:188} INFO - [2026-09-16T21:18:16.277+0000] {dagbag.py:545} INFO - Filling up the DagBag from /opt/airflow/dags/stoke_dag.py
[2026-09-16T21:18:16.311+0000] {processor.py:840} INFO - DAG(s) 'save_data' retrieved from /opt/airflow/dags/stoke_dag.py
[2026-09-16T21:18:16.350+0000] {logging_mixin.py:188} INFO - [2026-09-16T21:18:16.350+0000] {dag.py:3096} INFO - Sync 1 DAGs
[2026-09-16T21:18:16.400+0000] {logging_mixin.py:188} INFO - [2026-09-16T21:18:16.399+0000] {dag.py:3954} INFO - Setting next_dagrun for save_data to None, run_after=None
[2026-09-16T21:18:16.432+0000] {processor.py:183} INFO - Processing /opt/airflow/dags/stoke_dag.py took 0.173 seconds
[2026-09-16T21:18:46.717+0000] {processor.py:161} INFO - Started process (PID=3012) to work on /opt/airflow/dags/stoke_dag.py
[2026-09-16T21:18:46.718+0000] {processor.py:830} INFO - Processing file /opt/airflow/dags/stoke_dag.py for tasks to queue
[2026-09-16T21:18:46.721+0000] {logging_mixin.py:188} INFO - [2026-09-16T21:18:46.720+0000] {dagbag.py:545} INFO - Filling up the DagBag from /opt/airflow/dags/stoke_dag.py
[2026-09-16T21:18:46.744+0000] {processor.py:840} INFO - DAG(s) 'save_data' retrieved from /opt/airflow/dags/stoke_dag.py
[2026-09-16T21:18:46.778+0000] {logging_mixin.py:188} INFO - [2026-09-16T21:18:46.778+0000] {dag.py:3096} INFO - Sync 1 DAGs
[2026-09-16T21:18:46.789+0000] {logging_mixin.py:188} INFO - [2026-09-16T21:18:46.789+0000] {dag.py:3954} INFO - Setting next_dagrun for save_data to None, run_after=None
[2026-09-16T21:18:46.810+0000] {processor.py:183} INFO - Processing /opt/airflow/dags/stoke_dag.py took 0.101 seconds
[2026-09-16T21:19:17.069+0000] {processor.py:161} INFO - Started process (PID=3021) to work on /opt/airflow/dags/stoke_dag.py
[2026-09-16T21:19:17.070+0000] {processor.py:830} INFO - Processing file /opt/airflow/dags/stoke_dag.py for tasks to queue
[2026-09-16T21:19:17.072+0000] {logging_mixin.py:188} INFO - [2026-09-16T21:19:17.072+0000] {dagbag.py:545} INFO - Filling up the DagBag from /opt/airflow/dags/stoke_dag.py
[2026-09-16T21:19:17.090+0000] {processor.py:840} INFO - DAG(s) 'save_data' retrieved from /opt/airflow/dags/stoke_dag.py
[2026-09-16T21:19:17.115+0000] {logging_mixin.py:188} INFO - [2026-09-16T21:19:17.114+0000] {dag.py:3096} INFO - Sync 1 DAGs
[2026-09-16T21:19:17.127+0000] {logging_mixin.py:188} INFO - [2026-09-16T21:19:17.127+0000] {dag.py:3954} INFO - Setting next_dagrun for save_data to None, run_after=None
[2026-09-16T21:19:17.152+0000] {processor.py:183} INFO - Processing /opt/airflow/dags/stoke_dag.py took 0.090 seconds
[2026-09-16T21:19:47.232+0000] {processor.py:161} INFO - Started process (PID=3030) to work on /opt/airflow/dags/stoke_dag.py
[2026-09-16T21:19:47.234+0000] {processor.py:830} INFO - Processing file /opt/airflow/dags/stoke_dag.py for tasks to queue
[2026-09-16T21:19:47.237+0000] {logging_mixin.py:188} INFO - [2026-09-16T21:19:47.237+0000] {dagbag.py:545} INFO - Filling up the DagBag from /opt/airflow/dags/stoke_dag.py
[2026-09-16T21:19:47.254+0000] {processor.py:840} INFO - DAG(s) 'save_data' retrieved from /opt/airflow/dags/stoke_dag.py
[2026-09-16T21:19:47.277+0000] {logging_mixin.py:188} INFO - [2026-09-16T21:19:47.276+0000] {dag.py:3096} INFO - Sync 1 DAGs
[2026-09-16T21:19:47.289+0000] {logging_mixin.py:188} INFO - [2026-09-16T21:19:47.288+0000] {dag.py:3954} INFO - Setting next_dagrun for save_data to None, run_after=None
[2026-09-16T21:19:47.310+0000] {processor.py:183} INFO - Processing /opt/airflow/dags/stoke_dag.py took 0.083 seconds
[2026-09-16T21:20:17.364+0000] {processor.py:161} INFO - Started process (PID=3039) to work on /opt/airflow/dags/stoke_dag.py
[2026-09-16T21:20:17.366+0000] {processor.py:830} INFO - Processing file /opt/airflow/dags/stoke_dag.py for tasks to queue
[2026-09-16T21:20:17.368+0000] {logging_mixin.py:188} INFO - [2026-09-16T21:20:17.368+0000] {dagbag.py:545} INFO - Filling up the DagBag from /opt/airflow/dags/stoke_dag.py
[2026-09-16T21:20:17.385+0000] {processor.py:840} INFO - DAG(s) 'save_data' retrieved from /opt/airflow/dags/stoke_dag.py
[2026-09-16T21:20:17.407+0000] {logging_mixin.py:188} INFO - [2026-09-16T21:20:17.407+0000] {dag.py:3096} INFO - Sync 1 DAGs
[2026-09-16T21:20:17.419+0000] {logging_mixin.py:188} INFO - [2026-09-16T21:20:17.418+0000] {dag.py:3954} INFO - Setting next_dagrun for save_data to None, run_after=None
[2026-09-16T21:20:17.441+0000] {processor.py:183} INFO - Processing /opt/airflow/dags/stoke_dag.py took 0.084 seconds
[2026-09-16T21:20:47.730+0000] {processor.py:161} INFO - Started process (PID=3048) to work on /opt/airflow/dags/stoke_dag.py
[2026-09-16T21:20:47.733+0000] {processor.py:830} INFO - Processing file /opt/airflow/dags/stoke_dag.py for tasks to queue
[2026-09-16T21:20:47.735+0000] {logging_mixin.py:188} INFO - [2026-09-16T21:20:47.735+0000] {dagbag.py:545} INFO - Filling up the DagBag from /opt/airflow/dags/stoke_dag.py
[2026-09-16T21:20:47.757+0000] {processor.py:840} INFO - DAG(s) 'save_data' retrieved from /opt/airflow/dags/stoke_dag.py
[2026-09-16T21:20:47.779+0000] {logging_mixin.py:188} INFO - [2026-09-16T21:20:47.778+0000] {dag.py:3096} INFO - Sync 1 DAGs
[2026-09-16T21:20:47.790+0000] {logging_mixin.py:188} INFO - [2026-09-16T21:20:47.790+0000] {dag.py:3954} INFO - Setting next_dagrun for save_data to None, run_after=None
[2026-09-16T21:20:47.818+0000] {processor.py:183} INFO - Processing /opt/airflow/dags/stoke_dag.py took 0.098 seconds
[2026-09-16T21:21:18.109+0000] {processor.py:161} INFO - Started process (PID=3057) to work on /opt/airflow/dags/stoke_dag.py
[2026-09-16T21:21:18.112+0000] {processor.py:830} INFO - Processing file /opt/airflow/dags/stoke_dag.py for tasks to queue
[2026-09-16T21:21:18.118+0000] {logging_mixin.py:188} INFO - [2026-09-16T21:21:18.117+0000] {dagbag.py:545} INFO - Filling up the DagBag from /opt/airflow/dags/stoke_dag.py
[2026-09-16T21:21:18.143+0000] {processor.py:840} INFO - DAG(s) 'save_data' retrieved from /opt/airflow/dags/stoke_dag.py
[2026-09-16T21:21:18.167+0000] {logging_mixin.py:188} INFO - [2026-09-16T21:21:18.166+0000] {dag.py:3096} INFO - Sync 1 DAGs
[2026-09-16T21:21:18.185+0000] {logging_mixin.py:188} INFO - [2026-09-16T21:21:18.184+0000] {dag.py:3954} INFO - Setting next_dagrun for save_data to None, run_after=None
[2026-09-16T21:21:18.211+0000] {processor.py:183} INFO - Processing /opt/airflow/dags/stoke_dag.py took 0.115 seconds
[2026-09-16T21:21:48.416+0000] {processor.py:161} INFO - Started process (PID=3064) to work on /opt/airflow/dags/stoke_dag.py
[2026-09-16T21:21:48.417+0000] {processor.py:830} INFO - Processing file /opt/airflow/dags/stoke_dag.py for tasks to queue
[2026-09-16T21:21:48.419+0000] {logging_mixin.py:188} INFO - [2026-09-16T21:21:48.419+0000] {dagbag.py:545} INFO - Filling up the DagBag from /opt/airflow/dags/stoke_dag.py
[2026-09-16T21:21:48.440+0000] {processor.py:840} INFO - DAG(s) 'save_data' retrieved from /opt/airflow/dags/stoke_dag.py
[2026-09-16T21:21:48.471+0000] {logging_mixin.py:188} INFO - [2026-09-16T21:21:48.470+0000] {dag.py:3096} INFO - Sync 1 DAGs
[2026-09-16T21:21:48.489+0000] {logging_mixin.py:188} INFO - [2026-09-16T21:21:48.488+0000] {dag.py:3954} INFO - Setting next_dagrun for save_data to None, run_after=None
[2026-09-16T21:21:48.520+0000] {processor.py:183} INFO - Processing /opt/airflow/dags/stoke_dag.py took 0.111 seconds
[2026-09-16T21:22:18.888+0000] {processor.py:161} INFO - Started process (PID=3073) to work on /opt/airflow/dags/stoke_dag.py
[2026-09-16T21:22:18.890+0000] {processor.py:830} INFO - Processing file /opt/airflow/dags/stoke_dag.py for tasks to queue
[2026-09-16T21:22:18.892+0000] {logging_mixin.py:188} INFO - [2026-09-16T21:22:18.892+0000] {dagbag.py:545} INFO - Filling up the DagBag from /opt/airflow/dags/stoke_dag.py
[2026-09-16T21:22:18.915+0000] {processor.py:840} INFO - DAG(s) 'save_data' retrieved from /opt/airflow/dags/stoke_dag.py
[2026-09-16T21:22:18.942+0000] {logging_mixin.py:188} INFO - [2026-09-16T21:22:18.942+0000] {dag.py:3096} INFO - Sync 1 DAGs
[2026-09-16T21:22:18.955+0000] {logging_mixin.py:188} INFO - [2026-09-16T21:22:18.955+0000] {dag.py:3954} INFO - Setting next_dagrun for save_data to None, run_after=None
[2026-09-16T21:22:18.982+0000] {processor.py:183} INFO - Processing /opt/airflow/dags/stoke_dag.py took 0.101 seconds
[2026-09-16T21:22:49.255+0000] {processor.py:161} INFO - Started process (PID=3082) to work on /opt/airflow/dags/stoke_dag.py
[2026-09-16T21:22:49.256+0000] {processor.py:830} INFO - Processing file /opt/airflow/dags/stoke_dag.py for tasks to queue
[2026-09-16T21:22:49.259+0000] {logging_mixin.py:188} INFO - [2026-09-16T21:22:49.259+0000] {dagbag.py:545} INFO - Filling up the DagBag from /opt/airflow/dags/stoke_dag.py
[2026-09-16T21:22:49.278+0000] {processor.py:840} INFO - DAG(s) 'save_data' retrieved from /opt/airflow/dags/stoke_dag.py
[2026-09-16T21:22:49.300+0000] {logging_mixin.py:188} INFO - [2026-09-16T21:22:49.300+0000] {dag.py:3096} INFO - Sync 1 DAGs
[2026-09-16T21:22:49.310+0000] {logging_mixin.py:188} INFO - [2026-09-16T21:22:49.310+0000] {dag.py:3954} INFO - Setting next_dagrun for save_data to None, run_after=None
[2026-09-16T21:22:49.331+0000] {processor.py:183} INFO - Processing /opt/airflow/dags/stoke_dag.py took 0.084 seconds
[2026-09-16T21:23:19.444+0000] {processor.py:161} INFO - Started process (PID=3091) to work on /opt/airflow/dags/stoke_dag.py
[2026-09-16T21:23:19.445+0000] {processor.py:830} INFO - Processing file /opt/airflow/dags/stoke_dag.py for tasks to queue
[2026-09-16T21:23:19.448+0000] {logging_mixin.py:188} INFO - [2026-09-16T21:23:19.448+0000] {dagbag.py:545} INFO - Filling up the DagBag from /opt/airflow/dags/stoke_dag.py
[2026-09-16T21:23:19.466+0000] {processor.py:840} INFO - DAG(s) 'save_data' retrieved from /opt/airflow/dags/stoke_dag.py
[2026-09-16T21:23:19.493+0000] {logging_mixin.py:188} INFO - [2026-09-16T21:23:19.493+0000] {dag.py:3096} INFO - Sync 1 DAGs
[2026-09-16T21:23:19.505+0000] {logging_mixin.py:188} INFO - [2026-09-16T21:23:19.505+0000] {dag.py:3954} INFO - Setting next_dagrun for save_data to None, run_after=None
[2026-09-16T21:23:19.527+0000] {processor.py:183} INFO - Processing /opt/airflow/dags/stoke_dag.py took 0.089 seconds
[2026-09-16T21:23:49.605+0000] {processor.py:161} INFO - Started process (PID=3100) to work on /opt/airflow/dags/stoke_dag.py
[2026-09-16T21:23:49.607+0000] {processor.py:830} INFO - Processing file /opt/airflow/dags/stoke_dag.py for tasks to queue
[2026-09-16T21:23:49.610+0000] {logging_mixin.py:188} INFO - [2026-09-16T21:23:49.610+0000] {dagbag.py:545} INFO - Filling up the DagBag from /opt/airflow/dags/stoke_dag.py
[2026-09-16T21:23:49.630+0000] {processor.py:840} INFO - DAG(s) 'save_data' retrieved from /opt/airflow/dags/stoke_dag.py
[2026-09-16T21:23:49.653+0000] {logging_mixin.py:188} INFO - [2026-09-16T21:23:49.653+0000] {dag.py:3096} INFO - Sync 1 DAGs
[2026-09-16T21:23:49.666+0000] {logging_mixin.py:188} INFO - [2026-09-16T21:23:49.665+0000] {dag.py:3954} INFO - Setting next_dagrun for save_data to None, run_after=None
[2026-09-16T21:23:49.688+0000] {processor.py:183} INFO - Processing /opt/airflow/dags/stoke_dag.py took 0.091 seconds
[2026-09-16T21:24:19.990+0000] {processor.py:161} INFO - Started process (PID=3109) to work on /opt/airflow/dags/stoke_dag.py
[2026-09-16T21:24:19.993+0000] {processor.py:830} INFO - Processing file /opt/airflow/dags/stoke_dag.py for tasks to queue
[2026-09-16T21:24:19.997+0000] {logging_mixin.py:188} INFO - [2026-09-16T21:24:19.996+0000] {dagbag.py:545} INFO - Filling up the DagBag from /opt/airflow/dags/stoke_dag.py
[2026-09-16T21:24:20.026+0000] {processor.py:840} INFO - DAG(s) 'save_data' retrieved from /opt/airflow/dags/stoke_dag.py
[2026-09-16T21:24:20.067+0000] {logging_mixin.py:188} INFO - [2026-09-16T21:24:20.067+0000] {dag.py:3096} INFO - Sync 1 DAGs
[2026-09-16T21:24:20.085+0000] {logging_mixin.py:188} INFO - [2026-09-16T21:24:20.084+0000] {dag.py:3954} INFO - Setting next_dagrun for save_data to None, run_after=None
[2026-09-16T21:24:20.114+0000] {processor.py:183} INFO - Processing /opt/airflow/dags/stoke_dag.py took 0.136 seconds
[2026-09-16T21:24:50.412+0000] {processor.py:161} INFO - Started process (PID=3118) to work on /opt/airflow/dags/stoke_dag.py
[2026-09-16T21:24:50.413+0000] {processor.py:830} INFO - Processing file /opt/airflow/dags/stoke_dag.py for tasks to queue
[2026-09-16T21:24:50.415+0000] {logging_mixin.py:188} INFO - [2026-09-16T21:24:50.415+0000] {dagbag.py:545} INFO - Filling up the DagBag from /opt/airflow/dags/stoke_dag.py
[2026-09-16T21:24:50.432+0000] {processor.py:840} INFO - DAG(s) 'save_data' retrieved from /opt/airflow/dags/stoke_dag.py
[2026-09-16T21:24:50.454+0000] {logging_mixin.py:188} INFO - [2026-09-16T21:24:50.453+0000] {dag.py:3096} INFO - Sync 1 DAGs
[2026-09-16T21:24:50.465+0000] {logging_mixin.py:188} INFO - [2026-09-16T21:24:50.464+0000] {dag.py:3954} INFO - Setting next_dagrun for save_data to None, run_after=None
[2026-09-16T21:24:50.492+0000] {processor.py:183} INFO - Processing /opt/airflow/dags/stoke_dag.py took 0.086 seconds
[2026-09-16T21:25:20.797+0000] {processor.py:161} INFO - Started process (PID=3127) to work on /opt/airflow/dags/stoke_dag.py
[2026-09-16T21:25:20.799+0000] {processor.py:830} INFO - Processing file /opt/airflow/dags/stoke_dag.py for tasks to queue
[2026-09-16T21:25:20.801+0000] {logging_mixin.py:188} INFO - [2026-09-16T21:25:20.800+0000] {dagbag.py:545} INFO - Filling up the DagBag from /opt/airflow/dags/stoke_dag.py
[2026-09-16T21:25:20.818+0000] {processor.py:840} INFO - DAG(s) 'save_data' retrieved from /opt/airflow/dags/stoke_dag.py
[2026-09-16T21:25:20.841+0000] {logging_mixin.py:188} INFO - [2026-09-16T21:25:20.841+0000] {dag.py:3096} INFO - Sync 1 DAGs
[2026-09-16T21:25:20.851+0000] {logging_mixin.py:188} INFO - [2026-09-16T21:25:20.851+0000] {dag.py:3954} INFO - Setting next_dagrun for save_data to None, run_after=None
[2026-09-16T21:25:20.871+0000] {processor.py:183} INFO - Processing /opt/airflow/dags/stoke_dag.py took 0.080 seconds
[2026-09-16T21:25:50.933+0000] {processor.py:161} INFO - Started process (PID=3136) to work on /opt/airflow/dags/stoke_dag.py
[2026-09-16T21:25:50.935+0000] {processor.py:830} INFO - Processing file /opt/airflow/dags/stoke_dag.py for tasks to queue
[2026-09-16T21:25:50.937+0000] {logging_mixin.py:188} INFO - [2026-09-16T21:25:50.937+0000] {dagbag.py:545} INFO - Filling up the DagBag from /opt/airflow/dags/stoke_dag.py
[2026-09-16T21:25:50.963+0000] {processor.py:840} INFO - DAG(s) 'save_data' retrieved from /opt/airflow/dags/stoke_dag.py
[2026-09-16T21:25:50.998+0000] {logging_mixin.py:188} INFO - [2026-09-16T21:25:50.998+0000] {dag.py:3096} INFO - Sync 1 DAGs
[2026-09-16T21:25:51.021+0000] {logging_mixin.py:188} INFO - [2026-09-16T21:25:51.020+0000] {dag.py:3954} INFO - Setting next_dagrun for save_data to None, run_after=None
[2026-09-16T21:25:51.050+0000] {processor.py:183} INFO - Processing /opt/airflow/dags/stoke_dag.py took 0.126 seconds
[2026-09-16T21:26:21.355+0000] {processor.py:161} INFO - Started process (PID=3145) to work on /opt/airflow/dags/stoke_dag.py
[2026-09-16T21:26:21.357+0000] {processor.py:830} INFO - Processing file /opt/airflow/dags/stoke_dag.py for tasks to queue
[2026-09-16T21:26:21.361+0000] {logging_mixin.py:188} INFO - [2026-09-16T21:26:21.360+0000] {dagbag.py:545} INFO - Filling up the DagBag from /opt/airflow/dags/stoke_dag.py
[2026-09-16T21:26:21.388+0000] {processor.py:840} INFO - DAG(s) 'save_data' retrieved from /opt/airflow/dags/stoke_dag.py
[2026-09-16T21:26:21.421+0000] {logging_mixin.py:188} INFO - [2026-09-16T21:26:21.421+0000] {dag.py:3096} INFO - Sync 1 DAGs
[2026-09-16T21:26:21.438+0000] {logging_mixin.py:188} INFO - [2026-09-16T21:26:21.438+0000] {dag.py:3954} INFO - Setting next_dagrun for save_data to None, run_after=None
[2026-09-16T21:26:21.470+0000] {processor.py:183} INFO - Processing /opt/airflow/dags/stoke_dag.py took 0.125 seconds
[2026-09-16T21:26:51.628+0000] {processor.py:161} INFO - Started process (PID=3154) to work on /opt/airflow/dags/stoke_dag.py
[2026-09-16T21:26:51.630+0000] {processor.py:830} INFO - Processing file /opt/airflow/dags/stoke_dag.py for tasks to queue
[2026-09-16T21:26:51.632+0000] {logging_mixin.py:188} INFO - [2026-09-16T21:26:51.632+0000] {dagbag.py:545} INFO - Filling up the DagBag from /opt/airflow/dags/stoke_dag.py
[2026-09-16T21:26:51.650+0000] {processor.py:840} INFO - DAG(s) 'save_data' retrieved from /opt/airflow/dags/stoke_dag.py
[2026-09-16T21:26:51.676+0000] {logging_mixin.py:188} INFO - [2026-09-16T21:26:51.676+0000] {dag.py:3096} INFO - Sync 1 DAGs
[2026-09-16T21:26:51.687+0000] {logging_mixin.py:188} INFO - [2026-09-16T21:26:51.686+0000] {dag.py:3954} INFO - Setting next_dagrun for save_data to None, run_after=None
[2026-09-16T21:26:51.709+0000] {processor.py:183} INFO - Processing /opt/airflow/dags/stoke_dag.py took 0.088 seconds
[2026-09-16T21:27:21.896+0000] {processor.py:161} INFO - Started process (PID=3163) to work on /opt/airflow/dags/stoke_dag.py
[2026-09-16T21:27:21.897+0000] {processor.py:830} INFO - Processing file /opt/airflow/dags/stoke_dag.py for tasks to queue
[2026-09-16T21:27:21.899+0000] {logging_mixin.py:188} INFO - [2026-09-16T21:27:21.899+0000] {dagbag.py:545} INFO - Filling up the DagBag from /opt/airflow/dags/stoke_dag.py
[2026-09-16T21:27:21.915+0000] {processor.py:840} INFO - DAG(s) 'save_data' retrieved from /opt/airflow/dags/stoke_dag.py
[2026-09-16T21:27:21.937+0000] {logging_mixin.py:188} INFO - [2026-09-16T21:27:21.936+0000] {dag.py:3096} INFO - Sync 1 DAGs
[2026-09-16T21:27:21.948+0000] {logging_mixin.py:188} INFO - [2026-09-16T21:27:21.948+0000] {dag.py:3954} INFO - Setting next_dagrun for save_data to None, run_after=None
[2026-09-16T21:27:21.969+0000] {processor.py:183} INFO - Processing /opt/airflow/dags/stoke_dag.py took 0.081 seconds
[2026-09-16T21:27:52.226+0000] {processor.py:161} INFO - Started process (PID=3172) to work on /opt/airflow/dags/stoke_dag.py
[2026-09-16T21:27:52.228+0000] {processor.py:830} INFO - Processing file /opt/airflow/dags/stoke_dag.py for tasks to queue
[2026-09-16T21:27:52.232+0000] {logging_mixin.py:188} INFO - [2026-09-16T21:27:52.231+0000] {dagbag.py:545} INFO - Filling up the DagBag from /opt/airflow/dags/stoke_dag.py
[2026-09-16T21:27:52.249+0000] {processor.py:840} INFO - DAG(s) 'save_data' retrieved from /opt/airflow/dags/stoke_dag.py
[2026-09-16T21:27:52.272+0000] {logging_mixin.py:188} INFO - [2026-09-16T21:27:52.272+0000] {dag.py:3096} INFO - Sync 1 DAGs
[2026-09-16T21:27:52.284+0000] {logging_mixin.py:188} INFO - [2026-09-16T21:27:52.284+0000] {dag.py:3954} INFO - Setting next_dagrun for save_data to None, run_after=None
[2026-09-16T21:27:52.307+0000] {processor.py:183} INFO - Processing /opt/airflow/dags/stoke_dag.py took 0.087 seconds
[2026-09-16T21:28:22.620+0000] {processor.py:161} INFO - Started process (PID=3181) to work on /opt/airflow/dags/stoke_dag.py
[2026-09-16T21:28:22.622+0000] {processor.py:830} INFO - Processing file /opt/airflow/dags/stoke_dag.py for tasks to queue
[2026-09-16T21:28:22.624+0000] {logging_mixin.py:188} INFO - [2026-09-16T21:28:22.624+0000] {dagbag.py:545} INFO - Filling up the DagBag from /opt/airflow/dags/stoke_dag.py
[2026-09-16T21:28:22.648+0000] {processor.py:840} INFO - DAG(s) 'save_data' retrieved from /opt/airflow/dags/stoke_dag.py
[2026-09-16T21:28:22.680+0000] {logging_mixin.py:188} INFO - [2026-09-16T21:28:22.679+0000] {dag.py:3096} INFO - Sync 1 DAGs
[2026-09-16T21:28:22.696+0000] {logging_mixin.py:188} INFO - [2026-09-16T21:28:22.696+0000] {dag.py:3954} INFO - Setting next_dagrun for save_data to None, run_after=None
[2026-09-16T21:28:22.728+0000] {processor.py:183} INFO - Processing /opt/airflow/dags/stoke_dag.py took 0.116 seconds
[2026-09-16T21:28:53.003+0000] {processor.py:161} INFO - Started process (PID=3190) to work on /opt/airflow/dags/stoke_dag.py
[2026-09-16T21:28:53.004+0000] {processor.py:830} INFO - Processing file /opt/airflow/dags/stoke_dag.py for tasks to queue
[2026-09-16T21:28:53.006+0000] {logging_mixin.py:188} INFO - [2026-09-16T21:28:53.006+0000] {dagbag.py:545} INFO - Filling up the DagBag from /opt/airflow/dags/stoke_dag.py
[2026-09-16T21:28:53.023+0000] {processor.py:840} INFO - DAG(s) 'save_data' retrieved from /opt/airflow/dags/stoke_dag.py
[2026-09-16T21:28:53.047+0000] {logging_mixin.py:188} INFO - [2026-09-16T21:28:53.047+0000] {dag.py:3096} INFO - Sync 1 DAGs
[2026-09-16T21:28:53.060+0000] {logging_mixin.py:188} INFO - [2026-09-16T21:28:53.060+0000] {dag.py:3954} INFO - Setting next_dagrun for save_data to None, run_after=None
[2026-09-16T21:28:53.081+0000] {processor.py:183} INFO - Processing /opt/airflow/dags/stoke_dag.py took 0.084 seconds
[2026-09-16T21:29:23.418+0000] {processor.py:161} INFO - Started process (PID=3199) to work on /opt/airflow/dags/stoke_dag.py
[2026-09-16T21:29:23.419+0000] {processor.py:830} INFO - Processing file /opt/airflow/dags/stoke_dag.py for tasks to queue
[2026-09-16T21:29:23.421+0000] {logging_mixin.py:188} INFO - [2026-09-16T21:29:23.421+0000] {dagbag.py:545} INFO - Filling up the DagBag from /opt/airflow/dags/stoke_dag.py
[2026-09-16T21:29:23.439+0000] {processor.py:840} INFO - DAG(s) 'save_data' retrieved from /opt/airflow/dags/stoke_dag.py
[2026-09-16T21:29:23.460+0000] {logging_mixin.py:188} INFO - [2026-09-16T21:29:23.460+0000] {dag.py:3096} INFO - Sync 1 DAGs
[2026-09-16T21:29:23.472+0000] {logging_mixin.py:188} INFO - [2026-09-16T21:29:23.471+0000] {dag.py:3954} INFO - Setting next_dagrun for save_data to None, run_after=None
[2026-09-16T21:29:23.496+0000] {processor.py:183} INFO - Processing /opt/airflow/dags/stoke_dag.py took 0.084 seconds
[2026-09-16T21:29:53.768+0000] {processor.py:161} INFO - Started process (PID=3208) to work on /opt/airflow/dags/stoke_dag.py
[2026-09-16T21:29:53.769+0000] {processor.py:830} INFO - Processing file /opt/airflow/dags/stoke_dag.py for tasks to queue
[2026-09-16T21:29:53.772+0000] {logging_mixin.py:188} INFO - [2026-09-16T21:29:53.771+0000] {dagbag.py:545} INFO - Filling up the DagBag from /opt/airflow/dags/stoke_dag.py
[2026-09-16T21:29:53.787+0000] {processor.py:840} INFO - DAG(s) 'save_data' retrieved from /opt/airflow/dags/stoke_dag.py
[2026-09-16T21:29:53.808+0000] {logging_mixin.py:188} INFO - [2026-09-16T21:29:53.808+0000] {dag.py:3096} INFO - Sync 1 DAGs
[2026-09-16T21:29:53.821+0000] {logging_mixin.py:188} INFO - [2026-09-16T21:29:53.821+0000] {dag.py:3954} INFO - Setting next_dagrun for save_data to None, run_after=None
[2026-09-16T21:29:53.842+0000] {processor.py:183} INFO - Processing /opt/airflow/dags/stoke_dag.py took 0.079 seconds
[2026-09-16T21:30:24.155+0000] {processor.py:161} INFO - Started process (PID=3217) to work on /opt/airflow/dags/stoke_dag.py
[2026-09-16T21:30:24.156+0000] {processor.py:830} INFO - Processing file /opt/airflow/dags/stoke_dag.py for tasks to queue
[2026-09-16T21:30:24.158+0000] {logging_mixin.py:188} INFO - [2026-09-16T21:30:24.158+0000] {dagbag.py:545} INFO - Filling up the DagBag from /opt/airflow/dags/stoke_dag.py
[2026-09-16T21:30:24.174+0000] {processor.py:840} INFO - DAG(s) 'save_data' retrieved from /opt/airflow/dags/stoke_dag.py
[2026-09-16T21:30:24.198+0000] {logging_mixin.py:188} INFO - [2026-09-16T21:30:24.197+0000] {dag.py:3096} INFO - Sync 1 DAGs
[2026-09-16T21:30:24.212+0000] {logging_mixin.py:188} INFO - [2026-09-16T21:30:24.212+0000] {dag.py:3954} INFO - Setting next_dagrun for save_data to None, run_after=None
[2026-09-16T21:30:24.233+0000] {processor.py:183} INFO - Processing /opt/airflow/dags/stoke_dag.py took 0.084 seconds
[2026-09-16T21:30:54.614+0000] {processor.py:161} INFO - Started process (PID=3226) to work on /opt/airflow/dags/stoke_dag.py
[2026-09-16T21:30:54.615+0000] {processor.py:830} INFO - Processing file /opt/airflow/dags/stoke_dag.py for tasks to queue
[2026-09-16T21:30:54.617+0000] {logging_mixin.py:188} INFO - [2026-09-16T21:30:54.617+0000] {dagbag.py:545} INFO - Filling up the DagBag from /opt/airflow/dags/stoke_dag.py
[2026-09-16T21:30:54.634+0000] {processor.py:840} INFO - DAG(s) 'save_data' retrieved from /opt/airflow/dags/stoke_dag.py
[2026-09-16T21:30:54.658+0000] {logging_mixin.py:188} INFO - [2026-09-16T21:30:54.657+0000] {dag.py:3096} INFO - Sync 1 DAGs
[2026-09-16T21:30:54.669+0000] {logging_mixin.py:188} INFO - [2026-09-16T21:30:54.668+0000] {dag.py:3954} INFO - Setting next_dagrun for save_data to None, run_after=None
[2026-09-16T21:30:54.691+0000] {processor.py:183} INFO - Processing /opt/airflow/dags/stoke_dag.py took 0.084 seconds
[2026-09-16T21:31:24.992+0000] {processor.py:161} INFO - Started process (PID=3236) to work on /opt/airflow/dags/stoke_dag.py
[2026-09-16T21:31:24.993+0000] {processor.py:830} INFO - Processing file /opt/airflow/dags/stoke_dag.py for tasks to queue
[2026-09-16T21:31:24.995+0000] {logging_mixin.py:188} INFO - [2026-09-16T21:31:24.995+0000] {dagbag.py:545} INFO - Filling up the DagBag from /opt/airflow/dags/stoke_dag.py
[2026-09-16T21:31:25.014+0000] {processor.py:840} INFO - DAG(s) 'save_data' retrieved from /opt/airflow/dags/stoke_dag.py
[2026-09-16T21:31:25.036+0000] {logging_mixin.py:188} INFO - [2026-09-16T21:31:25.035+0000] {dag.py:3096} INFO - Sync 1 DAGs
[2026-09-16T21:31:25.046+0000] {logging_mixin.py:188} INFO - [2026-09-16T21:31:25.046+0000] {dag.py:3954} INFO - Setting next_dagrun for save_data to None, run_after=None
[2026-09-16T21:31:25.068+0000] {processor.py:183} INFO - Processing /opt/airflow/dags/stoke_dag.py took 0.083 seconds
[2026-09-16T21:31:55.349+0000] {processor.py:161} INFO - Started process (PID=3245) to work on /opt/airflow/dags/stoke_dag.py
[2026-09-16T21:31:55.350+0000] {processor.py:830} INFO - Processing file /opt/airflow/dags/stoke_dag.py for tasks to queue
[2026-09-16T21:31:55.353+0000] {logging_mixin.py:188} INFO - [2026-09-16T21:31:55.352+0000] {dagbag.py:545} INFO - Filling up the DagBag from /opt/airflow/dags/stoke_dag.py
[2026-09-16T21:31:55.373+0000] {processor.py:840} INFO - DAG(s) 'save_data' retrieved from /opt/airflow/dags/stoke_dag.py
[2026-09-16T21:31:55.394+0000] {logging_mixin.py:188} INFO - [2026-09-16T21:31:55.394+0000] {dag.py:3096} INFO - Sync 1 DAGs
[2026-09-16T21:31:55.407+0000] {logging_mixin.py:188} INFO - [2026-09-16T21:31:55.407+0000] {dag.py:3954} INFO - Setting next_dagrun for save_data to None, run_after=None
[2026-09-16T21:31:55.427+0000] {processor.py:183} INFO - Processing /opt/airflow/dags/stoke_dag.py took 0.085 seconds
[2026-09-16T21:32:25.728+0000] {processor.py:161} INFO - Started process (PID=3254) to work on /opt/airflow/dags/stoke_dag.py
[2026-09-16T21:32:25.730+0000] {processor.py:830} INFO - Processing file /opt/airflow/dags/stoke_dag.py for tasks to queue
[2026-09-16T21:32:25.732+0000] {logging_mixin.py:188} INFO - [2026-09-16T21:32:25.732+0000] {dagbag.py:545} INFO - Filling up the DagBag from /opt/airflow/dags/stoke_dag.py
[2026-09-16T21:32:25.757+0000] {processor.py:840} INFO - DAG(s) 'save_data' retrieved from /opt/airflow/dags/stoke_dag.py
[2026-09-16T21:32:25.794+0000] {logging_mixin.py:188} INFO - [2026-09-16T21:32:25.793+0000] {dag.py:3096} INFO - Sync 1 DAGs
[2026-09-16T21:32:25.811+0000] {logging_mixin.py:188} INFO - [2026-09-16T21:32:25.811+0000] {dag.py:3954} INFO - Setting next_dagrun for save_data to None, run_after=None
[2026-09-16T21:32:25.841+0000] {processor.py:183} INFO - Processing /opt/airflow/dags/stoke_dag.py took 0.124 seconds
[2026-09-16T21:32:56.131+0000] {processor.py:161} INFO - Started process (PID=3263) to work on /opt/airflow/dags/stoke_dag.py
[2026-09-16T21:32:56.133+0000] {processor.py:830} INFO - Processing file /opt/airflow/dags/stoke_dag.py for tasks to queue
[2026-09-16T21:32:56.137+0000] {logging_mixin.py:188} INFO - [2026-09-16T21:32:56.137+0000] {dagbag.py:545} INFO - Filling up the DagBag from /opt/airflow/dags/stoke_dag.py
[2026-09-16T21:32:56.162+0000] {processor.py:840} INFO - DAG(s) 'save_data' retrieved from /opt/airflow/dags/stoke_dag.py
[2026-09-16T21:32:56.193+0000] {logging_mixin.py:188} INFO - [2026-09-16T21:32:56.192+0000] {dag.py:3096} INFO - Sync 1 DAGs
[2026-09-16T21:32:56.208+0000] {logging_mixin.py:188} INFO - [2026-09-16T21:32:56.208+0000] {dag.py:3954} INFO - Setting next_dagrun for save_data to None, run_after=None
[2026-09-16T21:32:56.230+0000] {processor.py:183} INFO - Processing /opt/airflow/dags/stoke_dag.py took 0.108 seconds
